"entry","ngl_link","codex_link"
"neck-connective","https://spelunker.cave-explorer.org/#!%7B%22dimensions%22%3A%7B%22x%22%3A%5B4e-9%2C%22m%22%5D%2C%22y%22%3A%5B4e-9%2C%22m%22%5D%2C%22z%22%3A%5B4.5e-8%2C%22m%22%5D%7D%2C%22position%22%3A%5B118774.5%2C90727.5%2C2827.5%5D%2C%22crossSectionOrientation%22%3A%5B0%2C1%2C0%2C0%5D%2C%22crossSectionScale%22%3A15.135351480233533%2C%22projectionOrientation%22%3A%5B0%2C1%2C0%2C0%5D%2C%22projectionScale%22%3A267323.4663305222%2C%22layers%22%3A%5B%7B%22type%22%3A%22image%22%2C%22source%22%3A%22precomputed%3A%2F%2Fgs%3A%2F%2Fseunglab_lee_fly_cns_001_alignment%2Faligned%2Fv0%22%2C%22tab%22%3A%22source%22%2C%22name%22%3A%22BANC%20EM%22%7D%2C%7B%22type%22%3A%22segmentation%22%2C%22source%22%3A%22precomputed%3A%2F%2Fgs%3A%2F%2Flee-lab_brain-and-nerve-cord-fly-connectome%2Fneuron_meshes%22%2C%22tab%22%3A%22segments%22%2C%22segments%22%3A%5B%5D%2C%22name%22%3A%22v626%20neurons%22%7D%2C%7B%22type%22%3A%22segmentation%22%2C%22source%22%3A%7B%22url%22%3A%22precomputed%3A%2F%2Fgs%3A%2F%2Flee-lab_brain-and-nerve-cord-fly-connectome%2Fregion_outlines%22%2C%22subsources%22%3A%7B%22bounds%22%3Atrue%2C%22properties%22%3Atrue%2C%22mesh%22%3Atrue%7D%2C%22enableDefaultSubsources%22%3Afalse%7D%2C%22pick%22%3Afalse%2C%22tab%22%3A%22segments%22%2C%22meshSilhouetteRendering%22%3A2%2C%22segments%22%3A%5B%221%22%2C%22%212%22%2C%22%214%22%2C%22%213%22%5D%2C%22segmentQuery%22%3A%22%3Cid%22%2C%22colorSeed%22%3A2939100304%2C%22segmentColors%22%3A%7B%221%22%3A%22%232a7fff%22%7D%2C%22name%22%3A%22region%20outlines%22%7D%2C%7B%22type%22%3A%22segmentation%22%2C%22source%22%3A%7B%22url%22%3A%22precomputed%3A%2F%2Fgs%3A%2F%2Flee-lab_brain-and-nerve-cord-fly-connectome%2Fimported_meshes%2Ffafb_783_meshes_elastix_tpsreg_240721%22%2C%22subsources%22%3A%7B%22properties%22%3Atrue%2C%22mesh%22%3Atrue%7D%2C%22enableDefaultSubsources%22%3Afalse%7D%2C%22tab%22%3A%22segments%22%2C%22segments%22%3A%5B%5D%2C%22colorSeed%22%3A2860966783%2C%22name%22%3A%22fafb%20v783%20imported%22%7D%2C%7B%22type%22%3A%22segmentation%22%2C%22source%22%3A%7B%22url%22%3A%22precomputed%3A%2F%2Fgs%3A%2F%2Flee-lab_brain-and-nerve-cord-fly-connectome%2Fimported_meshes%2Fhemibrain_v1.2.1_meshes_elastix_tpsreg_240721%22%2C%22subsources%22%3A%7B%22properties%22%3Atrue%2C%22mesh%22%3Atrue%7D%2C%22enableDefaultSubsources%22%3Afalse%7D%2C%22tab%22%3A%22segments%22%2C%22segments%22%3A%5B%5D%2C%22colorSeed%22%3A2830100975%2C%22name%22%3A%22hemibrain%20v1.2.1%20imported%22%7D%2C%7B%22type%22%3A%22segmentation%22%2C%22source%22%3A%7B%22url%22%3A%22precomputed%3A%2F%2Fgs%3A%2F%2Flee-lab_brain-and-nerve-cord-fly-connectome%2Fimported_meshes%2Fmirrored_hemibrain_v1.2.1_meshes_elastix_tpsreg_240721%22%2C%22subsources%22%3A%7B%22properties%22%3Atrue%2C%22mesh%22%3Atrue%7D%2C%22enableDefaultSubsources%22%3Afalse%7D%2C%22tab%22%3A%22segments%22%2C%22segments%22%3A%5B%5D%2C%22colorSeed%22%3A3019710613%2C%22name%22%3A%22hemibrain%20v1.2.1%20imported%2C%20mirrored%22%7D%2C%7B%22type%22%3A%22segmentation%22%2C%22source%22%3A%7B%22url%22%3A%22precomputed%3A%2F%2Fgs%3A%2F%2Flee-lab_brain-and-nerve-cord-fly-connectome%2Fimported_meshes%2Ffanc_1116_meshes_elastix_tpsreg_240721%22%2C%22subsources%22%3A%7B%22properties%22%3Atrue%2C%22mesh%22%3Atrue%7D%2C%22enableDefaultSubsources%22%3Afalse%7D%2C%22tab%22%3A%22segments%22%2C%22segments%22%3A%5B%5D%2C%22name%22%3A%22fanc%20v1116%20imported%22%7D%2C%7B%22type%22%3A%22segmentation%22%2C%22source%22%3A%7B%22url%22%3A%22precomputed%3A%2F%2Fgs%3A%2F%2Flee-lab_brain-and-nerve-cord-fly-connectome%2Fimported_meshes%2Fmanc_v1.2.1_meshes_elastix_tpsreg_240721%22%2C%22subsources%22%3A%7B%22properties%22%3Atrue%2C%22mesh%22%3Atrue%7D%2C%22enableDefaultSubsources%22%3Afalse%7D%2C%22tab%22%3A%22segments%22%2C%22segments%22%3A%5B%5D%2C%22colorSeed%22%3A1741371904%2C%22name%22%3A%22manc%20v1.2.1%20imported%22%7D%2C%7B%22type%22%3A%22image%22%2C%22source%22%3A%22precomputed%3A%2F%2Fgs%3A%2F%2Flee-lab_brain-and-nerve-cord-fly-connectome%2Ftemplates%2FJRC2018F_aligned240721_to_BANC.ng%22%2C%22tab%22%3A%22rendering%22%2C%22opacity%22%3A0.55%2C%22name%22%3A%22JRC2018F%20atlas%20imported%22%2C%22archived%22%3Atrue%7D%2C%7B%22type%22%3A%22image%22%2C%22source%22%3A%22precomputed%3A%2F%2Fgs%3A%2F%2Flee-lab_brain-and-nerve-cord-fly-connectome%2Fsynapses%2Fv1.1%2Fsynapsecloud_sizethresh6_blursigma1.ng%22%2C%22tab%22%3A%22rendering%22%2C%22opacity%22%3A0.55%2C%22name%22%3A%22synapse%20cloud%20%28v1.1%29%22%2C%22archived%22%3Atrue%7D%2C%7B%22type%22%3A%22segmentation%22%2C%22source%22%3A%22precomputed%3A%2F%2Fgs%3A%2F%2Fzetta_lee_fly_cns_001_synapse%2F240623_run%2Fseg%22%2C%22pick%22%3Afalse%2C%22tab%22%3A%22source%22%2C%22segments%22%3A%5B%5D%2C%22name%22%3A%22postsynapses%20%28v1.1%29%22%2C%22archived%22%3Atrue%7D%2C%7B%22type%22%3A%22segmentation%22%2C%22source%22%3A%22precomputed%3A%2F%2Fgs%3A%2F%2Flee-lab_brain-and-nerve-cord-fly-connectome%2Fnuclei%2Fseg_v1%22%2C%22tab%22%3A%22segments%22%2C%22selectedAlpha%22%3A0.8%2C%22segments%22%3A%5B%5D%2C%22name%22%3A%22nuclei%20%28v1%29%22%7D%2C%7B%22type%22%3A%22segmentation%22%2C%22source%22%3A%22precomputed%3A%2F%2Fgs%3A%2F%2Fzetta_lee_fly_cns_001_mito%2F250423_mito%2Fseg%22%2C%22tab%22%3A%22segments%22%2C%22segments%22%3A%5B%5D%2C%22name%22%3A%22mitochondria%20%28v1%29%22%2C%22archived%22%3Atrue%7D%5D%2C%22showSlices%22%3Afalse%2C%22gpuMemoryLimit%22%3A6000000000%2C%22systemMemoryLimit%22%3A8000000000%2C%22selectedLayer%22%3A%7B%22visible%22%3Atrue%2C%22layer%22%3A%22v626%20neurons%22%7D%2C%22layout%22%3A%22xy-3d%22%2C%22layerListPanel%22%3A%7B%22visible%22%3Atrue%7D%7D",NA
"example-synapse","https://spelunker.cave-explorer.org/#!%7B%22dimensions%22%3A%7B%22x%22%3A%5B4e-9%2C%22m%22%5D%2C%22y%22%3A%5B4e-9%2C%22m%22%5D%2C%22z%22%3A%5B4.5e-8%2C%22m%22%5D%7D%2C%22position%22%3A%5B140935.390625%2C36738.69921875%2C2498.5%5D%2C%22crossSectionOrientation%22%3A%5B0%2C1%2C0%2C0%5D%2C%22crossSectionScale%22%3A1.8578551767518983%2C%22projectionOrientation%22%3A%5B0%2C1%2C0%2C0%5D%2C%22projectionScale%22%3A267323.4663305222%2C%22layers%22%3A%5B%7B%22type%22%3A%22image%22%2C%22source%22%3A%22precomputed%3A%2F%2Fgs%3A%2F%2Fseunglab_lee_fly_cns_001_alignment%2Faligned%2Fv0%22%2C%22tab%22%3A%22source%22%2C%22name%22%3A%22BANC%20EM%22%7D%2C%7B%22type%22%3A%22segmentation%22%2C%22source%22%3A%22precomputed%3A%2F%2Fgs%3A%2F%2Flee-lab_brain-and-nerve-cord-fly-connectome%2Fneuron_meshes%22%2C%22tab%22%3A%22segments%22%2C%22segments%22%3A%5B%5D%2C%22name%22%3A%22v626%20neurons%22%7D%2C%7B%22type%22%3A%22segmentation%22%2C%22source%22%3A%7B%22url%22%3A%22precomputed%3A%2F%2Fgs%3A%2F%2Flee-lab_brain-and-nerve-cord-fly-connectome%2Fregion_outlines%22%2C%22subsources%22%3A%7B%22bounds%22%3Atrue%2C%22properties%22%3Atrue%2C%22mesh%22%3Atrue%7D%2C%22enableDefaultSubsources%22%3Afalse%7D%2C%22pick%22%3Afalse%2C%22tab%22%3A%22segments%22%2C%22meshSilhouetteRendering%22%3A2%2C%22segments%22%3A%5B%221%22%2C%22%212%22%2C%22%214%22%2C%22%213%22%5D%2C%22segmentQuery%22%3A%22%3Cid%22%2C%22colorSeed%22%3A2939100304%2C%22segmentColors%22%3A%7B%221%22%3A%22%232a7fff%22%7D%2C%22name%22%3A%22region%20outlines%22%7D%2C%7B%22type%22%3A%22segmentation%22%2C%22source%22%3A%7B%22url%22%3A%22precomputed%3A%2F%2Fgs%3A%2F%2Flee-lab_brain-and-nerve-cord-fly-connectome%2Fimported_meshes%2Ffafb_783_meshes_elastix_tpsreg_240721%22%2C%22subsources%22%3A%7B%22properties%22%3Atrue%2C%22mesh%22%3Atrue%7D%2C%22enableDefaultSubsources%22%3Afalse%7D%2C%22tab%22%3A%22segments%22%2C%22segments%22%3A%5B%5D%2C%22colorSeed%22%3A2860966783%2C%22name%22%3A%22fafb%20v783%20imported%22%7D%2C%7B%22type%22%3A%22segmentation%22%2C%22source%22%3A%7B%22url%22%3A%22precomputed%3A%2F%2Fgs%3A%2F%2Flee-lab_brain-and-nerve-cord-fly-connectome%2Fimported_meshes%2Fhemibrain_v1.2.1_meshes_elastix_tpsreg_240721%22%2C%22subsources%22%3A%7B%22properties%22%3Atrue%2C%22mesh%22%3Atrue%7D%2C%22enableDefaultSubsources%22%3Afalse%7D%2C%22tab%22%3A%22segments%22%2C%22segments%22%3A%5B%5D%2C%22colorSeed%22%3A2830100975%2C%22name%22%3A%22hemibrain%20v1.2.1%20imported%22%7D%2C%7B%22type%22%3A%22segmentation%22%2C%22source%22%3A%7B%22url%22%3A%22precomputed%3A%2F%2Fgs%3A%2F%2Flee-lab_brain-and-nerve-cord-fly-connectome%2Fimported_meshes%2Fmirrored_hemibrain_v1.2.1_meshes_elastix_tpsreg_240721%22%2C%22subsources%22%3A%7B%22properties%22%3Atrue%2C%22mesh%22%3Atrue%7D%2C%22enableDefaultSubsources%22%3Afalse%7D%2C%22tab%22%3A%22segments%22%2C%22segments%22%3A%5B%5D%2C%22colorSeed%22%3A3019710613%2C%22name%22%3A%22hemibrain%20v1.2.1%20imported%2C%20mirrored%22%7D%2C%7B%22type%22%3A%22segmentation%22%2C%22source%22%3A%7B%22url%22%3A%22precomputed%3A%2F%2Fgs%3A%2F%2Flee-lab_brain-and-nerve-cord-fly-connectome%2Fimported_meshes%2Ffanc_1116_meshes_elastix_tpsreg_240721%22%2C%22subsources%22%3A%7B%22properties%22%3Atrue%2C%22mesh%22%3Atrue%7D%2C%22enableDefaultSubsources%22%3Afalse%7D%2C%22tab%22%3A%22segments%22%2C%22segments%22%3A%5B%5D%2C%22name%22%3A%22fanc%20v1116%20imported%22%7D%2C%7B%22type%22%3A%22segmentation%22%2C%22source%22%3A%7B%22url%22%3A%22precomputed%3A%2F%2Fgs%3A%2F%2Flee-lab_brain-and-nerve-cord-fly-connectome%2Fimported_meshes%2Fmanc_v1.2.1_meshes_elastix_tpsreg_240721%22%2C%22subsources%22%3A%7B%22properties%22%3Atrue%2C%22mesh%22%3Atrue%7D%2C%22enableDefaultSubsources%22%3Afalse%7D%2C%22tab%22%3A%22segments%22%2C%22segments%22%3A%5B%5D%2C%22colorSeed%22%3A1741371904%2C%22name%22%3A%22manc%20v1.2.1%20imported%22%7D%2C%7B%22type%22%3A%22image%22%2C%22source%22%3A%22precomputed%3A%2F%2Fgs%3A%2F%2Flee-lab_brain-and-nerve-cord-fly-connectome%2Ftemplates%2FJRC2018F_aligned240721_to_BANC.ng%22%2C%22tab%22%3A%22rendering%22%2C%22opacity%22%3A0.55%2C%22name%22%3A%22JRC2018F%20atlas%20imported%22%2C%22archived%22%3Atrue%7D%2C%7B%22type%22%3A%22image%22%2C%22source%22%3A%22precomputed%3A%2F%2Fgs%3A%2F%2Flee-lab_brain-and-nerve-cord-fly-connectome%2Fsynapses%2Fv1.1%2Fsynapsecloud_sizethresh6_blursigma1.ng%22%2C%22tab%22%3A%22rendering%22%2C%22opacity%22%3A0.55%2C%22name%22%3A%22synapse%20cloud%20%28v1.1%29%22%2C%22archived%22%3Atrue%7D%2C%7B%22type%22%3A%22segmentation%22%2C%22source%22%3A%22precomputed%3A%2F%2Fgs%3A%2F%2Fzetta_lee_fly_cns_001_synapse%2F240623_run%2Fseg%22%2C%22pick%22%3Afalse%2C%22tab%22%3A%22source%22%2C%22segments%22%3A%5B%5D%2C%22name%22%3A%22postsynapses%20%28v1.1%29%22%7D%2C%7B%22type%22%3A%22segmentation%22%2C%22source%22%3A%22precomputed%3A%2F%2Fgs%3A%2F%2Flee-lab_brain-and-nerve-cord-fly-connectome%2Fnuclei%2Fseg_v1%22%2C%22tab%22%3A%22segments%22%2C%22selectedAlpha%22%3A0.8%2C%22segments%22%3A%5B%5D%2C%22name%22%3A%22nuclei%20%28v1%29%22%7D%2C%7B%22type%22%3A%22segmentation%22%2C%22source%22%3A%22precomputed%3A%2F%2Fgs%3A%2F%2Fzetta_lee_fly_cns_001_mito%2F250423_mito%2Fseg%22%2C%22tab%22%3A%22segments%22%2C%22segments%22%3A%5B%5D%2C%22name%22%3A%22mitochondria%20%28v1%29%22%2C%22archived%22%3Atrue%7D%5D%2C%22showSlices%22%3Afalse%2C%22gpuMemoryLimit%22%3A6000000000%2C%22systemMemoryLimit%22%3A8000000000%2C%22selectedLayer%22%3A%7B%22visible%22%3Atrue%2C%22layer%22%3A%22v626%20neurons%22%7D%2C%22layout%22%3A%22xy-3d%22%2C%22layerListPanel%22%3A%7B%22visible%22%3Atrue%7D%7D",NA
"example-nuclei","https://spelunker.cave-explorer.org/#!%7B%22dimensions%22%3A%7B%22x%22%3A%5B4e-9%2C%22m%22%5D%2C%22y%22%3A%5B4e-9%2C%22m%22%5D%2C%22z%22%3A%5B4.5e-8%2C%22m%22%5D%7D%2C%22position%22%3A%5B192977.5%2C51679.5%2C2493.5%5D%2C%22crossSectionOrientation%22%3A%5B0%2C1%2C0%2C0%5D%2C%22crossSectionScale%22%3A1.8578551767518983%2C%22projectionOrientation%22%3A%5B0%2C1%2C0%2C0%5D%2C%22projectionScale%22%3A267323.4663305222%2C%22layers%22%3A%5B%7B%22type%22%3A%22image%22%2C%22source%22%3A%22precomputed%3A%2F%2Fgs%3A%2F%2Fseunglab_lee_fly_cns_001_alignment%2Faligned%2Fv0%22%2C%22tab%22%3A%22source%22%2C%22name%22%3A%22BANC%20EM%22%7D%2C%7B%22type%22%3A%22segmentation%22%2C%22source%22%3A%22precomputed%3A%2F%2Fgs%3A%2F%2Flee-lab_brain-and-nerve-cord-fly-connectome%2Fneuron_meshes%22%2C%22tab%22%3A%22segments%22%2C%22segments%22%3A%5B%5D%2C%22name%22%3A%22v626%20neurons%22%7D%2C%7B%22type%22%3A%22segmentation%22%2C%22source%22%3A%7B%22url%22%3A%22precomputed%3A%2F%2Fgs%3A%2F%2Flee-lab_brain-and-nerve-cord-fly-connectome%2Fregion_outlines%22%2C%22subsources%22%3A%7B%22bounds%22%3Atrue%2C%22properties%22%3Atrue%2C%22mesh%22%3Atrue%7D%2C%22enableDefaultSubsources%22%3Afalse%7D%2C%22pick%22%3Afalse%2C%22tab%22%3A%22segments%22%2C%22meshSilhouetteRendering%22%3A2%2C%22segments%22%3A%5B%221%22%2C%22%212%22%2C%22%214%22%2C%22%213%22%5D%2C%22segmentQuery%22%3A%22%3Cid%22%2C%22colorSeed%22%3A2939100304%2C%22segmentColors%22%3A%7B%221%22%3A%22%232a7fff%22%7D%2C%22name%22%3A%22region%20outlines%22%7D%2C%7B%22type%22%3A%22segmentation%22%2C%22source%22%3A%7B%22url%22%3A%22precomputed%3A%2F%2Fgs%3A%2F%2Flee-lab_brain-and-nerve-cord-fly-connectome%2Fimported_meshes%2Ffafb_783_meshes_elastix_tpsreg_240721%22%2C%22subsources%22%3A%7B%22properties%22%3Atrue%2C%22mesh%22%3Atrue%7D%2C%22enableDefaultSubsources%22%3Afalse%7D%2C%22tab%22%3A%22segments%22%2C%22segments%22%3A%5B%5D%2C%22colorSeed%22%3A2860966783%2C%22name%22%3A%22fafb%20v783%20imported%22%7D%2C%7B%22type%22%3A%22segmentation%22%2C%22source%22%3A%7B%22url%22%3A%22precomputed%3A%2F%2Fgs%3A%2F%2Flee-lab_brain-and-nerve-cord-fly-connectome%2Fimported_meshes%2Fhemibrain_v1.2.1_meshes_elastix_tpsreg_240721%22%2C%22subsources%22%3A%7B%22properties%22%3Atrue%2C%22mesh%22%3Atrue%7D%2C%22enableDefaultSubsources%22%3Afalse%7D%2C%22tab%22%3A%22segments%22%2C%22segments%22%3A%5B%5D%2C%22colorSeed%22%3A2830100975%2C%22name%22%3A%22hemibrain%20v1.2.1%20imported%22%7D%2C%7B%22type%22%3A%22segmentation%22%2C%22source%22%3A%7B%22url%22%3A%22precomputed%3A%2F%2Fgs%3A%2F%2Flee-lab_brain-and-nerve-cord-fly-connectome%2Fimported_meshes%2Fmirrored_hemibrain_v1.2.1_meshes_elastix_tpsreg_240721%22%2C%22subsources%22%3A%7B%22properties%22%3Atrue%2C%22mesh%22%3Atrue%7D%2C%22enableDefaultSubsources%22%3Afalse%7D%2C%22tab%22%3A%22segments%22%2C%22segments%22%3A%5B%5D%2C%22colorSeed%22%3A3019710613%2C%22name%22%3A%22hemibrain%20v1.2.1%20imported%2C%20mirrored%22%7D%2C%7B%22type%22%3A%22segmentation%22%2C%22source%22%3A%7B%22url%22%3A%22precomputed%3A%2F%2Fgs%3A%2F%2Flee-lab_brain-and-nerve-cord-fly-connectome%2Fimported_meshes%2Ffanc_1116_meshes_elastix_tpsreg_240721%22%2C%22subsources%22%3A%7B%22properties%22%3Atrue%2C%22mesh%22%3Atrue%7D%2C%22enableDefaultSubsources%22%3Afalse%7D%2C%22tab%22%3A%22segments%22%2C%22segments%22%3A%5B%5D%2C%22name%22%3A%22fanc%20v1116%20imported%22%7D%2C%7B%22type%22%3A%22segmentation%22%2C%22source%22%3A%7B%22url%22%3A%22precomputed%3A%2F%2Fgs%3A%2F%2Flee-lab_brain-and-nerve-cord-fly-connectome%2Fimported_meshes%2Fmanc_v1.2.1_meshes_elastix_tpsreg_240721%22%2C%22subsources%22%3A%7B%22properties%22%3Atrue%2C%22mesh%22%3Atrue%7D%2C%22enableDefaultSubsources%22%3Afalse%7D%2C%22tab%22%3A%22segments%22%2C%22segments%22%3A%5B%5D%2C%22colorSeed%22%3A1741371904%2C%22name%22%3A%22manc%20v1.2.1%20imported%22%7D%2C%7B%22type%22%3A%22image%22%2C%22source%22%3A%22precomputed%3A%2F%2Fgs%3A%2F%2Flee-lab_brain-and-nerve-cord-fly-connectome%2Ftemplates%2FJRC2018F_aligned240721_to_BANC.ng%22%2C%22tab%22%3A%22rendering%22%2C%22opacity%22%3A0.55%2C%22name%22%3A%22JRC2018F%20atlas%20imported%22%2C%22archived%22%3Atrue%7D%2C%7B%22type%22%3A%22image%22%2C%22source%22%3A%22precomputed%3A%2F%2Fgs%3A%2F%2Flee-lab_brain-and-nerve-cord-fly-connectome%2Fsynapses%2Fv1.1%2Fsynapsecloud_sizethresh6_blursigma1.ng%22%2C%22tab%22%3A%22rendering%22%2C%22opacity%22%3A0.55%2C%22name%22%3A%22synapse%20cloud%20%28v1.1%29%22%2C%22archived%22%3Atrue%7D%2C%7B%22type%22%3A%22segmentation%22%2C%22source%22%3A%22precomputed%3A%2F%2Fgs%3A%2F%2Fzetta_lee_fly_cns_001_synapse%2F240623_run%2Fseg%22%2C%22pick%22%3Afalse%2C%22tab%22%3A%22source%22%2C%22segments%22%3A%5B%5D%2C%22name%22%3A%22postsynapses%20%28v1.1%29%22%7D%2C%7B%22type%22%3A%22segmentation%22%2C%22source%22%3A%22precomputed%3A%2F%2Fgs%3A%2F%2Flee-lab_brain-and-nerve-cord-fly-connectome%2Fnuclei%2Fseg_v1%22%2C%22tab%22%3A%22segments%22%2C%22selectedAlpha%22%3A0.8%2C%22segments%22%3A%5B%5D%2C%22name%22%3A%22nuclei%20%28v1%29%22%7D%2C%7B%22type%22%3A%22segmentation%22%2C%22source%22%3A%22precomputed%3A%2F%2Fgs%3A%2F%2Fzetta_lee_fly_cns_001_mito%2F250423_mito%2Fseg%22%2C%22tab%22%3A%22segments%22%2C%22segments%22%3A%5B%5D%2C%22name%22%3A%22mitochondria%20%28v1%29%22%2C%22archived%22%3Atrue%7D%5D%2C%22showSlices%22%3Afalse%2C%22gpuMemoryLimit%22%3A6000000000%2C%22systemMemoryLimit%22%3A8000000000%2C%22selectedLayer%22%3A%7B%22visible%22%3Atrue%2C%22layer%22%3A%22v626%20neurons%22%7D%2C%22layout%22%3A%22xy-3d%22%2C%22layerListPanel%22%3A%7B%22visible%22%3Atrue%7D%7D",NA
"example-mitochondria","https://spelunker.cave-explorer.org/#!%7B%22dimensions%22%3A%7B%22x%22%3A%5B4e-9%2C%22m%22%5D%2C%22y%22%3A%5B4e-9%2C%22m%22%5D%2C%22z%22%3A%5B4.5e-8%2C%22m%22%5D%7D%2C%22position%22%3A%5B137363.5%2C35365.5%2C2493.5%5D%2C%22crossSectionOrientation%22%3A%5B0%2C1%2C0%2C0%5D%2C%22crossSectionScale%22%3A1.8578551767518983%2C%22projectionOrientation%22%3A%5B0%2C1%2C0%2C0%5D%2C%22projectionScale%22%3A267323.4663305222%2C%22layers%22%3A%5B%7B%22type%22%3A%22image%22%2C%22source%22%3A%22precomputed%3A%2F%2Fgs%3A%2F%2Fseunglab_lee_fly_cns_001_alignment%2Faligned%2Fv0%22%2C%22tab%22%3A%22source%22%2C%22name%22%3A%22BANC%20EM%22%7D%2C%7B%22type%22%3A%22segmentation%22%2C%22source%22%3A%22precomputed%3A%2F%2Fgs%3A%2F%2Flee-lab_brain-and-nerve-cord-fly-connectome%2Fneuron_meshes%22%2C%22tab%22%3A%22segments%22%2C%22segments%22%3A%5B%5D%2C%22name%22%3A%22v626%20neurons%22%7D%2C%7B%22type%22%3A%22segmentation%22%2C%22source%22%3A%7B%22url%22%3A%22precomputed%3A%2F%2Fgs%3A%2F%2Flee-lab_brain-and-nerve-cord-fly-connectome%2Fregion_outlines%22%2C%22subsources%22%3A%7B%22bounds%22%3Atrue%2C%22properties%22%3Atrue%2C%22mesh%22%3Atrue%7D%2C%22enableDefaultSubsources%22%3Afalse%7D%2C%22pick%22%3Afalse%2C%22tab%22%3A%22segments%22%2C%22meshSilhouetteRendering%22%3A2%2C%22segments%22%3A%5B%221%22%2C%22%212%22%2C%22%214%22%2C%22%213%22%5D%2C%22segmentQuery%22%3A%22%3Cid%22%2C%22colorSeed%22%3A2939100304%2C%22segmentColors%22%3A%7B%221%22%3A%22%232a7fff%22%7D%2C%22name%22%3A%22region%20outlines%22%7D%2C%7B%22type%22%3A%22segmentation%22%2C%22source%22%3A%7B%22url%22%3A%22precomputed%3A%2F%2Fgs%3A%2F%2Flee-lab_brain-and-nerve-cord-fly-connectome%2Fimported_meshes%2Ffafb_783_meshes_elastix_tpsreg_240721%22%2C%22subsources%22%3A%7B%22properties%22%3Atrue%2C%22mesh%22%3Atrue%7D%2C%22enableDefaultSubsources%22%3Afalse%7D%2C%22tab%22%3A%22segments%22%2C%22segments%22%3A%5B%5D%2C%22colorSeed%22%3A2860966783%2C%22name%22%3A%22fafb%20v783%20imported%22%7D%2C%7B%22type%22%3A%22segmentation%22%2C%22source%22%3A%7B%22url%22%3A%22precomputed%3A%2F%2Fgs%3A%2F%2Flee-lab_brain-and-nerve-cord-fly-connectome%2Fimported_meshes%2Fhemibrain_v1.2.1_meshes_elastix_tpsreg_240721%22%2C%22subsources%22%3A%7B%22properties%22%3Atrue%2C%22mesh%22%3Atrue%7D%2C%22enableDefaultSubsources%22%3Afalse%7D%2C%22tab%22%3A%22segments%22%2C%22segments%22%3A%5B%5D%2C%22colorSeed%22%3A2830100975%2C%22name%22%3A%22hemibrain%20v1.2.1%20imported%22%7D%2C%7B%22type%22%3A%22segmentation%22%2C%22source%22%3A%7B%22url%22%3A%22precomputed%3A%2F%2Fgs%3A%2F%2Flee-lab_brain-and-nerve-cord-fly-connectome%2Fimported_meshes%2Fmirrored_hemibrain_v1.2.1_meshes_elastix_tpsreg_240721%22%2C%22subsources%22%3A%7B%22properties%22%3Atrue%2C%22mesh%22%3Atrue%7D%2C%22enableDefaultSubsources%22%3Afalse%7D%2C%22tab%22%3A%22segments%22%2C%22segments%22%3A%5B%5D%2C%22colorSeed%22%3A3019710613%2C%22name%22%3A%22hemibrain%20v1.2.1%20imported%2C%20mirrored%22%7D%2C%7B%22type%22%3A%22segmentation%22%2C%22source%22%3A%7B%22url%22%3A%22precomputed%3A%2F%2Fgs%3A%2F%2Flee-lab_brain-and-nerve-cord-fly-connectome%2Fimported_meshes%2Ffanc_1116_meshes_elastix_tpsreg_240721%22%2C%22subsources%22%3A%7B%22properties%22%3Atrue%2C%22mesh%22%3Atrue%7D%2C%22enableDefaultSubsources%22%3Afalse%7D%2C%22tab%22%3A%22segments%22%2C%22segments%22%3A%5B%5D%2C%22name%22%3A%22fanc%20v1116%20imported%22%7D%2C%7B%22type%22%3A%22segmentation%22%2C%22source%22%3A%7B%22url%22%3A%22precomputed%3A%2F%2Fgs%3A%2F%2Flee-lab_brain-and-nerve-cord-fly-connectome%2Fimported_meshes%2Fmanc_v1.2.1_meshes_elastix_tpsreg_240721%22%2C%22subsources%22%3A%7B%22properties%22%3Atrue%2C%22mesh%22%3Atrue%7D%2C%22enableDefaultSubsources%22%3Afalse%7D%2C%22tab%22%3A%22segments%22%2C%22segments%22%3A%5B%5D%2C%22colorSeed%22%3A1741371904%2C%22name%22%3A%22manc%20v1.2.1%20imported%22%7D%2C%7B%22type%22%3A%22image%22%2C%22source%22%3A%22precomputed%3A%2F%2Fgs%3A%2F%2Flee-lab_brain-and-nerve-cord-fly-connectome%2Ftemplates%2FJRC2018F_aligned240721_to_BANC.ng%22%2C%22tab%22%3A%22rendering%22%2C%22opacity%22%3A0.55%2C%22name%22%3A%22JRC2018F%20atlas%20imported%22%2C%22archived%22%3Atrue%7D%2C%7B%22type%22%3A%22image%22%2C%22source%22%3A%22precomputed%3A%2F%2Fgs%3A%2F%2Flee-lab_brain-and-nerve-cord-fly-connectome%2Fsynapses%2Fv1.1%2Fsynapsecloud_sizethresh6_blursigma1.ng%22%2C%22tab%22%3A%22rendering%22%2C%22opacity%22%3A0.55%2C%22name%22%3A%22synapse%20cloud%20%28v1.1%29%22%2C%22archived%22%3Atrue%7D%2C%7B%22type%22%3A%22segmentation%22%2C%22source%22%3A%22precomputed%3A%2F%2Fgs%3A%2F%2Fzetta_lee_fly_cns_001_synapse%2F240623_run%2Fseg%22%2C%22pick%22%3Afalse%2C%22tab%22%3A%22source%22%2C%22segments%22%3A%5B%5D%2C%22name%22%3A%22postsynapses%20%28v1.1%29%22%7D%2C%7B%22type%22%3A%22segmentation%22%2C%22source%22%3A%22precomputed%3A%2F%2Fgs%3A%2F%2Flee-lab_brain-and-nerve-cord-fly-connectome%2Fnuclei%2Fseg_v1%22%2C%22tab%22%3A%22segments%22%2C%22selectedAlpha%22%3A0.8%2C%22segments%22%3A%5B%5D%2C%22name%22%3A%22nuclei%20%28v1%29%22%7D%2C%7B%22type%22%3A%22segmentation%22%2C%22source%22%3A%22precomputed%3A%2F%2Fgs%3A%2F%2Fzetta_lee_fly_cns_001_mito%2F250423_mito%2Fseg%22%2C%22tab%22%3A%22segments%22%2C%22segments%22%3A%5B%5D%2C%22name%22%3A%22mitochondria%20%28v1%29%22%7D%5D%2C%22showSlices%22%3Afalse%2C%22gpuMemoryLimit%22%3A6000000000%2C%22systemMemoryLimit%22%3A8000000000%2C%22selectedLayer%22%3A%7B%22visible%22%3Atrue%2C%22layer%22%3A%22v626%20neurons%22%7D%2C%22layout%22%3A%22xy-3d%22%2C%22layerListPanel%22%3A%7B%22visible%22%3Atrue%7D%7D",NA
"DNa01-match","https://spelunker.cave-explorer.org/#!%7B%22dimensions%22%3A%7B%22x%22%3A%5B4e-9%2C%22m%22%5D%2C%22y%22%3A%5B4e-9%2C%22m%22%5D%2C%22z%22%3A%5B4.5e-8%2C%22m%22%5D%7D%2C%22position%22%3A%5B125097.5%2C122589.5%2C2827.5%5D%2C%22crossSectionOrientation%22%3A%5B0%2C1%2C0%2C0%5D%2C%22crossSectionScale%22%3A15.135351480233533%2C%22projectionOrientation%22%3A%5B0.0013481484493240714%2C0.9931241273880005%2C0.1094219908118248%2C0.04158731549978256%5D%2C%22projectionScale%22%3A267323.4663305222%2C%22layers%22%3A%5B%7B%22type%22%3A%22image%22%2C%22source%22%3A%22precomputed%3A%2F%2Fgs%3A%2F%2Fseunglab_lee_fly_cns_001_alignment%2Faligned%2Fv0%22%2C%22tab%22%3A%22source%22%2C%22name%22%3A%22BANC%20EM%22%7D%2C%7B%22type%22%3A%22segmentation%22%2C%22source%22%3A%22precomputed%3A%2F%2Fgs%3A%2F%2Flee-lab_brain-and-nerve-cord-fly-connectome%2Fneuron_meshes%22%2C%22tab%22%3A%22segments%22%2C%22segments%22%3A%5B%22720575941535862506%22%2C%22720575941570128498%22%5D%2C%22segmentColors%22%3A%7B%22720575941535862506%22%3A%22%23ff1fe1%22%2C%22720575941570128498%22%3A%22%23e942ff%22%7D%2C%22name%22%3A%22v626%20neurons%22%7D%2C%7B%22type%22%3A%22segmentation%22%2C%22source%22%3A%7B%22url%22%3A%22precomputed%3A%2F%2Fgs%3A%2F%2Flee-lab_brain-and-nerve-cord-fly-connectome%2Fregion_outlines%22%2C%22subsources%22%3A%7B%22bounds%22%3Atrue%2C%22properties%22%3Atrue%2C%22mesh%22%3Atrue%7D%2C%22enableDefaultSubsources%22%3Afalse%7D%2C%22pick%22%3Afalse%2C%22tab%22%3A%22segments%22%2C%22meshSilhouetteRendering%22%3A2%2C%22segments%22%3A%5B%221%22%2C%22%212%22%2C%22%214%22%2C%22%213%22%5D%2C%22segmentQuery%22%3A%22%3Cid%22%2C%22colorSeed%22%3A2939100304%2C%22segmentColors%22%3A%7B%221%22%3A%22%232a7fff%22%7D%2C%22name%22%3A%22region%20outlines%22%7D%2C%7B%22type%22%3A%22segmentation%22%2C%22source%22%3A%7B%22url%22%3A%22precomputed%3A%2F%2Fgs%3A%2F%2Flee-lab_brain-and-nerve-cord-fly-connectome%2Fimported_meshes%2Ffafb_783_meshes_elastix_tpsreg_240721%22%2C%22subsources%22%3A%7B%22properties%22%3Atrue%2C%22mesh%22%3Atrue%7D%2C%22enableDefaultSubsources%22%3Afalse%7D%2C%22tab%22%3A%22segments%22%2C%22segments%22%3A%5B%22720575940627787609%22%2C%22720575940644438551%22%5D%2C%22colorSeed%22%3A2860966783%2C%22segmentColors%22%3A%7B%22720575940627787609%22%3A%22%23ff6b6b%22%2C%22720575940644438551%22%3A%22%23ff7a7a%22%7D%2C%22name%22%3A%22fafb%20v783%20imported%22%7D%2C%7B%22type%22%3A%22segmentation%22%2C%22source%22%3A%7B%22url%22%3A%22precomputed%3A%2F%2Fgs%3A%2F%2Flee-lab_brain-and-nerve-cord-fly-connectome%2Fimported_meshes%2Fhemibrain_v1.2.1_meshes_elastix_tpsreg_240721%22%2C%22subsources%22%3A%7B%22properties%22%3Atrue%2C%22mesh%22%3Atrue%7D%2C%22enableDefaultSubsources%22%3Afalse%7D%2C%22tab%22%3A%22segments%22%2C%22segments%22%3A%5B%221170939344%22%5D%2C%22colorSeed%22%3A2830100975%2C%22segmentColors%22%3A%7B%221170939344%22%3A%22%23ffe433%22%7D%2C%22name%22%3A%22hemibrain%20v1.2.1%20imported%22%7D%2C%7B%22type%22%3A%22segmentation%22%2C%22source%22%3A%7B%22url%22%3A%22precomputed%3A%2F%2Fgs%3A%2F%2Flee-lab_brain-and-nerve-cord-fly-connectome%2Fimported_meshes%2Fmirrored_hemibrain_v1.2.1_meshes_elastix_tpsreg_240721%22%2C%22subsources%22%3A%7B%22properties%22%3Atrue%2C%22mesh%22%3Atrue%7D%2C%22enableDefaultSubsources%22%3Afalse%7D%2C%22tab%22%3A%22segments%22%2C%22segments%22%3A%5B%221170939344%22%5D%2C%22colorSeed%22%3A3019710613%2C%22segmentColors%22%3A%7B%221170939344%22%3A%22%23ffc21a%22%7D%2C%22name%22%3A%22hemibrain%20v1.2.1%20imported%2C%20mirrored%22%7D%2C%7B%22type%22%3A%22segmentation%22%2C%22source%22%3A%7B%22url%22%3A%22precomputed%3A%2F%2Fgs%3A%2F%2Flee-lab_brain-and-nerve-cord-fly-connectome%2Fimported_meshes%2Ffanc_1116_meshes_elastix_tpsreg_240721%22%2C%22subsources%22%3A%7B%22properties%22%3Atrue%2C%22mesh%22%3Atrue%7D%2C%22enableDefaultSubsources%22%3Afalse%7D%2C%22tab%22%3A%22segments%22%2C%22segments%22%3A%5B%2210538%22%2C%2210854%22%5D%2C%22segmentColors%22%3A%7B%2210538%22%3A%22%230ad6ff%22%2C%2210854%22%3A%22%237ae4ff%22%7D%2C%22name%22%3A%22fanc%20v1116%20imported%22%7D%2C%7B%22type%22%3A%22segmentation%22%2C%22source%22%3A%7B%22url%22%3A%22precomputed%3A%2F%2Fgs%3A%2F%2Flee-lab_brain-and-nerve-cord-fly-connectome%2Fimported_meshes%2Fmanc_v1.2.1_meshes_elastix_tpsreg_240721%22%2C%22subsources%22%3A%7B%22properties%22%3Atrue%2C%22mesh%22%3Atrue%7D%2C%22enableDefaultSubsources%22%3Afalse%7D%2C%22tab%22%3A%22segments%22%2C%22segments%22%3A%5B%2210751%22%2C%2210760%22%5D%2C%22colorSeed%22%3A1741371904%2C%22name%22%3A%22manc%20v1.2.1%20imported%22%7D%2C%7B%22type%22%3A%22image%22%2C%22source%22%3A%22precomputed%3A%2F%2Fgs%3A%2F%2Flee-lab_brain-and-nerve-cord-fly-connectome%2Ftemplates%2FJRC2018F_aligned240721_to_BANC.ng%22%2C%22tab%22%3A%22rendering%22%2C%22opacity%22%3A0.55%2C%22name%22%3A%22JRC2018F%20atlas%20imported%22%2C%22archived%22%3Atrue%7D%2C%7B%22type%22%3A%22image%22%2C%22source%22%3A%22precomputed%3A%2F%2Fgs%3A%2F%2Flee-lab_brain-and-nerve-cord-fly-connectome%2Fsynapses%2Fv1.1%2Fsynapsecloud_sizethresh6_blursigma1.ng%22%2C%22tab%22%3A%22rendering%22%2C%22opacity%22%3A0.55%2C%22name%22%3A%22synapse%20cloud%20%28v1.1%29%22%2C%22archived%22%3Atrue%7D%2C%7B%22type%22%3A%22segmentation%22%2C%22source%22%3A%22precomputed%3A%2F%2Fgs%3A%2F%2Fzetta_lee_fly_cns_001_synapse%2F240623_run%2Fseg%22%2C%22pick%22%3Afalse%2C%22tab%22%3A%22source%22%2C%22segments%22%3A%5B%5D%2C%22name%22%3A%22postsynapses%20%28v1.1%29%22%2C%22archived%22%3Atrue%7D%2C%7B%22type%22%3A%22segmentation%22%2C%22source%22%3A%22precomputed%3A%2F%2Fgs%3A%2F%2Flee-lab_brain-and-nerve-cord-fly-connectome%2Fnuclei%2Fseg_v1%22%2C%22tab%22%3A%22segments%22%2C%22selectedAlpha%22%3A0.8%2C%22segments%22%3A%5B%5D%2C%22name%22%3A%22nuclei%20%28v1%29%22%2C%22archived%22%3Atrue%7D%2C%7B%22type%22%3A%22segmentation%22%2C%22source%22%3A%22precomputed%3A%2F%2Fgs%3A%2F%2Fzetta_lee_fly_cns_001_mito%2F250423_mito%2Fseg%22%2C%22tab%22%3A%22segments%22%2C%22segments%22%3A%5B%5D%2C%22name%22%3A%22mitochondria%20%28v1%29%22%2C%22archived%22%3Atrue%7D%5D%2C%22showSlices%22%3Afalse%2C%22gpuMemoryLimit%22%3A6000000000%2C%22systemMemoryLimit%22%3A8000000000%2C%22selectedLayer%22%3A%7B%22visible%22%3Atrue%2C%22layer%22%3A%22fafb%20v783%20imported%22%7D%2C%22layout%22%3A%22xy-3d%22%2C%22layerListPanel%22%3A%7B%22visible%22%3Atrue%7D%7D",NA
"neck_an_dns","https://spelunker.cave-explorer.org/#!middleauth+https://global.daf-apis.com/nglstate/api/v1/5527606282682368",NA
"neck_an_dn_super_clusters","https://spelunker.cave-explorer.org/#!middleauth+https://global.daf-apis.com/nglstate/api/v1/5392394244587520",NA
"DNa02","https://spelunker.cave-explorer.org/#!middleauth+https://global.daf-apis.com/nglstate/api/v1/4957115171995648","https://codex.flywire.ai/app/search?dataset=banc&filter_string=cell_type+%3D%3D+DNa02&sort_by=&page_size=100"
"LB1a","https://spelunker.cave-explorer.org/#!middleauth+https://global.daf-apis.com/nglstate/api/v1/6187985664999424","https://codex.flywire.ai/app/search?dataset=banc&filter_string=cell_type+%3D%3D+LB1a&sort_by=&page_size=100"
"DVM1a-c","https://spelunker.cave-explorer.org/#!middleauth+https://global.daf-apis.com/nglstate/api/v1/5801473798569984","https://codex.flywire.ai/app/search?dataset=banc&filter_string=cell_type+%3D%3D+DVM1a-c&sort_by=&page_size=100"
"ascending","https://spelunker.cave-explorer.org/#!middleauth+https://global.daf-apis.com/nglstate/api/v1/5558635517181952","https://codex.flywire.ai/app/search?dataset=banc&filter_string=cell_type+%3D%3D+AN07B004+%7C%7C+cell_type+%3D%3D+AN19B001_b+%7C%7C+cell_type+%3D%3D+ANXXX005+%7C%7C+cell_type+%3D%3D+AN02A001+%7C%7C+cell_type+%3D%3D+AN05B005+%7C%7C+cell_type+%3D%3D+ANXXX002+%7C%7C+cell_type+%3D%3D+AN18B001+%7C%7C+cell_type+%3D%3D+AN05B006+%7C%7C+cell_type+%3D%3D+AN05B007+%7C%7C+cell_type+%3D%3D+AN04B001+%7C%7C+cell_type+%3D%3D+AN12B001+%7C%7C+cell_type+%3D%3D+AN03B009+%7C%7C+cell_type+%3D%3D+AN19B017+%7C%7C+cell_type+%3D%3D+AN19B019+%7C%7C+cell_type+%3D%3D+AN08B012+%7C%7C+cell_type+%3D%3D+AN19B001+%7C%7C+cell_type+%3D%3D+AN06B009+%7C%7C+cell_type+%3D%3D+ANXXX027+%7C%7C+cell_type+%3D%3D+AN00A002+%7C%7C+cell_type+%3D%3D+AN27X011+%7C%7C+cell_type+%3D%3D+ANXXX006+%7C%7C+cell_type+%3D%3D+ANXXX043+%7C%7C+cell_type+%3D%3D+AN12B006+%7C%7C+cell_type+%3D%3D+ANXXX013+%7C%7C+cell_type+%3D%3D+AN04A001+%7C%7C+cell_type+%3D%3D+AN05B099+%7C%7C+cell_type+%3D%3D+AN07B005+%7C%7C+cell_type+%3D%3D+AN_IN08B003+%7C%7C+cell_type+%3D%3D+AN09B001+%7C%7C+cell_type+%3D%3D+AN12B004+%7C%7C+cell_type+%3D%3D+AN18B004+%7C%7C+cell_type+%3D%3D+AN19A018_d+%7C%7C+cell_type+%3D%3D+AN09B002+%7C%7C+cell_type+%3D%3D+AN05B004+%7C%7C+cell_type+%3D%3D+AN27X009+%7C%7C+cell_type+%3D%3D+AN06B002+%7C%7C+cell_type+%3D%3D+AN27X008+%7C%7C+cell_type+%3D%3D+AN09B004+%7C%7C+cell_type+%3D%3D+AN01B002+%7C%7C+cell_type+%3D%3D+AN19B004+%7C%7C+cell_type+%3D%3D+AN00A006+%7C%7C+cell_type+%3D%3D+AN17A002+%7C%7C+cell_type+%3D%3D+AN17B008+%7C%7C+cell_type+%3D%3D+AN17A004+%7C%7C+cell_type+%3D%3D+AN05B023+%7C%7C+cell_type+%3D%3D+AN17B005+%7C%7C+cell_type+%3D%3D+AN17A003+%7C%7C+cell_type+%3D%3D+AN09B003+%7C%7C+cell_type+%3D%3D+AN09B009+%7C%7C+cell_type+%3D%3D+AN23B002+%7C%7C+cell_type+%3D%3D+AN18B002+%7C%7C+cell_type+%3D%3D+AN17A009+%7C%7C+cell_type+%3D%3D+AN05B096+%7C%7C+cell_type+%3D%3D+AN06B011+%7C%7C+cell_type+%3D%3D+AN07B011+%7C%7C+cell_type+%3D%3D+AN07B015+%7C%7C+cell_type+%3D%3D+AN17A014+%7C%7C+cell_type+%3D%3D+ANXXX086+%7C%7C+cell_type+%3D%3D+AN05B010+%7C%7C+cell_type+%3D%3D+AN17A015+%7C%7C+cell_type+%3D%3D+ANXXX026+%7C%7C+cell_type+%3D%3D+AN09B016+%7C%7C+cell_type+%3D%3D+AN06B007_a+%7C%7C+cell_type+%3D%3D+ANXXX033+%7C%7C+cell_type+%3D%3D+AN23B003+%7C%7C+cell_type+%3D%3D+AN19B010+%7C%7C+cell_type+%3D%3D+AN23B001+%7C%7C+cell_type+%3D%3D+AN17A012+%7C%7C+cell_type+%3D%3D+AN17A013+%7C%7C+cell_type+%3D%3D+ANXXX024+%7C%7C+cell_type+%3D%3D+AN01A055+%7C%7C+cell_type+%3D%3D+ANXXX041+%7C%7C+cell_type+%3D%3D+AN17B012+%7C%7C+cell_type+%3D%3D+ANXXX055+%7C%7C+cell_type+%3D%3D+AN05B009+%7C%7C+cell_type+%3D%3D+AN13B002+%7C%7C+cell_type+%3D%3D+AN09B018_d+%7C%7C+cell_type+%3D%3D+AN27X004+%7C%7C+cell_type+%3D%3D+AN17B007+%7C%7C+cell_type+%3D%3D+AN19B032+%7C%7C+cell_type+%3D%3D+AN14A003+%7C%7C+cell_type+%3D%3D+AN08B009+%7C%7C+cell_type+%3D%3D+AN06B007+%7C%7C+cell_type+%3D%3D+AN05B101+%7C%7C+cell_type+%3D%3D+AN04B003+%7C%7C+cell_type+%3D%3D+AN17A008+%7C%7C+cell_type+%3D%3D+ANXXX082+%7C%7C+cell_type+%3D%3D+AN05B021+%7C%7C+cell_type+%3D%3D+AN05B097+%7C%7C+cell_type+%3D%3D+AN12B008+%7C%7C+cell_type+%3D%3D+AN27X016+%7C%7C+cell_type+%3D%3D+ANXXX023+%7C%7C+cell_type+%3D%3D+ANXXX075+%7C%7C+cell_type+%3D%3D+AN_multi_124+%7C%7C+cell_type+%3D%3D+ANXXX102+%7C%7C+cell_type+%3D%3D+AN05B098+%7C%7C+cell_type+%3D%3D+AN12B005+%7C%7C+cell_type+%3D%3D+AN09B024+%7C%7C+cell_type+%3D%3D+AN09A007+%7C%7C+cell_type+%3D%3D+AN17A026+%7C%7C+cell_type+%3D%3D+AN17A018+%7C%7C+cell_type+%3D%3D+ANXXX108+%7C%7C+cell_type+%3D%3D+ANXXX037+%7C%7C+cell_type+%3D%3D+AN09B031+%7C%7C+cell_type+%3D%3D+AN19B015+%7C%7C+cell_type+%3D%3D+AN08B007+%7C%7C+cell_type+%3D%3D+AN07B013+%7C%7C+cell_type+%3D%3D+AN08B005+%7C%7C+cell_type+%3D%3D+AN19B009+%7C%7C+cell_type+%3D%3D+ANXXX057+%7C%7C+cell_type+%3D%3D+AN19B024+%7C%7C+cell_type+%3D%3D+ANXXX093+%7C%7C+cell_type+%3D%3D+AN05B094+%7C%7C+cell_type+%3D%3D+AN17A024+%7C%7C+cell_type+%3D%3D+AN06B023+%7C%7C+cell_type+%3D%3D+AN01A006+%7C%7C+cell_type+%3D%3D+ANXXX109+%7C%7C+cell_type+%3D%3D+AN05B103+%7C%7C+cell_type+%3D%3D+AN01A014+%7C%7C+cell_type+%3D%3D+AN09B013+%7C%7C+cell_type+%3D%3D+AN10B015_a+%7C%7C+cell_type+%3D%3D+AN08B013+%7C%7C+cell_type+%3D%3D+AN05B100+%7C%7C+cell_type+%3D%3D+AN19B025+%7C%7C+cell_type+%3D%3D+AN08B014+%7C%7C+cell_type+%3D%3D+AN12B011+%7C%7C+cell_type+%3D%3D+AN08B010+%7C%7C+cell_type+%3D%3D+AN08B018+%7C%7C+cell_type+%3D%3D+ANXXX987+%7C%7C+cell_type+%3D%3D+AN06B025+%7C%7C+cell_type+%3D%3D+ANXXX030+%7C%7C+cell_type+%3D%3D+ANXXX106+%7C%7C+cell_type+%3D%3D+AN09B012+%7C%7C+cell_type+%3D%3D+AN07B018+%7C%7C+cell_type+%3D%3D+AN09B015+%7C%7C+cell_type+%3D%3D+ANXXX098+%7C%7C+cell_type+%3D%3D+AN09B018_c+%7C%7C+cell_type+%3D%3D+ANXXX092+%7C%7C+cell_type+%3D%3D+AN09A005+%7C%7C+cell_type+%3D%3D+AN09B014+%7C%7C+cell_type+%3D%3D+AN17B009+%7C%7C+cell_type+%3D%3D+AN06B040+%7C%7C+cell_type+%3D%3D+ANXXX049+%7C%7C+cell_type+%3D%3D+AN27X015+%7C%7C+cell_type+%3D%3D+ANXXX139+%7C%7C+cell_type+%3D%3D+AN08B023+%7C%7C+cell_type+%3D%3D+AN07B017+%7C%7C+cell_type+%3D%3D+AN06B031+%7C%7C+cell_type+%3D%3D+AN07B046+%7C%7C+cell_type+%3D%3D+AN08B022+%7C%7C+cell_type+%3D%3D+AN27X017+%7C%7C+cell_type+%3D%3D+AN05B027+%7C%7C+cell_type+%3D%3D+ANXXX019+%7C%7C+cell_type+%3D%3D+AN03B011+%7C%7C+cell_type+%3D%3D+dMS9+%7C%7C+cell_type+%3D%3D+AN09B011+%7C%7C+cell_type+%3D%3D+AN05B025+%7C%7C+cell_type+%3D%3D+AN03A002+%7C%7C+cell_type+%3D%3D+ANXXX127+%7C%7C+cell_type+%3D%3D+AN06B034+%7C%7C+cell_type+%3D%3D+AN19B036+%7C%7C+cell_type+%3D%3D+ANXXX074+%7C%7C+cell_type+%3D%3D+AN01B005+%7C%7C+cell_type+%3D%3D+AN08B016+%7C%7C+cell_type+%3D%3D+AN08B034+%7C%7C+cell_type+%3D%3D+AN05B999+%7C%7C+cell_type+%3D%3D+AN08B026+%7C%7C+cell_type+%3D%3D+ANXXX151+%7C%7C+cell_type+%3D%3D+ANXXX986+%7C%7C+cell_type+%3D%3D+AN19A038+%7C%7C+cell_type+%3D%3D+AN05B024+%7C%7C+cell_type+%3D%3D+ANXXX178+%7C%7C+cell_type+%3D%3D+AN12A003+%7C%7C+cell_type+%3D%3D+AN06B037+%7C%7C+cell_type+%3D%3D+AN18B025+%7C%7C+cell_type+%3D%3D+ANXXX099+%7C%7C+cell_type+%3D%3D+AN05B029+%7C%7C+cell_type+%3D%3D+ANXXX170+%7C%7C+cell_type+%3D%3D+AN19B028+%7C%7C+cell_type+%3D%3D+AN18B022+%7C%7C+cell_type+%3D%3D+AN01B004+%7C%7C+cell_type+%3D%3D+ANXXX046+%7C%7C+cell_type+%3D%3D+AN19B014+%7C%7C+cell_type+%3D%3D+ANXXX072+%7C%7C+cell_type+%3D%3D+AN12B019+%7C%7C+cell_type+%3D%3D+AN06B005+%7C%7C+cell_type+%3D%3D+AN06B026+%7C%7C+cell_type+%3D%3D+AN09B023+%7C%7C+cell_type+%3D%3D+ANXXX094+%7C%7C+cell_type+%3D%3D+AN08B027+%7C%7C+cell_type+%3D%3D+AN09B020+%7C%7C+cell_type+%3D%3D+AN19A018_c+%7C%7C+cell_type+%3D%3D+AN05B102+%7C%7C+cell_type+%3D%3D+ANXXX174+%7C%7C+cell_type+%3D%3D+ANXXX130+%7C%7C+cell_type+%3D%3D+AN09B006+%7C%7C+cell_type+%3D%3D+ANXXX120+%7C%7C+cell_type+%3D%3D+AN06B042+%7C%7C+cell_type+%3D%3D+AN23B004+%7C%7C+cell_type+%3D%3D+AN08B025+%7C%7C+cell_type+%3D%3D+AN08B028+%7C%7C+cell_type+%3D%3D+AN05B101_b+%7C%7C+cell_type+%3D%3D+ANXXX988+%7C%7C+cell_type+%3D%3D+AN10B015_c+%7C%7C+cell_type+%3D%3D+AN10B008+%7C%7C+cell_type+%3D%3D+AN09B026+%7C%7C+cell_type+%3D%3D+AN06B014+%7C%7C+cell_type+%3D%3D+AN08B024+%7C%7C+cell_type+%3D%3D+AN03B039+%7C%7C+cell_type+%3D%3D+AN10B018+%7C%7C+cell_type+%3D%3D+AN05B026+%7C%7C+cell_type+%3D%3D+ANXXX007+%7C%7C+cell_type+%3D%3D+AN09B021+%7C%7C+cell_type+%3D%3D+ANXXX144+%7C%7C+cell_type+%3D%3D+ANXXX165+%7C%7C+cell_type+%3D%3D+AN18B053+%7C%7C+cell_type+%3D%3D+AN05B105+%7C%7C+cell_type+%3D%3D+AN12B017+%7C%7C+cell_type+%3D%3D+AN10B017+%7C%7C+cell_type+%3D%3D+AN01A033+%7C%7C+cell_type+%3D%3D+AN06A016+%7C%7C+cell_type+%3D%3D+ANXXX154+%7C%7C+cell_type+%3D%3D+ANXXX136+%7C%7C+cell_type+%3D%3D+AN06B039+%7C%7C+cell_type+%3D%3D+AN05B104+%7C%7C+cell_type+%3D%3D+AN05B052+%7C%7C+cell_type+%3D%3D+AN06B051+%7C%7C+cell_type+%3D%3D+AN09B029_b+%7C%7C+cell_type+%3D%3D+AN10B020+%7C%7C+cell_type+%3D%3D+AN09B019+%7C%7C+cell_type+%3D%3D+AN07B021+%7C%7C+cell_type+%3D%3D+AN07B024+%7C%7C+cell_type+%3D%3D+AN04B004+%7C%7C+cell_type+%3D%3D+AN_multi_18+%7C%7C+cell_type+%3D%3D+AN18B019+%7C%7C+cell_type+%3D%3D+ANXXX148+%7C%7C+cell_type+%3D%3D+AN02A005+%7C%7C+cell_type+%3D%3D+AN17A062+%7C%7C+cell_type+%3D%3D+AN05B015+%7C%7C+cell_type+%3D%3D+AN07B025+%7C%7C+cell_type+%3D%3D+AN05B049+%7C%7C+cell_type+%3D%3D+AN07B032+%7C%7C+cell_type+%3D%3D+AN01A021+%7C%7C+cell_type+%3D%3D+AN05B054+%7C%7C+cell_type+%3D%3D+AN08B050+%7C%7C+cell_type+%3D%3D+ANXXX169+%7C%7C+cell_type+%3D%3D+AN10B024+%7C%7C+cell_type+%3D%3D+AN08B015+%7C%7C+cell_type+%3D%3D+ANXXX977+%7C%7C+cell_type+%3D%3D+AN09B027+%7C%7C+cell_type+%3D%3D+AN18B023+%7C%7C+cell_type+%3D%3D+ANXXX131+%7C%7C+cell_type+%3D%3D+AN04B023+%7C%7C+cell_type+%3D%3D+AN05B017+%7C%7C+cell_type+%3D%3D+AN10B021+%7C%7C+cell_type+%3D%3D+AN09B030+%7C%7C+cell_type+%3D%3D+ANXXX250+%7C%7C+cell_type+%3D%3D+AN05B106+%7C%7C+cell_type+%3D%3D+AN17A050+%7C%7C+cell_type+%3D%3D+AN19B018+%7C%7C+cell_type+%3D%3D+AN02A009+%7C%7C+cell_type+%3D%3D+AN18B032+%7C%7C+cell_type+%3D%3D+ANXXX982+%7C%7C+cell_type+%3D%3D+AN06B015_a+%7C%7C+cell_type+%3D%3D+AN09B037+%7C%7C+cell_type+%3D%3D+AN18B999+%7C%7C+cell_type+%3D%3D+AN08B048+%7C%7C+cell_type+%3D%3D+AN17B016+%7C%7C+cell_type+%3D%3D+AN08B041+%7C%7C+cell_type+%3D%3D+AN09B028+%7C%7C+cell_type+%3D%3D+AN23B010+%7C%7C+cell_type+%3D%3D+AN17A031+%7C%7C+cell_type+%3D%3D+ANXXX983+%7C%7C+cell_type+%3D%3D+AN02A016+%7C%7C+cell_type+%3D%3D+AN19A019+%7C%7C+cell_type+%3D%3D+AN08B032+%7C%7C+cell_type+%3D%3D+AN17B013+%7C%7C+cell_type+%3D%3D+ANXXX981+%7C%7C+cell_type+%3D%3D+ANXXX433+%7C%7C+cell_type+%3D%3D+ANXXX145+%7C%7C+cell_type+%3D%3D+AN18B003+%7C%7C+cell_type+%3D%3D+AN07B035+%7C%7C+cell_type+%3D%3D+AN03B094+%7C%7C+cell_type+%3D%3D+AN09B040+%7C%7C+cell_type+%3D%3D+AN05B045+%7C%7C+cell_type+%3D%3D+AN27X013+%7C%7C+cell_type+%3D%3D+ANXXX470+%7C%7C+cell_type+%3D%3D+AN09B042+%7C%7C+cell_type+%3D%3D+ANXXX434+%7C%7C+cell_type+%3D%3D+AN19B049+%7C%7C+cell_type+%3D%3D+AN10B022+%7C%7C+cell_type+%3D%3D+ANXXX084+%7C%7C+cell_type+%3D%3D+AN07B037+%7C%7C+cell_type+%3D%3D+ANXXX264+%7C%7C+cell_type+%3D%3D+AN12A017+%7C%7C+cell_type+%3D%3D+AN10B019+%7C%7C+cell_type+%3D%3D+AN04B051+%7C%7C+cell_type+%3D%3D+AN08B049+%7C%7C+cell_type+%3D%3D+AN06A010+%7C%7C+cell_type+%3D%3D+AN06B044+%7C%7C+cell_type+%3D%3D+AN27X003+%7C%7C+cell_type+%3D%3D+ANXXX984+%7C%7C+cell_type+%3D%3D+AN09B018_a+%7C%7C+cell_type+%3D%3D+ANXXX116+%7C%7C+cell_type+%3D%3D+AN05B046+%7C%7C+cell_type+%3D%3D+ANXXX985+%7C%7C+cell_type+%3D%3D+AN09B035+%7C%7C+cell_type+%3D%3D+AN09B018_b+%7C%7C+cell_type+%3D%3D+ANXXX255+%7C%7C+cell_type+%3D%3D+ANXXX150+%7C%7C+cell_type+%3D%3D+AN19B022+%7C%7C+cell_type+%3D%3D+ANXXX132+%7C%7C+cell_type+%3D%3D+AN05B056+%7C%7C+cell_type+%3D%3D+AN05B058+%7C%7C+cell_type+%3D%3D+AN09B032+%7C%7C+cell_type+%3D%3D+AN05B040+%7C%7C+cell_type+%3D%3D+ANXXX196+%7C%7C+cell_type+%3D%3D+AN06A015+%7C%7C+cell_type+%3D%3D+AN11B008+%7C%7C+cell_type+%3D%3D+ANXXX191+%7C%7C+cell_type+%3D%3D+AN19B044+%7C%7C+cell_type+%3D%3D+AN09B033+%7C%7C+cell_type+%3D%3D+AN05B047+%7C%7C+cell_type+%3D%3D+AN09B036+%7C%7C+cell_type+%3D%3D+AN02A017+%7C%7C+cell_type+%3D%3D+AN05B060+%7C%7C+cell_type+%3D%3D+AN10B027+%7C%7C+cell_type+%3D%3D+AN07B036+%7C%7C+cell_type+%3D%3D+AN05B071+%7C%7C+cell_type+%3D%3D+ANXXX200+%7C%7C+cell_type+%3D%3D+AN05B044+%7C%7C+cell_type+%3D%3D+ANXXX202_c+%7C%7C+cell_type+%3D%3D+AN01B011+%7C%7C+cell_type+%3D%3D+AN19A018_b+%7C%7C+cell_type+%3D%3D+AN05B068+%7C%7C+cell_type+%3D%3D+AN14B012+%7C%7C+cell_type+%3D%3D+AN06B015_b+%7C%7C+cell_type+%3D%3D+AN05B050+%7C%7C+cell_type+%3D%3D+ANXXX296+%7C%7C+cell_type+%3D%3D+AN06A026+%7C%7C+cell_type+%3D%3D+AN19A018_a+%7C%7C+cell_type+%3D%3D+ANXXX313+%7C%7C+cell_type+%3D%3D+AN05B063+%7C%7C+cell_type+%3D%3D+ANXXX202_b+%7C%7C+cell_type+%3D%3D+ANXXX308+%7C%7C+cell_type+%3D%3D+AN10B029+%7C%7C+cell_type+%3D%3D+AN06A017+%7C%7C+cell_type+%3D%3D+ANXXX254+%7C%7C+cell_type+%3D%3D+ANXXX171+%7C%7C+cell_type+%3D%3D+AN26X004+%7C%7C+cell_type+%3D%3D+ANXXX218+%7C%7C+cell_type+%3D%3D+AN07B045+%7C%7C+cell_type+%3D%3D+ANXXX976+%7C%7C+cell_type+%3D%3D+ANXXX090+%7C%7C+cell_type+%3D%3D+AN11B012+%7C%7C+cell_type+%3D%3D+AN06B012+%7C%7C+cell_type+%3D%3D+AN06B068+%7C%7C+cell_type+%3D%3D+AN17A047+%7C%7C+cell_type+%3D%3D+AN19B042+%7C%7C+cell_type+%3D%3D+AN08B066+%7C%7C+cell_type+%3D%3D+AN05B069+%7C%7C+cell_type+%3D%3D+AN08B086+%7C%7C+cell_type+%3D%3D+ANXXX214+%7C%7C+cell_type+%3D%3D+AN09B029_a+%7C%7C+cell_type+%3D%3D+AN17A073+%7C%7C+cell_type+%3D%3D+AN17A068+%7C%7C+cell_type+%3D%3D+AN02A025+%7C%7C+cell_type+%3D%3D+AN07B003+%7C%7C+cell_type+%3D%3D+AN06B045+%7C%7C+cell_type+%3D%3D+ANXXX318+%7C%7C+cell_type+%3D%3D+AN05B078+%7C%7C+cell_type+%3D%3D+ANXXX380+%7C%7C+cell_type+%3D%3D+AN06A018+%7C%7C+cell_type+%3D%3D+AN08B057+%7C%7C+cell_type+%3D%3D+AN07B070+%7C%7C+cell_type+%3D%3D+AN10B015+%7C%7C+cell_type+%3D%3D+AN05B081+%7C%7C+cell_type+%3D%3D+AN05B053+%7C%7C+cell_type+%3D%3D+ANXXX202_a+%7C%7C+cell_type+%3D%3D+AN07B040+%7C%7C+cell_type+%3D%3D+AN07B052+%7C%7C+cell_type+%3D%3D+AN07B062+%7C%7C+cell_type+%3D%3D+AN19B039+%7C%7C+cell_type+%3D%3D+AN05B062+%7C%7C+cell_type+%3D%3D+AN08B081+%7C%7C+cell_type+%3D%3D+AN19B059+%7C%7C+cell_type+%3D%3D+AN01B014+%7C%7C+cell_type+%3D%3D+ANXXX462a+%7C%7C+cell_type+%3D%3D+AN06B046+%7C%7C+cell_type+%3D%3D+AN02A022+%7C%7C+cell_type+%3D%3D+AN06A030+%7C%7C+cell_type+%3D%3D+AN08B099+%7C%7C+cell_type+%3D%3D+AN06A027+%7C%7C+cell_type+%3D%3D+ANXXX989+%7C%7C+cell_type+%3D%3D+AN07B051+%7C%7C+cell_type+%3D%3D+AN07B049+%7C%7C+cell_type+%3D%3D+AN08B069+%7C%7C+cell_type+%3D%3D+AN08B089+%7C%7C+cell_type+%3D%3D+AN09B044+%7C%7C+cell_type+%3D%3D+AN01A049+%7C%7C+cell_type+%3D%3D+AN07B060+%7C%7C+cell_type+%3D%3D+AN09B034+%7C%7C+cell_type+%3D%3D+AN08B031+%7C%7C+cell_type+%3D%3D+AN06B999+%7C%7C+cell_type+%3D%3D+AN05B083+%7C%7C+cell_type+%3D%3D+AN06A041+%7C%7C+cell_type+%3D%3D+AN03B095+%7C%7C+cell_type+%3D%3D+AN07B042+%7C%7C+cell_type+%3D%3D+vMS13+%7C%7C+cell_type+%3D%3D+ANXXX410+%7C%7C+cell_type+%3D%3D+ANXXX202+%7C%7C+cell_type+%3D%3D+AN08B071+%7C%7C+cell_type+%3D%3D+AN08B079+%7C%7C+cell_type+%3D%3D+AN07B072+%7C%7C+cell_type+%3D%3D+AN17A076+%7C%7C+cell_type+%3D%3D+AN08B998+%7C%7C+cell_type+%3D%3D+AN05B076+%7C%7C+cell_type+%3D%3D+AN07B041+%7C%7C+cell_type+%3D%3D+AN01B018+%7C%7C+cell_type+%3D%3D+AN07B043+%7C%7C+cell_type+%3D%3D+AN_GNG_SAD_6+%7C%7C+cell_type+%3D%3D+AN06B048+%7C%7C+cell_type+%3D%3D+AN19B046+%7C%7C+cell_type+%3D%3D+AN03B050+%7C%7C+cell_type+%3D%3D+AN10B031+%7C%7C+cell_type+%3D%3D+AN19B051+%7C%7C+cell_type+%3D%3D+AN07B056+%7C%7C+cell_type+%3D%3D+AN19B101+%7C%7C+cell_type+%3D%3D+AN08B100+%7C%7C+cell_type+%3D%3D+AN19B079+%7C%7C+cell_type+%3D%3D+AN10B037+%7C%7C+cell_type+%3D%3D+AN07B071+%7C%7C+cell_type+%3D%3D+AN10B047+%7C%7C+cell_type+%3D%3D+AN07B063+%7C%7C+cell_type+%3D%3D+ANXXX990+%7C%7C+cell_type+%3D%3D+AN06B057+%7C%7C+cell_type+%3D%3D+AN06A062+%7C%7C+cell_type+%3D%3D+AN06A080+%7C%7C+cell_type+%3D%3D+AN19B074+%7C%7C+cell_type+%3D%3D+AN07B082+%7C%7C+cell_type+%3D%3D+ANXXX404+%7C%7C+cell_type+%3D%3D+AN19B076+%7C%7C+cell_type+%3D%3D+AN07B057+%7C%7C+cell_type+%3D%3D+AN12B055+%7C%7C+cell_type+%3D%3D+AN10B034+%7C%7C+cell_type+%3D%3D+AN19B065+%7C%7C+cell_type+%3D%3D+AN07B091+%7C%7C+cell_type+%3D%3D+AN10B033+%7C%7C+cell_type+%3D%3D+AN06A092+%7C%7C+cell_type+%3D%3D+AN08B109+%7C%7C+cell_type+%3D%3D+AN08B097+%7C%7C+cell_type+%3D%3D+AN08B098+%7C%7C+cell_type+%3D%3D+AN05B067+%7C%7C+cell_type+%3D%3D+AN12B076+%7C%7C+cell_type+%3D%3D+AN06A095+%7C%7C+cell_type+%3D%3D+AN12B060+%7C%7C+cell_type+%3D%3D+AN08B095+%7C%7C+cell_type+%3D%3D+AN10B053+%7C%7C+cell_type+%3D%3D+AN19B060+%7C%7C+cell_type+%3D%3D+AN10B051+%7C%7C+cell_type+%3D%3D+AN07B069+%7C%7C+cell_type+%3D%3D+AN19B063+%7C%7C+cell_type+%3D%3D+AN08B094+%7C%7C+cell_type+%3D%3D+AN06B075+%7C%7C+cell_type+%3D%3D+AN07B076+%7C%7C+cell_type+%3D%3D+AN10B048+%7C%7C+cell_type+%3D%3D+AN07B050+%7C%7C+cell_type+%3D%3D+AN19B093+%7C%7C+cell_type+%3D%3D+AN19B102+%7C%7C+cell_type+%3D%3D+AN19B104+%7C%7C+cell_type+%3D%3D+AN06A112+%7C%7C+cell_type+%3D%3D+AN10B049+%7C%7C+cell_type+%3D%3D+AN07B078+%7C%7C+cell_type+%3D%3D+AN10B060+%7C%7C+cell_type+%3D%3D+AN07B085+%7C%7C+cell_type+%3D%3D+AN08B101+%7C%7C+cell_type+%3D%3D+AN16B081+%7C%7C+cell_type+%3D%3D+AN12B089+%7C%7C+cell_type+%3D%3D+AN10B056+%7C%7C+cell_type+%3D%3D+AN02A046+%7C%7C+cell_type+%3D%3D+AN10B046+%7C%7C+cell_type+%3D%3D+AN19B100+%7C%7C+cell_type+%3D%3D+AN16B078+%7C%7C+cell_type+%3D%3D+AN07B089+%7C%7C+cell_type+%3D%3D+AN08B107+%7C%7C+cell_type+%3D%3D+AN10B045+%7C%7C+cell_type+%3D%3D+AN08B103+%7C%7C+cell_type+%3D%3D+AN08B110+%7C%7C+cell_type+%3D%3D+AN16B116+%7C%7C+cell_type+%3D%3D+AN07B095+%7C%7C+cell_type+%3D%3D+AN16B078_b+%7C%7C+cell_type+%3D%3D+AN16B112+%7C%7C+cell_type+%3D%3D+AN08B102+%7C%7C+cell_type+%3D%3D+AN10B039+%7C%7C+cell_type+%3D%3D+AN07B101+%7C%7C+cell_type+%3D%3D+AN07B101_b+%7C%7C+cell_type+%3D%3D+AN07B072_b+%7C%7C+cell_type+%3D%3D+AN08B096+%7C%7C+cell_type+%3D%3D+AN08B043+%7C%7C+cell_type+%3D%3D+AN08B112+%7C%7C+cell_type+%3D%3D+AN08B106+%7C%7C+cell_type+%3D%3D+AN08B113+%7C%7C+cell_type+%3D%3D+AN08B111+%7C%7C+cell_type+%3D%3D+AN_GNG_90+%7C%7C+cell_type+%3D%3D+AN08B059+%7C%7C+cell_type+%3D%3D+AN19B098+%7C%7C+cell_type+%3D%3D+AN_GNG_1+%7C%7C+cell_type+%3D%3D+AN18B020+%7C%7C+cell_type+%3D%3D+AN05B048+%7C%7C+cell_type+%3D%3D+AN19B106+%7C%7C+cell_type+%3D%3D+ANXXX157+%7C%7C+cell_type+%3D%3D+AN10B015_b+%7C%7C+cell_type+%3D%3D+AN05B036+%7C%7C+cell_type+%3D%3D+AN08B079_b+%7C%7C+cell_type+%3D%3D+AN_GNG_69+%7C%7C+cell_type+%3D%3D+AN19B099+%7C%7C+cell_type+%3D%3D+AN08B099_a+%7C%7C+cell_type+%3D%3D+AN17B002+%7C%7C+cell_type+%3D%3D+AN10B005+%7C%7C+cell_type+%3D%3D+AN10B061+%7C%7C+cell_type+%3D%3D+AN00A009+%7C%7C+cell_type+%3D%3D+AN02A002+%7C%7C+cell_type+%3D%3D+AN17B011+%7C%7C+cell_type+%3D%3D+AN09B007+%7C%7C+cell_type+%3D%3D+AN_GNG_167+%7C%7C+cell_type+%3D%3D+AN_GNG_181+%7C%7C+cell_type+%3D%3D+AN10B035&sort_by=&page_size=100"
"descending","https://spelunker.cave-explorer.org/#!middleauth+https://global.daf-apis.com/nglstate/api/v1/6031172944527360","https://codex.flywire.ai/app/search?dataset=banc&filter_string=cell_type+%3D%3D+DNp32+%7C%7C+cell_type+%3D%3D+DNd02+%7C%7C+cell_type+%3D%3D+DNg100+%7C%7C+cell_type+%3D%3D+DNd03+%7C%7C+cell_type+%3D%3D+DNp30+%7C%7C+cell_type+%3D%3D+DNg74_a+%7C%7C+cell_type+%3D%3D+DNp103+%7C%7C+cell_type+%3D%3D+DNge149+%7C%7C+cell_type+%3D%3D+DNg98+%7C%7C+cell_type+%3D%3D+DNge050+%7C%7C+cell_type+%3D%3D+DNg34+%7C%7C+cell_type+%3D%3D+DNp27+%7C%7C+cell_type+%3D%3D+DNg75+%7C%7C+cell_type+%3D%3D+DNg16+%7C%7C+cell_type+%3D%3D+DNg74_b+%7C%7C+cell_type+%3D%3D+DNb05+%7C%7C+cell_type+%3D%3D+DNge047+%7C%7C+cell_type+%3D%3D+DNp10+%7C%7C+cell_type+%3D%3D+DNg35+%7C%7C+cell_type+%3D%3D+DNae009+%7C%7C+cell_type+%3D%3D+DNg108+%7C%7C+cell_type+%3D%3D+DNge150+%7C%7C+cell_type+%3D%3D+DNg97+%7C%7C+cell_type+%3D%3D+DNp31+%7C%7C+cell_type+%3D%3D+DNge037+%7C%7C+cell_type+%3D%3D+DNg105+%7C%7C+cell_type+%3D%3D+DNa02+%7C%7C+cell_type+%3D%3D+DNge036+%7C%7C+cell_type+%3D%3D+DNge053+%7C%7C+cell_type+%3D%3D+DNge129+%7C%7C+cell_type+%3D%3D+DNa03+%7C%7C+cell_type+%3D%3D+DNge035+%7C%7C+cell_type+%3D%3D+DNpe056+%7C%7C+cell_type+%3D%3D+DNge049+%7C%7C+cell_type+%3D%3D+DNa13+%7C%7C+cell_type+%3D%3D+DNa10+%7C%7C+cell_type+%3D%3D+DNp01+%7C%7C+cell_type+%3D%3D+DNbe001+%7C%7C+cell_type+%3D%3D+DNc01+%7C%7C+cell_type+%3D%3D+DNp43+%7C%7C+cell_type+%3D%3D+DNg93+%7C%7C+cell_type+%3D%3D+DNp06+%7C%7C+cell_type+%3D%3D+DNge048+%7C%7C+cell_type+%3D%3D+DNp35+%7C%7C+cell_type+%3D%3D+DNg102+%7C%7C+cell_type+%3D%3D+DNbe004+%7C%7C+cell_type+%3D%3D+DNa11+%7C%7C+cell_type+%3D%3D+DNge104+%7C%7C+cell_type+%3D%3D+DNg29+%7C%7C+cell_type+%3D%3D+DNge073+%7C%7C+cell_type+%3D%3D+DNpe021+%7C%7C+cell_type+%3D%3D+DNp48+%7C%7C+cell_type+%3D%3D+DNa01+%7C%7C+cell_type+%3D%3D+DNpe045+%7C%7C+cell_type+%3D%3D+DNg88+%7C%7C+cell_type+%3D%3D+DNge136+%7C%7C+cell_type+%3D%3D+DNp18+%7C%7C+cell_type+%3D%3D+DNae005+%7C%7C+cell_type+%3D%3D+DNa06+%7C%7C+cell_type+%3D%3D+DNg104+%7C%7C+cell_type+%3D%3D+DNge138+%7C%7C+cell_type+%3D%3D+DNpe027_ab+%7C%7C+cell_type+%3D%3D+DNg13+%7C%7C+cell_type+%3D%3D+DNp68+%7C%7C+cell_type+%3D%3D+DNpe020+%7C%7C+cell_type+%3D%3D+DNp59+%7C%7C+cell_type+%3D%3D+DNp11+%7C%7C+cell_type+%3D%3D+DNg70+%7C%7C+cell_type+%3D%3D+DNg27+%7C%7C+cell_type+%3D%3D+DNa16+%7C%7C+cell_type+%3D%3D+DNae002+%7C%7C+cell_type+%3D%3D+DNa09+%7C%7C+cell_type+%3D%3D+DNp13+%7C%7C+cell_type+%3D%3D+DNd05+%7C%7C+cell_type+%3D%3D+DNge141+%7C%7C+cell_type+%3D%3D+DNp34+%7C%7C+cell_type+%3D%3D+DNp14+%7C%7C+cell_type+%3D%3D+DNp104+%7C%7C+cell_type+%3D%3D+DNp63+%7C%7C+cell_type+%3D%3D+DNp55+%7C%7C+cell_type+%3D%3D+DNp12+%7C%7C+cell_type+%3D%3D+DNg15+%7C%7C+cell_type+%3D%3D+DNae007+%7C%7C+cell_type+%3D%3D+DNg68+%7C%7C+cell_type+%3D%3D+DNge079+%7C%7C+cell_type+%3D%3D+DNg55+%7C%7C+cell_type+%3D%3D+DNge041+%7C%7C+cell_type+%3D%3D+DNge142+%7C%7C+cell_type+%3D%3D+DNg96+%7C%7C+cell_type+%3D%3D+DNge140+%7C%7C+cell_type+%3D%3D+DNge054+%7C%7C+cell_type+%3D%3D+DNb09+%7C%7C+cell_type+%3D%3D+DNp62+%7C%7C+cell_type+%3D%3D+DNp29+%7C%7C+cell_type+%3D%3D+DNge040+%7C%7C+cell_type+%3D%3D+DNbe002+%7C%7C+cell_type+%3D%3D+DNp09+%7C%7C+cell_type+%3D%3D+DNpe017+%7C%7C+cell_type+%3D%3D+DNb01+%7C%7C+cell_type+%3D%3D+aSP22+%7C%7C+cell_type+%3D%3D+DNp66+%7C%7C+cell_type+%3D%3D+DNp64+%7C%7C+cell_type+%3D%3D+DNp70+%7C%7C+cell_type+%3D%3D+DNae003+%7C%7C+cell_type+%3D%3D+DNge032+%7C%7C+cell_type+%3D%3D+DNa04+%7C%7C+cell_type+%3D%3D+DNp102+%7C%7C+cell_type+%3D%3D+DNd04+%7C%7C+cell_type+%3D%3D+DNp23+%7C%7C+cell_type+%3D%3D+DNp47+%7C%7C+cell_type+%3D%3D+DNp73+%7C%7C+cell_type+%3D%3D+DNg111+%7C%7C+cell_type+%3D%3D+DNpe031+%7C%7C+cell_type+%3D%3D+DNp49+%7C%7C+cell_type+%3D%3D+DNg43+%7C%7C+cell_type+%3D%3D+DNge119+%7C%7C+cell_type+%3D%3D+DNa15+%7C%7C+cell_type+%3D%3D+DNge063+%7C%7C+cell_type+%3D%3D+DNp07+%7C%7C+cell_type+%3D%3D+DNp08+%7C%7C+cell_type+%3D%3D+DNpe005+%7C%7C+cell_type+%3D%3D+DNbe007+%7C%7C+cell_type+%3D%3D+DNg49+%7C%7C+cell_type+%3D%3D+DNbe003+%7C%7C+cell_type+%3D%3D+DNge135+%7C%7C+cell_type+%3D%3D+DNpe026+%7C%7C+cell_type+%3D%3D+DNpe025+%7C%7C+cell_type+%3D%3D+DNge059+%7C%7C+cell_type+%3D%3D+DNpe023+%7C%7C+cell_type+%3D%3D+DNge132+%7C%7C+cell_type+%3D%3D+DNpe043+%7C%7C+cell_type+%3D%3D+DNae010+%7C%7C+cell_type+%3D%3D+DNbe005+%7C%7C+cell_type+%3D%3D+DNp57+%7C%7C+cell_type+%3D%3D+DNpe002+%7C%7C+cell_type+%3D%3D+DNg22+%7C%7C+cell_type+%3D%3D+DNg99+%7C%7C+cell_type+%3D%3D+DNg109+%7C%7C+cell_type+%3D%3D+DNp101+%7C%7C+cell_type+%3D%3D+DNge107+%7C%7C+cell_type+%3D%3D+DNp02+%7C%7C+cell_type+%3D%3D+DNp45+%7C%7C+cell_type+%3D%3D+DNpe042+%7C%7C+cell_type+%3D%3D+DNde005+%7C%7C+cell_type+%3D%3D+DNp38+%7C%7C+cell_type+%3D%3D+DNge151+%7C%7C+cell_type+%3D%3D+DNp19+%7C%7C+cell_type+%3D%3D+DNg66+%7C%7C+cell_type+%3D%3D+DNpe016+%7C%7C+cell_type+%3D%3D+DNge003+%7C%7C+cell_type+%3D%3D+MDN+%7C%7C+cell_type+%3D%3D+DNb06+%7C%7C+cell_type+%3D%3D+DNg103+%7C%7C+cell_type+%3D%3D+DNge007+%7C%7C+cell_type+%3D%3D+DNp26+%7C%7C+cell_type+%3D%3D+DNge075+%7C%7C+cell_type+%3D%3D+DNp05+%7C%7C+cell_type+%3D%3D+DNxl114+%7C%7C+cell_type+%3D%3D+DNb08+%7C%7C+cell_type+%3D%3D+DNpe050+%7C%7C+cell_type+%3D%3D+DNpe049+%7C%7C+cell_type+%3D%3D+DNg90+%7C%7C+cell_type+%3D%3D+DNp54+%7C%7C+cell_type+%3D%3D+DNb04+%7C%7C+cell_type+%3D%3D+DNge006+%7C%7C+cell_type+%3D%3D+DNg80+%7C%7C+cell_type+%3D%3D+DNpe006+%7C%7C+cell_type+%3D%3D+DNge099+%7C%7C+cell_type+%3D%3D+DNp03+%7C%7C+cell_type+%3D%3D+DNge046+%7C%7C+cell_type+%3D%3D+DNa05+%7C%7C+cell_type+%3D%3D+DNg30+%7C%7C+cell_type+%3D%3D+DNge143+%7C%7C+cell_type+%3D%3D+DNge124+%7C%7C+cell_type+%3D%3D+DNae001+%7C%7C+cell_type+%3D%3D+DNge122+%7C%7C+cell_type+%3D%3D+DNp58+%7C%7C+cell_type+%3D%3D+DNge038+%7C%7C+cell_type+%3D%3D+DNpe055+%7C%7C+cell_type+%3D%3D+DNg84+%7C%7C+cell_type+%3D%3D+DNg79+%7C%7C+cell_type+%3D%3D+DNge084+%7C%7C+cell_type+%3D%3D+DNg101+%7C%7C+cell_type+%3D%3D+DNb07+%7C%7C+cell_type+%3D%3D+DNpe032+%7C%7C+cell_type+%3D%3D+DNg91+%7C%7C+cell_type+%3D%3D+DNg33+%7C%7C+cell_type+%3D%3D+DNpe036+%7C%7C+cell_type+%3D%3D+DNge103+%7C%7C+cell_type+%3D%3D+DNp04+%7C%7C+cell_type+%3D%3D+DNde002+%7C%7C+cell_type+%3D%3D+DNg69+%7C%7C+cell_type+%3D%3D+DNde006+%7C%7C+cell_type+%3D%3D+DNg87+%7C%7C+cell_type+%3D%3D+DNge023+%7C%7C+cell_type+%3D%3D+DNge042+%7C%7C+cell_type+%3D%3D+DNg39+%7C%7C+cell_type+%3D%3D+DNg24+%7C%7C+cell_type+%3D%3D+DNge083+%7C%7C+cell_type+%3D%3D+DNpe030+%7C%7C+cell_type+%3D%3D+DNg14+%7C%7C+cell_type+%3D%3D+DNp22+%7C%7C+cell_type+%3D%3D+DNge043+%7C%7C+cell_type+%3D%3D+DNde001+%7C%7C+cell_type+%3D%3D+DNg31+%7C%7C+cell_type+%3D%3D+DNge148+%7C%7C+cell_type+%3D%3D+DNge004+%7C%7C+cell_type+%3D%3D+DNge172+%7C%7C+cell_type+%3D%3D+DNg40+%7C%7C+cell_type+%3D%3D+DNg85+%7C%7C+cell_type+%3D%3D+DNp44+%7C%7C+cell_type+%3D%3D+DNge131+%7C%7C+cell_type+%3D%3D+DNg78+%7C%7C+cell_type+%3D%3D+oviDNb+%7C%7C+cell_type+%3D%3D+DNae008+%7C%7C+cell_type+%3D%3D+DNge060+%7C%7C+cell_type+%3D%3D+DNg37+%7C%7C+cell_type+%3D%3D+DNge139+%7C%7C+cell_type+%3D%3D+DNg95+%7C%7C+cell_type+%3D%3D+DNpe037+%7C%7C+cell_type+%3D%3D+DNa14+%7C%7C+cell_type+%3D%3D+oviDNa_b+%7C%7C+cell_type+%3D%3D+DNp56+%7C%7C+cell_type+%3D%3D+DNbe006+%7C%7C+cell_type+%3D%3D+DNg56+%7C%7C+cell_type+%3D%3D+DNg81+%7C%7C+cell_type+%3D%3D+DNge011+%7C%7C+cell_type+%3D%3D+DNg59+%7C%7C+cell_type+%3D%3D+DNpe024+%7C%7C+cell_type+%3D%3D+DNpe013+%7C%7C+cell_type+%3D%3D+DNge082+%7C%7C+cell_type+%3D%3D+DNge153+%7C%7C+cell_type+%3D%3D+DNpe001+%7C%7C+cell_type+%3D%3D+DNpe039+%7C%7C+cell_type+%3D%3D+DNp53+%7C%7C+cell_type+%3D%3D+DNpe038+%7C%7C+cell_type+%3D%3D+DNpe003+%7C%7C+cell_type+%3D%3D+DNge146+%7C%7C+cell_type+%3D%3D+DNge055+%7C%7C+cell_type+%3D%3D+DNp46+%7C%7C+cell_type+%3D%3D+DNge027+%7C%7C+cell_type+%3D%3D+DNge133+%7C%7C+cell_type+%3D%3D+DNg65+%7C%7C+cell_type+%3D%3D+DNge125+%7C%7C+cell_type+%3D%3D+DNpe040+%7C%7C+cell_type+%3D%3D+DNg60+%7C%7C+cell_type+%3D%3D+DNge065+%7C%7C+cell_type+%3D%3D+DNp36+%7C%7C+cell_type+%3D%3D+DNp33+%7C%7C+cell_type+%3D%3D+DNg32+%7C%7C+cell_type+%3D%3D+DNp71+%7C%7C+cell_type+%3D%3D+DNpe007+%7C%7C+cell_type+%3D%3D+DNg63+%7C%7C+cell_type+%3D%3D+DNge026+%7C%7C+cell_type+%3D%3D+DNge076+%7C%7C+cell_type+%3D%3D+DNge051+%7C%7C+cell_type+%3D%3D+DNge002+%7C%7C+cell_type+%3D%3D+DNp65+%7C%7C+cell_type+%3D%3D+DNfl033+%7C%7C+cell_type+%3D%3D+DNpe028+%7C%7C+cell_type+%3D%3D+DNg48+%7C%7C+cell_type+%3D%3D+DNge056+%7C%7C+cell_type+%3D%3D+DNge127+%7C%7C+cell_type+%3D%3D+DNg71+%7C%7C+cell_type+%3D%3D+DNg23+%7C%7C+cell_type+%3D%3D+DNge067+%7C%7C+cell_type+%3D%3D+DNg44+%7C%7C+cell_type+%3D%3D+DNge033+%7C%7C+cell_type+%3D%3D+DNp67+%7C%7C+cell_type+%3D%3D+DNge013+%7C%7C+cell_type+%3D%3D+DNge101+%7C%7C+cell_type+%3D%3D+DNg26+%7C%7C+cell_type+%3D%3D+DNge173+%7C%7C+cell_type+%3D%3D+DNp15+%7C%7C+cell_type+%3D%3D+DNge030+%7C%7C+cell_type+%3D%3D+DNge106+%7C%7C+cell_type+%3D%3D+DNp60+%7C%7C+cell_type+%3D%3D+oviDNa_a+%7C%7C+cell_type+%3D%3D+DNp37+%7C%7C+cell_type+%3D%3D+DNge062+%7C%7C+cell_type+%3D%3D+DNge123+%7C%7C+cell_type+%3D%3D+DNde007+%7C%7C+cell_type+%3D%3D+DNb02+%7C%7C+cell_type+%3D%3D+DNge022+%7C%7C+cell_type+%3D%3D+DNg54+%7C%7C+cell_type+%3D%3D+DNg04+%7C%7C+cell_type+%3D%3D+DNde003+%7C%7C+cell_type+%3D%3D+DNg38+%7C%7C+cell_type+%3D%3D+DNg17+%7C%7C+cell_type+%3D%3D+DNg52+%7C%7C+cell_type+%3D%3D+DNpe052+%7C%7C+cell_type+%3D%3D+DNp24+%7C%7C+cell_type+%3D%3D+DNge080+%7C%7C+cell_type+%3D%3D+DNg51+%7C%7C+cell_type+%3D%3D+DNg73+%7C%7C+cell_type+%3D%3D+DNge074+%7C%7C+cell_type+%3D%3D+DNpe019+%7C%7C+cell_type+%3D%3D+DNge039+%7C%7C+cell_type+%3D%3D+DNpe035+%7C%7C+cell_type+%3D%3D+DNge064+%7C%7C+cell_type+%3D%3D+DNg62+%7C%7C+cell_type+%3D%3D+DNg61+%7C%7C+cell_type+%3D%3D+DNge005+%7C%7C+cell_type+%3D%3D+DNge088+%7C%7C+cell_type+%3D%3D+DNge052+%7C%7C+cell_type+%3D%3D+DNae006+%7C%7C+cell_type+%3D%3D+DNge070+%7C%7C+cell_type+%3D%3D+DNge121+%7C%7C+cell_type+%3D%3D+DNge001+%7C%7C+cell_type+%3D%3D+DNge069+%7C%7C+cell_type+%3D%3D+DNg41+%7C%7C+cell_type+%3D%3D+DNae004+%7C%7C+cell_type+%3D%3D+DNge105+%7C%7C+cell_type+%3D%3D+DNg89+%7C%7C+cell_type+%3D%3D+DNg05_a+%7C%7C+cell_type+%3D%3D+DNpe034+%7C%7C+cell_type+%3D%3D+DNp20+%7C%7C+cell_type+%3D%3D+DNpe014+%7C%7C+cell_type+%3D%3D+DNg107+%7C%7C+cell_type+%3D%3D+DNpe033+%7C%7C+cell_type+%3D%3D+DNg42+%7C%7C+cell_type+%3D%3D+DNge018+%7C%7C+cell_type+%3D%3D+DNge078+%7C%7C+cell_type+%3D%3D+DNge077+%7C%7C+cell_type+%3D%3D+DNge174+%7C%7C+cell_type+%3D%3D+DNge137+%7C%7C+cell_type+%3D%3D+DNge086+%7C%7C+cell_type+%3D%3D+DNge096+%7C%7C+cell_type+%3D%3D+DNpe046+%7C%7C+cell_type+%3D%3D+DNg19+%7C%7C+cell_type+%3D%3D+DNpe047+%7C%7C+cell_type+%3D%3D+DNg50+%7C%7C+cell_type+%3D%3D+DNg76+%7C%7C+cell_type+%3D%3D+DNa07+%7C%7C+cell_type+%3D%3D+DNg47+%7C%7C+cell_type+%3D%3D+DNg106+%7C%7C+cell_type+%3D%3D+DNge028+%7C%7C+cell_type+%3D%3D+DNp39+%7C%7C+cell_type+%3D%3D+DNg58+%7C%7C+cell_type+%3D%3D+DNge102+%7C%7C+cell_type+%3D%3D+DNg46+%7C%7C+cell_type+%3D%3D+DNp51+%7C%7C+cell_type+%3D%3D+DNge120+%7C%7C+cell_type+%3D%3D+DNb03+%7C%7C+cell_type+%3D%3D+DNg20+%7C%7C+cell_type+%3D%3D+DNpe004+%7C%7C+cell_type+%3D%3D+DNg72+%7C%7C+cell_type+%3D%3D+DNge012+%7C%7C+cell_type+%3D%3D+DNg64+%7C%7C+cell_type+%3D%3D+DNg67+%7C%7C+cell_type+%3D%3D+DNa08+%7C%7C+cell_type+%3D%3D+DNge175+%7C%7C+cell_type+%3D%3D+DNge130+%7C%7C+cell_type+%3D%3D+DNpe044+%7C%7C+cell_type+%3D%3D+DNge044+%7C%7C+cell_type+%3D%3D+DNge147+%7C%7C+cell_type+%3D%3D+DNg21+%7C%7C+cell_type+%3D%3D+DNg45+%7C%7C+cell_type+%3D%3D+DNge016+%7C%7C+cell_type+%3D%3D+DNp41+%7C%7C+cell_type+%3D%3D+DNge034+%7C%7C+cell_type+%3D%3D+DNge144+%7C%7C+cell_type+%3D%3D+DNge058+%7C%7C+cell_type+%3D%3D+DNg82+%7C%7C+cell_type+%3D%3D+DNge100+%7C%7C+cell_type+%3D%3D+DNge068+%7C%7C+cell_type+%3D%3D+DNge145+%7C%7C+cell_type+%3D%3D+DNge081+%7C%7C+cell_type+%3D%3D+DNge128+%7C%7C+cell_type+%3D%3D+DNge019+%7C%7C+cell_type+%3D%3D+DNg02_h+%7C%7C+cell_type+%3D%3D+DNg02_d+%7C%7C+cell_type+%3D%3D+DNg94+%7C%7C+cell_type+%3D%3D+DNp16+%7C%7C+cell_type+%3D%3D+DNg11+%7C%7C+cell_type+%3D%3D+DNpe029+%7C%7C+cell_type+%3D%3D+DNge045+%7C%7C+cell_type+%3D%3D+DNge014+%7C%7C+cell_type+%3D%3D+DNge025+%7C%7C+cell_type+%3D%3D+DNg02_f+%7C%7C+cell_type+%3D%3D+DNg57+%7C%7C+cell_type+%3D%3D+DNge091+%7C%7C+cell_type+%3D%3D+DNg09+%7C%7C+cell_type+%3D%3D+DNge113+%7C%7C+cell_type+%3D%3D+DNge097+%7C%7C+cell_type+%3D%3D+DNg02_b+%7C%7C+cell_type+%3D%3D+DNge110+%7C%7C+cell_type+%3D%3D+DNg110+%7C%7C+cell_type+%3D%3D+DNg12_a+%7C%7C+cell_type+%3D%3D+DNge010+%7C%7C+cell_type+%3D%3D+DNg02_g+%7C%7C+cell_type+%3D%3D+DNpe010+%7C%7C+cell_type+%3D%3D+DNg92_a+%7C%7C+cell_type+%3D%3D+DNg02_c+%7C%7C+cell_type+%3D%3D+DNge072+%7C%7C+cell_type+%3D%3D+DNg01+%7C%7C+cell_type+%3D%3D+DNg02_a+%7C%7C+cell_type+%3D%3D+DNg08_b+%7C%7C+cell_type+%3D%3D+DNpe041+%7C%7C+cell_type+%3D%3D+DNg12_b+%7C%7C+cell_type+%3D%3D+DNg36_a+%7C%7C+cell_type+%3D%3D+DNge029+%7C%7C+cell_type+%3D%3D+DNg07+%7C%7C+cell_type+%3D%3D+DNge111+%7C%7C+cell_type+%3D%3D+DNge134+%7C%7C+cell_type+%3D%3D+DNge061+%7C%7C+cell_type+%3D%3D+DNge154+%7C%7C+cell_type+%3D%3D+DNge090+%7C%7C+cell_type+%3D%3D+DNg03+%7C%7C+cell_type+%3D%3D+DNg08_a+%7C%7C+cell_type+%3D%3D+DNg05_b+%7C%7C+cell_type+%3D%3D+DNge095+%7C%7C+cell_type+%3D%3D+DNg83+%7C%7C+cell_type+%3D%3D+DNg06+%7C%7C+cell_type+%3D%3D+DNpe011+%7C%7C+cell_type+%3D%3D+DNge115+%7C%7C+cell_type+%3D%3D+DNge017+%7C%7C+cell_type+%3D%3D+DNge118+%7C%7C+cell_type+%3D%3D+DNg12_e+%7C%7C+cell_type+%3D%3D+DNge116+%7C%7C+cell_type+%3D%3D+DNg92_b+%7C%7C+cell_type+%3D%3D+DNge020+%7C%7C+cell_type+%3D%3D+DNp28+%7C%7C+cell_type+%3D%3D+DNpe054+%7C%7C+cell_type+%3D%3D+DNge009+%7C%7C+cell_type+%3D%3D+DNge085+%7C%7C+cell_type+%3D%3D+DNpe012+%7C%7C+cell_type+%3D%3D+DNp17+%7C%7C+cell_type+%3D%3D+DNg12_c+%7C%7C+cell_type+%3D%3D+DNge109+%7C%7C+cell_type+%3D%3D+DNg18_b+%7C%7C+cell_type+%3D%3D+DNge089+%7C%7C+cell_type+%3D%3D+DNge057+%7C%7C+cell_type+%3D%3D+DNge093+%7C%7C+cell_type+%3D%3D+DNge094+%7C%7C+cell_type+%3D%3D+DNut054+%7C%7C+cell_type+%3D%3D+DNp72+%7C%7C+cell_type+%3D%3D+DNg36_b+%7C%7C+cell_type+%3D%3D+DNge117+%7C%7C+cell_type+%3D%3D+DNfl028+%7C%7C+cell_type+%3D%3D+DNpe008+%7C%7C+cell_type+%3D%3D+DNg12_d+%7C%7C+cell_type+%3D%3D+DNpe018+%7C%7C+cell_type+%3D%3D+DNge087+%7C%7C+cell_type+%3D%3D+DNfl030+%7C%7C+cell_type+%3D%3D+DNge071+%7C%7C+cell_type+%3D%3D+DNge114+%7C%7C+cell_type+%3D%3D+DNnt008+%7C%7C+cell_type+%3D%3D+DNg08+%7C%7C+cell_type+%3D%3D+DNge024+%7C%7C+cell_type+%3D%3D+DNge015+%7C%7C+cell_type+%3D%3D+DNg10+%7C%7C+cell_type+%3D%3D+DNg18_a+%7C%7C+cell_type+%3D%3D+DNpe009+%7C%7C+cell_type+%3D%3D+DNge112+%7C%7C+cell_type+%3D%3D+DNge152+%7C%7C+cell_type+%3D%3D+DNit012+%7C%7C+cell_type+%3D%3D+DNp52+%7C%7C+cell_type+%3D%3D+DNpe048+%7C%7C+cell_type+%3D%3D+DNge031+%7C%7C+cell_type+%3D%3D+DNpe015+%7C%7C+cell_type+%3D%3D+DNp25+%7C%7C+cell_type+%3D%3D+DNp42+%7C%7C+cell_type+%3D%3D+DNg86+%7C%7C+cell_type+%3D%3D+DNge092+%7C%7C+cell_type+%3D%3D+DNg77+%7C%7C+cell_type+%3D%3D+DNp69+%7C%7C+cell_type+%3D%3D+DNpe027+%7C%7C+cell_type+%3D%3D+DNpe022+%7C%7C+cell_type+%3D%3D+DNc02+%7C%7C+cell_type+%3D%3D+DNge098+%7C%7C+cell_type+%3D%3D+DNpe053+%7C%7C+cell_type+%3D%3D+DNg53&sort_by=&page_size=100"
"efferent_clusters","https://spelunker.cave-explorer.org/#!middleauth+https://global.daf-apis.com/nglstate/api/v1/5625035711578112","https://codex.flywire.ai/app/search?dataset=banc&filter_string=cell_type+%3D%3D+EA00B006+%7C%7C+cell_type+%3D%3D+EA06B010+%7C%7C+cell_type+%3D%3D+DProN5+%7C%7C+cell_type+%3D%3D+DProN9+%7C%7C+cell_type+%3D%3D+CvN7+%7C%7C+cell_type+%3D%3D+CvNA1+%7C%7C+cell_type+%3D%3D+DProN4+%7C%7C+cell_type+%3D%3D+CvN9+%7C%7C+cell_type+%3D%3D+CvN5+%7C%7C+cell_type+%3D%3D+DProN2+%7C%7C+cell_type+%3D%3D+DProN8+%7C%7C+cell_type+%3D%3D+DProN3a+%7C%7C+cell_type+%3D%3D+EAXXX079+%7C%7C+cell_type+%3D%3D+CvN10+%7C%7C+cell_type+%3D%3D+DProN3b+%7C%7C+cell_type+%3D%3D+CvN4+%7C%7C+cell_type+%3D%3D+DProN7+%7C%7C+cell_type+%3D%3D+CvN1,CvN2+%7C%7C+cell_type+%3D%3D+CvN3+%7C%7C+cell_type+%3D%3D+CvN11+%7C%7C+cell_type+%3D%3D+CvN6+%7C%7C+cell_type+%3D%3D+DProN1+%7C%7C+cell_type+%3D%3D+CvNA2+%7C%7C+cell_type+%3D%3D+VCvN3+%7C%7C+cell_type+%3D%3D+DProN6+%7C%7C+cell_type+%3D%3D+VCvN1,VCvN2+%7C%7C+cell_type+%3D%3D+EA00B022+%7C%7C+cell_type+%3D%3D+DNg28+%7C%7C+cell_type+%3D%3D+EN00B019+%7C%7C+cell_type+%3D%3D+ENXXX226+%7C%7C+cell_type+%3D%3D+m_NSC_DH44+%7C%7C+cell_type+%3D%3D+EFFabg38+%7C%7C+cell_type+%3D%3D+femur_reductor+%7C%7C+cell_type+%3D%3D+sternal_adductor_MetaAN+%7C%7C+cell_type+%3D%3D+EFFabg41+%7C%7C+cell_type+%3D%3D+EFFabg12+%7C%7C+cell_type+%3D%3D+DVM3a-b+%7C%7C+cell_type+%3D%3D+EFFabg10+%7C%7C+cell_type+%3D%3D+ab-PDF+%7C%7C+cell_type+%3D%3D+EFFabg95f+%7C%7C+cell_type+%3D%3D+MN1+%7C%7C+cell_type+%3D%3D+EFFabg17+%7C%7C+cell_type+%3D%3D+EFFabg04+%7C%7C+cell_type+%3D%3D+CMU+%7C%7C+cell_type+%3D%3D+ENXXX286+%7C%7C+cell_type+%3D%3D+DLM1-4+%7C%7C+cell_type+%3D%3D+m_NSC_DILP+%7C%7C+cell_type+%3D%3D+EFFabg20+%7C%7C+cell_type+%3D%3D+long_tendon_muscle_ltm_B+%7C%7C+cell_type+%3D%3D+long_tendon_muscle_B_femur+%7C%7C+cell_type+%3D%3D+sternal_anterior_rotator_miller_31+%7C%7C+cell_type+%3D%3D+long_tendon_muscle_B+%7C%7C+cell_type+%3D%3D+accessory_tibia_flexor_A+%7C%7C+cell_type+%3D%3D+trochanter_flexor_MesoAN+%7C%7C+cell_type+%3D%3D+trochanter_extensor_LinJ+%7C%7C+cell_type+%3D%3D+trochanter_flexor_VProN+%7C%7C+cell_type+%3D%3D+trochanter_flexor_MesoLN_ventral_5+%7C%7C+cell_type+%3D%3D+MN2V+%7C%7C+cell_type+%3D%3D+DLM5+%7C%7C+cell_type+%3D%3D+MN6+%7C%7C+cell_type+%3D%3D+EFFabg01+%7C%7C+cell_type+%3D%3D+accessory_tibia_flexor_B+%7C%7C+cell_type+%3D%3D+tergopleural_promotor_pleural_promotor_miller_28_30+%7C%7C+cell_type+%3D%3D+sternal_adductor_ProAN+%7C%7C+cell_type+%3D%3D+EFFabg11+%7C%7C+cell_type+%3D%3D+EFFabg97f+%7C%7C+cell_type+%3D%3D+tergotrochanter_extensor+%7C%7C+cell_type+%3D%3D+EFFabg24+%7C%7C+cell_type+%3D%3D+MNx03+%7C%7C+cell_type+%3D%3D+femur_reductor_tiny+%7C%7C+cell_type+%3D%3D+EFFabg36+%7C%7C+cell_type+%3D%3D+EN21X001+%7C%7C+cell_type+%3D%3D+hi2 MN+%7C%7C+cell_type+%3D%3D+MN4b+%7C%7C+cell_type+%3D%3D+EFFabg47+%7C%7C+cell_type+%3D%3D+tarsus_depressor_A+%7C%7C+cell_type+%3D%3D+tibia_flexor+%7C%7C+cell_type+%3D%3D+EFFabg48+%7C%7C+cell_type+%3D%3D+DVM2a-b+%7C%7C+cell_type+%3D%3D+MNhl87+%7C%7C+cell_type+%3D%3D+l_NSC_DH31+%7C%7C+cell_type+%3D%3D+l_NSC_ITP+%7C%7C+cell_type+%3D%3D+EFFabg49+%7C%7C+cell_type+%3D%3D+l_NSC_CRZ+%7C%7C+cell_type+%3D%3D+l_NSC+%7C%7C+cell_type+%3D%3D+EN00B026+%7C%7C+cell_type+%3D%3D+MNxm02+%7C%7C+cell_type+%3D%3D+EN00B008_T1+%7C%7C+cell_type+%3D%3D+trochanter_flexor_posterior_soma+%7C%7C+cell_type+%3D%3D+accessory_tibia_flexor_A_out_of_bundle+%7C%7C+cell_type+%3D%3D+tibia_flexor_Fast+%7C%7C+cell_type+%3D%3D+trochanter_extensor+%7C%7C+cell_type+%3D%3D+tergopleural_promotor_pleural_promotor+%7C%7C+cell_type+%3D%3D+tarsus_depressor_dipalpha_ventralU+%7C%7C+cell_type+%3D%3D+long_tendon_muscle_A+%7C%7C+cell_type+%3D%3D+sternal_adductor+%7C%7C+cell_type+%3D%3D+trochanter_flexor_ProAN+%7C%7C+cell_type+%3D%3D+sternal_anterior_rotator+%7C%7C+cell_type+%3D%3D+pleural_remotor_and_abductor+%7C%7C+cell_type+%3D%3D+sternotrochanter_extensor+%7C%7C+cell_type+%3D%3D+accessory_tibia_flexor_C+%7C%7C+cell_type+%3D%3D+tarsus_depressor_B+%7C%7C+cell_type+%3D%3D+sternal_posterior_rotator+%7C%7C+cell_type+%3D%3D+tarsus_levator_D+%7C%7C+cell_type+%3D%3D+tibia_extensor_SETi+%7C%7C+cell_type+%3D%3D+sternotrochanter_extensor_MesoLN_dorsal_3+%7C%7C+cell_type+%3D%3D+femur_reductor_dorsomedial_ribbon+%7C%7C+cell_type+%3D%3D+trochanter_flexor_dorsomedial_ribbon+%7C%7C+cell_type+%3D%3D+sternotrochanter_extensor_ventrolateral_ribbon+%7C%7C+cell_type+%3D%3D+iv4+%7C%7C+cell_type+%3D%3D+iii4+%7C%7C+cell_type+%3D%3D+DVM1a-c+%7C%7C+cell_type+%3D%3D+b1+%7C%7C+cell_type+%3D%3D+tibia_extensor_FETi+%7C%7C+cell_type+%3D%3D+PSI+%7C%7C+cell_type+%3D%3D+SEZ_NSC_Hugin+%7C%7C+cell_type+%3D%3D+m_NSC_DMS+%7C%7C+cell_type+%3D%3D+m-NSC+%7C%7C+cell_type+%3D%3D+GNG651+%7C%7C+cell_type+%3D%3D+EFFabg21+%7C%7C+cell_type+%3D%3D+EFFabg19+%7C%7C+cell_type+%3D%3D+long_tendon_muscle_A_dipalpha+%7C%7C+cell_type+%3D%3D+accessory_trochanter_flexor+%7C%7C+cell_type+%3D%3D+trochanter_flexor_MesoLN_ventral_3+%7C%7C+cell_type+%3D%3D+iv3+%7C%7C+cell_type+%3D%3D+MNxm03+%7C%7C+cell_type+%3D%3D+PSn_u+%7C%7C+cell_type+%3D%3D+sternal_anterior_rotator_ventrolateral_ribbon+%7C%7C+cell_type+%3D%3D+EFFabg08+%7C%7C+cell_type+%3D%3D+EFFabg96f+%7C%7C+cell_type+%3D%3D+trochanter_flexor_ventrolateral_ribbon+%7C%7C+cell_type+%3D%3D+EFFabg35+%7C%7C+cell_type+%3D%3D+EN27X010+%7C%7C+cell_type+%3D%3D+EFFabg44+%7C%7C+cell_type+%3D%3D+sternal_posterior_rotator_MesoLN_dorsal_5+%7C%7C+cell_type+%3D%3D+MN7+%7C%7C+cell_type+%3D%3D+MN13+%7C%7C+cell_type+%3D%3D+MN2Da+%7C%7C+cell_type+%3D%3D+CB0750+%7C%7C+cell_type+%3D%3D+MN12D+%7C%7C+cell_type+%3D%3D+CB0873+%7C%7C+cell_type+%3D%3D+EFFabg37+%7C%7C+cell_type+%3D%3D+EN00B007+%7C%7C+cell_type+%3D%3D+MNhl88+%7C%7C+cell_type+%3D%3D+EFFabg18+%7C%7C+cell_type+%3D%3D+EN00B024+%7C%7C+cell_type+%3D%3D+EFFabg25+%7C%7C+cell_type+%3D%3D+EFFabg14+%7C%7C+cell_type+%3D%3D+EFFabg31+%7C%7C+cell_type+%3D%3D+tergotrochanter_extensor_MetaAN+%7C%7C+cell_type+%3D%3D+EFFabg33+%7C%7C+cell_type+%3D%3D+sternal_posterior_rotator_dorsomedial_ribbon+%7C%7C+cell_type+%3D%3D+MNad29+%7C%7C+cell_type+%3D%3D+EN00B008_T3+%7C%7C+cell_type+%3D%3D+EFFabg99f+%7C%7C+cell_type+%3D%3D+EFFabg07+%7C%7C+cell_type+%3D%3D+MN4a+%7C%7C+cell_type+%3D%3D+MNhm42+%7C%7C+cell_type+%3D%3D+hiii2 MN+%7C%7C+cell_type+%3D%3D+MNhl59+%7C%7C+cell_type+%3D%3D+pleural_remotor_and_abductor_dorsomedial_ribbon+%7C%7C+cell_type+%3D%3D+hDVM MN+%7C%7C+cell_type+%3D%3D+hi1 MN+%7C%7C+cell_type+%3D%3D+MNhm03+%7C%7C+cell_type+%3D%3D+MNx01+%7C%7C+cell_type+%3D%3D+CEM+%7C%7C+cell_type+%3D%3D+MN9+%7C%7C+cell_type+%3D%3D+EN00B011+%7C%7C+cell_type+%3D%3D+MN11V+%7C%7C+cell_type+%3D%3D+MNx05+%7C%7C+cell_type+%3D%3D+MNx02+%7C%7C+cell_type+%3D%3D+MN10+%7C%7C+cell_type+%3D%3D+i2+%7C%7C+cell_type+%3D%3D+tp1+%7C%7C+cell_type+%3D%3D+tp2+%7C%7C+cell_type+%3D%3D+CB0901+%7C%7C+cell_type+%3D%3D+CB0804+%7C%7C+cell_type+%3D%3D+trochanter_flexor_MesoAN_posterior_soma+%7C%7C+cell_type+%3D%3D+i1+%7C%7C+cell_type+%3D%3D+long_tendon_muscle_B_tibia+%7C%7C+cell_type+%3D%3D+b2+%7C%7C+cell_type+%3D%3D+b3+%7C%7C+cell_type+%3D%3D+MN8+%7C%7C+cell_type+%3D%3D+MNxm01+%7C%7C+cell_type+%3D%3D+MNx04+%7C%7C+cell_type+%3D%3D+iv1+%7C%7C+cell_type+%3D%3D+pleural_remotor_and_abductor_MesoLN_dorsal_5+%7C%7C+cell_type+%3D%3D+tergotrochanter_extensor_PDMN+%7C%7C+cell_type+%3D%3D+PS2+%7C%7C+cell_type+%3D%3D+iv2+%7C%7C+cell_type+%3D%3D+MNabgxxF+%7C%7C+cell_type+%3D%3D+EFFabg40+%7C%7C+cell_type+%3D%3D+EFFabg03+%7C%7C+cell_type+%3D%3D+EFFabg05+%7C%7C+cell_type+%3D%3D+EFFabg06+%7C%7C+cell_type+%3D%3D+EFFabg46+%7C%7C+cell_type+%3D%3D+EFFabg13+%7C%7C+cell_type+%3D%3D+EFFabg50+%7C%7C+cell_type+%3D%3D+EFFabg94f+%7C%7C+cell_type+%3D%3D+EFFabg39+%7C%7C+cell_type+%3D%3D+EFFabg98f+%7C%7C+cell_type+%3D%3D+EFFabg22+%7C%7C+cell_type+%3D%3D+EFFabg09+%7C%7C+cell_type+%3D%3D+EFFabg26+%7C%7C+cell_type+%3D%3D+EFFabg15+%7C%7C+cell_type+%3D%3D+EFFabg16+%7C%7C+cell_type+%3D%3D+EFFabg34+%7C%7C+cell_type+%3D%3D+EN00B015_T1+%7C%7C+cell_type+%3D%3D+pleural_remotor_and_abductor_miller_29+%7C%7C+cell_type+%3D%3D+tarsus_depressor_retro_tarsus_depressor+%7C%7C+cell_type+%3D%3D+mesVUM-MJ+%7C%7C+cell_type+%3D%3D+sternotrochanter_extensor_dorsomedial_ribbon+%7C%7C+cell_type+%3D%3D+tpn+%7C%7C+cell_type+%3D%3D+EN00B025+%7C%7C+cell_type+%3D%3D+EFFabg32+%7C%7C+cell_type+%3D%3D+EFFabg45+%7C%7C+cell_type+%3D%3D+EFFabg28+%7C%7C+cell_type+%3D%3D+MNad09+%7C%7C+cell_type+%3D%3D+MN11D+%7C%7C+cell_type+%3D%3D+MN5+%7C%7C+cell_type+%3D%3D+CB2748+%7C%7C+cell_type+%3D%3D+EN00B015+%7C%7C+cell_type+%3D%3D+EN00B008_T2+%7C%7C+cell_type+%3D%3D+MN2Db+%7C%7C+cell_type+%3D%3D+CB0886+%7C%7C+cell_type+%3D%3D+CB0723+%7C%7C+cell_type+%3D%3D+EN00B003+%7C%7C+cell_type+%3D%3D+EN00B016+%7C%7C+cell_type+%3D%3D+EFFabg42+%7C%7C+cell_type+%3D%3D+CB0810+%7C%7C+cell_type+%3D%3D+MN3M+%7C%7C+cell_type+%3D%3D+MNhm43+%7C%7C+cell_type+%3D%3D+EFFabg43+%7C%7C+cell_type+%3D%3D+ENXXX+%7C%7C+cell_type+%3D%3D+trochanter_extensor_MetaLN+%7C%7C+cell_type+%3D%3D+MNad26+%7C%7C+cell_type+%3D%3D+MNad07+%7C%7C+cell_type+%3D%3D+accessory_trochanter_flexor_MetaLN+%7C%7C+cell_type+%3D%3D+EFFabg27+%7C%7C+cell_type+%3D%3D+MN3L+%7C%7C+cell_type+%3D%3D+sternal_posterior_rotator_miller_32+%7C%7C+cell_type+%3D%3D+PS1+%7C%7C+cell_type+%3D%3D+sternal_anterior_rotator_MesoLN_ventral_1+%7C%7C+cell_type+%3D%3D+trochanter_flexor_MesoALN_posterior_soma+%7C%7C+cell_type+%3D%3D+sternal_adductor_MesoLN_dorsal_5+%7C%7C+cell_type+%3D%3D+trochanter_flexor_posterior_soma_ProAN+%7C%7C+cell_type+%3D%3D+EFFabg29+%7C%7C+cell_type+%3D%3D+iii1+%7C%7C+cell_type+%3D%3D+iii3+%7C%7C+cell_type+%3D%3D+EFFabg30+%7C%7C+cell_type+%3D%3D+tergotrochanter_extensor_TT+%7C%7C+cell_type+%3D%3D+ENXXX128+%7C%7C+cell_type+%3D%3D+sternal_anterior_rotator_MesoLN_ventral_2+%7C%7C+cell_type+%3D%3D+SEZ_NSC_CAPA+%7C%7C+cell_type+%3D%3D+accessory_trochanter_flexor_posterior_soma_ProLN+%7C%7C+cell_type+%3D%3D+EN00B013+%7C%7C+cell_type+%3D%3D+MNad53+%7C%7C+cell_type+%3D%3D+EN00B001+%7C%7C+cell_type+%3D%3D+MNad40+%7C%7C+cell_type+%3D%3D+accessory_tibia_flexor_A_slow+%7C%7C+cell_type+%3D%3D+ENXXX012+%7C%7C+cell_type+%3D%3D+tergotrochanter_extensor_TT_PDMN+%7C%7C+cell_type+%3D%3D+EN00B010&sort_by=&page_size=100"
"efferent_body_parts","https://spelunker.cave-explorer.org/#!middleauth+https://global.daf-apis.com/nglstate/api/v1/6552003630071808","https://codex.flywire.ai/app/search?dataset=banc&filter_string=cell_type+%3D%3D+EA06B010+%7C%7C+cell_type+%3D%3D+DProN5+%7C%7C+cell_type+%3D%3D+DProN9+%7C%7C+cell_type+%3D%3D+CvN7+%7C%7C+cell_type+%3D%3D+CvNA1+%7C%7C+cell_type+%3D%3D+DProN4+%7C%7C+cell_type+%3D%3D+CvN9+%7C%7C+cell_type+%3D%3D+CvN5+%7C%7C+cell_type+%3D%3D+DProN2+%7C%7C+cell_type+%3D%3D+DProN8+%7C%7C+cell_type+%3D%3D+DProN3a+%7C%7C+cell_type+%3D%3D+EAXXX079+%7C%7C+cell_type+%3D%3D+CvN10+%7C%7C+cell_type+%3D%3D+DProN3b+%7C%7C+cell_type+%3D%3D+CvN4+%7C%7C+cell_type+%3D%3D+DProN7+%7C%7C+cell_type+%3D%3D+CvN1,CvN2+%7C%7C+cell_type+%3D%3D+CvN3+%7C%7C+cell_type+%3D%3D+CvN11+%7C%7C+cell_type+%3D%3D+CvN6+%7C%7C+cell_type+%3D%3D+DProN1+%7C%7C+cell_type+%3D%3D+CvNA2+%7C%7C+cell_type+%3D%3D+VCvN3+%7C%7C+cell_type+%3D%3D+DProN6+%7C%7C+cell_type+%3D%3D+VCvN1,VCvN2+%7C%7C+cell_type+%3D%3D+EA00B022+%7C%7C+cell_type+%3D%3D+DNg28+%7C%7C+cell_type+%3D%3D+EN00B019+%7C%7C+cell_type+%3D%3D+ENXXX226+%7C%7C+cell_type+%3D%3D+m_NSC_DH44+%7C%7C+cell_type+%3D%3D+EFFabg38+%7C%7C+cell_type+%3D%3D+femur_reductor+%7C%7C+cell_type+%3D%3D+sternal_adductor_MetaAN+%7C%7C+cell_type+%3D%3D+EFFabg41+%7C%7C+cell_type+%3D%3D+EFFabg12+%7C%7C+cell_type+%3D%3D+DVM3a-b+%7C%7C+cell_type+%3D%3D+EFFabg10+%7C%7C+cell_type+%3D%3D+ab-PDF+%7C%7C+cell_type+%3D%3D+EFFabg95f+%7C%7C+cell_type+%3D%3D+MN1+%7C%7C+cell_type+%3D%3D+EFFabg17+%7C%7C+cell_type+%3D%3D+EFFabg04+%7C%7C+cell_type+%3D%3D+CMU+%7C%7C+cell_type+%3D%3D+ENXXX286+%7C%7C+cell_type+%3D%3D+DLM1-4+%7C%7C+cell_type+%3D%3D+m_NSC_DILP+%7C%7C+cell_type+%3D%3D+EFFabg20+%7C%7C+cell_type+%3D%3D+long_tendon_muscle_ltm_B+%7C%7C+cell_type+%3D%3D+long_tendon_muscle_B_femur+%7C%7C+cell_type+%3D%3D+sternal_anterior_rotator_miller_31+%7C%7C+cell_type+%3D%3D+long_tendon_muscle_B+%7C%7C+cell_type+%3D%3D+accessory_tibia_flexor_A+%7C%7C+cell_type+%3D%3D+trochanter_flexor_MesoAN+%7C%7C+cell_type+%3D%3D+trochanter_extensor_LinJ+%7C%7C+cell_type+%3D%3D+trochanter_flexor_VProN+%7C%7C+cell_type+%3D%3D+trochanter_flexor_MesoLN_ventral_5+%7C%7C+cell_type+%3D%3D+MN2V+%7C%7C+cell_type+%3D%3D+DLM5+%7C%7C+cell_type+%3D%3D+MN6+%7C%7C+cell_type+%3D%3D+EFFabg01+%7C%7C+cell_type+%3D%3D+accessory_tibia_flexor_B+%7C%7C+cell_type+%3D%3D+tergopleural_promotor_pleural_promotor_miller_28_30+%7C%7C+cell_type+%3D%3D+sternal_adductor_ProAN+%7C%7C+cell_type+%3D%3D+EFFabg11+%7C%7C+cell_type+%3D%3D+EFFabg97f+%7C%7C+cell_type+%3D%3D+tergotrochanter_extensor+%7C%7C+cell_type+%3D%3D+EFFabg24+%7C%7C+cell_type+%3D%3D+MNx03+%7C%7C+cell_type+%3D%3D+femur_reductor_tiny+%7C%7C+cell_type+%3D%3D+EFFabg36+%7C%7C+cell_type+%3D%3D+EN21X001+%7C%7C+cell_type+%3D%3D+hi2 MN+%7C%7C+cell_type+%3D%3D+MN4b+%7C%7C+cell_type+%3D%3D+EFFabg47+%7C%7C+cell_type+%3D%3D+tarsus_depressor_A+%7C%7C+cell_type+%3D%3D+tibia_flexor+%7C%7C+cell_type+%3D%3D+EFFabg48+%7C%7C+cell_type+%3D%3D+DVM2a-b+%7C%7C+cell_type+%3D%3D+MNhl87+%7C%7C+cell_type+%3D%3D+l_NSC_DH31+%7C%7C+cell_type+%3D%3D+l_NSC_ITP+%7C%7C+cell_type+%3D%3D+EFFabg49+%7C%7C+cell_type+%3D%3D+l_NSC_CRZ+%7C%7C+cell_type+%3D%3D+l_NSC+%7C%7C+cell_type+%3D%3D+EN00B026+%7C%7C+cell_type+%3D%3D+MNxm02+%7C%7C+cell_type+%3D%3D+EN00B008_T1+%7C%7C+cell_type+%3D%3D+trochanter_flexor_posterior_soma+%7C%7C+cell_type+%3D%3D+accessory_tibia_flexor_A_out_of_bundle+%7C%7C+cell_type+%3D%3D+tibia_flexor_Fast+%7C%7C+cell_type+%3D%3D+trochanter_extensor+%7C%7C+cell_type+%3D%3D+tergopleural_promotor_pleural_promotor+%7C%7C+cell_type+%3D%3D+tarsus_depressor_dipalpha_ventralU+%7C%7C+cell_type+%3D%3D+long_tendon_muscle_A+%7C%7C+cell_type+%3D%3D+sternal_adductor+%7C%7C+cell_type+%3D%3D+trochanter_flexor_ProAN+%7C%7C+cell_type+%3D%3D+sternal_anterior_rotator+%7C%7C+cell_type+%3D%3D+pleural_remotor_and_abductor+%7C%7C+cell_type+%3D%3D+sternotrochanter_extensor+%7C%7C+cell_type+%3D%3D+accessory_tibia_flexor_C+%7C%7C+cell_type+%3D%3D+tarsus_depressor_B+%7C%7C+cell_type+%3D%3D+sternal_posterior_rotator+%7C%7C+cell_type+%3D%3D+tarsus_levator_D+%7C%7C+cell_type+%3D%3D+tibia_extensor_SETi+%7C%7C+cell_type+%3D%3D+sternotrochanter_extensor_MesoLN_dorsal_3+%7C%7C+cell_type+%3D%3D+femur_reductor_dorsomedial_ribbon+%7C%7C+cell_type+%3D%3D+trochanter_flexor_dorsomedial_ribbon+%7C%7C+cell_type+%3D%3D+sternotrochanter_extensor_ventrolateral_ribbon+%7C%7C+cell_type+%3D%3D+iv4+%7C%7C+cell_type+%3D%3D+iii4+%7C%7C+cell_type+%3D%3D+DVM1a-c+%7C%7C+cell_type+%3D%3D+b1+%7C%7C+cell_type+%3D%3D+tibia_extensor_FETi+%7C%7C+cell_type+%3D%3D+PSI+%7C%7C+cell_type+%3D%3D+SEZ_NSC_Hugin+%7C%7C+cell_type+%3D%3D+m_NSC_DMS+%7C%7C+cell_type+%3D%3D+m-NSC+%7C%7C+cell_type+%3D%3D+GNG651+%7C%7C+cell_type+%3D%3D+EFFabg21+%7C%7C+cell_type+%3D%3D+EFFabg19+%7C%7C+cell_type+%3D%3D+long_tendon_muscle_A_dipalpha+%7C%7C+cell_type+%3D%3D+accessory_trochanter_flexor+%7C%7C+cell_type+%3D%3D+trochanter_flexor_MesoLN_ventral_3+%7C%7C+cell_type+%3D%3D+iv3+%7C%7C+cell_type+%3D%3D+MNxm03+%7C%7C+cell_type+%3D%3D+PSn_u+%7C%7C+cell_type+%3D%3D+sternal_anterior_rotator_ventrolateral_ribbon+%7C%7C+cell_type+%3D%3D+EFFabg08+%7C%7C+cell_type+%3D%3D+EFFabg96f+%7C%7C+cell_type+%3D%3D+trochanter_flexor_ventrolateral_ribbon+%7C%7C+cell_type+%3D%3D+EFFabg35+%7C%7C+cell_type+%3D%3D+EN27X010+%7C%7C+cell_type+%3D%3D+EFFabg44+%7C%7C+cell_type+%3D%3D+sternal_posterior_rotator_MesoLN_dorsal_5+%7C%7C+cell_type+%3D%3D+MN7+%7C%7C+cell_type+%3D%3D+MN13+%7C%7C+cell_type+%3D%3D+MN2Da+%7C%7C+cell_type+%3D%3D+CB0750+%7C%7C+cell_type+%3D%3D+MN12D+%7C%7C+cell_type+%3D%3D+CB0873+%7C%7C+cell_type+%3D%3D+EFFabg37+%7C%7C+cell_type+%3D%3D+EN00B007+%7C%7C+cell_type+%3D%3D+MNhl88+%7C%7C+cell_type+%3D%3D+EFFabg18+%7C%7C+cell_type+%3D%3D+EN00B024+%7C%7C+cell_type+%3D%3D+EFFabg25+%7C%7C+cell_type+%3D%3D+EFFabg14+%7C%7C+cell_type+%3D%3D+EFFabg31+%7C%7C+cell_type+%3D%3D+tergotrochanter_extensor_MetaAN+%7C%7C+cell_type+%3D%3D+EFFabg33+%7C%7C+cell_type+%3D%3D+sternal_posterior_rotator_dorsomedial_ribbon+%7C%7C+cell_type+%3D%3D+MNad29+%7C%7C+cell_type+%3D%3D+EN00B008_T3+%7C%7C+cell_type+%3D%3D+EFFabg99f+%7C%7C+cell_type+%3D%3D+EFFabg07+%7C%7C+cell_type+%3D%3D+MN4a+%7C%7C+cell_type+%3D%3D+MNhm42+%7C%7C+cell_type+%3D%3D+hiii2 MN+%7C%7C+cell_type+%3D%3D+MNhl59+%7C%7C+cell_type+%3D%3D+pleural_remotor_and_abductor_dorsomedial_ribbon+%7C%7C+cell_type+%3D%3D+hDVM MN+%7C%7C+cell_type+%3D%3D+hi1 MN+%7C%7C+cell_type+%3D%3D+MNhm03+%7C%7C+cell_type+%3D%3D+MNx01+%7C%7C+cell_type+%3D%3D+CEM+%7C%7C+cell_type+%3D%3D+MN9+%7C%7C+cell_type+%3D%3D+EN00B011+%7C%7C+cell_type+%3D%3D+MN11V+%7C%7C+cell_type+%3D%3D+MNx05+%7C%7C+cell_type+%3D%3D+MNx02+%7C%7C+cell_type+%3D%3D+MN10+%7C%7C+cell_type+%3D%3D+i2+%7C%7C+cell_type+%3D%3D+tp1+%7C%7C+cell_type+%3D%3D+tp2+%7C%7C+cell_type+%3D%3D+CB0901+%7C%7C+cell_type+%3D%3D+CB0804+%7C%7C+cell_type+%3D%3D+trochanter_flexor_MesoAN_posterior_soma+%7C%7C+cell_type+%3D%3D+i1+%7C%7C+cell_type+%3D%3D+long_tendon_muscle_B_tibia+%7C%7C+cell_type+%3D%3D+b2+%7C%7C+cell_type+%3D%3D+b3+%7C%7C+cell_type+%3D%3D+MN8+%7C%7C+cell_type+%3D%3D+MNxm01+%7C%7C+cell_type+%3D%3D+MNx04+%7C%7C+cell_type+%3D%3D+iv1+%7C%7C+cell_type+%3D%3D+pleural_remotor_and_abductor_MesoLN_dorsal_5+%7C%7C+cell_type+%3D%3D+tergotrochanter_extensor_PDMN+%7C%7C+cell_type+%3D%3D+PS2+%7C%7C+cell_type+%3D%3D+iv2+%7C%7C+cell_type+%3D%3D+MNabgxxF+%7C%7C+cell_type+%3D%3D+EFFabg02+%7C%7C+cell_type+%3D%3D+EFFabg40+%7C%7C+cell_type+%3D%3D+EFFabg03+%7C%7C+cell_type+%3D%3D+EFFabg05+%7C%7C+cell_type+%3D%3D+EFFabg06+%7C%7C+cell_type+%3D%3D+EFFabg46+%7C%7C+cell_type+%3D%3D+EFFabg13+%7C%7C+cell_type+%3D%3D+EFFabg50+%7C%7C+cell_type+%3D%3D+EFFabg94f+%7C%7C+cell_type+%3D%3D+EFFabg39+%7C%7C+cell_type+%3D%3D+EFFabg98f+%7C%7C+cell_type+%3D%3D+EFFabg22+%7C%7C+cell_type+%3D%3D+EFFabg09+%7C%7C+cell_type+%3D%3D+EFFabg26+%7C%7C+cell_type+%3D%3D+EFFabg15+%7C%7C+cell_type+%3D%3D+EFFabg16+%7C%7C+cell_type+%3D%3D+EFFabg34+%7C%7C+cell_type+%3D%3D+EN00B015_T1+%7C%7C+cell_type+%3D%3D+pleural_remotor_and_abductor_miller_29+%7C%7C+cell_type+%3D%3D+tarsus_depressor_retro_tarsus_depressor+%7C%7C+cell_type+%3D%3D+mesVUM-MJ+%7C%7C+cell_type+%3D%3D+sternotrochanter_extensor_dorsomedial_ribbon+%7C%7C+cell_type+%3D%3D+tpn+%7C%7C+cell_type+%3D%3D+EN00B025+%7C%7C+cell_type+%3D%3D+EFFabg32+%7C%7C+cell_type+%3D%3D+EFFabg45+%7C%7C+cell_type+%3D%3D+EFFabg28+%7C%7C+cell_type+%3D%3D+MNad09+%7C%7C+cell_type+%3D%3D+MN11D+%7C%7C+cell_type+%3D%3D+MN5+%7C%7C+cell_type+%3D%3D+CB2748+%7C%7C+cell_type+%3D%3D+EN00B015+%7C%7C+cell_type+%3D%3D+EN00B008_T2+%7C%7C+cell_type+%3D%3D+MN2Db+%7C%7C+cell_type+%3D%3D+CB0886+%7C%7C+cell_type+%3D%3D+CB0723+%7C%7C+cell_type+%3D%3D+EN00B003+%7C%7C+cell_type+%3D%3D+EN00B016+%7C%7C+cell_type+%3D%3D+EFFabg42+%7C%7C+cell_type+%3D%3D+CB0810+%7C%7C+cell_type+%3D%3D+MN3M+%7C%7C+cell_type+%3D%3D+MNhm43+%7C%7C+cell_type+%3D%3D+EFFabg43+%7C%7C+cell_type+%3D%3D+trochanter_extensor_MetaLN+%7C%7C+cell_type+%3D%3D+MNad26+%7C%7C+cell_type+%3D%3D+MNad07+%7C%7C+cell_type+%3D%3D+accessory_trochanter_flexor_MetaLN+%7C%7C+cell_type+%3D%3D+EFFabg27+%7C%7C+cell_type+%3D%3D+MN3L+%7C%7C+cell_type+%3D%3D+sternal_posterior_rotator_miller_32+%7C%7C+cell_type+%3D%3D+PS1+%7C%7C+cell_type+%3D%3D+sternal_anterior_rotator_MesoLN_ventral_1+%7C%7C+cell_type+%3D%3D+trochanter_flexor_MesoALN_posterior_soma+%7C%7C+cell_type+%3D%3D+sternal_adductor_MesoLN_dorsal_5+%7C%7C+cell_type+%3D%3D+trochanter_flexor_posterior_soma_ProAN+%7C%7C+cell_type+%3D%3D+EFFabg29+%7C%7C+cell_type+%3D%3D+iii1+%7C%7C+cell_type+%3D%3D+iii3+%7C%7C+cell_type+%3D%3D+EFFabg30+%7C%7C+cell_type+%3D%3D+tergotrochanter_extensor_TT+%7C%7C+cell_type+%3D%3D+ENXXX128+%7C%7C+cell_type+%3D%3D+sternal_anterior_rotator_MesoLN_ventral_2+%7C%7C+cell_type+%3D%3D+SEZ_NSC_CAPA+%7C%7C+cell_type+%3D%3D+accessory_trochanter_flexor_posterior_soma_ProLN+%7C%7C+cell_type+%3D%3D+EN00B013+%7C%7C+cell_type+%3D%3D+MNad53+%7C%7C+cell_type+%3D%3D+EN00B001+%7C%7C+cell_type+%3D%3D+MNad40+%7C%7C+cell_type+%3D%3D+accessory_tibia_flexor_A_slow+%7C%7C+cell_type+%3D%3D+ENXXX012+%7C%7C+cell_type+%3D%3D+tergotrochanter_extensor_TT_PDMN+%7C%7C+cell_type+%3D%3D+EN00B010&sort_by=&page_size=100"
"an_dn_super_clusters","https://spelunker.cave-explorer.org/#!middleauth+https://global.daf-apis.com/nglstate/api/v1/6248301258080256",NA
"postural control","https://spelunker.cave-explorer.org/#!middleauth+https://global.daf-apis.com/nglstate/api/v1/6435534829256704","https://codex.flywire.ai/app/search?dataset=banc&filter_string=cell_type+%3D%3D+DNp32+%7C%7C+cell_type+%3D%3D+AN19B001_b+%7C%7C+cell_type+%3D%3D+DNg74_a+%7C%7C+cell_type+%3D%3D+DNg98+%7C%7C+cell_type+%3D%3D+DNge050+%7C%7C+cell_type+%3D%3D+AN02A001+%7C%7C+cell_type+%3D%3D+DNg75+%7C%7C+cell_type+%3D%3D+DNg74_b+%7C%7C+cell_type+%3D%3D+DNb05+%7C%7C+cell_type+%3D%3D+DNp10+%7C%7C+cell_type+%3D%3D+ANXXX002+%7C%7C+cell_type+%3D%3D+DNg108+%7C%7C+cell_type+%3D%3D+DNg105+%7C%7C+cell_type+%3D%3D+AN03B009+%7C%7C+cell_type+%3D%3D+AN19B019+%7C%7C+cell_type+%3D%3D+AN19B001+%7C%7C+cell_type+%3D%3D+DNge035+%7C%7C+cell_type+%3D%3D+DNpe056+%7C%7C+cell_type+%3D%3D+DNge049+%7C%7C+cell_type+%3D%3D+DNg93+%7C%7C+cell_type+%3D%3D+DNge048+%7C%7C+cell_type+%3D%3D+ANXXX006+%7C%7C+cell_type+%3D%3D+DNpe021+%7C%7C+cell_type+%3D%3D+DNpe027_ab+%7C%7C+cell_type+%3D%3D+DNpe020+%7C%7C+cell_type+%3D%3D+DNp11+%7C%7C+cell_type+%3D%3D+DNg27+%7C%7C+cell_type+%3D%3D+AN_IN08B003+%7C%7C+cell_type+%3D%3D+DNp13+%7C%7C+cell_type+%3D%3D+DNp34+%7C%7C+cell_type+%3D%3D+DNp14+%7C%7C+cell_type+%3D%3D+AN18B004+%7C%7C+cell_type+%3D%3D+DNp104+%7C%7C+cell_type+%3D%3D+DNp12+%7C%7C+cell_type+%3D%3D+DNge079+%7C%7C+cell_type+%3D%3D+AN06B002+%7C%7C+cell_type+%3D%3D+aSP22+%7C%7C+cell_type+%3D%3D+DNge032+%7C%7C+cell_type+%3D%3D+AN18B002+%7C%7C+cell_type+%3D%3D+AN05B096+%7C%7C+cell_type+%3D%3D+DNp47+%7C%7C+cell_type+%3D%3D+AN07B011+%7C%7C+cell_type+%3D%3D+DNp49+%7C%7C+cell_type+%3D%3D+DNge063+%7C%7C+cell_type+%3D%3D+AN23B001+%7C%7C+cell_type+%3D%3D+DNpe025+%7C%7C+cell_type+%3D%3D+AN27X004+%7C%7C+cell_type+%3D%3D+DNg22+%7C%7C+cell_type+%3D%3D+AN27X016+%7C%7C+cell_type+%3D%3D+DNp05+%7C%7C+cell_type+%3D%3D+DNpe050+%7C%7C+cell_type+%3D%3D+DNp54+%7C%7C+cell_type+%3D%3D+AN05B097+%7C%7C+cell_type+%3D%3D+AN01A006+%7C%7C+cell_type+%3D%3D+AN05B103+%7C%7C+cell_type+%3D%3D+DNge046+%7C%7C+cell_type+%3D%3D+AN10B015_a+%7C%7C+cell_type+%3D%3D+ANXXX987+%7C%7C+cell_type+%3D%3D+DNge038+%7C%7C+cell_type+%3D%3D+DNpe055+%7C%7C+cell_type+%3D%3D+DNg101+%7C%7C+cell_type+%3D%3D+DNg69+%7C%7C+cell_type+%3D%3D+AN27X015+%7C%7C+cell_type+%3D%3D+AN08B023+%7C%7C+cell_type+%3D%3D+AN03B011+%7C%7C+cell_type+%3D%3D+dMS9+%7C%7C+cell_type+%3D%3D+DNg14+%7C%7C+cell_type+%3D%3D+AN17A012+%7C%7C+cell_type+%3D%3D+DNge148+%7C%7C+cell_type+%3D%3D+DNge004+%7C%7C+cell_type+%3D%3D+ANXXX074+%7C%7C+cell_type+%3D%3D+AN00A006+%7C%7C+cell_type+%3D%3D+ANXXX986+%7C%7C+cell_type+%3D%3D+DNg95+%7C%7C+cell_type+%3D%3D+ANXXX099+%7C%7C+cell_type+%3D%3D+AN19B028+%7C%7C+cell_type+%3D%3D+DNpe037+%7C%7C+cell_type+%3D%3D+DNa14+%7C%7C+cell_type+%3D%3D+AN19B014+%7C%7C+cell_type+%3D%3D+DNge082+%7C%7C+cell_type+%3D%3D+ANXXX988+%7C%7C+cell_type+%3D%3D+DNp46+%7C%7C+cell_type+%3D%3D+AN17A015+%7C%7C+cell_type+%3D%3D+AN18B053+%7C%7C+cell_type+%3D%3D+DNp36+%7C%7C+cell_type+%3D%3D+AN05B105+%7C%7C+cell_type+%3D%3D+DNp71+%7C%7C+cell_type+%3D%3D+AN04B004+%7C%7C+cell_type+%3D%3D+DNg44+%7C%7C+cell_type+%3D%3D+AN18B019+%7C%7C+cell_type+%3D%3D+DNp67+%7C%7C+cell_type+%3D%3D+AN08B015+%7C%7C+cell_type+%3D%3D+DNp60+%7C%7C+cell_type+%3D%3D+DNp37+%7C%7C+cell_type+%3D%3D+AN18B032+%7C%7C+cell_type+%3D%3D+AN18B999+%7C%7C+cell_type+%3D%3D+DNg17+%7C%7C+cell_type+%3D%3D+DNg52+%7C%7C+cell_type+%3D%3D+AN19A019+%7C%7C+cell_type+%3D%3D+AN08B032+%7C%7C+cell_type+%3D%3D+DNge064+%7C%7C+cell_type+%3D%3D+DNge052+%7C%7C+cell_type+%3D%3D+ANXXX084+%7C%7C+cell_type+%3D%3D+AN12A017+%7C%7C+cell_type+%3D%3D+ANXXX116+%7C%7C+cell_type+%3D%3D+AN19B022+%7C%7C+cell_type+%3D%3D+AN05B060+%7C%7C+cell_type+%3D%3D+DNge120+%7C%7C+cell_type+%3D%3D+AN19A018_b+%7C%7C+cell_type+%3D%3D+DNa08+%7C%7C+cell_type+%3D%3D+AN06B039+%7C%7C+cell_type+%3D%3D+AN05B050+%7C%7C+cell_type+%3D%3D+DNg45+%7C%7C+cell_type+%3D%3D+DNge144+%7C%7C+cell_type+%3D%3D+ANXXX254+%7C%7C+cell_type+%3D%3D+AN07B045+%7C%7C+cell_type+%3D%3D+ANXXX976+%7C%7C+cell_type+%3D%3D+AN08B086+%7C%7C+cell_type+%3D%3D+AN07B003+%7C%7C+cell_type+%3D%3D+ANXXX380+%7C%7C+cell_type+%3D%3D+AN07B070+%7C%7C+cell_type+%3D%3D+AN05B081+%7C%7C+cell_type+%3D%3D+AN07B062+%7C%7C+cell_type+%3D%3D+AN05B062+%7C%7C+cell_type+%3D%3D+AN08B069+%7C%7C+cell_type+%3D%3D+AN08B031+%7C%7C+cell_type+%3D%3D+DNge010+%7C%7C+cell_type+%3D%3D+AN19B051+%7C%7C+cell_type+%3D%3D+AN08B098+%7C%7C+cell_type+%3D%3D+AN05B067+%7C%7C+cell_type+%3D%3D+AN12B060+%7C%7C+cell_type+%3D%3D+AN08B101+%7C%7C+cell_type+%3D%3D+AN08B043+%7C%7C+cell_type+%3D%3D+AN08B112+%7C%7C+cell_type+%3D%3D+AN08B106+%7C%7C+cell_type+%3D%3D+AN08B111+%7C%7C+cell_type+%3D%3D+AN08B059+%7C%7C+cell_type+%3D%3D+DNit012+%7C%7C+cell_type+%3D%3D+AN05B048+%7C%7C+cell_type+%3D%3D+AN08B097+%7C%7C+cell_type+%3D%3D+DNg86+%7C%7C+cell_type+%3D%3D+DNg77+%7C%7C+cell_type+%3D%3D+DNge098&sort_by=&page_size=100"
"walking","https://spelunker.cave-explorer.org/#!middleauth+https://global.daf-apis.com/nglstate/api/v1/6750935618420736","https://codex.flywire.ai/app/search?dataset=banc&filter_string=cell_type+%3D%3D+DNd02+%7C%7C+cell_type+%3D%3D+DNg100+%7C%7C+cell_type+%3D%3D+DNg16+%7C%7C+cell_type+%3D%3D+AN18B001+%7C%7C+cell_type+%3D%3D+DNg97+%7C%7C+cell_type+%3D%3D+DNge129+%7C%7C+cell_type+%3D%3D+DNge073+%7C%7C+cell_type+%3D%3D+DNa01+%7C%7C+cell_type+%3D%3D+DNpe045+%7C%7C+cell_type+%3D%3D+AN04A001+%7C%7C+cell_type+%3D%3D+DNg13+%7C%7C+cell_type+%3D%3D+AN07B005+%7C%7C+cell_type+%3D%3D+DNd05+%7C%7C+cell_type+%3D%3D+DNge054+%7C%7C+cell_type+%3D%3D+DNb09+%7C%7C+cell_type+%3D%3D+AN19B004+%7C%7C+cell_type+%3D%3D+DNbe002+%7C%7C+cell_type+%3D%3D+DNp09+%7C%7C+cell_type+%3D%3D+AN09B003+%7C%7C+cell_type+%3D%3D+DNp102+%7C%7C+cell_type+%3D%3D+DNg43+%7C%7C+cell_type+%3D%3D+DNp07+%7C%7C+cell_type+%3D%3D+AN23B003+%7C%7C+cell_type+%3D%3D+DNbe003+%7C%7C+cell_type+%3D%3D+AN17A012+%7C%7C+cell_type+%3D%3D+AN14A003+%7C%7C+cell_type+%3D%3D+DNg109+%7C%7C+cell_type+%3D%3D+DNp101+%7C%7C+cell_type+%3D%3D+AN06B007+%7C%7C+cell_type+%3D%3D+DNpe016+%7C%7C+cell_type+%3D%3D+ANXXX023+%7C%7C+cell_type+%3D%3D+DNge075+%7C%7C+cell_type+%3D%3D+AN17A026+%7C%7C+cell_type+%3D%3D+DNb08+%7C%7C+cell_type+%3D%3D+AN07B013+%7C%7C+cell_type+%3D%3D+AN19B009+%7C%7C+cell_type+%3D%3D+DNpe006+%7C%7C+cell_type+%3D%3D+AN08B014+%7C%7C+cell_type+%3D%3D+DNpe032+%7C%7C+cell_type+%3D%3D+DNge103+%7C%7C+cell_type+%3D%3D+DNde002+%7C%7C+cell_type+%3D%3D+AN05B097+%7C%7C+cell_type+%3D%3D+AN07B017+%7C%7C+cell_type+%3D%3D+AN08B022+%7C%7C+cell_type+%3D%3D+AN09B011+%7C%7C+cell_type+%3D%3D+ANXXX127+%7C%7C+cell_type+%3D%3D+AN01B005+%7C%7C+cell_type+%3D%3D+AN08B026+%7C%7C+cell_type+%3D%3D+DNae008+%7C%7C+cell_type+%3D%3D+DNge060+%7C%7C+cell_type+%3D%3D+DNge139+%7C%7C+cell_type+%3D%3D+AN12B019+%7C%7C+cell_type+%3D%3D+DNbe006+%7C%7C+cell_type+%3D%3D+AN08B027+%7C%7C+cell_type+%3D%3D+DNpe024+%7C%7C+cell_type+%3D%3D+DNpe001+%7C%7C+cell_type+%3D%3D+AN23B004+%7C%7C+cell_type+%3D%3D+AN09B026+%7C%7C+cell_type+%3D%3D+DNge065+%7C%7C+cell_type+%3D%3D+AN12B017+%7C%7C+cell_type+%3D%3D+DNpe028+%7C%7C+cell_type+%3D%3D+AN09B019+%7C%7C+cell_type+%3D%3D+DNge127+%7C%7C+cell_type+%3D%3D+AN08B050+%7C%7C+cell_type+%3D%3D+AN10B024+%7C%7C+cell_type+%3D%3D+AN17A050+%7C%7C+cell_type+%3D%3D+AN06B015_a+%7C%7C+cell_type+%3D%3D+DNg38+%7C%7C+cell_type+%3D%3D+DNge074+%7C%7C+cell_type+%3D%3D+ANXXX145+%7C%7C+cell_type+%3D%3D+AN18B003+%7C%7C+cell_type+%3D%3D+AN03B094+%7C%7C+cell_type+%3D%3D+AN04B051+%7C%7C+cell_type+%3D%3D+AN27X003+%7C%7C+cell_type+%3D%3D+DNg19+%7C%7C+cell_type+%3D%3D+DNp39+%7C%7C+cell_type+%3D%3D+AN05B044+%7C%7C+cell_type+%3D%3D+AN01B011+%7C%7C+cell_type+%3D%3D+AN14B012+%7C%7C+cell_type+%3D%3D+DNp41+%7C%7C+cell_type+%3D%3D+DNge034+%7C%7C+cell_type+%3D%3D+DNge058+%7C%7C+cell_type+%3D%3D+DNge068+%7C%7C+cell_type+%3D%3D+AN19B042+%7C%7C+cell_type+%3D%3D+DNge081+%7C%7C+cell_type+%3D%3D+AN08B057+%7C%7C+cell_type+%3D%3D+AN09B034+%7C%7C+cell_type+%3D%3D+AN08B998+%7C%7C+cell_type+%3D%3D+AN08B100+%7C%7C+cell_type+%3D%3D+AN02A002+%7C%7C+cell_type+%3D%3D+DNpe027+%7C%7C+cell_type+%3D%3D+DNpe022+%7C%7C+cell_type+%3D%3D+AN_GNG_181&sort_by=&page_size=100"
"flight power","https://spelunker.cave-explorer.org/#!middleauth+https://global.daf-apis.com/nglstate/api/v1/6083015078838272","https://codex.flywire.ai/app/search?dataset=banc&filter_string=cell_type+%3D%3D+AN07B004+%7C%7C+cell_type+%3D%3D+AN19B017+%7C%7C+cell_type+%3D%3D+AN06B009+%7C%7C+cell_type+%3D%3D+AN27X011+%7C%7C+cell_type+%3D%3D+AN27X008+%7C%7C+cell_type+%3D%3D+AN23B002+%7C%7C+cell_type+%3D%3D+ANXXX057+%7C%7C+cell_type+%3D%3D+AN19B024+%7C%7C+cell_type+%3D%3D+AN06B023+%7C%7C+cell_type+%3D%3D+DNge084+%7C%7C+cell_type+%3D%3D+AN06B040+%7C%7C+cell_type+%3D%3D+AN06B031+%7C%7C+cell_type+%3D%3D+AN06B034+%7C%7C+cell_type+%3D%3D+AN18B022+%7C%7C+cell_type+%3D%3D+ANXXX094+%7C%7C+cell_type+%3D%3D+AN10B008+%7C%7C+cell_type+%3D%3D+AN06B014+%7C%7C+cell_type+%3D%3D+ANXXX165+%7C%7C+cell_type+%3D%3D+DNp33+%7C%7C+cell_type+%3D%3D+DNg32+%7C%7C+cell_type+%3D%3D+AN10B017+%7C%7C+cell_type+%3D%3D+AN02A005+%7C%7C+cell_type+%3D%3D+AN04B023+%7C%7C+cell_type+%3D%3D+AN02A009+%7C%7C+cell_type+%3D%3D+DNg51+%7C%7C+cell_type+%3D%3D+AN19B049+%7C%7C+cell_type+%3D%3D+AN07B037+%7C%7C+cell_type+%3D%3D+DNge070+%7C%7C+cell_type+%3D%3D+DNp20+%7C%7C+cell_type+%3D%3D+DNpe014+%7C%7C+cell_type+%3D%3D+ANXXX132+%7C%7C+cell_type+%3D%3D+DNg106+%7C%7C+cell_type+%3D%3D+AN02A017+%7C%7C+cell_type+%3D%3D+AN07B036+%7C%7C+cell_type+%3D%3D+AN06B068+%7C%7C+cell_type+%3D%3D+DNge145+%7C%7C+cell_type+%3D%3D+DNg02_h+%7C%7C+cell_type+%3D%3D+DNg02_d+%7C%7C+cell_type+%3D%3D+DNp16+%7C%7C+cell_type+%3D%3D+DNg11+%7C%7C+cell_type+%3D%3D+AN06B046+%7C%7C+cell_type+%3D%3D+DNg02_f+%7C%7C+cell_type+%3D%3D+DNge091+%7C%7C+cell_type+%3D%3D+DNg09+%7C%7C+cell_type+%3D%3D+DNge113+%7C%7C+cell_type+%3D%3D+DNge097+%7C%7C+cell_type+%3D%3D+DNg02_b+%7C%7C+cell_type+%3D%3D+AN06A041+%7C%7C+cell_type+%3D%3D+DNge110+%7C%7C+cell_type+%3D%3D+vMS13+%7C%7C+cell_type+%3D%3D+DNg110+%7C%7C+cell_type+%3D%3D+DNg02_g+%7C%7C+cell_type+%3D%3D+DNpe010+%7C%7C+cell_type+%3D%3D+DNg92_a+%7C%7C+cell_type+%3D%3D+DNg02_c+%7C%7C+cell_type+%3D%3D+AN07B041+%7C%7C+cell_type+%3D%3D+DNg02_a+%7C%7C+cell_type+%3D%3D+AN07B043+%7C%7C+cell_type+%3D%3D+DNg08_b+%7C%7C+cell_type+%3D%3D+DNg07+%7C%7C+cell_type+%3D%3D+DNge111+%7C%7C+cell_type+%3D%3D+DNge154+%7C%7C+cell_type+%3D%3D+DNge090+%7C%7C+cell_type+%3D%3D+DNg08_a+%7C%7C+cell_type+%3D%3D+DNg06+%7C%7C+cell_type+%3D%3D+DNpe011+%7C%7C+cell_type+%3D%3D+DNg92_b+%7C%7C+cell_type+%3D%3D+DNpe012+%7C%7C+cell_type+%3D%3D+DNge089+%7C%7C+cell_type+%3D%3D+DNge093+%7C%7C+cell_type+%3D%3D+DNge094+%7C%7C+cell_type+%3D%3D+DNut054+%7C%7C+cell_type+%3D%3D+DNp72+%7C%7C+cell_type+%3D%3D+DNge117+%7C%7C+cell_type+%3D%3D+DNpe018+%7C%7C+cell_type+%3D%3D+DNg08+%7C%7C+cell_type+%3D%3D+DNge015+%7C%7C+cell_type+%3D%3D+DNge112+%7C%7C+cell_type+%3D%3D+DNge152+%7C%7C+cell_type+%3D%3D+AN10B005&sort_by=&page_size=100"
"taste-touch","https://spelunker.cave-explorer.org/#!middleauth+https://global.daf-apis.com/nglstate/api/v1/4638939565522944","https://codex.flywire.ai/app/search?dataset=banc&filter_string=cell_type+%3D%3D+DNd03+%7C%7C+cell_type+%3D%3D+ANXXX005+%7C%7C+cell_type+%3D%3D+AN12B001+%7C%7C+cell_type+%3D%3D+AN08B012+%7C%7C+cell_type+%3D%3D+ANXXX027+%7C%7C+cell_type+%3D%3D+DNg29+%7C%7C+cell_type+%3D%3D+DNge138+%7C%7C+cell_type+%3D%3D+AN05B099+%7C%7C+cell_type+%3D%3D+AN09B001+%7C%7C+cell_type+%3D%3D+DNge141+%7C%7C+cell_type+%3D%3D+DNp55+%7C%7C+cell_type+%3D%3D+AN09B004+%7C%7C+cell_type+%3D%3D+DNge140+%7C%7C+cell_type+%3D%3D+DNp29+%7C%7C+cell_type+%3D%3D+AN17A004+%7C%7C+cell_type+%3D%3D+AN05B023+%7C%7C+cell_type+%3D%3D+AN17A003+%7C%7C+cell_type+%3D%3D+DNp70+%7C%7C+cell_type+%3D%3D+AN17A009+%7C%7C+cell_type+%3D%3D+AN17A014+%7C%7C+cell_type+%3D%3D+AN17A015+%7C%7C+cell_type+%3D%3D+AN09B016+%7C%7C+cell_type+%3D%3D+ANXXX033+%7C%7C+cell_type+%3D%3D+AN17A013+%7C%7C+cell_type+%3D%3D+AN17B012+%7C%7C+cell_type+%3D%3D+ANXXX055+%7C%7C+cell_type+%3D%3D+AN17B007+%7C%7C+cell_type+%3D%3D+AN19B032+%7C%7C+cell_type+%3D%3D+ANXXX082+%7C%7C+cell_type+%3D%3D+ANXXX102+%7C%7C+cell_type+%3D%3D+AN09B024+%7C%7C+cell_type+%3D%3D+AN17A018+%7C%7C+cell_type+%3D%3D+AN08B005+%7C%7C+cell_type+%3D%3D+ANXXX093+%7C%7C+cell_type+%3D%3D+AN05B094+%7C%7C+cell_type+%3D%3D+AN09B009+%7C%7C+cell_type+%3D%3D+AN17A024+%7C%7C+cell_type+%3D%3D+AN09B013+%7C%7C+cell_type+%3D%3D+DNg30+%7C%7C+cell_type+%3D%3D+AN08B010+%7C%7C+cell_type+%3D%3D+AN17B008+%7C%7C+cell_type+%3D%3D+AN07B018+%7C%7C+cell_type+%3D%3D+DNde006+%7C%7C+cell_type+%3D%3D+AN05B025+%7C%7C+cell_type+%3D%3D+DNpe030+%7C%7C+cell_type+%3D%3D+DNg40+%7C%7C+cell_type+%3D%3D+AN08B016+%7C%7C+cell_type+%3D%3D+AN08B034+%7C%7C+cell_type+%3D%3D+ANXXX151+%7C%7C+cell_type+%3D%3D+DNge131+%7C%7C+cell_type+%3D%3D+ANXXX178+%7C%7C+cell_type+%3D%3D+ANXXX046+%7C%7C+cell_type+%3D%3D+DNg56+%7C%7C+cell_type+%3D%3D+AN05B102+%7C%7C+cell_type+%3D%3D+ANXXX130+%7C%7C+cell_type+%3D%3D+DNge153+%7C%7C+cell_type+%3D%3D+AN09B021+%7C%7C+cell_type+%3D%3D+ANXXX144+%7C%7C+cell_type+%3D%3D+AN01A033+%7C%7C+cell_type+%3D%3D+AN09B023+%7C%7C+cell_type+%3D%3D+ANXXX154+%7C%7C+cell_type+%3D%3D+AN09B029_b+%7C%7C+cell_type+%3D%3D+AN05B015+%7C%7C+cell_type+%3D%3D+AN09B027+%7C%7C+cell_type+%3D%3D+AN09B030+%7C%7C+cell_type+%3D%3D+DNpe052+%7C%7C+cell_type+%3D%3D+AN17A031+%7C%7C+cell_type+%3D%3D+AN09B040+%7C%7C+cell_type+%3D%3D+AN09B035+%7C%7C+cell_type+%3D%3D+AN09B036+%7C%7C+cell_type+%3D%3D+DNge102+%7C%7C+cell_type+%3D%3D+DNge130+%7C%7C+cell_type+%3D%3D+AN08B066+%7C%7C+cell_type+%3D%3D+AN09B029_a+%7C%7C+cell_type+%3D%3D+AN05B078+%7C%7C+cell_type+%3D%3D+DNpe029+%7C%7C+cell_type+%3D%3D+AN01B014+%7C%7C+cell_type+%3D%3D+AN09B044+%7C%7C+cell_type+%3D%3D+AN05B083+%7C%7C+cell_type+%3D%3D+AN17B011&sort_by=&page_size=100"
"reproduction","https://spelunker.cave-explorer.org/#!middleauth+https://global.daf-apis.com/nglstate/api/v1/6028573927276544","https://codex.flywire.ai/app/search?dataset=banc&filter_string=cell_type+%3D%3D+DNp30+%7C%7C+cell_type+%3D%3D+DNge149+%7C%7C+cell_type+%3D%3D+DNg34+%7C%7C+cell_type+%3D%3D+DNp27+%7C%7C+cell_type+%3D%3D+AN05B007+%7C%7C+cell_type+%3D%3D+DNge150+%7C%7C+cell_type+%3D%3D+DNc01+%7C%7C+cell_type+%3D%3D+DNg104+%7C%7C+cell_type+%3D%3D+DNp68+%7C%7C+cell_type+%3D%3D+AN09B002+%7C%7C+cell_type+%3D%3D+AN27X009+%7C%7C+cell_type+%3D%3D+AN01B002+%7C%7C+cell_type+%3D%3D+AN17B008+%7C%7C+cell_type+%3D%3D+AN06B011+%7C%7C+cell_type+%3D%3D+ANXXX086+%7C%7C+cell_type+%3D%3D+ANXXX026+%7C%7C+cell_type+%3D%3D+ANXXX027+%7C%7C+cell_type+%3D%3D+AN08B012+%7C%7C+cell_type+%3D%3D+AN05B009+%7C%7C+cell_type+%3D%3D+AN04B003+%7C%7C+cell_type+%3D%3D+DNge151+%7C%7C+cell_type+%3D%3D+AN17A008+%7C%7C+cell_type+%3D%3D+DNg66+%7C%7C+cell_type+%3D%3D+DNxl114+%7C%7C+cell_type+%3D%3D+ANXXX108+%7C%7C+cell_type+%3D%3D+AN08B007+%7C%7C+cell_type+%3D%3D+DNg80+%7C%7C+cell_type+%3D%3D+ANXXX109+%7C%7C+cell_type+%3D%3D+AN12B011+%7C%7C+cell_type+%3D%3D+DNp58+%7C%7C+cell_type+%3D%3D+ANXXX106+%7C%7C+cell_type+%3D%3D+AN09A007+%7C%7C+cell_type+%3D%3D+AN09B012+%7C%7C+cell_type+%3D%3D+DNg33+%7C%7C+cell_type+%3D%3D+DNg24+%7C%7C+cell_type+%3D%3D+oviDNb+%7C%7C+cell_type+%3D%3D+AN19A038+%7C%7C+cell_type+%3D%3D+oviDNa_b+%7C%7C+cell_type+%3D%3D+DNg81+%7C%7C+cell_type+%3D%3D+DNpe038+%7C%7C+cell_type+%3D%3D+AN10B018+%7C%7C+cell_type+%3D%3D+AN00A006+%7C%7C+cell_type+%3D%3D+AN06B039+%7C%7C+cell_type+%3D%3D+AN05B052+%7C%7C+cell_type+%3D%3D+AN12B004+%7C%7C+cell_type+%3D%3D+DNge013+%7C%7C+cell_type+%3D%3D+AN05B049+%7C%7C+cell_type+%3D%3D+INXXX985_f+%7C%7C+cell_type+%3D%3D+AN01A021+%7C%7C+cell_type+%3D%3D+DNg26+%7C%7C+cell_type+%3D%3D+ANXXX169+%7C%7C+cell_type+%3D%3D+oviDNa_a+%7C%7C+cell_type+%3D%3D+AN05B017+%7C%7C+cell_type+%3D%3D+AN10B021+%7C%7C+cell_type+%3D%3D+ANXXX250+%7C%7C+cell_type+%3D%3D+ANXXX982+%7C%7C+cell_type+%3D%3D+AN17B016+%7C%7C+cell_type+%3D%3D+DNp24+%7C%7C+cell_type+%3D%3D+ANXXX983+%7C%7C+cell_type+%3D%3D+AN17B013+%7C%7C+cell_type+%3D%3D+ANXXX981+%7C%7C+cell_type+%3D%3D+AN07B035+%7C%7C+cell_type+%3D%3D+AN05B045+%7C%7C+cell_type+%3D%3D+DNge005+%7C%7C+cell_type+%3D%3D+DNge105+%7C%7C+cell_type+%3D%3D+DNpe034+%7C%7C+cell_type+%3D%3D+ANXXX150+%7C%7C+cell_type+%3D%3D+AN05B056+%7C%7C+cell_type+%3D%3D+DNge137+%7C%7C+cell_type+%3D%3D+AN05B058+%7C%7C+cell_type+%3D%3D+DNpe046+%7C%7C+cell_type+%3D%3D+DNpe047+%7C%7C+cell_type+%3D%3D+DNg50+%7C%7C+cell_type+%3D%3D+DNg76+%7C%7C+cell_type+%3D%3D+DNpe044+%7C%7C+cell_type+%3D%3D+AN05B063+%7C%7C+cell_type+%3D%3D+AN17A047+%7C%7C+cell_type+%3D%3D+ANXXX214+%7C%7C+cell_type+%3D%3D+AN17A068+%7C%7C+cell_type+%3D%3D+AN05B053+%7C%7C+cell_type+%3D%3D+AN06A030+%7C%7C+cell_type+%3D%3D+AN06A027+%7C%7C+cell_type+%3D%3D+ANXXX989+%7C%7C+cell_type+%3D%3D+DNg57+%7C%7C+cell_type+%3D%3D+ANXXX410+%7C%7C+cell_type+%3D%3D+DNpe041+%7C%7C+cell_type+%3D%3D+DNge061+%7C%7C+cell_type+%3D%3D+DNg03+%7C%7C+cell_type+%3D%3D+ANXXX990+%7C%7C+cell_type+%3D%3D+AN06B057+%7C%7C+cell_type+%3D%3D+AN12B076+%7C%7C+cell_type+%3D%3D+AN06B075+%7C%7C+cell_type+%3D%3D+AN12B089+%7C%7C+cell_type+%3D%3D+AN_GNG_90+%7C%7C+cell_type+%3D%3D+AN_GNG_1+%7C%7C+cell_type+%3D%3D+DNp52+%7C%7C+cell_type+%3D%3D+AN05B036+%7C%7C+cell_type+%3D%3D+AN_GNG_69+%7C%7C+cell_type+%3D%3D+AN17B002+%7C%7C+cell_type+%3D%3D+AN00A009+%7C%7C+cell_type+%3D%3D+DNc02+%7C%7C+cell_type+%3D%3D+AN09B007+%7C%7C+cell_type+%3D%3D+AN_GNG_167&sort_by=&page_size=100"
"threat response","https://spelunker.cave-explorer.org/#!middleauth+https://global.daf-apis.com/nglstate/api/v1/5405347597516800","https://codex.flywire.ai/app/search?dataset=banc&filter_string=cell_type+%3D%3D+DNp103+%7C%7C+cell_type+%3D%3D+DNge047+%7C%7C+cell_type+%3D%3D+AN05B006+%7C%7C+cell_type+%3D%3D+DNge053+%7C%7C+cell_type+%3D%3D+DNp01+%7C%7C+cell_type+%3D%3D+DNp43+%7C%7C+cell_type+%3D%3D+DNp06+%7C%7C+cell_type+%3D%3D+DNp35+%7C%7C+cell_type+%3D%3D+DNp59+%7C%7C+cell_type+%3D%3D+AN19A018_d+%7C%7C+cell_type+%3D%3D+DNg55+%7C%7C+cell_type+%3D%3D+AN00A006+%7C%7C+cell_type+%3D%3D+DNp66+%7C%7C+cell_type+%3D%3D+DNp64+%7C%7C+cell_type+%3D%3D+DNp23+%7C%7C+cell_type+%3D%3D+DNpe031+%7C%7C+cell_type+%3D%3D+DNge119+%7C%7C+cell_type+%3D%3D+DNp08+%7C%7C+cell_type+%3D%3D+DNpe026+%7C%7C+cell_type+%3D%3D+DNpe043+%7C%7C+cell_type+%3D%3D+AN08B009+%7C%7C+cell_type+%3D%3D+DNp02+%7C%7C+cell_type+%3D%3D+DNp45+%7C%7C+cell_type+%3D%3D+DNpe042+%7C%7C+cell_type+%3D%3D+DNp38+%7C%7C+cell_type+%3D%3D+AN05B097+%7C%7C+cell_type+%3D%3D+DNge099+%7C%7C+cell_type+%3D%3D+AN08B013+%7C%7C+cell_type+%3D%3D+DNp04+%7C%7C+cell_type+%3D%3D+AN05B999+%7C%7C+cell_type+%3D%3D+AN19A018_c+%7C%7C+cell_type+%3D%3D+DNpe039+%7C%7C+cell_type+%3D%3D+AN10B015_c+%7C%7C+cell_type+%3D%3D+DNpe040+%7C%7C+cell_type+%3D%3D+AN08B048+%7C%7C+cell_type+%3D%3D+AN08B041+%7C%7C+cell_type+%3D%3D+AN02A016+%7C%7C+cell_type+%3D%3D+AN08B049+%7C%7C+cell_type+%3D%3D+AN17A073+%7C%7C+cell_type+%3D%3D+AN10B015+%7C%7C+cell_type+%3D%3D+AN08B081+%7C%7C+cell_type+%3D%3D+AN08B099+%7C%7C+cell_type+%3D%3D+AN08B089+%7C%7C+cell_type+%3D%3D+AN01A049+%7C%7C+cell_type+%3D%3D+AN08B109+%7C%7C+cell_type+%3D%3D+AN08B097+%7C%7C+cell_type+%3D%3D+AN08B095+%7C%7C+cell_type+%3D%3D+AN08B094+%7C%7C+cell_type+%3D%3D+AN08B107+%7C%7C+cell_type+%3D%3D+AN08B103+%7C%7C+cell_type+%3D%3D+AN08B110+%7C%7C+cell_type+%3D%3D+AN08B102+%7C%7C+cell_type+%3D%3D+AN08B096+%7C%7C+cell_type+%3D%3D+AN10B015_b+%7C%7C+cell_type+%3D%3D+DNp42+%7C%7C+cell_type+%3D%3D+AN08B099_a+%7C%7C+cell_type+%3D%3D+DNp69&sort_by=&page_size=100"
"tactile","https://spelunker.cave-explorer.org/#!middleauth+https://global.daf-apis.com/nglstate/api/v1/6531247504359424","https://codex.flywire.ai/app/search?dataset=banc&filter_string=cell_type+%3D%3D+AN05B005+%7C%7C+cell_type+%3D%3D+AN00A002+%7C%7C+cell_type+%3D%3D+DNge104+%7C%7C+cell_type+%3D%3D+ANXXX043+%7C%7C+cell_type+%3D%3D+ANXXX013+%7C%7C+cell_type+%3D%3D+DNg15+%7C%7C+cell_type+%3D%3D+DNge142+%7C%7C+cell_type+%3D%3D+AN17B005+%7C%7C+cell_type+%3D%3D+AN09B009+%7C%7C+cell_type+%3D%3D+AN05B010+%7C%7C+cell_type+%3D%3D+ANXXX041+%7C%7C+cell_type+%3D%3D+DNge132+%7C%7C+cell_type+%3D%3D+AN01B002+%7C%7C+cell_type+%3D%3D+AN09A007+%7C%7C+cell_type+%3D%3D+DNge122+%7C%7C+cell_type+%3D%3D+DNg84+%7C%7C+cell_type+%3D%3D+ANXXX092+%7C%7C+cell_type+%3D%3D+AN09B014+%7C%7C+cell_type+%3D%3D+DNg87+%7C%7C+cell_type+%3D%3D+DNde001+%7C%7C+cell_type+%3D%3D+AN05B029+%7C%7C+cell_type+%3D%3D+AN09B023+%7C%7C+cell_type+%3D%3D+DNg59+%7C%7C+cell_type+%3D%3D+AN09B020+%7C%7C+cell_type+%3D%3D+DNge133+%7C%7C+cell_type+%3D%3D+AN05B054+%7C%7C+cell_type+%3D%3D+DNge121+%7C%7C+cell_type+%3D%3D+ANXXX264+%7C%7C+cell_type+%3D%3D+AN05B046+%7C%7C+cell_type+%3D%3D+DNge078+%7C%7C+cell_type+%3D%3D+AN05B040+%7C%7C+cell_type+%3D%3D+AN05B047+%7C%7C+cell_type+%3D%3D+AN05B071+%7C%7C+cell_type+%3D%3D+DNg20+%7C%7C+cell_type+%3D%3D+AN05B068+%7C%7C+cell_type+%3D%3D+AN19A018_a+%7C%7C+cell_type+%3D%3D+AN05B069+%7C%7C+cell_type+%3D%3D+AN17A076+%7C%7C+cell_type+%3D%3D+DNg83+%7C%7C+cell_type+%3D%3D+ANXXX404+%7C%7C+cell_type+%3D%3D+AN12B055+%7C%7C+cell_type+%3D%3D+AN05B009&sort_by=&page_size=100"
"walking steering","https://spelunker.cave-explorer.org/#!middleauth+https://global.daf-apis.com/nglstate/api/v1/6623427459809280","https://codex.flywire.ai/app/search?dataset=banc&filter_string=cell_type+%3D%3D+DNg35+%7C%7C+cell_type+%3D%3D+DNa02+%7C%7C+cell_type+%3D%3D+DNa13+%7C%7C+cell_type+%3D%3D+DNa11+%7C%7C+cell_type+%3D%3D+DNg88+%7C%7C+cell_type+%3D%3D+DNae005+%7C%7C+cell_type+%3D%3D+DNae007+%7C%7C+cell_type+%3D%3D+DNg96+%7C%7C+cell_type+%3D%3D+DNge040+%7C%7C+cell_type+%3D%3D+DNg111+%7C%7C+cell_type+%3D%3D+AN06B007_a+%7C%7C+cell_type+%3D%3D+DNpe023+%7C%7C+cell_type+%3D%3D+MDN+%7C%7C+cell_type+%3D%3D+DNge124+%7C%7C+cell_type+%3D%3D+DNae001+%7C%7C+cell_type+%3D%3D+ANXXX049+%7C%7C+cell_type+%3D%3D+DNg39+%7C%7C+cell_type+%3D%3D+DNg31+%7C%7C+cell_type+%3D%3D+AN08B026+%7C%7C+cell_type+%3D%3D+AN12A003+%7C%7C+cell_type+%3D%3D+AN06B026+%7C%7C+cell_type+%3D%3D+DNg60+%7C%7C+cell_type+%3D%3D+ANXXX131+%7C%7C+cell_type+%3D%3D+DNge123+%7C%7C+cell_type+%3D%3D+DNde003+%7C%7C+cell_type+%3D%3D+DNg64+%7C%7C+cell_type+%3D%3D+AN06B015_b+%7C%7C+cell_type+%3D%3D+AN06B012+%7C%7C+cell_type+%3D%3D+AN02A025+%7C%7C+cell_type+%3D%3D+ANXXX318+%7C%7C+cell_type+%3D%3D+DNge134+%7C%7C+cell_type+%3D%3D+AN02A046&sort_by=&page_size=100"
"flight steering 1","https://spelunker.cave-explorer.org/#!middleauth+https://global.daf-apis.com/nglstate/api/v1/5465623973855232","https://codex.flywire.ai/app/search?dataset=banc&filter_string=cell_type+%3D%3D+DNae009+%7C%7C+cell_type+%3D%3D+DNp31+%7C%7C+cell_type+%3D%3D+DNa03+%7C%7C+cell_type+%3D%3D+DNa10+%7C%7C+cell_type+%3D%3D+DNbe001+%7C%7C+cell_type+%3D%3D+DNbe004+%7C%7C+cell_type+%3D%3D+DNp18+%7C%7C+cell_type+%3D%3D+DNae002+%7C%7C+cell_type+%3D%3D+DNa09+%7C%7C+cell_type+%3D%3D+DNp63+%7C%7C+cell_type+%3D%3D+DNpe017+%7C%7C+cell_type+%3D%3D+DNb01+%7C%7C+cell_type+%3D%3D+DNae003+%7C%7C+cell_type+%3D%3D+DNa04+%7C%7C+cell_type+%3D%3D+DNa15+%7C%7C+cell_type+%3D%3D+DNpe005+%7C%7C+cell_type+%3D%3D+DNae010+%7C%7C+cell_type+%3D%3D+DNbe005+%7C%7C+cell_type+%3D%3D+DNp57+%7C%7C+cell_type+%3D%3D+DNge107+%7C%7C+cell_type+%3D%3D+DNp26+%7C%7C+cell_type+%3D%3D+DNb04+%7C%7C+cell_type+%3D%3D+DNp03+%7C%7C+cell_type+%3D%3D+DNa05+%7C%7C+cell_type+%3D%3D+DNg79+%7C%7C+cell_type+%3D%3D+DNb07+%7C%7C+cell_type+%3D%3D+DNg91+%7C%7C+cell_type+%3D%3D+AN06B042+%7C%7C+cell_type+%3D%3D+AN06B023+%7C%7C+cell_type+%3D%3D+DNg71+%7C%7C+cell_type+%3D%3D+AN07B024+%7C%7C+cell_type+%3D%3D+DNg04+%7C%7C+cell_type+%3D%3D+DNpe019+%7C%7C+cell_type+%3D%3D+DNae006+%7C%7C+cell_type+%3D%3D+DNae004+%7C%7C+cell_type+%3D%3D+DNg42+%7C%7C+cell_type+%3D%3D+DNa07+%7C%7C+cell_type+%3D%3D+DNp51+%7C%7C+cell_type+%3D%3D+DNge175+%7C%7C+cell_type+%3D%3D+DNge016+%7C%7C+cell_type+%3D%3D+DNg82+%7C%7C+cell_type+%3D%3D+DNge014+%7C%7C+cell_type+%3D%3D+DNg01+%7C%7C+cell_type+%3D%3D+DNg05_b+%7C%7C+cell_type+%3D%3D+DNge017+%7C%7C+cell_type+%3D%3D+AN18B020&sort_by=&page_size=100"
"probing","https://spelunker.cave-explorer.org/#!middleauth+https://global.daf-apis.com/nglstate/api/v1/6421200669507584","https://codex.flywire.ai/app/search?dataset=banc&filter_string=cell_type+%3D%3D+AN04B001+%7C%7C+cell_type+%3D%3D+DNge037+%7C%7C+cell_type+%3D%3D+DNge036+%7C%7C+cell_type+%3D%3D+DNge041+%7C%7C+cell_type+%3D%3D+AN07B015+%7C%7C+cell_type+%3D%3D+DNbe007+%7C%7C+cell_type+%3D%3D+AN19B010+%7C%7C+cell_type+%3D%3D+ANXXX024+%7C%7C+cell_type+%3D%3D+DNge059+%7C%7C+cell_type+%3D%3D+DNpe002+%7C%7C+cell_type+%3D%3D+DNde005+%7C%7C+cell_type+%3D%3D+AN12B008+%7C%7C+cell_type+%3D%3D+DNge003+%7C%7C+cell_type+%3D%3D+DNge007+%7C%7C+cell_type+%3D%3D+AN12B005+%7C%7C+cell_type+%3D%3D+ANXXX037+%7C%7C+cell_type+%3D%3D+DNg90+%7C%7C+cell_type+%3D%3D+ANXXX030+%7C%7C+cell_type+%3D%3D+DNge023+%7C%7C+cell_type+%3D%3D+DNge042+%7C%7C+cell_type+%3D%3D+DNg85+%7C%7C+cell_type+%3D%3D+DNg37+%7C%7C+cell_type+%3D%3D+DNp56+%7C%7C+cell_type+%3D%3D+ANXXX072+%7C%7C+cell_type+%3D%3D+DNpe003+%7C%7C+cell_type+%3D%3D+DNge146+%7C%7C+cell_type+%3D%3D+DNge055+%7C%7C+cell_type+%3D%3D+DNge051+%7C%7C+cell_type+%3D%3D+DNfl033+%7C%7C+cell_type+%3D%3D+DNg48+%7C%7C+cell_type+%3D%3D+DNge056+%7C%7C+cell_type+%3D%3D+DNge067+%7C%7C+cell_type+%3D%3D+DNge101+%7C%7C+cell_type+%3D%3D+DNge173+%7C%7C+cell_type+%3D%3D+DNge106+%7C%7C+cell_type+%3D%3D+DNge062+%7C%7C+cell_type+%3D%3D+DNg54+%7C%7C+cell_type+%3D%3D+DNge080+%7C%7C+cell_type+%3D%3D+DNg61+%7C%7C+cell_type+%3D%3D+DNge069+%7C%7C+cell_type+%3D%3D+DNg107+%7C%7C+cell_type+%3D%3D+DNge174+%7C%7C+cell_type+%3D%3D+DNge096+%7C%7C+cell_type+%3D%3D+AN06A015+%7C%7C+cell_type+%3D%3D+DNg47+%7C%7C+cell_type+%3D%3D+ANXXX191+%7C%7C+cell_type+%3D%3D+DNg72+%7C%7C+cell_type+%3D%3D+DNge147+%7C%7C+cell_type+%3D%3D+AN26X004+%7C%7C+cell_type+%3D%3D+DNge100+%7C%7C+cell_type+%3D%3D+DNge128+%7C%7C+cell_type+%3D%3D+DNge029+%7C%7C+cell_type+%3D%3D+DNge057+%7C%7C+cell_type+%3D%3D+DNge031&sort_by=&page_size=100"
"flight-steering","https://spelunker.cave-explorer.org/#!middleauth+https://global.daf-apis.com/nglstate/api/v1/4638540267782144","https://codex.flywire.ai/app/search?dataset=banc&filter_string=cell_type+%3D%3D+EA00B006+%7C%7C+cell_type+%3D%3D+iv4+%7C%7C+cell_type+%3D%3D+iii4+%7C%7C+cell_type+%3D%3D+b1+%7C%7C+cell_type+%3D%3D+iv3+%7C%7C+cell_type+%3D%3D+MNhm42+%7C%7C+cell_type+%3D%3D+MNhm03+%7C%7C+cell_type+%3D%3D+i2+%7C%7C+cell_type+%3D%3D+i1+%7C%7C+cell_type+%3D%3D+b2+%7C%7C+cell_type+%3D%3D+b3+%7C%7C+cell_type+%3D%3D+iv1+%7C%7C+cell_type+%3D%3D+iv2+%7C%7C+cell_type+%3D%3D+tpn+%7C%7C+cell_type+%3D%3D+MNhm43+%7C%7C+cell_type+%3D%3D+iii3+%7C%7C+cell_type+%3D%3D+MNad40&sort_by=&page_size=100"
"visceral control","https://spelunker.cave-explorer.org/#!middleauth+https://global.daf-apis.com/nglstate/api/v1/4559864922636288","https://codex.flywire.ai/app/search?dataset=banc&filter_string=cell_type+%3D%3D+DNg102+%7C%7C+cell_type+%3D%3D+DNp48+%7C%7C+cell_type+%3D%3D+DNge135+%7C%7C+cell_type+%3D%3D+AN05B101+%7C%7C+cell_type+%3D%3D+AN27X009+%7C%7C+cell_type+%3D%3D+AN_multi_124+%7C%7C+cell_type+%3D%3D+DNpe036+%7C%7C+cell_type+%3D%3D+AN09A005+%7C%7C+cell_type+%3D%3D+ANXXX139+%7C%7C+cell_type+%3D%3D+AN27X017+%7C%7C+cell_type+%3D%3D+ANXXX019+%7C%7C+cell_type+%3D%3D+DNge172+%7C%7C+cell_type+%3D%3D+AN05B101_b+%7C%7C+cell_type+%3D%3D+ANXXX136+%7C%7C+cell_type+%3D%3D+DNp65+%7C%7C+cell_type+%3D%3D+AN09B037+%7C%7C+cell_type+%3D%3D+DNpe035+%7C%7C+cell_type+%3D%3D+AN27X013+%7C%7C+cell_type+%3D%3D+DNpe033+%7C%7C+cell_type+%3D%3D+AN09B018_b+%7C%7C+cell_type+%3D%3D+ANXXX202_c+%7C%7C+cell_type+%3D%3D+ANXXX202_b+%7C%7C+cell_type+%3D%3D+ANXXX308+%7C%7C+cell_type+%3D%3D+ANXXX090+%7C%7C+cell_type+%3D%3D+ANXXX202_a+%7C%7C+cell_type+%3D%3D+ANXXX202+%7C%7C+cell_type+%3D%3D+AN08B113+%7C%7C+cell_type+%3D%3D+DNpe048+%7C%7C+cell_type+%3D%3D+DNp25+%7C%7C+cell_type+%3D%3D+DNpe053&sort_by=&page_size=100"
"vibratory","https://spelunker.cave-explorer.org/#!middleauth+https://global.daf-apis.com/nglstate/api/v1/5764440174624768","https://codex.flywire.ai/app/search?dataset=banc&filter_string=cell_type+%3D%3D+AN12B006+%7C%7C+cell_type+%3D%3D+AN12B004+%7C%7C+cell_type+%3D%3D+AN08B018+%7C%7C+cell_type+%3D%3D+AN09B015+%7C%7C+cell_type+%3D%3D+ANXXX098+%7C%7C+cell_type+%3D%3D+AN17B009+%7C%7C+cell_type+%3D%3D+AN19B036+%7C%7C+cell_type+%3D%3D+ANXXX174+%7C%7C+cell_type+%3D%3D+ANXXX120+%7C%7C+cell_type+%3D%3D+AN08B025+%7C%7C+cell_type+%3D%3D+AN08B028+%7C%7C+cell_type+%3D%3D+AN08B024+%7C%7C+cell_type+%3D%3D+ANXXX007+%7C%7C+cell_type+%3D%3D+AN10B020+%7C%7C+cell_type+%3D%3D+DNg23+%7C%7C+cell_type+%3D%3D+ANXXX148+%7C%7C+cell_type+%3D%3D+AN10B022+%7C%7C+cell_type+%3D%3D+AN10B019+%7C%7C+cell_type+%3D%3D+AN10B027+%7C%7C+cell_type+%3D%3D+AN10B029+%7C%7C+cell_type+%3D%3D+AN10B047+%7C%7C+cell_type+%3D%3D+AN10B033+%7C%7C+cell_type+%3D%3D+AN10B053+%7C%7C+cell_type+%3D%3D+AN10B048+%7C%7C+cell_type+%3D%3D+ANXXX157&sort_by=&page_size=100"
"grooming","https://spelunker.cave-explorer.org/#!middleauth+https://global.daf-apis.com/nglstate/api/v1/4512329944268800","https://codex.flywire.ai/app/search?dataset=banc&filter_string=cell_type+%3D%3D+DNge136+%7C%7C+cell_type+%3D%3D+AN19B015+%7C%7C+cell_type+%3D%3D+AN01A014+%7C%7C+cell_type+%3D%3D+DNge083+%7C%7C+cell_type+%3D%3D+DNge011+%7C%7C+cell_type+%3D%3D+DNge027+%7C%7C+cell_type+%3D%3D+DNge076+%7C%7C+cell_type+%3D%3D+DNge022+%7C%7C+cell_type+%3D%3D+DNge039+%7C%7C+cell_type+%3D%3D+DNg62+%7C%7C+cell_type+%3D%3D+DNge001+%7C%7C+cell_type+%3D%3D+DNge028+%7C%7C+cell_type+%3D%3D+DNge012+%7C%7C+cell_type+%3D%3D+DNge044+%7C%7C+cell_type+%3D%3D+DNg21+%7C%7C+cell_type+%3D%3D+DNge019+%7C%7C+cell_type+%3D%3D+DNge025+%7C%7C+cell_type+%3D%3D+DNg12_b+%7C%7C+cell_type+%3D%3D+DNg12_e+%7C%7C+cell_type+%3D%3D+DNge020+%7C%7C+cell_type+%3D%3D+DNge009+%7C%7C+cell_type+%3D%3D+DNfl028+%7C%7C+cell_type+%3D%3D+DNfl030+%7C%7C+cell_type+%3D%3D+DNge024&sort_by=&page_size=100"
"head orienting","https://spelunker.cave-explorer.org/#!middleauth+https://global.daf-apis.com/nglstate/api/v1/6418520609914880","https://codex.flywire.ai/app/search?dataset=banc&filter_string=cell_type+%3D%3D+DNa06+%7C%7C+cell_type+%3D%3D+DNa16+%7C%7C+cell_type+%3D%3D+DNg49+%7C%7C+cell_type+%3D%3D+DNb06+%7C%7C+cell_type+%3D%3D+DNge006+%7C%7C+cell_type+%3D%3D+AN19B025+%7C%7C+cell_type+%3D%3D+DNge143+%7C%7C+cell_type+%3D%3D+AN06B025+%7C%7C+cell_type+%3D%3D+AN03A002+%7C%7C+cell_type+%3D%3D+DNp22+%7C%7C+cell_type+%3D%3D+DNge043+%7C%7C+cell_type+%3D%3D+DNg78+%7C%7C+cell_type+%3D%3D+AN06B037+%7C%7C+cell_type+%3D%3D+AN18B025+%7C%7C+cell_type+%3D%3D+AN06B005+%7C%7C+cell_type+%3D%3D+DNpe013+%7C%7C+cell_type+%3D%3D+DNp53+%7C%7C+cell_type+%3D%3D+DNge125+%7C%7C+cell_type+%3D%3D+AN06A016+%7C%7C+cell_type+%3D%3D+DNge026+%7C%7C+cell_type+%3D%3D+DNge002+%7C%7C+cell_type+%3D%3D+DNge033+%7C%7C+cell_type+%3D%3D+AN07B032+%7C%7C+cell_type+%3D%3D+DNp15+%7C%7C+cell_type+%3D%3D+DNge030+%7C%7C+cell_type+%3D%3D+AN18B023+%7C%7C+cell_type+%3D%3D+DNb02+%7C%7C+cell_type+%3D%3D+AN19B018+%7C%7C+cell_type+%3D%3D+DNg73+%7C%7C+cell_type+%3D%3D+DNge088+%7C%7C+cell_type+%3D%3D+AN06A010+%7C%7C+cell_type+%3D%3D+AN06B044+%7C%7C+cell_type+%3D%3D+DNg41+%7C%7C+cell_type+%3D%3D+DNg89+%7C%7C+cell_type+%3D%3D+DNg05_a+%7C%7C+cell_type+%3D%3D+DNge018+%7C%7C+cell_type+%3D%3D+DNge086+%7C%7C+cell_type+%3D%3D+AN11B008+%7C%7C+cell_type+%3D%3D+AN19B044+%7C%7C+cell_type+%3D%3D+DNg58+%7C%7C+cell_type+%3D%3D+ANXXX200+%7C%7C+cell_type+%3D%3D+DNg46+%7C%7C+cell_type+%3D%3D+DNb03+%7C%7C+cell_type+%3D%3D+DNpe004+%7C%7C+cell_type+%3D%3D+AN06A017+%7C%7C+cell_type+%3D%3D+ANXXX171+%7C%7C+cell_type+%3D%3D+AN11B012+%7C%7C+cell_type+%3D%3D+DNg94+%7C%7C+cell_type+%3D%3D+AN06A018+%7C%7C+cell_type+%3D%3D+AN07B052+%7C%7C+cell_type+%3D%3D+DNge045+%7C%7C+cell_type+%3D%3D+AN19B039+%7C%7C+cell_type+%3D%3D+AN02A022+%7C%7C+cell_type+%3D%3D+AN07B051+%7C%7C+cell_type+%3D%3D+AN07B049+%7C%7C+cell_type+%3D%3D+AN06B999+%7C%7C+cell_type+%3D%3D+AN03B095+%7C%7C+cell_type+%3D%3D+AN07B042+%7C%7C+cell_type+%3D%3D+DNg12_a+%7C%7C+cell_type+%3D%3D+AN07B072+%7C%7C+cell_type+%3D%3D+DNge072+%7C%7C+cell_type+%3D%3D+AN06B048+%7C%7C+cell_type+%3D%3D+AN03B050+%7C%7C+cell_type+%3D%3D+DNg36_a+%7C%7C+cell_type+%3D%3D+AN07B056+%7C%7C+cell_type+%3D%3D+AN07B071+%7C%7C+cell_type+%3D%3D+DNge095+%7C%7C+cell_type+%3D%3D+AN07B082+%7C%7C+cell_type+%3D%3D+AN07B057+%7C%7C+cell_type+%3D%3D+AN07B091+%7C%7C+cell_type+%3D%3D+DNge115+%7C%7C+cell_type+%3D%3D+DNge118+%7C%7C+cell_type+%3D%3D+DNge116+%7C%7C+cell_type+%3D%3D+AN07B069+%7C%7C+cell_type+%3D%3D+AN07B076+%7C%7C+cell_type+%3D%3D+AN07B050+%7C%7C+cell_type+%3D%3D+DNpe054+%7C%7C+cell_type+%3D%3D+AN06A112+%7C%7C+cell_type+%3D%3D+AN07B078+%7C%7C+cell_type+%3D%3D+DNp17+%7C%7C+cell_type+%3D%3D+AN07B085+%7C%7C+cell_type+%3D%3D+DNg12_c+%7C%7C+cell_type+%3D%3D+DNge109+%7C%7C+cell_type+%3D%3D+DNg36_b+%7C%7C+cell_type+%3D%3D+DNpe008+%7C%7C+cell_type+%3D%3D+DNg12_d+%7C%7C+cell_type+%3D%3D+DNge087+%7C%7C+cell_type+%3D%3D+DNge114+%7C%7C+cell_type+%3D%3D+AN07B095+%7C%7C+cell_type+%3D%3D+DNnt008+%7C%7C+cell_type+%3D%3D+AN16B078_b+%7C%7C+cell_type+%3D%3D+AN07B101+%7C%7C+cell_type+%3D%3D+AN07B101_b+%7C%7C+cell_type+%3D%3D+AN07B072_b+%7C%7C+cell_type+%3D%3D+DNg10+%7C%7C+cell_type+%3D%3D+DNpe009+%7C%7C+cell_type+%3D%3D+DNpe015+%7C%7C+cell_type+%3D%3D+DNge092+%7C%7C+cell_type+%3D%3D+DNg53&sort_by=&page_size=100"
"feeding","https://spelunker.cave-explorer.org/#!middleauth+https://global.daf-apis.com/nglstate/api/v1/6041793299742720","https://codex.flywire.ai/app/search?dataset=banc&filter_string=cell_type+%3D%3D+DNg70+%7C%7C+cell_type+%3D%3D+AN05B004+%7C%7C+cell_type+%3D%3D+DNg68+%7C%7C+cell_type+%3D%3D+DNp62+%7C%7C+cell_type+%3D%3D+AN17A002+%7C%7C+cell_type+%3D%3D+DNd04+%7C%7C+cell_type+%3D%3D+AN01A055+%7C%7C+cell_type+%3D%3D+AN13B002+%7C%7C+cell_type+%3D%3D+AN09B018_d+%7C%7C+cell_type+%3D%3D+AN05B021+%7C%7C+cell_type+%3D%3D+DNg103+%7C%7C+cell_type+%3D%3D+ANXXX075+%7C%7C+cell_type+%3D%3D+AN05B098+%7C%7C+cell_type+%3D%3D+AN09B031+%7C%7C+cell_type+%3D%3D+AN05B097+%7C%7C+cell_type+%3D%3D+DNpe049+%7C%7C+cell_type+%3D%3D+AN05B100+%7C%7C+cell_type+%3D%3D+AN09B018_c+%7C%7C+cell_type+%3D%3D+AN05B027+%7C%7C+cell_type+%3D%3D+DNp44+%7C%7C+cell_type+%3D%3D+AN05B024+%7C%7C+cell_type+%3D%3D+ANXXX170+%7C%7C+cell_type+%3D%3D+AN01B004+%7C%7C+cell_type+%3D%3D+AN09B006+%7C%7C+cell_type+%3D%3D+DNg65+%7C%7C+cell_type+%3D%3D+AN05B026+%7C%7C+cell_type+%3D%3D+DNpe007+%7C%7C+cell_type+%3D%3D+DNg63+%7C%7C+cell_type+%3D%3D+AN_multi_18+%7C%7C+cell_type+%3D%3D+AN17A062+%7C%7C+cell_type+%3D%3D+AN09B019+%7C%7C+cell_type+%3D%3D+ANXXX977+%7C%7C+cell_type+%3D%3D+DNde007+%7C%7C+cell_type+%3D%3D+AN05B106+%7C%7C+cell_type+%3D%3D+AN09B028+%7C%7C+cell_type+%3D%3D+AN23B010+%7C%7C+cell_type+%3D%3D+ANXXX433+%7C%7C+cell_type+%3D%3D+ANXXX470+%7C%7C+cell_type+%3D%3D+AN09B042+%7C%7C+cell_type+%3D%3D+ANXXX434+%7C%7C+cell_type+%3D%3D+ANXXX984+%7C%7C+cell_type+%3D%3D+AN09B018_a+%7C%7C+cell_type+%3D%3D+ANXXX985+%7C%7C+cell_type+%3D%3D+ANXXX255+%7C%7C+cell_type+%3D%3D+DNge077+%7C%7C+cell_type+%3D%3D+AN09B032+%7C%7C+cell_type+%3D%3D+ANXXX196+%7C%7C+cell_type+%3D%3D+AN09B033+%7C%7C+cell_type+%3D%3D+DNg67+%7C%7C+cell_type+%3D%3D+ANXXX296+%7C%7C+cell_type+%3D%3D+ANXXX313+%7C%7C+cell_type+%3D%3D+ANXXX218+%7C%7C+cell_type+%3D%3D+AN07B040+%7C%7C+cell_type+%3D%3D+ANXXX462a+%7C%7C+cell_type+%3D%3D+AN05B076+%7C%7C+cell_type+%3D%3D+AN01B018+%7C%7C+cell_type+%3D%3D+AN_GNG_SAD_6&sort_by=&page_size=100"
"flight steering 2","https://spelunker.cave-explorer.org/#!middleauth+https://global.daf-apis.com/nglstate/api/v1/4745866534453248","https://codex.flywire.ai/app/search?dataset=banc&filter_string=cell_type+%3D%3D+DNp73+%7C%7C+cell_type+%3D%3D+DNg99+%7C%7C+cell_type+%3D%3D+DNp19+%7C%7C+cell_type+%3D%3D+AN07B046+%7C%7C+cell_type+%3D%3D+AN03B039+%7C%7C+cell_type+%3D%3D+AN06B051+%7C%7C+cell_type+%3D%3D+AN07B021+%7C%7C+cell_type+%3D%3D+AN07B025+%7C%7C+cell_type+%3D%3D+AN06A026+%7C%7C+cell_type+%3D%3D+AN06B045+%7C%7C+cell_type+%3D%3D+AN19B059+%7C%7C+cell_type+%3D%3D+AN07B060+%7C%7C+cell_type+%3D%3D+AN08B071+%7C%7C+cell_type+%3D%3D+AN08B079+%7C%7C+cell_type+%3D%3D+AN19B046+%7C%7C+cell_type+%3D%3D+AN19B101+%7C%7C+cell_type+%3D%3D+AN19B079+%7C%7C+cell_type+%3D%3D+AN07B063+%7C%7C+cell_type+%3D%3D+AN06A062+%7C%7C+cell_type+%3D%3D+AN06A080+%7C%7C+cell_type+%3D%3D+AN19B074+%7C%7C+cell_type+%3D%3D+AN19B076+%7C%7C+cell_type+%3D%3D+AN19B065+%7C%7C+cell_type+%3D%3D+AN06A092+%7C%7C+cell_type+%3D%3D+AN06A095+%7C%7C+cell_type+%3D%3D+AN19B060+%7C%7C+cell_type+%3D%3D+AN19B063+%7C%7C+cell_type+%3D%3D+DNp28+%7C%7C+cell_type+%3D%3D+AN19B093+%7C%7C+cell_type+%3D%3D+AN19B102+%7C%7C+cell_type+%3D%3D+AN19B104+%7C%7C+cell_type+%3D%3D+DNge085+%7C%7C+cell_type+%3D%3D+AN16B081+%7C%7C+cell_type+%3D%3D+DNg18_b+%7C%7C+cell_type+%3D%3D+AN19B100+%7C%7C+cell_type+%3D%3D+AN16B078+%7C%7C+cell_type+%3D%3D+AN07B089+%7C%7C+cell_type+%3D%3D+AN16B116+%7C%7C+cell_type+%3D%3D+DNge071+%7C%7C+cell_type+%3D%3D+AN16B112+%7C%7C+cell_type+%3D%3D+DNg18_a+%7C%7C+cell_type+%3D%3D+AN19B098+%7C%7C+cell_type+%3D%3D+AN19B106+%7C%7C+cell_type+%3D%3D+AN08B079_b+%7C%7C+cell_type+%3D%3D+AN19B099&sort_by=&page_size=100"
"flight-energy-power","https://spelunker.cave-explorer.org/#!middleauth+https://global.daf-apis.com/nglstate/api/v1/5458405769609216","https://codex.flywire.ai/app/search?dataset=banc&filter_string=cell_type+%3D%3D+EA06B010+%7C%7C+cell_type+%3D%3D+EAXXX079+%7C%7C+cell_type+%3D%3D+DVM3a-b+%7C%7C+cell_type+%3D%3D+DLM1-4+%7C%7C+cell_type+%3D%3D+DLM5+%7C%7C+cell_type+%3D%3D+hi2 MN+%7C%7C+cell_type+%3D%3D+DVM2a-b+%7C%7C+cell_type+%3D%3D+MNhl87+%7C%7C+cell_type+%3D%3D+DVM1a-c+%7C%7C+cell_type+%3D%3D+PSn_u+%7C%7C+cell_type+%3D%3D+EN27X010+%7C%7C+cell_type+%3D%3D+MNhl88+%7C%7C+cell_type+%3D%3D+MNad29+%7C%7C+cell_type+%3D%3D+hiii2 MN+%7C%7C+cell_type+%3D%3D+hDVM MN+%7C%7C+cell_type+%3D%3D+hi1 MN+%7C%7C+cell_type+%3D%3D+EN00B011+%7C%7C+cell_type+%3D%3D+tp1+%7C%7C+cell_type+%3D%3D+tp2+%7C%7C+cell_type+%3D%3D+MNxm01+%7C%7C+cell_type+%3D%3D+PS2+%7C%7C+cell_type+%3D%3D+mesVUM-MJ+%7C%7C+cell_type+%3D%3D+MNad26+%7C%7C+cell_type+%3D%3D+PS1+%7C%7C+cell_type+%3D%3D+iii1&sort_by=&page_size=100"
"head-eye-antenna","https://spelunker.cave-explorer.org/#!middleauth+https://global.daf-apis.com/nglstate/api/v1/6653506189524992","https://codex.flywire.ai/app/search?dataset=banc&filter_string=cell_type+%3D%3D+DProN5+%7C%7C+cell_type+%3D%3D+DProN9+%7C%7C+cell_type+%3D%3D+CvN7+%7C%7C+cell_type+%3D%3D+CvNA1+%7C%7C+cell_type+%3D%3D+DProN4+%7C%7C+cell_type+%3D%3D+CvN9+%7C%7C+cell_type+%3D%3D+CvN5+%7C%7C+cell_type+%3D%3D+DProN2+%7C%7C+cell_type+%3D%3D+DProN8+%7C%7C+cell_type+%3D%3D+DProN3a+%7C%7C+cell_type+%3D%3D+CvN10+%7C%7C+cell_type+%3D%3D+DProN3b+%7C%7C+cell_type+%3D%3D+CvN4+%7C%7C+cell_type+%3D%3D+DProN7+%7C%7C+cell_type+%3D%3D+CvN1,CvN2+%7C%7C+cell_type+%3D%3D+CvN3+%7C%7C+cell_type+%3D%3D+CvN11+%7C%7C+cell_type+%3D%3D+CvN6+%7C%7C+cell_type+%3D%3D+DProN1+%7C%7C+cell_type+%3D%3D+CvNA2+%7C%7C+cell_type+%3D%3D+VCvN3+%7C%7C+cell_type+%3D%3D+DProN6+%7C%7C+cell_type+%3D%3D+VCvN1,VCvN2+%7C%7C+cell_type+%3D%3D+EN21X001+%7C%7C+cell_type+%3D%3D+CB0901+%7C%7C+cell_type+%3D%3D+CB0804+%7C%7C+cell_type+%3D%3D+CB0886+%7C%7C+cell_type+%3D%3D+CB0723+%7C%7C+cell_type+%3D%3D+ENXXX&sort_by=&page_size=100"
"proprioceptive","https://spelunker.cave-explorer.org/#!middleauth+https://global.daf-apis.com/nglstate/api/v1/4736163062480896","https://codex.flywire.ai/app/search?dataset=banc&filter_string=cell_type+%3D%3D+AN05B104+%7C%7C+cell_type+%3D%3D+INXXX101+%7C%7C+cell_type+%3D%3D+AN10B031+%7C%7C+cell_type+%3D%3D+AN10B037+%7C%7C+cell_type+%3D%3D+AN10B034+%7C%7C+cell_type+%3D%3D+AN10B051+%7C%7C+cell_type+%3D%3D+AN10B049+%7C%7C+cell_type+%3D%3D+AN10B060+%7C%7C+cell_type+%3D%3D+AN10B056+%7C%7C+cell_type+%3D%3D+AN10B046+%7C%7C+cell_type+%3D%3D+AN10B045+%7C%7C+cell_type+%3D%3D+AN10B039+%7C%7C+cell_type+%3D%3D+IN10B032+%7C%7C+cell_type+%3D%3D+AN10B061+%7C%7C+cell_type+%3D%3D+AN08B034+%7C%7C+cell_type+%3D%3D+AN10B035&sort_by=&page_size=100"
"takeoff-landing","https://spelunker.cave-explorer.org/#!middleauth+https://global.daf-apis.com/nglstate/api/v1/4722416281452544","https://codex.flywire.ai/app/search?dataset=banc&filter_string=cell_type+%3D%3D+CB0191&sort_by=&page_size=100"
"feeding-endocrine","https://spelunker.cave-explorer.org/#!middleauth+https://global.daf-apis.com/nglstate/api/v1/6684535424024576","https://codex.flywire.ai/app/search?dataset=banc&filter_string=cell_type+%3D%3D+EA00B022+%7C%7C+cell_type+%3D%3D+EN00B008_T1+%7C%7C+cell_type+%3D%3D+SEZ_NSC_Hugin+%7C%7C+cell_type+%3D%3D+EN00B007+%7C%7C+cell_type+%3D%3D+EN00B024+%7C%7C+cell_type+%3D%3D+EN00B008_T3+%7C%7C+cell_type+%3D%3D+EN00B015_T1+%7C%7C+cell_type+%3D%3D+EN00B025+%7C%7C+cell_type+%3D%3D+CB2748+%7C%7C+cell_type+%3D%3D+EN00B015+%7C%7C+cell_type+%3D%3D+EN00B008_T2+%7C%7C+cell_type+%3D%3D+EN00B001&sort_by=&page_size=100"
"ingestion-digestion","https://spelunker.cave-explorer.org/#!middleauth+https://global.daf-apis.com/nglstate/api/v1/4582733878657024","https://codex.flywire.ai/app/search?dataset=banc&filter_string=cell_type+%3D%3D+DNg28+%7C%7C+cell_type+%3D%3D+MNx03+%7C%7C+cell_type+%3D%3D+MN13+%7C%7C+cell_type+%3D%3D+MN12D+%7C%7C+cell_type+%3D%3D+MNx01+%7C%7C+cell_type+%3D%3D+CEM+%7C%7C+cell_type+%3D%3D+MN11V+%7C%7C+cell_type+%3D%3D+MNx05+%7C%7C+cell_type+%3D%3D+MNx02+%7C%7C+cell_type+%3D%3D+MN10+%7C%7C+cell_type+%3D%3D+MN11D+%7C%7C+cell_type+%3D%3D+MN5&sort_by=&page_size=100"
"abdomen-ureter","https://spelunker.cave-explorer.org/#!middleauth+https://global.daf-apis.com/nglstate/api/v1/6388778540204032","https://codex.flywire.ai/app/search?dataset=banc&filter_string=cell_type+%3D%3D+EN00B019+%7C%7C+cell_type+%3D%3D+ab-PDF+%7C%7C+cell_type+%3D%3D+ENXXX286+%7C%7C+cell_type+%3D%3D+EFFabg47+%7C%7C+cell_type+%3D%3D+EN00B026+%7C%7C+cell_type+%3D%3D+EFFabg35+%7C%7C+cell_type+%3D%3D+EFFabg46+%7C%7C+cell_type+%3D%3D+MNad09+%7C%7C+cell_type+%3D%3D+MNad07+%7C%7C+cell_type+%3D%3D+EN00B013+%7C%7C+cell_type+%3D%3D+MNad53+%7C%7C+cell_type+%3D%3D+EN00B010&sort_by=&page_size=100"
"thoracic-abdominal","https://spelunker.cave-explorer.org/#!middleauth+https://global.daf-apis.com/nglstate/api/v1/5750741913305088","https://codex.flywire.ai/app/search?dataset=banc&filter_string=cell_type+%3D%3D+ENXXX226&sort_by=&page_size=100"
"energy homeostasis","https://spelunker.cave-explorer.org/#!middleauth+https://global.daf-apis.com/nglstate/api/v1/5862062969323520","https://codex.flywire.ai/app/search?dataset=banc&filter_string=cell_type+%3D%3D+m_NSC_DH44+%7C%7C+cell_type+%3D%3D+EFFabg38+%7C%7C+cell_type+%3D%3D+m_NSC_DILP+%7C%7C+cell_type+%3D%3D+EFFabg36+%7C%7C+cell_type+%3D%3D+l_NSC_DH31+%7C%7C+cell_type+%3D%3D+l_NSC_ITP+%7C%7C+cell_type+%3D%3D+l_NSC_CRZ+%7C%7C+cell_type+%3D%3D+l_NSC+%7C%7C+cell_type+%3D%3D+m_NSC_DMS+%7C%7C+cell_type+%3D%3D+m-NSC+%7C%7C+cell_type+%3D%3D+EFFabg37+%7C%7C+cell_type+%3D%3D+ENXXX128+%7C%7C+cell_type+%3D%3D+SEZ_NSC_CAPA&sort_by=&page_size=100"
"middle-hind leg","https://spelunker.cave-explorer.org/#!middleauth+https://global.daf-apis.com/nglstate/api/v1/4840926374526976","https://codex.flywire.ai/app/search?dataset=banc&filter_string=cell_type+%3D%3D+femur_reductor+%7C%7C+cell_type+%3D%3D+sternal_adductor_MetaAN+%7C%7C+cell_type+%3D%3D+long_tendon_muscle_ltm_B+%7C%7C+cell_type+%3D%3D+long_tendon_muscle_B_femur+%7C%7C+cell_type+%3D%3D+long_tendon_muscle_B+%7C%7C+cell_type+%3D%3D+accessory_tibia_flexor_A+%7C%7C+cell_type+%3D%3D+trochanter_flexor_MesoAN+%7C%7C+cell_type+%3D%3D+trochanter_extensor_LinJ+%7C%7C+cell_type+%3D%3D+trochanter_flexor_MesoLN_ventral_5+%7C%7C+cell_type+%3D%3D+accessory_tibia_flexor_B+%7C%7C+cell_type+%3D%3D+femur_reductor_tiny+%7C%7C+cell_type+%3D%3D+tarsus_depressor_A+%7C%7C+cell_type+%3D%3D+tibia_flexor+%7C%7C+cell_type+%3D%3D+MNxm02+%7C%7C+cell_type+%3D%3D+tibia_flexor_Fast+%7C%7C+cell_type+%3D%3D+trochanter_extensor+%7C%7C+cell_type+%3D%3D+tarsus_depressor_dipalpha_ventralU+%7C%7C+cell_type+%3D%3D+accessory_tibia_flexor_C+%7C%7C+cell_type+%3D%3D+tarsus_depressor_B+%7C%7C+cell_type+%3D%3D+tarsus_levator_D+%7C%7C+cell_type+%3D%3D+tibia_extensor_SETi+%7C%7C+cell_type+%3D%3D+sternotrochanter_extensor_MesoLN_dorsal_3+%7C%7C+cell_type+%3D%3D+femur_reductor_dorsomedial_ribbon+%7C%7C+cell_type+%3D%3D+trochanter_flexor_dorsomedial_ribbon+%7C%7C+cell_type+%3D%3D+sternotrochanter_extensor_ventrolateral_ribbon+%7C%7C+cell_type+%3D%3D+tibia_extensor_FETi+%7C%7C+cell_type+%3D%3D+PSI+%7C%7C+cell_type+%3D%3D+long_tendon_muscle_A_dipalpha+%7C%7C+cell_type+%3D%3D+accessory_trochanter_flexor+%7C%7C+cell_type+%3D%3D+trochanter_flexor_MesoLN_ventral_3+%7C%7C+cell_type+%3D%3D+sternal_anterior_rotator_ventrolateral_ribbon+%7C%7C+cell_type+%3D%3D+trochanter_flexor_ventrolateral_ribbon+%7C%7C+cell_type+%3D%3D+sternal_posterior_rotator_MesoLN_dorsal_5+%7C%7C+cell_type+%3D%3D+tergotrochanter_extensor_MetaAN+%7C%7C+cell_type+%3D%3D+sternal_posterior_rotator_dorsomedial_ribbon+%7C%7C+cell_type+%3D%3D+MNhl59+%7C%7C+cell_type+%3D%3D+pleural_remotor_and_abductor_dorsomedial_ribbon+%7C%7C+cell_type+%3D%3D+trochanter_flexor_MesoAN_posterior_soma+%7C%7C+cell_type+%3D%3D+long_tendon_muscle_B_tibia+%7C%7C+cell_type+%3D%3D+pleural_remotor_and_abductor_MesoLN_dorsal_5+%7C%7C+cell_type+%3D%3D+tergotrochanter_extensor_PDMN+%7C%7C+cell_type+%3D%3D+INXXX045+%7C%7C+cell_type+%3D%3D+sternotrochanter_extensor_dorsomedial_ribbon+%7C%7C+cell_type+%3D%3D+trochanter_extensor_MetaLN+%7C%7C+cell_type+%3D%3D+accessory_trochanter_flexor_MetaLN+%7C%7C+cell_type+%3D%3D+sternal_anterior_rotator_MesoLN_ventral_1+%7C%7C+cell_type+%3D%3D+trochanter_flexor_MesoALN_posterior_soma+%7C%7C+cell_type+%3D%3D+sternal_adductor_MesoLN_dorsal_5+%7C%7C+cell_type+%3D%3D+EFFabg30+%7C%7C+cell_type+%3D%3D+tergotrochanter_extensor_TT+%7C%7C+cell_type+%3D%3D+sternal_anterior_rotator_MesoLN_ventral_2+%7C%7C+cell_type+%3D%3D+tergotrochanter_extensor_TT_PDMN&sort_by=&page_size=100"
"abdomen-reproductive","https://spelunker.cave-explorer.org/#!middleauth+https://global.daf-apis.com/nglstate/api/v1/6656616551153664","https://codex.flywire.ai/app/search?dataset=banc&filter_string=cell_type+%3D%3D+EFFabg41+%7C%7C+cell_type+%3D%3D+EFFabg04+%7C%7C+cell_type+%3D%3D+EFFabg48+%7C%7C+cell_type+%3D%3D+EFFabg49+%7C%7C+cell_type+%3D%3D+MNxm03+%7C%7C+cell_type+%3D%3D+EFFabg44+%7C%7C+cell_type+%3D%3D+EFFabg40+%7C%7C+cell_type+%3D%3D+EFFabg03+%7C%7C+cell_type+%3D%3D+EFFabg05+%7C%7C+cell_type+%3D%3D+EFFabg50+%7C%7C+cell_type+%3D%3D+EFFabg39+%7C%7C+cell_type+%3D%3D+EFFabg45+%7C%7C+cell_type+%3D%3D+EFFabg42+%7C%7C+cell_type+%3D%3D+EFFabg43+%7C%7C+cell_type+%3D%3D+ENXXX012&sort_by=&page_size=100"
"abdomen motor 1","https://spelunker.cave-explorer.org/#!middleauth+https://global.daf-apis.com/nglstate/api/v1/6642162644025344","https://codex.flywire.ai/app/search?dataset=banc&filter_string=cell_type+%3D%3D+EFFabg12+%7C%7C+cell_type+%3D%3D+EFFabg10+%7C%7C+cell_type+%3D%3D+EFFabg17+%7C%7C+cell_type+%3D%3D+EFFabg20+%7C%7C+cell_type+%3D%3D+EFFabg11+%7C%7C+cell_type+%3D%3D+EFFabg21+%7C%7C+cell_type+%3D%3D+EFFabg19+%7C%7C+cell_type+%3D%3D+EFFabg18+%7C%7C+cell_type+%3D%3D+EFFabg25+%7C%7C+cell_type+%3D%3D+EFFabg14+%7C%7C+cell_type+%3D%3D+EFFabg33+%7C%7C+cell_type+%3D%3D+EFFabg13+%7C%7C+cell_type+%3D%3D+EFFabg26+%7C%7C+cell_type+%3D%3D+EFFabg15+%7C%7C+cell_type+%3D%3D+EFFabg16+%7C%7C+cell_type+%3D%3D+EFFabg34+%7C%7C+cell_type+%3D%3D+EFFabg27&sort_by=&page_size=100"
"abdomen-positioning","https://spelunker.cave-explorer.org/#!middleauth+https://global.daf-apis.com/nglstate/api/v1/4643841842872320","https://codex.flywire.ai/app/search?dataset=banc&filter_string=cell_type+%3D%3D+EFFabg95f+%7C%7C+cell_type+%3D%3D+CMU+%7C%7C+cell_type+%3D%3D+EFFabg01+%7C%7C+cell_type+%3D%3D+EFFabg97f+%7C%7C+cell_type+%3D%3D+EFFabg08+%7C%7C+cell_type+%3D%3D+EFFabg96f+%7C%7C+cell_type+%3D%3D+EFFabg99f+%7C%7C+cell_type+%3D%3D+EFFabg07+%7C%7C+cell_type+%3D%3D+MNabgxxF+%7C%7C+cell_type+%3D%3D+EFFabg06+%7C%7C+cell_type+%3D%3D+EFFabg94f+%7C%7C+cell_type+%3D%3D+EFFabg98f+%7C%7C+cell_type+%3D%3D+EFFabg22+%7C%7C+cell_type+%3D%3D+EFFabg09+%7C%7C+cell_type+%3D%3D+EN00B003+%7C%7C+cell_type+%3D%3D+EN00B016&sort_by=&page_size=100"
"proboscis-antenna","https://spelunker.cave-explorer.org/#!middleauth+https://global.daf-apis.com/nglstate/api/v1/5638229851111424","https://codex.flywire.ai/app/search?dataset=banc&filter_string=cell_type+%3D%3D+MN1+%7C%7C+cell_type+%3D%3D+MN2V+%7C%7C+cell_type+%3D%3D+MN6+%7C%7C+cell_type+%3D%3D+MN4b+%7C%7C+cell_type+%3D%3D+MN7+%7C%7C+cell_type+%3D%3D+MN2Da+%7C%7C+cell_type+%3D%3D+CB0750+%7C%7C+cell_type+%3D%3D+MN4a+%7C%7C+cell_type+%3D%3D+MN9+%7C%7C+cell_type+%3D%3D+MN8+%7C%7C+cell_type+%3D%3D+MNx04+%7C%7C+cell_type+%3D%3D+MN2Db+%7C%7C+cell_type+%3D%3D+MN3M+%7C%7C+cell_type+%3D%3D+MN3L&sort_by=&page_size=100"
"front leg","https://spelunker.cave-explorer.org/#!middleauth+https://global.daf-apis.com/nglstate/api/v1/5468222991106048","https://codex.flywire.ai/app/search?dataset=banc&filter_string=cell_type+%3D%3D+sternal_anterior_rotator_miller_31+%7C%7C+cell_type+%3D%3D+trochanter_flexor_VProN+%7C%7C+cell_type+%3D%3D+tergopleural_promotor_pleural_promotor_miller_28_30+%7C%7C+cell_type+%3D%3D+sternal_adductor_ProAN+%7C%7C+cell_type+%3D%3D+tergotrochanter_extensor+%7C%7C+cell_type+%3D%3D+trochanter_flexor_posterior_soma+%7C%7C+cell_type+%3D%3D+accessory_tibia_flexor_A_out_of_bundle+%7C%7C+cell_type+%3D%3D+tergopleural_promotor_pleural_promotor+%7C%7C+cell_type+%3D%3D+long_tendon_muscle_A+%7C%7C+cell_type+%3D%3D+sternal_adductor+%7C%7C+cell_type+%3D%3D+trochanter_flexor_ProAN+%7C%7C+cell_type+%3D%3D+sternal_anterior_rotator+%7C%7C+cell_type+%3D%3D+pleural_remotor_and_abductor+%7C%7C+cell_type+%3D%3D+sternotrochanter_extensor+%7C%7C+cell_type+%3D%3D+sternal_posterior_rotator+%7C%7C+cell_type+%3D%3D+GNG651+%7C%7C+cell_type+%3D%3D+CB0873+%7C%7C+cell_type+%3D%3D+pleural_remotor_and_abductor_miller_29+%7C%7C+cell_type+%3D%3D+tarsus_depressor_retro_tarsus_depressor+%7C%7C+cell_type+%3D%3D+CB0810+%7C%7C+cell_type+%3D%3D+sternal_posterior_rotator_miller_32+%7C%7C+cell_type+%3D%3D+trochanter_flexor_posterior_soma_ProAN+%7C%7C+cell_type+%3D%3D+accessory_trochanter_flexor_posterior_soma_ProLN+%7C%7C+cell_type+%3D%3D+accessory_tibia_flexor_A_slow&sort_by=&page_size=100"
"abdomen motor 2","https://spelunker.cave-explorer.org/#!middleauth+https://global.daf-apis.com/nglstate/api/v1/4612812608372736","https://codex.flywire.ai/app/search?dataset=banc&filter_string=cell_type+%3D%3D+EFFabg24+%7C%7C+cell_type+%3D%3D+EFFabg31+%7C%7C+cell_type+%3D%3D+EFFabg32+%7C%7C+cell_type+%3D%3D+EFFabg28+%7C%7C+cell_type+%3D%3D+EFFabg29&sort_by=&page_size=100"
"abdominal strand","https://spelunker.cave-explorer.org/#!middleauth+https://global.daf-apis.com/nglstate/api/v1/5478843346321408","https://codex.flywire.ai/app/search?dataset=banc&filter_string=cell_type+%3D%3D+SNpp54&sort_by=&page_size=100"
"an-dn-super-cluster-head-orienting","https://spelunker.cave-explorer.org/#!middleauth+https://global.daf-apis.com/nglstate/api/v1/6388328441053184","https://codex.flywire.ai/app/search?dataset=banc&filter_string=cell_type+%3D%3D+DNa06+%7C%7C+cell_type+%3D%3D+DNa16+%7C%7C+cell_type+%3D%3D+DNg49+%7C%7C+cell_type+%3D%3D+DNb06+%7C%7C+cell_type+%3D%3D+DNge006+%7C%7C+cell_type+%3D%3D+AN19B025+%7C%7C+cell_type+%3D%3D+DNge143+%7C%7C+cell_type+%3D%3D+AN06B025+%7C%7C+cell_type+%3D%3D+AN03A002+%7C%7C+cell_type+%3D%3D+DNp22+%7C%7C+cell_type+%3D%3D+DNge043+%7C%7C+cell_type+%3D%3D+DNg78+%7C%7C+cell_type+%3D%3D+AN06B037+%7C%7C+cell_type+%3D%3D+AN18B025+%7C%7C+cell_type+%3D%3D+AN06B005+%7C%7C+cell_type+%3D%3D+DNpe013+%7C%7C+cell_type+%3D%3D+DNp53+%7C%7C+cell_type+%3D%3D+DNge125+%7C%7C+cell_type+%3D%3D+AN06A016+%7C%7C+cell_type+%3D%3D+DNge026+%7C%7C+cell_type+%3D%3D+DNge002+%7C%7C+cell_type+%3D%3D+DNge033+%7C%7C+cell_type+%3D%3D+AN07B032+%7C%7C+cell_type+%3D%3D+DNp15+%7C%7C+cell_type+%3D%3D+DNge030+%7C%7C+cell_type+%3D%3D+AN18B023+%7C%7C+cell_type+%3D%3D+DNb02+%7C%7C+cell_type+%3D%3D+AN19B018+%7C%7C+cell_type+%3D%3D+DNg73+%7C%7C+cell_type+%3D%3D+DNge088+%7C%7C+cell_type+%3D%3D+AN06A010+%7C%7C+cell_type+%3D%3D+AN06B044+%7C%7C+cell_type+%3D%3D+DNg41+%7C%7C+cell_type+%3D%3D+DNg89+%7C%7C+cell_type+%3D%3D+DNg05_a+%7C%7C+cell_type+%3D%3D+DNge018+%7C%7C+cell_type+%3D%3D+DNge086+%7C%7C+cell_type+%3D%3D+AN11B008+%7C%7C+cell_type+%3D%3D+AN19B044+%7C%7C+cell_type+%3D%3D+DNg58+%7C%7C+cell_type+%3D%3D+ANXXX200+%7C%7C+cell_type+%3D%3D+DNg46+%7C%7C+cell_type+%3D%3D+DNb03+%7C%7C+cell_type+%3D%3D+DNpe004+%7C%7C+cell_type+%3D%3D+AN06A017+%7C%7C+cell_type+%3D%3D+ANXXX171+%7C%7C+cell_type+%3D%3D+AN11B012+%7C%7C+cell_type+%3D%3D+DNg94+%7C%7C+cell_type+%3D%3D+AN06A018+%7C%7C+cell_type+%3D%3D+AN07B052+%7C%7C+cell_type+%3D%3D+DNge045+%7C%7C+cell_type+%3D%3D+AN19B039+%7C%7C+cell_type+%3D%3D+AN02A022+%7C%7C+cell_type+%3D%3D+AN07B051+%7C%7C+cell_type+%3D%3D+AN07B049+%7C%7C+cell_type+%3D%3D+AN06B999+%7C%7C+cell_type+%3D%3D+AN03B095+%7C%7C+cell_type+%3D%3D+AN07B042+%7C%7C+cell_type+%3D%3D+DNg12_a+%7C%7C+cell_type+%3D%3D+AN07B072+%7C%7C+cell_type+%3D%3D+DNge072+%7C%7C+cell_type+%3D%3D+AN06B048+%7C%7C+cell_type+%3D%3D+AN03B050+%7C%7C+cell_type+%3D%3D+DNg36_a+%7C%7C+cell_type+%3D%3D+AN07B056+%7C%7C+cell_type+%3D%3D+AN07B071+%7C%7C+cell_type+%3D%3D+DNge095+%7C%7C+cell_type+%3D%3D+AN07B082+%7C%7C+cell_type+%3D%3D+AN07B057+%7C%7C+cell_type+%3D%3D+AN07B091+%7C%7C+cell_type+%3D%3D+DNge115+%7C%7C+cell_type+%3D%3D+DNge118+%7C%7C+cell_type+%3D%3D+DNge116+%7C%7C+cell_type+%3D%3D+AN07B069+%7C%7C+cell_type+%3D%3D+AN07B076+%7C%7C+cell_type+%3D%3D+AN07B050+%7C%7C+cell_type+%3D%3D+DNpe054+%7C%7C+cell_type+%3D%3D+AN06A112+%7C%7C+cell_type+%3D%3D+AN07B078+%7C%7C+cell_type+%3D%3D+DNp17+%7C%7C+cell_type+%3D%3D+AN07B085+%7C%7C+cell_type+%3D%3D+DNg12_c+%7C%7C+cell_type+%3D%3D+DNge109+%7C%7C+cell_type+%3D%3D+DNg36_b+%7C%7C+cell_type+%3D%3D+DNpe008+%7C%7C+cell_type+%3D%3D+DNg12_d+%7C%7C+cell_type+%3D%3D+DNge087+%7C%7C+cell_type+%3D%3D+DNge114+%7C%7C+cell_type+%3D%3D+AN07B095+%7C%7C+cell_type+%3D%3D+DNnt008+%7C%7C+cell_type+%3D%3D+AN16B078_b+%7C%7C+cell_type+%3D%3D+AN07B101+%7C%7C+cell_type+%3D%3D+AN07B101_b+%7C%7C+cell_type+%3D%3D+AN07B072_b+%7C%7C+cell_type+%3D%3D+DNg10+%7C%7C+cell_type+%3D%3D+DNpe009+%7C%7C+cell_type+%3D%3D+DNpe015+%7C%7C+cell_type+%3D%3D+DNge092+%7C%7C+cell_type+%3D%3D+DNg53&sort_by=&page_size=100"
"superior brain","https://spelunker.cave-explorer.org/#!middleauth+https://global.daf-apis.com/nglstate/api/v1/5271853059801088","https://codex.flywire.ai/app/search?dataset=banc&filter_string=cell_type+%3D%3D+DNp32+%7C%7C+cell_type+%3D%3D+DNc01+%7C%7C+cell_type+%3D%3D+DNp62+%7C%7C+cell_type+%3D%3D+AN27X009+%7C%7C+cell_type+%3D%3D+AN01A055+%7C%7C+cell_type+%3D%3D+AN05B097+%7C%7C+cell_type+%3D%3D+AN05B103+%7C%7C+cell_type+%3D%3D+AN05B101_b+%7C%7C+cell_type+%3D%3D+AN00A006+%7C%7C+cell_type+%3D%3D+AN_multi_18+%7C%7C+cell_type+%3D%3D+ANXXX982+%7C%7C+cell_type+%3D%3D+DNp24+%7C%7C+cell_type+%3D%3D+ANXXX983+%7C%7C+cell_type+%3D%3D+ANXXX981+%7C%7C+cell_type+%3D%3D+ANXXX434+%7C%7C+cell_type+%3D%3D+ANXXX150+%7C%7C+cell_type+%3D%3D+DNpe034+%7C%7C+cell_type+%3D%3D+AN09B033+%7C%7C+cell_type+%3D%3D+ANXXX989+%7C%7C+cell_type+%3D%3D+DNpe041+%7C%7C+cell_type+%3D%3D+ANXXX990+%7C%7C+cell_type+%3D%3D+DNg03+%7C%7C+cell_type+%3D%3D+SMP362+%7C%7C+cell_type+%3D%3D+CB3121+%7C%7C+cell_type+%3D%3D+CB1957+%7C%7C+cell_type+%3D%3D+CB1008+%7C%7C+cell_type+%3D%3D+CB1423+%7C%7C+cell_type+%3D%3D+CB1024+%7C%7C+cell_type+%3D%3D+CB2636+%7C%7C+cell_type+%3D%3D+CB1508+%7C%7C+cell_type+%3D%3D+VES025+%7C%7C+cell_type+%3D%3D+CB1253+%7C%7C+cell_type+%3D%3D+SMP520b+%7C%7C+cell_type+%3D%3D+SMP520a+%7C%7C+cell_type+%3D%3D+FLA101f_c+%7C%7C+cell_type+%3D%3D+SMP107+%7C%7C+cell_type+%3D%3D+SMP103+%7C%7C+cell_type+%3D%3D+CB2539+%7C%7C+cell_type+%3D%3D+CB1379+%7C%7C+cell_type+%3D%3D+FLA101f_d+%7C%7C+cell_type+%3D%3D+CB0075+%7C%7C+cell_type+%3D%3D+CB2535+%7C%7C+cell_type+%3D%3D+CB3261+%7C%7C+cell_type+%3D%3D+CB2018+%7C%7C+cell_type+%3D%3D+CB1871+%7C%7C+cell_type+%3D%3D+CL210+%7C%7C+cell_type+%3D%3D+CB1823+%7C%7C+cell_type+%3D%3D+SMP245+%7C%7C+cell_type+%3D%3D+CB0550+%7C%7C+cell_type+%3D%3D+CB0975+%7C%7C+cell_type+%3D%3D+SMP181+%7C%7C+cell_type+%3D%3D+SLP235+%7C%7C+cell_type+%3D%3D+CB0959+%7C%7C+cell_type+%3D%3D+SMP424+%7C%7C+cell_type+%3D%3D+CB2369+%7C%7C+cell_type+%3D%3D+CB3735+%7C%7C+cell_type+%3D%3D+CB3695+%7C%7C+cell_type+%3D%3D+CB0950+%7C%7C+cell_type+%3D%3D+CB1984+%7C%7C+cell_type+%3D%3D+CB3308+%7C%7C+cell_type+%3D%3D+CB3434+%7C%7C+cell_type+%3D%3D+SMP512+%7C%7C+cell_type+%3D%3D+VP2+_adPN+%7C%7C+cell_type+%3D%3D+CB3614+%7C%7C+cell_type+%3D%3D+CB2520+%7C%7C+cell_type+%3D%3D+CB1079+%7C%7C+cell_type+%3D%3D+SLP286+%7C%7C+cell_type+%3D%3D+SMP562+%7C%7C+cell_type+%3D%3D+CB0943+%7C%7C+cell_type+%3D%3D+SLP288a+%7C%7C+cell_type+%3D%3D+SMP522+%7C%7C+cell_type+%3D%3D+LAL030b+%7C%7C+cell_type+%3D%3D+CB4233+%7C%7C+cell_type+%3D%3D+CB2357+%7C%7C+cell_type+%3D%3D+CB1035+%7C%7C+cell_type+%3D%3D+CB1054+%7C%7C+cell_type+%3D%3D+SIP003_a+%7C%7C+cell_type+%3D%3D+SMP470+%7C%7C+cell_type+%3D%3D+LAL173,LAL174+%7C%7C+cell_type+%3D%3D+SMP083+%7C%7C+cell_type+%3D%3D+SMP538,SMP599+%7C%7C+cell_type+%3D%3D+CB2274+%7C%7C+cell_type+%3D%3D+LHPV7a2+%7C%7C+cell_type+%3D%3D+SMP345+%7C%7C+cell_type+%3D%3D+SLP402_a+%7C%7C+cell_type+%3D%3D+SIP078,SIP080+%7C%7C+cell_type+%3D%3D+SMP348a+%7C%7C+cell_type+%3D%3D+SMP410+%7C%7C+cell_type+%3D%3D+CRE078+%7C%7C+cell_type+%3D%3D+SMP411a+%7C%7C+cell_type+%3D%3D+CRE077+%7C%7C+cell_type+%3D%3D+WEDPN4+%7C%7C+cell_type+%3D%3D+WEDPN2A+%7C%7C+cell_type+%3D%3D+SLP405+%7C%7C+cell_type+%3D%3D+CB3379+%7C%7C+cell_type+%3D%3D+CB3017+%7C%7C+cell_type+%3D%3D+SMP568+%7C%7C+cell_type+%3D%3D+LHAV3q1+%7C%7C+cell_type+%3D%3D+CB3219+%7C%7C+cell_type+%3D%3D+CB1532+%7C%7C+cell_type+%3D%3D+CL110+%7C%7C+cell_type+%3D%3D+SMP079+%7C%7C+cell_type+%3D%3D+SMP065+%7C%7C+cell_type+%3D%3D+CB1128+%7C%7C+cell_type+%3D%3D+CB3050+%7C%7C+cell_type+%3D%3D+SMP106+%7C%7C+cell_type+%3D%3D+LHPV10b1+%7C%7C+cell_type+%3D%3D+CB0951+%7C%7C+cell_type+%3D%3D+LHAD2d1+%7C%7C+cell_type+%3D%3D+CB2025+%7C%7C+cell_type+%3D%3D+LHPV6l2+%7C%7C+cell_type+%3D%3D+CB1553+%7C%7C+cell_type+%3D%3D+CB3546+%7C%7C+cell_type+%3D%3D+SMP176+%7C%7C+cell_type+%3D%3D+SLP281+%7C%7C+cell_type+%3D%3D+CB1215+%7C%7C+cell_type+%3D%3D+SMP096+%7C%7C+cell_type+%3D%3D+CRE096+%7C%7C+cell_type+%3D%3D+SMP427+%7C%7C+cell_type+%3D%3D+CB1831+%7C%7C+cell_type+%3D%3D+PAM08+%7C%7C+cell_type+%3D%3D+CB3043+%7C%7C+cell_type+%3D%3D+SMP237+%7C%7C+cell_type+%3D%3D+CB1699+%7C%7C+cell_type+%3D%3D+CB2479+%7C%7C+cell_type+%3D%3D+SMP406+%7C%7C+cell_type+%3D%3D+MBON12+%7C%7C+cell_type+%3D%3D+PV7c11+%7C%7C+cell_type+%3D%3D+SLP359+%7C%7C+cell_type+%3D%3D+SLP365+%7C%7C+cell_type+%3D%3D+SMP317a+%7C%7C+cell_type+%3D%3D+SMP405+%7C%7C+cell_type+%3D%3D+CB3539+%7C%7C+cell_type+%3D%3D+CB1214+%7C%7C+cell_type+%3D%3D+CB2584+%7C%7C+cell_type+%3D%3D+CB2928+%7C%7C+cell_type+%3D%3D+SMP569b+%7C%7C+cell_type+%3D%3D+PPL102+%7C%7C+cell_type+%3D%3D+SMP256+%7C%7C+cell_type+%3D%3D+SMP059+%7C%7C+cell_type+%3D%3D+CB3120+%7C%7C+cell_type+%3D%3D+MBON15+%7C%7C+cell_type+%3D%3D+SMP171+%7C%7C+cell_type+%3D%3D+CL091+%7C%7C+cell_type+%3D%3D+ATL024,IB042+%7C%7C+cell_type+%3D%3D+SIP028+%7C%7C+cell_type+%3D%3D+CB3777+%7C%7C+cell_type+%3D%3D+CB1172+%7C%7C+cell_type+%3D%3D+CL057,CL106+%7C%7C+cell_type+%3D%3D+SIP057+%7C%7C+cell_type+%3D%3D+SMP344b+%7C%7C+cell_type+%3D%3D+CB1062+%7C%7C+cell_type+%3D%3D+CRE043+%7C%7C+cell_type+%3D%3D+LAL031+%7C%7C+cell_type+%3D%3D+SLP398a+%7C%7C+cell_type+%3D%3D+CB1462+%7C%7C+cell_type+%3D%3D+LHPV5e1+%7C%7C+cell_type+%3D%3D+SMP589+%7C%7C+cell_type+%3D%3D+CB0410+%7C%7C+cell_type+%3D%3D+LHPD5d1+%7C%7C+cell_type+%3D%3D+DNp52+%7C%7C+cell_type+%3D%3D+SMP419+%7C%7C+cell_type+%3D%3D+CB0294+%7C%7C+cell_type+%3D%3D+CB1306+%7C%7C+cell_type+%3D%3D+CB3653+%7C%7C+cell_type+%3D%3D+LHAD1f4b+%7C%7C+cell_type+%3D%3D+SLP265b+%7C%7C+cell_type+%3D%3D+CB1287+%7C%7C+cell_type+%3D%3D+CB2720+%7C%7C+cell_type+%3D%3D+SMP501,SMP502+%7C%7C+cell_type+%3D%3D+SMP015+%7C%7C+cell_type+%3D%3D+CRE082+%7C%7C+cell_type+%3D%3D+PLP159+%7C%7C+cell_type+%3D%3D+PAM02+%7C%7C+cell_type+%3D%3D+LHPV2e1_a+%7C%7C+cell_type+%3D%3D+SMP257+%7C%7C+cell_type+%3D%3D+SMP338,SMP534+%7C%7C+cell_type+%3D%3D+SMP510b+%7C%7C+cell_type+%3D%3D+CB1220+%7C%7C+cell_type+%3D%3D+AVLP042+%7C%7C+cell_type+%3D%3D+CB3112+%7C%7C+cell_type+%3D%3D+CB2179+%7C%7C+cell_type+%3D%3D+CRE049+%7C%7C+cell_type+%3D%3D+SMP525+%7C%7C+cell_type+%3D%3D+CL177+%7C%7C+cell_type+%3D%3D+CB1032+%7C%7C+cell_type+%3D%3D+CB3236+%7C%7C+cell_type+%3D%3D+SLP319+%7C%7C+cell_type+%3D%3D+pC1d+%7C%7C+cell_type+%3D%3D+SMP579,SMP583+%7C%7C+cell_type+%3D%3D+CB1449+%7C%7C+cell_type+%3D%3D+CB1155+%7C%7C+cell_type+%3D%3D+CB2999+%7C%7C+cell_type+%3D%3D+CB3354+%7C%7C+cell_type+%3D%3D+CB0638+%7C%7C+cell_type+%3D%3D+SLP103+%7C%7C+cell_type+%3D%3D+SLP391+%7C%7C+cell_type+%3D%3D+aSP-f1A,aSP-f1B,aSP-f2+%7C%7C+cell_type+%3D%3D+CB2358+%7C%7C+cell_type+%3D%3D+CB3541+%7C%7C+cell_type+%3D%3D+SLP443+%7C%7C+cell_type+%3D%3D+SLP213+%7C%7C+cell_type+%3D%3D+SIP081+%7C%7C+cell_type+%3D%3D+CRE095a+%7C%7C+cell_type+%3D%3D+CL359+%7C%7C+cell_type+%3D%3D+CL115+%7C%7C+cell_type+%3D%3D+CB1371+%7C%7C+cell_type+%3D%3D+SLPpm3_P02+%7C%7C+cell_type+%3D%3D+PLP010+%7C%7C+cell_type+%3D%3D+VP1l+_lvPN+%7C%7C+cell_type+%3D%3D+CB3906+%7C%7C+cell_type+%3D%3D+SLP278+%7C%7C+cell_type+%3D%3D+CB0687+%7C%7C+cell_type+%3D%3D+DN1pB+%7C%7C+cell_type+%3D%3D+SMP570b+%7C%7C+cell_type+%3D%3D+CB3779+%7C%7C+cell_type+%3D%3D+CB1753+%7C%7C+cell_type+%3D%3D+SMP184+%7C%7C+cell_type+%3D%3D+AVLP594+%7C%7C+cell_type+%3D%3D+CRE065+%7C%7C+cell_type+%3D%3D+SLP465b+%7C%7C+cell_type+%3D%3D+MBON20+%7C%7C+cell_type+%3D%3D+AVLP562+%7C%7C+cell_type+%3D%3D+LNd_b+%7C%7C+cell_type+%3D%3D+SMP252+%7C%7C+cell_type+%3D%3D+LHAV9a1_b+%7C%7C+cell_type+%3D%3D+CB2122+%7C%7C+cell_type+%3D%3D+CB0993+%7C%7C+cell_type+%3D%3D+SIP006+%7C%7C+cell_type+%3D%3D+SMP319+%7C%7C+cell_type+%3D%3D+SLP387+%7C%7C+cell_type+%3D%3D+CRE103b+%7C%7C+cell_type+%3D%3D+CB2648+%7C%7C+cell_type+%3D%3D+SMP142,SMP145+%7C%7C+cell_type+%3D%3D+SMP381+%7C%7C+cell_type+%3D%3D+CB1122+%7C%7C+cell_type+%3D%3D+SAD074+%7C%7C+cell_type+%3D%3D+SMP602,SMP094+%7C%7C+cell_type+%3D%3D+SMP422+%7C%7C+cell_type+%3D%3D+SLP216+%7C%7C+cell_type+%3D%3D+CB4187+%7C%7C+cell_type+%3D%3D+CB0015+%7C%7C+cell_type+%3D%3D+SLP395+%7C%7C+cell_type+%3D%3D+CB1589+%7C%7C+cell_type+%3D%3D+CB1357+%7C%7C+cell_type+%3D%3D+SIP076+%7C%7C+cell_type+%3D%3D+CB2656+%7C%7C+cell_type+%3D%3D+MBON10+%7C%7C+cell_type+%3D%3D+SMP426+%7C%7C+cell_type+%3D%3D+SMP446b+%7C%7C+cell_type+%3D%3D+SMP447+%7C%7C+cell_type+%3D%3D+SMP448+%7C%7C+cell_type+%3D%3D+CL196b+%7C%7C+cell_type+%3D%3D+CB2844+%7C%7C+cell_type+%3D%3D+SIP065+%7C%7C+cell_type+%3D%3D+LAL030a+%7C%7C+cell_type+%3D%3D+CB1721+%7C%7C+cell_type+%3D%3D+CRE020+%7C%7C+cell_type+%3D%3D+LAL037+%7C%7C+cell_type+%3D%3D+LAL034+%7C%7C+cell_type+%3D%3D+CL030+%7C%7C+cell_type+%3D%3D+CB1397+%7C%7C+cell_type+%3D%3D+SMP592+%7C%7C+cell_type+%3D%3D+AVLP044b+%7C%7C+cell_type+%3D%3D+CB3900+%7C%7C+cell_type+%3D%3D+AVLP570+%7C%7C+cell_type+%3D%3D+SLP358+%7C%7C+cell_type+%3D%3D+PAL02+%7C%7C+cell_type+%3D%3D+AVLP089+%7C%7C+cell_type+%3D%3D+CB0130+%7C%7C+cell_type+%3D%3D+SLP162b+%7C%7C+cell_type+%3D%3D+SMP318+%7C%7C+cell_type+%3D%3D+CB2214+%7C%7C+cell_type+%3D%3D+MBON26+%7C%7C+cell_type+%3D%3D+CB2317+%7C%7C+cell_type+%3D%3D+CB1226+%7C%7C+cell_type+%3D%3D+CB2754+%7C%7C+cell_type+%3D%3D+SLP239+%7C%7C+cell_type+%3D%3D+SMP090+%7C%7C+cell_type+%3D%3D+PPL201+%7C%7C+cell_type+%3D%3D+CRE027+%7C%7C+cell_type+%3D%3D+CL042+%7C%7C+cell_type+%3D%3D+CB2329+%7C%7C+cell_type+%3D%3D+CL228,SMP491+%7C%7C+cell_type+%3D%3D+CRE106+%7C%7C+cell_type+%3D%3D+MBON30+%7C%7C+cell_type+%3D%3D+LHPV1c2+%7C%7C+cell_type+%3D%3D+CB2258+%7C%7C+cell_type+%3D%3D+CB0627+%7C%7C+cell_type+%3D%3D+CB3623+%7C%7C+cell_type+%3D%3D+aSP-f4+%7C%7C+cell_type+%3D%3D+SMP565+%7C%7C+cell_type+%3D%3D+CB2147+%7C%7C+cell_type+%3D%3D+SMP566a+%7C%7C+cell_type+%3D%3D+CB2841+%7C%7C+cell_type+%3D%3D+SLP244+%7C%7C+cell_type+%3D%3D+ATL017,ATL018+%7C%7C+cell_type+%3D%3D+PLP122+%7C%7C+cell_type+%3D%3D+LHPV10a1b+%7C%7C+cell_type+%3D%3D+CL234+%7C%7C+cell_type+%3D%3D+CB3554+%7C%7C+cell_type+%3D%3D+SMP519+%7C%7C+cell_type+%3D%3D+CB0648+%7C%7C+cell_type+%3D%3D+SLP433+%7C%7C+cell_type+%3D%3D+SMP408_b+%7C%7C+cell_type+%3D%3D+SMP408_c+%7C%7C+cell_type+%3D%3D+SLP215+%7C%7C+cell_type+%3D%3D+PAM10+%7C%7C+cell_type+%3D%3D+pC1a+%7C%7C+cell_type+%3D%3D+LAL192+%7C%7C+cell_type+%3D%3D+SMP503+%7C%7C+cell_type+%3D%3D+SMP115+%7C%7C+cell_type+%3D%3D+SMP407+%7C%7C+cell_type+%3D%3D+CB1084+%7C%7C+cell_type+%3D%3D+SMP213,SMP214+%7C%7C+cell_type+%3D%3D+CB2196+%7C%7C+cell_type+%3D%3D+SMP188+%7C%7C+cell_type+%3D%3D+SMP516b+%7C%7C+cell_type+%3D%3D+SMP012+%7C%7C+cell_type+%3D%3D+SMP027+%7C%7C+cell_type+%3D%3D+SMP571+%7C%7C+cell_type+%3D%3D+DSKMP3+%7C%7C+cell_type+%3D%3D+SIP027+%7C%7C+cell_type+%3D%3D+SMP281+%7C%7C+cell_type+%3D%3D+SMP452+%7C%7C+cell_type+%3D%3D+SLP066+%7C%7C+cell_type+%3D%3D+SLP240_b+%7C%7C+cell_type+%3D%3D+FB6S+%7C%7C+cell_type+%3D%3D+CB1784+%7C%7C+cell_type+%3D%3D+SLP345+%7C%7C+cell_type+%3D%3D+SMP026+%7C%7C+cell_type+%3D%3D+CRE068+%7C%7C+cell_type+%3D%3D+CB3890+%7C%7C+cell_type+%3D%3D+CB1696+%7C%7C+cell_type+%3D%3D+CB4159+%7C%7C+cell_type+%3D%3D+SMP185+%7C%7C+cell_type+%3D%3D+CB1578+%7C%7C+cell_type+%3D%3D+LHPV8a1+%7C%7C+cell_type+%3D%3D+CB2579+%7C%7C+cell_type+%3D%3D+SMP282+%7C%7C+cell_type+%3D%3D+SMP152+%7C%7C+cell_type+%3D%3D+CB4242+%7C%7C+cell_type+%3D%3D+CB0944+%7C%7C+cell_type+%3D%3D+CB1073+%7C%7C+cell_type+%3D%3D+SMP199+%7C%7C+cell_type+%3D%3D+SMP170+%7C%7C+cell_type+%3D%3D+CB0665+%7C%7C+cell_type+%3D%3D+SMP143,SMP149+%7C%7C+cell_type+%3D%3D+PAM01+%7C%7C+cell_type+%3D%3D+CB1795+%7C%7C+cell_type+%3D%3D+SMP163+%7C%7C+cell_type+%3D%3D+SMP098_a+%7C%7C+cell_type+%3D%3D+CB4113+%7C%7C+cell_type+%3D%3D+PAM07+%7C%7C+cell_type+%3D%3D+SMP157+%7C%7C+cell_type+%3D%3D+CB0060+%7C%7C+cell_type+%3D%3D+SMP081+%7C%7C+cell_type+%3D%3D+MBON19+%7C%7C+cell_type+%3D%3D+SLP162c+%7C%7C+cell_type+%3D%3D+VP4+_vPN+%7C%7C+cell_type+%3D%3D+SIP015+%7C%7C+cell_type+%3D%3D+SMP178+%7C%7C+cell_type+%3D%3D+CL272_b+%7C%7C+cell_type+%3D%3D+CB2285+%7C%7C+cell_type+%3D%3D+SIP047b+%7C%7C+cell_type+%3D%3D+SMP248c+%7C%7C+cell_type+%3D%3D+SMP248a+%7C%7C+cell_type+%3D%3D+CB0405+%7C%7C+cell_type+%3D%3D+CRE024+%7C%7C+cell_type+%3D%3D+SIP003_b+%7C%7C+cell_type+%3D%3D+CB3194+%7C%7C+cell_type+%3D%3D+SLP290+%7C%7C+cell_type+%3D%3D+AVLP032+%7C%7C+cell_type+%3D%3D+CB1148+%7C%7C+cell_type+%3D%3D+SMP495c+%7C%7C+cell_type+%3D%3D+CB2145+%7C%7C+cell_type+%3D%3D+CRE095b+%7C%7C+cell_type+%3D%3D+AVLP044_a+%7C%7C+cell_type+%3D%3D+CB2217+%7C%7C+cell_type+%3D%3D+SIP055,SLP245+%7C%7C+cell_type+%3D%3D+SLP451a+%7C%7C+cell_type+%3D%3D+CB1443+%7C%7C+cell_type+%3D%3D+SLP295a+%7C%7C+cell_type+%3D%3D+SMP128+%7C%7C+cell_type+%3D%3D+SMP540+%7C%7C+cell_type+%3D%3D+SLP388+%7C%7C+cell_type+%3D%3D+LHPV5e2+%7C%7C+cell_type+%3D%3D+CB2384+%7C%7C+cell_type+%3D%3D+CB2550+%7C%7C+cell_type+%3D%3D+SMP360+%7C%7C+cell_type+%3D%3D+CB2613+%7C%7C+cell_type+%3D%3D+SLP152+%7C%7C+cell_type+%3D%3D+LHPV5c3+%7C%7C+cell_type+%3D%3D+LHAD3g1+%7C%7C+cell_type+%3D%3D+SMP408_d+%7C%7C+cell_type+%3D%3D+FLA101f_b+%7C%7C+cell_type+%3D%3D+SMP339+%7C%7C+cell_type+%3D%3D+SMP384+%7C%7C+cell_type+%3D%3D+CB3873+%7C%7C+cell_type+%3D%3D+CB1537+%7C%7C+cell_type+%3D%3D+SMP286+%7C%7C+cell_type+%3D%3D+SIP046+%7C%7C+cell_type+%3D%3D+CB3396+%7C%7C+cell_type+%3D%3D+CB2719+%7C%7C+cell_type+%3D%3D+CB1026+%7C%7C+cell_type+%3D%3D+CB1727+%7C%7C+cell_type+%3D%3D+MBON17-like+%7C%7C+cell_type+%3D%3D+MBON22+%7C%7C+cell_type+%3D%3D+SMP201+%7C%7C+cell_type+%3D%3D+SMP458+%7C%7C+cell_type+%3D%3D+SMP523,SMP524+%7C%7C+cell_type+%3D%3D+SLP236+%7C%7C+cell_type+%3D%3D+CB3276+%7C%7C+cell_type+%3D%3D+SLPpm3_H01+%7C%7C+cell_type+%3D%3D+CB3142+%7C%7C+cell_type+%3D%3D+CB3519+%7C%7C+cell_type+%3D%3D+CB2572+%7C%7C+cell_type+%3D%3D+CRE059+%7C%7C+cell_type+%3D%3D+CB1489+%7C%7C+cell_type+%3D%3D+SLP368+%7C%7C+cell_type+%3D%3D+CRE066+%7C%7C+cell_type+%3D%3D+CB1064+%7C%7C+cell_type+%3D%3D+CB2265+%7C%7C+cell_type+%3D%3D+SMP494+%7C%7C+cell_type+%3D%3D+CB3637+%7C%7C+cell_type+%3D%3D+SLP312+%7C%7C+cell_type+%3D%3D+SMP504+%7C%7C+cell_type+%3D%3D+SMP283+%7C%7C+cell_type+%3D%3D+CB0039+%7C%7C+cell_type+%3D%3D+CB2910+%7C%7C+cell_type+%3D%3D+CB0272+%7C%7C+cell_type+%3D%3D+SMP112+%7C%7C+cell_type+%3D%3D+SMP549+%7C%7C+cell_type+%3D%3D+CB1610+%7C%7C+cell_type+%3D%3D+LHAV9a1_c+%7C%7C+cell_type+%3D%3D+SMP495a+%7C%7C+cell_type+%3D%3D+LHAD2c1+%7C%7C+cell_type+%3D%3D+CB3163+%7C%7C+cell_type+%3D%3D+LHPV5g1_b+%7C%7C+cell_type+%3D%3D+SMP254+%7C%7C+cell_type+%3D%3D+SLP247+%7C%7C+cell_type+%3D%3D+SMP393a+%7C%7C+cell_type+%3D%3D+SMP320a+%7C%7C+cell_type+%3D%3D+SLP279+%7C%7C+cell_type+%3D%3D+SMP068+%7C%7C+cell_type+%3D%3D+SMP315+%7C%7C+cell_type+%3D%3D+CB1272+%7C%7C+cell_type+%3D%3D+LHPV5b3+%7C%7C+cell_type+%3D%3D+SLP308a+%7C%7C+cell_type+%3D%3D+CB2515+%7C%7C+cell_type+%3D%3D+SMP314b+%7C%7C+cell_type+%3D%3D+CB3072+%7C%7C+cell_type+%3D%3D+SLP400b+%7C%7C+cell_type+%3D%3D+SMP482+%7C%7C+cell_type+%3D%3D+SIP067+%7C%7C+cell_type+%3D%3D+SMP313+%7C%7C+cell_type+%3D%3D+PAM04+%7C%7C+cell_type+%3D%3D+SMP105_b+%7C%7C+cell_type+%3D%3D+CB2638+%7C%7C+cell_type+%3D%3D+FB6T+%7C%7C+cell_type+%3D%3D+CB0575+%7C%7C+cell_type+%3D%3D+SMP469c+%7C%7C+cell_type+%3D%3D+CRE075+%7C%7C+cell_type+%3D%3D+SMP392+%7C%7C+cell_type+%3D%3D+SMP541+%7C%7C+cell_type+%3D%3D+CB3052+%7C%7C+cell_type+%3D%3D+SMP093+%7C%7C+cell_type+%3D%3D+SMP542+%7C%7C+cell_type+%3D%3D+CB3312+%7C%7C+cell_type+%3D%3D+CB2450+%7C%7C+cell_type+%3D%3D+CB2680+%7C%7C+cell_type+%3D%3D+DNpe048+%7C%7C+cell_type+%3D%3D+CB0894+%7C%7C+cell_type+%3D%3D+LAL100+%7C%7C+cell_type+%3D%3D+SMP095+%7C%7C+cell_type+%3D%3D+SMP058+%7C%7C+cell_type+%3D%3D+SMP053+%7C%7C+cell_type+%3D%3D+SMP077+%7C%7C+cell_type+%3D%3D+CB0710+%7C%7C+cell_type+%3D%3D+SMP056+%7C%7C+cell_type+%3D%3D+SMP087+%7C%7C+cell_type+%3D%3D+SMP105_a+%7C%7C+cell_type+%3D%3D+SMP102+%7C%7C+cell_type+%3D%3D+CB3639+%7C%7C+cell_type+%3D%3D+SMP085+%7C%7C+cell_type+%3D%3D+SMP089+%7C%7C+cell_type+%3D%3D+SMP092+%7C%7C+cell_type+%3D%3D+CB1289+%7C%7C+cell_type+%3D%3D+CB1456+%7C%7C+cell_type+%3D%3D+SMP050+%7C%7C+cell_type+%3D%3D+MBON25,MBON34+%7C%7C+cell_type+%3D%3D+CRE005+%7C%7C+cell_type+%3D%3D+CB0932+%7C%7C+cell_type+%3D%3D+CB3706+%7C%7C+cell_type+%3D%3D+SMP120a+%7C%7C+cell_type+%3D%3D+CRE004+%7C%7C+cell_type+%3D%3D+CB2413+%7C%7C+cell_type+%3D%3D+SMP049,SMP076+%7C%7C+cell_type+%3D%3D+SMP120b+%7C%7C+cell_type+%3D%3D+SMP124+%7C%7C+cell_type+%3D%3D+SMP123a+%7C%7C+cell_type+%3D%3D+CRE022+%7C%7C+cell_type+%3D%3D+SMP063,SMP064+%7C%7C+cell_type+%3D%3D+CB1967+%7C%7C+cell_type+%3D%3D+SMP114+%7C%7C+cell_type+%3D%3D+CB1251+%7C%7C+cell_type+%3D%3D+CB2328+%7C%7C+cell_type+%3D%3D+CB3362+%7C%7C+cell_type+%3D%3D+MBON01+%7C%7C+cell_type+%3D%3D+CB3135+%7C%7C+cell_type+%3D%3D+CB1063+%7C%7C+cell_type+%3D%3D+MBON04+%7C%7C+cell_type+%3D%3D+CB1478+%7C%7C+cell_type+%3D%3D+SMP116+%7C%7C+cell_type+%3D%3D+SMP061,SMP062+%7C%7C+cell_type+%3D%3D+CB0313+%7C%7C+cell_type+%3D%3D+SMP122+%7C%7C+cell_type+%3D%3D+SMP121+%7C%7C+cell_type+%3D%3D+CRE006+%7C%7C+cell_type+%3D%3D+CB2943+%7C%7C+cell_type+%3D%3D+CB1628+%7C%7C+cell_type+%3D%3D+CB2592+%7C%7C+cell_type+%3D%3D+PAM+%7C%7C+cell_type+%3D%3D+mAL_f1+%7C%7C+cell_type+%3D%3D+SMP084+%7C%7C+cell_type+%3D%3D+PAM15+%7C%7C+cell_type+%3D%3D+CL199+%7C%7C+cell_type+%3D%3D+SMP461+%7C%7C+cell_type+%3D%3D+CB3610+%7C%7C+cell_type+%3D%3D+CB1729+%7C%7C+cell_type+%3D%3D+CB2123+%7C%7C+cell_type+%3D%3D+SMP386+%7C%7C+cell_type+%3D%3D+SMP513+%7C%7C+cell_type+%3D%3D+CB0094+%7C%7C+cell_type+%3D%3D+SMP507+%7C%7C+cell_type+%3D%3D+SMP311+%7C%7C+cell_type+%3D%3D+CB1858+%7C%7C+cell_type+%3D%3D+SMP389a+%7C%7C+cell_type+%3D%3D+SMP383+%7C%7C+cell_type+%3D%3D+SMP326a+%7C%7C+cell_type+%3D%3D+SMP404b+%7C%7C+cell_type+%3D%3D+CB1965+%7C%7C+cell_type+%3D%3D+SMP471+%7C%7C+cell_type+%3D%3D+SMP509b+%7C%7C+cell_type+%3D%3D+SMP332b+%7C%7C+cell_type+%3D%3D+LAL129+%7C%7C+cell_type+%3D%3D+CB2156+%7C%7C+cell_type+%3D%3D+SLP437+%7C%7C+cell_type+%3D%3D+SMP492+%7C%7C+cell_type+%3D%3D+CB1071+%7C%7C+cell_type+%3D%3D+SLPpm3_P04+%7C%7C+cell_type+%3D%3D+SMP060,SMP374+%7C%7C+cell_type+%3D%3D+CB2876+%7C%7C+cell_type+%3D%3D+SLPpm3_P03+%7C%7C+cell_type+%3D%3D+CRE080c+%7C%7C+cell_type+%3D%3D+SMP476+%7C%7C+cell_type+%3D%3D+CB1857+%7C%7C+cell_type+%3D%3D+CB2632+%7C%7C+cell_type+%3D%3D+CRE080a+%7C%7C+cell_type+%3D%3D+CB1866+%7C%7C+cell_type+%3D%3D+CB2030+%7C%7C+cell_type+%3D%3D+CRE081+%7C%7C+cell_type+%3D%3D+CRE094+%7C%7C+cell_type+%3D%3D+SLP438+%7C%7C+cell_type+%3D%3D+pC1b+%7C%7C+cell_type+%3D%3D+SMP331b+%7C%7C+cell_type+%3D%3D+SMP317b+%7C%7C+cell_type+%3D%3D+CB2021+%7C%7C+cell_type+%3D%3D+LHPV9b1+%7C%7C+cell_type+%3D%3D+CB2165+%7C%7C+cell_type+%3D%3D+LHPV10d1+%7C%7C+cell_type+%3D%3D+CB1650+%7C%7C+cell_type+%3D%3D+SMP291+%7C%7C+cell_type+%3D%3D+SMP376+%7C%7C+cell_type+%3D%3D+SMP320b+%7C%7C+cell_type+%3D%3D+CB2075+%7C%7C+cell_type+%3D%3D+CB2284+%7C%7C+cell_type+%3D%3D+SMP399b+%7C%7C+cell_type+%3D%3D+SMP409+%7C%7C+cell_type+%3D%3D+SMP408_a+%7C%7C+cell_type+%3D%3D+pC1e+%7C%7C+cell_type+%3D%3D+SMP075a+%7C%7C+cell_type+%3D%3D+mAL4+%7C%7C+cell_type+%3D%3D+VP5+Z_adPN+%7C%7C+cell_type+%3D%3D+SMP146+%7C%7C+cell_type+%3D%3D+CRE013+%7C%7C+cell_type+%3D%3D+CRE042+%7C%7C+cell_type+%3D%3D+CRE011+%7C%7C+cell_type+%3D%3D+CRE007+%7C%7C+cell_type+%3D%3D+SMP075b+%7C%7C+cell_type+%3D%3D+CRE045,CRE046+%7C%7C+cell_type+%3D%3D+SMP144,SMP150+%7C%7C+cell_type+%3D%3D+LHCENT11+%7C%7C+cell_type+%3D%3D+AOTU021+%7C%7C+cell_type+%3D%3D+SLP404+%7C%7C+cell_type+%3D%3D+LAL155+%7C%7C+cell_type+%3D%3D+LAL191+%7C%7C+cell_type+%3D%3D+SMP526+%7C%7C+cell_type+%3D%3D+CB0269+%7C%7C+cell_type+%3D%3D+SMP518+%7C%7C+cell_type+%3D%3D+CL236+%7C%7C+cell_type+%3D%3D+SMP515+%7C%7C+cell_type+%3D%3D+SIP064+%7C%7C+cell_type+%3D%3D+VES079+%7C%7C+cell_type+%3D%3D+pC1c+%7C%7C+cell_type+%3D%3D+CRE074+%7C%7C+cell_type+%3D%3D+CL160a+%7C%7C+cell_type+%3D%3D+CL251+%7C%7C+cell_type+%3D%3D+SMP535+%7C%7C+cell_type+%3D%3D+CB0102+%7C%7C+cell_type+%3D%3D+SMP368+%7C%7C+cell_type+%3D%3D+CB3230+%7C%7C+cell_type+%3D%3D+SMP532b+%7C%7C+cell_type+%3D%3D+SLPpm3_P01+%7C%7C+cell_type+%3D%3D+SMP346+%7C%7C+cell_type+%3D%3D+CB2451+%7C%7C+cell_type+%3D%3D+CB3309+%7C%7C+cell_type+%3D%3D+CB3508+%7C%7C+cell_type+%3D%3D+CB2868_a+%7C%7C+cell_type+%3D%3D+CB1815+%7C%7C+cell_type+%3D%3D+CB1016+%7C%7C+cell_type+%3D%3D+CB3564+%7C%7C+cell_type+%3D%3D+CB1709+%7C%7C+cell_type+%3D%3D+CB3003+%7C%7C+cell_type+%3D%3D+CRE079+%7C%7C+cell_type+%3D%3D+SMP444+%7C%7C+cell_type+%3D%3D+CB2808+%7C%7C+cell_type+%3D%3D+SMPp&v1A_P03+%7C%7C+cell_type+%3D%3D+CL209+%7C%7C+cell_type+%3D%3D+SMP389c+%7C%7C+cell_type+%3D%3D+SMP389b+%7C%7C+cell_type+%3D%3D+CB3076+%7C%7C+cell_type+%3D%3D+5-HTPMPD01+%7C%7C+cell_type+%3D%3D+CB4203+%7C%7C+cell_type+%3D%3D+SMP385+%7C%7C+cell_type+%3D%3D+CB0433+%7C%7C+cell_type+%3D%3D+SIP087+%7C%7C+cell_type+%3D%3D+SMP533+%7C%7C+cell_type+%3D%3D+SMP416,SMP417+%7C%7C+cell_type+%3D%3D+SIP088+%7C%7C+cell_type+%3D%3D+SIP086+%7C%7C+cell_type+%3D%3D+SMP413+%7C%7C+cell_type+%3D%3D+SMP510a+%7C%7C+cell_type+%3D%3D+SMP379+%7C%7C+cell_type+%3D%3D+CB1713+%7C%7C+cell_type+%3D%3D+CB3621+%7C%7C+cell_type+%3D%3D+CL344+%7C%7C+cell_type+%3D%3D+LHCENT14+%7C%7C+cell_type+%3D%3D+CB0136+%7C%7C+cell_type+%3D%3D+CB0232+%7C%7C+cell_type+%3D%3D+CB0233+%7C%7C+cell_type+%3D%3D+SMP333+%7C%7C+cell_type+%3D%3D+CB3696+%7C%7C+cell_type+%3D%3D+CB3423+%7C%7C+cell_type+%3D%3D+CB0483+%7C%7C+cell_type+%3D%3D+CB1769+%7C%7C+cell_type+%3D%3D+CB1223+%7C%7C+cell_type+%3D%3D+CB1506+%7C%7C+cell_type+%3D%3D+CB1430+%7C%7C+cell_type+%3D%3D+CB1951+%7C%7C+cell_type+%3D%3D+PLP161+%7C%7C+cell_type+%3D%3D+CL182+%7C%7C+cell_type+%3D%3D+CB3449+%7C%7C+cell_type+%3D%3D+CB2105+%7C%7C+cell_type+%3D%3D+CB3772+%7C%7C+cell_type+%3D%3D+CB3768+%7C%7C+cell_type+%3D%3D+FLA101f_a+%7C%7C+cell_type+%3D%3D+SMP550+%7C%7C+cell_type+%3D%3D+CB1445+%7C%7C+cell_type+%3D%3D+CB0878+%7C%7C+cell_type+%3D%3D+CB1586+%7C%7C+cell_type+%3D%3D+CB3557+%7C%7C+cell_type+%3D%3D+SLP421+%7C%7C+cell_type+%3D%3D+CB1390+%7C%7C+cell_type+%3D%3D+CB1406+%7C%7C+cell_type+%3D%3D+SMP457+%7C%7C+cell_type+%3D%3D+AVLP477+%7C%7C+cell_type+%3D%3D+SIP066+%7C%7C+cell_type+%3D%3D+CL165+%7C%7C+cell_type+%3D%3D+SMP553+%7C%7C+cell_type+%3D%3D+CRE076+%7C%7C+cell_type+%3D%3D+SMP421+%7C%7C+cell_type+%3D%3D+DN1pA+%7C%7C+cell_type+%3D%3D+AVLP471+%7C%7C+cell_type+%3D%3D+SMP240+%7C%7C+cell_type+%3D%3D+SMP528+%7C%7C+cell_type+%3D%3D+SMP429+%7C%7C+cell_type+%3D%3D+SMP539+%7C%7C+cell_type+%3D%3D+CRZ01,CRZ02+%7C%7C+cell_type+%3D%3D+SMP552+%7C%7C+cell_type+%3D%3D+SLP411+%7C%7C+cell_type+%3D%3D+SMP531+%7C%7C+cell_type+%3D%3D+CL129+%7C%7C+cell_type+%3D%3D+SMP529+%7C%7C+cell_type+%3D%3D+CL166,CL168+%7C%7C+cell_type+%3D%3D+SMP530+%7C%7C+cell_type+%3D%3D+CB1548+%7C%7C+cell_type+%3D%3D+CB2568+%7C%7C+cell_type+%3D%3D+CB2443+%7C%7C+cell_type+%3D%3D+CB1059+%7C%7C+cell_type+%3D%3D+SLP285+%7C%7C+cell_type+%3D%3D+SLP390+%7C%7C+cell_type+%3D%3D+SMP537+%7C%7C+cell_type+%3D%3D+CB2063+%7C%7C+cell_type+%3D%3D+CB2814+%7C%7C+cell_type+%3D%3D+SMP425+%7C%7C+cell_type+%3D%3D+SMP372+%7C%7C+cell_type+%3D%3D+SLP389+%7C%7C+cell_type+%3D%3D+CB2610+%7C%7C+cell_type+%3D%3D+CRE044+%7C%7C+cell_type+%3D%3D+MBON31+%7C%7C+cell_type+%3D%3D+SMP108+%7C%7C+cell_type+%3D%3D+CRE009+%7C%7C+cell_type+%3D%3D+CB3244+%7C%7C+cell_type+%3D%3D+SMP111+%7C%7C+cell_type+%3D%3D+LHAV6g1+%7C%7C+cell_type+%3D%3D+CB3523+%7C%7C+cell_type+%3D%3D+CRE018+%7C%7C+cell_type+%3D%3D+LAL030d+%7C%7C+cell_type+%3D%3D+SIP022+%7C%7C+cell_type+%3D%3D+PAM06+%7C%7C+cell_type+%3D%3D+PAM13+%7C%7C+cell_type+%3D%3D+CRE008,CRE010+%7C%7C+cell_type+%3D%3D+mALB2+%7C%7C+cell_type+%3D%3D+SLP212c+%7C%7C+cell_type+%3D%3D+CB0678+%7C%7C+cell_type+%3D%3D+CB0227+%7C%7C+cell_type+%3D%3D+CB0223+%7C%7C+cell_type+%3D%3D+AVLP447+%7C%7C+cell_type+%3D%3D+Z_vPNml1+%7C%7C+cell_type+%3D%3D+CB0746+%7C%7C+cell_type+%3D%3D+CB2537+%7C%7C+cell_type+%3D%3D+CB1372+%7C%7C+cell_type+%3D%3D+CB2643+%7C%7C+cell_type+%3D%3D+CB0772+%7C%7C+cell_type+%3D%3D+CB2490+%7C%7C+cell_type+%3D%3D+CB2487+%7C%7C+cell_type+%3D%3D+CB1345+%7C%7C+cell_type+%3D%3D+CB3601+%7C%7C+cell_type+%3D%3D+CB0114+%7C%7C+cell_type+%3D%3D+SMP169+%7C%7C+cell_type+%3D%3D+CB0653+%7C%7C+cell_type+%3D%3D+CB3538+%7C%7C+cell_type+%3D%3D+LAL198+%7C%7C+cell_type+%3D%3D+CB1775+%7C%7C+cell_type+%3D%3D+SMP591+%7C%7C+cell_type+%3D%3D+CL360+%7C%7C+cell_type+%3D%3D+SMP588+%7C%7C+cell_type+%3D%3D+SMP590+%7C%7C+cell_type+%3D%3D+CL326+%7C%7C+cell_type+%3D%3D+CB2817+%7C%7C+cell_type+%3D%3D+CB3501+%7C%7C+cell_type+%3D%3D+CB0646+%7C%7C+cell_type+%3D%3D+CB1712+%7C%7C+cell_type+%3D%3D+SMP420+%7C%7C+cell_type+%3D%3D+CB3771+%7C%7C+cell_type+%3D%3D+CB3192+%7C%7C+cell_type+%3D%3D+CB2717+%7C%7C+cell_type+%3D%3D+CB3174+%7C%7C+cell_type+%3D%3D+SMP334+%7C%7C+cell_type+%3D%3D+CB3572+%7C%7C+cell_type+%3D%3D+SLP412_a+%7C%7C+cell_type+%3D%3D+CB1895+%7C%7C+cell_type+%3D%3D+CB0683+%7C%7C+cell_type+%3D%3D+SMP168+%7C%7C+cell_type+%3D%3D+CRE108+%7C%7C+cell_type+%3D%3D+SMP173+%7C%7C+cell_type+%3D%3D+CRE050+%7C%7C+cell_type+%3D%3D+SMP161+%7C%7C+cell_type+%3D%3D+SMP153a+%7C%7C+cell_type+%3D%3D+SMP162b+%7C%7C+cell_type+%3D%3D+SMP162a+%7C%7C+cell_type+%3D%3D+ATL008+%7C%7C+cell_type+%3D%3D+CRE017+%7C%7C+cell_type+%3D%3D+SLP114,SLP115+%7C%7C+cell_type+%3D%3D+SMP043+%7C%7C+cell_type+%3D%3D+SIP014,SIP016+%7C%7C+cell_type+%3D%3D+SMP028+%7C%7C+cell_type+%3D%3D+SLP158+%7C%7C+cell_type+%3D%3D+LHAD2b1+%7C%7C+cell_type+%3D%3D+CB0270+%7C%7C+cell_type+%3D%3D+CB0463+%7C%7C+cell_type+%3D%3D+SMP594+%7C%7C+cell_type+%3D%3D+CB0135+%7C%7C+cell_type+%3D%3D+CB0531+%7C%7C+cell_type+%3D%3D+CB0485+%7C%7C+cell_type+%3D%3D+LHAV2d1+%7C%7C+cell_type+%3D%3D+LAL185+%7C%7C+cell_type+%3D%3D+SMP555,SMP556+%7C%7C+cell_type+%3D%3D+SLP355+%7C%7C+cell_type+%3D%3D+AVLP473+%7C%7C+cell_type+%3D%3D+AVLP563+%7C%7C+cell_type+%3D%3D+CL303+%7C%7C+cell_type+%3D%3D+SMP193a+%7C%7C+cell_type+%3D%3D+CB0059+%7C%7C+cell_type+%3D%3D+SMP253+%7C%7C+cell_type+%3D%3D+SMP190+%7C%7C+cell_type+%3D%3D+SMP194+%7C%7C+cell_type+%3D%3D+SMP234+%7C%7C+cell_type+%3D%3D+SIP028b+%7C%7C+cell_type+%3D%3D+CRE012+%7C%7C+cell_type+%3D%3D+MBON33+%7C%7C+cell_type+%3D%3D+CRE069+%7C%7C+cell_type+%3D%3D+CL123,CRE061+%7C%7C+cell_type+%3D%3D+CB2567+%7C%7C+cell_type+%3D%3D+VESa2_P01+%7C%7C+cell_type+%3D%3D+LAL115+%7C%7C+cell_type+%3D%3D+CB2781+%7C%7C+cell_type+%3D%3D+SLP392+%7C%7C+cell_type+%3D%3D+SLP150+%7C%7C+cell_type+%3D%3D+SMP593+%7C%7C+cell_type+%3D%3D+CRE070+%7C%7C+cell_type+%3D%3D+CB3599+%7C%7C+cell_type+%3D%3D+PAL01+%7C%7C+cell_type+%3D%3D+VES040+%7C%7C+cell_type+%3D%3D+CB3547+%7C%7C+cell_type+%3D%3D+CB3603+%7C%7C+cell_type+%3D%3D+SMP235+%7C%7C+cell_type+%3D%3D+SLP291+%7C%7C+cell_type+%3D%3D+CB2043+%7C%7C+cell_type+%3D%3D+SMP202+%7C%7C+cell_type+%3D%3D+SMP204+%7C%7C+cell_type+%3D%3D+CB0584+%7C%7C+cell_type+%3D%3D+PLP246+%7C%7C+cell_type+%3D%3D+SIP041+%7C%7C+cell_type+%3D%3D+SLP295b+%7C%7C+cell_type+%3D%3D+CB0655+%7C%7C+cell_type+%3D%3D+AVLP496b+%7C%7C+cell_type+%3D%3D+SMP600+%7C%7C+cell_type+%3D%3D+CB2776+%7C%7C+cell_type+%3D%3D+CB3077+%7C%7C+cell_type+%3D%3D+M_lPNm11A+%7C%7C+cell_type+%3D%3D+VES004+%7C%7C+cell_type+%3D%3D+CB1936+%7C%7C+cell_type+%3D%3D+SLP238+%7C%7C+cell_type+%3D%3D+M_l2PNl22+%7C%7C+cell_type+%3D%3D+M_lvPNm35+%7C%7C+cell_type+%3D%3D+M_l2PNm16+%7C%7C+cell_type+%3D%3D+M_l2PNm14+%7C%7C+cell_type+%3D%3D+CRE060,CRE067+%7C%7C+cell_type+%3D%3D+LAL110+%7C%7C+cell_type+%3D%3D+CRE071+%7C%7C+cell_type+%3D%3D+CB1454+%7C%7C+cell_type+%3D%3D+MBON09+%7C%7C+cell_type+%3D%3D+SMP174+%7C%7C+cell_type+%3D%3D+LHAV9a1_a+%7C%7C+cell_type+%3D%3D+SMP160+%7C%7C+cell_type+%3D%3D+CB2293+%7C%7C+cell_type+%3D%3D+SMP172+%7C%7C+cell_type+%3D%3D+CB0448+%7C%7C+cell_type+%3D%3D+AVLP443+%7C%7C+cell_type+%3D%3D+SMP266+%7C%7C+cell_type+%3D%3D+SMP251+%7C%7C+cell_type+%3D%3D+SIP053b+%7C%7C+cell_type+%3D%3D+PPL107+%7C%7C+cell_type+%3D%3D+SMP175+%7C%7C+cell_type+%3D%3D+SIP053a+%7C%7C+cell_type+%3D%3D+SMP189+%7C%7C+cell_type+%3D%3D+SMP193b+%7C%7C+cell_type+%3D%3D+LHPV5e3+%7C%7C+cell_type+%3D%3D+CB1818+%7C%7C+cell_type+%3D%3D+MBON28+%7C%7C+cell_type+%3D%3D+SIP029+%7C%7C+cell_type+%3D%3D+SLP265a+%7C%7C+cell_type+%3D%3D+CB1011+%7C%7C+cell_type+%3D%3D+CB2444+%7C%7C+cell_type+%3D%3D+CB1644+%7C%7C+cell_type+%3D%3D+SMP269+%7C%7C+cell_type+%3D%3D+LHPV2f2+%7C%7C+cell_type+%3D%3D+CB2076+%7C%7C+cell_type+%3D%3D+SMP198+%7C%7C+cell_type+%3D%3D+LHPV5l1+%7C%7C+cell_type+%3D%3D+SMP210+%7C%7C+cell_type+%3D%3D+SLP270+%7C%7C+cell_type+%3D%3D+CB3331+%7C%7C+cell_type+%3D%3D+WEDPN3+%7C%7C+cell_type+%3D%3D+CB3790+%7C%7C+cell_type+%3D%3D+CB3775+%7C%7C+cell_type+%3D%3D+CB2398+%7C%7C+cell_type+%3D%3D+CB1316+%7C%7C+cell_type+%3D%3D+SMP596+%7C%7C+cell_type+%3D%3D+CB3056+%7C%7C+cell_type+%3D%3D+CB2932+%7C%7C+cell_type+%3D%3D+SLP376+%7C%7C+cell_type+%3D%3D+PLP121+%7C%7C+cell_type+%3D%3D+CB3811+%7C%7C+cell_type+%3D%3D+SMP238+%7C%7C+cell_type+%3D%3D+SMP203+%7C%7C+cell_type+%3D%3D+CB0631+%7C%7C+cell_type+%3D%3D+SMP248b+%7C%7C+cell_type+%3D%3D+CB2244+%7C%7C+cell_type+%3D%3D+SIP048+%7C%7C+cell_type+%3D%3D+CB3509+%7C%7C+cell_type+%3D%3D+LHPD2c7+%7C%7C+cell_type+%3D%3D+CB3895+%7C%7C+cell_type+%3D%3D+SMP029+%7C%7C+cell_type+%3D%3D+SMP162c+%7C%7C+cell_type+%3D%3D+CL021+%7C%7C+cell_type+%3D%3D+CB2466+%7C%7C+cell_type+%3D%3D+CB1175+%7C%7C+cell_type+%3D%3D+SMP038+%7C%7C+cell_type+%3D%3D+CB1077+%7C%7C+cell_type+%3D%3D+SMP164+%7C%7C+cell_type+%3D%3D+CB4220+%7C%7C+cell_type+%3D%3D+CB0032+%7C%7C+cell_type+%3D%3D+CB0546+%7C%7C+cell_type+%3D%3D+CRE056+%7C%7C+cell_type+%3D%3D+CB2245+%7C%7C+cell_type+%3D%3D+SIP089+%7C%7C+cell_type+%3D%3D+ALIN3+%7C%7C+cell_type+%3D%3D+LHPV8c1+%7C%7C+cell_type+%3D%3D+CRE105+%7C%7C+cell_type+%3D%3D+SMP272+%7C%7C+cell_type+%3D%3D+SMP271+%7C%7C+cell_type+%3D%3D+VES065+%7C%7C+cell_type+%3D%3D+SMP255+%7C%7C+cell_type+%3D%3D+SMP273+%7C%7C+cell_type+%3D%3D+AVLP497+%7C%7C+cell_type+%3D%3D+SMP566b+%7C%7C+cell_type+%3D%3D+SMP567+%7C%7C+cell_type+%3D%3D+SMP569a+%7C%7C+cell_type+%3D%3D+SMP558+%7C%7C+cell_type+%3D%3D+CB1910+%7C%7C+cell_type+%3D%3D+SMP159+%7C%7C+cell_type+%3D%3D+SLP450+%7C%7C+cell_type+%3D%3D+SMP039+%7C%7C+cell_type+%3D%3D+LAL137+%7C%7C+cell_type+%3D%3D+SMP570a+%7C%7C+cell_type+%3D%3D+CB1300+%7C%7C+cell_type+%3D%3D+CB2088+%7C%7C+cell_type+%3D%3D+LHPV7c1+%7C%7C+cell_type+%3D%3D+CL029a+%7C%7C+cell_type+%3D%3D+CL078b+%7C%7C+cell_type+%3D%3D+CL025+%7C%7C+cell_type+%3D%3D+AVLP446+%7C%7C+cell_type+%3D%3D+ATL002+%7C%7C+cell_type+%3D%3D+CB1057+%7C%7C+cell_type+%3D%3D+SLP062+%7C%7C+cell_type+%3D%3D+CB2269+%7C%7C+cell_type+%3D%3D+CL142+%7C%7C+cell_type+%3D%3D+CB1159+%7C%7C+cell_type+%3D%3D+CB3548+%7C%7C+cell_type+%3D%3D+CB2555+%7C%7C+cell_type+%3D%3D+CB0946+%7C%7C+cell_type+%3D%3D+LHAV3p1+%7C%7C+cell_type+%3D%3D+CB1393+%7C%7C+cell_type+%3D%3D+LHPV6r1+%7C%7C+cell_type+%3D%3D+CB3626+%7C%7C+cell_type+%3D%3D+CB3060+%7C%7C+cell_type+%3D%3D+SMP208+%7C%7C+cell_type+%3D%3D+CB1149+%7C%7C+cell_type+%3D%3D+CB1683+%7C%7C+cell_type+%3D%3D+CB3391+%7C%7C+cell_type+%3D%3D+LHPV2c2a+%7C%7C+cell_type+%3D%3D+SLP036+%7C%7C+cell_type+%3D%3D+CL080+%7C%7C+cell_type+%3D%3D+CB2399+%7C%7C+cell_type+%3D%3D+CB2335+%7C%7C+cell_type+%3D%3D+CRE048+%7C%7C+cell_type+%3D%3D+SLP456+%7C%7C+cell_type+%3D%3D+CB3686+%7C%7C+cell_type+%3D%3D+SMP335+%7C%7C+cell_type+%3D%3D+ALIN4+%7C%7C+cell_type+%3D%3D+CRE087+%7C%7C+cell_type+%3D%3D+CB2628+%7C%7C+cell_type+%3D%3D+CRE025+%7C%7C+cell_type+%3D%3D+CB4204+%7C%7C+cell_type+%3D%3D+CB3550+%7C%7C+cell_type+%3D%3D+SLP157+%7C%7C+cell_type+%3D%3D+SLP212a+%7C%7C+cell_type+%3D%3D+SMP003,SMP005+%7C%7C+cell_type+%3D%3D+SLP005+%7C%7C+cell_type+%3D%3D+LHAD1f3d+%7C%7C+cell_type+%3D%3D+SLP026+%7C%7C+cell_type+%3D%3D+SLP028c+%7C%7C+cell_type+%3D%3D+AstA1+%7C%7C+cell_type+%3D%3D+oviIN+%7C%7C+cell_type+%3D%3D+SLP224+%7C%7C+cell_type+%3D%3D+CB1472+%7C%7C+cell_type+%3D%3D+CB1899+%7C%7C+cell_type+%3D%3D+SLP031+%7C%7C+cell_type+%3D%3D+CB2436+%7C%7C+cell_type+%3D%3D+CRE103a+%7C%7C+cell_type+%3D%3D+LHPV6f1+%7C%7C+cell_type+%3D%3D+CB1591+%7C%7C+cell_type+%3D%3D+SMP041+%7C%7C+cell_type+%3D%3D+SMP597+%7C%7C+cell_type+%3D%3D+CB2544+%7C%7C+cell_type+%3D%3D+SMP187+%7C%7C+cell_type+%3D%3D+SMP191+%7C%7C+cell_type+%3D%3D+CB1791+%7C%7C+cell_type+%3D%3D+SMP411b+%7C%7C+cell_type+%3D%3D+CB1495+%7C%7C+cell_type+%3D%3D+CB2069+%7C%7C+cell_type+%3D%3D+SIP052+%7C%7C+cell_type+%3D%3D+CB2938+%7C%7C+cell_type+%3D%3D+LHAV2p1+%7C%7C+cell_type+%3D%3D+SMP276+%7C%7C+cell_type+%3D%3D+SLP356b+%7C%7C+cell_type+%3D%3D+CB1559+%7C%7C+cell_type+%3D%3D+CL024a+%7C%7C+cell_type+%3D%3D+CB2577+%7C%7C+cell_type+%3D%3D+CB1163+%7C%7C+cell_type+%3D%3D+CB1081+%7C%7C+cell_type+%3D%3D+CB3272+%7C%7C+cell_type+%3D%3D+SIP028a+%7C%7C+cell_type+%3D%3D+CB0544+%7C%7C+cell_type+%3D%3D+MBON35+%7C%7C+cell_type+%3D%3D+PAM11+%7C%7C+cell_type+%3D%3D+CB1930+%7C%7C+cell_type+%3D%3D+SMP423+%7C%7C+cell_type+%3D%3D+SLPpm3_H02+%7C%7C+cell_type+%3D%3D+CB1576+%7C%7C+cell_type+%3D%3D+SMP051+%7C%7C+cell_type+%3D%3D+SLP222+%7C%7C+cell_type+%3D%3D+mAL_f2+%7C%7C+cell_type+%3D%3D+CB3717+%7C%7C+cell_type+%3D%3D+SLP321+%7C%7C+cell_type+%3D%3D+SMP307+%7C%7C+cell_type+%3D%3D+CB2922+%7C%7C+cell_type+%3D%3D+CRE088+%7C%7C+cell_type+%3D%3D+PPL108+%7C%7C+cell_type+%3D%3D+AVLP189_b+%7C%7C+cell_type+%3D%3D+CB2541+%7C%7C+cell_type+%3D%3D+AVLP014+%7C%7C+cell_type+%3D%3D+VP1l+VP3_ilPN+%7C%7C+cell_type+%3D%3D+SMP033+%7C%7C+cell_type+%3D%3D+SMP035+%7C%7C+cell_type+%3D%3D+SLP379+%7C%7C+cell_type+%3D%3D+SLP104,SLP205+%7C%7C+cell_type+%3D%3D+CB0650+%7C%7C+cell_type+%3D%3D+SLP275+%7C%7C+cell_type+%3D%3D+SMP543+%7C%7C+cell_type+%3D%3D+LHPV4m1+%7C%7C+cell_type+%3D%3D+SLP344+%7C%7C+cell_type+%3D%3D+CB1744+%7C%7C+cell_type+%3D%3D+SMP186+%7C%7C+cell_type+%3D%3D+SLP226+%7C%7C+cell_type+%3D%3D+CL018b+%7C%7C+cell_type+%3D%3D+LAL154+%7C%7C+cell_type+%3D%3D+SMP119+%7C%7C+cell_type+%3D%3D+CB2626+%7C%7C+cell_type+%3D%3D+CB3257+%7C%7C+cell_type+%3D%3D+CB2509+%7C%7C+cell_type+%3D%3D+CB3555+%7C%7C+cell_type+%3D%3D+SLP149+%7C%7C+cell_type+%3D%3D+CB2721+%7C%7C+cell_type+%3D%3D+SLP300a+%7C%7C+cell_type+%3D%3D+CB2032+%7C%7C+cell_type+%3D%3D+PAM12+%7C%7C+cell_type+%3D%3D+CB1594+%7C%7C+cell_type+%3D%3D+SMP138+%7C%7C+cell_type+%3D%3D+CRE107+%7C%7C+cell_type+%3D%3D+MBON27+%7C%7C+cell_type+%3D%3D+CB3534+%7C%7C+cell_type+%3D%3D+CB2809+%7C%7C+cell_type+%3D%3D+PAM05+%7C%7C+cell_type+%3D%3D+MBON32+%7C%7C+cell_type+%3D%3D+SMP399a+%7C%7C+cell_type+%3D%3D+CB3446+%7C%7C+cell_type+%3D%3D+CB1083+%7C%7C+cell_type+%3D%3D+SMP490+%7C%7C+cell_type+%3D%3D+SMP109+%7C%7C+cell_type+%3D%3D+CB3452+%7C%7C+cell_type+%3D%3D+SMP456+%7C%7C+cell_type+%3D%3D+CB3225+%7C%7C+cell_type+%3D%3D+CB1671+%7C%7C+cell_type+%3D%3D+CB3365+%7C%7C+cell_type+%3D%3D+CL208+%7C%7C+cell_type+%3D%3D+CB1566+%7C%7C+cell_type+%3D%3D+CB3498+%7C%7C+cell_type+%3D%3D+CB2993+%7C%7C+cell_type+%3D%3D+SMP451b+%7C%7C+cell_type+%3D%3D+SIP078+%7C%7C+cell_type+%3D%3D+SMP147+%7C%7C+cell_type+%3D%3D+CB1970+%7C%7C+cell_type+%3D%3D+CRE023+%7C%7C+cell_type+%3D%3D+CB1061+%7C%7C+cell_type+%3D%3D+VES045+%7C%7C+cell_type+%3D%3D+CB3566+%7C%7C+cell_type+%3D%3D+CB2616+%7C%7C+cell_type+%3D%3D+CL077+%7C%7C+cell_type+%3D%3D+CL027+%7C%7C+cell_type+%3D%3D+CB1640+%7C%7C+cell_type+%3D%3D+CB1679+%7C%7C+cell_type+%3D%3D+CB1365+%7C%7C+cell_type+%3D%3D+CRE001+%7C%7C+cell_type+%3D%3D+CB3968+%7C%7C+cell_type+%3D%3D+CB1928+%7C%7C+cell_type+%3D%3D+SLP221+%7C%7C+cell_type+%3D%3D+CB1359+%7C%7C+cell_type+%3D%3D+CB1310+%7C%7C+cell_type+%3D%3D+SLP207+%7C%7C+cell_type+%3D%3D+CB2505+%7C%7C+cell_type+%3D%3D+CB3386+%7C%7C+cell_type+%3D%3D+CB2991+%7C%7C+cell_type+%3D%3D+SIP018+%7C%7C+cell_type+%3D%3D+LHAD1a2+%7C%7C+cell_type+%3D%3D+LHAD1b5+%7C%7C+cell_type+%3D%3D+CB3145+%7C%7C+cell_type+%3D%3D+CB1861+%7C%7C+cell_type+%3D%3D+SMP011b+%7C%7C+cell_type+%3D%3D+CB1698+%7C%7C+cell_type+%3D%3D+CB1539+%7C%7C+cell_type+%3D%3D+CB2955+%7C%7C+cell_type+%3D%3D+SLP001+%7C%7C+cell_type+%3D%3D+CB1837+%7C%7C+cell_type+%3D%3D+CL018a+%7C%7C+cell_type+%3D%3D+CB2427+%7C%7C+cell_type+%3D%3D+SMP044+%7C%7C+cell_type+%3D%3D+SIP013b+%7C%7C+cell_type+%3D%3D+SMP025c+%7C%7C+cell_type+%3D%3D+SMP046+%7C%7C+cell_type+%3D%3D+SMP010+%7C%7C+cell_type+%3D%3D+SLP134+%7C%7C+cell_type+%3D%3D+CB2302+%7C%7C+cell_type+%3D%3D+LHAV6h1+%7C%7C+cell_type+%3D%3D+LHAD1b1_b+%7C%7C+cell_type+%3D%3D+CB3392+%7C%7C+cell_type+%3D%3D+LHAD1c2c+%7C%7C+cell_type+%3D%3D+SLP024a+%7C%7C+cell_type+%3D%3D+SLP457+%7C%7C+cell_type+%3D%3D+SLP007a+%7C%7C+cell_type+%3D%3D+CB3522+%7C%7C+cell_type+%3D%3D+SMP031+%7C%7C+cell_type+%3D%3D+CB1697+%7C%7C+cell_type+%3D%3D+CB3507+%7C%7C+cell_type+%3D%3D+SLP056+%7C%7C+cell_type+%3D%3D+CB1419+%7C%7C+cell_type+%3D%3D+CB1337+%7C%7C+cell_type+%3D%3D+SLP065+%7C%7C+cell_type+%3D%3D+CB2280+%7C%7C+cell_type+%3D%3D+LHAD2c2+%7C%7C+cell_type+%3D%3D+aSP-g2+%7C%7C+cell_type+%3D%3D+CB2492+%7C%7C+cell_type+%3D%3D+CB2230+%7C%7C+cell_type+%3D%3D+SLP044_d+%7C%7C+cell_type+%3D%3D+AVLP024c+%7C%7C+cell_type+%3D%3D+SLP061+%7C%7C+cell_type+%3D%3D+SLP211+%7C%7C+cell_type+%3D%3D+CB0999+%7C%7C+cell_type+%3D%3D+CB2738+%7C%7C+cell_type+%3D%3D+SLP230+%7C%7C+cell_type+%3D%3D+CB2901+%7C%7C+cell_type+%3D%3D+LHPV4c4+%7C%7C+cell_type+%3D%3D+SMP217+%7C%7C+cell_type+%3D%3D+AVLP015+%7C%7C+cell_type+%3D%3D+SLP019+%7C%7C+cell_type+%3D%3D+CB3252+%7C%7C+cell_type+%3D%3D+SLP027+%7C%7C+cell_type+%3D%3D+CB1150+%7C%7C+cell_type+%3D%3D+SMP215a+%7C%7C+cell_type+%3D%3D+SLP307+%7C%7C+cell_type+%3D%3D+LHAD1f3c+%7C%7C+cell_type+%3D%3D+CB1392+%7C%7C+cell_type+%3D%3D+CL003+%7C%7C+cell_type+%3D%3D+CB1990+%7C%7C+cell_type+%3D%3D+SLP035+%7C%7C+cell_type+%3D%3D+CB3765+%7C%7C+cell_type+%3D%3D+CB3764+%7C%7C+cell_type+%3D%3D+CB2146+%7C%7C+cell_type+%3D%3D+CB2438+%7C%7C+cell_type+%3D%3D+CB2003+%7C%7C+cell_type+%3D%3D+LHPV6g1+%7C%7C+cell_type+%3D%3D+CB1770+%7C%7C+cell_type+%3D%3D+SLP160+%7C%7C+cell_type+%3D%3D+CL362+%7C%7C+cell_type+%3D%3D+LNd_c+%7C%7C+cell_type+%3D%3D+SLP075+%7C%7C+cell_type+%3D%3D+SLP384+%7C%7C+cell_type+%3D%3D+CB1168+%7C%7C+cell_type+%3D%3D+LHPD2d1+%7C%7C+cell_type+%3D%3D+CB2116+%7C%7C+cell_type+%3D%3D+CB3147+%7C%7C+cell_type+%3D%3D+SLP383+%7C%7C+cell_type+%3D%3D+CB3026+%7C%7C+cell_type+%3D%3D+CB1976+%7C%7C+cell_type+%3D%3D+LHAD2c3c+%7C%7C+cell_type+%3D%3D+CL029b+%7C%7C+cell_type+%3D%3D+SLP364+%7C%7C+cell_type+%3D%3D+CB1511+%7C%7C+cell_type+%3D%3D+PLP123+%7C%7C+cell_type+%3D%3D+LHPV2d1+%7C%7C+cell_type+%3D%3D+SMP183+%7C%7C+cell_type+%3D%3D+LHPV5i1+%7C%7C+cell_type+%3D%3D+CB3203+%7C%7C+cell_type+%3D%3D+LHPV5b2+%7C%7C+cell_type+%3D%3D+CB3709+%7C%7C+cell_type+%3D%3D+CB3054+%7C%7C+cell_type+%3D%3D+CB2771+%7C%7C+cell_type+%3D%3D+CB1429+%7C%7C+cell_type+%3D%3D+CB1551+%7C%7C+cell_type+%3D%3D+CB3119+%7C%7C+cell_type+%3D%3D+CB3055+%7C%7C+cell_type+%3D%3D+CB3737+%7C%7C+cell_type+%3D%3D+LHPV5g2+%7C%7C+cell_type+%3D%3D+CB3173+%7C%7C+cell_type+%3D%3D+CB2602+%7C%7C+cell_type+%3D%3D+CB3556+%7C%7C+cell_type+%3D%3D+CB3268+%7C%7C+cell_type+%3D%3D+CB1781+%7C%7C+cell_type+%3D%3D+LHPV6f4_b+%7C%7C+cell_type+%3D%3D+CB1338+%7C%7C+cell_type+%3D%3D+CB0965+%7C%7C+cell_type+%3D%3D+CB2888+%7C%7C+cell_type+%3D%3D+LHPV5g1_a,SMP270+%7C%7C+cell_type+%3D%3D+CB3751+%7C%7C+cell_type+%3D%3D+CB2297+%7C%7C+cell_type+%3D%3D+CL078a+%7C%7C+cell_type+%3D%3D+CB3273+%7C%7C+cell_type+%3D%3D+AVLP075+%7C%7C+cell_type+%3D%3D+CB2756+%7C%7C+cell_type+%3D%3D+LHPV3b1_b+%7C%7C+cell_type+%3D%3D+LHPD2d2+%7C%7C+cell_type+%3D%3D+SMP207+%7C%7C+cell_type+%3D%3D+CB1197+%7C%7C+cell_type+%3D%3D+CB1060+%7C%7C+cell_type+%3D%3D+SMP206+%7C%7C+cell_type+%3D%3D+CB3399+%7C%7C+cell_type+%3D%3D+SMP042+%7C%7C+cell_type+%3D%3D+SLP241+%7C%7C+cell_type+%3D%3D+SLP242+%7C%7C+cell_type+%3D%3D+SLP240_a+%7C%7C+cell_type+%3D%3D+SLP340+%7C%7C+cell_type+%3D%3D+SMP249+%7C%7C+cell_type+%3D%3D+SMP250+%7C%7C+cell_type+%3D%3D+LHPV4e1+%7C%7C+cell_type+%3D%3D+SLP304a+%7C%7C+cell_type+%3D%3D+SLP269+%7C%7C+cell_type+%3D%3D+CB3612+%7C%7C+cell_type+%3D%3D+CB3767+%7C%7C+cell_type+%3D%3D+LAL101+%7C%7C+cell_type+%3D%3D+SIP025+%7C%7C+cell_type+%3D%3D+CB3778+%7C%7C+cell_type+%3D%3D+CB2787+%7C%7C+cell_type+%3D%3D+SLP327+%7C%7C+cell_type+%3D%3D+SLP280+%7C%7C+cell_type+%3D%3D+CB1457+%7C%7C+cell_type+%3D%3D+CB2998+%7C%7C+cell_type+%3D%3D+CB2581+%7C%7C+cell_type+%3D%3D+CB1897+%7C%7C+cell_type+%3D%3D+CB1346+%7C%7C+cell_type+%3D%3D+CB1841+%7C%7C+cell_type+%3D%3D+SMP036+%7C%7C+cell_type+%3D%3D+SLP377+%7C%7C+cell_type+%3D%3D+CL244+%7C%7C+cell_type+%3D%3D+CL132+%7C%7C+cell_type+%3D%3D+CB0658+%7C%7C+cell_type+%3D%3D+CB3605+%7C%7C+cell_type+%3D%3D+SIP090+%7C%7C+cell_type+%3D%3D+CB3152+%7C%7C+cell_type+%3D%3D+SMP177+%7C%7C+cell_type+%3D%3D+SMP180+%7C%7C+cell_type+%3D%3D+SMP182+%7C%7C+cell_type+%3D%3D+SMP018+%7C%7C+cell_type+%3D%3D+SMP165+%7C%7C+cell_type+%3D%3D+CL265+%7C%7C+cell_type+%3D%3D+SLP451b+%7C%7C+cell_type+%3D%3D+SMP577+%7C%7C+cell_type+%3D%3D+MBON29+%7C%7C+cell_type+%3D%3D+VES060+%7C%7C+cell_type+%3D%3D+SMP262+%7C%7C+cell_type+%3D%3D+CB3013+%7C%7C+cell_type+%3D%3D+CB1675+%7C%7C+cell_type+%3D%3D+WEDPN12+%7C%7C+cell_type+%3D%3D+LAL183+%7C%7C+cell_type+%3D%3D+M_spPN5t10+%7C%7C+cell_type+%3D%3D+CB2689+%7C%7C+cell_type+%3D%3D+CB1124+%7C%7C+cell_type+%3D%3D+CL113+%7C%7C+cell_type+%3D%3D+SLP234+%7C%7C+cell_type+%3D%3D+SLP288b+%7C%7C+cell_type+%3D%3D+CB2469+%7C%7C+cell_type+%3D%3D+M_lvPNm48+%7C%7C+cell_type+%3D%3D+M_lvPNm47+%7C%7C+cell_type+%3D%3D+SLP463+%7C%7C+cell_type+%3D%3D+SLP403+%7C%7C+cell_type+%3D%3D+CB2583+%7C%7C+cell_type+%3D%3D+SLP298+%7C%7C+cell_type+%3D%3D+SMP418+%7C%7C+cell_type+%3D%3D+CB1154+%7C%7C+cell_type+%3D%3D+SMP258+%7C%7C+cell_type+%3D%3D+M_ilPNm90,M_ilPN8t91+%7C%7C+cell_type+%3D%3D+CL160+%7C%7C+cell_type+%3D%3D+ATL038,ATL039+%7C%7C+cell_type+%3D%3D+CB2295+%7C%7C+cell_type+%3D%3D+CB1031+%7C%7C+cell_type+%3D%3D+CB2118+%7C%7C+cell_type+%3D%3D+SIP069+%7C%7C+cell_type+%3D%3D+SMP572+%7C%7C+cell_type+%3D%3D+SMP532a+%7C%7C+cell_type+%3D%3D+SMP598+%7C%7C+cell_type+%3D%3D+SMP239+%7C%7C+cell_type+%3D%3D+CB0023+%7C%7C+cell_type+%3D%3D+CB3241+%7C%7C+cell_type+%3D%3D+CB0356+%7C%7C+cell_type+%3D%3D+SIP024+%7C%7C+cell_type+%3D%3D+SIP019+%7C%7C+cell_type+%3D%3D+CB3069+%7C%7C+cell_type+%3D%3D+CL156+%7C%7C+cell_type+%3D%3D+CB1926+%7C%7C+cell_type+%3D%3D+CB2128+%7C%7C+cell_type+%3D%3D+SMP359+%7C%7C+cell_type+%3D%3D+CB1627+%7C%7C+cell_type+%3D%3D+SLP396+%7C%7C+cell_type+%3D%3D+SMP361a+%7C%7C+cell_type+%3D%3D+v2LN37+%7C%7C+cell_type+%3D%3D+CB3432+%7C%7C+cell_type+%3D%3D+SMP411+%7C%7C+cell_type+%3D%3D+CL245+%7C%7C+cell_type+%3D%3D+CB2517+%7C%7C+cell_type+%3D%3D+LHPD5a1+%7C%7C+cell_type+%3D%3D+CB3394+%7C%7C+cell_type+%3D%3D+SMP080+%7C%7C+cell_type+%3D%3D+SMP446a+%7C%7C+cell_type+%3D%3D+CB2422+%7C%7C+cell_type+%3D%3D+SMP229+%7C%7C+cell_type+%3D%3D+SMP353+%7C%7C+cell_type+%3D%3D+SLPpm3_S01+%7C%7C+cell_type+%3D%3D+SMP344a+%7C%7C+cell_type+%3D%3D+CB2816+%7C%7C+cell_type+%3D%3D+CB2040+%7C%7C+cell_type+%3D%3D+CL178+%7C%7C+cell_type+%3D%3D+SMPp&v1A_S03+%7C%7C+cell_type+%3D%3D+CRE102+%7C%7C+cell_type+%3D%3D+CB2894+%7C%7C+cell_type+%3D%3D+CB2098+%7C%7C+cell_type+%3D%3D+SIP079+%7C%7C+cell_type+%3D%3D+SMP517+%7C%7C+cell_type+%3D%3D+SMP514+%7C%7C+cell_type+%3D%3D+SMP469a+%7C%7C+cell_type+%3D%3D+BiT+%7C%7C+cell_type+%3D%3D+vDeltaB+%7C%7C+cell_type+%3D%3D+CB3604+%7C%7C+cell_type+%3D%3D+CB2367+%7C%7C+cell_type+%3D%3D+CB1009+%7C%7C+cell_type+%3D%3D+LAL043a+%7C%7C+cell_type+%3D%3D+PAM03+%7C%7C+cell_type+%3D%3D+SMP151+%7C%7C+cell_type+%3D%3D+CB2605+%7C%7C+cell_type+%3D%3D+CB3136+%7C%7C+cell_type+%3D%3D+CB1317+%7C%7C+cell_type+%3D%3D+CB1278+%7C%7C+cell_type+%3D%3D+CB1700+%7C%7C+cell_type+%3D%3D+CB0113+%7C%7C+cell_type+%3D%3D+SLP314+%7C%7C+cell_type+%3D%3D+LHPV6o1+%7C%7C+cell_type+%3D%3D+CB2685+%7C%7C+cell_type+%3D%3D+CB1191+%7C%7C+cell_type+%3D%3D+SLP393+%7C%7C+cell_type+%3D%3D+LHAD1d2+%7C%7C+cell_type+%3D%3D+SLP102+%7C%7C+cell_type+%3D%3D+SLP060+%7C%7C+cell_type+%3D%3D+CB2087+%7C%7C+cell_type+%3D%3D+SLP210+%7C%7C+cell_type+%3D%3D+SLP464+%7C%7C+cell_type+%3D%3D+SLP256+%7C%7C+cell_type+%3D%3D+SLP071+%7C%7C+cell_type+%3D%3D+SLP067+%7C%7C+cell_type+%3D%3D+SLP385+%7C%7C+cell_type+%3D%3D+SLP447+%7C%7C+cell_type+%3D%3D+SLP032+%7C%7C+cell_type+%3D%3D+LHAV3e2+%7C%7C+cell_type+%3D%3D+ATL003+%7C%7C+cell_type+%3D%3D+SLP041+%7C%7C+cell_type+%3D%3D+SMPp&v1A_S02+%7C%7C+cell_type+%3D%3D+LHPV10a1a+%7C%7C+cell_type+%3D%3D+M_lvPNm24+%7C%7C+cell_type+%3D%3D+CB1368+%7C%7C+cell_type+%3D%3D+CB3328+%7C%7C+cell_type+%3D%3D+SMP356+%7C%7C+cell_type+%3D%3D+CL013+%7C%7C+cell_type+%3D%3D+CB1033+%7C%7C+cell_type+%3D%3D+LHAV4b2+%7C%7C+cell_type+%3D%3D+LHPD2c1+%7C%7C+cell_type+%3D%3D+CB1171+%7C%7C+cell_type+%3D%3D+CB1987+%7C%7C+cell_type+%3D%3D+SLP397+%7C%7C+cell_type+%3D%3D+NPFL1-I+%7C%7C+cell_type+%3D%3D+SLP083+%7C%7C+cell_type+%3D%3D+CB3753+%7C%7C+cell_type+%3D%3D+CB1318+%7C%7C+cell_type+%3D%3D+CB0168+%7C%7C+cell_type+%3D%3D+CRE026+%7C%7C+cell_type+%3D%3D+SMP317c+%7C%7C+cell_type+%3D%3D+SMP521+%7C%7C+cell_type+%3D%3D+SMP404a+%7C%7C+cell_type+%3D%3D+CB1884+%7C%7C+cell_type+%3D%3D+SLP208+%7C%7C+cell_type+%3D%3D+SMP011a+%7C%7C+cell_type+%3D%3D+SIP005+%7C%7C+cell_type+%3D%3D+SLP068+%7C%7C+cell_type+%3D%3D+SLP137+%7C%7C+cell_type+%3D%3D+aSP-g1+%7C%7C+cell_type+%3D%3D+aSP-g3B+%7C%7C+cell_type+%3D%3D+CB2637+%7C%7C+cell_type+%3D%3D+AVLP028+%7C%7C+cell_type+%3D%3D+CB3515+%7C%7C+cell_type+%3D%3D+SLP128+%7C%7C+cell_type+%3D%3D+CB3380+%7C%7C+cell_type+%3D%3D+SMP001+%7C%7C+cell_type+%3D%3D+aSP-f3+%7C%7C+cell_type+%3D%3D+CB3966+%7C%7C+cell_type+%3D%3D+CB1126+%7C%7C+cell_type+%3D%3D+SLP028a+%7C%7C+cell_type+%3D%3D+LHAD1f4a+%7C%7C+cell_type+%3D%3D+LHAD1f4c+%7C%7C+cell_type+%3D%3D+CB1416+%7C%7C+cell_type+%3D%3D+CB1335+%7C%7C+cell_type+%3D%3D+CB1733+%7C%7C+cell_type+%3D%3D+CB1341+%7C%7C+cell_type+%3D%3D+SLP375+%7C%7C+cell_type+%3D%3D+SLP373+%7C%7C+cell_type+%3D%3D+SMP200+%7C%7C+cell_type+%3D%3D+SMP246+%7C%7C+cell_type+%3D%3D+SLP274+%7C%7C+cell_type+%3D%3D+CB3551+%7C%7C+cell_type+%3D%3D+CL072+%7C%7C+cell_type+%3D%3D+SMP034+%7C%7C+cell_type+%3D%3D+CB0966+%7C%7C+cell_type+%3D%3D+CB2298+%7C%7C+cell_type+%3D%3D+SMP357+%7C%7C+cell_type+%3D%3D+SMP326b+%7C%7C+cell_type+%3D%3D+CB1956+%7C%7C+cell_type+%3D%3D+CB3215+%7C%7C+cell_type+%3D%3D+SMP477+%7C%7C+cell_type+%3D%3D+OA-VPM4+%7C%7C+cell_type+%3D%3D+CB3458+%7C%7C+cell_type+%3D%3D+CB0942+%7C%7C+cell_type+%3D%3D+SLP366+%7C%7C+cell_type+%3D%3D+SMP215b+%7C%7C+cell_type+%3D%3D+SLP304b+%7C%7C+cell_type+%3D%3D+SLP302b+%7C%7C+cell_type+%3D%3D+SMP037+%7C%7C+cell_type+%3D%3D+CL008+%7C%7C+cell_type+%3D%3D+CB3908+%7C%7C+cell_type+%3D%3D+SLP076+%7C%7C+cell_type+%3D%3D+SLP248+%7C%7C+cell_type+%3D%3D+SMP314a+%7C%7C+cell_type+%3D%3D+AVLP470b+%7C%7C+cell_type+%3D%3D+CB3441+%7C%7C+cell_type+%3D%3D+CB2564+%7C%7C+cell_type+%3D%3D+SMP573+%7C%7C+cell_type+%3D%3D+CB3315+%7C%7C+cell_type+%3D%3D+CB2157+%7C%7C+cell_type+%3D%3D+CB2138+%7C%7C+cell_type+%3D%3D+CB1151+%7C%7C+cell_type+%3D%3D+CB3698+%7C%7C+cell_type+%3D%3D+CB3342+%7C%7C+cell_type+%3D%3D+SIP073+%7C%7C+cell_type+%3D%3D+ATL013+%7C%7C+cell_type+%3D%3D+FB7F+%7C%7C+cell_type+%3D%3D+CB3175+%7C%7C+cell_type+%3D%3D+CL237+%7C%7C+cell_type+%3D%3D+LHPV6h1+%7C%7C+cell_type+%3D%3D+SLP246+%7C%7C+cell_type+%3D%3D+CB0973+%7C%7C+cell_type+%3D%3D+SLP300b+%7C%7C+cell_type+%3D%3D+SLP289+%7C%7C+cell_type+%3D%3D+CB3773+%7C%7C+cell_type+%3D%3D+CB1200+%7C%7C+cell_type+%3D%3D+CB3860+%7C%7C+cell_type+%3D%3D+LHAV2o1+%7C%7C+cell_type+%3D%3D+AVLP097+%7C%7C+cell_type+%3D%3D+PLP058+%7C%7C+cell_type+%3D%3D+SMP337+%7C%7C+cell_type+%3D%3D+ATL004+%7C%7C+cell_type+%3D%3D+SLP064+%7C%7C+cell_type+%3D%3D+CL160b+%7C%7C+cell_type+%3D%3D+MBON23+%7C%7C+cell_type+%3D%3D+AVLP586+%7C%7C+cell_type+%3D%3D+CB3559+%7C%7C+cell_type+%3D%3D+CRE072+%7C%7C+cell_type+%3D%3D+LHPV6m1+%7C%7C+cell_type+%3D%3D+SLP214+%7C%7C+cell_type+%3D%3D+CB2421+%7C%7C+cell_type+%3D%3D+CB3260+%7C%7C+cell_type+%3D%3D+CB2022+%7C%7C+cell_type+%3D%3D+SMP047+%7C%7C+cell_type+%3D%3D+CB2662+%7C%7C+cell_type+%3D%3D+CB4243+%7C%7C+cell_type+%3D%3D+CB3154+%7C%7C+cell_type+%3D%3D+SMP373+%7C%7C+cell_type+%3D%3D+CB1491+%7C%7C+cell_type+%3D%3D+CB3787+%7C%7C+cell_type+%3D%3D+SMP030+%7C%7C+cell_type+%3D%3D+CB3664+%7C%7C+cell_type+%3D%3D+CB2560+%7C%7C+cell_type+%3D%3D+CB2736+%7C%7C+cell_type+%3D%3D+SMP361b+%7C%7C+cell_type+%3D%3D+CB3907+%7C%7C+cell_type+%3D%3D+CB3125+%7C%7C+cell_type+%3D%3D+SLP073+%7C%7C+cell_type+%3D%3D+CB1001+%7C%7C+cell_type+%3D%3D+AOTU060+%7C%7C+cell_type+%3D%3D+CB2035+%7C%7C+cell_type+%3D%3D+LHAV3j1+%7C%7C+cell_type+%3D%3D+SLP101+%7C%7C+cell_type+%3D%3D+CB1326+%7C%7C+cell_type+%3D%3D+CB1434+%7C%7C+cell_type+%3D%3D+CB2262+%7C%7C+cell_type+%3D%3D+SLP074+%7C%7C+cell_type+%3D%3D+CB2277+%7C%7C+cell_type+%3D%3D+SLP223+%7C%7C+cell_type+%3D%3D+CB3249+%7C%7C+cell_type+%3D%3D+CB1170+%7C%7C+cell_type+%3D%3D+SMP331a+%7C%7C+cell_type+%3D%3D+CB1173+%7C%7C+cell_type+%3D%3D+CB1593+%7C%7C+cell_type+%3D%3D+SMP215c+%7C%7C+cell_type+%3D%3D+CB1972+%7C%7C+cell_type+%3D%3D+CL081+%7C%7C+cell_type+%3D%3D+SLP402_b+%7C%7C+cell_type+%3D%3D+CB1991+%7C%7C+cell_type+%3D%3D+CB2766+%7C%7C+cell_type+%3D%3D+SLP258+%7C%7C+cell_type+%3D%3D+LHPV2c4+%7C%7C+cell_type+%3D%3D+CB1396+%7C%7C+cell_type+%3D%3D+CB2423+%7C%7C+cell_type+%3D%3D+CRE095+%7C%7C+cell_type+%3D%3D+LHAD2c3a+%7C%7C+cell_type+%3D%3D+CB3697+%7C%7C+cell_type+%3D%3D+SLP273+%7C%7C+cell_type+%3D%3D+SLP122+%7C%7C+cell_type+%3D%3D+CB3406+%7C%7C+cell_type+%3D%3D+CB2796+%7C%7C+cell_type+%3D%3D+CB3291+%7C%7C+cell_type+%3D%3D+CB1670+%7C%7C+cell_type+%3D%3D+CB3095+%7C%7C+cell_type+%3D%3D+CB3005+%7C%7C+cell_type+%3D%3D+SLP025b+%7C%7C+cell_type+%3D%3D+SMP321_b+%7C%7C+cell_type+%3D%3D+CB2948+%7C%7C+cell_type+%3D%3D+CB2989+%7C%7C+cell_type+%3D%3D+CB2416+%7C%7C+cell_type+%3D%3D+CB1617+%7C%7C+cell_type+%3D%3D+SLP079+%7C%7C+cell_type+%3D%3D+CB1249+%7C%7C+cell_type+%3D%3D+SLP024d+%7C%7C+cell_type+%3D%3D+CB1979+%7C%7C+cell_type+%3D%3D+CB3081+%7C%7C+cell_type+%3D%3D+SLP024b+%7C%7C+cell_type+%3D%3D+CB1946+%7C%7C+cell_type+%3D%3D+SLP398b+%7C%7C+cell_type+%3D%3D+CB1567+%7C%7C+cell_type+%3D%3D+CB2810+%7C%7C+cell_type+%3D%3D+CB1497+%7C%7C+cell_type+%3D%3D+CB0971+%7C%7C+cell_type+%3D%3D+WEDPN1A+%7C%7C+cell_type+%3D%3D+CL101+%7C%7C+cell_type+%3D%3D+FB8F_b+%7C%7C+cell_type+%3D%3D+FB2F_c+%7C%7C+cell_type+%3D%3D+CB1169+%7C%7C+cell_type+%3D%3D+CL195+%7C%7C+cell_type+%3D%3D+CB3414+%7C%7C+cell_type+%3D%3D+CB2310+%7C%7C+cell_type+%3D%3D+KCg-m+%7C%7C+cell_type+%3D%3D+CB1604+%7C%7C+cell_type+%3D%3D+CB2846+%7C%7C+cell_type+%3D%3D+SMP511+%7C%7C+cell_type+%3D%3D+LHPV6j1+%7C%7C+cell_type+%3D%3D+SLP118+%7C%7C+cell_type+%3D%3D+CL255+%7C%7C+cell_type+%3D%3D+SLP184+%7C%7C+cell_type+%3D%3D+CB2279+%7C%7C+cell_type+%3D%3D+SLP030+%7C%7C+cell_type+%3D%3D+CB3624+%7C%7C+cell_type+%3D%3D+CB1105+%7C%7C+cell_type+%3D%3D+CB3285+%7C%7C+cell_type+%3D%3D+SLP129_c+%7C%7C+cell_type+%3D%3D+CB3210+%7C%7C+cell_type+%3D%3D+CB0969+%7C%7C+cell_type+%3D%3D+CB1361+%7C%7C+cell_type+%3D%3D+SLP467b+%7C%7C+cell_type+%3D%3D+SLP008+%7C%7C+cell_type+%3D%3D+CB1499+%7C%7C+cell_type+%3D%3D+CB2336+%7C%7C+cell_type+%3D%3D+LHPV2c2b+%7C%7C+cell_type+%3D%3D+CB1646+%7C%7C+cell_type+%3D%3D+CB1916+%7C%7C+cell_type+%3D%3D+LHPV3a1+%7C%7C+cell_type+%3D%3D+PLP160+%7C%7C+cell_type+%3D%3D+SLP400a+%7C%7C+cell_type+%3D%3D+SLP141,SLP142+%7C%7C+cell_type+%3D%3D+CB1309+%7C%7C+cell_type+%3D%3D+SLP227+%7C%7C+cell_type+%3D%3D+CL086_a,CL086_d+%7C%7C+cell_type+%3D%3D+CB1242+%7C%7C+cell_type+%3D%3D+CB2185+%7C%7C+cell_type+%3D%3D+CB3168+%7C%7C+cell_type+%3D%3D+CB1901+%7C%7C+cell_type+%3D%3D+CB1114+%7C%7C+cell_type+%3D%3D+CB1864+%7C%7C+cell_type+%3D%3D+CB1370+%7C%7C+cell_type+%3D%3D+AVLP011,AVLP012+%7C%7C+cell_type+%3D%3D+SLP106+%7C%7C+cell_type+%3D%3D+CB0367+%7C%7C+cell_type+%3D%3D+FB9B_c+%7C%7C+cell_type+%3D%3D+SIP013a+%7C%7C+cell_type+%3D%3D+LHPD2a4_a,SIP049+%7C%7C+cell_type+%3D%3D+CB2036+%7C%7C+cell_type+%3D%3D+CB3231+%7C%7C+cell_type+%3D%3D+CB1519+%7C%7C+cell_type+%3D%3D+CB3049+%7C%7C+cell_type+%3D%3D+CL099c+%7C%7C+cell_type+%3D%3D+CB2434+%7C%7C+cell_type+%3D%3D+CB2531+%7C%7C+cell_type+%3D%3D+CL024b+%7C%7C+cell_type+%3D%3D+LHCENT13_c+%7C%7C+cell_type+%3D%3D+PLP046b+%7C%7C+cell_type+%3D%3D+CB1471+%7C%7C+cell_type+%3D%3D+AVLP026+%7C%7C+cell_type+%3D%3D+CB1868+%7C%7C+cell_type+%3D%3D+CB0937+%7C%7C+cell_type+%3D%3D+CB1181+%7C%7C+cell_type+%3D%3D+PLP042c+%7C%7C+cell_type+%3D%3D+CB2393+%7C%7C+cell_type+%3D%3D+LHPV4c3, LHPV4c4+%7C%7C+cell_type+%3D%3D+CB2507+%7C%7C+cell_type+%3D%3D+DNc02+%7C%7C+cell_type+%3D%3D+DNpe053+%7C%7C+cell_type+%3D%3D+SLP016+%7C%7C+cell_type+%3D%3D+PLP046a+%7C%7C+cell_type+%3D%3D+SMP025a+%7C%7C+cell_type+%3D%3D+SLP458+%7C%7C+cell_type+%3D%3D+CB3724+%7C%7C+cell_type+%3D%3D+SIP201f+%7C%7C+cell_type+%3D%3D+CB1152+%7C%7C+cell_type+%3D%3D+aSP-g3A+%7C%7C+cell_type+%3D%3D+CB2979+%7C%7C+cell_type+%3D%3D+VP4+VL1_l2PN+%7C%7C+cell_type+%3D%3D+CB1962+%7C%7C+cell_type+%3D%3D+PLP171+%7C%7C+cell_type+%3D%3D+CB3218+%7C%7C+cell_type+%3D%3D+LTe38b+%7C%7C+cell_type+%3D%3D+CB3791+%7C%7C+cell_type+%3D%3D+LHPV5c2+%7C%7C+cell_type+%3D%3D+SLP011+%7C%7C+cell_type+%3D%3D+SMP022b+%7C%7C+cell_type+%3D%3D+CB3034+%7C%7C+cell_type+%3D%3D+CB1153+%7C%7C+cell_type+%3D%3D+LAL038+%7C%7C+cell_type+%3D%3D+CB3755+%7C%7C+cell_type+%3D%3D+SMP331c+%7C%7C+cell_type+%3D%3D+CL356+%7C%7C+cell_type+%3D%3D+SMP020+%7C%7C+cell_type+%3D%3D+LHPV2a1_a+%7C%7C+cell_type+%3D%3D+LNd_a+%7C%7C+cell_type+%3D%3D+LTe76+%7C%7C+cell_type+%3D%3D+PLP251+%7C%7C+cell_type+%3D%3D+LTe67+%7C%7C+cell_type+%3D%3D+LTe74+%7C%7C+cell_type+%3D%3D+aMe13+%7C%7C+cell_type+%3D%3D+s-LNv_a+%7C%7C+cell_type+%3D%3D+MTe17+%7C%7C+cell_type+%3D%3D+LTe70+%7C%7C+cell_type+%3D%3D+PAM14+%7C%7C+cell_type+%3D%3D+SLP072+%7C%7C+cell_type+%3D%3D+CB2062+%7C%7C+cell_type+%3D%3D+SLP069+%7C%7C+cell_type+%3D%3D+SLP059+%7C%7C+cell_type+%3D%3D+CRE080b+%7C%7C+cell_type+%3D%3D+CB2273+%7C%7C+cell_type+%3D%3D+SLP047+%7C%7C+cell_type+%3D%3D+CB2706+%7C%7C+cell_type+%3D%3D+SLP435+%7C%7C+cell_type+%3D%3D+CB3009+%7C%7C+cell_type+%3D%3D+CB3250+%7C%7C+cell_type+%3D%3D+CB1902+%7C%7C+cell_type+%3D%3D+CB3410+%7C%7C+cell_type+%3D%3D+SLP028b+%7C%7C+cell_type+%3D%3D+CRE035+%7C%7C+cell_type+%3D%3D+CRE099+%7C%7C+cell_type+%3D%3D+SLP255+%7C%7C+cell_type+%3D%3D+SMP179+%7C%7C+cell_type+%3D%3D+LAL007+%7C%7C+cell_type+%3D%3D+SLP374+%7C%7C+cell_type+%3D%3D+CB1494+%7C%7C+cell_type+%3D%3D+CB1961+%7C%7C+cell_type+%3D%3D+CB2106+%7C%7C+cell_type+%3D%3D+CB3430+%7C%7C+cell_type+%3D%3D+CB2136+%7C%7C+cell_type+%3D%3D+CB1855+%7C%7C+cell_type+%3D%3D+CB3671+%7C%7C+cell_type+%3D%3D+MBON21+%7C%7C+cell_type+%3D%3D+MBON15-like+%7C%7C+cell_type+%3D%3D+DN1a+%7C%7C+cell_type+%3D%3D+SLP337+%7C%7C+cell_type+%3D%3D+DN1-l+%7C%7C+cell_type+%3D%3D+AVLP010&sort_by=&page_size=100"
"leg VNC","https://spelunker.cave-explorer.org/#!middleauth+https://global.daf-apis.com/nglstate/api/v1/5848316188295168","https://codex.flywire.ai/app/search?dataset=banc&filter_string=cell_type+%3D%3D+DNd02+%7C%7C+cell_type+%3D%3D+DNg100+%7C%7C+cell_type+%3D%3D+DNd03+%7C%7C+cell_type+%3D%3D+AN19B001_b+%7C%7C+cell_type+%3D%3D+DNg74_a+%7C%7C+cell_type+%3D%3D+DNp103+%7C%7C+cell_type+%3D%3D+DNge149+%7C%7C+cell_type+%3D%3D+DNg98+%7C%7C+cell_type+%3D%3D+DNge050+%7C%7C+cell_type+%3D%3D+ANXXX005+%7C%7C+cell_type+%3D%3D+DNg34+%7C%7C+cell_type+%3D%3D+AN05B005+%7C%7C+cell_type+%3D%3D+DNg75+%7C%7C+cell_type+%3D%3D+DNg16+%7C%7C+cell_type+%3D%3D+DNg74_b+%7C%7C+cell_type+%3D%3D+DNb05+%7C%7C+cell_type+%3D%3D+DNge047+%7C%7C+cell_type+%3D%3D+DNp10+%7C%7C+cell_type+%3D%3D+ANXXX002+%7C%7C+cell_type+%3D%3D+AN18B001+%7C%7C+cell_type+%3D%3D+DNg35+%7C%7C+cell_type+%3D%3D+AN05B006+%7C%7C+cell_type+%3D%3D+AN05B007+%7C%7C+cell_type+%3D%3D+AN04B001+%7C%7C+cell_type+%3D%3D+DNg108+%7C%7C+cell_type+%3D%3D+DNg97+%7C%7C+cell_type+%3D%3D+DNge037+%7C%7C+cell_type+%3D%3D+DNg105+%7C%7C+cell_type+%3D%3D+DNa02+%7C%7C+cell_type+%3D%3D+AN03B009+%7C%7C+cell_type+%3D%3D+AN08B012+%7C%7C+cell_type+%3D%3D+AN19B001+%7C%7C+cell_type+%3D%3D+DNge053+%7C%7C+cell_type+%3D%3D+DNge129+%7C%7C+cell_type+%3D%3D+DNge035+%7C%7C+cell_type+%3D%3D+DNpe056+%7C%7C+cell_type+%3D%3D+DNge049+%7C%7C+cell_type+%3D%3D+DNa13+%7C%7C+cell_type+%3D%3D+DNp43+%7C%7C+cell_type+%3D%3D+DNg93+%7C%7C+cell_type+%3D%3D+ANXXX027+%7C%7C+cell_type+%3D%3D+DNp06+%7C%7C+cell_type+%3D%3D+AN00A002+%7C%7C+cell_type+%3D%3D+DNge048+%7C%7C+cell_type+%3D%3D+ANXXX006+%7C%7C+cell_type+%3D%3D+DNa11+%7C%7C+cell_type+%3D%3D+DNge104+%7C%7C+cell_type+%3D%3D+ANXXX043+%7C%7C+cell_type+%3D%3D+DNge073+%7C%7C+cell_type+%3D%3D+ANXXX013+%7C%7C+cell_type+%3D%3D+DNa01+%7C%7C+cell_type+%3D%3D+DNpe045+%7C%7C+cell_type+%3D%3D+DNg88+%7C%7C+cell_type+%3D%3D+AN04A001+%7C%7C+cell_type+%3D%3D+DNae005+%7C%7C+cell_type+%3D%3D+DNpe027_ab+%7C%7C+cell_type+%3D%3D+DNg13+%7C%7C+cell_type+%3D%3D+DNpe020+%7C%7C+cell_type+%3D%3D+DNp59+%7C%7C+cell_type+%3D%3D+DNp11+%7C%7C+cell_type+%3D%3D+AN07B005+%7C%7C+cell_type+%3D%3D+DNd05+%7C%7C+cell_type+%3D%3D+DNge141+%7C%7C+cell_type+%3D%3D+DNp34+%7C%7C+cell_type+%3D%3D+DNp14+%7C%7C+cell_type+%3D%3D+AN19A018_d+%7C%7C+cell_type+%3D%3D+AN05B004+%7C%7C+cell_type+%3D%3D+DNp12+%7C%7C+cell_type+%3D%3D+DNg15+%7C%7C+cell_type+%3D%3D+DNae007+%7C%7C+cell_type+%3D%3D+DNge079+%7C%7C+cell_type+%3D%3D+AN06B002+%7C%7C+cell_type+%3D%3D+DNg55+%7C%7C+cell_type+%3D%3D+DNge041+%7C%7C+cell_type+%3D%3D+DNge142+%7C%7C+cell_type+%3D%3D+AN09B004+%7C%7C+cell_type+%3D%3D+DNg96+%7C%7C+cell_type+%3D%3D+DNge054+%7C%7C+cell_type+%3D%3D+AN01B002+%7C%7C+cell_type+%3D%3D+DNb09+%7C%7C+cell_type+%3D%3D+AN19B004+%7C%7C+cell_type+%3D%3D+AN05B099+%7C%7C+cell_type+%3D%3D+AN00A006+%7C%7C+cell_type+%3D%3D+AN17A002+%7C%7C+cell_type+%3D%3D+DNge040+%7C%7C+cell_type+%3D%3D+DNbe002+%7C%7C+cell_type+%3D%3D+AN17A004+%7C%7C+cell_type+%3D%3D+DNp09+%7C%7C+cell_type+%3D%3D+AN05B023+%7C%7C+cell_type+%3D%3D+AN17A003+%7C%7C+cell_type+%3D%3D+aSP22+%7C%7C+cell_type+%3D%3D+DNp66+%7C%7C+cell_type+%3D%3D+AN09B003+%7C%7C+cell_type+%3D%3D+AN09B009+%7C%7C+cell_type+%3D%3D+DNge032+%7C%7C+cell_type+%3D%3D+AN18B002+%7C%7C+cell_type+%3D%3D+DNd04+%7C%7C+cell_type+%3D%3D+AN17A009+%7C%7C+cell_type+%3D%3D+DNg111+%7C%7C+cell_type+%3D%3D+AN07B011+%7C%7C+cell_type+%3D%3D+DNpe031+%7C%7C+cell_type+%3D%3D+AN07B015+%7C%7C+cell_type+%3D%3D+DNg43+%7C%7C+cell_type+%3D%3D+DNge119+%7C%7C+cell_type+%3D%3D+AN17A014+%7C%7C+cell_type+%3D%3D+DNge063+%7C%7C+cell_type+%3D%3D+ANXXX086+%7C%7C+cell_type+%3D%3D+DNp07+%7C%7C+cell_type+%3D%3D+AN05B010+%7C%7C+cell_type+%3D%3D+AN17A015+%7C%7C+cell_type+%3D%3D+DNp08+%7C%7C+cell_type+%3D%3D+ANXXX026+%7C%7C+cell_type+%3D%3D+AN06B007_a+%7C%7C+cell_type+%3D%3D+DNbe007+%7C%7C+cell_type+%3D%3D+AN23B003+%7C%7C+cell_type+%3D%3D+AN19B010+%7C%7C+cell_type+%3D%3D+DNbe003+%7C%7C+cell_type+%3D%3D+AN17A012+%7C%7C+cell_type+%3D%3D+DNpe025+%7C%7C+cell_type+%3D%3D+AN17A013+%7C%7C+cell_type+%3D%3D+ANXXX024+%7C%7C+cell_type+%3D%3D+ANXXX041+%7C%7C+cell_type+%3D%3D+DNge132+%7C%7C+cell_type+%3D%3D+DNpe043+%7C%7C+cell_type+%3D%3D+AN05B009+%7C%7C+cell_type+%3D%3D+AN13B002+%7C%7C+cell_type+%3D%3D+AN23B001+%7C%7C+cell_type+%3D%3D+AN27X004+%7C%7C+cell_type+%3D%3D+DNpe002+%7C%7C+cell_type+%3D%3D+AN19B032+%7C%7C+cell_type+%3D%3D+AN14A003+%7C%7C+cell_type+%3D%3D+DNg109+%7C%7C+cell_type+%3D%3D+AN08B009+%7C%7C+cell_type+%3D%3D+DNp02+%7C%7C+cell_type+%3D%3D+AN06B007+%7C%7C+cell_type+%3D%3D+DNp45+%7C%7C+cell_type+%3D%3D+AN04B003+%7C%7C+cell_type+%3D%3D+DNde005+%7C%7C+cell_type+%3D%3D+ANXXX082+%7C%7C+cell_type+%3D%3D+AN05B021+%7C%7C+cell_type+%3D%3D+AN05B097+%7C%7C+cell_type+%3D%3D+AN12B008+%7C%7C+cell_type+%3D%3D+DNpe016+%7C%7C+cell_type+%3D%3D+MDN+%7C%7C+cell_type+%3D%3D+AN27X016+%7C%7C+cell_type+%3D%3D+ANXXX023+%7C%7C+cell_type+%3D%3D+ANXXX075+%7C%7C+cell_type+%3D%3D+DNge007+%7C%7C+cell_type+%3D%3D+AN05B098+%7C%7C+cell_type+%3D%3D+AN12B005+%7C%7C+cell_type+%3D%3D+DNge075+%7C%7C+cell_type+%3D%3D+AN09B024+%7C%7C+cell_type+%3D%3D+AN09A007+%7C%7C+cell_type+%3D%3D+DNp05+%7C%7C+cell_type+%3D%3D+AN17A026+%7C%7C+cell_type+%3D%3D+DNxl114+%7C%7C+cell_type+%3D%3D+AN17A018+%7C%7C+cell_type+%3D%3D+ANXXX037+%7C%7C+cell_type+%3D%3D+AN09B031+%7C%7C+cell_type+%3D%3D+AN19B015+%7C%7C+cell_type+%3D%3D+DNb08+%7C%7C+cell_type+%3D%3D+DNpe050+%7C%7C+cell_type+%3D%3D+DNpe049+%7C%7C+cell_type+%3D%3D+DNg90+%7C%7C+cell_type+%3D%3D+AN07B013+%7C%7C+cell_type+%3D%3D+AN08B005+%7C%7C+cell_type+%3D%3D+AN19B009+%7C%7C+cell_type+%3D%3D+AN05B094+%7C%7C+cell_type+%3D%3D+DNpe006+%7C%7C+cell_type+%3D%3D+AN17A024+%7C%7C+cell_type+%3D%3D+DNge099+%7C%7C+cell_type+%3D%3D+AN01A006+%7C%7C+cell_type+%3D%3D+ANXXX109+%7C%7C+cell_type+%3D%3D+AN01A014+%7C%7C+cell_type+%3D%3D+DNge046+%7C%7C+cell_type+%3D%3D+DNge135+%7C%7C+cell_type+%3D%3D+AN09B013+%7C%7C+cell_type+%3D%3D+AN10B015_a+%7C%7C+cell_type+%3D%3D+AN08B013+%7C%7C+cell_type+%3D%3D+DNp49+%7C%7C+cell_type+%3D%3D+AN05B100+%7C%7C+cell_type+%3D%3D+AN08B014+%7C%7C+cell_type+%3D%3D+DNge124+%7C%7C+cell_type+%3D%3D+AN12B011+%7C%7C+cell_type+%3D%3D+DNge122+%7C%7C+cell_type+%3D%3D+DNge038+%7C%7C+cell_type+%3D%3D+AN17B008+%7C%7C+cell_type+%3D%3D+ANXXX030+%7C%7C+cell_type+%3D%3D+DNae001+%7C%7C+cell_type+%3D%3D+DNg84+%7C%7C+cell_type+%3D%3D+DNg101+%7C%7C+cell_type+%3D%3D+AN05B096+%7C%7C+cell_type+%3D%3D+ANXXX092+%7C%7C+cell_type+%3D%3D+DNge103+%7C%7C+cell_type+%3D%3D+AN09B014+%7C%7C+cell_type+%3D%3D+DNde002+%7C%7C+cell_type+%3D%3D+DNg69+%7C%7C+cell_type+%3D%3D+DNde006+%7C%7C+cell_type+%3D%3D+ANXXX049+%7C%7C+cell_type+%3D%3D+DNg87+%7C%7C+cell_type+%3D%3D+AN08B023+%7C%7C+cell_type+%3D%3D+AN07B017+%7C%7C+cell_type+%3D%3D+AN08B022+%7C%7C+cell_type+%3D%3D+DNg39+%7C%7C+cell_type+%3D%3D+AN05B027+%7C%7C+cell_type+%3D%3D+AN03B011+%7C%7C+cell_type+%3D%3D+AN09B011+%7C%7C+cell_type+%3D%3D+AN05B025+%7C%7C+cell_type+%3D%3D+DNge083+%7C%7C+cell_type+%3D%3D+DNpe030+%7C%7C+cell_type+%3D%3D+DNg14+%7C%7C+cell_type+%3D%3D+ANXXX127+%7C%7C+cell_type+%3D%3D+DNde001+%7C%7C+cell_type+%3D%3D+DNg31+%7C%7C+cell_type+%3D%3D+DNg85+%7C%7C+cell_type+%3D%3D+AN01B005+%7C%7C+cell_type+%3D%3D+AN08B016+%7C%7C+cell_type+%3D%3D+AN05B999+%7C%7C+cell_type+%3D%3D+AN08B026+%7C%7C+cell_type+%3D%3D+DNge131+%7C%7C+cell_type+%3D%3D+DNge148+%7C%7C+cell_type+%3D%3D+DNae008+%7C%7C+cell_type+%3D%3D+DNge060+%7C%7C+cell_type+%3D%3D+AN12A003+%7C%7C+cell_type+%3D%3D+DNg37+%7C%7C+cell_type+%3D%3D+DNg95+%7C%7C+cell_type+%3D%3D+AN05B029+%7C%7C+cell_type+%3D%3D+ANXXX170+%7C%7C+cell_type+%3D%3D+DNa14+%7C%7C+cell_type+%3D%3D+AN01B004+%7C%7C+cell_type+%3D%3D+DNp56+%7C%7C+cell_type+%3D%3D+AN19B014+%7C%7C+cell_type+%3D%3D+ANXXX072+%7C%7C+cell_type+%3D%3D+AN12B019+%7C%7C+cell_type+%3D%3D+AN06B005+%7C%7C+cell_type+%3D%3D+AN06B026+%7C%7C+cell_type+%3D%3D+DNbe006+%7C%7C+cell_type+%3D%3D+AN09B023+%7C%7C+cell_type+%3D%3D+DNg81+%7C%7C+cell_type+%3D%3D+DNge011+%7C%7C+cell_type+%3D%3D+AN08B027+%7C%7C+cell_type+%3D%3D+DNg59+%7C%7C+cell_type+%3D%3D+AN09B020+%7C%7C+cell_type+%3D%3D+DNpe024+%7C%7C+cell_type+%3D%3D+ANXXX130+%7C%7C+cell_type+%3D%3D+DNge082+%7C%7C+cell_type+%3D%3D+DNge153+%7C%7C+cell_type+%3D%3D+AN09B006+%7C%7C+cell_type+%3D%3D+DNpe039+%7C%7C+cell_type+%3D%3D+AN23B004+%7C%7C+cell_type+%3D%3D+DNpe003+%7C%7C+cell_type+%3D%3D+AN10B015_c+%7C%7C+cell_type+%3D%3D+DNp46+%7C%7C+cell_type+%3D%3D+DNge027+%7C%7C+cell_type+%3D%3D+AN09B026+%7C%7C+cell_type+%3D%3D+DNge133+%7C%7C+cell_type+%3D%3D+DNg65+%7C%7C+cell_type+%3D%3D+AN05B026+%7C%7C+cell_type+%3D%3D+AN09B021+%7C%7C+cell_type+%3D%3D+DNge065+%7C%7C+cell_type+%3D%3D+AN05B105+%7C%7C+cell_type+%3D%3D+DNp71+%7C%7C+cell_type+%3D%3D+DNg63+%7C%7C+cell_type+%3D%3D+ANXXX154+%7C%7C+cell_type+%3D%3D+AN06B039+%7C%7C+cell_type+%3D%3D+AN05B104+%7C%7C+cell_type+%3D%3D+AN05B052+%7C%7C+cell_type+%3D%3D+DNpe028+%7C%7C+cell_type+%3D%3D+DNg48+%7C%7C+cell_type+%3D%3D+AN09B019+%7C%7C+cell_type+%3D%3D+DNge127+%7C%7C+cell_type+%3D%3D+AN04B004+%7C%7C+cell_type+%3D%3D+DNg44+%7C%7C+cell_type+%3D%3D+AN18B019+%7C%7C+cell_type+%3D%3D+AN12B017+%7C%7C+cell_type+%3D%3D+DNp67+%7C%7C+cell_type+%3D%3D+AN17A062+%7C%7C+cell_type+%3D%3D+AN05B049+%7C%7C+cell_type+%3D%3D+DNge101+%7C%7C+cell_type+%3D%3D+AN05B054+%7C%7C+cell_type+%3D%3D+AN08B050+%7C%7C+cell_type+%3D%3D+AN10B024+%7C%7C+cell_type+%3D%3D+AN08B015+%7C%7C+cell_type+%3D%3D+AN05B024+%7C%7C+cell_type+%3D%3D+DNp60+%7C%7C+cell_type+%3D%3D+ANXXX131+%7C%7C+cell_type+%3D%3D+DNge123+%7C%7C+cell_type+%3D%3D+AN05B017+%7C%7C+cell_type+%3D%3D+AN10B021+%7C%7C+cell_type+%3D%3D+DNge022+%7C%7C+cell_type+%3D%3D+AN09B030+%7C%7C+cell_type+%3D%3D+AN17A050+%7C%7C+cell_type+%3D%3D+DNde003+%7C%7C+cell_type+%3D%3D+AN06B015_a+%7C%7C+cell_type+%3D%3D+AN18B999+%7C%7C+cell_type+%3D%3D+AN08B048+%7C%7C+cell_type+%3D%3D+DNg17+%7C%7C+cell_type+%3D%3D+AN18B053+%7C%7C+cell_type+%3D%3D+AN08B041+%7C%7C+cell_type+%3D%3D+DNg52+%7C%7C+cell_type+%3D%3D+AN09B028+%7C%7C+cell_type+%3D%3D+AN17A031+%7C%7C+cell_type+%3D%3D+AN02A016+%7C%7C+cell_type+%3D%3D+AN19A019+%7C%7C+cell_type+%3D%3D+DNge074+%7C%7C+cell_type+%3D%3D+ANXXX145+%7C%7C+cell_type+%3D%3D+AN18B003+%7C%7C+cell_type+%3D%3D+DNge039+%7C%7C+cell_type+%3D%3D+AN07B035+%7C%7C+cell_type+%3D%3D+AN03B094+%7C%7C+cell_type+%3D%3D+AN09B040+%7C%7C+cell_type+%3D%3D+AN05B045+%7C%7C+cell_type+%3D%3D+DNge064+%7C%7C+cell_type+%3D%3D+DNg62+%7C%7C+cell_type+%3D%3D+DNde007+%7C%7C+cell_type+%3D%3D+INXXX101+%7C%7C+cell_type+%3D%3D+DNge052+%7C%7C+cell_type+%3D%3D+DNge121+%7C%7C+cell_type+%3D%3D+ANXXX264+%7C%7C+cell_type+%3D%3D+AN12A017+%7C%7C+cell_type+%3D%3D+AN04B051+%7C%7C+cell_type+%3D%3D+DNge069+%7C%7C+cell_type+%3D%3D+AN08B049+%7C%7C+cell_type+%3D%3D+AN19A038+%7C%7C+cell_type+%3D%3D+DNge105+%7C%7C+cell_type+%3D%3D+AN27X003+%7C%7C+cell_type+%3D%3D+AN05B046+%7C%7C+cell_type+%3D%3D+DNg107+%7C%7C+cell_type+%3D%3D+AN09B035+%7C%7C+cell_type+%3D%3D+AN19B022+%7C%7C+cell_type+%3D%3D+DNge078+%7C%7C+cell_type+%3D%3D+AN05B056+%7C%7C+cell_type+%3D%3D+AN05B058+%7C%7C+cell_type+%3D%3D+AN09B032+%7C%7C+cell_type+%3D%3D+AN05B040+%7C%7C+cell_type+%3D%3D+DNg19+%7C%7C+cell_type+%3D%3D+AN06A015+%7C%7C+cell_type+%3D%3D+ANXXX191+%7C%7C+cell_type+%3D%3D+DNp39+%7C%7C+cell_type+%3D%3D+AN05B047+%7C%7C+cell_type+%3D%3D+AN09B036+%7C%7C+cell_type+%3D%3D+AN05B060+%7C%7C+cell_type+%3D%3D+AN05B071+%7C%7C+cell_type+%3D%3D+DNge102+%7C%7C+cell_type+%3D%3D+AN19B044+%7C%7C+cell_type+%3D%3D+AN05B044+%7C%7C+cell_type+%3D%3D+DNge120+%7C%7C+cell_type+%3D%3D+AN09B018_a+%7C%7C+cell_type+%3D%3D+AN01B011+%7C%7C+cell_type+%3D%3D+DNge012+%7C%7C+cell_type+%3D%3D+DNg64+%7C%7C+cell_type+%3D%3D+AN14B012+%7C%7C+cell_type+%3D%3D+AN06B015_b+%7C%7C+cell_type+%3D%3D+AN05B050+%7C%7C+cell_type+%3D%3D+DNge044+%7C%7C+cell_type+%3D%3D+DNge147+%7C%7C+cell_type+%3D%3D+AN19A018_a+%7C%7C+cell_type+%3D%3D+DNg21+%7C%7C+cell_type+%3D%3D+DNg45+%7C%7C+cell_type+%3D%3D+DNge034+%7C%7C+cell_type+%3D%3D+DNge144+%7C%7C+cell_type+%3D%3D+DNge058+%7C%7C+cell_type+%3D%3D+AN07B045+%7C%7C+cell_type+%3D%3D+AN06B012+%7C%7C+cell_type+%3D%3D+DNge068+%7C%7C+cell_type+%3D%3D+AN17A047+%7C%7C+cell_type+%3D%3D+AN19B042+%7C%7C+cell_type+%3D%3D+AN08B066+%7C%7C+cell_type+%3D%3D+AN05B069+%7C%7C+cell_type+%3D%3D+AN08B086+%7C%7C+cell_type+%3D%3D+DNge081+%7C%7C+cell_type+%3D%3D+AN17A073+%7C%7C+cell_type+%3D%3D+DNge128+%7C%7C+cell_type+%3D%3D+AN17A068+%7C%7C+cell_type+%3D%3D+AN02A025+%7C%7C+cell_type+%3D%3D+AN07B003+%7C%7C+cell_type+%3D%3D+AN05B068+%7C%7C+cell_type+%3D%3D+DNge019+%7C%7C+cell_type+%3D%3D+AN05B078+%7C%7C+cell_type+%3D%3D+IN06B015+%7C%7C+cell_type+%3D%3D+AN08B057+%7C%7C+cell_type+%3D%3D+DNpe029+%7C%7C+cell_type+%3D%3D+AN07B070+%7C%7C+cell_type+%3D%3D+AN10B015+%7C%7C+cell_type+%3D%3D+AN05B081+%7C%7C+cell_type+%3D%3D+AN07B040+%7C%7C+cell_type+%3D%3D+AN07B062+%7C%7C+cell_type+%3D%3D+AN05B062+%7C%7C+cell_type+%3D%3D+AN08B081+%7C%7C+cell_type+%3D%3D+AN01B014+%7C%7C+cell_type+%3D%3D+AN08B099+%7C%7C+cell_type+%3D%3D+DNg57+%7C%7C+cell_type+%3D%3D+AN08B069+%7C%7C+cell_type+%3D%3D+AN08B089+%7C%7C+cell_type+%3D%3D+AN09B044+%7C%7C+cell_type+%3D%3D+AN01A049+%7C%7C+cell_type+%3D%3D+AN08B031+%7C%7C+cell_type+%3D%3D+AN05B083+%7C%7C+cell_type+%3D%3D+AN05B063+%7C%7C+cell_type+%3D%3D+DNge010+%7C%7C+cell_type+%3D%3D+AN17A076+%7C%7C+cell_type+%3D%3D+AN08B998+%7C%7C+cell_type+%3D%3D+AN_GNG_SAD_6+%7C%7C+cell_type+%3D%3D+AN10B031+%7C%7C+cell_type+%3D%3D+AN19B051+%7C%7C+cell_type+%3D%3D+DNge061+%7C%7C+cell_type+%3D%3D+AN08B100+%7C%7C+cell_type+%3D%3D+DNge025+%7C%7C+cell_type+%3D%3D+AN10B037+%7C%7C+cell_type+%3D%3D+DNg83+%7C%7C+cell_type+%3D%3D+ANXXX404+%7C%7C+cell_type+%3D%3D+AN12B055+%7C%7C+cell_type+%3D%3D+AN10B047+%7C%7C+cell_type+%3D%3D+AN08B109+%7C%7C+cell_type+%3D%3D+AN08B098+%7C%7C+cell_type+%3D%3D+AN05B067+%7C%7C+cell_type+%3D%3D+AN12B076+%7C%7C+cell_type+%3D%3D+AN12B060+%7C%7C+cell_type+%3D%3D+AN08B095+%7C%7C+cell_type+%3D%3D+DNg12_e+%7C%7C+cell_type+%3D%3D+AN08B094+%7C%7C+cell_type+%3D%3D+AN06B075+%7C%7C+cell_type+%3D%3D+DNg12_b+%7C%7C+cell_type+%3D%3D+AN10B051+%7C%7C+cell_type+%3D%3D+AN10B034+%7C%7C+cell_type+%3D%3D+AN08B097+%7C%7C+cell_type+%3D%3D+AN10B049+%7C%7C+cell_type+%3D%3D+AN08B101+%7C%7C+cell_type+%3D%3D+DNge134+%7C%7C+cell_type+%3D%3D+AN12B089+%7C%7C+cell_type+%3D%3D+DNge020+%7C%7C+cell_type+%3D%3D+AN02A046+%7C%7C+cell_type+%3D%3D+AN10B046+%7C%7C+cell_type+%3D%3D+DNfl028+%7C%7C+cell_type+%3D%3D+AN08B107+%7C%7C+cell_type+%3D%3D+AN10B045+%7C%7C+cell_type+%3D%3D+DNg12_a+%7C%7C+cell_type+%3D%3D+AN08B103+%7C%7C+cell_type+%3D%3D+AN08B110+%7C%7C+cell_type+%3D%3D+DNfl030+%7C%7C+cell_type+%3D%3D+AN08B102+%7C%7C+cell_type+%3D%3D+AN10B039+%7C%7C+cell_type+%3D%3D+DNge024+%7C%7C+cell_type+%3D%3D+AN08B096+%7C%7C+cell_type+%3D%3D+AN10B060+%7C%7C+cell_type+%3D%3D+AN08B043+%7C%7C+cell_type+%3D%3D+AN08B112+%7C%7C+cell_type+%3D%3D+AN08B106+%7C%7C+cell_type+%3D%3D+AN08B111+%7C%7C+cell_type+%3D%3D+AN08B113+%7C%7C+cell_type+%3D%3D+AN_GNG_90+%7C%7C+cell_type+%3D%3D+AN08B059+%7C%7C+cell_type+%3D%3D+AN_GNG_1+%7C%7C+cell_type+%3D%3D+AN05B048+%7C%7C+cell_type+%3D%3D+IN03A057+%7C%7C+cell_type+%3D%3D+IN20A.22A070+%7C%7C+cell_type+%3D%3D+CB0265+%7C%7C+cell_type+%3D%3D+CB0292+%7C%7C+cell_type+%3D%3D+IN13B065+%7C%7C+cell_type+%3D%3D+CB0605+%7C%7C+cell_type+%3D%3D+CB0109+%7C%7C+cell_type+%3D%3D+IN17A065+%7C%7C+cell_type+%3D%3D+CB0454+%7C%7C+cell_type+%3D%3D+IN16B070+%7C%7C+cell_type+%3D%3D+IN09A001+%7C%7C+cell_type+%3D%3D+IN14A085+%7C%7C+cell_type+%3D%3D+IN01A034+%7C%7C+cell_type+%3D%3D+IN08A036+%7C%7C+cell_type+%3D%3D+IN17A061+%7C%7C+cell_type+%3D%3D+IN19A090+%7C%7C+cell_type+%3D%3D+IN13A021+%7C%7C+cell_type+%3D%3D+CB0030+%7C%7C+cell_type+%3D%3D+IN16B094+%7C%7C+cell_type+%3D%3D+IN16B055+%7C%7C+cell_type+%3D%3D+INXXX091+%7C%7C+cell_type+%3D%3D+IN13A060+%7C%7C+cell_type+%3D%3D+CB0244+%7C%7C+cell_type+%3D%3D+IN13A047+%7C%7C+cell_type+%3D%3D+CB0202+%7C%7C+cell_type+%3D%3D+CB0198+%7C%7C+cell_type+%3D%3D+CB0289+%7C%7C+cell_type+%3D%3D+IN09B050+%7C%7C+cell_type+%3D%3D+IN08A041+%7C%7C+cell_type+%3D%3D+IN09A096+%7C%7C+cell_type+%3D%3D+IN09A085+%7C%7C+cell_type+%3D%3D+IN09A090+%7C%7C+cell_type+%3D%3D+IN08A034+%7C%7C+cell_type+%3D%3D+IN09A071+%7C%7C+cell_type+%3D%3D+IN19A047+%7C%7C+cell_type+%3D%3D+IN02A014+%7C%7C+cell_type+%3D%3D+CB0303+%7C%7C+cell_type+%3D%3D+INXXX825_f+%7C%7C+cell_type+%3D%3D+IN12B044+%7C%7C+cell_type+%3D%3D+INXXX875_f+%7C%7C+cell_type+%3D%3D+IN19A098+%7C%7C+cell_type+%3D%3D+IN13A058+%7C%7C+cell_type+%3D%3D+IN08A050+%7C%7C+cell_type+%3D%3D+IN16B041+%7C%7C+cell_type+%3D%3D+IN09A072+%7C%7C+cell_type+%3D%3D+IN14B011+%7C%7C+cell_type+%3D%3D+IN08A021+%7C%7C+cell_type+%3D%3D+IN13A027+%7C%7C+cell_type+%3D%3D+IN13A005+%7C%7C+cell_type+%3D%3D+IN13A063+%7C%7C+cell_type+%3D%3D+IN13A020+%7C%7C+cell_type+%3D%3D+IN16B030+%7C%7C+cell_type+%3D%3D+IN13A061+%7C%7C+cell_type+%3D%3D+IN17A052+%7C%7C+cell_type+%3D%3D+INXXX834_f+%7C%7C+cell_type+%3D%3D+IN08A030+%7C%7C+cell_type+%3D%3D+IN08A046+%7C%7C+cell_type+%3D%3D+IN13A038+%7C%7C+cell_type+%3D%3D+IN19A061+%7C%7C+cell_type+%3D%3D+IN08A026+%7C%7C+cell_type+%3D%3D+INXXX464+%7C%7C+cell_type+%3D%3D+IN17A044+%7C%7C+cell_type+%3D%3D+IN09A012+%7C%7C+cell_type+%3D%3D+IN09A047+%7C%7C+cell_type+%3D%3D+IN09A083+%7C%7C+cell_type+%3D%3D+IN01A083+%7C%7C+cell_type+%3D%3D+IN16B080+%7C%7C+cell_type+%3D%3D+IN16B083+%7C%7C+cell_type+%3D%3D+IN09B053+%7C%7C+cell_type+%3D%3D+IN16B064+%7C%7C+cell_type+%3D%3D+IN09A049+%7C%7C+cell_type+%3D%3D+IN13B058+%7C%7C+cell_type+%3D%3D+IN01A080+%7C%7C+cell_type+%3D%3D+IN16B061+%7C%7C+cell_type+%3D%3D+IN14A114+%7C%7C+cell_type+%3D%3D+IN14A064+%7C%7C+cell_type+%3D%3D+IN14A015+%7C%7C+cell_type+%3D%3D+IN13A035+%7C%7C+cell_type+%3D%3D+IN13A042+%7C%7C+cell_type+%3D%3D+IN13A015+%7C%7C+cell_type+%3D%3D+IN09A010+%7C%7C+cell_type+%3D%3D+IN19A107+%7C%7C+cell_type+%3D%3D+IN13A037+%7C%7C+cell_type+%3D%3D+IN01B010+%7C%7C+cell_type+%3D%3D+IN01A035+%7C%7C+cell_type+%3D%3D+IN09B048+%7C%7C+cell_type+%3D%3D+IN09A043+%7C%7C+cell_type+%3D%3D+IN13B023+%7C%7C+cell_type+%3D%3D+IN16B045+%7C%7C+cell_type+%3D%3D+IN16B058+%7C%7C+cell_type+%3D%3D+IN08A008+%7C%7C+cell_type+%3D%3D+IN08A019+%7C%7C+cell_type+%3D%3D+IN16B020+%7C%7C+cell_type+%3D%3D+IN16B060+%7C%7C+cell_type+%3D%3D+IN16B022+%7C%7C+cell_type+%3D%3D+IN08A049+%7C%7C+cell_type+%3D%3D+IN08A025+%7C%7C+cell_type+%3D%3D+IN09A080+%7C%7C+cell_type+%3D%3D+IN09A003+%7C%7C+cell_type+%3D%3D+IN14A023+%7C%7C+cell_type+%3D%3D+IN14A078+%7C%7C+cell_type+%3D%3D+IN14A052+%7C%7C+cell_type+%3D%3D+IN13A055+%7C%7C+cell_type+%3D%3D+IN16B050+%7C%7C+cell_type+%3D%3D+IN08A024+%7C%7C+cell_type+%3D%3D+IN09A069+%7C%7C+cell_type+%3D%3D+IN16B042+%7C%7C+cell_type+%3D%3D+IN16B034+%7C%7C+cell_type+%3D%3D+CV1026+%7C%7C+cell_type+%3D%3D+INXXX998_f+%7C%7C+cell_type+%3D%3D+IN17A022+%7C%7C+cell_type+%3D%3D+IN09A002+%7C%7C+cell_type+%3D%3D+IN09A006+%7C%7C+cell_type+%3D%3D+IN19A011+%7C%7C+cell_type+%3D%3D+IN17A025+%7C%7C+cell_type+%3D%3D+IN13A043+%7C%7C+cell_type+%3D%3D+IN16B018+%7C%7C+cell_type+%3D%3D+IN17A016+%7C%7C+cell_type+%3D%3D+IN16B036+%7C%7C+cell_type+%3D%3D+IN07B016+%7C%7C+cell_type+%3D%3D+INXXX321+%7C%7C+cell_type+%3D%3D+IN08A002+%7C%7C+cell_type+%3D%3D+IN16B033+%7C%7C+cell_type+%3D%3D+IN16B038+%7C%7C+cell_type+%3D%3D+IN09A077+%7C%7C+cell_type+%3D%3D+IN09A064+%7C%7C+cell_type+%3D%3D+IN17A017+%7C%7C+cell_type+%3D%3D+IN09A045+%7C%7C+cell_type+%3D%3D+IN17A041+%7C%7C+cell_type+%3D%3D+IN17A020+%7C%7C+cell_type+%3D%3D+INXXX468+%7C%7C+cell_type+%3D%3D+IN09A033+%7C%7C+cell_type+%3D%3D+IN14B010+%7C%7C+cell_type+%3D%3D+IN09A084+%7C%7C+cell_type+%3D%3D+IN08A007+%7C%7C+cell_type+%3D%3D+IN08A006+%7C%7C+cell_type+%3D%3D+IN16B076+%7C%7C+cell_type+%3D%3D+IN17A079+%7C%7C+cell_type+%3D%3D+IN04B066+%7C%7C+cell_type+%3D%3D+IN13A051+%7C%7C+cell_type+%3D%3D+IN13A011+%7C%7C+cell_type+%3D%3D+IN09A014+%7C%7C+cell_type+%3D%3D+IN08A022+%7C%7C+cell_type+%3D%3D+IN19A081+%7C%7C+cell_type+%3D%3D+INXXX996_f+%7C%7C+cell_type+%3D%3D+IN13A056+%7C%7C+cell_type+%3D%3D+IN13A050+%7C%7C+cell_type+%3D%3D+IN13A012+%7C%7C+cell_type+%3D%3D+IN13A049+%7C%7C+cell_type+%3D%3D+IN19A112+%7C%7C+cell_type+%3D%3D+IN13A010+%7C%7C+cell_type+%3D%3D+IN13A041+%7C%7C+cell_type+%3D%3D+IN03A061+%7C%7C+cell_type+%3D%3D+IN19A133+%7C%7C+cell_type+%3D%3D+IN13A071+%7C%7C+cell_type+%3D%3D+IN17A007+%7C%7C+cell_type+%3D%3D+IN18B018+%7C%7C+cell_type+%3D%3D+IN07B006+%7C%7C+cell_type+%3D%3D+IN14B002+%7C%7C+cell_type+%3D%3D+IN14B004+%7C%7C+cell_type+%3D%3D+IN07B002+%7C%7C+cell_type+%3D%3D+IN01B027+%7C%7C+cell_type+%3D%3D+IN01B080+%7C%7C+cell_type+%3D%3D+INXXX817_f+%7C%7C+cell_type+%3D%3D+IN01A023+%7C%7C+cell_type+%3D%3D+IN21A088+%7C%7C+cell_type+%3D%3D+IN08B037+%7C%7C+cell_type+%3D%3D+IN01B078+%7C%7C+cell_type+%3D%3D+INXXX917_f+%7C%7C+cell_type+%3D%3D+CB0357+%7C%7C+cell_type+%3D%3D+INXXX467+%7C%7C+cell_type+%3D%3D+IN19A121+%7C%7C+cell_type+%3D%3D+IN19A062+%7C%7C+cell_type+%3D%3D+IN09B046+%7C%7C+cell_type+%3D%3D+CB0297+%7C%7C+cell_type+%3D%3D+IN12B048+%7C%7C+cell_type+%3D%3D+CB2567+%7C%7C+cell_type+%3D%3D+SAD040+%7C%7C+cell_type+%3D%3D+CB3126+%7C%7C+cell_type+%3D%3D+IN12B056+%7C%7C+cell_type+%3D%3D+CB0549+%7C%7C+cell_type+%3D%3D+CB3412+%7C%7C+cell_type+%3D%3D+CB0163+%7C%7C+cell_type+%3D%3D+CB0496+%7C%7C+cell_type+%3D%3D+CB3694+%7C%7C+cell_type+%3D%3D+SAD009+%7C%7C+cell_type+%3D%3D+CB0095+%7C%7C+cell_type+%3D%3D+CB1475+%7C%7C+cell_type+%3D%3D+INXXX065+%7C%7C+cell_type+%3D%3D+ANXXX093+%7C%7C+cell_type+%3D%3D+IN03A050+%7C%7C+cell_type+%3D%3D+INXXX112+%7C%7C+cell_type+%3D%3D+IN10B038+%7C%7C+cell_type+%3D%3D+IN19A060+%7C%7C+cell_type+%3D%3D+IN19A052+%7C%7C+cell_type+%3D%3D+AN10B015_b+%7C%7C+cell_type+%3D%3D+IN23B074+%7C%7C+cell_type+%3D%3D+IN17B014+%7C%7C+cell_type+%3D%3D+IN23B053+%7C%7C+cell_type+%3D%3D+IN14A111+%7C%7C+cell_type+%3D%3D+IN18B048+%7C%7C+cell_type+%3D%3D+IN14A038+%7C%7C+cell_type+%3D%3D+IN16B016+%7C%7C+cell_type+%3D%3D+IN13A046+%7C%7C+cell_type+%3D%3D+CB2266+%7C%7C+cell_type+%3D%3D+CB4202+%7C%7C+cell_type+%3D%3D+CB2177+%7C%7C+cell_type+%3D%3D+CB0606+%7C%7C+cell_type+%3D%3D+IN11A040+%7C%7C+cell_type+%3D%3D+IN08B065+%7C%7C+cell_type+%3D%3D+IN14B012+%7C%7C+cell_type+%3D%3D+IN03A096+%7C%7C+cell_type+%3D%3D+CB0647+%7C%7C+cell_type+%3D%3D+CB0076+%7C%7C+cell_type+%3D%3D+IN01A079+%7C%7C+cell_type+%3D%3D+IN00A030+%7C%7C+cell_type+%3D%3D+IN14A086+%7C%7C+cell_type+%3D%3D+IN00A051+%7C%7C+cell_type+%3D%3D+CB0157+%7C%7C+cell_type+%3D%3D+IN06B016+%7C%7C+cell_type+%3D%3D+INXXX860_f+%7C%7C+cell_type+%3D%3D+INXXX134+%7C%7C+cell_type+%3D%3D+AN05B036+%7C%7C+cell_type+%3D%3D+INXXX808_f+%7C%7C+cell_type+%3D%3D+IN18B055+%7C%7C+cell_type+%3D%3D+IN09B038+%7C%7C+cell_type+%3D%3D+IN09B022+%7C%7C+cell_type+%3D%3D+INXXX466+%7C%7C+cell_type+%3D%3D+INXXX818_f+%7C%7C+cell_type+%3D%3D+CB3978+%7C%7C+cell_type+%3D%3D+CB0612+%7C%7C+cell_type+%3D%3D+CB0013+%7C%7C+cell_type+%3D%3D+IN09B047+%7C%7C+cell_type+%3D%3D+IN01B086+%7C%7C+cell_type+%3D%3D+IN01B091+%7C%7C+cell_type+%3D%3D+CB2282+%7C%7C+cell_type+%3D%3D+CB0988+%7C%7C+cell_type+%3D%3D+CB0481+%7C%7C+cell_type+%3D%3D+IN13B029+%7C%7C+cell_type+%3D%3D+IN11A003+%7C%7C+cell_type+%3D%3D+IN06B056+%7C%7C+cell_type+%3D%3D+IN06B072+%7C%7C+cell_type+%3D%3D+IN20A.22A052+%7C%7C+cell_type+%3D%3D+INXXX469+%7C%7C+cell_type+%3D%3D+IN14B001+%7C%7C+cell_type+%3D%3D+IN07B065+%7C%7C+cell_type+%3D%3D+IN19A054+%7C%7C+cell_type+%3D%3D+IN19A083+%7C%7C+cell_type+%3D%3D+IN19A071+%7C%7C+cell_type+%3D%3D+IN19A041+%7C%7C+cell_type+%3D%3D+IN01B065+%7C%7C+cell_type+%3D%3D+IN19A129+%7C%7C+cell_type+%3D%3D+IN01B092+%7C%7C+cell_type+%3D%3D+CB0456+%7C%7C+cell_type+%3D%3D+CB0814+%7C%7C+cell_type+%3D%3D+CB0005+%7C%7C+cell_type+%3D%3D+CB0241+%7C%7C+cell_type+%3D%3D+CB0072+%7C%7C+cell_type+%3D%3D+IN21A095+%7C%7C+cell_type+%3D%3D+CB0239+%7C%7C+cell_type+%3D%3D+CB1582+%7C%7C+cell_type+%3D%3D+CB0182+%7C%7C+cell_type+%3D%3D+CB0108+%7C%7C+cell_type+%3D%3D+IN19A123+%7C%7C+cell_type+%3D%3D+INXXX029+%7C%7C+cell_type+%3D%3D+IN03B020+%7C%7C+cell_type+%3D%3D+IN08A043+%7C%7C+cell_type+%3D%3D+GFC1+%7C%7C+cell_type+%3D%3D+IN18B032+%7C%7C+cell_type+%3D%3D+CB0283+%7C%7C+cell_type+%3D%3D+IN11A014+%7C%7C+cell_type+%3D%3D+CB0529+%7C%7C+cell_type+%3D%3D+CB0098+%7C%7C+cell_type+%3D%3D+CB0170+%7C%7C+cell_type+%3D%3D+CB0057+%7C%7C+cell_type+%3D%3D+IN01B074+%7C%7C+cell_type+%3D%3D+IN01B056+%7C%7C+cell_type+%3D%3D+IN01B003+%7C%7C+cell_type+%3D%3D+CB0468+%7C%7C+cell_type+%3D%3D+INXXX280+%7C%7C+cell_type+%3D%3D+IN06B070+%7C%7C+cell_type+%3D%3D+IN01B031+%7C%7C+cell_type+%3D%3D+IN03A083+%7C%7C+cell_type+%3D%3D+IN19A049+%7C%7C+cell_type+%3D%3D+CB0545+%7C%7C+cell_type+%3D%3D+INXXX045+%7C%7C+cell_type+%3D%3D+IN19A016+%7C%7C+cell_type+%3D%3D+IN16B102+%7C%7C+cell_type+%3D%3D+IN08A010+%7C%7C+cell_type+%3D%3D+IN16B114+%7C%7C+cell_type+%3D%3D+IN16B124+%7C%7C+cell_type+%3D%3D+IN14A046+%7C%7C+cell_type+%3D%3D+IN09A078+%7C%7C+cell_type+%3D%3D+IN08B019+%7C%7C+cell_type+%3D%3D+IN19A117+%7C%7C+cell_type+%3D%3D+INXXX036+%7C%7C+cell_type+%3D%3D+IN01A063+%7C%7C+cell_type+%3D%3D+IN09A054+%7C%7C+cell_type+%3D%3D+IN09A082+%7C%7C+cell_type+%3D%3D+IN09A030+%7C%7C+cell_type+%3D%3D+IN09A074+%7C%7C+cell_type+%3D%3D+IN09A061+%7C%7C+cell_type+%3D%3D+IN01A047+%7C%7C+cell_type+%3D%3D+IN01A040+%7C%7C+cell_type+%3D%3D+IN16B121+%7C%7C+cell_type+%3D%3D+IN16B091+%7C%7C+cell_type+%3D%3D+IN16B077+%7C%7C+cell_type+%3D%3D+IN01A052+%7C%7C+cell_type+%3D%3D+IN14A033+%7C%7C+cell_type+%3D%3D+IN09A063+%7C%7C+cell_type+%3D%3D+INXXX194+%7C%7C+cell_type+%3D%3D+IN13B055+%7C%7C+cell_type+%3D%3D+IN14A096+%7C%7C+cell_type+%3D%3D+IN14A021+%7C%7C+cell_type+%3D%3D+IN01A074+%7C%7C+cell_type+%3D%3D+IN13B075+%7C%7C+cell_type+%3D%3D+IN13B098+%7C%7C+cell_type+%3D%3D+IN09B044+%7C%7C+cell_type+%3D%3D+IN21A027+%7C%7C+cell_type+%3D%3D+IN08B001+%7C%7C+cell_type+%3D%3D+IN19A093+%7C%7C+cell_type+%3D%3D+IN20A.22A039+%7C%7C+cell_type+%3D%3D+IN07B073+%7C%7C+cell_type+%3D%3D+IN11A043+%7C%7C+cell_type+%3D%3D+GFC4+%7C%7C+cell_type+%3D%3D+IN02A023+%7C%7C+cell_type+%3D%3D+CB0065+%7C%7C+cell_type+%3D%3D+INXXX064+%7C%7C+cell_type+%3D%3D+IN05B017+%7C%7C+cell_type+%3D%3D+CB2115+%7C%7C+cell_type+%3D%3D+IN00A009+%7C%7C+cell_type+%3D%3D+IN03B036+%7C%7C+cell_type+%3D%3D+IN14A024+%7C%7C+cell_type+%3D%3D+IN14B005+%7C%7C+cell_type+%3D%3D+IN13A022+%7C%7C+cell_type+%3D%3D+IN09B045+%7C%7C+cell_type+%3D%3D+INXXX865_f+%7C%7C+cell_type+%3D%3D+IN14A047+%7C%7C+cell_type+%3D%3D+IN02A034+%7C%7C+cell_type+%3D%3D+IN12B035+%7C%7C+cell_type+%3D%3D+INXXX878_f+%7C%7C+cell_type+%3D%3D+IN14A025+%7C%7C+cell_type+%3D%3D+CB0528+%7C%7C+cell_type+%3D%3D+CB0305+%7C%7C+cell_type+%3D%3D+CB0369+%7C%7C+cell_type+%3D%3D+IN09B006+%7C%7C+cell_type+%3D%3D+IN19A088+%7C%7C+cell_type+%3D%3D+IN19A070+%7C%7C+cell_type+%3D%3D+INXXX153+%7C%7C+cell_type+%3D%3D+IN08A016+%7C%7C+cell_type+%3D%3D+IN01A031+%7C%7C+cell_type+%3D%3D+IN05B087+%7C%7C+cell_type+%3D%3D+CB2820+%7C%7C+cell_type+%3D%3D+CB0200+%7C%7C+cell_type+%3D%3D+INXXX904_f+%7C%7C+cell_type+%3D%3D+IN20A.22A084+%7C%7C+cell_type+%3D%3D+CB0010+%7C%7C+cell_type+%3D%3D+IN02A006+%7C%7C+cell_type+%3D%3D+INXXX242+%7C%7C+cell_type+%3D%3D+IN20A.22A078+%7C%7C+cell_type+%3D%3D+IN18B045+%7C%7C+cell_type+%3D%3D+IN21A103+%7C%7C+cell_type+%3D%3D+IN11A044+%7C%7C+cell_type+%3D%3D+IN19A050+%7C%7C+cell_type+%3D%3D+IN19A051+%7C%7C+cell_type+%3D%3D+IN20A.22A021+%7C%7C+cell_type+%3D%3D+IN19A006+%7C%7C+cell_type+%3D%3D+IN11A024+%7C%7C+cell_type+%3D%3D+IN13A067+%7C%7C+cell_type+%3D%3D+CB0608+%7C%7C+cell_type+%3D%3D+IN21A099+%7C%7C+cell_type+%3D%3D+INXXX180+%7C%7C+cell_type+%3D%3D+IN00A002+%7C%7C+cell_type+%3D%3D+CB0610+%7C%7C+cell_type+%3D%3D+IN19A067+%7C%7C+cell_type+%3D%3D+IN21A063+%7C%7C+cell_type+%3D%3D+CB3901+%7C%7C+cell_type+%3D%3D+CB3887+%7C%7C+cell_type+%3D%3D+IN19A022+%7C%7C+cell_type+%3D%3D+CB3902+%7C%7C+cell_type+%3D%3D+CB3898+%7C%7C+cell_type+%3D%3D+IN13B005+%7C%7C+cell_type+%3D%3D+CB1779+%7C%7C+cell_type+%3D%3D+CB3883+%7C%7C+cell_type+%3D%3D+CB2014+%7C%7C+cell_type+%3D%3D+CB3923+%7C%7C+cell_type+%3D%3D+CB3917+%7C%7C+cell_type+%3D%3D+CB3129+%7C%7C+cell_type+%3D%3D+IN23B045+%7C%7C+cell_type+%3D%3D+IN20A.22A030+%7C%7C+cell_type+%3D%3D+IN20A.22A060+%7C%7C+cell_type+%3D%3D+IN20A.22A005+%7C%7C+cell_type+%3D%3D+IN20A.22A007+%7C%7C+cell_type+%3D%3D+IN08A005+%7C%7C+cell_type+%3D%3D+IN10B030+%7C%7C+cell_type+%3D%3D+IN07B029+%7C%7C+cell_type+%3D%3D+IN01B100+%7C%7C+cell_type+%3D%3D+IN19A032+%7C%7C+cell_type+%3D%3D+IN20A.22A055+%7C%7C+cell_type+%3D%3D+IN13A009+%7C%7C+cell_type+%3D%3D+IN21A037+%7C%7C+cell_type+%3D%3D+IN21A008+%7C%7C+cell_type+%3D%3D+IN21A023+%7C%7C+cell_type+%3D%3D+DNp42+%7C%7C+cell_type+%3D%3D+IN07B022+%7C%7C+cell_type+%3D%3D+IN21A022+%7C%7C+cell_type+%3D%3D+IN19B094+%7C%7C+cell_type+%3D%3D+IN21A031+%7C%7C+cell_type+%3D%3D+IN09B055+%7C%7C+cell_type+%3D%3D+IN09B052+%7C%7C+cell_type+%3D%3D+IN18B026+%7C%7C+cell_type+%3D%3D+IN18B051+%7C%7C+cell_type+%3D%3D+IN14A115+%7C%7C+cell_type+%3D%3D+IN21A098+%7C%7C+cell_type+%3D%3D+IN12B024+%7C%7C+cell_type+%3D%3D+IN21A086+%7C%7C+cell_type+%3D%3D+IN12B068+%7C%7C+cell_type+%3D%3D+IN16B039+%7C%7C+cell_type+%3D%3D+AN08B099_a+%7C%7C+cell_type+%3D%3D+AN10B061+%7C%7C+cell_type+%3D%3D+AN00A009+%7C%7C+cell_type+%3D%3D+DNg86+%7C%7C+cell_type+%3D%3D+AN02A002+%7C%7C+cell_type+%3D%3D+DNg77+%7C%7C+cell_type+%3D%3D+DNp69+%7C%7C+cell_type+%3D%3D+DNpe022+%7C%7C+cell_type+%3D%3D+ANXXX046+%7C%7C+cell_type+%3D%3D+ANXXX218+%7C%7C+cell_type+%3D%3D+AN09B007+%7C%7C+cell_type+%3D%3D+DNge026+%7C%7C+cell_type+%3D%3D+IN03A068+%7C%7C+cell_type+%3D%3D+IN20A.22A042+%7C%7C+cell_type+%3D%3D+IN01A073+%7C%7C+cell_type+%3D%3D+IN27X001+%7C%7C+cell_type+%3D%3D+IN12B032+%7C%7C+cell_type+%3D%3D+IN01A070+%7C%7C+cell_type+%3D%3D+IN08B091+%7C%7C+cell_type+%3D%3D+IN23B014+%7C%7C+cell_type+%3D%3D+IN19A017+%7C%7C+cell_type+%3D%3D+IN04B071+%7C%7C+cell_type+%3D%3D+IN14A123+%7C%7C+cell_type+%3D%3D+IN12B087+%7C%7C+cell_type+%3D%3D+IN14A066+%7C%7C+cell_type+%3D%3D+IN12B059+%7C%7C+cell_type+%3D%3D+IN20A.22A008+%7C%7C+cell_type+%3D%3D+IN21A065+%7C%7C+cell_type+%3D%3D+CB1985+%7C%7C+cell_type+%3D%3D+INXXX004+%7C%7C+cell_type+%3D%3D+CB3919+%7C%7C+cell_type+%3D%3D+AN_GNG_167+%7C%7C+cell_type+%3D%3D+AN_GNG_181+%7C%7C+cell_type+%3D%3D+IN12B027+%7C%7C+cell_type+%3D%3D+IN18B040+%7C%7C+cell_type+%3D%3D+IN16B113+%7C%7C+cell_type+%3D%3D+IN21A001+%7C%7C+cell_type+%3D%3D+IN20A.22A089+%7C%7C+cell_type+%3D%3D+IN19A031+%7C%7C+cell_type+%3D%3D+IN19B012+%7C%7C+cell_type+%3D%3D+IN03A020+%7C%7C+cell_type+%3D%3D+IN20A.22A073+%7C%7C+cell_type+%3D%3D+IN01A062+%7C%7C+cell_type+%3D%3D+IN19A001+%7C%7C+cell_type+%3D%3D+IN16B075+%7C%7C+cell_type+%3D%3D+IN12B074+%7C%7C+cell_type+%3D%3D+IN21A078+%7C%7C+cell_type+%3D%3D+IN19A106+%7C%7C+cell_type+%3D%3D+IN19A021+%7C%7C+cell_type+%3D%3D+IN21A079+%7C%7C+cell_type+%3D%3D+IN08A048+%7C%7C+cell_type+%3D%3D+IN03A049+%7C%7C+cell_type+%3D%3D+IN21A087+%7C%7C+cell_type+%3D%3D+IN21A067+%7C%7C+cell_type+%3D%3D+IN01A030+%7C%7C+cell_type+%3D%3D+IN03A046+%7C%7C+cell_type+%3D%3D+IN08A037+%7C%7C+cell_type+%3D%3D+IN21A083+%7C%7C+cell_type+%3D%3D+IN20A.22A026+%7C%7C+cell_type+%3D%3D+IN21A070+%7C%7C+cell_type+%3D%3D+IN23B054+%7C%7C+cell_type+%3D%3D+IN05B090+%7C%7C+cell_type+%3D%3D+IN21A015+%7C%7C+cell_type+%3D%3D+IN23B088+%7C%7C+cell_type+%3D%3D+IN03A028+%7C%7C+cell_type+%3D%3D+IN21A046+%7C%7C+cell_type+%3D%3D+IN21A100+%7C%7C+cell_type+%3D%3D+IN12B018+%7C%7C+cell_type+%3D%3D+IN23B091+%7C%7C+cell_type+%3D%3D+IN19A007+%7C%7C+cell_type+%3D%3D+IN01A076+%7C%7C+cell_type+%3D%3D+IN01B090+%7C%7C+cell_type+%3D%3D+IN14A112+%7C%7C+cell_type+%3D%3D+IN21A004+%7C%7C+cell_type+%3D%3D+IN21A073+%7C%7C+cell_type+%3D%3D+IN20A.22A003+%7C%7C+cell_type+%3D%3D+INXXX983_f+%7C%7C+cell_type+%3D%3D+IN08A028+%7C%7C+cell_type+%3D%3D+IN21A002+%7C%7C+cell_type+%3D%3D+IN19A113+%7C%7C+cell_type+%3D%3D+IN03A040+%7C%7C+cell_type+%3D%3D+IN04B104+%7C%7C+cell_type+%3D%3D+IN04B027+%7C%7C+cell_type+%3D%3D+IN21A093+%7C%7C+cell_type+%3D%3D+IN23B037+%7C%7C+cell_type+%3D%3D+IN12B071+%7C%7C+cell_type+%3D%3D+IN05B011+%7C%7C+cell_type+%3D%3D+IN12B057+%7C%7C+cell_type+%3D%3D+IN23B028+%7C%7C+cell_type+%3D%3D+IN23B079+%7C%7C+cell_type+%3D%3D+IN19A008+%7C%7C+cell_type+%3D%3D+IN20A.22A033+%7C%7C+cell_type+%3D%3D+IN04B047+%7C%7C+cell_type+%3D%3D+IN23B043+%7C%7C+cell_type+%3D%3D+IN06B029+%7C%7C+cell_type+%3D%3D+IN16B082+%7C%7C+cell_type+%3D%3D+IN11A007+%7C%7C+cell_type+%3D%3D+IN04B093+%7C%7C+cell_type+%3D%3D+IN12B034+%7C%7C+cell_type+%3D%3D+IN04B081+%7C%7C+cell_type+%3D%3D+IN05B070+%7C%7C+cell_type+%3D%3D+IN18B038+%7C%7C+cell_type+%3D%3D+IN02A004+%7C%7C+cell_type+%3D%3D+IN01B044+%7C%7C+cell_type+%3D%3D+IN03A073+%7C%7C+cell_type+%3D%3D+INXXX850_f+%7C%7C+cell_type+%3D%3D+IN14A089+%7C%7C+cell_type+%3D%3D+IN16B056+%7C%7C+cell_type+%3D%3D+IN14A110+%7C%7C+cell_type+%3D%3D+IN03A004+%7C%7C+cell_type+%3D%3D+IN13B011+%7C%7C+cell_type+%3D%3D+IN05B088+%7C%7C+cell_type+%3D%3D+IN19A030+%7C%7C+cell_type+%3D%3D+IN23B062+%7C%7C+cell_type+%3D%3D+IN12B066+%7C%7C+cell_type+%3D%3D+IN10B032+%7C%7C+cell_type+%3D%3D+IN03A001+%7C%7C+cell_type+%3D%3D+IN03A048+%7C%7C+cell_type+%3D%3D+INXXX104+%7C%7C+cell_type+%3D%3D+IN20A.22A015+%7C%7C+cell_type+%3D%3D+IN13B066+%7C%7C+cell_type+%3D%3D+IN13A040+%7C%7C+cell_type+%3D%3D+IN12B077+%7C%7C+cell_type+%3D%3D+IN05B091+%7C%7C+cell_type+%3D%3D+IN14A077+%7C%7C+cell_type+%3D%3D+IN14A083+%7C%7C+cell_type+%3D%3D+IN00A035+%7C%7C+cell_type+%3D%3D+IN09A060+%7C%7C+cell_type+%3D%3D+IN21A026+%7C%7C+cell_type+%3D%3D+IN19A005+%7C%7C+cell_type+%3D%3D+IN05B022+%7C%7C+cell_type+%3D%3D+IN13A031+%7C%7C+cell_type+%3D%3D+IN23B077+%7C%7C+cell_type+%3D%3D+IN05B086+%7C%7C+cell_type+%3D%3D+IN00A025+%7C%7C+cell_type+%3D%3D+IN12B031+%7C%7C+cell_type+%3D%3D+IN03A036+%7C%7C+cell_type+%3D%3D+IN00A031+%7C%7C+cell_type+%3D%3D+IN12B039+%7C%7C+cell_type+%3D%3D+IN20A.22A048+%7C%7C+cell_type+%3D%3D+IN09A050+%7C%7C+cell_type+%3D%3D+IN13B031+%7C%7C+cell_type+%3D%3D+IN20A.22A080+%7C%7C+cell_type+%3D%3D+IN23B017+%7C%7C+cell_type+%3D%3D+IN23B034+%7C%7C+cell_type+%3D%3D+IN03A045+%7C%7C+cell_type+%3D%3D+IN12B036+%7C%7C+cell_type+%3D%3D+IN13B028+%7C%7C+cell_type+%3D%3D+IN12B063+%7C%7C+cell_type+%3D%3D+IN08A047+%7C%7C+cell_type+%3D%3D+IN01B073+%7C%7C+cell_type+%3D%3D+IN03A047+%7C%7C+cell_type+%3D%3D+IN00A034+%7C%7C+cell_type+%3D%3D+IN14A061+%7C%7C+cell_type+%3D%3D+IN12B061+%7C%7C+cell_type+%3D%3D+IN23B009+%7C%7C+cell_type+%3D%3D+IN12B043+%7C%7C+cell_type+%3D%3D+IN13A014+%7C%7C+cell_type+%3D%3D+IN13B076+%7C%7C+cell_type+%3D%3D+IN09A092+%7C%7C+cell_type+%3D%3D+INXXX053+%7C%7C+cell_type+%3D%3D+IN04B089+%7C%7C+cell_type+%3D%3D+IN13A018+%7C%7C+cell_type+%3D%3D+IN04B044+%7C%7C+cell_type+%3D%3D+IN20A.22A085+%7C%7C+cell_type+%3D%3D+IN13B072+%7C%7C+cell_type+%3D%3D+IN20A.22A024+%7C%7C+cell_type+%3D%3D+IN21A041+%7C%7C+cell_type+%3D%3D+IN10B061+%7C%7C+cell_type+%3D%3D+IN21A006+%7C%7C+cell_type+%3D%3D+IN23B033+%7C%7C+cell_type+%3D%3D+IN03A071+%7C%7C+cell_type+%3D%3D+IN13B045+%7C%7C+cell_type+%3D%3D+IN03A077+%7C%7C+cell_type+%3D%3D+IN12B073+%7C%7C+cell_type+%3D%3D+IN13A059+%7C%7C+cell_type+%3D%3D+IN14A094+%7C%7C+cell_type+%3D%3D+IN14A037+%7C%7C+cell_type+%3D%3D+IN12B007+%7C%7C+cell_type+%3D%3D+IN03A064+%7C%7C+cell_type+%3D%3D+IN13B087+%7C%7C+cell_type+%3D%3D+IN14A028+%7C%7C+cell_type+%3D%3D+IN20A.22A058+%7C%7C+cell_type+%3D%3D+IN12B078+%7C%7C+cell_type+%3D%3D+IN03A059+%7C%7C+cell_type+%3D%3D+IN20A.22A036+%7C%7C+cell_type+%3D%3D+IN20A.22A049+%7C%7C+cell_type+%3D%3D+IN20A.22A045+%7C%7C+cell_type+%3D%3D+IN20A.22A087+%7C%7C+cell_type+%3D%3D+INXXX836_f+%7C%7C+cell_type+%3D%3D+IN14A044+%7C%7C+cell_type+%3D%3D+IN06B012+%7C%7C+cell_type+%3D%3D+IN19A013+%7C%7C+cell_type+%3D%3D+IN01A015+%7C%7C+cell_type+%3D%3D+INXXX962_f+%7C%7C+cell_type+%3D%3D+IN04B063+%7C%7C+cell_type+%3D%3D+IN04B062+%7C%7C+cell_type+%3D%3D+IN13B052+%7C%7C+cell_type+%3D%3D+IN05B085+%7C%7C+cell_type+%3D%3D+IN05B057+%7C%7C+cell_type+%3D%3D+IN13A062+%7C%7C+cell_type+%3D%3D+IN21A012+%7C%7C+cell_type+%3D%3D+IN03A027+%7C%7C+cell_type+%3D%3D+IN16B074+%7C%7C+cell_type+%3D%3D+IN13B054+%7C%7C+cell_type+%3D%3D+IN13B038+%7C%7C+cell_type+%3D%3D+IN03A060+%7C%7C+cell_type+%3D%3D+IN03A055+%7C%7C+cell_type+%3D%3D+IN13A036+%7C%7C+cell_type+%3D%3D+IN09A027+%7C%7C+cell_type+%3D%3D+IN13B051+%7C%7C+cell_type+%3D%3D+IN13B050+%7C%7C+cell_type+%3D%3D+IN01B043+%7C%7C+cell_type+%3D%3D+IN20A.22A079+%7C%7C+cell_type+%3D%3D+IN01B061+%7C%7C+cell_type+%3D%3D+IN01B052+%7C%7C+cell_type+%3D%3D+IN12B085+%7C%7C+cell_type+%3D%3D+IN01A012+%7C%7C+cell_type+%3D%3D+IN21A013+%7C%7C+cell_type+%3D%3D+IN09A013+%7C%7C+cell_type+%3D%3D+IN12B022+%7C%7C+cell_type+%3D%3D+IN04B097+%7C%7C+cell_type+%3D%3D+IN13B043+%7C%7C+cell_type+%3D%3D+IN01B047+%7C%7C+cell_type+%3D%3D+IN21A014+%7C%7C+cell_type+%3D%3D+IN12B040+%7C%7C+cell_type+%3D%3D+IN23B031+%7C%7C+cell_type+%3D%3D+IN01B024+%7C%7C+cell_type+%3D%3D+IN13B046+%7C%7C+cell_type+%3D%3D+IN13B032+%7C%7C+cell_type+%3D%3D+IN21A047+%7C%7C+cell_type+%3D%3D+IN13B068+%7C%7C+cell_type+%3D%3D+IN04B108+%7C%7C+cell_type+%3D%3D+IN12B049+%7C%7C+cell_type+%3D%3D+IN26X001+%7C%7C+cell_type+%3D%3D+IN21A011+%7C%7C+cell_type+%3D%3D+IN21A017+%7C%7C+cell_type+%3D%3D+IN23B013+%7C%7C+cell_type+%3D%3D+IN04B015+%7C%7C+cell_type+%3D%3D+IN12B052+%7C%7C+cell_type+%3D%3D+IN05B072+%7C%7C+cell_type+%3D%3D+IN20A.22A067+%7C%7C+cell_type+%3D%3D+IN20A.22A092+%7C%7C+cell_type+%3D%3D+IN14A108+%7C%7C+cell_type+%3D%3D+IN14A117+%7C%7C+cell_type+%3D%3D+IN20A.22A001+%7C%7C+cell_type+%3D%3D+IN03A033+%7C%7C+cell_type+%3D%3D+IN00A042+%7C%7C+cell_type+%3D%3D+IN03A075+%7C%7C+cell_type+%3D%3D+IN23B032+%7C%7C+cell_type+%3D%3D+IN23B041+%7C%7C+cell_type+%3D%3D+IN13B079+%7C%7C+cell_type+%3D%3D+IN20A.22A066+%7C%7C+cell_type+%3D%3D+IN01A066+%7C%7C+cell_type+%3D%3D+IN01B059+%7C%7C+cell_type+%3D%3D+IN13A003+%7C%7C+cell_type+%3D%3D+IN14A002+%7C%7C+cell_type+%3D%3D+IN12B003+%7C%7C+cell_type+%3D%3D+IN13B021+%7C%7C+cell_type+%3D%3D+IN03A014+%7C%7C+cell_type+%3D%3D+IN01B022+%7C%7C+cell_type+%3D%3D+IN03A082+%7C%7C+cell_type+%3D%3D+IN20A.22A051+%7C%7C+cell_type+%3D%3D+IN13A034+%7C%7C+cell_type+%3D%3D+IN14A036+%7C%7C+cell_type+%3D%3D+IN20A.22A023+%7C%7C+cell_type+%3D%3D+IN20A.22A028+%7C%7C+cell_type+%3D%3D+IN21A059+%7C%7C+cell_type+%3D%3D+IN20A.22A090+%7C%7C+cell_type+%3D%3D+IN21A018+%7C%7C+cell_type+%3D%3D+IN19B021+%7C%7C+cell_type+%3D%3D+IN14A011+%7C%7C+cell_type+%3D%3D+IN14A012+%7C%7C+cell_type+%3D%3D+IN23B057+%7C%7C+cell_type+%3D%3D+IN19B038+%7C%7C+cell_type+%3D%3D+IN21A042+%7C%7C+cell_type+%3D%3D+IN03A041+%7C%7C+cell_type+%3D%3D+IN03A066+%7C%7C+cell_type+%3D%3D+IN21A049+%7C%7C+cell_type+%3D%3D+IN13A057+%7C%7C+cell_type+%3D%3D+IN23B056+%7C%7C+cell_type+%3D%3D+IN13B078+%7C%7C+cell_type+%3D%3D+IN09B008+%7C%7C+cell_type+%3D%3D+IN17A040+%7C%7C+cell_type+%3D%3D+IN14A014+%7C%7C+cell_type+%3D%3D+IN16B053+%7C%7C+cell_type+%3D%3D+IN16B054+%7C%7C+cell_type+%3D%3D+IN01B025+%7C%7C+cell_type+%3D%3D+IN14A017+%7C%7C+cell_type+%3D%3D+IN20A.22A035+%7C%7C+cell_type+%3D%3D+IN12A021+%7C%7C+cell_type+%3D%3D+IN08B054+%7C%7C+cell_type+%3D%3D+IN13A019+%7C%7C+cell_type+%3D%3D+IN13A044+%7C%7C+cell_type+%3D%3D+IN19A084+%7C%7C+cell_type+%3D%3D+IN12B079+%7C%7C+cell_type+%3D%3D+IN14A107+%7C%7C+cell_type+%3D%3D+IN19A111+%7C%7C+cell_type+%3D%3D+IN01B053+%7C%7C+cell_type+%3D%3D+IN08A042+%7C%7C+cell_type+%3D%3D+IN04B082+%7C%7C+cell_type+%3D%3D+IN20A.22A025+%7C%7C+cell_type+%3D%3D+IN14A022+%7C%7C+cell_type+%3D%3D+IN03A091+%7C%7C+cell_type+%3D%3D+IN03A058+%7C%7C+cell_type+%3D%3D+IN04B043+%7C%7C+cell_type+%3D%3D+IN09A046+%7C%7C+cell_type+%3D%3D+IN20A.22A041+%7C%7C+cell_type+%3D%3D+IN08B092+%7C%7C+cell_type+%3D%3D+IN19A094+%7C%7C+cell_type+%3D%3D+IN20A.22A065+%7C%7C+cell_type+%3D%3D+IN09A057+%7C%7C+cell_type+%3D%3D+IN01B093+%7C%7C+cell_type+%3D%3D+IN14A109+%7C%7C+cell_type+%3D%3D+IN13B017+%7C%7C+cell_type+%3D%3D+IN03A053+%7C%7C+cell_type+%3D%3D+IN03A044+%7C%7C+cell_type+%3D%3D+IN19A029+%7C%7C+cell_type+%3D%3D+IN04B074+%7C%7C+cell_type+%3D%3D+IN03A039+%7C%7C+cell_type+%3D%3D+IN19A076+%7C%7C+cell_type+%3D%3D+IN19A068+%7C%7C+cell_type+%3D%3D+IN03A062+%7C%7C+cell_type+%3D%3D+IN13B073+%7C%7C+cell_type+%3D%3D+IN19A095+%7C%7C+cell_type+%3D%3D+IN21A081+%7C%7C+cell_type+%3D%3D+IN16B109+%7C%7C+cell_type+%3D%3D+IN14A045+%7C%7C+cell_type+%3D%3D+IN21A085+%7C%7C+cell_type+%3D%3D+IN01B077+%7C%7C+cell_type+%3D%3D+IN05B010+%7C%7C+cell_type+%3D%3D+IN21A020+%7C%7C+cell_type+%3D%3D+IN20A.22A006+%7C%7C+cell_type+%3D%3D+IN03A024+%7C%7C+cell_type+%3D%3D+IN21A028+%7C%7C+cell_type+%3D%3D+IN20A.22A037+%7C%7C+cell_type+%3D%3D+IN03A087+%7C%7C+cell_type+%3D%3D+IN03A090+%7C%7C+cell_type+%3D%3D+IN01B048+%7C%7C+cell_type+%3D%3D+IN08A029+%7C%7C+cell_type+%3D%3D+IN19A064+%7C%7C+cell_type+%3D%3D+IN01B068+%7C%7C+cell_type+%3D%3D+IN21A080+%7C%7C+cell_type+%3D%3D+IN09A056+%7C%7C+cell_type+%3D%3D+IN06B059+%7C%7C+cell_type+%3D%3D+IN19A024+%7C%7C+cell_type+%3D%3D+IN01A050+%7C%7C+cell_type+%3D%3D+IN01A077+%7C%7C+cell_type+%3D%3D+IN09A034+%7C%7C+cell_type+%3D%3D+IN03A085+%7C%7C+cell_type+%3D%3D+IN01A085+%7C%7C+cell_type+%3D%3D+IN14A055+%7C%7C+cell_type+%3D%3D+IN13B074+%7C%7C+cell_type+%3D%3D+IN19B004+%7C%7C+cell_type+%3D%3D+IN23B071+%7C%7C+cell_type+%3D%3D+IN16B108+%7C%7C+cell_type+%3D%3D+IN23B067+%7C%7C+cell_type+%3D%3D+IN20A.22A086+%7C%7C+cell_type+%3D%3D+IN20A.22A004+%7C%7C+cell_type+%3D%3D+IN19A065+%7C%7C+cell_type+%3D%3D+IN19A059+%7C%7C+cell_type+%3D%3D+IN14A031+%7C%7C+cell_type+%3D%3D+IN04B031+%7C%7C+cell_type+%3D%3D+IN07B044+%7C%7C+cell_type+%3D%3D+IN06B078+%7C%7C+cell_type+%3D%3D+IN13A064+%7C%7C+cell_type+%3D%3D+IN20A.22A062+%7C%7C+cell_type+%3D%3D+IN14A095+%7C%7C+cell_type+%3D%3D+IN09A004+%7C%7C+cell_type+%3D%3D+IN04B008+%7C%7C+cell_type+%3D%3D+IN03B028+%7C%7C+cell_type+%3D%3D+IN04B085+%7C%7C+cell_type+%3D%3D+IN04B049+%7C%7C+cell_type+%3D%3D+IN04B111+%7C%7C+cell_type+%3D%3D+IN13A030+%7C%7C+cell_type+%3D%3D+IN23B025+%7C%7C+cell_type+%3D%3D+IN04B095+%7C%7C+cell_type+%3D%3D+IN17A094+%7C%7C+cell_type+%3D%3D+IN09A048+%7C%7C+cell_type+%3D%3D+IN16B073+%7C%7C+cell_type+%3D%3D+IN19A086+%7C%7C+cell_type+%3D%3D+IN19A124+%7C%7C+cell_type+%3D%3D+IN01A078+%7C%7C+cell_type+%3D%3D+IN04B034+%7C%7C+cell_type+%3D%3D+IN13B027+%7C%7C+cell_type+%3D%3D+IN19A073+%7C%7C+cell_type+%3D%3D+IN23B070+%7C%7C+cell_type+%3D%3D+IN16B125+%7C%7C+cell_type+%3D%3D+INXXX819_f+%7C%7C+cell_type+%3D%3D+IN01A036+%7C%7C+cell_type+%3D%3D+IN17A090+%7C%7C+cell_type+%3D%3D+IN13B081+%7C%7C+cell_type+%3D%3D+IN01B030+%7C%7C+cell_type+%3D%3D+IN04B059+%7C%7C+cell_type+%3D%3D+IN01B082+%7C%7C+cell_type+%3D%3D+IN14A013+%7C%7C+cell_type+%3D%3D+IN16B040+%7C%7C+cell_type+%3D%3D+IN11A021+%7C%7C+cell_type+%3D%3D+IN11A005+%7C%7C+cell_type+%3D%3D+IN19A110+%7C%7C+cell_type+%3D%3D+IN09A065+%7C%7C+cell_type+%3D%3D+IN12A003+%7C%7C+cell_type+%3D%3D+IN09B014+%7C%7C+cell_type+%3D%3D+IN12B014+%7C%7C+cell_type+%3D%3D+IN01A039+%7C%7C+cell_type+%3D%3D+IN06B065+%7C%7C+cell_type+%3D%3D+INXXX828_f+%7C%7C+cell_type+%3D%3D+IN19A102+%7C%7C+cell_type+%3D%3D+IN04B110+%7C%7C+cell_type+%3D%3D+INXXX284+%7C%7C+cell_type+%3D%3D+IN09A081+%7C%7C+cell_type+%3D%3D+IN12A011+%7C%7C+cell_type+%3D%3D+IN16B037+%7C%7C+cell_type+%3D%3D+IN04B075+%7C%7C+cell_type+%3D%3D+IN01A069+%7C%7C+cell_type+%3D%3D+IN04B078+%7C%7C+cell_type+%3D%3D+IN01B084+%7C%7C+cell_type+%3D%3D+IN07B007+%7C%7C+cell_type+%3D%3D+INXXX115+%7C%7C+cell_type+%3D%3D+IN23B092+%7C%7C+cell_type+%3D%3D+IN23B087+%7C%7C+cell_type+%3D%3D+IN19A069+%7C%7C+cell_type+%3D%3D+IN19A115+%7C%7C+cell_type+%3D%3D+IN21A043+%7C%7C+cell_type+%3D%3D+IN14A120+%7C%7C+cell_type+%3D%3D+IN19B112+%7C%7C+cell_type+%3D%3D+IN19B054+%7C%7C+cell_type+%3D%3D+IN13B064+%7C%7C+cell_type+%3D%3D+IN13B102+%7C%7C+cell_type+%3D%3D+IN06B021+%7C%7C+cell_type+%3D%3D+IN19A014+%7C%7C+cell_type+%3D%3D+INXXX238+%7C%7C+cell_type+%3D%3D+IN07B054+%7C%7C+cell_type+%3D%3D+IN11A022+%7C%7C+cell_type+%3D%3D+IN06B084+%7C%7C+cell_type+%3D%3D+IN23B064+%7C%7C+cell_type+%3D%3D+IN03A003+%7C%7C+cell_type+%3D%3D+IN23B011+%7C%7C+cell_type+%3D%3D+IN03A034+%7C%7C+cell_type+%3D%3D+IN19A089+%7C%7C+cell_type+%3D%3D+IN03A012+%7C%7C+cell_type+%3D%3D+IN09B043+%7C%7C+cell_type+%3D%3D+INXXX824_f+%7C%7C+cell_type+%3D%3D+IN21A096+%7C%7C+cell_type+%3D%3D+IN09A066+%7C%7C+cell_type+%3D%3D+IN19A108+%7C%7C+cell_type+%3D%3D+IN10B014+%7C%7C+cell_type+%3D%3D+IN03B015+%7C%7C+cell_type+%3D%3D+INXXX216+%7C%7C+cell_type+%3D%3D+IN01A029+%7C%7C+cell_type+%3D%3D+IN23B084+%7C%7C+cell_type+%3D%3D+IN08B030+%7C%7C+cell_type+%3D%3D+IN03A097+%7C%7C+cell_type+%3D%3D+IN06A043+%7C%7C+cell_type+%3D%3D+IN18B008+%7C%7C+cell_type+%3D%3D+IN18B036+%7C%7C+cell_type+%3D%3D+IN12B069+%7C%7C+cell_type+%3D%3D+IN11A027+%7C%7C+cell_type+%3D%3D+IN11A039+%7C%7C+cell_type+%3D%3D+IN09A058+%7C%7C+cell_type+%3D%3D+IN10B004+%7C%7C+cell_type+%3D%3D+IN19A019+%7C%7C+cell_type+%3D%3D+IN04B091+%7C%7C+cell_type+%3D%3D+IN13B033+%7C%7C+cell_type+%3D%3D+IN11A013+%7C%7C+cell_type+%3D%3D+IN23B022+%7C%7C+cell_type+%3D%3D+IN19A044+%7C%7C+cell_type+%3D%3D+IN13B022+%7C%7C+cell_type+%3D%3D+IN12B013+%7C%7C+cell_type+%3D%3D+IN09A037+%7C%7C+cell_type+%3D%3D+IN04B067+%7C%7C+cell_type+%3D%3D+IN09A055+%7C%7C+cell_type+%3D%3D+IN14A007+%7C%7C+cell_type+%3D%3D+IN09A042+%7C%7C+cell_type+%3D%3D+IN21A048+%7C%7C+cell_type+%3D%3D+IN04B094+%7C%7C+cell_type+%3D%3D+IN16B085+%7C%7C+cell_type+%3D%3D+IN14A004+%7C%7C+cell_type+%3D%3D+IN00A065+%7C%7C+cell_type+%3D%3D+IN14A042+%7C%7C+cell_type+%3D%3D+INXXX048+%7C%7C+cell_type+%3D%3D+IN19A080+%7C%7C+cell_type+%3D%3D+INXXX023+%7C%7C+cell_type+%3D%3D+IN01A064+%7C%7C+cell_type+%3D%3D+IN00A045+%7C%7C+cell_type+%3D%3D+IN01B002+%7C%7C+cell_type+%3D%3D+IN19B005+%7C%7C+cell_type+%3D%3D+IN04A002+%7C%7C+cell_type+%3D%3D+IN07B020+%7C%7C+cell_type+%3D%3D+IN20A.22A069+%7C%7C+cell_type+%3D%3D+IN01B083+%7C%7C+cell_type+%3D%3D+IN04B020+%7C%7C+cell_type+%3D%3D+IN20A.22A056+%7C%7C+cell_type+%3D%3D+IN19A012+%7C%7C+cell_type+%3D%3D+IN12A016+%7C%7C+cell_type+%3D%3D+IN12B026+%7C%7C+cell_type+%3D%3D+IN13A029+%7C%7C+cell_type+%3D%3D+IN23B081+%7C%7C+cell_type+%3D%3D+IN19A118+%7C%7C+cell_type+%3D%3D+IN21A016+%7C%7C+cell_type+%3D%3D+IN21A051+%7C%7C+cell_type+%3D%3D+IN13B019+%7C%7C+cell_type+%3D%3D+IN20A.22A076+%7C%7C+cell_type+%3D%3D+IN05B065+%7C%7C+cell_type+%3D%3D+IN21A057+%7C%7C+cell_type+%3D%3D+IN19A122+%7C%7C+cell_type+%3D%3D+IN23B027+%7C%7C+cell_type+%3D%3D+IN01B021+%7C%7C+cell_type+%3D%3D+IN03A019+%7C%7C+cell_type+%3D%3D+IN20A.22A071+%7C%7C+cell_type+%3D%3D+IN21A044+%7C%7C+cell_type+%3D%3D+IN19A100+%7C%7C+cell_type+%3D%3D+IN20A.22A081+%7C%7C+cell_type+%3D%3D+IN14A040+%7C%7C+cell_type+%3D%3D+IN13B097+%7C%7C+cell_type+%3D%3D+IN14A018+%7C%7C+cell_type+%3D%3D+IN03A009+%7C%7C+cell_type+%3D%3D+IN01A037+%7C%7C+cell_type+%3D%3D+IN01B033+%7C%7C+cell_type+%3D%3D+IN20A.22A063+%7C%7C+cell_type+%3D%3D+IN20A.22A027+%7C%7C+cell_type+%3D%3D+IN19B027+%7C%7C+cell_type+%3D%3D+IN20A.22A019+%7C%7C+cell_type+%3D%3D+IN21A056+%7C%7C+cell_type+%3D%3D+IN13B053+%7C%7C+cell_type+%3D%3D+IN20A.22A018+%7C%7C+cell_type+%3D%3D+IN01B023+%7C%7C+cell_type+%3D%3D+IN13B090+%7C%7C+cell_type+%3D%3D+IN12A001+%7C%7C+cell_type+%3D%3D+IN21A104+%7C%7C+cell_type+%3D%3D+IN20A.22A009+%7C%7C+cell_type+%3D%3D+IN13A028+%7C%7C+cell_type+%3D%3D+IN13A052+%7C%7C+cell_type+%3D%3D+IN14A050+%7C%7C+cell_type+%3D%3D+IN09B018+%7C%7C+cell_type+%3D%3D+IN19A120+%7C%7C+cell_type+%3D%3D+IN01B006+%7C%7C+cell_type+%3D%3D+IN12B081+%7C%7C+cell_type+%3D%3D+IN12B086+%7C%7C+cell_type+%3D%3D+IN01B008+%7C%7C+cell_type+%3D%3D+IN11A025+%7C%7C+cell_type+%3D%3D+INXXX044+%7C%7C+cell_type+%3D%3D+IN18B054+%7C%7C+cell_type+%3D%3D+IN01A082+%7C%7C+cell_type+%3D%3D+IN23B068+%7C%7C+cell_type+%3D%3D+GFC3+%7C%7C+cell_type+%3D%3D+IN23B030+%7C%7C+cell_type+%3D%3D+IN23B038+%7C%7C+cell_type+%3D%3D+IN19A009+%7C%7C+cell_type+%3D%3D+IN08A031+%7C%7C+cell_type+%3D%3D+IN08A023+%7C%7C+cell_type+%3D%3D+IN09A079+%7C%7C+cell_type+%3D%3D+IN08B064+%7C%7C+cell_type+%3D%3D+IN13B044+%7C%7C+cell_type+%3D%3D+IN13B039+%7C%7C+cell_type+%3D%3D+IN13B067+%7C%7C+cell_type+%3D%3D+IN13A054+%7C%7C+cell_type+%3D%3D+IN06B008+%7C%7C+cell_type+%3D%3D+IN04B087+%7C%7C+cell_type+%3D%3D+IN23B059+%7C%7C+cell_type+%3D%3D+IN05B089+%7C%7C+cell_type+%3D%3D+IN12B025+%7C%7C+cell_type+%3D%3D+IN13A004+%7C%7C+cell_type+%3D%3D+IN19A048+%7C%7C+cell_type+%3D%3D+IN13B042+%7C%7C+cell_type+%3D%3D+IN13B024+%7C%7C+cell_type+%3D%3D+IN04B103+%7C%7C+cell_type+%3D%3D+IN20A.22A017+%7C%7C+cell_type+%3D%3D+IN12A005+%7C%7C+cell_type+%3D%3D+IN13B056+%7C%7C+cell_type+%3D%3D+IN04B102+%7C%7C+cell_type+%3D%3D+IN13B094+%7C%7C+cell_type+%3D%3D+IN12B029+%7C%7C+cell_type+%3D%3D+IN17A019+%7C%7C+cell_type+%3D%3D+IN01B032+%7C%7C+cell_type+%3D%3D+IN20A.22A043+%7C%7C+cell_type+%3D%3D+IN00A029+%7C%7C+cell_type+%3D%3D+IN04B036+%7C%7C+cell_type+%3D%3D+IN01B029+%7C%7C+cell_type+%3D%3D+IN02A012+%7C%7C+cell_type+%3D%3D+IN00A050+%7C%7C+cell_type+%3D%3D+IN01B054+%7C%7C+cell_type+%3D%3D+IN01B079+%7C%7C+cell_type+%3D%3D+IN12B053+%7C%7C+cell_type+%3D%3D+IN13A024+%7C%7C+cell_type+%3D%3D+IN13B057+%7C%7C+cell_type+%3D%3D+IN13B012+%7C%7C+cell_type+%3D%3D+IN04B109+%7C%7C+cell_type+%3D%3D+IN13B096+%7C%7C+cell_type+%3D%3D+IN03A006+%7C%7C+cell_type+%3D%3D+IN03A056+%7C%7C+cell_type+%3D%3D+IN19A045+%7C%7C+cell_type+%3D%3D+IN19A127+%7C%7C+cell_type+%3D%3D+IN23B063+%7C%7C+cell_type+%3D%3D+IN01A011+%7C%7C+cell_type+%3D%3D+IN20A.22A046+%7C%7C+cell_type+%3D%3D+IN23B065+%7C%7C+cell_type+%3D%3D+IN03A078+%7C%7C+cell_type+%3D%3D+IN09A026+%7C%7C+cell_type+%3D%3D+IN18B014+%7C%7C+cell_type+%3D%3D+IN03A054+%7C%7C+cell_type+%3D%3D+IN19A103+%7C%7C+cell_type+%3D%3D+IN19A020+%7C%7C+cell_type+%3D%3D+IN08B060+%7C%7C+cell_type+%3D%3D+IN19A058+%7C%7C+cell_type+%3D%3D+IN16B090+%7C%7C+cell_type+%3D%3D+IN03A065+%7C%7C+cell_type+%3D%3D+IN01A084+%7C%7C+cell_type+%3D%3D+GFC2+%7C%7C+cell_type+%3D%3D+IN03A052+%7C%7C+cell_type+%3D%3D+IN03A069+%7C%7C+cell_type+%3D%3D+IN08A027+%7C%7C+cell_type+%3D%3D+IN03A084+%7C%7C+cell_type+%3D%3D+IN03A094+%7C%7C+cell_type+%3D%3D+IN01A058+%7C%7C+cell_type+%3D%3D+IN19B010+%7C%7C+cell_type+%3D%3D+IN01A054+%7C%7C+cell_type+%3D%3D+IN03A017+%7C%7C+cell_type+%3D%3D+IN11A011+%7C%7C+cell_type+%3D%3D+IN19A056+%7C%7C+cell_type+%3D%3D+IN19A085+%7C%7C+cell_type+%3D%3D+IN08B072+%7C%7C+cell_type+%3D%3D+IN01A010+%7C%7C+cell_type+%3D%3D+IN03A051+%7C%7C+cell_type+%3D%3D+IN19A043+%7C%7C+cell_type+%3D%3D+IN01A025+%7C%7C+cell_type+%3D%3D+IN19A042+%7C%7C+cell_type+%3D%3D+IN23B060+%7C%7C+cell_type+%3D%3D+IN14A090+%7C%7C+cell_type+%3D%3D+IN13B037+%7C%7C+cell_type+%3D%3D+IN01B051+%7C%7C+cell_type+%3D%3D+IN01B035+%7C%7C+cell_type+%3D%3D+IN01B097+%7C%7C+cell_type+%3D%3D+INXXX089+%7C%7C+cell_type+%3D%3D+IN09A076+%7C%7C+cell_type+%3D%3D+IN09B005+%7C%7C+cell_type+%3D%3D+IN04B002+%7C%7C+cell_type+%3D%3D+IN01B099+%7C%7C+cell_type+%3D%3D+IN01B012+%7C%7C+cell_type+%3D%3D+IN05B031+%7C%7C+cell_type+%3D%3D+INXXX383+%7C%7C+cell_type+%3D%3D+INXXX252+%7C%7C+cell_type+%3D%3D+IN09A031+%7C%7C+cell_type+%3D%3D+IN03A088+%7C%7C+cell_type+%3D%3D+IN05B030+%7C%7C+cell_type+%3D%3D+INXXX341+%7C%7C+cell_type+%3D%3D+IN13B006+%7C%7C+cell_type+%3D%3D+IN20A.22A054+%7C%7C+cell_type+%3D%3D+IN04B001+%7C%7C+cell_type+%3D%3D+IN14A032+%7C%7C+cell_type+%3D%3D+IN13B061+%7C%7C+cell_type+%3D%3D+IN04B068+%7C%7C+cell_type+%3D%3D+IN20A.22A061+%7C%7C+cell_type+%3D%3D+IN04B112+%7C%7C+cell_type+%3D%3D+IN14A121+%7C%7C+cell_type+%3D%3D+IN13A026+%7C%7C+cell_type+%3D%3D+IN13A068+%7C%7C+cell_type+%3D%3D+IN14A060+%7C%7C+cell_type+%3D%3D+IN14A067+%7C%7C+cell_type+%3D%3D+IN02A015+%7C%7C+cell_type+%3D%3D+IN14A082+%7C%7C+cell_type+%3D%3D+IN13A007+%7C%7C+cell_type+%3D%3D+IN05B043+%7C%7C+cell_type+%3D%3D+IN08B058+%7C%7C+cell_type+%3D%3D+IN14A072+%7C%7C+cell_type+%3D%3D+IN04B092+%7C%7C+cell_type+%3D%3D+IN04B114+%7C%7C+cell_type+%3D%3D+IN13B018+%7C%7C+cell_type+%3D%3D+IN05B039+%7C%7C+cell_type+%3D%3D+IN01B062+%7C%7C+cell_type+%3D%3D+IN14A065+%7C%7C+cell_type+%3D%3D+IN08A045+%7C%7C+cell_type+%3D%3D+IN14A062+%7C%7C+cell_type+%3D%3D+IN14A058+%7C%7C+cell_type+%3D%3D+IN13B060+%7C%7C+cell_type+%3D%3D+IN14A104+%7C%7C+cell_type+%3D%3D+IN16B029+%7C%7C+cell_type+%3D%3D+IN19A074+%7C%7C+cell_type+%3D%3D+IN01B042+%7C%7C+cell_type+%3D%3D+IN18B028+%7C%7C+cell_type+%3D%3D+IN21A055+%7C%7C+cell_type+%3D%3D+IN06B064+%7C%7C+cell_type+%3D%3D+IN12B041+%7C%7C+cell_type+%3D%3D+IN13B077+%7C%7C+cell_type+%3D%3D+IN05B038+%7C%7C+cell_type+%3D%3D+INXXX078+%7C%7C+cell_type+%3D%3D+IN06A014+%7C%7C+cell_type+%3D%3D+INXXX340+%7C%7C+cell_type+%3D%3D+IN01B001+%7C%7C+cell_type+%3D%3D+INXXX095+%7C%7C+cell_type+%3D%3D+IN12A009+%7C%7C+cell_type+%3D%3D+IN05B042+%7C%7C+cell_type+%3D%3D+IN05B016+%7C%7C+cell_type+%3D%3D+IN05B005+%7C%7C+cell_type+%3D%3D+IN12A010+%7C%7C+cell_type+%3D%3D+INXXX147+%7C%7C+cell_type+%3D%3D+IN12B012+%7C%7C+cell_type+%3D%3D+IN02A030+%7C%7C+cell_type+%3D%3D+INXXX066+%7C%7C+cell_type+%3D%3D+IN12B030+%7C%7C+cell_type+%3D%3D+IN16B032+%7C%7C+cell_type+%3D%3D+INXXX359+%7C%7C+cell_type+%3D%3D+IN03B042+%7C%7C+cell_type+%3D%3D+IN03A010+%7C%7C+cell_type+%3D%3D+IN03A092+%7C%7C+cell_type+%3D%3D+IN03A021+%7C%7C+cell_type+%3D%3D+IN03B031+%7C%7C+cell_type+%3D%3D+INXXX031+%7C%7C+cell_type+%3D%3D+IN03B035+%7C%7C+cell_type+%3D%3D+IN03A037+%7C%7C+cell_type+%3D%3D+IN09A007+%7C%7C+cell_type+%3D%3D+INXXX253+%7C%7C+cell_type+%3D%3D+IN03A089+%7C%7C+cell_type+%3D%3D+IN03A070+%7C%7C+cell_type+%3D%3D+IN01A048+%7C%7C+cell_type+%3D%3D+IN03A031+%7C%7C+cell_type+%3D%3D+IN17B003+%7C%7C+cell_type+%3D%3D+IN12A048+%7C%7C+cell_type+%3D%3D+IN05B028+%7C%7C+cell_type+%3D%3D+INXXX129+%7C%7C+cell_type+%3D%3D+IN19A096+%7C%7C+cell_type+%3D%3D+IN03A026+%7C%7C+cell_type+%3D%3D+INXXX347+%7C%7C+cell_type+%3D%3D+IN18B046+%7C%7C+cell_type+%3D%3D+IN23B051+%7C%7C+cell_type+%3D%3D+IN18B013+%7C%7C+cell_type+%3D%3D+IN10B036+%7C%7C+cell_type+%3D%3D+INXXX073+%7C%7C+cell_type+%3D%3D+IN14A008+%7C%7C+cell_type+%3D%3D+IN19A002+%7C%7C+cell_type+%3D%3D+IN01A028+%7C%7C+cell_type+%3D%3D+IN19A003+%7C%7C+cell_type+%3D%3D+IN19A004+%7C%7C+cell_type+%3D%3D+IN14A005+%7C%7C+cell_type+%3D%3D+IN19A027+%7C%7C+cell_type+%3D%3D+IN14A084+%7C%7C+cell_type+%3D%3D+IN14A098+%7C%7C+cell_type+%3D%3D+IN03B021+%7C%7C+cell_type+%3D%3D+IN19A015+%7C%7C+cell_type+%3D%3D+IN09A021+%7C%7C+cell_type+%3D%3D+IN14A010+%7C%7C+cell_type+%3D%3D+IN13B089+%7C%7C+cell_type+%3D%3D+IN14A053+%7C%7C+cell_type+%3D%3D+AN10B035+%7C%7C+cell_type+%3D%3D+IN14A006+%7C%7C+cell_type+%3D%3D+IN14A119+%7C%7C+cell_type+%3D%3D+IN14A068+%7C%7C+cell_type+%3D%3D+IN13B013+%7C%7C+cell_type+%3D%3D+IN07B013+%7C%7C+cell_type+%3D%3D+IN10B012+%7C%7C+cell_type+%3D%3D+IN00A001+%7C%7C+cell_type+%3D%3D+IN13B014+%7C%7C+cell_type+%3D%3D+IN13B007+%7C%7C+cell_type+%3D%3D+IN07B034+%7C%7C+cell_type+%3D%3D+IN05B037+%7C%7C+cell_type+%3D%3D+IN14A001+%7C%7C+cell_type+%3D%3D+IN06B035+%7C%7C+cell_type+%3D%3D+IN19A057+%7C%7C+cell_type+%3D%3D+IN26X002+%7C%7C+cell_type+%3D%3D+IN19A046+%7C%7C+cell_type+%3D%3D+IN21A021+%7C%7C+cell_type+%3D%3D+INXXX140+%7C%7C+cell_type+%3D%3D+IN26X003+%7C%7C+cell_type+%3D%3D+IN19A033+%7C%7C+cell_type+%3D%3D+IN19A114+%7C%7C+cell_type+%3D%3D+IN19A037+%7C%7C+cell_type+%3D%3D+IN14A076+%7C%7C+cell_type+%3D%3D+IN14A039+%7C%7C+cell_type+%3D%3D+IN13B088+%7C%7C+cell_type+%3D%3D+IN13B093+%7C%7C+cell_type+%3D%3D+IN14A097+%7C%7C+cell_type+%3D%3D+IN14A051+%7C%7C+cell_type+%3D%3D+IN19A055+%7C%7C+cell_type+%3D%3D+IN19A091+%7C%7C+cell_type+%3D%3D+IN03B025+%7C%7C+cell_type+%3D%3D+IN13B010+%7C%7C+cell_type+%3D%3D+IN01B101+%7C%7C+cell_type+%3D%3D+IN21A061+%7C%7C+cell_type+%3D%3D+IN01B007+%7C%7C+cell_type+%3D%3D+IN01B016+%7C%7C+cell_type+%3D%3D+IN01B050+%7C%7C+cell_type+%3D%3D+IN01B034+%7C%7C+cell_type+%3D%3D+IN01B081+%7C%7C+cell_type+%3D%3D+IN01B094+%7C%7C+cell_type+%3D%3D+IN21A101+%7C%7C+cell_type+%3D%3D+IN01B026+%7C%7C+cell_type+%3D%3D+IN21A071+%7C%7C+cell_type+%3D%3D+IN01B036+%7C%7C+cell_type+%3D%3D+IN21A105+%7C%7C+cell_type+%3D%3D+IN21A053+%7C%7C+cell_type+%3D%3D+IN04B029+%7C%7C+cell_type+%3D%3D+IN04B105+%7C%7C+cell_type+%3D%3D+IN01B095+%7C%7C+cell_type+%3D%3D+IN01B017+%7C%7C+cell_type+%3D%3D+IN20A.22A074+%7C%7C+cell_type+%3D%3D+IN20A.22A044+%7C%7C+cell_type+%3D%3D+IN20A.22A088+%7C%7C+cell_type+%3D%3D+IN19B030+%7C%7C+cell_type+%3D%3D+IN23B018+%7C%7C+cell_type+%3D%3D+IN23B049+%7C%7C+cell_type+%3D%3D+INXXX870_f+%7C%7C+cell_type+%3D%3D+IN23B039+%7C%7C+cell_type+%3D%3D+IN23B090+%7C%7C+cell_type+%3D%3D+IN23B023+%7C%7C+cell_type+%3D%3D+IN02A031+%7C%7C+cell_type+%3D%3D+IN23B047+%7C%7C+cell_type+%3D%3D+IN23B024+%7C%7C+cell_type+%3D%3D+IN23B007+%7C%7C+cell_type+%3D%3D+IN02A011+%7C%7C+cell_type+%3D%3D+IN10B007+%7C%7C+cell_type+%3D%3D+IN23B058+%7C%7C+cell_type+%3D%3D+IN23B040+%7C%7C+cell_type+%3D%3D+IN02A038+%7C%7C+cell_type+%3D%3D+IN02A020+%7C%7C+cell_type+%3D%3D+IN17B010+%7C%7C+cell_type+%3D%3D+IN18B021+%7C%7C+cell_type+%3D%3D+IN17A043+%7C%7C+cell_type+%3D%3D+LBL40+%7C%7C+cell_type+%3D%3D+IN18B016+%7C%7C+cell_type+%3D%3D+IN19B015+%7C%7C+cell_type+%3D%3D+IN18B015+%7C%7C+cell_type+%3D%3D+IN13B036+%7C%7C+cell_type+%3D%3D+IN13B099+%7C%7C+cell_type+%3D%3D+IN06B020+%7C%7C+cell_type+%3D%3D+IN14A057+%7C%7C+cell_type+%3D%3D+IN04B054+%7C%7C+cell_type+%3D%3D+IN04B022+%7C%7C+cell_type+%3D%3D+IN13B009+%7C%7C+cell_type+%3D%3D+IN14A106+%7C%7C+cell_type+%3D%3D+IN13B001+%7C%7C+cell_type+%3D%3D+IN04B096+%7C%7C+cell_type+%3D%3D+IN13B035+%7C%7C+cell_type+%3D%3D+IN13A008+%7C%7C+cell_type+%3D%3D+IN04B080+%7C%7C+cell_type+%3D%3D+IN04B083+%7C%7C+cell_type+%3D%3D+IN13A053+%7C%7C+cell_type+%3D%3D+IN04B064+%7C%7C+cell_type+%3D%3D+IN13A045+%7C%7C+cell_type+%3D%3D+IN13A001+%7C%7C+cell_type+%3D%3D+IN13B004+%7C%7C+cell_type+%3D%3D+IN04B007+%7C%7C+cell_type+%3D%3D+INXXX022+%7C%7C+cell_type+%3D%3D+IN04B037+%7C%7C+cell_type+%3D%3D+IN04B100+%7C%7C+cell_type+%3D%3D+INXXX830_f+%7C%7C+cell_type+%3D%3D+IN14A087+%7C%7C+cell_type+%3D%3D+IN04B042+%7C%7C+cell_type+%3D%3D+IN21A035+%7C%7C+cell_type+%3D%3D+IN13A002+%7C%7C+cell_type+%3D%3D+IN19A131+%7C%7C+cell_type+%3D%3D+IN01B020+%7C%7C+cell_type+%3D%3D+IN20A.22A064+%7C%7C+cell_type+%3D%3D+IN20A.22A010+%7C%7C+cell_type+%3D%3D+IN20A.22A059+%7C%7C+cell_type+%3D%3D+IN13A069+%7C%7C+cell_type+%3D%3D+IN01B013+%7C%7C+cell_type+%3D%3D+CV1005+%7C%7C+cell_type+%3D%3D+IN20A.22A047+%7C%7C+cell_type+%3D%3D+IN13A006+%7C%7C+cell_type+%3D%3D+IN12B075+%7C%7C+cell_type+%3D%3D+IN12B065+%7C%7C+cell_type+%3D%3D+IN11A032+%7C%7C+cell_type+%3D%3D+IN12B023+%7C%7C+cell_type+%3D%3D+IN12B011+%7C%7C+cell_type+%3D%3D+IN08A035+%7C%7C+cell_type+%3D%3D+IN16B097+%7C%7C+cell_type+%3D%3D+IN16B086+%7C%7C+cell_type+%3D%3D+INXXX823_f+%7C%7C+cell_type+%3D%3D+IN08A017+%7C%7C+cell_type+%3D%3D+IN16B101+%7C%7C+cell_type+%3D%3D+IN16B098+%7C%7C+cell_type+%3D%3D+IN08B056+%7C%7C+cell_type+%3D%3D+IN08B090+%7C%7C+cell_type+%3D%3D+IN16B096+%7C%7C+cell_type+%3D%3D+IN16B105+%7C%7C+cell_type+%3D%3D+IN16B024+%7C%7C+cell_type+%3D%3D+IN16B110+%7C%7C+cell_type+%3D%3D+IN16B052+%7C%7C+cell_type+%3D%3D+IN08A044+%7C%7C+cell_type+%3D%3D+IN16B118+%7C%7C+cell_type+%3D%3D+IN16B120+%7C%7C+cell_type+%3D%3D+IN16B119+%7C%7C+cell_type+%3D%3D+IN02A024+%7C%7C+cell_type+%3D%3D+IN03B034+%7C%7C+cell_type+%3D%3D+IN03A067+%7C%7C+cell_type+%3D%3D+IN12B037+%7C%7C+cell_type+%3D%3D+IN03A093+%7C%7C+cell_type+%3D%3D+IN23B085+%7C%7C+cell_type+%3D%3D+IN23B020+%7C%7C+cell_type+%3D%3D+IN17A058+%7C%7C+cell_type+%3D%3D+IN01A032+%7C%7C+cell_type+%3D%3D+IN18B011+%7C%7C+cell_type+%3D%3D+IN23B046+%7C%7C+cell_type+%3D%3D+IN19B035+%7C%7C+cell_type+%3D%3D+IN01A016+%7C%7C+cell_type+%3D%3D+IN23B006+%7C%7C+cell_type+%3D%3D+IN10B016+%7C%7C+cell_type+%3D%3D+IN09A088+%7C%7C+cell_type+%3D%3D+IN09A009+%7C%7C+cell_type+%3D%3D+IN07B009+%7C%7C+cell_type+%3D%3D+IN09A028+%7C%7C+cell_type+%3D%3D+IN08B021+%7C%7C+cell_type+%3D%3D+IN09A035+%7C%7C+cell_type+%3D%3D+IN18B006+%7C%7C+cell_type+%3D%3D+IN09A025+%7C%7C+cell_type+%3D%3D+IN14B006+%7C%7C+cell_type+%3D%3D+INXXX826_f+%7C%7C+cell_type+%3D%3D+IN16B122+%7C%7C+cell_type+%3D%3D+IN01A072+%7C%7C+cell_type+%3D%3D+IN09A068+%7C%7C+cell_type+%3D%3D+IN01A081+%7C%7C+cell_type+%3D%3D+IN17A028+%7C%7C+cell_type+%3D%3D+IN16B115+%7C%7C+cell_type+%3D%3D+IN16B014+%7C%7C+cell_type+%3D%3D+IN14A103+%7C%7C+cell_type+%3D%3D+IN14A113+%7C%7C+cell_type+%3D%3D+IN14A035+%7C%7C+cell_type+%3D%3D+IN13B030+%7C%7C+cell_type+%3D%3D+IN13B070+%7C%7C+cell_type+%3D%3D+IN14A048+%7C%7C+cell_type+%3D%3D+IN14A030+%7C%7C+cell_type+%3D%3D+IN14A100+%7C%7C+cell_type+%3D%3D+IN14A026+%7C%7C+cell_type+%3D%3D+IN14A041+%7C%7C+cell_type+%3D%3D+IN13B015+%7C%7C+cell_type+%3D%3D+IN00A016+%7C%7C+cell_type+%3D%3D+IN27X005+%7C%7C+cell_type+%3D%3D+IN00A059+%7C%7C+cell_type+%3D%3D+IN00A038+%7C%7C+cell_type+%3D%3D+IN00A041+%7C%7C+cell_type+%3D%3D+IN13B071+%7C%7C+cell_type+%3D%3D+IN13B082+%7C%7C+cell_type+%3D%3D+IN14A059+%7C%7C+cell_type+%3D%3D+IN00A043+%7C%7C+cell_type+%3D%3D+IN00A048+%7C%7C+cell_type+%3D%3D+IN00A063+%7C%7C+cell_type+%3D%3D+IN06B024+%7C%7C+cell_type+%3D%3D+IN13B025+%7C%7C+cell_type+%3D%3D+IN13B026+%7C%7C+cell_type+%3D%3D+IN06B006+%7C%7C+cell_type+%3D%3D+IN14A080+%7C%7C+cell_type+%3D%3D+IN14A043+%7C%7C+cell_type+%3D%3D+IN14A099+%7C%7C+cell_type+%3D%3D+IN00A064+%7C%7C+cell_type+%3D%3D+IN12B038+%7C%7C+cell_type+%3D%3D+IN02A041+%7C%7C+cell_type+%3D%3D+IN12B084+%7C%7C+cell_type+%3D%3D+IN13B008+%7C%7C+cell_type+%3D%3D+IN00A062+%7C%7C+cell_type+%3D%3D+IN13B049+%7C%7C+cell_type+%3D%3D+IN13B080+%7C%7C+cell_type+%3D%3D+IN00A036+%7C%7C+cell_type+%3D%3D+IN13B047+%7C%7C+cell_type+%3D%3D+IN06B032+%7C%7C+cell_type+%3D%3D+IN00A055+%7C%7C+cell_type+%3D%3D+IN13B084+%7C%7C+cell_type+%3D%3D+IN05B066+%7C%7C+cell_type+%3D%3D+IN13B063+%7C%7C+cell_type+%3D%3D+IN05B024+%7C%7C+cell_type+%3D%3D+IN01B049+%7C%7C+cell_type+%3D%3D+IN01B063+%7C%7C+cell_type+%3D%3D+IN01B028+%7C%7C+cell_type+%3D%3D+IN01B087+%7C%7C+cell_type+%3D%3D+IN01B038+%7C%7C+cell_type+%3D%3D+IN14A009+%7C%7C+cell_type+%3D%3D+IN02A036+%7C%7C+cell_type+%3D%3D+IN02A003+%7C%7C+cell_type+%3D%3D+IN06B022+%7C%7C+cell_type+%3D%3D+IN06B028+%7C%7C+cell_type+%3D%3D+IN06B062+%7C%7C+cell_type+%3D%3D+IN05B020+%7C%7C+cell_type+%3D%3D+IN12B088+%7C%7C+cell_type+%3D%3D+IN04B011+%7C%7C+cell_type+%3D%3D+IN05B061+%7C%7C+cell_type+%3D%3D+IN12B064+%7C%7C+cell_type+%3D%3D+IN04B084+%7C%7C+cell_type+%3D%3D+IN05B032+%7C%7C+cell_type+%3D%3D+IN05B092+%7C%7C+cell_type+%3D%3D+IN23B066+%7C%7C+cell_type+%3D%3D+IN11A041+%7C%7C+cell_type+%3D%3D+IN11A015+%7C%7C+cell_type+%3D%3D+IN11A042+%7C%7C+cell_type+%3D%3D+IN12B005+%7C%7C+cell_type+%3D%3D+IN12A004+%7C%7C+cell_type+%3D%3D+IN03A013+%7C%7C+cell_type+%3D%3D+IN23B089+%7C%7C+cell_type+%3D%3D+IN23B093+%7C%7C+cell_type+%3D%3D+IN23B005+%7C%7C+cell_type+%3D%3D+IN23B086+%7C%7C+cell_type+%3D%3D+IN18B005+%7C%7C+cell_type+%3D%3D+IN18B047+%7C%7C+cell_type+%3D%3D+IN21A075+%7C%7C+cell_type+%3D%3D+IN21A077+%7C%7C+cell_type+%3D%3D+IN21A058+%7C%7C+cell_type+%3D%3D+IN12B072+%7C%7C+cell_type+%3D%3D+IN03A076+%7C%7C+cell_type+%3D%3D+IN12A015+%7C%7C+cell_type+%3D%3D+IN03A030+%7C%7C+cell_type+%3D%3D+IN12B033+%7C%7C+cell_type+%3D%3D+IN12B002+%7C%7C+cell_type+%3D%3D+IN12A002+%7C%7C+cell_type+%3D%3D+IN03B019+%7C%7C+cell_type+%3D%3D+IN09B049+%7C%7C+cell_type+%3D%3D+INXXX063+%7C%7C+cell_type+%3D%3D+IN01A071+%7C%7C+cell_type+%3D%3D+IN03A038+%7C%7C+cell_type+%3D%3D+IN01A026+%7C%7C+cell_type+%3D%3D+IN01A042+%7C%7C+cell_type+%3D%3D+IN05B001+%7C%7C+cell_type+%3D%3D+INXXX011+%7C%7C+cell_type+%3D%3D+IN03A032+%7C%7C+cell_type+%3D%3D+INXXX042+%7C%7C+cell_type+%3D%3D+IN08B082+%7C%7C+cell_type+%3D%3D+IN14A069+%7C%7C+cell_type+%3D%3D+IN07B001+%7C%7C+cell_type+%3D%3D+IN01A056+%7C%7C+cell_type+%3D%3D+IN01A009+%7C%7C+cell_type+%3D%3D+IN01A075+%7C%7C+cell_type+%3D%3D+IN01A018+%7C%7C+cell_type+%3D%3D+IN01A022+%7C%7C+cell_type+%3D%3D+IN01A007+%7C%7C+cell_type+%3D%3D+IN01A067+%7C%7C+cell_type+%3D%3D+IN13B040+%7C%7C+cell_type+%3D%3D+IN13B095+%7C%7C+cell_type+%3D%3D+IN07B012+%7C%7C+cell_type+%3D%3D+IN13B091+%7C%7C+cell_type+%3D%3D+IN04B038+%7C%7C+cell_type+%3D%3D+IN04B039+%7C%7C+cell_type+%3D%3D+IN04B041+%7C%7C+cell_type+%3D%3D+IN01B019+%7C%7C+cell_type+%3D%3D+IN01B070+%7C%7C+cell_type+%3D%3D+IN01B085+%7C%7C+cell_type+%3D%3D+IN04B050+%7C%7C+cell_type+%3D%3D+IN01B069+%7C%7C+cell_type+%3D%3D+IN01B066+%7C%7C+cell_type+%3D%3D+IN01B041+%7C%7C+cell_type+%3D%3D+IN01B045+%7C%7C+cell_type+%3D%3D+IN14A081+%7C%7C+cell_type+%3D%3D+IN07B014+%7C%7C+cell_type+%3D%3D+IN14A056+%7C%7C+cell_type+%3D%3D+IN04B053+%7C%7C+cell_type+%3D%3D+IN14A092+%7C%7C+cell_type+%3D%3D+IN04B014+%7C%7C+cell_type+%3D%3D+IN01B057+%7C%7C+cell_type+%3D%3D+IN20A.22A091+%7C%7C+cell_type+%3D%3D+IN20A.22A077+%7C%7C+cell_type+%3D%3D+IN19A082+%7C%7C+cell_type+%3D%3D+IN19A132+%7C%7C+cell_type+%3D%3D+IN04B115+%7C%7C+cell_type+%3D%3D+IN03A018+%7C%7C+cell_type+%3D%3D+IN01B040+%7C%7C+cell_type+%3D%3D+IN20A.22A083+%7C%7C+cell_type+%3D%3D+IN01B096+%7C%7C+cell_type+%3D%3D+IN14B013+%7C%7C+cell_type+%3D%3D+IN17A001+%7C%7C+cell_type+%3D%3D+IN04B086+%7C%7C+cell_type+%3D%3D+IN04B073+%7C%7C+cell_type+%3D%3D+IN04B101+%7C%7C+cell_type+%3D%3D+IN19B003+%7C%7C+cell_type+%3D%3D+IN23B069+%7C%7C+cell_type+%3D%3D+IN05B082+%7C%7C+cell_type+%3D%3D+IN05B080+%7C%7C+cell_type+%3D%3D+IN04B069+%7C%7C+cell_type+%3D%3D+IN14A075+%7C%7C+cell_type+%3D%3D+IN04B028+%7C%7C+cell_type+%3D%3D+IN05B051+%7C%7C+cell_type+%3D%3D+IN05B079+%7C%7C+cell_type+%3D%3D+IN05B075+%7C%7C+cell_type+%3D%3D+IN06B063+%7C%7C+cell_type+%3D%3D+IN12B083+%7C%7C+cell_type+%3D%3D+IN12B047+%7C%7C+cell_type+%3D%3D+IN06B067+%7C%7C+cell_type+%3D%3D+IN12B058+%7C%7C+cell_type+%3D%3D+IN06B018+%7C%7C+cell_type+%3D%3D+IN06B080+%7C%7C+cell_type+%3D%3D+IN12B062+%7C%7C+cell_type+%3D%3D+INXXX897_f+%7C%7C+cell_type+%3D%3D+IN05B077+%7C%7C+cell_type+%3D%3D+IN08B052+%7C%7C+cell_type+%3D%3D+IN19A010+%7C%7C+cell_type+%3D%3D+IN20A.22A053+%7C%7C+cell_type+%3D%3D+IN20A.22A029+%7C%7C+cell_type+%3D%3D+IN20A.22A016+%7C%7C+cell_type+%3D%3D+IN20A.22A082+%7C%7C+cell_type+%3D%3D+IN20A.22A038+%7C%7C+cell_type+%3D%3D+IN03A029+%7C%7C+cell_type+%3D%3D+IN20A.22A032+%7C%7C+cell_type+%3D%3D+IN20A.22A040+%7C%7C+cell_type+%3D%3D+IN21A005+%7C%7C+cell_type+%3D%3D+IN12B090+%7C%7C+cell_type+%3D%3D+IN05B073+%7C%7C+cell_type+%3D%3D+IN12B070+%7C%7C+cell_type+%3D%3D+IN07B066+%7C%7C+cell_type+%3D%3D+IN14A034+%7C%7C+cell_type+%3D%3D+IN07B104+%7C%7C+cell_type+%3D%3D+IN07B074+%7C%7C+cell_type+%3D%3D+IN07B055+%7C%7C+cell_type+%3D%3D+IN07B008+%7C%7C+cell_type+%3D%3D+IN04B055+%7C%7C+cell_type+%3D%3D+IN07B080+%7C%7C+cell_type+%3D%3D+IN04B057+%7C%7C+cell_type+%3D%3D+IN08B067+%7C%7C+cell_type+%3D%3D+IN07B058+%7C%7C+cell_type+%3D%3D+IN07B010+%7C%7C+cell_type+%3D%3D+IN08B017+%7C%7C+cell_type+%3D%3D+IN07B023+%7C%7C+cell_type+%3D%3D+IN07B028+%7C%7C+cell_type+%3D%3D+IN10B003+%7C%7C+cell_type+%3D%3D+INXXX083+%7C%7C+cell_type+%3D%3D+IN13A025+%7C%7C+cell_type+%3D%3D+IN19A116+%7C%7C+cell_type+%3D%3D+IN23B061+%7C%7C+cell_type+%3D%3D+INXXX864_f+%7C%7C+cell_type+%3D%3D+IN04B046+%7C%7C+cell_type+%3D%3D+IN03A035+%7C%7C+cell_type+%3D%3D+IN03A080+%7C%7C+cell_type+%3D%3D+IN03A081+%7C%7C+cell_type+%3D%3D+IN04B056+%7C%7C+cell_type+%3D%3D+IN19A079+%7C%7C+cell_type+%3D%3D+IN04B033+%7C%7C+cell_type+%3D%3D+IN04B058+%7C%7C+cell_type+%3D%3D+IN04B035+%7C%7C+cell_type+%3D%3D+IN04B025+%7C%7C+cell_type+%3D%3D+IN04B090+%7C%7C+cell_type+%3D%3D+IN04B026+%7C%7C+cell_type+%3D%3D+IN04B004+%7C%7C+cell_type+%3D%3D+IN19A109+%7C%7C+cell_type+%3D%3D+IN13A017+%7C%7C+cell_type+%3D%3D+IN13A072+%7C%7C+cell_type+%3D%3D+IN13A032+%7C%7C+cell_type+%3D%3D+IN13A039+%7C%7C+cell_type+%3D%3D+IN19A130+%7C%7C+cell_type+%3D%3D+IN23B083+%7C%7C+cell_type+%3D%3D+IN13A023+%7C%7C+cell_type+%3D%3D+IN19A135+%7C%7C+cell_type+%3D%3D+IN19A072+%7C%7C+cell_type+%3D%3D+IN05B064+%7C%7C+cell_type+%3D%3D+IN11A019+%7C%7C+cell_type+%3D%3D+IN23B073+%7C%7C+cell_type+%3D%3D+IN11A012+%7C%7C+cell_type+%3D%3D+IN11A016+%7C%7C+cell_type+%3D%3D+IN04B099+%7C%7C+cell_type+%3D%3D+IN01A038+%7C%7C+cell_type+%3D%3D+IN01B055+%7C%7C+cell_type+%3D%3D+IN01A057+%7C%7C+cell_type+%3D%3D+IN23B080+%7C%7C+cell_type+%3D%3D+IN23B044+%7C%7C+cell_type+%3D%3D+IN01B037+%7C%7C+cell_type+%3D%3D+IN01B046+%7C%7C+cell_type+%3D%3D+IN21A010+%7C%7C+cell_type+%3D%3D+IN21A032+%7C%7C+cell_type+%3D%3D+IN21A040+%7C%7C+cell_type+%3D%3D+IN21A029+%7C%7C+cell_type+%3D%3D+IN21A052+%7C%7C+cell_type+%3D%3D+IN21A009+%7C%7C+cell_type+%3D%3D+IN21A003+%7C%7C+cell_type+%3D%3D+IN21A038+%7C%7C+cell_type+%3D%3D+IN12A007+%7C%7C+cell_type+%3D%3D+IN21A019+%7C%7C+cell_type+%3D%3D+IN03A074+%7C%7C+cell_type+%3D%3D+IN21A007+%7C%7C+cell_type+%3D%3D+IN21A076+%7C%7C+cell_type+%3D%3D+IN21A025+%7C%7C+cell_type+%3D%3D+IN20A.22A068+%7C%7C+cell_type+%3D%3D+IN20A.22A002+%7C%7C+cell_type+%3D%3D+IN03A063+%7C%7C+cell_type+%3D%3D+IN03A016+%7C%7C+cell_type+%3D%3D+IN03A005+%7C%7C+cell_type+%3D%3D+IN03A007+%7C%7C+cell_type+%3D%3D+IN01A088+%7C%7C+cell_type+%3D%3D+IN03A043+%7C%7C+cell_type+%3D%3D+IN21A050+%7C%7C+cell_type+%3D%3D+IN21A033+%7C%7C+cell_type+%3D%3D+IN21A034+%7C%7C+cell_type+%3D%3D+IN21A024+%7C%7C+cell_type+%3D%3D+IN03B032+%7C%7C+cell_type+%3D%3D+IN19B011+%7C%7C+cell_type+%3D%3D+IN01B071+%7C%7C+cell_type+%3D%3D+IN03B016+%7C%7C+cell_type+%3D%3D+IN04B070+%7C%7C+cell_type+%3D%3D+AN09B001+%7C%7C+cell_type+%3D%3D+IN12A036+%7C%7C+cell_type+%3D%3D+INXXX829_f+%7C%7C+cell_type+%3D%3D+IN12A053+%7C%7C+cell_type+%3D%3D+IN12A019+%7C%7C+cell_type+%3D%3D+IN08B004+%7C%7C+cell_type+%3D%3D+IN12A013+%7C%7C+cell_type+%3D%3D+IN16B117+%7C%7C+cell_type+%3D%3D+IN16B095+%7C%7C+cell_type+%3D%3D+IN03A022+%7C%7C+cell_type+%3D%3D+INXXX135+%7C%7C+cell_type+%3D%3D+INXXX832_f+%7C%7C+cell_type+%3D%3D+IN08A038+%7C%7C+cell_type+%3D%3D+IN16B065+%7C%7C+cell_type+%3D%3D+IN03A072+%7C%7C+cell_type+%3D%3D+IN08A033+%7C%7C+cell_type+%3D%3D+IN08A012+%7C%7C+cell_type+%3D%3D+IN09B051+%7C%7C+cell_type+%3D%3D+IN09A067+%7C%7C+cell_type+%3D%3D+IN08A039+%7C%7C+cell_type+%3D%3D+IN09A073+%7C%7C+cell_type+%3D%3D+IN17A023+%7C%7C+cell_type+%3D%3D+IN09A089+%7C%7C+cell_type+%3D%3D+IN18B017+%7C%7C+cell_type+%3D%3D+IN08A032+%7C%7C+cell_type+%3D%3D+IN21A045+%7C%7C+cell_type+%3D%3D+IN01A053+%7C%7C+cell_type+%3D%3D+IN19A063+%7C%7C+cell_type+%3D%3D+IN04B098+%7C%7C+cell_type+%3D%3D+IN12A051+%7C%7C+cell_type+%3D%3D+IN01A005+%7C%7C+cell_type+%3D%3D+IN01A019+%7C%7C+cell_type+%3D%3D+INXXX872_f+%7C%7C+cell_type+%3D%3D+IN01A060+%7C%7C+cell_type+%3D%3D+IN04B019+%7C%7C+cell_type+%3D%3D+IN21A060+%7C%7C+cell_type+%3D%3D+IN23B008+%7C%7C+cell_type+%3D%3D+IN23B001+%7C%7C+cell_type+%3D%3D+IN23B072+%7C%7C+cell_type+%3D%3D+IN11A010+%7C%7C+cell_type+%3D%3D+IN11A030+%7C%7C+cell_type+%3D%3D+IN23B078+%7C%7C+cell_type+%3D%3D+IN11A008+%7C%7C+cell_type+%3D%3D+IN11A020+%7C%7C+cell_type+%3D%3D+IN11A017+%7C%7C+cell_type+%3D%3D+IN17A096+%7C%7C+cell_type+%3D%3D+INXXX003+%7C%7C+cell_type+%3D%3D+IN06B001+%7C%7C+cell_type+%3D%3D+IN18B031+%7C%7C+cell_type+%3D%3D+IN09A059+%7C%7C+cell_type+%3D%3D+IN17A042+%7C%7C+cell_type+%3D%3D+IN18B012+%7C%7C+cell_type+%3D%3D+IN19A101+%7C%7C+cell_type+%3D%3D+IN01B015+%7C%7C+cell_type+%3D%3D+IN01B075+%7C%7C+cell_type+%3D%3D+IN01B072+%7C%7C+cell_type+%3D%3D+IN01B067+%7C%7C+cell_type+%3D%3D+IN13A033+%7C%7C+cell_type+%3D%3D+IN01B039+%7C%7C+cell_type+%3D%3D+IN01A087+%7C%7C+cell_type+%3D%3D+IN01B064+%7C%7C+cell_type+%3D%3D+IN13B085+%7C%7C+cell_type+%3D%3D+IN13B020+%7C%7C+cell_type+%3D%3D+IN13B100+%7C%7C+cell_type+%3D%3D+IN13B048+%7C%7C+cell_type+%3D%3D+IN13B034+%7C%7C+cell_type+%3D%3D+INXXX213+%7C%7C+cell_type+%3D%3D+INXXX143+%7C%7C+cell_type+%3D%3D+INXXX206+%7C%7C+cell_type+%3D%3D+INXXX429+%7C%7C+cell_type+%3D%3D+INXXX027+%7C%7C+cell_type+%3D%3D+IN13B041+%7C%7C+cell_type+%3D%3D+IN06B033+%7C%7C+cell_type+%3D%3D+IN00A058+%7C%7C+cell_type+%3D%3D+IN00A066+%7C%7C+cell_type+%3D%3D+IN05B021+%7C%7C+cell_type+%3D%3D+IN06B030+%7C%7C+cell_type+%3D%3D+IN12B042+%7C%7C+cell_type+%3D%3D+IN04B088+%7C%7C+cell_type+%3D%3D+IN21A072+%7C%7C+cell_type+%3D%3D+IN00A008+%7C%7C+cell_type+%3D%3D+IN21A066+%7C%7C+cell_type+%3D%3D+IN21A062+%7C%7C+cell_type+%3D%3D+IN21A102+%7C%7C+cell_type+%3D%3D+IN21A092+%7C%7C+cell_type+%3D%3D+IN00A013+%7C%7C+cell_type+%3D%3D+IN05B013+%7C%7C+cell_type+%3D%3D+IN04B107+%7C%7C+cell_type+%3D%3D+IN06B027+%7C%7C+cell_type+%3D%3D+IN05B003+%7C%7C+cell_type+%3D%3D+IN05B018+%7C%7C+cell_type+%3D%3D+IN12B082+%7C%7C+cell_type+%3D%3D+IN03A042+%7C%7C+cell_type+%3D%3D+IN03A095+%7C%7C+cell_type+%3D%3D+IN03A025+%7C%7C+cell_type+%3D%3D+IN05B012+%7C%7C+cell_type+%3D%3D+IN04B052+%7C%7C+cell_type+%3D%3D+IN23B036+%7C%7C+cell_type+%3D%3D+INXXX038+%7C%7C+cell_type+%3D%3D+IN18B037+%7C%7C+cell_type+%3D%3D+IN14A074+%7C%7C+cell_type+%3D%3D+IN14A105+%7C%7C+cell_type+%3D%3D+IN14A063+%7C%7C+cell_type+%3D%3D+IN18B050+%7C%7C+cell_type+%3D%3D+IN11A009+%7C%7C+cell_type+%3D%3D+IN09A024+%7C%7C+cell_type+%3D%3D+IN14A102+%7C%7C+cell_type+%3D%3D+IN19B084+%7C%7C+cell_type+%3D%3D+IN17B006+%7C%7C+cell_type+%3D%3D+IN20A.22A072+%7C%7C+cell_type+%3D%3D+IN19A040+%7C%7C+cell_type+%3D%3D+INXXX035+%7C%7C+cell_type+%3D%3D+IN12B091+%7C%7C+cell_type+%3D%3D+IN06A028+%7C%7C+cell_type+%3D%3D+IN04B106+%7C%7C+cell_type+%3D%3D+IN10B031+%7C%7C+cell_type+%3D%3D+INXXX219+%7C%7C+cell_type+%3D%3D+IN14A071+%7C%7C+cell_type+%3D%3D+INXXX846_f+%7C%7C+cell_type+%3D%3D+IN03B011+%7C%7C+cell_type+%3D%3D+IN08B085+%7C%7C+cell_type+%3D%3D+IN13A065+%7C%7C+cell_type+%3D%3D+IN03A079+%7C%7C+cell_type+%3D%3D+IN09B054+%7C%7C+cell_type+%3D%3D+IN04B072+%7C%7C+cell_type+%3D%3D+IN14A079+%7C%7C+cell_type+%3D%3D+IN14A088+%7C%7C+cell_type+%3D%3D+IN14A054+%7C%7C+cell_type+%3D%3D+IN14A118+%7C%7C+cell_type+%3D%3D+IN14A070+%7C%7C+cell_type+%3D%3D+IN12B015+%7C%7C+cell_type+%3D%3D+IN07B045+%7C%7C+cell_type+%3D%3D+IN09A040+%7C%7C+cell_type+%3D%3D+IN10B034+%7C%7C+cell_type+%3D%3D+IN01A002+%7C%7C+cell_type+%3D%3D+IN14A101+%7C%7C+cell_type+%3D%3D+IN14A091+%7C%7C+cell_type+%3D%3D+IN14A093+%7C%7C+cell_type+%3D%3D+IN04B061+%7C%7C+cell_type+%3D%3D+IN13B059+%7C%7C+cell_type+%3D%3D+IN14A116+%7C%7C+cell_type+%3D%3D+IN13B069+%7C%7C+cell_type+%3D%3D+IN00A037+%7C%7C+cell_type+%3D%3D+IN01A024+%7C%7C+cell_type+%3D%3D+IN04B021+%7C%7C+cell_type+%3D%3D+IN19A104+%7C%7C+cell_type+%3D%3D+IN23B055+%7C%7C+cell_type+%3D%3D+IN16B088+%7C%7C+cell_type+%3D%3D+IN17A046+%7C%7C+cell_type+%3D%3D+IN16B067+%7C%7C+cell_type+%3D%3D+INXXX423+%7C%7C+cell_type+%3D%3D+INXXX387+%7C%7C+cell_type+%3D%3D+IN19A034+%7C%7C+cell_type+%3D%3D+IN13B062+%7C%7C+cell_type+%3D%3D+IN21A036+%7C%7C+cell_type+%3D%3D+IN21A091+%7C%7C+cell_type+%3D%3D+IN04B005+%7C%7C+cell_type+%3D%3D+IN21A064+%7C%7C+cell_type+%3D%3D+IN21A089+%7C%7C+cell_type+%3D%3D+INXXX916_f+%7C%7C+cell_type+%3D%3D+IN09B058+%7C%7C+cell_type+%3D%3D+IN21A068+%7C%7C+cell_type+%3D%3D+IN21A082+%7C%7C+cell_type+%3D%3D+IN21A097+%7C%7C+cell_type+%3D%3D+IN01A008+%7C%7C+cell_type+%3D%3D+IN11A023+%7C%7C+cell_type+%3D%3D+IN21A084+%7C%7C+cell_type+%3D%3D+IN09B057+%7C%7C+cell_type+%3D%3D+IN19A105+%7C%7C+cell_type+%3D%3D+IN01B098+%7C%7C+cell_type+%3D%3D+IN21A039+%7C%7C+cell_type+%3D%3D+IN01B060+%7C%7C+cell_type+%3D%3D+IN21A111+%7C%7C+cell_type+%3D%3D+INXXX235+%7C%7C+cell_type+%3D%3D+INXXX946_f+%7C%7C+cell_type+%3D%3D+IN00A024+%7C%7C+cell_type+%3D%3D+IN21A074+%7C%7C+cell_type+%3D%3D+IN19A136+%7C%7C+cell_type+%3D%3D+IN19A087+%7C%7C+cell_type+%3D%3D+IN19A053+%7C%7C+cell_type+%3D%3D+IN19A126+%7C%7C+cell_type+%3D%3D+IN20A.22A011+%7C%7C+cell_type+%3D%3D+IN23B050+%7C%7C+cell_type+%3D%3D+IN23B048+%7C%7C+cell_type+%3D%3D+IN01A020+%7C%7C+cell_type+%3D%3D+IN03A023+%7C%7C+cell_type+%3D%3D+IN05B002+%7C%7C+cell_type+%3D%3D+IN23B075+%7C%7C+cell_type+%3D%3D+IN23B052+%7C%7C+cell_type+%3D%3D+IN18B044+%7C%7C+cell_type+%3D%3D+IN09A041+%7C%7C+cell_type+%3D%3D+IN21A030+%7C%7C+cell_type+%3D%3D+CV1029+%7C%7C+cell_type+%3D%3D+IN01A068+%7C%7C+cell_type+%3D%3D+IN17A013+%7C%7C+cell_type+%3D%3D+IN20A.22A022+%7C%7C+cell_type+%3D%3D+IN01B089+%7C%7C+cell_type+%3D%3D+IN00A033+%7C%7C+cell_type+%3D%3D+IN17A088+%7C%7C+cell_type+%3D%3D+INXXX227+%7C%7C+cell_type+%3D%3D+IN21A054&sort_by=&page_size=100"
"posterior brain","https://spelunker.cave-explorer.org/#!middleauth+https://global.daf-apis.com/nglstate/api/v1/5764839472365568","https://codex.flywire.ai/app/search?dataset=banc&filter_string=cell_type+%3D%3D+AN07B004+%7C%7C+cell_type+%3D%3D+AN19B017+%7C%7C+cell_type+%3D%3D+AN06B009+%7C%7C+cell_type+%3D%3D+DNa03+%7C%7C+cell_type+%3D%3D+AN27X011+%7C%7C+cell_type+%3D%3D+DNp68+%7C%7C+cell_type+%3D%3D+DNge140+%7C%7C+cell_type+%3D%3D+AN06B011+%7C%7C+cell_type+%3D%3D+DNp47+%7C%7C+cell_type+%3D%3D+DNge135+%7C%7C+cell_type+%3D%3D+DNpe026+%7C%7C+cell_type+%3D%3D+DNp57+%7C%7C+cell_type+%3D%3D+DNp38+%7C%7C+cell_type+%3D%3D+DNp54+%7C%7C+cell_type+%3D%3D+DNb04+%7C%7C+cell_type+%3D%3D+ANXXX057+%7C%7C+cell_type+%3D%3D+DNae001+%7C%7C+cell_type+%3D%3D+AN27X015+%7C%7C+cell_type+%3D%3D+AN06B040+%7C%7C+cell_type+%3D%3D+DNge043+%7C%7C+cell_type+%3D%3D+AN06B034+%7C%7C+cell_type+%3D%3D+DNpe037+%7C%7C+cell_type+%3D%3D+AN18B022+%7C%7C+cell_type+%3D%3D+ANXXX094+%7C%7C+cell_type+%3D%3D+AN10B018+%7C%7C+cell_type+%3D%3D+AN04B023+%7C%7C+cell_type+%3D%3D+DNg51+%7C%7C+cell_type+%3D%3D+AN19B049+%7C%7C+cell_type+%3D%3D+AN07B037+%7C%7C+cell_type+%3D%3D+DNp20+%7C%7C+cell_type+%3D%3D+DNpe014+%7C%7C+cell_type+%3D%3D+DNg106+%7C%7C+cell_type+%3D%3D+DNp41+%7C%7C+cell_type+%3D%3D+DNg02_d+%7C%7C+cell_type+%3D%3D+DNg11+%7C%7C+cell_type+%3D%3D+DNg02_h+%7C%7C+cell_type+%3D%3D+DNg82+%7C%7C+cell_type+%3D%3D+DNg02_f+%7C%7C+cell_type+%3D%3D+DNg09+%7C%7C+cell_type+%3D%3D+DNge113+%7C%7C+cell_type+%3D%3D+AN06B999+%7C%7C+cell_type+%3D%3D+DNg02_b+%7C%7C+cell_type+%3D%3D+DNpe010+%7C%7C+cell_type+%3D%3D+CB2093+%7C%7C+cell_type+%3D%3D+DNge111+%7C%7C+cell_type+%3D%3D+DNg02_g+%7C%7C+cell_type+%3D%3D+AN06B057+%7C%7C+cell_type+%3D%3D+DNg02_a+%7C%7C+cell_type+%3D%3D+DNpe011+%7C%7C+cell_type+%3D%3D+DNge091+%7C%7C+cell_type+%3D%3D+DNg92_b+%7C%7C+cell_type+%3D%3D+DNg01+%7C%7C+cell_type+%3D%3D+DNp16+%7C%7C+cell_type+%3D%3D+DNpe012+%7C%7C+cell_type+%3D%3D+CB3158+%7C%7C+cell_type+%3D%3D+DNg03+%7C%7C+cell_type+%3D%3D+DNge094+%7C%7C+cell_type+%3D%3D+DNpe018+%7C%7C+cell_type+%3D%3D+DNpe054+%7C%7C+cell_type+%3D%3D+DNge117+%7C%7C+cell_type+%3D%3D+DNg08_a+%7C%7C+cell_type+%3D%3D+PS084+%7C%7C+cell_type+%3D%3D+CB2050+%7C%7C+cell_type+%3D%3D+CB2205+%7C%7C+cell_type+%3D%3D+CB0688+%7C%7C+cell_type+%3D%3D+LAL158+%7C%7C+cell_type+%3D%3D+PS099a+%7C%7C+cell_type+%3D%3D+CB0131+%7C%7C+cell_type+%3D%3D+LAL143+%7C%7C+cell_type+%3D%3D+LAL203+%7C%7C+cell_type+%3D%3D+CB1622+%7C%7C+cell_type+%3D%3D+CB1394_d+%7C%7C+cell_type+%3D%3D+CB2380+%7C%7C+cell_type+%3D%3D+CB1322+%7C%7C+cell_type+%3D%3D+CB1978+%7C%7C+cell_type+%3D%3D+PS094a+%7C%7C+cell_type+%3D%3D+CB2368+%7C%7C+cell_type+%3D%3D+CB1772+%7C%7C+cell_type+%3D%3D+LAL085+%7C%7C+cell_type+%3D%3D+PS093+%7C%7C+cell_type+%3D%3D+CB3799+%7C%7C+cell_type+%3D%3D+WED145+%7C%7C+cell_type+%3D%3D+CB2523+%7C%7C+cell_type+%3D%3D+CB3739+%7C%7C+cell_type+%3D%3D+CB3803+%7C%7C+cell_type+%3D%3D+CB1983+%7C%7C+cell_type+%3D%3D+CB3140+%7C%7C+cell_type+%3D%3D+CB2077+%7C%7C+cell_type+%3D%3D+CB1479+%7C%7C+cell_type+%3D%3D+CB2037+%7C%7C+cell_type+%3D%3D+CB1292+%7C%7C+cell_type+%3D%3D+LAL168b+%7C%7C+cell_type+%3D%3D+CB2933+%7C%7C+cell_type+%3D%3D+(PS023,PS024)a+%7C%7C+cell_type+%3D%3D+LAL156a+%7C%7C+cell_type+%3D%3D+WED080,WED083,WED084,WED087+%7C%7C+cell_type+%3D%3D+PS029+%7C%7C+cell_type+%3D%3D+PS094b+%7C%7C+cell_type+%3D%3D+WED007+%7C%7C+cell_type+%3D%3D+PS276+%7C%7C+cell_type+%3D%3D+PS086+%7C%7C+cell_type+%3D%3D+CB1766+%7C%7C+cell_type+%3D%3D+WEDPN8B+%7C%7C+cell_type+%3D%3D+CB1145+%7C%7C+cell_type+%3D%3D+CB2666+%7C%7C+cell_type+%3D%3D+CB2294+%7C%7C+cell_type+%3D%3D+CB2972+%7C%7C+cell_type+%3D%3D+CB1231+%7C%7C+cell_type+%3D%3D+WED162+%7C%7C+cell_type+%3D%3D+WED017+%7C%7C+cell_type+%3D%3D+CB2067+%7C%7C+cell_type+%3D%3D+WED023+%7C%7C+cell_type+%3D%3D+CB1818+%7C%7C+cell_type+%3D%3D+CB3200b+%7C%7C+cell_type+%3D%3D+CB1464+%7C%7C+cell_type+%3D%3D+CB0380+%7C%7C+cell_type+%3D%3D+PS005+%7C%7C+cell_type+%3D%3D+CB2252+%7C%7C+cell_type+%3D%3D+PS234+%7C%7C+cell_type+%3D%3D+PS164,PS165+%7C%7C+cell_type+%3D%3D+PS215+%7C%7C+cell_type+%3D%3D+LAL132a+%7C%7C+cell_type+%3D%3D+CB2664+%7C%7C+cell_type+%3D%3D+WED168+%7C%7C+cell_type+%3D%3D+SAD007+%7C%7C+cell_type+%3D%3D+CB3794+%7C%7C+cell_type+%3D%3D+CB2267_a+%7C%7C+cell_type+%3D%3D+CB0122+%7C%7C+cell_type+%3D%3D+CB1125+%7C%7C+cell_type+%3D%3D+CB3631+%7C%7C+cell_type+%3D%3D+WEDPN9+%7C%7C+cell_type+%3D%3D+CB1960+%7C%7C+cell_type+%3D%3D+WED004+%7C%7C+cell_type+%3D%3D+WED002a+%7C%7C+cell_type+%3D%3D+CB1283+%7C%7C+cell_type+%3D%3D+LAL167a+%7C%7C+cell_type+%3D%3D+CB2431+%7C%7C+cell_type+%3D%3D+SAD009+%7C%7C+cell_type+%3D%3D+CB3320+%7C%7C+cell_type+%3D%3D+CB3177+%7C%7C+cell_type+%3D%3D+CB1666+%7C%7C+cell_type+%3D%3D+CB0962+%7C%7C+cell_type+%3D%3D+CB0671+%7C%7C+cell_type+%3D%3D+CB0195+%7C%7C+cell_type+%3D%3D+LAL017+%7C%7C+cell_type+%3D%3D+CB0478+%7C%7C+cell_type+%3D%3D+CB3746+%7C%7C+cell_type+%3D%3D+PS078+%7C%7C+cell_type+%3D%3D+WED103+%7C%7C+cell_type+%3D%3D+WED152+%7C%7C+cell_type+%3D%3D+PS058+%7C%7C+cell_type+%3D%3D+PS080+%7C%7C+cell_type+%3D%3D+WED121+%7C%7C+cell_type+%3D%3D+CB0989+%7C%7C+cell_type+%3D%3D+CB0451+%7C%7C+cell_type+%3D%3D+CB0755+%7C%7C+cell_type+%3D%3D+PS208b+%7C%7C+cell_type+%3D%3D+CB1747+%7C%7C+cell_type+%3D%3D+PS181+%7C%7C+cell_type+%3D%3D+CB0784+%7C%7C+cell_type+%3D%3D+PS037+%7C%7C+cell_type+%3D%3D+CB0751+%7C%7C+cell_type+%3D%3D+PS279+%7C%7C+cell_type+%3D%3D+CB1131+%7C%7C+cell_type+%3D%3D+CB1094+%7C%7C+cell_type+%3D%3D+PS225+%7C%7C+cell_type+%3D%3D+WED026+%7C%7C+cell_type+%3D%3D+CB0309+%7C%7C+cell_type+%3D%3D+CB2503+%7C%7C+cell_type+%3D%3D+PS209+%7C%7C+cell_type+%3D%3D+WED096a+%7C%7C+cell_type+%3D%3D+PLP209+%7C%7C+cell_type+%3D%3D+PS091+%7C%7C+cell_type+%3D%3D+CB1693+%7C%7C+cell_type+%3D%3D+CB0979+%7C%7C+cell_type+%3D%3D+CL131+%7C%7C+cell_type+%3D%3D+CB1834+%7C%7C+cell_type+%3D%3D+AOTU048+%7C%7C+cell_type+%3D%3D+CL118+%7C%7C+cell_type+%3D%3D+CB2408+%7C%7C+cell_type+%3D%3D+LAL126+%7C%7C+cell_type+%3D%3D+CB1042+%7C%7C+cell_type+%3D%3D+LAL096,LAL097+%7C%7C+cell_type+%3D%3D+CB0581+%7C%7C+cell_type+%3D%3D+WED057+%7C%7C+cell_type+%3D%3D+PS300+%7C%7C+cell_type+%3D%3D+WED164b+%7C%7C+cell_type+%3D%3D+CB2694+%7C%7C+cell_type+%3D%3D+PS230,PLP242+%7C%7C+cell_type+%3D%3D+WED125+%7C%7C+cell_type+%3D%3D+PS053+%7C%7C+cell_type+%3D%3D+WED033+%7C%7C+cell_type+%3D%3D+CB0595+%7C%7C+cell_type+%3D%3D+CB1826+%7C%7C+cell_type+%3D%3D+CB0305+%7C%7C+cell_type+%3D%3D+CB3734+%7C%7C+cell_type+%3D%3D+PLP100+%7C%7C+cell_type+%3D%3D+OCC01a+%7C%7C+cell_type+%3D%3D+CB2084+%7C%7C+cell_type+%3D%3D+CB2044+%7C%7C+cell_type+%3D%3D+CB2415+%7C%7C+cell_type+%3D%3D+SAD011,SAD019+%7C%7C+cell_type+%3D%3D+CL204+%7C%7C+cell_type+%3D%3D+WED163c+%7C%7C+cell_type+%3D%3D+PLP172+%7C%7C+cell_type+%3D%3D+PS055+%7C%7C+cell_type+%3D%3D+CB1055+%7C%7C+cell_type+%3D%3D+CB2213+%7C%7C+cell_type+%3D%3D+OCC02a+%7C%7C+cell_type+%3D%3D+SAD090+%7C%7C+cell_type+%3D%3D+PS251+%7C%7C+cell_type+%3D%3D+CB1047+%7C%7C+cell_type+%3D%3D+CB1997+%7C%7C+cell_type+%3D%3D+CB0556+%7C%7C+cell_type+%3D%3D+CB0539+%7C%7C+cell_type+%3D%3D+CB0228+%7C%7C+cell_type+%3D%3D+CB3063+%7C%7C+cell_type+%3D%3D+CB3800+%7C%7C+cell_type+%3D%3D+CB2126+%7C%7C+cell_type+%3D%3D+CB0249+%7C%7C+cell_type+%3D%3D+CB3587+%7C%7C+cell_type+%3D%3D+CB0527+%7C%7C+cell_type+%3D%3D+CB3673+%7C%7C+cell_type+%3D%3D+LAL048+%7C%7C+cell_type+%3D%3D+CB1394_b+%7C%7C+cell_type+%3D%3D+WED102+%7C%7C+cell_type+%3D%3D+CB1012+%7C%7C+cell_type+%3D%3D+CB1893+%7C%7C+cell_type+%3D%3D+WED002c+%7C%7C+cell_type+%3D%3D+CB2190+%7C%7C+cell_type+%3D%3D+WED034,WED035+%7C%7C+cell_type+%3D%3D+CB1439+%7C%7C+cell_type+%3D%3D+CB0978+%7C%7C+cell_type+%3D%3D+PS047b+%7C%7C+cell_type+%3D%3D+WED056+%7C%7C+cell_type+%3D%3D+SAD034+%7C%7C+cell_type+%3D%3D+CB3111+%7C%7C+cell_type+%3D%3D+CB0237+%7C%7C+cell_type+%3D%3D+PS115+%7C%7C+cell_type+%3D%3D+SAD076+%7C%7C+cell_type+%3D%3D+WED018+%7C%7C+cell_type+%3D%3D+CB2313+%7C%7C+cell_type+%3D%3D+WED082+%7C%7C+cell_type+%3D%3D+CB1944+%7C%7C+cell_type+%3D%3D+CB0327+%7C%7C+cell_type+%3D%3D+CB1856+%7C%7C+cell_type+%3D%3D+CB2872+%7C%7C+cell_type+%3D%3D+AMMC028+%7C%7C+cell_type+%3D%3D+PS137+%7C%7C+cell_type+%3D%3D+WED130+%7C%7C+cell_type+%3D%3D+CB2033+%7C%7C+cell_type+%3D%3D+AOTU052+%7C%7C+cell_type+%3D%3D+CB2267_b+%7C%7C+cell_type+%3D%3D+CB1407+%7C%7C+cell_type+%3D%3D+WEDPN1A+%7C%7C+cell_type+%3D%3D+CB0486+%7C%7C+cell_type+%3D%3D+CB3682+%7C%7C+cell_type+%3D%3D+PS291+%7C%7C+cell_type+%3D%3D+CB0345+%7C%7C+cell_type+%3D%3D+PS194+%7C%7C+cell_type+%3D%3D+CL053+%7C%7C+cell_type+%3D%3D+IB117+%7C%7C+cell_type+%3D%3D+SAD008+%7C%7C+cell_type+%3D%3D+CB1896+%7C%7C+cell_type+%3D%3D+CB3560+%7C%7C+cell_type+%3D%3D+PS224+%7C%7C+cell_type+%3D%3D+PS161+%7C%7C+cell_type+%3D%3D+CL121_a+%7C%7C+cell_type+%3D%3D+LAL190+%7C%7C+cell_type+%3D%3D+CB2800+%7C%7C+cell_type+%3D%3D+CB4230+%7C%7C+cell_type+%3D%3D+PS092+%7C%7C+cell_type+%3D%3D+CB0742+%7C%7C+cell_type+%3D%3D+PS005_a+%7C%7C+cell_type+%3D%3D+LAL153+%7C%7C+cell_type+%3D%3D+CB1028+%7C%7C+cell_type+%3D%3D+PS141,PS147+%7C%7C+cell_type+%3D%3D+LAL026+%7C%7C+cell_type+%3D%3D+LAL176,LAL177+%7C%7C+cell_type+%3D%3D+WED127+%7C%7C+cell_type+%3D%3D+CB0958+%7C%7C+cell_type+%3D%3D+PS140+%7C%7C+cell_type+%3D%3D+WED094c+%7C%7C+cell_type+%3D%3D+CB2663+%7C%7C+cell_type+%3D%3D+CB2309+%7C%7C+cell_type+%3D%3D+LAL021+%7C%7C+cell_type+%3D%3D+ATL016+%7C%7C+cell_type+%3D%3D+PS052+%7C%7C+cell_type+%3D%3D+LAL131a+%7C%7C+cell_type+%3D%3D+CB2774+%7C%7C+cell_type+%3D%3D+CB2000+%7C%7C+cell_type+%3D%3D+WED165+%7C%7C+cell_type+%3D%3D+LAL179a+%7C%7C+cell_type+%3D%3D+CB0382+%7C%7C+cell_type+%3D%3D+LAL103,LAL109+%7C%7C+cell_type+%3D%3D+PS197,PS198+%7C%7C+cell_type+%3D%3D+CB2149+%7C%7C+cell_type+%3D%3D+SAD003+%7C%7C+cell_type+%3D%3D+CB2710+%7C%7C+cell_type+%3D%3D+CB0404+%7C%7C+cell_type+%3D%3D+CB3537+%7C%7C+cell_type+%3D%3D+CB0983+%7C%7C+cell_type+%3D%3D+PS247+%7C%7C+cell_type+%3D%3D+PLP208+%7C%7C+cell_type+%3D%3D+CB1098+%7C%7C+cell_type+%3D%3D+CB2558+%7C%7C+cell_type+%3D%3D+CB3646+%7C%7C+cell_type+%3D%3D+WED181+%7C%7C+cell_type+%3D%3D+PS034+%7C%7C+cell_type+%3D%3D+PS025+%7C%7C+cell_type+%3D%3D+CB1014+%7C%7C+cell_type+%3D%3D+SAD047+%7C%7C+cell_type+%3D%3D+CB1268+%7C%7C+cell_type+%3D%3D+CB3295+%7C%7C+cell_type+%3D%3D+CB0415+%7C%7C+cell_type+%3D%3D+CB3740+%7C%7C+cell_type+%3D%3D+WED153+%7C%7C+cell_type+%3D%3D+CB1433+%7C%7C+cell_type+%3D%3D+CB3372+%7C%7C+cell_type+%3D%3D+PS268+%7C%7C+cell_type+%3D%3D+CB0957+%7C%7C+cell_type+%3D%3D+WED041b+%7C%7C+cell_type+%3D%3D+WED155a+%7C%7C+cell_type+%3D%3D+WED26b+%7C%7C+cell_type+%3D%3D+PS241a+%7C%7C+cell_type+%3D%3D+CB1825+%7C%7C+cell_type+%3D%3D+WED151+%7C%7C+cell_type+%3D%3D+CB0358+%7C%7C+cell_type+%3D%3D+WED164a+%7C%7C+cell_type+%3D%3D+PS022+%7C%7C+cell_type+%3D%3D+CB3200+%7C%7C+cell_type+%3D%3D+PS263+%7C%7C+cell_type+%3D%3D+CB1458+%7C%7C+cell_type+%3D%3D+CB0977+%7C%7C+cell_type+%3D%3D+CB1585+%7C%7C+cell_type+%3D%3D+IB033,IB039+%7C%7C+cell_type+%3D%3D+PS026+%7C%7C+cell_type+%3D%3D+CB0155+%7C%7C+cell_type+%3D%3D+CB1881+%7C%7C+cell_type+%3D%3D+CB1260+%7C%7C+cell_type+%3D%3D+CB2582+%7C%7C+cell_type+%3D%3D+CB1836+%7C%7C+cell_type+%3D%3D+PS280+%7C%7C+cell_type+%3D%3D+CB1138+%7C%7C+cell_type+%3D%3D+CB1291+%7C%7C+cell_type+%3D%3D+CB0333+%7C%7C+cell_type+%3D%3D+CB2169+%7C%7C+cell_type+%3D%3D+VES056+%7C%7C+cell_type+%3D%3D+CB1350+%7C%7C+cell_type+%3D%3D+PLP078+%7C%7C+cell_type+%3D%3D+CB3150+%7C%7C+cell_type+%3D%3D+WED085+%7C%7C+cell_type+%3D%3D+LAL145+%7C%7C+cell_type+%3D%3D+CB0214+%7C%7C+cell_type+%3D%3D+PS292+%7C%7C+cell_type+%3D%3D+CB2821+%7C%7C+cell_type+%3D%3D+PS200+%7C%7C+cell_type+%3D%3D+PS156+%7C%7C+cell_type+%3D%3D+CB0675+%7C%7C+cell_type+%3D%3D+CB1394_a+%7C%7C+cell_type+%3D%3D+CB0509+%7C%7C+cell_type+%3D%3D+PS138+%7C%7C+cell_type+%3D%3D+PS117a+%7C%7C+cell_type+%3D%3D+PS004b+%7C%7C+cell_type+%3D%3D+PS008+%7C%7C+cell_type+%3D%3D+IB026+%7C%7C+cell_type+%3D%3D+CB0398+%7C%7C+cell_type+%3D%3D+CB2417+%7C%7C+cell_type+%3D%3D+SAD077+%7C%7C+cell_type+%3D%3D+WED095+%7C%7C+cell_type+%3D%3D+CB1265+%7C%7C+cell_type+%3D%3D+PLP139,PLP140+%7C%7C+cell_type+%3D%3D+IB044+%7C%7C+cell_type+%3D%3D+PPM1204,PS139+%7C%7C+cell_type+%3D%3D+IB025+%7C%7C+cell_type+%3D%3D+CB2653+%7C%7C+cell_type+%3D%3D+WED096c+%7C%7C+cell_type+%3D%3D+LAL133b+%7C%7C+cell_type+%3D%3D+PS117b+%7C%7C+cell_type+%3D%3D+WED101+%7C%7C+cell_type+%3D%3D+SAD080+%7C%7C+cell_type+%3D%3D+CB3870+%7C%7C+cell_type+%3D%3D+WED099+%7C%7C+cell_type+%3D%3D+WED100+%7C%7C+cell_type+%3D%3D+CB0194+%7C%7C+cell_type+%3D%3D+CB0630+%7C%7C+cell_type+%3D%3D+CB0374+%7C%7C+cell_type+%3D%3D+PS143,PS149+%7C%7C+cell_type+%3D%3D+OCG02a+%7C%7C+cell_type+%3D%3D+CB2825+%7C%7C+cell_type+%3D%3D+CB3796+%7C%7C+cell_type+%3D%3D+CB0619+%7C%7C+cell_type+%3D%3D+PS213+%7C%7C+cell_type+%3D%3D+PS114+%7C%7C+cell_type+%3D%3D+CB2389+%7C%7C+cell_type+%3D%3D+CB2270+%7C%7C+cell_type+%3D%3D+PS220+%7C%7C+cell_type+%3D%3D+CB3743+%7C%7C+cell_type+%3D%3D+PS221+%7C%7C+cell_type+%3D%3D+CB1222+%7C%7C+cell_type+%3D%3D+CB0285+%7C%7C+cell_type+%3D%3D+CB2893+%7C%7C+cell_type+%3D%3D+CB1053+%7C%7C+cell_type+%3D%3D+CB2698+%7C%7C+cell_type+%3D%3D+CB3750+%7C%7C+cell_type+%3D%3D+CB0058+%7C%7C+cell_type+%3D%3D+CB0598+%7C%7C+cell_type+%3D%3D+CB3784+%7C%7C+cell_type+%3D%3D+CB3183+%7C%7C+cell_type+%3D%3D+CB0397+%7C%7C+cell_type+%3D%3D+PLP228+%7C%7C+cell_type+%3D%3D+CL336+%7C%7C+cell_type+%3D%3D+LAL156b+%7C%7C+cell_type+%3D%3D+AOTU019+%7C%7C+cell_type+%3D%3D+CB0390+%7C%7C+cell_type+%3D%3D+LAL152+%7C%7C+cell_type+%3D%3D+PS170+%7C%7C+cell_type+%3D%3D+CB3058+%7C%7C+cell_type+%3D%3D+CL155+%7C%7C+cell_type+%3D%3D+PS112+%7C%7C+cell_type+%3D%3D+SMPp&v1A_H01+%7C%7C+cell_type+%3D%3D+CB2440+%7C%7C+cell_type+%3D%3D+LAL196+%7C%7C+cell_type+%3D%3D+CB2263+%7C%7C+cell_type+%3D%3D+CB2225+%7C%7C+cell_type+%3D%3D+CB0582+%7C%7C+cell_type+%3D%3D+CB0268+%7C%7C+cell_type+%3D%3D+CB1805+%7C%7C+cell_type+%3D%3D+CB0121+%7C%7C+cell_type+%3D%3D+CB1496+%7C%7C+cell_type+%3D%3D+PS100+%7C%7C+cell_type+%3D%3D+CB2473+%7C%7C+cell_type+%3D%3D+CB0990+%7C%7C+cell_type+%3D%3D+CB1792+%7C%7C+cell_type+%3D%3D+PS109+%7C%7C+cell_type+%3D%3D+PS108+%7C%7C+cell_type+%3D%3D+CB2139+%7C%7C+cell_type+%3D%3D+CB1038+%7C%7C+cell_type+%3D%3D+CB0980+%7C%7C+cell_type+%3D%3D+CB0986+%7C%7C+cell_type+%3D%3D+PPM1202+%7C%7C+cell_type+%3D%3D+CB0987+%7C%7C+cell_type+%3D%3D+CB1786_a+%7C%7C+cell_type+%3D%3D+CB2351+%7C%7C+cell_type+%3D%3D+CB2912+%7C%7C+cell_type+%3D%3D+CB2913+%7C%7C+cell_type+%3D%3D+LAL013+%7C%7C+cell_type+%3D%3D+LAL025+%7C%7C+cell_type+%3D%3D+LAL012+%7C%7C+cell_type+%3D%3D+PS013+%7C%7C+cell_type+%3D%3D+CB2697+%7C%7C+cell_type+%3D%3D+PLP071+%7C%7C+cell_type+%3D%3D+CB1785+%7C%7C+cell_type+%3D%3D+WED070+%7C%7C+cell_type+%3D%3D+PS090b+%7C%7C+cell_type+%3D%3D+LAL081+%7C%7C+cell_type+%3D%3D+PS095+%7C%7C+cell_type+%3D%3D+PS088+%7C%7C+cell_type+%3D%3D+PS090a+%7C%7C+cell_type+%3D%3D+WED016+%7C%7C+cell_type+%3D%3D+CB3802+%7C%7C+cell_type+%3D%3D+CB0652+%7C%7C+cell_type+%3D%3D+CB1980+%7C%7C+cell_type+%3D%3D+PS196a+%7C%7C+cell_type+%3D%3D+PS192+%7C%7C+cell_type+%3D%3D+PS196b+%7C%7C+cell_type+%3D%3D+PLP230+%7C%7C+cell_type+%3D%3D+CB2382+%7C%7C+cell_type+%3D%3D+PS231+%7C%7C+cell_type+%3D%3D+PS188a+%7C%7C+cell_type+%3D%3D+CB3113+%7C%7C+cell_type+%3D%3D+PS232+%7C%7C+cell_type+%3D%3D+PS233+%7C%7C+cell_type+%3D%3D+CB0220+%7C%7C+cell_type+%3D%3D+CB0567+%7C%7C+cell_type+%3D%3D+PS193c+%7C%7C+cell_type+%3D%3D+PS087+%7C%7C+cell_type+%3D%3D+CB1607+%7C%7C+cell_type+%3D%3D+LAL180+%7C%7C+cell_type+%3D%3D+PS188c+%7C%7C+cell_type+%3D%3D+CB1541+%7C%7C+cell_type+%3D%3D+PLP234+%7C%7C+cell_type+%3D%3D+CB2447+%7C%7C+cell_type+%3D%3D+WED128,WED129+%7C%7C+cell_type+%3D%3D+CB3363+%7C%7C+cell_type+%3D%3D+PS252+%7C%7C+cell_type+%3D%3D+PLP237+%7C%7C+cell_type+%3D%3D+CB2102+%7C%7C+cell_type+%3D%3D+CB0679+%7C%7C+cell_type+%3D%3D+CB3275+%7C%7C+cell_type+%3D%3D+CB4238+%7C%7C+cell_type+%3D%3D+OCC01b+%7C%7C+cell_type+%3D%3D+CB0344+%7C%7C+cell_type+%3D%3D+CB4240+%7C%7C+cell_type+%3D%3D+PLP073+%7C%7C+cell_type+%3D%3D+PS076+%7C%7C+cell_type+%3D%3D+CB0757+%7C%7C+cell_type+%3D%3D+LAL127+%7C%7C+cell_type+%3D%3D+CB2630+%7C%7C+cell_type+%3D%3D+PS074+%7C%7C+cell_type+%3D%3D+CB2420+%7C%7C+cell_type+%3D%3D+PS124+%7C%7C+cell_type+%3D%3D+IB097+%7C%7C+cell_type+%3D%3D+CB2348+%7C%7C+cell_type+%3D%3D+CB1474+%7C%7C+cell_type+%3D%3D+CB3793+%7C%7C+cell_type+%3D%3D+CB1046+%7C%7C+cell_type+%3D%3D+CB0644+%7C%7C+cell_type+%3D%3D+CB3953+%7C%7C+cell_type+%3D%3D+CB2361+%7C%7C+cell_type+%3D%3D+CB1030+%7C%7C+cell_type+%3D%3D+WED166_d+%7C%7C+cell_type+%3D%3D+CB2956+%7C%7C+cell_type+%3D%3D+CB3082+%7C%7C+cell_type+%3D%3D+CB3343+%7C%7C+cell_type+%3D%3D+CB3941+%7C%7C+cell_type+%3D%3D+PS267+%7C%7C+cell_type+%3D%3D+PS238+%7C%7C+cell_type+%3D%3D+CB0676+%7C%7C+cell_type+%3D%3D+PS265+%7C%7C+cell_type+%3D%3D+LAL194+%7C%7C+cell_type+%3D%3D+CB2883+%7C%7C+cell_type+%3D%3D+CB0681+%7C%7C+cell_type+%3D%3D+CB2237+%7C%7C+cell_type+%3D%3D+WED010+%7C%7C+cell_type+%3D%3D+VP4+VL1_l2PN+%7C%7C+cell_type+%3D%3D+PS019+%7C%7C+cell_type+%3D%3D+PS010+%7C%7C+cell_type+%3D%3D+PS041+%7C%7C+cell_type+%3D%3D+CB1854+%7C%7C+cell_type+%3D%3D+WED071+%7C%7C+cell_type+%3D%3D+LAL019+%7C%7C+cell_type+%3D%3D+PS030+%7C%7C+cell_type+%3D%3D+CB0574+%7C%7C+cell_type+%3D%3D+PS018b+%7C%7C+cell_type+%3D%3D+PS021+%7C%7C+cell_type+%3D%3D+CB0981+%7C%7C+cell_type+%3D%3D+CB0144+%7C%7C+cell_type+%3D%3D+CB0854+%7C%7C+cell_type+%3D%3D+CB0215+%7C%7C+cell_type+%3D%3D+CB0488+%7C%7C+cell_type+%3D%3D+CB0172+%7C%7C+cell_type+%3D%3D+CB1339+%7C%7C+cell_type+%3D%3D+PLP178+%7C%7C+cell_type+%3D%3D+PS193b+%7C%7C+cell_type+%3D%3D+AOTU053+%7C%7C+cell_type+%3D%3D+PS187+%7C%7C+cell_type+%3D%3D+PS184,PS272+%7C%7C+cell_type+%3D%3D+AOTU049+%7C%7C+cell_type+%3D%3D+CB0206+%7C%7C+cell_type+%3D%3D+CB2953+%7C%7C+cell_type+%3D%3D+PS180+%7C%7C+cell_type+%3D%3D+PS182+%7C%7C+cell_type+%3D%3D+CB1609+%7C%7C+cell_type+%3D%3D+CB0547+%7C%7C+cell_type+%3D%3D+CB0238+%7C%7C+cell_type+%3D%3D+CB2308+%7C%7C+cell_type+%3D%3D+CB0318+%7C%7C+cell_type+%3D%3D+PS018a+%7C%7C+cell_type+%3D%3D+WED002d+%7C%7C+cell_type+%3D%3D+(PS023,PS024)b+%7C%7C+cell_type+%3D%3D+LAL018+%7C%7C+cell_type+%3D%3D+LAL014+%7C%7C+cell_type+%3D%3D+LAL020+%7C%7C+cell_type+%3D%3D+PS038a+%7C%7C+cell_type+%3D%3D+PS031+%7C%7C+cell_type+%3D%3D+PS059+%7C%7C+cell_type+%3D%3D+WED006+%7C%7C+cell_type+%3D%3D+ALIN2+%7C%7C+cell_type+%3D%3D+PS063+%7C%7C+cell_type+%3D%3D+IB010+%7C%7C+cell_type+%3D%3D+IB008+%7C%7C+cell_type+%3D%3D+CB0690+%7C%7C+cell_type+%3D%3D+CB1418+%7C%7C+cell_type+%3D%3D+CB0021+%7C%7C+cell_type+%3D%3D+CB3741+%7C%7C+cell_type+%3D%3D+CB0625+%7C%7C+cell_type+%3D%3D+PS174+%7C%7C+cell_type+%3D%3D+PS235,PS261+%7C%7C+cell_type+%3D%3D+PS239+%7C%7C+cell_type+%3D%3D+PS177+%7C%7C+cell_type+%3D%3D+LAL184+%7C%7C+cell_type+%3D%3D+WED155b+%7C%7C+cell_type+%3D%3D+PS242+%7C%7C+cell_type+%3D%3D+CB0651+%7C%7C+cell_type+%3D%3D+PS262+%7C%7C+cell_type+%3D%3D+CB3220+%7C%7C+cell_type+%3D%3D+CB3716+%7C%7C+cell_type+%3D%3D+CB2826+%7C%7C+cell_type+%3D%3D+LAL120b+%7C%7C+cell_type+%3D%3D+LAL074,LAL084+%7C%7C+cell_type+%3D%3D+CB1849+%7C%7C+cell_type+%3D%3D+LAL124+%7C%7C+cell_type+%3D%3D+PS082+%7C%7C+cell_type+%3D%3D+CB3581+%7C%7C+cell_type+%3D%3D+M_l2PN10t19b+%7C%7C+cell_type+%3D%3D+VP3+_l2PN+%7C%7C+cell_type+%3D%3D+CB3437+%7C%7C+cell_type+%3D%3D+LAL104,LAL105+%7C%7C+cell_type+%3D%3D+LAL117b+%7C%7C+cell_type+%3D%3D+LAL111,PS060+%7C%7C+cell_type+%3D%3D+PS099b+%7C%7C+cell_type+%3D%3D+CB0224+%7C%7C+cell_type+%3D%3D+CB0442+%7C%7C+cell_type+%3D%3D+CB0164+%7C%7C+cell_type+%3D%3D+CB0141+%7C%7C+cell_type+%3D%3D+DNge089+%7C%7C+cell_type+%3D%3D+CB0045+%7C%7C+cell_type+%3D%3D+CB0564+%7C%7C+cell_type+%3D%3D+CB4235+%7C%7C+cell_type+%3D%3D+CB2865+%7C%7C+cell_type+%3D%3D+PS048b+%7C%7C+cell_type+%3D%3D+PS051+%7C%7C+cell_type+%3D%3D+CB2778+%7C%7C+cell_type+%3D%3D+PS048a+%7C%7C+cell_type+%3D%3D+PS046+%7C%7C+cell_type+%3D%3D+LAL056+%7C%7C+cell_type+%3D%3D+CB4237+%7C%7C+cell_type+%3D%3D+CB3453+%7C%7C+cell_type+%3D%3D+WEDPN7B+%7C%7C+cell_type+%3D%3D+CB3805+%7C%7C+cell_type+%3D%3D+CB3524+%7C%7C+cell_type+%3D%3D+CB0230+%7C%7C+cell_type+%3D%3D+LAL089+%7C%7C+cell_type+%3D%3D+LAL122+%7C%7C+cell_type+%3D%3D+WEDPN14+%7C%7C+cell_type+%3D%3D+SAD005,SAD006+%7C%7C+cell_type+%3D%3D+PS049+%7C%7C+cell_type+%3D%3D+CB0086+%7C%7C+cell_type+%3D%3D+CB3381+%7C%7C+cell_type+%3D%3D+LAL120a+%7C%7C+cell_type+%3D%3D+LAL139+%7C%7C+cell_type+%3D%3D+PLP196+%7C%7C+cell_type+%3D%3D+CL309+%7C%7C+cell_type+%3D%3D+PS172+%7C%7C+cell_type+%3D%3D+WED024+%7C%7C+cell_type+%3D%3D+AOTU032,AOTU034+%7C%7C+cell_type+%3D%3D+WED031+%7C%7C+cell_type+%3D%3D+LAL059+%7C%7C+cell_type+%3D%3D+LAL046+%7C%7C+cell_type+%3D%3D+WED028+%7C%7C+cell_type+%3D%3D+CB2924+%7C%7C+cell_type+%3D%3D+CB1564+%7C%7C+cell_type+%3D%3D+PS061+%7C%7C+cell_type+%3D%3D+PLP124+%7C%7C+cell_type+%3D%3D+SAD030+%7C%7C+cell_type+%3D%3D+WED122+%7C%7C+cell_type+%3D%3D+PLP213+%7C%7C+cell_type+%3D%3D+PLP170+%7C%7C+cell_type+%3D%3D+PLP103a+%7C%7C+cell_type+%3D%3D+LAL055+%7C%7C+cell_type+%3D%3D+IB045+%7C%7C+cell_type+%3D%3D+CB3738+%7C%7C+cell_type+%3D%3D+OA-VUMa1+%7C%7C+cell_type+%3D%3D+CB3916+%7C%7C+cell_type+%3D%3D+M_lv2PN9t49a+%7C%7C+cell_type+%3D%3D+LAL157+%7C%7C+cell_type+%3D%3D+CB1635+%7C%7C+cell_type+%3D%3D+CB2461+%7C%7C+cell_type+%3D%3D+PLP103c+%7C%7C+cell_type+%3D%3D+PS054+%7C%7C+cell_type+%3D%3D+CB1786+%7C%7C+cell_type+%3D%3D+PLP025a+%7C%7C+cell_type+%3D%3D+WEDPN7C+%7C%7C+cell_type+%3D%3D+CB0025+%7C%7C+cell_type+%3D%3D+CB0073+%7C%7C+cell_type+%3D%3D+PS303+%7C%7C+cell_type+%3D%3D+SAD093+%7C%7C+cell_type+%3D%3D+CB0368+%7C%7C+cell_type+%3D%3D+CB2397+%7C%7C+cell_type+%3D%3D+CB3912+%7C%7C+cell_type+%3D%3D+LAL188+%7C%7C+cell_type+%3D%3D+CB0320+%7C%7C+cell_type+%3D%3D+CB1029+%7C%7C+cell_type+%3D%3D+PLP012+%7C%7C+cell_type+%3D%3D+WED144+%7C%7C+cell_type+%3D%3D+LAL133a+%7C%7C+cell_type+%3D%3D+ATL030+%7C%7C+cell_type+%3D%3D+CB2347+%7C%7C+cell_type+%3D%3D+CB1533+%7C%7C+cell_type+%3D%3D+WED040+%7C%7C+cell_type+%3D%3D+CB2640+%7C%7C+cell_type+%3D%3D+CB2366+%7C%7C+cell_type+%3D%3D+CB2267_c+%7C%7C+cell_type+%3D%3D+CB1830+%7C%7C+cell_type+%3D%3D+CB0530+%7C%7C+cell_type+%3D%3D+WED025+%7C%7C+cell_type+%3D%3D+WEDPN10B+%7C%7C+cell_type+%3D%3D+CL339+%7C%7C+cell_type+%3D%3D+PS005_f+%7C%7C+cell_type+%3D%3D+PS004a+%7C%7C+cell_type+%3D%3D+LAL132b+%7C%7C+cell_type+%3D%3D+CB1394_c+%7C%7C+cell_type+%3D%3D+PS126+%7C%7C+cell_type+%3D%3D+WED096b+%7C%7C+cell_type+%3D%3D+WED097+%7C%7C+cell_type+%3D%3D+PS118+%7C%7C+cell_type+%3D%3D+WED094a+%7C%7C+cell_type+%3D%3D+PS097+%7C%7C+cell_type+%3D%3D+CB4229+%7C%7C+cell_type+%3D%3D+PS057+%7C%7C+cell_type+%3D%3D+PLP041,PLP043+%7C%7C+cell_type+%3D%3D+PLP037a+%7C%7C+cell_type+%3D%3D+CB0654+%7C%7C+cell_type+%3D%3D+WED038b+%7C%7C+cell_type+%3D%3D+PLP029+%7C%7C+cell_type+%3D%3D+WED038a+%7C%7C+cell_type+%3D%3D+CB0945+%7C%7C+cell_type+%3D%3D+PS083b+%7C%7C+cell_type+%3D%3D+CB0640+%7C%7C+cell_type+%3D%3D+CB3102+%7C%7C+cell_type+%3D%3D+WED032+%7C%7C+cell_type+%3D%3D+WED012+%7C%7C+cell_type+%3D%3D+CB2855+%7C%7C+cell_type+%3D%3D+CB1654+%7C%7C+cell_type+%3D%3D+CB2950+%7C%7C+cell_type+%3D%3D+LHPV6q1+%7C%7C+cell_type+%3D%3D+WED020_b+%7C%7C+cell_type+%3D%3D+CB1827+%7C%7C+cell_type+%3D%3D+WED013+%7C%7C+cell_type+%3D%3D+CB2963+%7C%7C+cell_type+%3D%3D+CB1202+%7C%7C+cell_type+%3D%3D+CB3648+%7C%7C+cell_type+%3D%3D+PS083a+%7C%7C+cell_type+%3D%3D+PLP092+%7C%7C+cell_type+%3D%3D+WED029+%7C%7C+cell_type+%3D%3D+WED011+%7C%7C+cell_type+%3D%3D+WED161+%7C%7C+cell_type+%3D%3D+PS047a+%7C%7C+cell_type+%3D%3D+WED008+%7C%7C+cell_type+%3D%3D+CB2848+%7C%7C+cell_type+%3D%3D+CB2236+%7C%7C+cell_type+%3D%3D+CB2957+%7C%7C+cell_type+%3D%3D+WEDPN1B+%7C%7C+cell_type+%3D%3D+M_l2PN10t19a+%7C%7C+cell_type+%3D%3D+LAL117a+%7C%7C+cell_type+%3D%3D+CB3865+%7C%7C+cell_type+%3D%3D+CB4068+%7C%7C+cell_type+%3D%3D+CB3371+%7C%7C+cell_type+%3D%3D+CB2192+%7C%7C+cell_type+%3D%3D+WED146a+%7C%7C+cell_type+%3D%3D+PS106+%7C%7C+cell_type+%3D%3D+AOTU051+%7C%7C+cell_type+%3D%3D+CB1427+%7C%7C+cell_type+%3D%3D+CB2475+%7C%7C+cell_type+%3D%3D+SAD068+%7C%7C+cell_type+%3D%3D+CB1270+%7C%7C+cell_type+%3D%3D+CB1977+%7C%7C+cell_type+%3D%3D+CB2034+%7C%7C+cell_type+%3D%3D+PS020+%7C%7C+cell_type+%3D%3D+CB0342+%7C%7C+cell_type+%3D%3D+WED002e+%7C%7C+cell_type+%3D%3D+WED002b+%7C%7C+cell_type+%3D%3D+PS038b+%7C%7C+cell_type+%3D%3D+M_lv2PN9t49b+%7C%7C+cell_type+%3D%3D+CB3749+%7C%7C+cell_type+%3D%3D+CB3103+%7C%7C+cell_type+%3D%3D+AMMC024+%7C%7C+cell_type+%3D%3D+CB3486+%7C%7C+cell_type+%3D%3D+CB3037+%7C%7C+cell_type+%3D%3D+CB0399+%7C%7C+cell_type+%3D%3D+CB0749+%7C%7C+cell_type+%3D%3D+CB2235+%7C%7C+cell_type+%3D%3D+CB2580+%7C%7C+cell_type+%3D%3D+CB2501+%7C%7C+cell_type+%3D%3D+CB1282+%7C%7C+cell_type+%3D%3D+CB0435+%7C%7C+cell_type+%3D%3D+CB3204+%7C%7C+cell_type+%3D%3D+WED163a+%7C%7C+cell_type+%3D%3D+WED163b+%7C%7C+cell_type+%3D%3D+WED163+%7C%7C+cell_type+%3D%3D+CL169+%7C%7C+cell_type+%3D%3D+CB0523+%7C%7C+cell_type+%3D%3D+PS240,PS264+%7C%7C+cell_type+%3D%3D+SAD088+%7C%7C+cell_type+%3D%3D+CB1751+%7C%7C+cell_type+%3D%3D+PS241b+%7C%7C+cell_type+%3D%3D+WED166_c+%7C%7C+cell_type+%3D%3D+CB3195+%7C%7C+cell_type+%3D%3D+WED177+%7C%7C+cell_type+%3D%3D+LAL016+%7C%7C+cell_type+%3D%3D+PS027+%7C%7C+cell_type+%3D%3D+CB3956+%7C%7C+cell_type+%3D%3D+CB1331a+%7C%7C+cell_type+%3D%3D+CB3804+%7C%7C+cell_type+%3D%3D+PVLP141+%7C%7C+cell_type+%3D%3D+PVLP143+%7C%7C+cell_type+%3D%3D+LAL167b+%7C%7C+cell_type+%3D%3D+LAL165+%7C%7C+cell_type+%3D%3D+CB0500+%7C%7C+cell_type+%3D%3D+LAL195+%7C%7C+cell_type+%3D%3D+CB1914+%7C%7C+cell_type+%3D%3D+WED124+%7C%7C+cell_type+%3D%3D+CB3376+%7C%7C+cell_type+%3D%3D+PS208a+%7C%7C+cell_type+%3D%3D+PS256+%7C%7C+cell_type+%3D%3D+PS253+%7C%7C+cell_type+%3D%3D+WED142+%7C%7C+cell_type+%3D%3D+CB3197+%7C%7C+cell_type+%3D%3D+CB3745+%7C%7C+cell_type+%3D%3D+CB0324+%7C%7C+cell_type+%3D%3D+CL216+%7C%7C+cell_type+%3D%3D+CB1641+%7C%7C+cell_type+%3D%3D+CB1018+%7C%7C+cell_type+%3D%3D+CB3798+%7C%7C+cell_type+%3D%3D+CB0609+%7C%7C+cell_type+%3D%3D+CB1023+%7C%7C+cell_type+%3D%3D+CB3758+%7C%7C+cell_type+%3D%3D+CB1504+%7C%7C+cell_type+%3D%3D+CB1342+%7C%7C+cell_type+%3D%3D+WED091+%7C%7C+cell_type+%3D%3D+PS274+%7C%7C+cell_type+%3D%3D+LAL168a+%7C%7C+cell_type+%3D%3D+CB3899+%7C%7C+cell_type+%3D%3D+CB2153+%7C%7C+cell_type+%3D%3D+CB1435+%7C%7C+cell_type+%3D%3D+CB2081+%7C%7C+cell_type+%3D%3D+CB3923+%7C%7C+cell_type+%3D%3D+CB3792+%7C%7C+cell_type+%3D%3D+WED098+%7C%7C+cell_type+%3D%3D+CB3748+%7C%7C+cell_type+%3D%3D+CB0033+%7C%7C+cell_type+%3D%3D+CB1331b+%7C%7C+cell_type+%3D%3D+CB2474+%7C%7C+cell_type+%3D%3D+CB0432+%7C%7C+cell_type+%3D%3D+CB0517+%7C%7C+cell_type+%3D%3D+PS249+%7C%7C+cell_type+%3D%3D+CB2271+%7C%7C+cell_type+%3D%3D+CB1873+%7C%7C+cell_type+%3D%3D+CB2792+%7C%7C+cell_type+%3D%3D+LAL052+%7C%7C+cell_type+%3D%3D+PLP038+%7C%7C+cell_type+%3D%3D+PLP035+%7C%7C+cell_type+%3D%3D+PLP039+%7C%7C+cell_type+%3D%3D+CB3759+%7C%7C+cell_type+%3D%3D+CB2206+%7C%7C+cell_type+%3D%3D+PS248+%7C%7C+cell_type+%3D%3D+LAL197+%7C%7C+cell_type+%3D%3D+CB0657+%7C%7C+cell_type+%3D%3D+CB0601+%7C%7C+cell_type+%3D%3D+CB2195+%7C%7C+cell_type+%3D%3D+PS204+%7C%7C+cell_type+%3D%3D+CB2834+%7C%7C+cell_type+%3D%3D+LAL138+%7C%7C+cell_type+%3D%3D+PLP148+%7C%7C+cell_type+%3D%3D+CB0452+%7C%7C+cell_type+%3D%3D+CB2406+%7C%7C+cell_type+%3D%3D+WED041a+%7C%7C+cell_type+%3D%3D+CB2246+%7C%7C+cell_type+%3D%3D+CB1233+%7C%7C+cell_type+%3D%3D+CB2002+%7C%7C+cell_type+%3D%3D+CB1424+%7C%7C+cell_type+%3D%3D+PLP103b+%7C%7C+cell_type+%3D%3D+LAL094+%7C%7C+cell_type+%3D%3D+CB3897+%7C%7C+cell_type+%3D%3D+CB1601+%7C%7C+cell_type+%3D%3D+WEDPN8D+%7C%7C+cell_type+%3D%3D+CB3114+%7C%7C+cell_type+%3D%3D+CB0129+%7C%7C+cell_type+%3D%3D+PLP222+%7C%7C+cell_type+%3D%3D+WEDPN5+%7C%7C+cell_type+%3D%3D+CB3316+%7C%7C+cell_type+%3D%3D+PLP036+%7C%7C+cell_type+%3D%3D+CB3066+%7C%7C+cell_type+%3D%3D+CB3760+%7C%7C+cell_type+%3D%3D+CB2497+%7C%7C+cell_type+%3D%3D+PLP044+%7C%7C+cell_type+%3D%3D+CB2183+%7C%7C+cell_type+%3D%3D+PLP046b+%7C%7C+cell_type+%3D%3D+CB1918+%7C%7C+cell_type+%3D%3D+CB1477+%7C%7C+cell_type+%3D%3D+CB0306+%7C%7C+cell_type+%3D%3D+CB2227+%7C%7C+cell_type+%3D%3D+CB2806+%7C%7C+cell_type+%3D%3D+PLP101,PLP102+%7C%7C+cell_type+%3D%3D+CB3355+%7C%7C+cell_type+%3D%3D+CB1588+%7C%7C+cell_type+%3D%3D+WED039+%7C%7C+cell_type+%3D%3D+CB1599+%7C%7C+cell_type+%3D%3D+CB1176+%7C%7C+cell_type+%3D%3D+PLP042c+%7C%7C+cell_type+%3D%3D+cLP01+%7C%7C+cell_type+%3D%3D+LT64+%7C%7C+cell_type+%3D%3D+CB2713+%7C%7C+cell_type+%3D%3D+CB2873+%7C%7C+cell_type+%3D%3D+AN10B005+%7C%7C+cell_type+%3D%3D+DNpe027+%7C%7C+cell_type+%3D%3D+WED128+%7C%7C+cell_type+%3D%3D+PLP109,PLP112+%7C%7C+cell_type+%3D%3D+CB1056+%7C%7C+cell_type+%3D%3D+WEDPN2A+%7C%7C+cell_type+%3D%3D+CB1492+%7C%7C+cell_type+%3D%3D+CB1742+%7C%7C+cell_type+%3D%3D+CB1091+%7C%7C+cell_type+%3D%3D+CB1045+%7C%7C+cell_type+%3D%3D+PS153+%7C%7C+cell_type+%3D%3D+FLA100f+%7C%7C+cell_type+%3D%3D+CB2795+%7C%7C+cell_type+%3D%3D+CB1299+%7C%7C+cell_type+%3D%3D+CB2565+%7C%7C+cell_type+%3D%3D+VS3+%7C%7C+cell_type+%3D%3D+Nod2+%7C%7C+cell_type+%3D%3D+LPT42_Nod4+%7C%7C+cell_type+%3D%3D+Nod3+%7C%7C+cell_type+%3D%3D+MTe29+%7C%7C+cell_type+%3D%3D+CB0802+%7C%7C+cell_type+%3D%3D+cLP03+%7C%7C+cell_type+%3D%3D+LTe63+%7C%7C+cell_type+%3D%3D+LT45+%7C%7C+cell_type+%3D%3D+LPT31+%7C%7C+cell_type+%3D%3D+cM19+%7C%7C+cell_type+%3D%3D+cL03+%7C%7C+cell_type+%3D%3D+VS7+%7C%7C+cell_type+%3D%3D+VST2+%7C%7C+cell_type+%3D%3D+Nod1+%7C%7C+cell_type+%3D%3D+MTe01a+%7C%7C+cell_type+%3D%3D+MTe52+%7C%7C+cell_type+%3D%3D+LPT04_HST+%7C%7C+cell_type+%3D%3D+VSm+%7C%7C+cell_type+%3D%3D+cLP02+%7C%7C+cell_type+%3D%3D+cML02+%7C%7C+cell_type+%3D%3D+PLP032+%7C%7C+cell_type+%3D%3D+VST1+%7C%7C+cell_type+%3D%3D+VS1+%7C%7C+cell_type+%3D%3D+MTe39+%7C%7C+cell_type+%3D%3D+MTe19+%7C%7C+cell_type+%3D%3D+MTe11+%7C%7C+cell_type+%3D%3D+WEDPN6A+%7C%7C+cell_type+%3D%3D+VS5+%7C%7C+cell_type+%3D%3D+LTe19+%7C%7C+cell_type+%3D%3D+MTe01b+%7C%7C+cell_type+%3D%3D+PLP150c+%7C%7C+cell_type+%3D%3D+VS2+%7C%7C+cell_type+%3D%3D+WED075+%7C%7C+cell_type+%3D%3D+PS116+%7C%7C+cell_type+%3D%3D+SAD013+%7C%7C+cell_type+%3D%3D+CB3540+%7C%7C+cell_type+%3D%3D+CB2283+%7C%7C+cell_type+%3D%3D+CB2494+%7C%7C+cell_type+%3D%3D+MTe10+%7C%7C+cell_type+%3D%3D+OCG01b+%7C%7C+cell_type+%3D%3D+OCG01f+%7C%7C+cell_type+%3D%3D+OCG01c+%7C%7C+cell_type+%3D%3D+OCG01e+%7C%7C+cell_type+%3D%3D+OCG01d+%7C%7C+cell_type+%3D%3D+OCG01a+%7C%7C+cell_type+%3D%3D+OCG02b&sort_by=&page_size=100"
"lateral brain","https://spelunker.cave-explorer.org/#!middleauth+https://global.daf-apis.com/nglstate/api/v1/4701660155740160","https://codex.flywire.ai/app/search?dataset=banc&filter_string=cell_type+%3D%3D+DNp30+%7C%7C+cell_type+%3D%3D+DNp103+%7C%7C+cell_type+%3D%3D+AN12B001+%7C%7C+cell_type+%3D%3D+DNp01+%7C%7C+cell_type+%3D%3D+DNg29+%7C%7C+cell_type+%3D%3D+AN12B006+%7C%7C+cell_type+%3D%3D+DNge138+%7C%7C+cell_type+%3D%3D+AN05B099+%7C%7C+cell_type+%3D%3D+AN09B001+%7C%7C+cell_type+%3D%3D+DNg104+%7C%7C+cell_type+%3D%3D+AN12B004+%7C%7C+cell_type+%3D%3D+DNp55+%7C%7C+cell_type+%3D%3D+DNp29+%7C%7C+cell_type+%3D%3D+AN17B008+%7C%7C+cell_type+%3D%3D+AN17B005+%7C%7C+cell_type+%3D%3D+DNp70+%7C%7C+cell_type+%3D%3D+AN09B004+%7C%7C+cell_type+%3D%3D+DNp23+%7C%7C+cell_type+%3D%3D+AN09B016+%7C%7C+cell_type+%3D%3D+ANXXX027+%7C%7C+cell_type+%3D%3D+AN01A055+%7C%7C+cell_type+%3D%3D+AN08B012+%7C%7C+cell_type+%3D%3D+AN17B012+%7C%7C+cell_type+%3D%3D+AN17B007+%7C%7C+cell_type+%3D%3D+DNp101+%7C%7C+cell_type+%3D%3D+DNpe042+%7C%7C+cell_type+%3D%3D+ANXXX102+%7C%7C+cell_type+%3D%3D+ANXXX108+%7C%7C+cell_type+%3D%3D+AN08B007+%7C%7C+cell_type+%3D%3D+DNp38+%7C%7C+cell_type+%3D%3D+ANXXX093+%7C%7C+cell_type+%3D%3D+DNg30+%7C%7C+cell_type+%3D%3D+AN08B018+%7C%7C+cell_type+%3D%3D+AN07B018+%7C%7C+cell_type+%3D%3D+AN09B015+%7C%7C+cell_type+%3D%3D+ANXXX098+%7C%7C+cell_type+%3D%3D+DNp04+%7C%7C+cell_type+%3D%3D+AN17B009+%7C%7C+cell_type+%3D%3D+AN05B023+%7C%7C+cell_type+%3D%3D+DNg24+%7C%7C+cell_type+%3D%3D+AN19B036+%7C%7C+cell_type+%3D%3D+DNg40+%7C%7C+cell_type+%3D%3D+AN08B034+%7C%7C+cell_type+%3D%3D+ANXXX151+%7C%7C+cell_type+%3D%3D+AN19A038+%7C%7C+cell_type+%3D%3D+ANXXX178+%7C%7C+cell_type+%3D%3D+ANXXX046+%7C%7C+cell_type+%3D%3D+DNg56+%7C%7C+cell_type+%3D%3D+AN05B102+%7C%7C+cell_type+%3D%3D+ANXXX174+%7C%7C+cell_type+%3D%3D+ANXXX120+%7C%7C+cell_type+%3D%3D+AN08B025+%7C%7C+cell_type+%3D%3D+AN08B028+%7C%7C+cell_type+%3D%3D+AN08B024+%7C%7C+cell_type+%3D%3D+AN17A015+%7C%7C+cell_type+%3D%3D+ANXXX007+%7C%7C+cell_type+%3D%3D+ANXXX144+%7C%7C+cell_type+%3D%3D+DNp36+%7C%7C+cell_type+%3D%3D+AN01A033+%7C%7C+cell_type+%3D%3D+AN05B025+%7C%7C+cell_type+%3D%3D+AN09B029_b+%7C%7C+cell_type+%3D%3D+AN10B020+%7C%7C+cell_type+%3D%3D+AN00A006+%7C%7C+cell_type+%3D%3D+DNg23+%7C%7C+cell_type+%3D%3D+ANXXX148+%7C%7C+cell_type+%3D%3D+AN09B027+%7C%7C+cell_type+%3D%3D+AN17B016+%7C%7C+cell_type+%3D%3D+DNpe052+%7C%7C+cell_type+%3D%3D+AN08B032+%7C%7C+cell_type+%3D%3D+AN17B013+%7C%7C+cell_type+%3D%3D+AN10B022+%7C%7C+cell_type+%3D%3D+AN10B019+%7C%7C+cell_type+%3D%3D+AN09B023+%7C%7C+cell_type+%3D%3D+AN10B027+%7C%7C+cell_type+%3D%3D+DNge130+%7C%7C+cell_type+%3D%3D+AN10B029+%7C%7C+cell_type+%3D%3D+AN09B029_a+%7C%7C+cell_type+%3D%3D+AN09B034+%7C%7C+cell_type+%3D%3D+DNg09+%7C%7C+cell_type+%3D%3D+AN10B047+%7C%7C+cell_type+%3D%3D+AN10B034+%7C%7C+cell_type+%3D%3D+AN10B033+%7C%7C+cell_type+%3D%3D+AN10B053+%7C%7C+cell_type+%3D%3D+AN10B051+%7C%7C+cell_type+%3D%3D+AN10B048+%7C%7C+cell_type+%3D%3D+AN10B031+%7C%7C+cell_type+%3D%3D+AN10B060+%7C%7C+cell_type+%3D%3D+AN10B056+%7C%7C+cell_type+%3D%3D+CB3922+%7C%7C+cell_type+%3D%3D+IN10B032+%7C%7C+cell_type+%3D%3D+CL120b+%7C%7C+cell_type+%3D%3D+CB2287+%7C%7C+cell_type+%3D%3D+IN09A091+%7C%7C+cell_type+%3D%3D+AVLP584+%7C%7C+cell_type+%3D%3D+CB3649+%7C%7C+cell_type+%3D%3D+CB2432+%7C%7C+cell_type+%3D%3D+CB1066+%7C%7C+cell_type+%3D%3D+CB1760+%7C%7C+cell_type+%3D%3D+CB4045+%7C%7C+cell_type+%3D%3D+CL210+%7C%7C+cell_type+%3D%3D+CB1383+%7C%7C+cell_type+%3D%3D+CB3978+%7C%7C+cell_type+%3D%3D+CB1762+%7C%7C+cell_type+%3D%3D+CB1205+%7C%7C+cell_type+%3D%3D+CB3708+%7C%7C+cell_type+%3D%3D+CB1384+%7C%7C+cell_type+%3D%3D+AVLP550b+%7C%7C+cell_type+%3D%3D+CB2642+%7C%7C+cell_type+%3D%3D+SAD021_a+%7C%7C+cell_type+%3D%3D+CB1702+%7C%7C+cell_type+%3D%3D+CB1425+%7C%7C+cell_type+%3D%3D+AVLP420_a,AVLP427+%7C%7C+cell_type+%3D%3D+CB1678+%7C%7C+cell_type+%3D%3D+AVLP548_d+%7C%7C+cell_type+%3D%3D+CB0307+%7C%7C+cell_type+%3D%3D+PVLP027+%7C%7C+cell_type+%3D%3D+CB0101+%7C%7C+cell_type+%3D%3D+CB2664+%7C%7C+cell_type+%3D%3D+CB3435+%7C%7C+cell_type+%3D%3D+AVLP436+%7C%7C+cell_type+%3D%3D+CB1427+%7C%7C+cell_type+%3D%3D+CB1078+%7C%7C+cell_type+%3D%3D+CB1214+%7C%7C+cell_type+%3D%3D+CB1903+%7C%7C+cell_type+%3D%3D+CB2238+%7C%7C+cell_type+%3D%3D+CL256+%7C%7C+cell_type+%3D%3D+CB2995+%7C%7C+cell_type+%3D%3D+WED072+%7C%7C+cell_type+%3D%3D+AVLP614+%7C%7C+cell_type+%3D%3D+AVLP209+%7C%7C+cell_type+%3D%3D+CB0089+%7C%7C+cell_type+%3D%3D+CB3024+%7C%7C+cell_type+%3D%3D+CL267+%7C%7C+cell_type+%3D%3D+CB1007+%7C%7C+cell_type+%3D%3D+SAD053+%7C%7C+cell_type+%3D%3D+CB0443+%7C%7C+cell_type+%3D%3D+AVLP570+%7C%7C+cell_type+%3D%3D+CB3983+%7C%7C+cell_type+%3D%3D+CB1139+%7C%7C+cell_type+%3D%3D+AVLP038+%7C%7C+cell_type+%3D%3D+CL069+%7C%7C+cell_type+%3D%3D+CB2672+%7C%7C+cell_type+%3D%3D+CL270a+%7C%7C+cell_type+%3D%3D+AVLP048+%7C%7C+cell_type+%3D%3D+WED092e+%7C%7C+cell_type+%3D%3D+AVLP256+%7C%7C+cell_type+%3D%3D+CB1198+%7C%7C+cell_type+%3D%3D+CB2558+%7C%7C+cell_type+%3D%3D+CB2370+%7C%7C+cell_type+%3D%3D+AVLP496b+%7C%7C+cell_type+%3D%3D+AVLP100+%7C%7C+cell_type+%3D%3D+WED113+%7C%7C+cell_type+%3D%3D+CB1908+%7C%7C+cell_type+%3D%3D+CB2930+%7C%7C+cell_type+%3D%3D+PVLP123c+%7C%7C+cell_type+%3D%3D+CB2777+%7C%7C+cell_type+%3D%3D+AVLP045+%7C%7C+cell_type+%3D%3D+CB1143+%7C%7C+cell_type+%3D%3D+AVLP162+%7C%7C+cell_type+%3D%3D+AVLP522+%7C%7C+cell_type+%3D%3D+CB3416+%7C%7C+cell_type+%3D%3D+CB1812+%7C%7C+cell_type+%3D%3D+CL113+%7C%7C+cell_type+%3D%3D+CB0930+%7C%7C+cell_type+%3D%3D+CL266_b+%7C%7C+cell_type+%3D%3D+AVLP030+%7C%7C+cell_type+%3D%3D+AVLP078+%7C%7C+cell_type+%3D%3D+AVLP210+%7C%7C+cell_type+%3D%3D+CB1748+%7C%7C+cell_type+%3D%3D+CL118+%7C%7C+cell_type+%3D%3D+AVLP569+%7C%7C+cell_type+%3D%3D+CL268+%7C%7C+cell_type+%3D%3D+CB2276+%7C%7C+cell_type+%3D%3D+CB2440+%7C%7C+cell_type+%3D%3D+CB0744+%7C%7C+cell_type+%3D%3D+CB2840+%7C%7C+cell_type+%3D%3D+AVLP575+%7C%7C+cell_type+%3D%3D+CB3321+%7C%7C+cell_type+%3D%3D+AVLP305+%7C%7C+cell_type+%3D%3D+AVLP235+%7C%7C+cell_type+%3D%3D+AVLP476+%7C%7C+cell_type+%3D%3D+CB3640+%7C%7C+cell_type+%3D%3D+CB2119+%7C%7C+cell_type+%3D%3D+CB1888+%7C%7C+cell_type+%3D%3D+CL335+%7C%7C+cell_type+%3D%3D+AVLP178+%7C%7C+cell_type+%3D%3D+CB3516+%7C%7C+cell_type+%3D%3D+CB2207+%7C%7C+cell_type+%3D%3D+AVLP494+%7C%7C+cell_type+%3D%3D+AVLP219b+%7C%7C+cell_type+%3D%3D+WED015+%7C%7C+cell_type+%3D%3D+CB3683+%7C%7C+cell_type+%3D%3D+CB1005+%7C%7C+cell_type+%3D%3D+CB1002+%7C%7C+cell_type+%3D%3D+CL022+%7C%7C+cell_type+%3D%3D+AVLP089+%7C%7C+cell_type+%3D%3D+AVLP312b+%7C%7C+cell_type+%3D%3D+AVLP194_c+%7C%7C+cell_type+%3D%3D+AVLP093+%7C%7C+cell_type+%3D%3D+AVLP302+%7C%7C+cell_type+%3D%3D+CL123,CRE061+%7C%7C+cell_type+%3D%3D+CB3029+%7C%7C+cell_type+%3D%3D+AVLP294+%7C%7C+cell_type+%3D%3D+CL323b+%7C%7C+cell_type+%3D%3D+CB1573+%7C%7C+cell_type+%3D%3D+CB0495+%7C%7C+cell_type+%3D%3D+CL071a+%7C%7C+cell_type+%3D%3D+CL205+%7C%7C+cell_type+%3D%3D+AVLP279+%7C%7C+cell_type+%3D%3D+CB1165+%7C%7C+cell_type+%3D%3D+CB2193+%7C%7C+cell_type+%3D%3D+CB2321+%7C%7C+cell_type+%3D%3D+AVLP026+%7C%7C+cell_type+%3D%3D+AVLP069+%7C%7C+cell_type+%3D%3D+IB065+%7C%7C+cell_type+%3D%3D+CB2342+%7C%7C+cell_type+%3D%3D+CB1904+%7C%7C+cell_type+%3D%3D+CB1843+%7C%7C+cell_type+%3D%3D+AVLP471+%7C%7C+cell_type+%3D%3D+CB1256+%7C%7C+cell_type+%3D%3D+AVLP432+%7C%7C+cell_type+%3D%3D+SLP033+%7C%7C+cell_type+%3D%3D+CB1995+%7C%7C+cell_type+%3D%3D+IN09A073+%7C%7C+cell_type+%3D%3D+AVLP120+%7C%7C+cell_type+%3D%3D+IN01B007+%7C%7C+cell_type+%3D%3D+CB3486+%7C%7C+cell_type+%3D%3D+IN09A095+%7C%7C+cell_type+%3D%3D+CB0628+%7C%7C+cell_type+%3D%3D+CB1065+%7C%7C+cell_type+%3D%3D+VESa1_P02+%7C%7C+cell_type+%3D%3D+CB1076+%7C%7C+cell_type+%3D%3D+CB1542+%7C%7C+cell_type+%3D%3D+CB1280+%7C%7C+cell_type+%3D%3D+CB2556+%7C%7C+cell_type+%3D%3D+CB2153+%7C%7C+cell_type+%3D%3D+CB3710+%7C%7C+cell_type+%3D%3D+CB3692+%7C%7C+cell_type+%3D%3D+AVLP523+%7C%7C+cell_type+%3D%3D+CB2350+%7C%7C+cell_type+%3D%3D+CB2627+%7C%7C+cell_type+%3D%3D+CB1159+%7C%7C+cell_type+%3D%3D+AVLP548_b+%7C%7C+cell_type+%3D%3D+CB1810+%7C%7C+cell_type+%3D%3D+CB3567+%7C%7C+cell_type+%3D%3D+PS092+%7C%7C+cell_type+%3D%3D+CB0090+%7C%7C+cell_type+%3D%3D+AVLP478+%7C%7C+cell_type+%3D%3D+AVLP488+%7C%7C+cell_type+%3D%3D+AVLP578+%7C%7C+cell_type+%3D%3D+CB3690+%7C%7C+cell_type+%3D%3D+CL313+%7C%7C+cell_type+%3D%3D+CB1231+%7C%7C+cell_type+%3D%3D+CB0128+%7C%7C+cell_type+%3D%3D+CB0830+%7C%7C+cell_type+%3D%3D+AVLP475a+%7C%7C+cell_type+%3D%3D+AVLP055+%7C%7C+cell_type+%3D%3D+CB3105+%7C%7C+cell_type+%3D%3D+AVLP190,AVLP191+%7C%7C+cell_type+%3D%3D+CB0341+%7C%7C+cell_type+%3D%3D+CB1948+%7C%7C+cell_type+%3D%3D+SAD045,SAD046+%7C%7C+cell_type+%3D%3D+CB3245+%7C%7C+cell_type+%3D%3D+AVLP202+%7C%7C+cell_type+%3D%3D+AVLP096+%7C%7C+cell_type+%3D%3D+CL213+%7C%7C+cell_type+%3D%3D+AVLP532+%7C%7C+cell_type+%3D%3D+CB2576+%7C%7C+cell_type+%3D%3D+CB0649+%7C%7C+cell_type+%3D%3D+CL114+%7C%7C+cell_type+%3D%3D+AVLP297+%7C%7C+cell_type+%3D%3D+CB2528+%7C%7C+cell_type+%3D%3D+CL121_a+%7C%7C+cell_type+%3D%3D+CB1378+%7C%7C+cell_type+%3D%3D+CB2034+%7C%7C+cell_type+%3D%3D+AVLP034+%7C%7C+cell_type+%3D%3D+WED092c+%7C%7C+cell_type+%3D%3D+CB1017+%7C%7C+cell_type+%3D%3D+CB4235+%7C%7C+cell_type+%3D%3D+CB2824+%7C%7C+cell_type+%3D%3D+CB3909+%7C%7C+cell_type+%3D%3D+SAD016+%7C%7C+cell_type+%3D%3D+CL144+%7C%7C+cell_type+%3D%3D+AVLP049+%7C%7C+cell_type+%3D%3D+CL261b+%7C%7C+cell_type+%3D%3D+CL210_a+%7C%7C+cell_type+%3D%3D+CL266_a+%7C%7C+cell_type+%3D%3D+AVLP475b+%7C%7C+cell_type+%3D%3D+CL270b+%7C%7C+cell_type+%3D%3D+AVLP531+%7C%7C+cell_type+%3D%3D+CB1783+%7C%7C+cell_type+%3D%3D+CB1446+%7C%7C+cell_type+%3D%3D+AVLP574+%7C%7C+cell_type+%3D%3D+SAD082+%7C%7C+cell_type+%3D%3D+CB3064+%7C%7C+cell_type+%3D%3D+CB0956+%7C%7C+cell_type+%3D%3D+PVLP124+%7C%7C+cell_type+%3D%3D+AVLP496a+%7C%7C+cell_type+%3D%3D+CL201+%7C%7C+cell_type+%3D%3D+CB3503+%7C%7C+cell_type+%3D%3D+CL257+%7C%7C+cell_type+%3D%3D+CB0261+%7C%7C+cell_type+%3D%3D+VES060+%7C%7C+cell_type+%3D%3D+CB1842+%7C%7C+cell_type+%3D%3D+CB2966+%7C%7C+cell_type+%3D%3D+CB1422+%7C%7C+cell_type+%3D%3D+CB1717+%7C%7C+cell_type+%3D%3D+CB0440+%7C%7C+cell_type+%3D%3D+CB3959+%7C%7C+cell_type+%3D%3D+AVLP504+%7C%7C+cell_type+%3D%3D+CL286+%7C%7C+cell_type+%3D%3D+CL120a+%7C%7C+cell_type+%3D%3D+CB3652+%7C%7C+cell_type+%3D%3D+CB3628+%7C%7C+cell_type+%3D%3D+CB0306+%7C%7C+cell_type+%3D%3D+WED104+%7C%7C+cell_type+%3D%3D+CB1754+%7C%7C+cell_type+%3D%3D+CB1765+%7C%7C+cell_type+%3D%3D+CL272_b+%7C%7C+cell_type+%3D%3D+CB1543+%7C%7C+cell_type+%3D%3D+CB3545+%7C%7C+cell_type+%3D%3D+AVLP373+%7C%7C+cell_type+%3D%3D+PVLP048+%7C%7C+cell_type+%3D%3D+CB2426+%7C%7C+cell_type+%3D%3D+SIP201f+%7C%7C+cell_type+%3D%3D+CL211+%7C%7C+cell_type+%3D%3D+AVLP203+%7C%7C+cell_type+%3D%3D+CL140+%7C%7C+cell_type+%3D%3D+AVLP244+%7C%7C+cell_type+%3D%3D+AVLP491+%7C%7C+cell_type+%3D%3D+CB1596+%7C%7C+cell_type+%3D%3D+PVLP122b+%7C%7C+cell_type+%3D%3D+CB3335+%7C%7C+cell_type+%3D%3D+CB3019+%7C%7C+cell_type+%3D%3D+AVLP201+%7C%7C+cell_type+%3D%3D+CB1523+%7C%7C+cell_type+%3D%3D+mAL5A+%7C%7C+cell_type+%3D%3D+CB1743+%7C%7C+cell_type+%3D%3D+CB3530+%7C%7C+cell_type+%3D%3D+CB2518+%7C%7C+cell_type+%3D%3D+CB1466+%7C%7C+cell_type+%3D%3D+CL248+%7C%7C+cell_type+%3D%3D+CB3743+%7C%7C+cell_type+%3D%3D+ANXXX157+%7C%7C+cell_type+%3D%3D+IN10B044+%7C%7C+cell_type+%3D%3D+CL038+%7C%7C+cell_type+%3D%3D+CB1444+%7C%7C+cell_type+%3D%3D+CL150+%7C%7C+cell_type+%3D%3D+CL215+%7C%7C+cell_type+%3D%3D+CB3875+%7C%7C+cell_type+%3D%3D+CL203+%7C%7C+cell_type+%3D%3D+CB1252+%7C%7C+cell_type+%3D%3D+SMP493+%7C%7C+cell_type+%3D%3D+CL344+%7C%7C+cell_type+%3D%3D+CB2905+%7C%7C+cell_type+%3D%3D+CB1789+%7C%7C+cell_type+%3D%3D+CL345+%7C%7C+cell_type+%3D%3D+IB095+%7C%7C+cell_type+%3D%3D+CB2951+%7C%7C+cell_type+%3D%3D+CB2566+%7C%7C+cell_type+%3D%3D+CB3114+%7C%7C+cell_type+%3D%3D+CB1794+%7C%7C+cell_type+%3D%3D+AVLP586+%7C%7C+cell_type+%3D%3D+CL348+%7C%7C+cell_type+%3D%3D+SMP572+%7C%7C+cell_type+%3D%3D+VES023+%7C%7C+cell_type+%3D%3D+IN00A028+%7C%7C+cell_type+%3D%3D+IN00A025+%7C%7C+cell_type+%3D%3D+CL361+%7C%7C+cell_type+%3D%3D+CB2674+%7C%7C+cell_type+%3D%3D+CL319+%7C%7C+cell_type+%3D%3D+CL166,CL168+%7C%7C+cell_type+%3D%3D+CB2139+%7C%7C+cell_type+%3D%3D+CB0104+%7C%7C+cell_type+%3D%3D+CB0982+%7C%7C+cell_type+%3D%3D+CRE021+%7C%7C+cell_type+%3D%3D+OA-ASM3+%7C%7C+cell_type+%3D%3D+SLP152+%7C%7C+cell_type+%3D%3D+AVLP455+%7C%7C+cell_type+%3D%3D+AVLP461+%7C%7C+cell_type+%3D%3D+VES022b+%7C%7C+cell_type+%3D%3D+CL122_a+%7C%7C+cell_type+%3D%3D+CB1498+%7C%7C+cell_type+%3D%3D+VES024a+%7C%7C+cell_type+%3D%3D+AVLP462b+%7C%7C+cell_type+%3D%3D+CB0666+%7C%7C+cell_type+%3D%3D+CB0151+%7C%7C+cell_type+%3D%3D+AVLP462a+%7C%7C+cell_type+%3D%3D+AVLP448+%7C%7C+cell_type+%3D%3D+VES022a+%7C%7C+cell_type+%3D%3D+CB2162+%7C%7C+cell_type+%3D%3D+CB2380+%7C%7C+cell_type+%3D%3D+AMMC035+%7C%7C+cell_type+%3D%3D+AVLP451c+%7C%7C+cell_type+%3D%3D+CB2132+%7C%7C+cell_type+%3D%3D+CB1816+%7C%7C+cell_type+%3D%3D+AVLP457+%7C%7C+cell_type+%3D%3D+CB2501+%7C%7C+cell_type+%3D%3D+IN10B054+%7C%7C+cell_type+%3D%3D+IN10B042+%7C%7C+cell_type+%3D%3D+CB2376+%7C%7C+cell_type+%3D%3D+AVLP200+%7C%7C+cell_type+%3D%3D+CB3544+%7C%7C+cell_type+%3D%3D+CB2624+%7C%7C+cell_type+%3D%3D+PVLP010+%7C%7C+cell_type+%3D%3D+CL037+%7C%7C+cell_type+%3D%3D+AVLP087+%7C%7C+cell_type+%3D%3D+CL036+%7C%7C+cell_type+%3D%3D+CB0010+%7C%7C+cell_type+%3D%3D+CB0758+%7C%7C+cell_type+%3D%3D+CB0148+%7C%7C+cell_type+%3D%3D+CB0533+%7C%7C+cell_type+%3D%3D+CB0125+%7C%7C+cell_type+%3D%3D+WED114+%7C%7C+cell_type+%3D%3D+CB1044+%7C%7C+cell_type+%3D%3D+CB1932+%7C%7C+cell_type+%3D%3D+CB3305+%7C%7C+cell_type+%3D%3D+CB2491+%7C%7C+cell_type+%3D%3D+AVLP501+%7C%7C+cell_type+%3D%3D+CB1074+%7C%7C+cell_type+%3D%3D+AVLP508+%7C%7C+cell_type+%3D%3D+CB0418+%7C%7C+cell_type+%3D%3D+CB0264+%7C%7C+cell_type+%3D%3D+WED108+%7C%7C+cell_type+%3D%3D+AVLP506+%7C%7C+cell_type+%3D%3D+AVLP503+%7C%7C+cell_type+%3D%3D+AVLP500+%7C%7C+cell_type+%3D%3D+CB3390+%7C%7C+cell_type+%3D%3D+AVLP492+%7C%7C+cell_type+%3D%3D+CB3630+%7C%7C+cell_type+%3D%3D+CB3207+%7C%7C+cell_type+%3D%3D+cM19+%7C%7C+cell_type+%3D%3D+PVLP022+%7C%7C+cell_type+%3D%3D+CB3685+%7C%7C+cell_type+%3D%3D+CB0591+%7C%7C+cell_type+%3D%3D+PVLP021+%7C%7C+cell_type+%3D%3D+AVLP451b+%7C%7C+cell_type+%3D%3D+CB0563+%7C%7C+cell_type+%3D%3D+CB3707+%7C%7C+cell_type+%3D%3D+PVLP123a+%7C%7C+cell_type+%3D%3D+CB1989+%7C%7C+cell_type+%3D%3D+SAD035+%7C%7C+cell_type+%3D%3D+CB3588+%7C%7C+cell_type+%3D%3D+SAD064+%7C%7C+cell_type+%3D%3D+CB2789+%7C%7C+cell_type+%3D%3D+CB3533+%7C%7C+cell_type+%3D%3D+CB2475+%7C%7C+cell_type+%3D%3D+AVLP445+%7C%7C+cell_type+%3D%3D+CB1259+%7C%7C+cell_type+%3D%3D+AVLP280+%7C%7C+cell_type+%3D%3D+AVLP428+%7C%7C+cell_type+%3D%3D+CB1942+%7C%7C+cell_type+%3D%3D+WED056+%7C%7C+cell_type+%3D%3D+SAD021_c+%7C%7C+cell_type+%3D%3D+CB0466+%7C%7C+cell_type+%3D%3D+CB3491+%7C%7C+cell_type+%3D%3D+CB1538+%7C%7C+cell_type+%3D%3D+CB0534+%7C%7C+cell_type+%3D%3D+CB2023+%7C%7C+cell_type+%3D%3D+CB3425+%7C%7C+cell_type+%3D%3D+CB1314+%7C%7C+cell_type+%3D%3D+vpoEN+%7C%7C+cell_type+%3D%3D+CB1886+%7C%7C+cell_type+%3D%3D+CB1476+%7C%7C+cell_type+%3D%3D+AVLP286+%7C%7C+cell_type+%3D%3D+CB3269+%7C%7C+cell_type+%3D%3D+CB1090+%7C%7C+cell_type+%3D%3D+AVLP300_b+%7C%7C+cell_type+%3D%3D+AVLP298+%7C%7C+cell_type+%3D%3D+AVLP444+%7C%7C+cell_type+%3D%3D+CB0174+%7C%7C+cell_type+%3D%3D+CB0522+%7C%7C+cell_type+%3D%3D+WED092d+%7C%7C+cell_type+%3D%3D+CB3879+%7C%7C+cell_type+%3D%3D+CB3595+%7C%7C+cell_type+%3D%3D+WED013+%7C%7C+cell_type+%3D%3D+CB3409+%7C%7C+cell_type+%3D%3D+AVLP344+%7C%7C+cell_type+%3D%3D+CB3201+%7C%7C+cell_type+%3D%3D+CB3400+%7C%7C+cell_type+%3D%3D+AVLP322+%7C%7C+cell_type+%3D%3D+CB1638+%7C%7C+cell_type+%3D%3D+CB2072+%7C%7C+cell_type+%3D%3D+AVLP050+%7C%7C+cell_type+%3D%3D+AVLP289+%7C%7C+cell_type+%3D%3D+AVLP567+%7C%7C+cell_type+%3D%3D+CL265+%7C%7C+cell_type+%3D%3D+CL311+%7C%7C+cell_type+%3D%3D+CL310+%7C%7C+cell_type+%3D%3D+AVLP572+%7C%7C+cell_type+%3D%3D+CL259, CL260+%7C%7C+cell_type+%3D%3D+CB3910+%7C%7C+cell_type+%3D%3D+AVLP571+%7C%7C+cell_type+%3D%3D+AVLP520+%7C%7C+cell_type+%3D%3D+AVLP576+%7C%7C+cell_type+%3D%3D+LHPV2e1_a+%7C%7C+cell_type+%3D%3D+CB1552+%7C%7C+cell_type+%3D%3D+AVLP474+%7C%7C+cell_type+%3D%3D+CB1161+%7C%7C+cell_type+%3D%3D+AVLP490+%7C%7C+cell_type+%3D%3D+PVLP122a+%7C%7C+cell_type+%3D%3D+AVLP502+%7C%7C+cell_type+%3D%3D+AVLP577+%7C%7C+cell_type+%3D%3D+AVLP548_f+%7C%7C+cell_type+%3D%3D+AVLP039+%7C%7C+cell_type+%3D%3D+AVLP047+%7C%7C+cell_type+%3D%3D+CL032+%7C%7C+cell_type+%3D%3D+CL065+%7C%7C+cell_type+%3D%3D+CL023+%7C%7C+cell_type+%3D%3D+AVLP251+%7C%7C+cell_type+%3D%3D+CB1274+%7C%7C+cell_type+%3D%3D+CB1491+%7C%7C+cell_type+%3D%3D+CB2187+%7C%7C+cell_type+%3D%3D+CB3422+%7C%7C+cell_type+%3D%3D+CB3348+%7C%7C+cell_type+%3D%3D+AVLP252+%7C%7C+cell_type+%3D%3D+AVLP566+%7C%7C+cell_type+%3D%3D+AVLP094+%7C%7C+cell_type+%3D%3D+AVLP323+%7C%7C+cell_type+%3D%3D+CB2371+%7C%7C+cell_type+%3D%3D+CB2858+%7C%7C+cell_type+%3D%3D+CL108+%7C%7C+cell_type+%3D%3D+CB1959+%7C%7C+cell_type+%3D%3D+AVLP541a+%7C%7C+cell_type+%3D%3D+AVLP543+%7C%7C+cell_type+%3D%3D+CB3384+%7C%7C+cell_type+%3D%3D+CB1549+%7C%7C+cell_type+%3D%3D+CB2829+%7C%7C+cell_type+%3D%3D+AVLP558+%7C%7C+cell_type+%3D%3D+CB3579+%7C%7C+cell_type+%3D%3D+AVLP059+%7C%7C+cell_type+%3D%3D+AVLP420_b+%7C%7C+cell_type+%3D%3D+LHAV4c2+%7C%7C+cell_type+%3D%3D+CL001+%7C%7C+cell_type+%3D%3D+CB2386+%7C%7C+cell_type+%3D%3D+CB3684+%7C%7C+cell_type+%3D%3D+AVLP595+%7C%7C+cell_type+%3D%3D+AVLP390+%7C%7C+cell_type+%3D%3D+AVLP593+%7C%7C+cell_type+%3D%3D+CL002+%7C%7C+cell_type+%3D%3D+CB2364+%7C%7C+cell_type+%3D%3D+AVLP029+%7C%7C+cell_type+%3D%3D+CB0450+%7C%7C+cell_type+%3D%3D+CB0955+%7C%7C+cell_type+%3D%3D+CB2202+%7C%7C+cell_type+%3D%3D+CB1724+%7C%7C+cell_type+%3D%3D+AVLP098+%7C%7C+cell_type+%3D%3D+CB2170+%7C%7C+cell_type+%3D%3D+AVLP380b+%7C%7C+cell_type+%3D%3D+CB1575+%7C%7C+cell_type+%3D%3D+CB2108+%7C%7C+cell_type+%3D%3D+CB1730+%7C%7C+cell_type+%3D%3D+CB3880+%7C%7C+cell_type+%3D%3D+CB0040+%7C%7C+cell_type+%3D%3D+CB0626+%7C%7C+cell_type+%3D%3D+CB0414+%7C%7C+cell_type+%3D%3D+SLP189+%7C%7C+cell_type+%3D%3D+CL212+%7C%7C+cell_type+%3D%3D+AVLP434_a+%7C%7C+cell_type+%3D%3D+CL071b+%7C%7C+cell_type+%3D%3D+CB2618+%7C%7C+cell_type+%3D%3D+IN09A093+%7C%7C+cell_type+%3D%3D+IN09A044+%7C%7C+cell_type+%3D%3D+SAD052+%7C%7C+cell_type+%3D%3D+CB3673+%7C%7C+cell_type+%3D%3D+AVLP205a+%7C%7C+cell_type+%3D%3D+CB2278+%7C%7C+cell_type+%3D%3D+CB2676+%7C%7C+cell_type+%3D%3D+SAD014+%7C%7C+cell_type+%3D%3D+SAD072+%7C%7C+cell_type+%3D%3D+SLP227+%7C%7C+cell_type+%3D%3D+AVLP521+%7C%7C+cell_type+%3D%3D+AOTU062+%7C%7C+cell_type+%3D%3D+AVLP295+%7C%7C+cell_type+%3D%3D+PLP211+%7C%7C+cell_type+%3D%3D+AVLP040+%7C%7C+cell_type+%3D%3D+CB3442+%7C%7C+cell_type+%3D%3D+AVLP013+%7C%7C+cell_type+%3D%3D+CB3067+%7C%7C+cell_type+%3D%3D+CB2472+%7C%7C+cell_type+%3D%3D+WED118_a+%7C%7C+cell_type+%3D%3D+SAD083+%7C%7C+cell_type+%3D%3D+CB3469+%7C%7C+cell_type+%3D%3D+WED115+%7C%7C+cell_type+%3D%3D+CB2365+%7C%7C+cell_type+%3D%3D+WED109+%7C%7C+cell_type+%3D%3D+CB2340+%7C%7C+cell_type+%3D%3D+CB1964+%7C%7C+cell_type+%3D%3D+CB1809+%7C%7C+cell_type+%3D%3D+WED060+%7C%7C+cell_type+%3D%3D+CB1839+%7C%7C+cell_type+%3D%3D+CB1206+%7C%7C+cell_type+%3D%3D+CB1301+%7C%7C+cell_type+%3D%3D+AVLP437+%7C%7C+cell_type+%3D%3D+AVLP300_a+%7C%7C+cell_type+%3D%3D+IN11A030+%7C%7C+cell_type+%3D%3D+CB2068+%7C%7C+cell_type+%3D%3D+PVLP137+%7C%7C+cell_type+%3D%3D+AVLP011,AVLP012+%7C%7C+cell_type+%3D%3D+CB3682+%7C%7C+cell_type+%3D%3D+SLP228+%7C%7C+cell_type+%3D%3D+AVLP313+%7C%7C+cell_type+%3D%3D+LHAV2b1+%7C%7C+cell_type+%3D%3D+CB3386+%7C%7C+cell_type+%3D%3D+SLP222+%7C%7C+cell_type+%3D%3D+AVLP517+%7C%7C+cell_type+%3D%3D+WED117+%7C%7C+cell_type+%3D%3D+WED014+%7C%7C+cell_type+%3D%3D+AVLP316+%7C%7C+cell_type+%3D%3D+CB1889+%7C%7C+cell_type+%3D%3D+CL271+%7C%7C+cell_type+%3D%3D+CB1038+%7C%7C+cell_type+%3D%3D+CL252+%7C%7C+cell_type+%3D%3D+CB0039+%7C%7C+cell_type+%3D%3D+CB2402+%7C%7C+cell_type+%3D%3D+CB1660+%7C%7C+cell_type+%3D%3D+CB2542+%7C%7C+cell_type+%3D%3D+AVLP023+%7C%7C+cell_type+%3D%3D+SAD015,SAD018+%7C%7C+cell_type+%3D%3D+CB0096+%7C%7C+cell_type+%3D%3D+IN10B033+%7C%7C+cell_type+%3D%3D+CL264+%7C%7C+cell_type+%3D%3D+AVLP544+%7C%7C+cell_type+%3D%3D+CB2847+%7C%7C+cell_type+%3D%3D+CB2453+%7C%7C+cell_type+%3D%3D+CB3450+%7C%7C+cell_type+%3D%3D+CL062_b+%7C%7C+cell_type+%3D%3D+CB1764+%7C%7C+cell_type+%3D%3D+AVLP309+%7C%7C+cell_type+%3D%3D+CB3977+%7C%7C+cell_type+%3D%3D+CB3000+%7C%7C+cell_type+%3D%3D+AVLP219+%7C%7C+cell_type+%3D%3D+CB2114+%7C%7C+cell_type+%3D%3D+AVLP435b+%7C%7C+cell_type+%3D%3D+CB2459+%7C%7C+cell_type+%3D%3D+AVLP342+%7C%7C+cell_type+%3D%3D+IB015+%7C%7C+cell_type+%3D%3D+AVLP299_b+%7C%7C+cell_type+%3D%3D+CB2241+%7C%7C+cell_type+%3D%3D+CB2428+%7C%7C+cell_type+%3D%3D+CB3402+%7C%7C+cell_type+%3D%3D+CB1616+%7C%7C+cell_type+%3D%3D+CB0925+%7C%7C+cell_type+%3D%3D+CB3176+%7C%7C+cell_type+%3D%3D+AVLP180+%7C%7C+cell_type+%3D%3D+CB3668+%7C%7C+cell_type+%3D%3D+CB3234+%7C%7C+cell_type+%3D%3D+AVLP157+%7C%7C+cell_type+%3D%3D+AVLP270+%7C%7C+cell_type+%3D%3D+CB2633+%7C%7C+cell_type+%3D%3D+AVLP263+%7C%7C+cell_type+%3D%3D+CB2481+%7C%7C+cell_type+%3D%3D+CB3521+%7C%7C+cell_type+%3D%3D+CL062_a+%7C%7C+cell_type+%3D%3D+CB2458+%7C%7C+cell_type+%3D%3D+CL093+%7C%7C+cell_type+%3D%3D+AVLP187+%7C%7C+cell_type+%3D%3D+AVLP194_a+%7C%7C+cell_type+%3D%3D+CB1211+%7C%7C+cell_type+%3D%3D+CB3433+%7C%7C+cell_type+%3D%3D+AVLP189_a+%7C%7C+cell_type+%3D%3D+AVLP176_c+%7C%7C+cell_type+%3D%3D+CB2057+%7C%7C+cell_type+%3D%3D+CB1758+%7C%7C+cell_type+%3D%3D+CB2659+%7C%7C+cell_type+%3D%3D+CB2344+%7C%7C+cell_type+%3D%3D+CB2289+%7C%7C+cell_type+%3D%3D+AVLP219c+%7C%7C+cell_type+%3D%3D+CB2660+%7C%7C+cell_type+%3D%3D+AVLP267+%7C%7C+cell_type+%3D%3D+CB1108+%7C%7C+cell_type+%3D%3D+CB3377+%7C%7C+cell_type+%3D%3D+WED061+%7C%7C+cell_type+%3D%3D+AVLP102+%7C%7C+cell_type+%3D%3D+CB3655+%7C%7C+cell_type+%3D%3D+CB1569+%7C%7C+cell_type+%3D%3D+CB3011+%7C%7C+cell_type+%3D%3D+AVLP380a+%7C%7C+cell_type+%3D%3D+CB3268+%7C%7C+cell_type+%3D%3D+AVLP530,AVLP561+%7C%7C+cell_type+%3D%3D+AVLP299_c+%7C%7C+cell_type+%3D%3D+AVLP509+%7C%7C+cell_type+%3D%3D+CB1119+%7C%7C+cell_type+%3D%3D+CB2228+%7C%7C+cell_type+%3D%3D+AVLP184+%7C%7C+cell_type+%3D%3D+AVLP259+%7C%7C+cell_type+%3D%3D+SAD069+%7C%7C+cell_type+%3D%3D+AVLP442+%7C%7C+cell_type+%3D%3D+CB1534+%7C%7C+cell_type+%3D%3D+SAD013+%7C%7C+cell_type+%3D%3D+CL269+%7C%7C+cell_type+%3D%3D+CB1459+%7C%7C+cell_type+%3D%3D+AVLP105+%7C%7C+cell_type+%3D%3D+AVLP505+%7C%7C+cell_type+%3D%3D+AVLP451a+%7C%7C+cell_type+%3D%3D+AVLP459+%7C%7C+cell_type+%3D%3D+IN10B058+%7C%7C+cell_type+%3D%3D+CL199+%7C%7C+cell_type+%3D%3D+CL176+%7C%7C+cell_type+%3D%3D+AVLP458+%7C%7C+cell_type+%3D%3D+AVLP417,AVLP438+%7C%7C+cell_type+%3D%3D+AVLP158+%7C%7C+cell_type+%3D%3D+CB2041+%7C%7C+cell_type+%3D%3D+CL101+%7C%7C+cell_type+%3D%3D+AVLP219a+%7C%7C+cell_type+%3D%3D+CB1236+%7C%7C+cell_type+%3D%3D+AVLP160+%7C%7C+cell_type+%3D%3D+AVLP434_b+%7C%7C+cell_type+%3D%3D+CB2639+%7C%7C+cell_type+%3D%3D+CB4244+%7C%7C+cell_type+%3D%3D+AVLP439+%7C%7C+cell_type+%3D%3D+CB2006+%7C%7C+cell_type+%3D%3D+CB1917+%7C%7C+cell_type+%3D%3D+AVLP234+%7C%7C+cell_type+%3D%3D+AVLP258+%7C%7C+cell_type+%3D%3D+CB2634+%7C%7C+cell_type+%3D%3D+CB2264+%7C%7C+cell_type+%3D%3D+AVLP268+%7C%7C+cell_type+%3D%3D+AVLP027+%7C%7C+cell_type+%3D%3D+CL058+%7C%7C+cell_type+%3D%3D+CB1613+%7C%7C+cell_type+%3D%3D+CB3576+%7C%7C+cell_type+%3D%3D+AVLP165+%7C%7C+cell_type+%3D%3D+AVLP312a+%7C%7C+cell_type+%3D%3D+CB1417+%7C%7C+cell_type+%3D%3D+AVLP433_b+%7C%7C+cell_type+%3D%3D+AVLP216+%7C%7C+cell_type+%3D%3D+SLP114,SLP115+%7C%7C+cell_type+%3D%3D+CB1377+%7C%7C+cell_type+%3D%3D+CB0340+%7C%7C+cell_type+%3D%3D+CL094+%7C%7C+cell_type+%3D%3D+CB2623+%7C%7C+cell_type+%3D%3D+AVLP565+%7C%7C+cell_type+%3D%3D+PVLP082b+%7C%7C+cell_type+%3D%3D+AVLP227+%7C%7C+cell_type+%3D%3D+CB3287+%7C%7C+cell_type+%3D%3D+CB3858+%7C%7C+cell_type+%3D%3D+CB3337+%7C%7C+cell_type+%3D%3D+AVLP266+%7C%7C+cell_type+%3D%3D+AVLP195+%7C%7C+cell_type+%3D%3D+AVLP009+%7C%7C+cell_type+%3D%3D+CB2574+%7C%7C+cell_type+%3D%3D+CB2323+%7C%7C+cell_type+%3D%3D+AVLP220+%7C%7C+cell_type+%3D%3D+CB1714+%7C%7C+cell_type+%3D%3D+AVLP542+%7C%7C+cell_type+%3D%3D+CB1934+%7C%7C+cell_type+%3D%3D+5-HTPLP01+%7C%7C+cell_type+%3D%3D+AVLP213+%7C%7C+cell_type+%3D%3D+CB1189+%7C%7C+cell_type+%3D%3D+CB3439+%7C%7C+cell_type+%3D%3D+CB3666+%7C%7C+cell_type+%3D%3D+CB1911+%7C%7C+cell_type+%3D%3D+CB3512+%7C%7C+cell_type+%3D%3D+AVLP149+%7C%7C+cell_type+%3D%3D+AVLP099+%7C%7C+cell_type+%3D%3D+CB3322+%7C%7C+cell_type+%3D%3D+CB3289+%7C%7C+cell_type+%3D%3D+CB1208+%7C%7C+cell_type+%3D%3D+CB3613+%7C%7C+cell_type+%3D%3D+CB1681+%7C%7C+cell_type+%3D%3D+CB2863+%7C%7C+cell_type+%3D%3D+CB2903+%7C%7C+cell_type+%3D%3D+CB1938+%7C%7C+cell_type+%3D%3D+CB1207+%7C%7C+cell_type+%3D%3D+AVLP381+%7C%7C+cell_type+%3D%3D+AVLP402+%7C%7C+cell_type+%3D%3D+CB3006+%7C%7C+cell_type+%3D%3D+CB3531+%7C%7C+cell_type+%3D%3D+CB3002+%7C%7C+cell_type+%3D%3D+AVLP147+%7C%7C+cell_type+%3D%3D+CB2593+%7C%7C+cell_type+%3D%3D+CB0659+%7C%7C+cell_type+%3D%3D+AVLP020+%7C%7C+cell_type+%3D%3D+CB3569+%7C%7C+cell_type+%3D%3D+AVLP019+%7C%7C+cell_type+%3D%3D+AVLP306+%7C%7C+cell_type+%3D%3D+CB2645+%7C%7C+cell_type+%3D%3D+AVLP018+%7C%7C+cell_type+%3D%3D+AVLP028+%7C%7C+cell_type+%3D%3D+CB2763+%7C%7C+cell_type+%3D%3D+AVLP082+%7C%7C+cell_type+%3D%3D+CB1657+%7C%7C+cell_type+%3D%3D+CB3700+%7C%7C+cell_type+%3D%3D+AVLP215+%7C%7C+cell_type+%3D%3D+CB2595+%7C%7C+cell_type+%3D%3D+AVLP339+%7C%7C+cell_type+%3D%3D+AVLP108+%7C%7C+cell_type+%3D%3D+CB1885+%7C%7C+cell_type+%3D%3D+AVLP079+%7C%7C+cell_type+%3D%3D+AVLP136+%7C%7C+cell_type+%3D%3D+CB3598+%7C%7C+cell_type+%3D%3D+CB3499+%7C%7C+cell_type+%3D%3D+AVLP008+%7C%7C+cell_type+%3D%3D+AVLP024c+%7C%7C+cell_type+%3D%3D+CB3227+%7C%7C+cell_type+%3D%3D+AVLP109+%7C%7C+cell_type+%3D%3D+AVLP121+%7C%7C+cell_type+%3D%3D+LHAD1g1+%7C%7C+cell_type+%3D%3D+CB2538+%7C%7C+cell_type+%3D%3D+CB3459+%7C%7C+cell_type+%3D%3D+AVLP031+%7C%7C+cell_type+%3D%3D+AVLP548_e+%7C%7C+cell_type+%3D%3D+CB1774+%7C%7C+cell_type+%3D%3D+AVLP222+%7C%7C+cell_type+%3D%3D+AVLP370b+%7C%7C+cell_type+%3D%3D+CB2186+%7C%7C+cell_type+%3D%3D+CB1625+%7C%7C+cell_type+%3D%3D+AVLP340+%7C%7C+cell_type+%3D%3D+CB1565+%7C%7C+cell_type+%3D%3D+CB2178+%7C%7C+cell_type+%3D%3D+AVLP486+%7C%7C+cell_type+%3D%3D+CL253+%7C%7C+cell_type+%3D%3D+AVLP348+%7C%7C+cell_type+%3D%3D+AVLP346+%7C%7C+cell_type+%3D%3D+AVLP308+%7C%7C+cell_type+%3D%3D+PVLP002+%7C%7C+cell_type+%3D%3D+AVLP371+%7C%7C+cell_type+%3D%3D+CB3329+%7C%7C+cell_type+%3D%3D+CB3661+%7C%7C+cell_type+%3D%3D+CB2651+%7C%7C+cell_type+%3D%3D+AVLP363+%7C%7C+cell_type+%3D%3D+CB0719+%7C%7C+cell_type+%3D%3D+AVLP347+%7C%7C+cell_type+%3D%3D+CB1302+%7C%7C+cell_type+%3D%3D+CB1955+%7C%7C+cell_type+%3D%3D+CL110+%7C%7C+cell_type+%3D%3D+AVLP287+%7C%7C+cell_type+%3D%3D+AVLP299_a+%7C%7C+cell_type+%3D%3D+CL097+%7C%7C+cell_type+%3D%3D+CB1221+%7C%7C+cell_type+%3D%3D+AVLP243+%7C%7C+cell_type+%3D%3D+CL081+%7C%7C+cell_type+%3D%3D+CB1382+%7C%7C+cell_type+%3D%3D+AVLP290b+%7C%7C+cell_type+%3D%3D+CB0927+%7C%7C+cell_type+%3D%3D+CB1605+%7C%7C+cell_type+%3D%3D+AVLP283+%7C%7C+cell_type+%3D%3D+AVLP084+%7C%7C+cell_type+%3D%3D+AVLP211+%7C%7C+cell_type+%3D%3D+CB2433+%7C%7C+cell_type+%3D%3D+AVLP234a+%7C%7C+cell_type+%3D%3D+CB1069+%7C%7C+cell_type+%3D%3D+AVLP253,AVLP254+%7C%7C+cell_type+%3D%3D+CB1557+%7C%7C+cell_type+%3D%3D+LHAV1b3+%7C%7C+cell_type+%3D%3D+CB2957+%7C%7C+cell_type+%3D%3D+AVLP107+%7C%7C+cell_type+%3D%3D+AVLP315+%7C%7C+cell_type+%3D%3D+AVLP398+%7C%7C+cell_type+%3D%3D+CB2100+%7C%7C+cell_type+%3D%3D+AVLP369+%7C%7C+cell_type+%3D%3D+AVLP314+%7C%7C+cell_type+%3D%3D+CB4241+%7C%7C+cell_type+%3D%3D+AVLP397+%7C%7C+cell_type+%3D%3D+AVLP559a+%7C%7C+cell_type+%3D%3D+CB2086+%7C%7C+cell_type+%3D%3D+AVLP557+%7C%7C+cell_type+%3D%3D+AVLP550a+%7C%7C+cell_type+%3D%3D+AVLP573+%7C%7C+cell_type+%3D%3D+CB0475+%7C%7C+cell_type+%3D%3D+CB3861+%7C%7C+cell_type+%3D%3D+CB3273+%7C%7C+cell_type+%3D%3D+AVLP535+%7C%7C+cell_type+%3D%3D+CB2581+%7C%7C+cell_type+%3D%3D+SAD023+%7C%7C+cell_type+%3D%3D+AVLP046+%7C%7C+cell_type+%3D%3D+AVLP051+%7C%7C+cell_type+%3D%3D+AVLP091+%7C%7C+cell_type+%3D%3D+CB3349+%7C%7C+cell_type+%3D%3D+AVLP533+%7C%7C+cell_type+%3D%3D+SIP200f+%7C%7C+cell_type+%3D%3D+VESa2_H04+%7C%7C+cell_type+%3D%3D+CB1795+%7C%7C+cell_type+%3D%3D+LHAV8a1+%7C%7C+cell_type+%3D%3D+AVLP510+%7C%7C+cell_type+%3D%3D+CB1130+%7C%7C+cell_type+%3D%3D+CB2521+%7C%7C+cell_type+%3D%3D+CB1817b+%7C%7C+cell_type+%3D%3D+PVLP026+%7C%7C+cell_type+%3D%3D+CB2203+%7C%7C+cell_type+%3D%3D+SAD301f+%7C%7C+cell_type+%3D%3D+OA-ASM2+%7C%7C+cell_type+%3D%3D+CB0255+%7C%7C+cell_type+%3D%3D+CB0284+%7C%7C+cell_type+%3D%3D+AVLP498+%7C%7C+cell_type+%3D%3D+CB3514+%7C%7C+cell_type+%3D%3D+WED107+%7C%7C+cell_type+%3D%3D+IN17B008+%7C%7C+cell_type+%3D%3D+CB1817a+%7C%7C+cell_type+%3D%3D+CB0627+%7C%7C+cell_type+%3D%3D+CB2338+%7C%7C+cell_type+%3D%3D+IN00A007+%7C%7C+cell_type+%3D%3D+CB3884+%7C%7C+cell_type+%3D%3D+CB1684+%7C%7C+cell_type+%3D%3D+CB3103+%7C%7C+cell_type+%3D%3D+CB3404+%7C%7C+cell_type+%3D%3D+VES019+%7C%7C+cell_type+%3D%3D+PS097+%7C%7C+cell_type+%3D%3D+OA-VUMa8+%7C%7C+cell_type+%3D%3D+CB0814+%7C%7C+cell_type+%3D%3D+CB3905+%7C%7C+cell_type+%3D%3D+OA-VUMa4+%7C%7C+cell_type+%3D%3D+AVLP421+%7C%7C+cell_type+%3D%3D+AVLP277+%7C%7C+cell_type+%3D%3D+CL095+%7C%7C+cell_type+%3D%3D+SLP131+%7C%7C+cell_type+%3D%3D+CB1800+%7C%7C+cell_type+%3D%3D+CL059+%7C%7C+cell_type+%3D%3D+WED119+%7C%7C+cell_type+%3D%3D+CB1380+%7C%7C+cell_type+%3D%3D+CB3001+%7C%7C+cell_type+%3D%3D+AVLP194+%7C%7C+cell_type+%3D%3D+SAD012+%7C%7C+cell_type+%3D%3D+CB2625+%7C%7C+cell_type+%3D%3D+AVLP317+%7C%7C+cell_type+%3D%3D+CB2510+%7C%7C+cell_type+%3D%3D+CB3466+%7C%7C+cell_type+%3D%3D+CL068+%7C%7C+cell_type+%3D%3D+AVLP129+%7C%7C+cell_type+%3D%3D+AVLP156+%7C%7C+cell_type+%3D%3D+SLP456+%7C%7C+cell_type+%3D%3D+AVLP155+%7C%7C+cell_type+%3D%3D+AVLP591+%7C%7C+cell_type+%3D%3D+CB0763+%7C%7C+cell_type+%3D%3D+CB3517+%7C%7C+cell_type+%3D%3D+AVLP017+%7C%7C+cell_type+%3D%3D+CL092+%7C%7C+cell_type+%3D%3D+CL289+%7C%7C+cell_type+%3D%3D+AMMC-A1+%7C%7C+cell_type+%3D%3D+PVLP123b+%7C%7C+cell_type+%3D%3D+CB0391+%7C%7C+cell_type+%3D%3D+CB2604+%7C%7C+cell_type+%3D%3D+CB3609+%7C%7C+cell_type+%3D%3D+CB3914+%7C%7C+cell_type+%3D%3D+CB3915+%7C%7C+cell_type+%3D%3D+CB0656+%7C%7C+cell_type+%3D%3D+WED046+%7C%7C+cell_type+%3D%3D+AVLP033+%7C%7C+cell_type+%3D%3D+CB1273+%7C%7C+cell_type+%3D%3D+WED053+%7C%7C+cell_type+%3D%3D+AVLP396+%7C%7C+cell_type+%3D%3D+CB2001+%7C%7C+cell_type+%3D%3D+CB1112+%7C%7C+cell_type+%3D%3D+AVLP269_a+%7C%7C+cell_type+%3D%3D+CB1780+%7C%7C+cell_type+%3D%3D+PVLP062+%7C%7C+cell_type+%3D%3D+CB2188+%7C%7C+cell_type+%3D%3D+CB2155+%7C%7C+cell_type+%3D%3D+CL070a+%7C%7C+cell_type+%3D%3D+AVLP083+%7C%7C+cell_type+%3D%3D+CB3920+%7C%7C+cell_type+%3D%3D+CB2266+%7C%7C+cell_type+%3D%3D+CB3877+%7C%7C+cell_type+%3D%3D+CB3919+%7C%7C+cell_type+%3D%3D+CB3924+%7C%7C+cell_type+%3D%3D+CB3881+%7C%7C+cell_type+%3D%3D+AVLP037,AVLP038+%7C%7C+cell_type+%3D%3D+CB2181+%7C%7C+cell_type+%3D%3D+CB3863+%7C%7C+cell_type+%3D%3D+CB3619+%7C%7C+cell_type+%3D%3D+AVLP169+%7C%7C+cell_type+%3D%3D+AVLP182+%7C%7C+cell_type+%3D%3D+AVLP429+%7C%7C+cell_type+%3D%3D+CL060+%7C%7C+cell_type+%3D%3D+CB3186+%7C%7C+cell_type+%3D%3D+AVLP076+%7C%7C+cell_type+%3D%3D+AVLP097+%7C%7C+cell_type+%3D%3D+AVLP399+%7C%7C+cell_type+%3D%3D+AVLP592+%7C%7C+cell_type+%3D%3D+AVLP085+%7C%7C+cell_type+%3D%3D+AVLP001+%7C%7C+cell_type+%3D%3D+AVLP021+%7C%7C+cell_type+%3D%3D+CB1691+%7C%7C+cell_type+%3D%3D+AVLP218b+%7C%7C+cell_type+%3D%3D+AVLP433_a+%7C%7C+cell_type+%3D%3D+CL070b+%7C%7C+cell_type+%3D%3D+AVLP053+%7C%7C+cell_type+%3D%3D+AVLP423+%7C%7C+cell_type+%3D%3D+SLP059+%7C%7C+cell_type+%3D%3D+AVLP025+%7C%7C+cell_type+%3D%3D+CB2140+%7C%7C+cell_type+%3D%3D+AVLP345_a+%7C%7C+cell_type+%3D%3D+CB1463+%7C%7C+cell_type+%3D%3D+CB3324+%7C%7C+cell_type+%3D%3D+CB2449+%7C%7C+cell_type+%3D%3D+CB3099+%7C%7C+cell_type+%3D%3D+CB3651+%7C%7C+cell_type+%3D%3D+AVLP116+%7C%7C+cell_type+%3D%3D+CB2404+%7C%7C+cell_type+%3D%3D+CB3398+%7C%7C+cell_type+%3D%3D+CB3663+%7C%7C+cell_type+%3D%3D+CB3366+%7C%7C+cell_type+%3D%3D+AVLP143b+%7C%7C+cell_type+%3D%3D+CB3122+%7C%7C+cell_type+%3D%3D+CB1706+%7C%7C+cell_type+%3D%3D+CB3484+%7C%7C+cell_type+%3D%3D+CB3298+%7C%7C+cell_type+%3D%3D+CB3302+%7C%7C+cell_type+%3D%3D+CB3184+%7C%7C+cell_type+%3D%3D+PVLP065+%7C%7C+cell_type+%3D%3D+CB3675+%7C%7C+cell_type+%3D%3D+CB4236+%7C%7C+cell_type+%3D%3D+CB2545+%7C%7C+cell_type+%3D%3D+WED045+%7C%7C+cell_type+%3D%3D+AVLP154+%7C%7C+cell_type+%3D%3D+WED049+%7C%7C+cell_type+%3D%3D+AVLP186+%7C%7C+cell_type+%3D%3D+AVLP260+%7C%7C+cell_type+%3D%3D+AVLP430+%7C%7C+cell_type+%3D%3D+WED051+%7C%7C+cell_type+%3D%3D+AVLP265+%7C%7C+cell_type+%3D%3D+CB2684+%7C%7C+cell_type+%3D%3D+AVLP265b+%7C%7C+cell_type+%3D%3D+CB0997+%7C%7C+cell_type+%3D%3D+SLP188+%7C%7C+cell_type+%3D%3D+SLP130+%7C%7C+cell_type+%3D%3D+AVLP394+%7C%7C+cell_type+%3D%3D+CB1385+%7C%7C+cell_type+%3D%3D+CB1973+%7C%7C+cell_type+%3D%3D+CB0929+%7C%7C+cell_type+%3D%3D+CB1190+%7C%7C+cell_type+%3D%3D+AVLP132+%7C%7C+cell_type+%3D%3D+AVLP140+%7C%7C+cell_type+%3D%3D+CB2412+%7C%7C+cell_type+%3D%3D+CB3701+%7C%7C+cell_type+%3D%3D+AVLP370a+%7C%7C+cell_type+%3D%3D+CB3108+%7C%7C+cell_type+%3D%3D+AVLP257+%7C%7C+cell_type+%3D%3D+CB0126+%7C%7C+cell_type+%3D%3D+CB0300+%7C%7C+cell_type+%3D%3D+CB3904+%7C%7C+cell_type+%3D%3D+CB3885+%7C%7C+cell_type+%3D%3D+CB3913+%7C%7C+cell_type+%3D%3D+CB3886+%7C%7C+cell_type+%3D%3D+CB0601+%7C%7C+cell_type+%3D%3D+CB3882+%7C%7C+cell_type+%3D%3D+AVLP546+%7C%7C+cell_type+%3D%3D+CB3660+%7C%7C+cell_type+%3D%3D+AVLP345+%7C%7C+cell_type+%3D%3D+CB2374+%7C%7C+cell_type+%3D%3D+WED116+%7C%7C+cell_type+%3D%3D+AVLP534+%7C%7C+cell_type+%3D%3D+AVLP343+%7C%7C+cell_type+%3D%3D+CB0992+%7C%7C+cell_type+%3D%3D+AVLP261+%7C%7C+cell_type+%3D%3D+CB2424+%7C%7C+cell_type+%3D%3D+CB3104+%7C%7C+cell_type+%3D%3D+CB0924+%7C%7C+cell_type+%3D%3D+CB3415+%7C%7C+cell_type+%3D%3D+CB3921+%7C%7C+cell_type+%3D%3D+CB1682+%7C%7C+cell_type+%3D%3D+CB1969+%7C%7C+cell_type+%3D%3D+CB3606+%7C%7C+cell_type+%3D%3D+WED054+%7C%7C+cell_type+%3D%3D+CB2373+%7C%7C+cell_type+%3D%3D+AVLP580+%7C%7C+cell_type+%3D%3D+PVLP033+%7C%7C+cell_type+%3D%3D+AVLP229+%7C%7C+cell_type+%3D%3D+CB1107+%7C%7C+cell_type+%3D%3D+PVLP043+%7C%7C+cell_type+%3D%3D+IN01B095+%7C%7C+cell_type+%3D%3D+AVLP281+%7C%7C+cell_type+%3D%3D+CB3178+%7C%7C+cell_type+%3D%3D+CB3625+%7C%7C+cell_type+%3D%3D+CB2547+%7C%7C+cell_type+%3D%3D+AVLP164+%7C%7C+cell_type+%3D%3D+CB3578+%7C%7C+cell_type+%3D%3D+AVLP411+%7C%7C+cell_type+%3D%3D+CB1085+%7C%7C+cell_type+%3D%3D+CB3561+%7C%7C+cell_type+%3D%3D+CB1196+%7C%7C+cell_type+%3D%3D+CB3859+%7C%7C+cell_type+%3D%3D+CB1647+%7C%7C+cell_type+%3D%3D+CB2498+%7C%7C+cell_type+%3D%3D+CB3589+%7C%7C+cell_type+%3D%3D+AVLP115+%7C%7C+cell_type+%3D%3D+CB3487+%7C%7C+cell_type+%3D%3D+CB3705+%7C%7C+cell_type+%3D%3D+CB2330+%7C%7C+cell_type+%3D%3D+WED092b+%7C%7C+cell_type+%3D%3D+CB2407+%7C%7C+cell_type+%3D%3D+CB3535+%7C%7C+cell_type+%3D%3D+CB3317+%7C%7C+cell_type+%3D%3D+CB1672+%7C%7C+cell_type+%3D%3D+CB3582+%7C%7C+cell_type+%3D%3D+CB3431+%7C%7C+cell_type+%3D%3D+CB1614+%7C%7C+cell_type+%3D%3D+SAD011,SAD019+%7C%7C+cell_type+%3D%3D+CB3482+%7C%7C+cell_type+%3D%3D+CB2256+%7C%7C+cell_type+%3D%3D+CB3042+%7C%7C+cell_type+%3D%3D+CB2253+%7C%7C+cell_type+%3D%3D+CB2834+%7C%7C+cell_type+%3D%3D+CB2866+%7C%7C+cell_type+%3D%3D+CB1192+%7C%7C+cell_type+%3D%3D+AVLP218a+%7C%7C+cell_type+%3D%3D+CB2286+%7C%7C+cell_type+%3D%3D+CB1142+%7C%7C+cell_type+%3D%3D+CB3306+%7C%7C+cell_type+%3D%3D+AVLP193+%7C%7C+cell_type+%3D%3D+CB2612+%7C%7C+cell_type+%3D%3D+CB2082+%7C%7C+cell_type+%3D%3D+AVLP255+%7C%7C+cell_type+%3D%3D+CB2808+%7C%7C+cell_type+%3D%3D+CB3031+%7C%7C+cell_type+%3D%3D+CB2260+%7C%7C+cell_type+%3D%3D+CB2254+%7C%7C+cell_type+%3D%3D+CB1101+%7C%7C+cell_type+%3D%3D+CB3930+%7C%7C+cell_type+%3D%3D+CB1695+%7C%7C+cell_type+%3D%3D+WED029+%7C%7C+cell_type+%3D%3D+mAL4+%7C%7C+cell_type+%3D%3D+LHAD2c2+%7C%7C+cell_type+%3D%3D+CB3382+%7C%7C+cell_type+%3D%3D+CB1355+%7C%7C+cell_type+%3D%3D+AVLP234b+%7C%7C+cell_type+%3D%3D+CB3313+%7C%7C+cell_type+%3D%3D+CB2564+%7C%7C+cell_type+%3D%3D+LAL049+%7C%7C+cell_type+%3D%3D+PVLP084+%7C%7C+cell_type+%3D%3D+CB3483+%7C%7C+cell_type+%3D%3D+CRE104+%7C%7C+cell_type+%3D%3D+CB2982+%7C%7C+cell_type+%3D%3D+IN09A023+%7C%7C+cell_type+%3D%3D+CB3532+%7C%7C+cell_type+%3D%3D+AVLP400+%7C%7C+cell_type+%3D%3D+CB1408+%7C%7C+cell_type+%3D%3D+CB1447+%7C%7C+cell_type+%3D%3D+CB2341+%7C%7C+cell_type+%3D%3D+CB2175+%7C%7C+cell_type+%3D%3D+AVLP217+%7C%7C+cell_type+%3D%3D+CB0189+%7C%7C+cell_type+%3D%3D+CB3629+%7C%7C+cell_type+%3D%3D+CB1110+%7C%7C+cell_type+%3D%3D+AVLP006b+%7C%7C+cell_type+%3D%3D+CB2144+%7C%7C+cell_type+%3D%3D+CB2769+%7C%7C+cell_type+%3D%3D+CB1738+%7C%7C+cell_type+%3D%3D+CB2257+%7C%7C+cell_type+%3D%3D+CB1883+%7C%7C+cell_type+%3D%3D+CB2874+%7C%7C+cell_type+%3D%3D+AVLP010+%7C%7C+cell_type+%3D%3D+CB3315+%7C%7C+cell_type+%3D%3D+CB1460+%7C%7C+cell_type+%3D%3D+CB2045+%7C%7C+cell_type+%3D%3D+CB2853+%7C%7C+cell_type+%3D%3D+CB3411+%7C%7C+cell_type+%3D%3D+CB3214+%7C%7C+cell_type+%3D%3D+PLP171+%7C%7C+cell_type+%3D%3D+AVLP194_b+%7C%7C+cell_type+%3D%3D+AN17B002+%7C%7C+cell_type+%3D%3D+AN17B011+%7C%7C+cell_type+%3D%3D+DNp02+%7C%7C+cell_type+%3D%3D+IN09A053+%7C%7C+cell_type+%3D%3D+IN09A017+%7C%7C+cell_type+%3D%3D+AVLP470a+%7C%7C+cell_type+%3D%3D+IN10B050+%7C%7C+cell_type+%3D%3D+CB3590+%7C%7C+cell_type+%3D%3D+LHAV4a4+%7C%7C+cell_type+%3D%3D+AVLP555+%7C%7C+cell_type+%3D%3D+CB2996+%7C%7C+cell_type+%3D%3D+CB1688+%7C%7C+cell_type+%3D%3D+CB1235+%7C%7C+cell_type+%3D%3D+CB2902+%7C%7C+cell_type+%3D%3D+CB2339+%7C%7C+cell_type+%3D%3D+CB3414+%7C%7C+cell_type+%3D%3D+CB3327+%7C%7C+cell_type+%3D%3D+CB2599+%7C%7C+cell_type+%3D%3D+AVLP090+%7C%7C+cell_type+%3D%3D+CB3263+%7C%7C+cell_type+%3D%3D+CB2488+%7C%7C+cell_type+%3D%3D+PLP007+%7C%7C+cell_type+%3D%3D+CB2477+%7C%7C+cell_type+%3D%3D+CB2383+%7C%7C+cell_type+%3D%3D+LHAV2g2_a+%7C%7C+cell_type+%3D%3D+CB3162+%7C%7C+cell_type+%3D%3D+AVLP519b+%7C%7C+cell_type+%3D%3D+AVLP470b+%7C%7C+cell_type+%3D%3D+AVLP464+%7C%7C+cell_type+%3D%3D+AVLP560+%7C%7C+cell_type+%3D%3D+AVLP547b+%7C%7C+cell_type+%3D%3D+AVLP559b+%7C%7C+cell_type+%3D%3D+IN00A066+%7C%7C+cell_type+%3D%3D+IN00A011+%7C%7C+cell_type+%3D%3D+IN09A018+%7C%7C+cell_type+%3D%3D+AVLP159+%7C%7C+cell_type+%3D%3D+CB2316+%7C%7C+cell_type+%3D%3D+AVLP214+%7C%7C+cell_type+%3D%3D+CB0743+%7C%7C+cell_type+%3D%3D+CB3552+%7C%7C+cell_type+%3D%3D+LC14+%7C%7C+cell_type+%3D%3D+AVLP024b+%7C%7C+cell_type+%3D%3D+CB2143+%7C%7C+cell_type+%3D%3D+CB2377+%7C%7C+cell_type+%3D%3D+AVLP143a+%7C%7C+cell_type+%3D%3D+CB1399+%7C%7C+cell_type+%3D%3D+AVLP022+%7C%7C+cell_type+%3D%3D+CB3549+%7C%7C+cell_type+%3D%3D+CB2774+%7C%7C+cell_type+%3D%3D+AVLP101+%7C%7C+cell_type+%3D%3D+LHAV1a3+%7C%7C+cell_type+%3D%3D+INXXX820_f+%7C%7C+cell_type+%3D%3D+IN00A014+%7C%7C+cell_type+%3D%3D+IN00A026+%7C%7C+cell_type+%3D%3D+IN00A020+%7C%7C+cell_type+%3D%3D+IN00A010+%7C%7C+cell_type+%3D%3D+IN09A038+%7C%7C+cell_type+%3D%3D+IN00A036+%7C%7C+cell_type+%3D%3D+IN09A024+%7C%7C+cell_type+%3D%3D+IN09A039+%7C%7C+cell_type+%3D%3D+IN10B041+%7C%7C+cell_type+%3D%3D+INXXX056+%7C%7C+cell_type+%3D%3D+IN23B008+%7C%7C+cell_type+%3D%3D+IN09A022+%7C%7C+cell_type+%3D%3D+IN09A032+%7C%7C+cell_type+%3D%3D+IN09A070+%7C%7C+cell_type+%3D%3D+IN00A063+%7C%7C+cell_type+%3D%3D+IN00A004+%7C%7C+cell_type+%3D%3D+IN10B057+%7C%7C+cell_type+%3D%3D+IN01B090+%7C%7C+cell_type+%3D%3D+IN10B052+%7C%7C+cell_type+%3D%3D+IN17A118+%7C%7C+cell_type+%3D%3D+IN09A094+%7C%7C+cell_type+%3D%3D+IN17A120+%7C%7C+cell_type+%3D%3D+IN09A019+%7C%7C+cell_type+%3D%3D+IN00A058+%7C%7C+cell_type+%3D%3D+IN11A032+%7C%7C+cell_type+%3D%3D+IN00A018+%7C%7C+cell_type+%3D%3D+INXXX007+%7C%7C+cell_type+%3D%3D+IN00A005+%7C%7C+cell_type+%3D%3D+IN10B028+%7C%7C+cell_type+%3D%3D+IN09A029+%7C%7C+cell_type+%3D%3D+IN10B043+%7C%7C+cell_type+%3D%3D+IN00A019+%7C%7C+cell_type+%3D%3D+IN01B098+%7C%7C+cell_type+%3D%3D+IN10B040+%7C%7C+cell_type+%3D%3D+IN10B059+%7C%7C+cell_type+%3D%3D+IN09A020+%7C%7C+cell_type+%3D%3D+IN10B055+%7C%7C+cell_type+%3D%3D+IN00A049+%7C%7C+cell_type+%3D%3D+IN00A061+%7C%7C+cell_type+%3D%3D+IN00A060+%7C%7C+cell_type+%3D%3D+IN00A052+%7C%7C+cell_type+%3D%3D+IN00A065+%7C%7C+cell_type+%3D%3D+IN00A012+%7C%7C+cell_type+%3D%3D+IN09A016+%7C%7C+cell_type+%3D%3D+IN23B024+%7C%7C+cell_type+%3D%3D+IN09A086+%7C%7C+cell_type+%3D%3D+IN09A052+%7C%7C+cell_type+%3D%3D+IN09A062+%7C%7C+cell_type+%3D%3D+IN01B097+%7C%7C+cell_type+%3D%3D+IN01B089+%7C%7C+cell_type+%3D%3D+IN12B004+%7C%7C+cell_type+%3D%3D+IN09A087+%7C%7C+cell_type+%3D%3D+IN09A067+%7C%7C+cell_type+%3D%3D+IN17A109+%7C%7C+cell_type+%3D%3D+IN00A067+%7C%7C+cell_type+%3D%3D+IN00A003+%7C%7C+cell_type+%3D%3D+IN01B102+%7C%7C+cell_type+%3D%3D+IN09A075+%7C%7C+cell_type+%3D%3D+IN00A042+%7C%7C+cell_type+%3D%3D+IN17B003+%7C%7C+cell_type+%3D%3D+IN09A051+%7C%7C+cell_type+%3D%3D+IN01B101+%7C%7C+cell_type+%3D%3D+LCe04&sort_by=&page_size=100"
"dorsal VNC","https://spelunker.cave-explorer.org/#!middleauth+https://global.daf-apis.com/nglstate/api/v1/5738712515215360","https://codex.flywire.ai/app/search?dataset=banc&filter_string=cell_type+%3D%3D+AN02A001+%7C%7C+cell_type+%3D%3D+DNae009+%7C%7C+cell_type+%3D%3D+DNp31+%7C%7C+cell_type+%3D%3D+EA00B006+%7C%7C+cell_type+%3D%3D+DNa10+%7C%7C+cell_type+%3D%3D+DNbe001+%7C%7C+cell_type+%3D%3D+DNbe004+%7C%7C+cell_type+%3D%3D+DNp18+%7C%7C+cell_type+%3D%3D+DNa06+%7C%7C+cell_type+%3D%3D+DNg27+%7C%7C+cell_type+%3D%3D+DNa16+%7C%7C+cell_type+%3D%3D+DNae002+%7C%7C+cell_type+%3D%3D+AN_IN08B003+%7C%7C+cell_type+%3D%3D+DNa09+%7C%7C+cell_type+%3D%3D+AN18B004+%7C%7C+cell_type+%3D%3D+DNp63+%7C%7C+cell_type+%3D%3D+AN27X009+%7C%7C+cell_type+%3D%3D+AN27X008+%7C%7C+cell_type+%3D%3D+DNpe017+%7C%7C+cell_type+%3D%3D+DNb01+%7C%7C+cell_type+%3D%3D+DNae003+%7C%7C+cell_type+%3D%3D+AN23B002+%7C%7C+cell_type+%3D%3D+DNa04+%7C%7C+cell_type+%3D%3D+DNp102+%7C%7C+cell_type+%3D%3D+AN05B096+%7C%7C+cell_type+%3D%3D+DNp73+%7C%7C+cell_type+%3D%3D+DNp49+%7C%7C+cell_type+%3D%3D+DNa15+%7C%7C+cell_type+%3D%3D+DNpe005+%7C%7C+cell_type+%3D%3D+ANXXX033+%7C%7C+cell_type+%3D%3D+DNg49+%7C%7C+cell_type+%3D%3D+DNge140+%7C%7C+cell_type+%3D%3D+AN23B001+%7C%7C+cell_type+%3D%3D+DNae010+%7C%7C+cell_type+%3D%3D+DNbe005+%7C%7C+cell_type+%3D%3D+DNg99+%7C%7C+cell_type+%3D%3D+DNge107+%7C%7C+cell_type+%3D%3D+DNp19+%7C%7C+cell_type+%3D%3D+EA06B010+%7C%7C+cell_type+%3D%3D+DNb06+%7C%7C+cell_type+%3D%3D+DNp26+%7C%7C+cell_type+%3D%3D+DNp57+%7C%7C+cell_type+%3D%3D+AN19B024+%7C%7C+cell_type+%3D%3D+DNge006+%7C%7C+cell_type+%3D%3D+AN06B023+%7C%7C+cell_type+%3D%3D+DNp03+%7C%7C+cell_type+%3D%3D+DNb04+%7C%7C+cell_type+%3D%3D+DNa05+%7C%7C+cell_type+%3D%3D+AN19B025+%7C%7C+cell_type+%3D%3D+AN08B010+%7C%7C+cell_type+%3D%3D+AN06B025+%7C%7C+cell_type+%3D%3D+DNpe055+%7C%7C+cell_type+%3D%3D+DNg79+%7C%7C+cell_type+%3D%3D+DNge084+%7C%7C+cell_type+%3D%3D+DNb07+%7C%7C+cell_type+%3D%3D+DNpe032+%7C%7C+cell_type+%3D%3D+ANXXX106+%7C%7C+cell_type+%3D%3D+DNg91+%7C%7C+cell_type+%3D%3D+AN06B040+%7C%7C+cell_type+%3D%3D+AN06B031+%7C%7C+cell_type+%3D%3D+AN07B046+%7C%7C+cell_type+%3D%3D+dMS9+%7C%7C+cell_type+%3D%3D+AN03A002+%7C%7C+cell_type+%3D%3D+DNp22+%7C%7C+cell_type+%3D%3D+DNge148+%7C%7C+cell_type+%3D%3D+DNge004+%7C%7C+cell_type+%3D%3D+DNg78+%7C%7C+cell_type+%3D%3D+AN06B037+%7C%7C+cell_type+%3D%3D+AN18B025+%7C%7C+cell_type+%3D%3D+AN19B028+%7C%7C+cell_type+%3D%3D+DNpe013+%7C%7C+cell_type+%3D%3D+DNp53+%7C%7C+cell_type+%3D%3D+AN06B042+%7C%7C+cell_type+%3D%3D+AN10B008+%7C%7C+cell_type+%3D%3D+AN06B014+%7C%7C+cell_type+%3D%3D+AN03B039+%7C%7C+cell_type+%3D%3D+DNge125+%7C%7C+cell_type+%3D%3D+ANXXX165+%7C%7C+cell_type+%3D%3D+AN18B053+%7C%7C+cell_type+%3D%3D+DNp33+%7C%7C+cell_type+%3D%3D+DNg32+%7C%7C+cell_type+%3D%3D+AN10B017+%7C%7C+cell_type+%3D%3D+EAXXX079+%7C%7C+cell_type+%3D%3D+AN06A016+%7C%7C+cell_type+%3D%3D+DNge026+%7C%7C+cell_type+%3D%3D+AN06B051+%7C%7C+cell_type+%3D%3D+AN07B021+%7C%7C+cell_type+%3D%3D+DNg71+%7C%7C+cell_type+%3D%3D+AN07B024+%7C%7C+cell_type+%3D%3D+DNge033+%7C%7C+cell_type+%3D%3D+AN02A005+%7C%7C+cell_type+%3D%3D+AN07B025+%7C%7C+cell_type+%3D%3D+AN07B032+%7C%7C+cell_type+%3D%3D+DNp15+%7C%7C+cell_type+%3D%3D+DNge030+%7C%7C+cell_type+%3D%3D+AN18B023+%7C%7C+cell_type+%3D%3D+DNb02+%7C%7C+cell_type+%3D%3D+DNg04+%7C%7C+cell_type+%3D%3D+AN19B018+%7C%7C+cell_type+%3D%3D+AN02A009+%7C%7C+cell_type+%3D%3D+AN18B032+%7C%7C+cell_type+%3D%3D+DNg73+%7C%7C+cell_type+%3D%3D+DNpe019+%7C%7C+cell_type+%3D%3D+DNge088+%7C%7C+cell_type+%3D%3D+DNae006+%7C%7C+cell_type+%3D%3D+DNge070+%7C%7C+cell_type+%3D%3D+DNg51+%7C%7C+cell_type+%3D%3D+AN07B037+%7C%7C+cell_type+%3D%3D+AN06A010+%7C%7C+cell_type+%3D%3D+AN06B044+%7C%7C+cell_type+%3D%3D+DNg41+%7C%7C+cell_type+%3D%3D+DNae004+%7C%7C+cell_type+%3D%3D+DNg89+%7C%7C+cell_type+%3D%3D+DNg05_a+%7C%7C+cell_type+%3D%3D+AN18B999+%7C%7C+cell_type+%3D%3D+DNg42+%7C%7C+cell_type+%3D%3D+DNge018+%7C%7C+cell_type+%3D%3D+ANXXX132+%7C%7C+cell_type+%3D%3D+DNge086+%7C%7C+cell_type+%3D%3D+AN17B013+%7C%7C+cell_type+%3D%3D+DNg76+%7C%7C+cell_type+%3D%3D+AN11B008+%7C%7C+cell_type+%3D%3D+DNa07+%7C%7C+cell_type+%3D%3D+DNg26+%7C%7C+cell_type+%3D%3D+AN19B044+%7C%7C+cell_type+%3D%3D+AN02A017+%7C%7C+cell_type+%3D%3D+AN07B036+%7C%7C+cell_type+%3D%3D+DNg58+%7C%7C+cell_type+%3D%3D+ANXXX200+%7C%7C+cell_type+%3D%3D+DNg46+%7C%7C+cell_type+%3D%3D+DNp51+%7C%7C+cell_type+%3D%3D+DNb03+%7C%7C+cell_type+%3D%3D+DNpe004+%7C%7C+cell_type+%3D%3D+DNa08+%7C%7C+cell_type+%3D%3D+DNge175+%7C%7C+cell_type+%3D%3D+DNg106+%7C%7C+cell_type+%3D%3D+AN06A026+%7C%7C+cell_type+%3D%3D+AN05B063+%7C%7C+cell_type+%3D%3D+DNge016+%7C%7C+cell_type+%3D%3D+AN06A017+%7C%7C+cell_type+%3D%3D+ANXXX171+%7C%7C+cell_type+%3D%3D+DNg82+%7C%7C+cell_type+%3D%3D+AN11B012+%7C%7C+cell_type+%3D%3D+AN06B068+%7C%7C+cell_type+%3D%3D+DNge145+%7C%7C+cell_type+%3D%3D+AN06B045+%7C%7C+cell_type+%3D%3D+DNg02_h+%7C%7C+cell_type+%3D%3D+DNg94+%7C%7C+cell_type+%3D%3D+DNp16+%7C%7C+cell_type+%3D%3D+AN06A018+%7C%7C+cell_type+%3D%3D+AN07B052+%7C%7C+cell_type+%3D%3D+DNge045+%7C%7C+cell_type+%3D%3D+AN19B039+%7C%7C+cell_type+%3D%3D+DNge014+%7C%7C+cell_type+%3D%3D+AN19B059+%7C%7C+cell_type+%3D%3D+AN06B046+%7C%7C+cell_type+%3D%3D+AN02A022+%7C%7C+cell_type+%3D%3D+AN06A030+%7C%7C+cell_type+%3D%3D+AN07B062+%7C%7C+cell_type+%3D%3D+AN07B051+%7C%7C+cell_type+%3D%3D+DNge091+%7C%7C+cell_type+%3D%3D+AN07B049+%7C%7C+cell_type+%3D%3D+DNge113+%7C%7C+cell_type+%3D%3D+AN07B060+%7C%7C+cell_type+%3D%3D+DNge097+%7C%7C+cell_type+%3D%3D+AN06B999+%7C%7C+cell_type+%3D%3D+AN06A041+%7C%7C+cell_type+%3D%3D+DNge110+%7C%7C+cell_type+%3D%3D+AN03B095+%7C%7C+cell_type+%3D%3D+AN07B042+%7C%7C+cell_type+%3D%3D+vMS13+%7C%7C+cell_type+%3D%3D+DNg110+%7C%7C+cell_type+%3D%3D+DNg12_a+%7C%7C+cell_type+%3D%3D+AN08B071+%7C%7C+cell_type+%3D%3D+AN08B079+%7C%7C+cell_type+%3D%3D+AN07B072+%7C%7C+cell_type+%3D%3D+DNg02_g+%7C%7C+cell_type+%3D%3D+DNg92_a+%7C%7C+cell_type+%3D%3D+DNg02_c+%7C%7C+cell_type+%3D%3D+DNge072+%7C%7C+cell_type+%3D%3D+AN07B041+%7C%7C+cell_type+%3D%3D+DNg01+%7C%7C+cell_type+%3D%3D+DNg02_a+%7C%7C+cell_type+%3D%3D+AN07B043+%7C%7C+cell_type+%3D%3D+DNg08_b+%7C%7C+cell_type+%3D%3D+AN06B048+%7C%7C+cell_type+%3D%3D+DNg12_b+%7C%7C+cell_type+%3D%3D+AN19B046+%7C%7C+cell_type+%3D%3D+AN03B050+%7C%7C+cell_type+%3D%3D+DNg36_a+%7C%7C+cell_type+%3D%3D+DNg07+%7C%7C+cell_type+%3D%3D+AN07B056+%7C%7C+cell_type+%3D%3D+DNge154+%7C%7C+cell_type+%3D%3D+AN19B101+%7C%7C+cell_type+%3D%3D+DNge090+%7C%7C+cell_type+%3D%3D+AN19B079+%7C%7C+cell_type+%3D%3D+AN07B071+%7C%7C+cell_type+%3D%3D+AN07B063+%7C%7C+cell_type+%3D%3D+DNg03+%7C%7C+cell_type+%3D%3D+DNg08_a+%7C%7C+cell_type+%3D%3D+DNg05_b+%7C%7C+cell_type+%3D%3D+DNge095+%7C%7C+cell_type+%3D%3D+AN06A062+%7C%7C+cell_type+%3D%3D+DNp41+%7C%7C+cell_type+%3D%3D+AN06A080+%7C%7C+cell_type+%3D%3D+AN19B074+%7C%7C+cell_type+%3D%3D+AN07B082+%7C%7C+cell_type+%3D%3D+AN19B076+%7C%7C+cell_type+%3D%3D+AN07B057+%7C%7C+cell_type+%3D%3D+DNg06+%7C%7C+cell_type+%3D%3D+AN19B065+%7C%7C+cell_type+%3D%3D+AN07B091+%7C%7C+cell_type+%3D%3D+AN06A092+%7C%7C+cell_type+%3D%3D+AN08B097+%7C%7C+cell_type+%3D%3D+DNge111+%7C%7C+cell_type+%3D%3D+DNge115+%7C%7C+cell_type+%3D%3D+DNge017+%7C%7C+cell_type+%3D%3D+AN06A095+%7C%7C+cell_type+%3D%3D+DNge118+%7C%7C+cell_type+%3D%3D+AN19B060+%7C%7C+cell_type+%3D%3D+DNge116+%7C%7C+cell_type+%3D%3D+AN07B069+%7C%7C+cell_type+%3D%3D+DNg11+%7C%7C+cell_type+%3D%3D+DNge020+%7C%7C+cell_type+%3D%3D+AN19B063+%7C%7C+cell_type+%3D%3D+AN07B076+%7C%7C+cell_type+%3D%3D+AN06B057+%7C%7C+cell_type+%3D%3D+DNg12_e+%7C%7C+cell_type+%3D%3D+DNp28+%7C%7C+cell_type+%3D%3D+AN07B050+%7C%7C+cell_type+%3D%3D+AN19B093+%7C%7C+cell_type+%3D%3D+AN19B102+%7C%7C+cell_type+%3D%3D+AN19B104+%7C%7C+cell_type+%3D%3D+DNpe054+%7C%7C+cell_type+%3D%3D+DNg02_b+%7C%7C+cell_type+%3D%3D+IN06A021+%7C%7C+cell_type+%3D%3D+AN06A112+%7C%7C+cell_type+%3D%3D+DNg92_b+%7C%7C+cell_type+%3D%3D+DNge019+%7C%7C+cell_type+%3D%3D+DNge085+%7C%7C+cell_type+%3D%3D+DNg02_f+%7C%7C+cell_type+%3D%3D+AN07B078+%7C%7C+cell_type+%3D%3D+DNp17+%7C%7C+cell_type+%3D%3D+AN07B085+%7C%7C+cell_type+%3D%3D+DNg12_c+%7C%7C+cell_type+%3D%3D+AN16B081+%7C%7C+cell_type+%3D%3D+DNge109+%7C%7C+cell_type+%3D%3D+DNg18_b+%7C%7C+cell_type+%3D%3D+DNge089+%7C%7C+cell_type+%3D%3D+DNge093+%7C%7C+cell_type+%3D%3D+DNge094+%7C%7C+cell_type+%3D%3D+DNut054+%7C%7C+cell_type+%3D%3D+DNp72+%7C%7C+cell_type+%3D%3D+DNg36_b+%7C%7C+cell_type+%3D%3D+DNge117+%7C%7C+cell_type+%3D%3D+DNpe008+%7C%7C+cell_type+%3D%3D+AN19B100+%7C%7C+cell_type+%3D%3D+DNg12_d+%7C%7C+cell_type+%3D%3D+AN16B078+%7C%7C+cell_type+%3D%3D+AN07B089+%7C%7C+cell_type+%3D%3D+DNge087+%7C%7C+cell_type+%3D%3D+AN16B116+%7C%7C+cell_type+%3D%3D+DNge071+%7C%7C+cell_type+%3D%3D+DNge114+%7C%7C+cell_type+%3D%3D+AN07B095+%7C%7C+cell_type+%3D%3D+DNnt008+%7C%7C+cell_type+%3D%3D+AN16B078_b+%7C%7C+cell_type+%3D%3D+AN16B112+%7C%7C+cell_type+%3D%3D+DNg08+%7C%7C+cell_type+%3D%3D+AN07B101+%7C%7C+cell_type+%3D%3D+AN07B101_b+%7C%7C+cell_type+%3D%3D+DNge015+%7C%7C+cell_type+%3D%3D+AN07B072_b+%7C%7C+cell_type+%3D%3D+AN08B102+%7C%7C+cell_type+%3D%3D+DNg10+%7C%7C+cell_type+%3D%3D+DNg18_a+%7C%7C+cell_type+%3D%3D+DNpe009+%7C%7C+cell_type+%3D%3D+CB1872+%7C%7C+cell_type+%3D%3D+DNge112+%7C%7C+cell_type+%3D%3D+AN07B045+%7C%7C+cell_type+%3D%3D+AN19B098+%7C%7C+cell_type+%3D%3D+DNge152+%7C%7C+cell_type+%3D%3D+AN18B020+%7C%7C+cell_type+%3D%3D+CB2397+%7C%7C+cell_type+%3D%3D+CB3953+%7C%7C+cell_type+%3D%3D+CB1772+%7C%7C+cell_type+%3D%3D+IN19B067+%7C%7C+cell_type+%3D%3D+CB0235+%7C%7C+cell_type+%3D%3D+CB1282+%7C%7C+cell_type+%3D%3D+CB1479+%7C%7C+cell_type+%3D%3D+CB0049+%7C%7C+cell_type+%3D%3D+IN02A021+%7C%7C+cell_type+%3D%3D+CB3275+%7C%7C+cell_type+%3D%3D+IN19B040+%7C%7C+cell_type+%3D%3D+CB1144+%7C%7C+cell_type+%3D%3D+CB2209+%7C%7C+cell_type+%3D%3D+CB0977+%7C%7C+cell_type+%3D%3D+CB2792+%7C%7C+cell_type+%3D%3D+CB2872+%7C%7C+cell_type+%3D%3D+CB0179+%7C%7C+cell_type+%3D%3D+CB1583+%7C%7C+cell_type+%3D%3D+CB1845+%7C%7C+cell_type+%3D%3D+CB2392+%7C%7C+cell_type+%3D%3D+CB1937+%7C%7C+cell_type+%3D%3D+CB1023+%7C%7C+cell_type+%3D%3D+CB1786_b+%7C%7C+cell_type+%3D%3D+IN06A039+%7C%7C+cell_type+%3D%3D+CB4068+%7C%7C+cell_type+%3D%3D+CB1311+%7C%7C+cell_type+%3D%3D+IN19B082+%7C%7C+cell_type+%3D%3D+IN16B100+%7C%7C+cell_type+%3D%3D+CB1786+%7C%7C+cell_type+%3D%3D+IN06B017+%7C%7C+cell_type+%3D%3D+IN02A056+%7C%7C+cell_type+%3D%3D+IN14B007+%7C%7C+cell_type+%3D%3D+IN06A006+%7C%7C+cell_type+%3D%3D+IN16B046+%7C%7C+cell_type+%3D%3D+nCHIN+%7C%7C+cell_type+%3D%3D+CB3714+%7C%7C+cell_type+%3D%3D+wCHIN+%7C%7C+cell_type+%3D%3D+AN19B106+%7C%7C+cell_type+%3D%3D+CB1601+%7C%7C+cell_type+%3D%3D+CB1094+%7C%7C+cell_type+%3D%3D+CB1469+%7C%7C+cell_type+%3D%3D+CB2497+%7C%7C+cell_type+%3D%3D+CB1270+%7C%7C+cell_type+%3D%3D+SAD005,SAD006+%7C%7C+cell_type+%3D%3D+CB1728+%7C%7C+cell_type+%3D%3D+CB0500+%7C%7C+cell_type+%3D%3D+PS237+%7C%7C+cell_type+%3D%3D+CB3320+%7C%7C+cell_type+%3D%3D+CB2304+%7C%7C+cell_type+%3D%3D+CB3395+%7C%7C+cell_type+%3D%3D+CB0091+%7C%7C+cell_type+%3D%3D+INXXX146+%7C%7C+cell_type+%3D%3D+IN11B019+%7C%7C+cell_type+%3D%3D+IN19B111+%7C%7C+cell_type+%3D%3D+IN13A013+%7C%7C+cell_type+%3D%3D+CB2804+%7C%7C+cell_type+%3D%3D+CB3804+%7C%7C+cell_type+%3D%3D+CB3749+%7C%7C+cell_type+%3D%3D+CB1265+%7C%7C+cell_type+%3D%3D+CB0607+%7C%7C+cell_type+%3D%3D+IN06B087+%7C%7C+cell_type+%3D%3D+CB1482+%7C%7C+cell_type+%3D%3D+CB2728+%7C%7C+cell_type+%3D%3D+CB2101+%7C%7C+cell_type+%3D%3D+CB2176+%7C%7C+cell_type+%3D%3D+PS089+%7C%7C+cell_type+%3D%3D+CB0528+%7C%7C+cell_type+%3D%3D+CB0675+%7C%7C+cell_type+%3D%3D+CB1021+%7C%7C+cell_type+%3D%3D+CB1424+%7C%7C+cell_type+%3D%3D+CB0034+%7C%7C+cell_type+%3D%3D+CB2891+%7C%7C+cell_type+%3D%3D+CB2913+%7C%7C+cell_type+%3D%3D+CB1233+%7C%7C+cell_type+%3D%3D+CB1918+%7C%7C+cell_type+%3D%3D+IN11B022+%7C%7C+cell_type+%3D%3D+IN06A003+%7C%7C+cell_type+%3D%3D+IN06A018+%7C%7C+cell_type+%3D%3D+CB3200b+%7C%7C+cell_type+%3D%3D+CB2322+%7C%7C+cell_type+%3D%3D+CB0989+%7C%7C+cell_type+%3D%3D+CB1662+%7C%7C+cell_type+%3D%3D+CB2503+%7C%7C+cell_type+%3D%3D+CB0657+%7C%7C+cell_type+%3D%3D+PS241a+%7C%7C+cell_type+%3D%3D+IN06A024+%7C%7C+cell_type+%3D%3D+IN19A056+%7C%7C+cell_type+%3D%3D+CB0523+%7C%7C+cell_type+%3D%3D+CB0981+%7C%7C+cell_type+%3D%3D+CB0402+%7C%7C+cell_type+%3D%3D+CB0180+%7C%7C+cell_type+%3D%3D+CB0231+%7C%7C+cell_type+%3D%3D+CB0446+%7C%7C+cell_type+%3D%3D+CB0962+%7C%7C+cell_type+%3D%3D+CB1496+%7C%7C+cell_type+%3D%3D+CB2103+%7C%7C+cell_type+%3D%3D+CB0671+%7C%7C+cell_type+%3D%3D+CB0392+%7C%7C+cell_type+%3D%3D+CB1264+%7C%7C+cell_type+%3D%3D+CB0983+%7C%7C+cell_type+%3D%3D+CB3524+%7C%7C+cell_type+%3D%3D+CB3715+%7C%7C+cell_type+%3D%3D+CB2912+%7C%7C+cell_type+%3D%3D+CB0982+%7C%7C+cell_type+%3D%3D+CB0256+%7C%7C+cell_type+%3D%3D+IN06A090+%7C%7C+cell_type+%3D%3D+CB1431+%7C%7C+cell_type+%3D%3D+CB1450+%7C%7C+cell_type+%3D%3D+IN19B047+%7C%7C+cell_type+%3D%3D+CB1229+%7C%7C+cell_type+%3D%3D+CB0229+%7C%7C+cell_type+%3D%3D+IN11B003+%7C%7C+cell_type+%3D%3D+CB1996+%7C%7C+cell_type+%3D%3D+IN12A053+%7C%7C+cell_type+%3D%3D+CB0961+%7C%7C+cell_type+%3D%3D+CB0080+%7C%7C+cell_type+%3D%3D+PS095+%7C%7C+cell_type+%3D%3D+IN00A053+%7C%7C+cell_type+%3D%3D+IN07B081+%7C%7C+cell_type+%3D%3D+IN17A082+%7C%7C+cell_type+%3D%3D+IN06A088+%7C%7C+cell_type+%3D%3D+IN06A011+%7C%7C+cell_type+%3D%3D+IN06B086+%7C%7C+cell_type+%3D%3D+CB0213+%7C%7C+cell_type+%3D%3D+PS055+%7C%7C+cell_type+%3D%3D+CB4191+%7C%7C+cell_type+%3D%3D+CB1092+%7C%7C+cell_type+%3D%3D+CB2085+%7C%7C+cell_type+%3D%3D+CB3794+%7C%7C+cell_type+%3D%3D+CB3037+%7C%7C+cell_type+%3D%3D+CB2944+%7C%7C+cell_type+%3D%3D+CB2160+%7C%7C+cell_type+%3D%3D+CB2010+%7C%7C+cell_type+%3D%3D+CB1708+%7C%7C+cell_type+%3D%3D+CB0312+%7C%7C+cell_type+%3D%3D+CB3952+%7C%7C+cell_type+%3D%3D+CB4192+%7C%7C+cell_type+%3D%3D+CB1030+%7C%7C+cell_type+%3D%3D+CB3798+%7C%7C+cell_type+%3D%3D+INXXX193+%7C%7C+cell_type+%3D%3D+DNpe015+%7C%7C+cell_type+%3D%3D+IN19B089+%7C%7C+cell_type+%3D%3D+INXXX119+%7C%7C+cell_type+%3D%3D+IN06A093+%7C%7C+cell_type+%3D%3D+IN12A058+%7C%7C+cell_type+%3D%3D+CB2177+%7C%7C+cell_type+%3D%3D+IN08B104+%7C%7C+cell_type+%3D%3D+CB2941+%7C%7C+cell_type+%3D%3D+CB1680+%7C%7C+cell_type+%3D%3D+CB2024+%7C%7C+cell_type+%3D%3D+PS054+%7C%7C+cell_type+%3D%3D+CB2235+%7C%7C+cell_type+%3D%3D+CB2690+%7C%7C+cell_type+%3D%3D+PS241b+%7C%7C+cell_type+%3D%3D+IN17A046+%7C%7C+cell_type+%3D%3D+IN19B013+%7C%7C+cell_type+%3D%3D+IN12A024+%7C%7C+cell_type+%3D%3D+IN11B009+%7C%7C+cell_type+%3D%3D+AN08B079_b+%7C%7C+cell_type+%3D%3D+AN19B099+%7C%7C+cell_type+%3D%3D+CB1894+%7C%7C+cell_type+%3D%3D+INXXX888_f+%7C%7C+cell_type+%3D%3D+IN06A068+%7C%7C+cell_type+%3D%3D+IN06A124+%7C%7C+cell_type+%3D%3D+IN18B035+%7C%7C+cell_type+%3D%3D+IN07B090+%7C%7C+cell_type+%3D%3D+IN06A091+%7C%7C+cell_type+%3D%3D+IN18B052+%7C%7C+cell_type+%3D%3D+IN06A099+%7C%7C+cell_type+%3D%3D+IN06A128+%7C%7C+cell_type+%3D%3D+IN19B091+%7C%7C+cell_type+%3D%3D+INXXX999_f+%7C%7C+cell_type+%3D%3D+IN17A060+%7C%7C+cell_type+%3D%3D+IN06A136+%7C%7C+cell_type+%3D%3D+IN02A066+%7C%7C+cell_type+%3D%3D+IN06A138+%7C%7C+cell_type+%3D%3D+IN19B094+%7C%7C+cell_type+%3D%3D+IN19B084+%7C%7C+cell_type+%3D%3D+GNG327+%7C%7C+cell_type+%3D%3D+DNpe011+%7C%7C+cell_type+%3D%3D+DNge092+%7C%7C+cell_type+%3D%3D+DNg53+%7C%7C+cell_type+%3D%3D+DNge132+%7C%7C+cell_type+%3D%3D+IN06A104+%7C%7C+cell_type+%3D%3D+IN06A132+%7C%7C+cell_type+%3D%3D+IN11B001+%7C%7C+cell_type+%3D%3D+IN06A125+%7C%7C+cell_type+%3D%3D+IN10B057+%7C%7C+cell_type+%3D%3D+IN07B096+%7C%7C+cell_type+%3D%3D+IN07B094+%7C%7C+cell_type+%3D%3D+cM06+%7C%7C+cell_type+%3D%3D+cL03+%7C%7C+cell_type+%3D%3D+IN17A111+%7C%7C+cell_type+%3D%3D+IN19B080+%7C%7C+cell_type+%3D%3D+IN18B027+%7C%7C+cell_type+%3D%3D+IN21A043+%7C%7C+cell_type+%3D%3D+IN07B087+%7C%7C+cell_type+%3D%3D+IN06A135+%7C%7C+cell_type+%3D%3D+IN11B023+%7C%7C+cell_type+%3D%3D+IN06A113+%7C%7C+cell_type+%3D%3D+IN02A058+%7C%7C+cell_type+%3D%3D+IN03B055+%7C%7C+cell_type+%3D%3D+IN11B013+%7C%7C+cell_type+%3D%3D+IN17A110+%7C%7C+cell_type+%3D%3D+IN17A067+%7C%7C+cell_type+%3D%3D+IN06A130+%7C%7C+cell_type+%3D%3D+IN07B076+%7C%7C+cell_type+%3D%3D+IN11B021+%7C%7C+cell_type+%3D%3D+IN17A105+%7C%7C+cell_type+%3D%3D+IN02A065+%7C%7C+cell_type+%3D%3D+IN06A094+%7C%7C+cell_type+%3D%3D+IN17B004+%7C%7C+cell_type+%3D%3D+IN19B058+%7C%7C+cell_type+%3D%3D+IN02A010+%7C%7C+cell_type+%3D%3D+IN19B002+%7C%7C+cell_type+%3D%3D+IN07B027+%7C%7C+cell_type+%3D%3D+IN17A064+%7C%7C+cell_type+%3D%3D+IN19A142+%7C%7C+cell_type+%3D%3D+IN00A057+%7C%7C+cell_type+%3D%3D+IN00A056+%7C%7C+cell_type+%3D%3D+IN00A054+%7C%7C+cell_type+%3D%3D+IN07B075+%7C%7C+cell_type+%3D%3D+IN00A022+%7C%7C+cell_type+%3D%3D+IN00A040+%7C%7C+cell_type+%3D%3D+IN12A046+%7C%7C+cell_type+%3D%3D+IN12A043+%7C%7C+cell_type+%3D%3D+IN06A102+%7C%7C+cell_type+%3D%3D+IN06B069+%7C%7C+cell_type+%3D%3D+IN06A059+%7C%7C+cell_type+%3D%3D+IN06A126+%7C%7C+cell_type+%3D%3D+IN06A082+%7C%7C+cell_type+%3D%3D+IN06B076+%7C%7C+cell_type+%3D%3D+IN06B077+%7C%7C+cell_type+%3D%3D+IN16B093+%7C%7C+cell_type+%3D%3D+IN16B111+%7C%7C+cell_type+%3D%3D+IN02A008+%7C%7C+cell_type+%3D%3D+IN08B080+%7C%7C+cell_type+%3D%3D+IN03B077+%7C%7C+cell_type+%3D%3D+IN03B092+%7C%7C+cell_type+%3D%3D+IN19B057+%7C%7C+cell_type+%3D%3D+IN08B073+%7C%7C+cell_type+%3D%3D+IN06B074+%7C%7C+cell_type+%3D%3D+IN19B086+%7C%7C+cell_type+%3D%3D+IN03B062+%7C%7C+cell_type+%3D%3D+IN19A057+%7C%7C+cell_type+%3D%3D+IN03B074+%7C%7C+cell_type+%3D%3D+IN06B066+%7C%7C+cell_type+%3D%3D+IN06B079+%7C%7C+cell_type+%3D%3D+IN03B067+%7C%7C+cell_type+%3D%3D+IN06A074+%7C%7C+cell_type+%3D%3D+IN02A033+%7C%7C+cell_type+%3D%3D+IN02A057+%7C%7C+cell_type+%3D%3D+IN06B038+%7C%7C+cell_type+%3D%3D+IN06B047+%7C%7C+cell_type+%3D%3D+IN16B059+%7C%7C+cell_type+%3D%3D+IN03B058+%7C%7C+cell_type+%3D%3D+IN19B088+%7C%7C+cell_type+%3D%3D+IN11B020+%7C%7C+cell_type+%3D%3D+IN03B060+%7C%7C+cell_type+%3D%3D+IN03B070+%7C%7C+cell_type+%3D%3D+IN06A101+%7C%7C+cell_type+%3D%3D+IN03B084+%7C%7C+cell_type+%3D%3D+IN17A055+%7C%7C+cell_type+%3D%3D+IN03B064+%7C%7C+cell_type+%3D%3D+IN06A058+%7C%7C+cell_type+%3D%3D+IN06B085+%7C%7C+cell_type+%3D%3D+IN16B107+%7C%7C+cell_type+%3D%3D+IN06A115+%7C%7C+cell_type+%3D%3D+IN06A100+%7C%7C+cell_type+%3D%3D+IN08B087+%7C%7C+cell_type+%3D%3D+IN06B013+%7C%7C+cell_type+%3D%3D+IN03B072+%7C%7C+cell_type+%3D%3D+IN08B085+%7C%7C+cell_type+%3D%3D+IN06A035+%7C%7C+cell_type+%3D%3D+IN06A081+%7C%7C+cell_type+%3D%3D+IN12A059+%7C%7C+cell_type+%3D%3D+IN17A039+%7C%7C+cell_type+%3D%3D+IN17A095+%7C%7C+cell_type+%3D%3D+IN16B069+%7C%7C+cell_type+%3D%3D+IN17A085+%7C%7C+cell_type+%3D%3D+IN19B070+%7C%7C+cell_type+%3D%3D+IN16B089+%7C%7C+cell_type+%3D%3D+IN06A008+%7C%7C+cell_type+%3D%3D+IN11B004+%7C%7C+cell_type+%3D%3D+IN07B064+%7C%7C+cell_type+%3D%3D+IN11B018+%7C%7C+cell_type+%3D%3D+IN02A047+%7C%7C+cell_type+%3D%3D+IN06A005+%7C%7C+cell_type+%3D%3D+IN17A032+%7C%7C+cell_type+%3D%3D+IN11A035+%7C%7C+cell_type+%3D%3D+IN16B099+%7C%7C+cell_type+%3D%3D+IN06A110+%7C%7C+cell_type+%3D%3D+IN03B089+%7C%7C+cell_type+%3D%3D+IN11B016+%7C%7C+cell_type+%3D%3D+IN11B011+%7C%7C+cell_type+%3D%3D+IN19B007+%7C%7C+cell_type+%3D%3D+IN19B073+%7C%7C+cell_type+%3D%3D+IN07B051+%7C%7C+cell_type+%3D%3D+IN03B088+%7C%7C+cell_type+%3D%3D+IN08B083+%7C%7C+cell_type+%3D%3D+IN12A050+%7C%7C+cell_type+%3D%3D+IN07B063+%7C%7C+cell_type+%3D%3D+IN03B069+%7C%7C+cell_type+%3D%3D+IN19B071+%7C%7C+cell_type+%3D%3D+IN02A043+%7C%7C+cell_type+%3D%3D+IN19B085+%7C%7C+cell_type+%3D%3D+IN03B066+%7C%7C+cell_type+%3D%3D+IN12A052+%7C%7C+cell_type+%3D%3D+IN02A007+%7C%7C+cell_type+%3D%3D+IN08B068+%7C%7C+cell_type+%3D%3D+IN12A057+%7C%7C+cell_type+%3D%3D+IN03B065+%7C%7C+cell_type+%3D%3D+IN11B015+%7C%7C+cell_type+%3D%3D+IN02A052+%7C%7C+cell_type+%3D%3D+IN12A060+%7C%7C+cell_type+%3D%3D+IN06A079+%7C%7C+cell_type+%3D%3D+IN12A054+%7C%7C+cell_type+%3D%3D+IN12A063+%7C%7C+cell_type+%3D%3D+IN08B078+%7C%7C+cell_type+%3D%3D+IN17A071+%7C%7C+cell_type+%3D%3D+IN02A019+%7C%7C+cell_type+%3D%3D+IN03B056+%7C%7C+cell_type+%3D%3D+IN19B105+%7C%7C+cell_type+%3D%3D+IN02A062+%7C%7C+cell_type+%3D%3D+IN12A034+%7C%7C+cell_type+%3D%3D+IN06A033+%7C%7C+cell_type+%3D%3D+IN11B014+%7C%7C+cell_type+%3D%3D+IN07B083+%7C%7C+cell_type+%3D%3D+IN11A034+%7C%7C+cell_type+%3D%3D+IN12A061+%7C%7C+cell_type+%3D%3D+IN16B051+%7C%7C+cell_type+%3D%3D+IN07B092+%7C%7C+cell_type+%3D%3D+IN19B103+%7C%7C+cell_type+%3D%3D+IN03B051+%7C%7C+cell_type+%3D%3D+IN06B052+%7C%7C+cell_type+%3D%3D+IN06A057+%7C%7C+cell_type+%3D%3D+IN21A063+%7C%7C+cell_type+%3D%3D+IN06B003+%7C%7C+cell_type+%3D%3D+INXXX044+%7C%7C+cell_type+%3D%3D+IN06A037+%7C%7C+cell_type+%3D%3D+IN08B051+%7C%7C+cell_type+%3D%3D+IN07B099+%7C%7C+cell_type+%3D%3D+IN08B108+%7C%7C+cell_type+%3D%3D+IN03B012+%7C%7C+cell_type+%3D%3D+IN18B020+%7C%7C+cell_type+%3D%3D+INXXX095+%7C%7C+cell_type+%3D%3D+IN08B093+%7C%7C+cell_type+%3D%3D+IN08A040+%7C%7C+cell_type+%3D%3D+IN19B053+%7C%7C+cell_type+%3D%3D+IN08B076+%7C%7C+cell_type+%3D%3D+IN17A072+%7C%7C+cell_type+%3D%3D+INXXX138+%7C%7C+cell_type+%3D%3D+IN17A077+%7C%7C+cell_type+%3D%3D+vMS12+%7C%7C+cell_type+%3D%3D+IN16B079+%7C%7C+cell_type+%3D%3D+vMS11+%7C%7C+cell_type+%3D%3D+IN18B041+%7C%7C+cell_type+%3D%3D+IN02A020+%7C%7C+cell_type+%3D%3D+IN06B064+%7C%7C+cell_type+%3D%3D+IN18B043+%7C%7C+cell_type+%3D%3D+IN17A104+%7C%7C+cell_type+%3D%3D+INXXX076+%7C%7C+cell_type+%3D%3D+IN06B053+%7C%7C+cell_type+%3D%3D+IN11A040+%7C%7C+cell_type+%3D%3D+IN06B040+%7C%7C+cell_type+%3D%3D+IN17A059+%7C%7C+cell_type+%3D%3D+w-cHIN+%7C%7C+cell_type+%3D%3D+IN06A020+%7C%7C+cell_type+%3D%3D+IN11A028+%7C%7C+cell_type+%3D%3D+IN03B071+%7C%7C+cell_type+%3D%3D+IN02A045+%7C%7C+cell_type+%3D%3D+IN07B047+%7C%7C+cell_type+%3D%3D+dMS10+%7C%7C+cell_type+%3D%3D+IN19B043+%7C%7C+cell_type+%3D%3D+IN03B079+%7C%7C+cell_type+%3D%3D+IN17B001+%7C%7C+cell_type+%3D%3D+IN03B081+%7C%7C+cell_type+%3D%3D+IN03B038+%7C%7C+cell_type+%3D%3D+IN02A029+%7C%7C+cell_type+%3D%3D+IN05B016+%7C%7C+cell_type+%3D%3D+dMS5+%7C%7C+cell_type+%3D%3D+IN03B061+%7C%7C+cell_type+%3D%3D+IN19B090+%7C%7C+cell_type+%3D%3D+IN03B022+%7C%7C+cell_type+%3D%3D+IN02A049+%7C%7C+cell_type+%3D%3D+IN18B034+%7C%7C+cell_type+%3D%3D+IN06A040+%7C%7C+cell_type+%3D%3D+IN19B077+%7C%7C+cell_type+%3D%3D+IN06A070+%7C%7C+cell_type+%3D%3D+IN06A116+%7C%7C+cell_type+%3D%3D+IN06B063+%7C%7C+cell_type+%3D%3D+IN06B025+%7C%7C+cell_type+%3D%3D+IN06B055+%7C%7C+cell_type+%3D%3D+IN08B105+%7C%7C+cell_type+%3D%3D+IN06B043+%7C%7C+cell_type+%3D%3D+IN03B057+%7C%7C+cell_type+%3D%3D+IN06A046+%7C%7C+cell_type+%3D%3D+IN11A036+%7C%7C+cell_type+%3D%3D+IN12A012+%7C%7C+cell_type+%3D%3D+IN06B080+%7C%7C+cell_type+%3D%3D+IN17A081+%7C%7C+cell_type+%3D%3D+IN06A075+%7C%7C+cell_type+%3D%3D+IN17A049+%7C%7C+cell_type+%3D%3D+IN11A037+%7C%7C+cell_type+%3D%3D+IN08A011+%7C%7C+cell_type+%3D%3D+IN16B092+%7C%7C+cell_type+%3D%3D+IN11B017+%7C%7C+cell_type+%3D%3D+dMS2+%7C%7C+cell_type+%3D%3D+IN03B054+%7C%7C+cell_type+%3D%3D+IN11A026+%7C%7C+cell_type+%3D%3D+IN06A119+%7C%7C+cell_type+%3D%3D+IN03B063+%7C%7C+cell_type+%3D%3D+IN07B100+%7C%7C+cell_type+%3D%3D+IN03B083+%7C%7C+cell_type+%3D%3D+IN06A120+%7C%7C+cell_type+%3D%3D+IN07B059+%7C%7C+cell_type+%3D%3D+IN06A097+%7C%7C+cell_type+%3D%3D+IN06B049+%7C%7C+cell_type+%3D%3D+CV1038+%7C%7C+cell_type+%3D%3D+IN07B068+%7C%7C+cell_type+%3D%3D+IN07B079+%7C%7C+cell_type+%3D%3D+IN07B098+%7C%7C+cell_type+%3D%3D+IN10B023+%7C%7C+cell_type+%3D%3D+INXXX204+%7C%7C+cell_type+%3D%3D+IN06A055+%7C%7C+cell_type+%3D%3D+IN07B102+%7C%7C+cell_type+%3D%3D+IN03B093+%7C%7C+cell_type+%3D%3D+IN03B091+%7C%7C+cell_type+%3D%3D+IN06A052+%7C%7C+cell_type+%3D%3D+IN11B006+%7C%7C+cell_type+%3D%3D+IN07B086+%7C%7C+cell_type+%3D%3D+IN03B049+%7C%7C+cell_type+%3D%3D+INXXX437+%7C%7C+cell_type+%3D%3D+IN03B082+%7C%7C+cell_type+%3D%3D+IN06A069+%7C%7C+cell_type+%3D%3D+IN06A071+%7C%7C+cell_type+%3D%3D+IN06A137+%7C%7C+cell_type+%3D%3D+IN06A061+%7C%7C+cell_type+%3D%3D+IN06A073+%7C%7C+cell_type+%3D%3D+INXXX355+%7C%7C+cell_type+%3D%3D+INXXX198+%7C%7C+cell_type+%3D%3D+INXXX142+%7C%7C+cell_type+%3D%3D+INXXX828_f+%7C%7C+cell_type+%3D%3D+IN06A108+%7C%7C+cell_type+%3D%3D+IN06A036+%7C%7C+cell_type+%3D%3D+IN06A051+%7C%7C+cell_type+%3D%3D+IN06A111+%7C%7C+cell_type+%3D%3D+IN01A031+%7C%7C+cell_type+%3D%3D+IN06A114+%7C%7C+cell_type+%3D%3D+INXXX133+%7C%7C+cell_type+%3D%3D+IN19B045+%7C%7C+cell_type+%3D%3D+IN19B041+%7C%7C+cell_type+%3D%3D+IN19B052+%7C%7C+cell_type+%3D%3D+IN07B019+%7C%7C+cell_type+%3D%3D+IN06B042+%7C%7C+cell_type+%3D%3D+IN06A129+%7C%7C+cell_type+%3D%3D+IN07B030+%7C%7C+cell_type+%3D%3D+IN06A072+%7C%7C+cell_type+%3D%3D+IN06B050+%7C%7C+cell_type+%3D%3D+IN07B039+%7C%7C+cell_type+%3D%3D+IN07B067+%7C%7C+cell_type+%3D%3D+IN07B033+%7C%7C+cell_type+%3D%3D+IN07B038+%7C%7C+cell_type+%3D%3D+IN07B053+%7C%7C+cell_type+%3D%3D+IN03A011+%7C%7C+cell_type+%3D%3D+IN02A032+%7C%7C+cell_type+%3D%3D+IN18B042+%7C%7C+cell_type+%3D%3D+IN02A051+%7C%7C+cell_type+%3D%3D+INXXX869_f+%7C%7C+cell_type+%3D%3D+IN02A035+%7C%7C+cell_type+%3D%3D+IN17A108+%7C%7C+cell_type+%3D%3D+IN06B014+%7C%7C+cell_type+%3D%3D+IN06B071+%7C%7C+cell_type+%3D%3D+IN11B005+%7C%7C+cell_type+%3D%3D+IN19B033+%7C%7C+cell_type+%3D%3D+IN19B075+%7C%7C+cell_type+%3D%3D+IN06A127+%7C%7C+cell_type+%3D%3D+IN06B019+%7C%7C+cell_type+%3D%3D+IN06A096+%7C%7C+cell_type+%3D%3D+IN06A044+%7C%7C+cell_type+%3D%3D+IN06A022+%7C%7C+cell_type+%3D%3D+IN06A019+%7C%7C+cell_type+%3D%3D+IN16B066+%7C%7C+cell_type+%3D%3D+IN16B084+%7C%7C+cell_type+%3D%3D+IN07B032+%7C%7C+cell_type+%3D%3D+IN14B003+%7C%7C+cell_type+%3D%3D+IN16B106+%7C%7C+cell_type+%3D%3D+IN16B048+%7C%7C+cell_type+%3D%3D+IN16B104+%7C%7C+cell_type+%3D%3D+IN06A085+%7C%7C+cell_type+%3D%3D+IN06A086+%7C%7C+cell_type+%3D%3D+IN06A042+%7C%7C+cell_type+%3D%3D+IN06A065+%7C%7C+cell_type+%3D%3D+IN06A032+%7C%7C+cell_type+%3D%3D+IN03B046+%7C%7C+cell_type+%3D%3D+IN17A011+%7C%7C+cell_type+%3D%3D+IN03B068+%7C%7C+cell_type+%3D%3D+IN08B091+%7C%7C+cell_type+%3D%3D+IN07B103+%7C%7C+cell_type+%3D%3D+IN02A060+%7C%7C+cell_type+%3D%3D+IN02A067+%7C%7C+cell_type+%3D%3D+IN02A048+%7C%7C+cell_type+%3D%3D+IN00A043+%7C%7C+cell_type+%3D%3D+IN00A032+%7C%7C+cell_type+%3D%3D+IN02A063+%7C%7C+cell_type+%3D%3D+IN00A044+%7C%7C+cell_type+%3D%3D+IN02A061+%7C%7C+cell_type+%3D%3D+IN00A047+%7C%7C+cell_type+%3D%3D+IN06B061+%7C%7C+cell_type+%3D%3D+IN00A039+%7C%7C+cell_type+%3D%3D+IN02A042+%7C%7C+cell_type+%3D%3D+IN02A040+%7C%7C+cell_type+%3D%3D+IN02A018+%7C%7C+cell_type+%3D%3D+IN02A026+%7C%7C+cell_type+%3D%3D+IN02A037+%7C%7C+cell_type+%3D%3D+IN06B036+%7C%7C+cell_type+%3D%3D+IN06B058+%7C%7C+cell_type+%3D%3D+IN06A122+%7C%7C+cell_type+%3D%3D+IN19B064+%7C%7C+cell_type+%3D%3D+IN19B072+%7C%7C+cell_type+%3D%3D+IN19B056+%7C%7C+cell_type+%3D%3D+IN19B083+%7C%7C+cell_type+%3D%3D+IN06A103+%7C%7C+cell_type+%3D%3D+IN06A048+%7C%7C+cell_type+%3D%3D+IN19B062+%7C%7C+cell_type+%3D%3D+IN18B026+%7C%7C+cell_type+%3D%3D+IN06A087+%7C%7C+cell_type+%3D%3D+IN17B015+%7C%7C+cell_type+%3D%3D+IN06A054+%7C%7C+cell_type+%3D%3D+IN06A023+%7C%7C+cell_type+%3D%3D+IN06A012+%7C%7C+cell_type+%3D%3D+IN06A016+%7C%7C+cell_type+%3D%3D+IN06A013+%7C%7C+cell_type+%3D%3D+IN06A045+%7C%7C+cell_type+%3D%3D+IN12A006+%7C%7C+cell_type+%3D%3D+IN12A044+%7C%7C+cell_type+%3D%3D+IN06A002+%7C%7C+cell_type+%3D%3D+IN03B087+%7C%7C+cell_type+%3D%3D+IN03B059+%7C%7C+cell_type+%3D%3D+IN03B053+%7C%7C+cell_type+%3D%3D+IN08B088+%7C%7C+cell_type+%3D%3D+IN02A013+%7C%7C+cell_type+%3D%3D+IN07B031+%7C%7C+cell_type+%3D%3D+IN07B026+%7C%7C+cell_type+%3D%3D+IN02A050+%7C%7C+cell_type+%3D%3D+IN02A053+%7C%7C+cell_type+%3D%3D+IN19B020+%7C%7C+cell_type+%3D%3D+IN17A029+%7C%7C+cell_type+%3D%3D+IN11B002+%7C%7C+cell_type+%3D%3D+IN06B081+%7C%7C+cell_type+%3D%3D+IN06B054+%7C%7C+cell_type+%3D%3D+IN06A067+%7C%7C+cell_type+%3D%3D+IN06B078+%7C%7C+cell_type+%3D%3D+IN06B082+%7C%7C+cell_type+%3D%3D+IN27X014+%7C%7C+cell_type+%3D%3D+IN06B059+%7C%7C+cell_type+%3D%3D+IN08B037+%7C%7C+cell_type+%3D%3D+IN12A062+%7C%7C+cell_type+%3D%3D+IN06A089+%7C%7C+cell_type+%3D%3D+IN19B096+%7C%7C+cell_type+%3D%3D+IN06A076+%7C%7C+cell_type+%3D%3D+IN10B006+%7C%7C+cell_type+%3D%3D+IN07B077+%7C%7C+cell_type+%3D%3D+IN08B035+%7C%7C+cell_type+%3D%3D+IN07B048+%7C%7C+cell_type+%3D%3D+IN07B073+%7C%7C+cell_type+%3D%3D+IN11B012+%7C%7C+cell_type+%3D%3D+IN19B081+%7C%7C+cell_type+%3D%3D+IN07B084+%7C%7C+cell_type+%3D%3D+IN17A048+%7C%7C+cell_type+%3D%3D+IN19B066+%7C%7C+cell_type+%3D%3D+IN19B031+%7C%7C+cell_type+%3D%3D+INXXX937_f+%7C%7C+cell_type+%3D%3D+IN19B087+%7C%7C+cell_type+%3D%3D+IN19B069+%7C%7C+cell_type+%3D%3D+INXXX978_f+%7C%7C+cell_type+%3D%3D+IN19B055+%7C%7C+cell_type+%3D%3D+IN19B008+%7C%7C+cell_type+%3D%3D+IN17A114+%7C%7C+cell_type+%3D%3D+INXXX883_f+%7C%7C+cell_type+%3D%3D+IN03B052+%7C%7C+cell_type+%3D%3D+IN11A019+%7C%7C+cell_type+%3D%3D+IN04B006+%7C%7C+cell_type+%3D%3D+IN11A031+%7C%7C+cell_type+%3D%3D+IN19B092+%7C%7C+cell_type+%3D%3D+IN11A018+%7C%7C+cell_type+%3D%3D+IN17A117+%7C%7C+cell_type+%3D%3D+IN03B073+%7C%7C+cell_type+%3D%3D+IN06A034+%7C%7C+cell_type+%3D%3D+IN06A118+%7C%7C+cell_type+%3D%3D+IN06A047+%7C%7C+cell_type+%3D%3D+IN06A121+%7C%7C+cell_type+%3D%3D+IN08B006+%7C%7C+cell_type+%3D%3D+IN06A084+%7C%7C+cell_type+%3D%3D+IN12A002+%7C%7C+cell_type+%3D%3D+IN06A004+%7C%7C+cell_type+%3D%3D+IN03B037+%7C%7C+cell_type+%3D%3D+IN08B075+%7C%7C+cell_type+%3D%3D+IN12A035+%7C%7C+cell_type+%3D%3D+IN12A015+%7C%7C+cell_type+%3D%3D+IN03B078+%7C%7C+cell_type+%3D%3D+IN03B043+%7C%7C+cell_type+%3D%3D+IN03B086+%7C%7C+cell_type+%3D%3D+IN03B005+%7C%7C+cell_type+%3D%3D+IN03B008+%7C%7C+cell_type+%3D%3D+IN03B076+%7C%7C+cell_type+%3D%3D+IN16B068+%7C%7C+cell_type+%3D%3D+IN03B080+%7C%7C+cell_type+%3D%3D+IN16B062+%7C%7C+cell_type+%3D%3D+IN03B085+%7C%7C+cell_type+%3D%3D+IN16B071+%7C%7C+cell_type+%3D%3D+IN16B063+%7C%7C+cell_type+%3D%3D+IN17A083+%7C%7C+cell_type+%3D%3D+IN17A080+%7C%7C+cell_type+%3D%3D+IN17A084+%7C%7C+cell_type+%3D%3D+IN17A106+%7C%7C+cell_type+%3D%3D+IN11A001+%7C%7C+cell_type+%3D%3D+IN03B024+%7C%7C+cell_type+%3D%3D+IN12A008+%7C%7C+cell_type+%3D%3D+IN12A018+%7C%7C+cell_type+%3D%3D+IN01A017+%7C%7C+cell_type+%3D%3D+IN03B090+%7C%7C+cell_type+%3D%3D+IN03B075+%7C%7C+cell_type+%3D%3D+IN17A099+%7C%7C+cell_type+%3D%3D+IN17A034+%7C%7C+cell_type+%3D%3D+INXXX847_f+%7C%7C+cell_type+%3D%3D+IN17A100+%7C%7C+cell_type+%3D%3D+IN19B034+%7C%7C+cell_type+%3D%3D+IN01A020+%7C%7C+cell_type+%3D%3D+IN17A107+%7C%7C+cell_type+%3D%3D+IN17A088+%7C%7C+cell_type+%3D%3D+IN17A093+%7C%7C+cell_type+%3D%3D+IN17A035+%7C%7C+cell_type+%3D%3D+IN17A113+%7C%7C+cell_type+%3D%3D+IN17A112+%7C%7C+cell_type+%3D%3D+IN17A045+%7C%7C+cell_type+%3D%3D+IN17A089+%7C%7C+cell_type+%3D%3D+INXXX173+%7C%7C+cell_type+%3D%3D+IN17A097+%7C%7C+cell_type+%3D%3D+IN17A069+%7C%7C+cell_type+%3D%3D+IN17A057+%7C%7C+cell_type+%3D%3D+IN17A116+%7C%7C+cell_type+%3D%3D+INXXX976_f+%7C%7C+cell_type+%3D%3D+IN17A078+%7C%7C+cell_type+%3D%3D+IN17A063+%7C%7C+cell_type+%3D%3D+IN17A027+%7C%7C+cell_type+%3D%3D+IN19B037+%7C%7C+cell_type+%3D%3D+IN19A026+%7C%7C+cell_type+%3D%3D+IN06B083+%7C%7C+cell_type+%3D%3D+IN06A078+%7C%7C+cell_type+%3D%3D+IN02A028+%7C%7C+cell_type+%3D%3D+IN06A077+%7C%7C+cell_type+%3D%3D+IN06A083+%7C%7C+cell_type+%3D%3D+IN06A038+%7C%7C+cell_type+%3D%3D+IN06A133+%7C%7C+cell_type+%3D%3D+IN17A103+%7C%7C+cell_type+%3D%3D+INXXX078+%7C%7C+cell_type+%3D%3D+IN17A086+%7C%7C+cell_type+%3D%3D+IN01A024+%7C%7C+cell_type+%3D%3D+IN02A055+%7C%7C+cell_type+%3D%3D+IN19B095+%7C%7C+cell_type+%3D%3D+IN06A123+%7C%7C+cell_type+%3D%3D+IN02A024+%7C%7C+cell_type+%3D%3D+IN19A036+%7C%7C+cell_type+%3D%3D+IN06A056+%7C%7C+cell_type+%3D%3D+IN19B048+%7C%7C+cell_type+%3D%3D+IN17A074+%7C%7C+cell_type+%3D%3D+IN17A115+%7C%7C+cell_type+%3D%3D+IN17A091+%7C%7C+cell_type+%3D%3D+INXXX861_f+%7C%7C+cell_type+%3D%3D+IN06A053+%7C%7C+cell_type+%3D%3D+IN12A051+%7C%7C+cell_type+%3D%3D+IN06B033+%7C%7C+cell_type+%3D%3D+IN12B016+%7C%7C+cell_type+%3D%3D+IN16B047+%7C%7C+cell_type+%3D%3D+IN08B082+%7C%7C+cell_type+%3D%3D+IN16B103+%7C%7C+cell_type+%3D%3D+IN08B039+%7C%7C+cell_type+%3D%3D+IN07B093+%7C%7C+cell_type+%3D%3D+IN12A010+%7C%7C+cell_type+%3D%3D+INXXX201+%7C%7C+cell_type+%3D%3D+INXXX284+%7C%7C+cell_type+%3D%3D+IN16B087+%7C%7C+cell_type+%3D%3D+IN06A025+%7C%7C+cell_type+%3D%3D+INXXX347+%7C%7C+cell_type+%3D%3D+IN17A030+%7C%7C+cell_type+%3D%3D+IN17A023+%7C%7C+cell_type+%3D%3D+IN17A033+%7C%7C+cell_type+%3D%3D+IN17A056+%7C%7C+cell_type+%3D%3D+IN17A119+%7C%7C+cell_type+%3D%3D+IN17A118+%7C%7C+cell_type+%3D%3D+IN18B049+%7C%7C+cell_type+%3D%3D+IN19B097+%7C%7C+cell_type+%3D%3D+IN06A009+%7C%7C+cell_type+%3D%3D+IN19B023+%7C%7C+cell_type+%3D%3D+IN03B001+%7C%7C+cell_type+%3D%3D+IN16B072+%7C%7C+cell_type+%3D%3D+IN03B045+%7C%7C+cell_type+%3D%3D+IN18B039+%7C%7C+cell_type+%3D%3D+INXXX946_f+%7C%7C+cell_type+%3D%3D+IN11A043+%7C%7C+cell_type+%3D%3D+IN17A098+%7C%7C+cell_type+%3D%3D+OCG01b&sort_by=&page_size=100"
"inferior brain","https://spelunker.cave-explorer.org/#!middleauth+https://global.daf-apis.com/nglstate/api/v1/5708633785499648","https://codex.flywire.ai/app/search?dataset=banc&filter_string=cell_type+%3D%3D+DNp27+%7C%7C+cell_type+%3D%3D+AN19B019+%7C%7C+cell_type+%3D%3D+DNp104+%7C%7C+cell_type+%3D%3D+DNpe023+%7C%7C+cell_type+%3D%3D+DNpe001+%7C%7C+cell_type+%3D%3D+CB0191+%7C%7C+cell_type+%3D%3D+TuBu09,TuBu10+%7C%7C+cell_type+%3D%3D+ATL032+%7C%7C+cell_type+%3D%3D+TuBu03+%7C%7C+cell_type+%3D%3D+TuBu07+%7C%7C+cell_type+%3D%3D+CB0674+%7C%7C+cell_type+%3D%3D+PLP198,SLP361+%7C%7C+cell_type+%3D%3D+CB0629+%7C%7C+cell_type+%3D%3D+CL179+%7C%7C+cell_type+%3D%3D+AOTU008d+%7C%7C+cell_type+%3D%3D+SIP020+%7C%7C+cell_type+%3D%3D+LAL086+%7C%7C+cell_type+%3D%3D+CB3444+%7C%7C+cell_type+%3D%3D+CB1072+%7C%7C+cell_type+%3D%3D+LAL087+%7C%7C+cell_type+%3D%3D+TuBu08+%7C%7C+cell_type+%3D%3D+SLP462+%7C%7C+cell_type+%3D%3D+CB0966+%7C%7C+cell_type+%3D%3D+AOTU039+%7C%7C+cell_type+%3D%3D+AOTU038+%7C%7C+cell_type+%3D%3D+CB1584+%7C%7C+cell_type+%3D%3D+PLP180+%7C%7C+cell_type+%3D%3D+CL196b+%7C%7C+cell_type+%3D%3D+CB1554+%7C%7C+cell_type+%3D%3D+CB2909+%7C%7C+cell_type+%3D%3D+CB2056+%7C%7C+cell_type+%3D%3D+CB2094b+%7C%7C+cell_type+%3D%3D+CB1556+%7C%7C+cell_type+%3D%3D+SMP342+%7C%7C+cell_type+%3D%3D+CB2343+%7C%7C+cell_type+%3D%3D+PLP185,PLP186+%7C%7C+cell_type+%3D%3D+CB1853+%7C%7C+cell_type+%3D%3D+CB3098+%7C%7C+cell_type+%3D%3D+CB2245+%7C%7C+cell_type+%3D%3D+VES020+%7C%7C+cell_type+%3D%3D+CL283c+%7C%7C+cell_type+%3D%3D+CB1767+%7C%7C+cell_type+%3D%3D+CB1794+%7C%7C+cell_type+%3D%3D+VES019+%7C%7C+cell_type+%3D%3D+IB084+%7C%7C+cell_type+%3D%3D+CB1329+%7C%7C+cell_type+%3D%3D+SMP018+%7C%7C+cell_type+%3D%3D+SMP016_b+%7C%7C+cell_type+%3D%3D+VES021+%7C%7C+cell_type+%3D%3D+CB2204+%7C%7C+cell_type+%3D%3D+CB1553+%7C%7C+cell_type+%3D%3D+VES013+%7C%7C+cell_type+%3D%3D+VES003+%7C%7C+cell_type+%3D%3D+VES014+%7C%7C+cell_type+%3D%3D+CL321+%7C%7C+cell_type+%3D%3D+LAL035+%7C%7C+cell_type+%3D%3D+PS008+%7C%7C+cell_type+%3D%3D+LAL196+%7C%7C+cell_type+%3D%3D+CB2896+%7C%7C+cell_type+%3D%3D+CB0984+%7C%7C+cell_type+%3D%3D+CB1876+%7C%7C+cell_type+%3D%3D+CB0172+%7C%7C+cell_type+%3D%3D+PLP004+%7C%7C+cell_type+%3D%3D+CB2216+%7C%7C+cell_type+%3D%3D+CL172+%7C%7C+cell_type+%3D%3D+CB1961+%7C%7C+cell_type+%3D%3D+CB2391+%7C%7C+cell_type+%3D%3D+CB3015+%7C%7C+cell_type+%3D%3D+LAL165+%7C%7C+cell_type+%3D%3D+LAL170+%7C%7C+cell_type+%3D%3D+VES049+%7C%7C+cell_type+%3D%3D+CB2500+%7C%7C+cell_type+%3D%3D+CB2982+%7C%7C+cell_type+%3D%3D+CL006+%7C%7C+cell_type+%3D%3D+CB0677+%7C%7C+cell_type+%3D%3D+CB0667+%7C%7C+cell_type+%3D%3D+CL104+%7C%7C+cell_type+%3D%3D+PS002+%7C%7C+cell_type+%3D%3D+LAL021+%7C%7C+cell_type+%3D%3D+CL269+%7C%7C+cell_type+%3D%3D+M_lvPNm48+%7C%7C+cell_type+%3D%3D+CL182+%7C%7C+cell_type+%3D%3D+AOTU063a+%7C%7C+cell_type+%3D%3D+CB0662+%7C%7C+cell_type+%3D%3D+AOTUv4B_P02+%7C%7C+cell_type+%3D%3D+WEDPN7B+%7C%7C+cell_type+%3D%3D+CB1641+%7C%7C+cell_type+%3D%3D+CB1227+%7C%7C+cell_type+%3D%3D+LAL011+%7C%7C+cell_type+%3D%3D+AOTU007+%7C%7C+cell_type+%3D%3D+AOTU030+%7C%7C+cell_type+%3D%3D+LAL006+%7C%7C+cell_type+%3D%3D+WED182+%7C%7C+cell_type+%3D%3D+LAL144a+%7C%7C+cell_type+%3D%3D+LAL043b+%7C%7C+cell_type+%3D%3D+CB2485+%7C%7C+cell_type+%3D%3D+CB2695+%7C%7C+cell_type+%3D%3D+CL143+%7C%7C+cell_type+%3D%3D+SMP080+%7C%7C+cell_type+%3D%3D+CB3115+%7C%7C+cell_type+%3D%3D+LAL023+%7C%7C+cell_type+%3D%3D+SMP282+%7C%7C+cell_type+%3D%3D+CL064+%7C%7C+cell_type+%3D%3D+SMP332b+%7C%7C+cell_type+%3D%3D+CB3164+%7C%7C+cell_type+%3D%3D+SMP357+%7C%7C+cell_type+%3D%3D+CB1418+%7C%7C+cell_type+%3D%3D+CL066+%7C%7C+cell_type+%3D%3D+PS185a+%7C%7C+cell_type+%3D%3D+LAL022+%7C%7C+cell_type+%3D%3D+LHAV4i2+%7C%7C+cell_type+%3D%3D+CL128c+%7C%7C+cell_type+%3D%3D+LAL112+%7C%7C+cell_type+%3D%3D+PS096+%7C%7C+cell_type+%3D%3D+PLP254+%7C%7C+cell_type+%3D%3D+CL042+%7C%7C+cell_type+%3D%3D+CB3871+%7C%7C+cell_type+%3D%3D+IB058+%7C%7C+cell_type+%3D%3D+CL187+%7C%7C+cell_type+%3D%3D+IB062+%7C%7C+cell_type+%3D%3D+PS263+%7C%7C+cell_type+%3D%3D+CL149+%7C%7C+cell_type+%3D%3D+CL086_a,CL086_d+%7C%7C+cell_type+%3D%3D+CB3018+%7C%7C+cell_type+%3D%3D+CB2708+%7C%7C+cell_type+%3D%3D+LAL141+%7C%7C+cell_type+%3D%3D+PS146+%7C%7C+cell_type+%3D%3D+LAL175+%7C%7C+cell_type+%3D%3D+CB1452+%7C%7C+cell_type+%3D%3D+CB0361+%7C%7C+cell_type+%3D%3D+CB1225+%7C%7C+cell_type+%3D%3D+CB1851+%7C%7C+cell_type+%3D%3D+SMP054+%7C%7C+cell_type+%3D%3D+SMP021+%7C%7C+cell_type+%3D%3D+LHPV3a1+%7C%7C+cell_type+%3D%3D+CB2009+%7C%7C+cell_type+%3D%3D+CB3471+%7C%7C+cell_type+%3D%3D+AOTUv3B_P01+%7C%7C+cell_type+%3D%3D+CB3937+%7C%7C+cell_type+%3D%3D+PLP159+%7C%7C+cell_type+%3D%3D+ATL009+%7C%7C+cell_type+%3D%3D+CB2936+%7C%7C+cell_type+%3D%3D+PS068+%7C%7C+cell_type+%3D%3D+SMP387+%7C%7C+cell_type+%3D%3D+CL175+%7C%7C+cell_type+%3D%3D+ATL021+%7C%7C+cell_type+%3D%3D+LAL147a+%7C%7C+cell_type+%3D%3D+SMP008+%7C%7C+cell_type+%3D%3D+CB2460+%7C%7C+cell_type+%3D%3D+SMP429+%7C%7C+cell_type+%3D%3D+SMP328b+%7C%7C+cell_type+%3D%3D+ATL006+%7C%7C+cell_type+%3D%3D+CB0685+%7C%7C+cell_type+%3D%3D+SMP057+%7C%7C+cell_type+%3D%3D+PLP174+%7C%7C+cell_type+%3D%3D+IB094+%7C%7C+cell_type+%3D%3D+CB2898+%7C%7C+cell_type+%3D%3D+PLP241+%7C%7C+cell_type+%3D%3D+ATL040+%7C%7C+cell_type+%3D%3D+AOTU015a+%7C%7C+cell_type+%3D%3D+CB3862+%7C%7C+cell_type+%3D%3D+PLP028+%7C%7C+cell_type+%3D%3D+PS184,PS272+%7C%7C+cell_type+%3D%3D+PS097+%7C%7C+cell_type+%3D%3D+CB1547+%7C%7C+cell_type+%3D%3D+SMP331b+%7C%7C+cell_type+%3D%3D+CB2117+%7C%7C+cell_type+%3D%3D+VES027+%7C%7C+cell_type+%3D%3D+AOTUv3B_P06+%7C%7C+cell_type+%3D%3D+LAL003,LAL044+%7C%7C+cell_type+%3D%3D+CB1271+%7C%7C+cell_type+%3D%3D+ATL010+%7C%7C+cell_type+%3D%3D+CB1808+%7C%7C+cell_type+%3D%3D+PLP013+%7C%7C+cell_type+%3D%3D+PS038a+%7C%7C+cell_type+%3D%3D+CB3113+%7C%7C+cell_type+%3D%3D+CB2671+%7C%7C+cell_type+%3D%3D+CB1745+%7C%7C+cell_type+%3D%3D+LAL160,LAL161+%7C%7C+cell_type+%3D%3D+CB3263+%7C%7C+cell_type+%3D%3D+AOTU047+%7C%7C+cell_type+%3D%3D+PS186+%7C%7C+cell_type+%3D%3D+CB3143+%7C%7C+cell_type+%3D%3D+AOTU012+%7C%7C+cell_type+%3D%3D+SAD045,SAD046+%7C%7C+cell_type+%3D%3D+PLP003+%7C%7C+cell_type+%3D%3D+CL292b+%7C%7C+cell_type+%3D%3D+LAL200+%7C%7C+cell_type+%3D%3D+CL101+%7C%7C+cell_type+%3D%3D+CB2283+%7C%7C+cell_type+%3D%3D+CL005+%7C%7C+cell_type+%3D%3D+PLP039+%7C%7C+cell_type+%3D%3D+PLP064_a+%7C%7C+cell_type+%3D%3D+CL100+%7C%7C+cell_type+%3D%3D+IB017+%7C%7C+cell_type+%3D%3D+IB059a+%7C%7C+cell_type+%3D%3D+CB2070+%7C%7C+cell_type+%3D%3D+CB1426+%7C%7C+cell_type+%3D%3D+PS150+%7C%7C+cell_type+%3D%3D+PLP042a+%7C%7C+cell_type+%3D%3D+CB2333+%7C%7C+cell_type+%3D%3D+CB1941+%7C%7C+cell_type+%3D%3D+CB0580+%7C%7C+cell_type+%3D%3D+CB0865+%7C%7C+cell_type+%3D%3D+WED076+%7C%7C+cell_type+%3D%3D+CB0083+%7C%7C+cell_type+%3D%3D+SMP459+%7C%7C+cell_type+%3D%3D+APDN3+%7C%7C+cell_type+%3D%3D+CB1374+%7C%7C+cell_type+%3D%3D+IB038+%7C%7C+cell_type+%3D%3D+CB3136+%7C%7C+cell_type+%3D%3D+CB1731+%7C%7C+cell_type+%3D%3D+CB2721+%7C%7C+cell_type+%3D%3D+CB1056+%7C%7C+cell_type+%3D%3D+CB1051+%7C%7C+cell_type+%3D%3D+CB1721+%7C%7C+cell_type+%3D%3D+LAL030b+%7C%7C+cell_type+%3D%3D+CRE016+%7C%7C+cell_type+%3D%3D+IB068+%7C%7C+cell_type+%3D%3D+SLP003+%7C%7C+cell_type+%3D%3D+CB2881+%7C%7C+cell_type+%3D%3D+PLP046b+%7C%7C+cell_type+%3D%3D+CB3111+%7C%7C+cell_type+%3D%3D+CB2580+%7C%7C+cell_type+%3D%3D+CL091+%7C%7C+cell_type+%3D%3D+CL087+%7C%7C+cell_type+%3D%3D+CL128b+%7C%7C+cell_type+%3D%3D+VES039+%7C%7C+cell_type+%3D%3D+LAL076+%7C%7C+cell_type+%3D%3D+SMP554+%7C%7C+cell_type+%3D%3D+CL127+%7C%7C+cell_type+%3D%3D+CB1891+%7C%7C+cell_type+%3D%3D+PS050+%7C%7C+cell_type+%3D%3D+SMP279_b+%7C%7C+cell_type+%3D%3D+CB2567+%7C%7C+cell_type+%3D%3D+CB3394+%7C%7C+cell_type+%3D%3D+CL318+%7C%7C+cell_type+%3D%3D+VES051,VES052+%7C%7C+cell_type+%3D%3D+CB2795+%7C%7C+cell_type+%3D%3D+SMP069+%7C%7C+cell_type+%3D%3D+PLP069+%7C%7C+cell_type+%3D%3D+CB0188+%7C%7C+cell_type+%3D%3D+AOTU014+%7C%7C+cell_type+%3D%3D+CB2885+%7C%7C+cell_type+%3D%3D+CB0524+%7C%7C+cell_type+%3D%3D+CB3187+%7C%7C+cell_type+%3D%3D+PS157+%7C%7C+cell_type+%3D%3D+LAL147b+%7C%7C+cell_type+%3D%3D+CB0508+%7C%7C+cell_type+%3D%3D+CB2200+%7C%7C+cell_type+%3D%3D+AOTU061+%7C%7C+cell_type+%3D%3D+CB1558+%7C%7C+cell_type+%3D%3D+LAL182+%7C%7C+cell_type+%3D%3D+SMP397+%7C%7C+cell_type+%3D%3D+PS003,PS006+%7C%7C+cell_type+%3D%3D+VES063b+%7C%7C+cell_type+%3D%3D+CB3127+%7C%7C+cell_type+%3D%3D+CL308+%7C%7C+cell_type+%3D%3D+CB2713+%7C%7C+cell_type+%3D%3D+IB007+%7C%7C+cell_type+%3D%3D+CB2066+%7C%7C+cell_type+%3D%3D+LAL150a+%7C%7C+cell_type+%3D%3D+WEDPN10A+%7C%7C+cell_type+%3D%3D+CB2131+%7C%7C+cell_type+%3D%3D+SMP398+%7C%7C+cell_type+%3D%3D+CL086_c+%7C%7C+cell_type+%3D%3D+ER5+%7C%7C+cell_type+%3D%3D+AOTU059+%7C%7C+cell_type+%3D%3D+IB066+%7C%7C+cell_type+%3D%3D+IB059b+%7C%7C+cell_type+%3D%3D+ATL012+%7C%7C+cell_type+%3D%3D+VES075+%7C%7C+cell_type+%3D%3D+OCC02b+%7C%7C+cell_type+%3D%3D+PS214+%7C%7C+cell_type+%3D%3D+AOTU064+%7C%7C+cell_type+%3D%3D+SMP375+%7C%7C+cell_type+%3D%3D+CB1400+%7C%7C+cell_type+%3D%3D+ATL035,ATL036+%7C%7C+cell_type+%3D%3D+SMP019+%7C%7C+cell_type+%3D%3D+CB1294+%7C%7C+cell_type+%3D%3D+VES018+%7C%7C+cell_type+%3D%3D+VES077+%7C%7C+cell_type+%3D%3D+AOTU033+%7C%7C+cell_type+%3D%3D+SMP284b+%7C%7C+cell_type+%3D%3D+SMP292,SMP293,SMP584+%7C%7C+cell_type+%3D%3D+CB0079+%7C%7C+cell_type+%3D%3D+SMP006+%7C%7C+cell_type+%3D%3D+PLP218+%7C%7C+cell_type+%3D%3D+CB2015+%7C%7C+cell_type+%3D%3D+CB1122+%7C%7C+cell_type+%3D%3D+CB0492+%7C%7C+cell_type+%3D%3D+CB0668+%7C%7C+cell_type+%3D%3D+SMP340+%7C%7C+cell_type+%3D%3D+CB2519+%7C%7C+cell_type+%3D%3D+SMP390+%7C%7C+cell_type+%3D%3D+CB1844+%7C%7C+cell_type+%3D%3D+CL290+%7C%7C+cell_type+%3D%3D+CB3676+%7C%7C+cell_type+%3D%3D+CB1468+%7C%7C+cell_type+%3D%3D+CL258+%7C%7C+cell_type+%3D%3D+CL328,IB070,IB071+%7C%7C+cell_type+%3D%3D+CB1603+%7C%7C+cell_type+%3D%3D+AOTU037+%7C%7C+cell_type+%3D%3D+CB2002+%7C%7C+cell_type+%3D%3D+CB2594+%7C%7C+cell_type+%3D%3D+SMP158+%7C%7C+cell_type+%3D%3D+CB1877+%7C%7C+cell_type+%3D%3D+LAL004+%7C%7C+cell_type+%3D%3D+LAL089+%7C%7C+cell_type+%3D%3D+SMP155+%7C%7C+cell_type+%3D%3D+WEDPN2A+%7C%7C+cell_type+%3D%3D+IB032+%7C%7C+cell_type+%3D%3D+SMP014+%7C%7C+cell_type+%3D%3D+SMP156+%7C%7C+cell_type+%3D%3D+VES050+%7C%7C+cell_type+%3D%3D+SMP578+%7C%7C+cell_type+%3D%3D+CL264+%7C%7C+cell_type+%3D%3D+CL062_a+%7C%7C+cell_type+%3D%3D+ATL024,IB042+%7C%7C+cell_type+%3D%3D+LHPV5b3+%7C%7C+cell_type+%3D%3D+CB3895+%7C%7C+cell_type+%3D%3D+PLP250+%7C%7C+cell_type+%3D%3D+CB0635+%7C%7C+cell_type+%3D%3D+CB3568+%7C%7C+cell_type+%3D%3D+CL282+%7C%7C+cell_type+%3D%3D+IB022+%7C%7C+cell_type+%3D%3D+PLP181+%7C%7C+cell_type+%3D%3D+CL107+%7C%7C+cell_type+%3D%3D+LAL096,LAL097+%7C%7C+cell_type+%3D%3D+CB2673+%7C%7C+cell_type+%3D%3D+PS026+%7C%7C+cell_type+%3D%3D+SMP546,SMP547+%7C%7C+cell_type+%3D%3D+CB1510+%7C%7C+cell_type+%3D%3D+SMP506+%7C%7C+cell_type+%3D%3D+CL272_b+%7C%7C+cell_type+%3D%3D+AOTU060+%7C%7C+cell_type+%3D%3D+CB2849+%7C%7C+cell_type+%3D%3D+CB0257+%7C%7C+cell_type+%3D%3D+CB1408+%7C%7C+cell_type+%3D%3D+IB114+%7C%7C+cell_type+%3D%3D+LAL130+%7C%7C+cell_type+%3D%3D+SMP055+%7C%7C+cell_type+%3D%3D+CB3860+%7C%7C+cell_type+%3D%3D+CB0976+%7C%7C+cell_type+%3D%3D+CB0258+%7C%7C+cell_type+%3D%3D+WED163c+%7C%7C+cell_type+%3D%3D+CB1269+%7C%7C+cell_type+%3D%3D+LAL088+%7C%7C+cell_type+%3D%3D+LAL093+%7C%7C+cell_type+%3D%3D+PLP042b+%7C%7C+cell_type+%3D%3D+CL083+%7C%7C+cell_type+%3D%3D+CL250+%7C%7C+cell_type+%3D%3D+CB2670+%7C%7C+cell_type+%3D%3D+PLP089b+%7C%7C+cell_type+%3D%3D+CB0100+%7C%7C+cell_type+%3D%3D+SMP330a+%7C%7C+cell_type+%3D%3D+SMP312+%7C%7C+cell_type+%3D%3D+CB0107+%7C%7C+cell_type+%3D%3D+AOTU046+%7C%7C+cell_type+%3D%3D+CB1458+%7C%7C+cell_type+%3D%3D+ATL022+%7C%7C+cell_type+%3D%3D+CB1420+%7C%7C+cell_type+%3D%3D+LAL149+%7C%7C+cell_type+%3D%3D+LAL155+%7C%7C+cell_type+%3D%3D+SMPp&v1B_H01+%7C%7C+cell_type+%3D%3D+CB0469+%7C%7C+cell_type+%3D%3D+CB2785+%7C%7C+cell_type+%3D%3D+CB3639+%7C%7C+cell_type+%3D%3D+SMP091+%7C%7C+cell_type+%3D%3D+CB2250+%7C%7C+cell_type+%3D%3D+CL048+%7C%7C+cell_type+%3D%3D+CB1063+%7C%7C+cell_type+%3D%3D+CB2411+%7C%7C+cell_type+%3D%3D+SMP066+%7C%7C+cell_type+%3D%3D+CB1403+%7C%7C+cell_type+%3D%3D+CB2259+%7C%7C+cell_type+%3D%3D+SMP067+%7C%7C+cell_type+%3D%3D+CB2312+%7C%7C+cell_type+%3D%3D+CB1368+%7C%7C+cell_type+%3D%3D+PS005+%7C%7C+cell_type+%3D%3D+PS004b+%7C%7C+cell_type+%3D%3D+CRE008,CRE010+%7C%7C+cell_type+%3D%3D+CB1055+%7C%7C+cell_type+%3D%3D+CL200+%7C%7C+cell_type+%3D%3D+CB3083+%7C%7C+cell_type+%3D%3D+CB3074+%7C%7C+cell_type+%3D%3D+LAL176,LAL177+%7C%7C+cell_type+%3D%3D+SMP472,SMP473+%7C%7C+cell_type+%3D%3D+CB2801+%7C%7C+cell_type+%3D%3D+PS160+%7C%7C+cell_type+%3D%3D+CL159+%7C%7C+cell_type+%3D%3D+SMP326a+%7C%7C+cell_type+%3D%3D+IB045+%7C%7C+cell_type+%3D%3D+CB2288+%7C%7C+cell_type+%3D%3D+SMP329+%7C%7C+cell_type+%3D%3D+CB0998+%7C%7C+cell_type+%3D%3D+SMP323+%7C%7C+cell_type+%3D%3D+CB1922+%7C%7C+cell_type+%3D%3D+CB0669+%7C%7C+cell_type+%3D%3D+SMP388+%7C%7C+cell_type+%3D%3D+CB2745+%7C%7C+cell_type+%3D%3D+PS158+%7C%7C+cell_type+%3D%3D+SMP490+%7C%7C+cell_type+%3D%3D+CB2723+%7C%7C+cell_type+%3D%3D+ATL026+%7C%7C+cell_type+%3D%3D+CB2220+%7C%7C+cell_type+%3D%3D+CB0967+%7C%7C+cell_type+%3D%3D+CL228,SMP491+%7C%7C+cell_type+%3D%3D+ATL028+%7C%7C+cell_type+%3D%3D+PLP141+%7C%7C+cell_type+%3D%3D+IB024+%7C%7C+cell_type+%3D%3D+CB2401+%7C%7C+cell_type+%3D%3D+ATL025+%7C%7C+cell_type+%3D%3D+LAL131b+%7C%7C+cell_type+%3D%3D+PLP143+%7C%7C+cell_type+%3D%3D+VES054+%7C%7C+cell_type+%3D%3D+PLP132+%7C%7C+cell_type+%3D%3D+VES048+%7C%7C+cell_type+%3D%3D+PS127+%7C%7C+cell_type+%3D%3D+VES046+%7C%7C+cell_type+%3D%3D+VES045+%7C%7C+cell_type+%3D%3D+PPM1205+%7C%7C+cell_type+%3D%3D+SMP544,LAL134+%7C%7C+cell_type+%3D%3D+CB1298+%7C%7C+cell_type+%3D%3D+ATL029+%7C%7C+cell_type+%3D%3D+IB116+%7C%7C+cell_type+%3D%3D+CB3044+%7C%7C+cell_type+%3D%3D+PLP130+%7C%7C+cell_type+%3D%3D+PLP131+%7C%7C+cell_type+%3D%3D+PPM1201+%7C%7C+cell_type+%3D%3D+IB023+%7C%7C+cell_type+%3D%3D+CB2152+%7C%7C+cell_type+%3D%3D+SMP370+%7C%7C+cell_type+%3D%3D+CB1330+%7C%7C+cell_type+%3D%3D+PS217+%7C%7C+cell_type+%3D%3D+CL158+%7C%7C+cell_type+%3D%3D+CB2525+%7C%7C+cell_type+%3D%3D+CB2337+%7C%7C+cell_type+%3D%3D+CL157+%7C%7C+cell_type+%3D%3D+IB021+%7C%7C+cell_type+%3D%3D+CB0420+%7C%7C+cell_type+%3D%3D+CB0497+%7C%7C+cell_type+%3D%3D+IB020+%7C%7C+cell_type+%3D%3D+ATL031+%7C%7C+cell_type+%3D%3D+CB2947+%7C%7C+cell_type+%3D%3D+IB031+%7C%7C+cell_type+%3D%3D+SMP371+%7C%7C+cell_type+%3D%3D+IB064+%7C%7C+cell_type+%3D%3D+LAL163,LAL164+%7C%7C+cell_type+%3D%3D+CB2762+%7C%7C+cell_type+%3D%3D+CRE041+%7C%7C+cell_type+%3D%3D+AOTUv1A_T01+%7C%7C+cell_type+%3D%3D+LAL043c+%7C%7C+cell_type+%3D%3D+CRE044+%7C%7C+cell_type+%3D%3D+SMP048+%7C%7C+cell_type+%3D%3D+LAL043a+%7C%7C+cell_type+%3D%3D+CREa1A_T01+%7C%7C+cell_type+%3D%3D+CB2884+%7C%7C+cell_type+%3D%3D+SMP369+%7C%7C+cell_type+%3D%3D+CB1516+%7C%7C+cell_type+%3D%3D+IB093+%7C%7C+cell_type+%3D%3D+CB2878+%7C%7C+cell_type+%3D%3D+CL231,CL238+%7C%7C+cell_type+%3D%3D+CL340+%7C%7C+cell_type+%3D%3D+LAL171,LAL172+%7C%7C+cell_type+%3D%3D+LAL193+%7C%7C+cell_type+%3D%3D+CL171+%7C%7C+cell_type+%3D%3D+IB050+%7C%7C+cell_type+%3D%3D+PS109+%7C%7C+cell_type+%3D%3D+ATL001+%7C%7C+cell_type+%3D%3D+CB1451+%7C%7C+cell_type+%3D%3D+CB2300+%7C%7C+cell_type+%3D%3D+CL186+%7C%7C+cell_type+%3D%3D+CB1823+%7C%7C+cell_type+%3D%3D+CB1262+%7C%7C+cell_type+%3D%3D+SMP442+%7C%7C+cell_type+%3D%3D+SMP441+%7C%7C+cell_type+%3D%3D+SMP426+%7C%7C+cell_type+%3D%3D+CB1396+%7C%7C+cell_type+%3D%3D+CL180+%7C%7C+cell_type+%3D%3D+PLP128+%7C%7C+cell_type+%3D%3D+LAL159+%7C%7C+cell_type+%3D%3D+PS107+%7C%7C+cell_type+%3D%3D+SMP393b+%7C%7C+cell_type+%3D%3D+CL333+%7C%7C+cell_type+%3D%3D+CL151+%7C%7C+cell_type+%3D%3D+CL235+%7C%7C+cell_type+%3D%3D+CB0642+%7C%7C+cell_type+%3D%3D+ATL044+%7C%7C+cell_type+%3D%3D+CB2783+%7C%7C+cell_type+%3D%3D+CB1836+%7C%7C+cell_type+%3D%3D+CL239+%7C%7C+cell_type+%3D%3D+ATL037+%7C%7C+cell_type+%3D%3D+IB049+%7C%7C+cell_type+%3D%3D+CB2462+%7C%7C+cell_type+%3D%3D+ATL038,ATL039+%7C%7C+cell_type+%3D%3D+IB115+%7C%7C+cell_type+%3D%3D+CB0007+%7C%7C+cell_type+%3D%3D+CL170+%7C%7C+cell_type+%3D%3D+CB1784+%7C%7C+cell_type+%3D%3D+CB1127+%7C%7C+cell_type+%3D%3D+PS173+%7C%7C+cell_type+%3D%3D+SMP361a+%7C%7C+cell_type+%3D%3D+CL183+%7C%7C+cell_type+%3D%3D+WEDPN10B+%7C%7C+cell_type+%3D%3D+LAL098+%7C%7C+cell_type+%3D%3D+WED081+%7C%7C+cell_type+%3D%3D+PPM1202+%7C%7C+cell_type+%3D%3D+SMP543+%7C%7C+cell_type+%3D%3D+CB1636+%7C%7C+cell_type+%3D%3D+SMP455+%7C%7C+cell_type+%3D%3D+VES057+%7C%7C+cell_type+%3D%3D+CB2720+%7C%7C+cell_type+%3D%3D+LAL135+%7C%7C+cell_type+%3D%3D+CL161a+%7C%7C+cell_type+%3D%3D+CL155+%7C%7C+cell_type+%3D%3D+AVLP590+%7C%7C+cell_type+%3D%3D+CL244+%7C%7C+cell_type+%3D%3D+PS202+%7C%7C+cell_type+%3D%3D+PLP144+%7C%7C+cell_type+%3D%3D+PLP129+%7C%7C+cell_type+%3D%3D+CB1734+%7C%7C+cell_type+%3D%3D+IB051+%7C%7C+cell_type+%3D%3D+CL152+%7C%7C+cell_type+%3D%3D+SMP496+%7C%7C+cell_type+%3D%3D+CL161b+%7C%7C+cell_type+%3D%3D+CL245+%7C%7C+cell_type+%3D%3D+CB2696+%7C%7C+cell_type+%3D%3D+CB2868_b+%7C%7C+cell_type+%3D%3D+CL160a+%7C%7C+cell_type+%3D%3D+CB0424+%7C%7C+cell_type+%3D%3D+SLP459+%7C%7C+cell_type+%3D%3D+CL169+%7C%7C+cell_type+%3D%3D+ATL023+%7C%7C+cell_type+%3D%3D+AOTU015b+%7C%7C+cell_type+%3D%3D+SMP151+%7C%7C+cell_type+%3D%3D+AOTU021+%7C%7C+cell_type+%3D%3D+LAL073+%7C%7C+cell_type+%3D%3D+CRE013+%7C%7C+cell_type+%3D%3D+AOTU022+%7C%7C+cell_type+%3D%3D+LAL042+%7C%7C+cell_type+%3D%3D+LAL075+%7C%7C+cell_type+%3D%3D+CB0359+%7C%7C+cell_type+%3D%3D+AOTU020+%7C%7C+cell_type+%3D%3D+SIP024+%7C%7C+cell_type+%3D%3D+LAL034+%7C%7C+cell_type+%3D%3D+MBON35+%7C%7C+cell_type+%3D%3D+CB2120+%7C%7C+cell_type+%3D%3D+LAL027+%7C%7C+cell_type+%3D%3D+mALB5+%7C%7C+cell_type+%3D%3D+LAL030a+%7C%7C+cell_type+%3D%3D+LAL037+%7C%7C+cell_type+%3D%3D+AOTU013+%7C%7C+cell_type+%3D%3D+PLP245+%7C%7C+cell_type+%3D%3D+LAL082+%7C%7C+cell_type+%3D%3D+CB0196+%7C%7C+cell_type+%3D%3D+PS065+%7C%7C+cell_type+%3D%3D+SMPp&v1B_M02+%7C%7C+cell_type+%3D%3D+PS269+%7C%7C+cell_type+%3D%3D+IB076+%7C%7C+cell_type+%3D%3D+SMPp&v1B_M01+%7C%7C+cell_type+%3D%3D+CB2985+%7C%7C+cell_type+%3D%3D+VES067+%7C%7C+cell_type+%3D%3D+CB2502+%7C%7C+cell_type+%3D%3D+VES073+%7C%7C+cell_type+%3D%3D+IB118+%7C%7C+cell_type+%3D%3D+LAL148+%7C%7C+cell_type+%3D%3D+PS188b+%7C%7C+cell_type+%3D%3D+CL327+%7C%7C+cell_type+%3D%3D+IB061+%7C%7C+cell_type+%3D%3D+VES070+%7C%7C+cell_type+%3D%3D+CB3010+%7C%7C+cell_type+%3D%3D+VES072+%7C%7C+cell_type+%3D%3D+PLP221+%7C%7C+cell_type+%3D%3D+VES074+%7C%7C+cell_type+%3D%3D+LAL162+%7C%7C+cell_type+%3D%3D+LAL173,LAL174+%7C%7C+cell_type+%3D%3D+CL301,CL302+%7C%7C+cell_type+%3D%3D+MBON27+%7C%7C+cell_type+%3D%3D+VES064+%7C%7C+cell_type+%3D%3D+PS143,PS149+%7C%7C+cell_type+%3D%3D+ExR2_2+%7C%7C+cell_type+%3D%3D+LAL146+%7C%7C+cell_type+%3D%3D+PS203a+%7C%7C+cell_type+%3D%3D+PS203b+%7C%7C+cell_type+%3D%3D+CB0343+%7C%7C+cell_type+%3D%3D+CB4103+%7C%7C+cell_type+%3D%3D+VES071+%7C%7C+cell_type+%3D%3D+CB2319+%7C%7C+cell_type+%3D%3D+PLP239+%7C%7C+cell_type+%3D%3D+VES078+%7C%7C+cell_type+%3D%3D+PLP075+%7C%7C+cell_type+%3D%3D+VES016+%7C%7C+cell_type+%3D%3D+PS199+%7C%7C+cell_type+%3D%3D+VESa2_H02+%7C%7C+cell_type+%3D%3D+H01+%7C%7C+cell_type+%3D%3D+CL012+%7C%7C+cell_type+%3D%3D+CL153+%7C%7C+cell_type+%3D%3D+CB3419+%7C%7C+cell_type+%3D%3D+CB0632+%7C%7C+cell_type+%3D%3D+CB2420+%7C%7C+cell_type+%3D%3D+PS240,PS264+%7C%7C+cell_type+%3D%3D+CB0299+%7C%7C+cell_type+%3D%3D+LAL186+%7C%7C+cell_type+%3D%3D+LAL188+%7C%7C+cell_type+%3D%3D+PS268+%7C%7C+cell_type+%3D%3D+CB0624+%7C%7C+cell_type+%3D%3D+CB1890+%7C%7C+cell_type+%3D%3D+PS267+%7C%7C+cell_type+%3D%3D+CB0755+%7C%7C+cell_type+%3D%3D+LAL187+%7C%7C+cell_type+%3D%3D+CB3196+%7C%7C+cell_type+%3D%3D+CB1580+%7C%7C+cell_type+%3D%3D+CB1086+%7C%7C+cell_type+%3D%3D+CB1080+%7C%7C+cell_type+%3D%3D+SAD009+%7C%7C+cell_type+%3D%3D+AOTUv3B_M01+%7C%7C+cell_type+%3D%3D+IB005+%7C%7C+cell_type+%3D%3D+AOTU035+%7C%7C+cell_type+%3D%3D+VES005+%7C%7C+cell_type+%3D%3D+LAL015+%7C%7C+cell_type+%3D%3D+AVLP089+%7C%7C+cell_type+%3D%3D+CB0009+%7C%7C+cell_type+%3D%3D+IB012+%7C%7C+cell_type+%3D%3D+CB0477+%7C%7C+cell_type+%3D%3D+CB0519+%7C%7C+cell_type+%3D%3D+CL283a+%7C%7C+cell_type+%3D%3D+PLP161+%7C%7C+cell_type+%3D%3D+PLP216+%7C%7C+cell_type+%3D%3D+AOTU050b+%7C%7C+cell_type+%3D%3D+PLP197+%7C%7C+cell_type+%3D%3D+CL263+%7C%7C+cell_type+%3D%3D+CL288+%7C%7C+cell_type+%3D%3D+IB110+%7C%7C+cell_type+%3D%3D+PS185b+%7C%7C+cell_type+%3D%3D+PLP199+%7C%7C+cell_type+%3D%3D+LAL150b+%7C%7C+cell_type+%3D%3D+AOTU062+%7C%7C+cell_type+%3D%3D+CB1624+%7C%7C+cell_type+%3D%3D+CB2737+%7C%7C+cell_type+%3D%3D+CB2886+%7C%7C+cell_type+%3D%3D+PS183+%7C%7C+cell_type+%3D%3D+LAL144b+%7C%7C+cell_type+%3D%3D+AOTU054+%7C%7C+cell_type+%3D%3D+CB0543+%7C%7C+cell_type+%3D%3D+CB3235+%7C%7C+cell_type+%3D%3D+KCg-d+%7C%7C+cell_type+%3D%3D+CRE040+%7C%7C+cell_type+%3D%3D+LAL040+%7C%7C+cell_type+%3D%3D+CB0356+%7C%7C+cell_type+%3D%3D+VES007+%7C%7C+cell_type+%3D%3D+LAL009+%7C%7C+cell_type+%3D%3D+SMP153b+%7C%7C+cell_type+%3D%3D+LAL030c+%7C%7C+cell_type+%3D%3D+PS038b+%7C%7C+cell_type+%3D%3D+AOTU018,AOTU031+%7C%7C+cell_type+%3D%3D+LAL125,LAL108+%7C%7C+cell_type+%3D%3D+VES030+%7C%7C+cell_type+%3D%3D+IB009+%7C%7C+cell_type+%3D%3D+AOTU041+%7C%7C+cell_type+%3D%3D+CB1414+%7C%7C+cell_type+%3D%3D+SAD010+%7C%7C+cell_type+%3D%3D+SAD040+%7C%7C+cell_type+%3D%3D+CL112+%7C%7C+cell_type+%3D%3D+SAD075+%7C%7C+cell_type+%3D%3D+CB0689+%7C%7C+cell_type+%3D%3D+SMP595+%7C%7C+cell_type+%3D%3D+VES041+%7C%7C+cell_type+%3D%3D+CB0658+%7C%7C+cell_type+%3D%3D+SIP031+%7C%7C+cell_type+%3D%3D+ATL014+%7C%7C+cell_type+%3D%3D+VES058+%7C%7C+cell_type+%3D%3D+LAL181+%7C%7C+cell_type+%3D%3D+CB0431+%7C%7C+cell_type+%3D%3D+PLP162+%7C%7C+cell_type+%3D%3D+PLP232+%7C%7C+cell_type+%3D%3D+LAL199+%7C%7C+cell_type+%3D%3D+LAL140+%7C%7C+cell_type+%3D%3D+TuBu02+%7C%7C+cell_type+%3D%3D+CB1068+%7C%7C+cell_type+%3D%3D+CB2981+%7C%7C+cell_type+%3D%3D+VES002+%7C%7C+cell_type+%3D%3D+M_l2PN10t19a+%7C%7C+cell_type+%3D%3D+LAL102+%7C%7C+cell_type+%3D%3D+VES012+%7C%7C+cell_type+%3D%3D+LAL113+%7C%7C+cell_type+%3D%3D+VP2+VC5_l2PN+%7C%7C+cell_type+%3D%3D+SAD070+%7C%7C+cell_type+%3D%3D+CB1077+%7C%7C+cell_type+%3D%3D+LAL116+%7C%7C+cell_type+%3D%3D+LAL114+%7C%7C+cell_type+%3D%3D+AOTU009+%7C%7C+cell_type+%3D%3D+TuBu05+%7C%7C+cell_type+%3D%3D+CL111+%7C%7C+cell_type+%3D%3D+CB0204+%7C%7C+cell_type+%3D%3D+CB0409+%7C%7C+cell_type+%3D%3D+CB2931+%7C%7C+cell_type+%3D%3D+CB1675+%7C%7C+cell_type+%3D%3D+CB2669+%7C%7C+cell_type+%3D%3D+SMP192+%7C%7C+cell_type+%3D%3D+VES001+%7C%7C+cell_type+%3D%3D+VES011+%7C%7C+cell_type+%3D%3D+CB0259+%7C%7C+cell_type+%3D%3D+WED012+%7C%7C+cell_type+%3D%3D+VES010+%7C%7C+cell_type+%3D%3D+LAL072+%7C%7C+cell_type+%3D%3D+CB3577+%7C%7C+cell_type+%3D%3D+AOTU063b+%7C%7C+cell_type+%3D%3D+SIP033+%7C%7C+cell_type+%3D%3D+SIP034+%7C%7C+cell_type+%3D%3D+SMP597+%7C%7C+cell_type+%3D%3D+CB3790+%7C%7C+cell_type+%3D%3D+TuBu01a+%7C%7C+cell_type+%3D%3D+CB1591+%7C%7C+cell_type+%3D%3D+LAL121+%7C%7C+cell_type+%3D%3D+AOTU023+%7C%7C+cell_type+%3D%3D+LAL094+%7C%7C+cell_type+%3D%3D+AOTU008a+%7C%7C+cell_type+%3D%3D+PLP026,PLP027+%7C%7C+cell_type+%3D%3D+LAL045+%7C%7C+cell_type+%3D%3D+LAL101+%7C%7C+cell_type+%3D%3D+SAD036+%7C%7C+cell_type+%3D%3D+WEDPN2B+%7C%7C+cell_type+%3D%3D+CB3342+%7C%7C+cell_type+%3D%3D+LHPV7a2+%7C%7C+cell_type+%3D%3D+LAL142+%7C%7C+cell_type+%3D%3D+PS178+%7C%7C+cell_type+%3D%3D+CL291+%7C%7C+cell_type+%3D%3D+SIP089+%7C%7C+cell_type+%3D%3D+CL317+%7C%7C+cell_type+%3D%3D+PLP097+%7C%7C+cell_type+%3D%3D+PLP217+%7C%7C+cell_type+%3D%3D+PS008_b+%7C%7C+cell_type+%3D%3D+SMP281+%7C%7C+cell_type+%3D%3D+PLP086b+%7C%7C+cell_type+%3D%3D+IB060+%7C%7C+cell_type+%3D%3D+CL292a+%7C%7C+cell_type+%3D%3D+CB1300+%7C%7C+cell_type+%3D%3D+CL272_a+%7C%7C+cell_type+%3D%3D+CB0319+%7C%7C+cell_type+%3D%3D+ATL043+%7C%7C+cell_type+%3D%3D+PS175+%7C%7C+cell_type+%3D%3D+CB0029+%7C%7C+cell_type+%3D%3D+ATL042+%7C%7C+cell_type+%3D%3D+SMP016_a+%7C%7C+cell_type+%3D%3D+PLP057b+%7C%7C+cell_type+%3D%3D+VES059+%7C%7C+cell_type+%3D%3D+LAL123+%7C%7C+cell_type+%3D%3D+CB1963+%7C%7C+cell_type+%3D%3D+AOTU008c+%7C%7C+cell_type+%3D%3D+AOTUv3B_P02+%7C%7C+cell_type+%3D%3D+SLP170+%7C%7C+cell_type+%3D%3D+TuTuB_a+%7C%7C+cell_type+%3D%3D+CL031+%7C%7C+cell_type+%3D%3D+CB2267_c+%7C%7C+cell_type+%3D%3D+LAL048+%7C%7C+cell_type+%3D%3D+CL126+%7C%7C+cell_type+%3D%3D+PLP087a+%7C%7C+cell_type+%3D%3D+WEDPN11+%7C%7C+cell_type+%3D%3D+CL074+%7C%7C+cell_type+%3D%3D+CL085_b+%7C%7C+cell_type+%3D%3D+CB3754+%7C%7C+cell_type+%3D%3D+PLP109,PLP112+%7C%7C+cell_type+%3D%3D+PLP005+%7C%7C+cell_type+%3D%3D+CB3755+%7C%7C+cell_type+%3D%3D+PS159+%7C%7C+cell_type+%3D%3D+LHAV7a5+%7C%7C+cell_type+%3D%3D+IB047+%7C%7C+cell_type+%3D%3D+OA-VUMa3+%7C%7C+cell_type+%3D%3D+CL294+%7C%7C+cell_type+%3D%3D+CB3899+%7C%7C+cell_type+%3D%3D+LHPV2c2b+%7C%7C+cell_type+%3D%3D+PS251+%7C%7C+cell_type+%3D%3D+CB2095+%7C%7C+cell_type+%3D%3D+CB3571+%7C%7C+cell_type+%3D%3D+PPL204+%7C%7C+cell_type+%3D%3D+CL065+%7C%7C+cell_type+%3D%3D+CB1750+%7C%7C+cell_type+%3D%3D+CB2430+%7C%7C+cell_type+%3D%3D+SMP039+%7C%7C+cell_type+%3D%3D+CB3932+%7C%7C+cell_type+%3D%3D+PLP054+%7C%7C+cell_type+%3D%3D+CL090_c+%7C%7C+cell_type+%3D%3D+LAL091+%7C%7C+cell_type+%3D%3D+CL085_a+%7C%7C+cell_type+%3D%3D+CL089_b+%7C%7C+cell_type+%3D%3D+CL293+%7C%7C+cell_type+%3D%3D+CL090_a+%7C%7C+cell_type+%3D%3D+PLP053b+%7C%7C+cell_type+%3D%3D+CL071a+%7C%7C+cell_type+%3D%3D+IB054+%7C%7C+cell_type+%3D%3D+CB2975+%7C%7C+cell_type+%3D%3D+CB2836+%7C%7C+cell_type+%3D%3D+CL016+%7C%7C+cell_type+%3D%3D+LAL010+%7C%7C+cell_type+%3D%3D+CB0660+%7C%7C+cell_type+%3D%3D+LAL151+%7C%7C+cell_type+%3D%3D+SAD012+%7C%7C+cell_type+%3D%3D+PLP093+%7C%7C+cell_type+%3D%3D+CB2354+%7C%7C+cell_type+%3D%3D+CB2796+%7C%7C+cell_type+%3D%3D+CB2173+%7C%7C+cell_type+%3D%3D+PLP067b+%7C%7C+cell_type+%3D%3D+CB1818+%7C%7C+cell_type+%3D%3D+CL166,CL168+%7C%7C+cell_type+%3D%3D+SMP428+%7C%7C+cell_type+%3D%3D+TuBu06b+%7C%7C+cell_type+%3D%3D+TuBu01b+%7C%7C+cell_type+%3D%3D+CL018b+%7C%7C+cell_type+%3D%3D+SLP076+%7C%7C+cell_type+%3D%3D+CB2136+%7C%7C+cell_type+%3D%3D+SLP246+%7C%7C+cell_type+%3D%3D+SAD047+%7C%7C+cell_type+%3D%3D+CB3238+%7C%7C+cell_type+%3D%3D+CB2183+%7C%7C+cell_type+%3D%3D+ExR2_1+%7C%7C+cell_type+%3D%3D+CB1975+%7C%7C+cell_type+%3D%3D+PLP067a+%7C%7C+cell_type+%3D%3D+PLP188,PLP189+%7C%7C+cell_type+%3D%3D+SMP332a+%7C%7C+cell_type+%3D%3D+CB1250+%7C%7C+cell_type+%3D%3D+CB2816+%7C%7C+cell_type+%3D%3D+CL133+%7C%7C+cell_type+%3D%3D+CB2657+%7C%7C+cell_type+%3D%3D+CB0376+%7C%7C+cell_type+%3D%3D+CL026+%7C%7C+cell_type+%3D%3D+WEDPN6B, WEDPN6C+%7C%7C+cell_type+%3D%3D+CB4186+%7C%7C+cell_type+%3D%3D+LAL128+%7C%7C+cell_type+%3D%3D+PS106+%7C%7C+cell_type+%3D%3D+CB1495+%7C%7C+cell_type+%3D%3D+PLP084,PLP085+%7C%7C+cell_type+%3D%3D+CB1950+%7C%7C+cell_type+%3D%3D+CB1648+%7C%7C+cell_type+%3D%3D+PLP115_a+%7C%7C+cell_type+%3D%3D+LHPD1b1+%7C%7C+cell_type+%3D%3D+CB3900+%7C%7C+cell_type+%3D%3D+CB2258+%7C%7C+cell_type+%3D%3D+PLP023+%7C%7C+cell_type+%3D%3D+CB2229+%7C%7C+cell_type+%3D%3D+LAL025+%7C%7C+cell_type+%3D%3D+PLP247+%7C%7C+cell_type+%3D%3D+LAL090+%7C%7C+cell_type+%3D%3D+SMP074,CL040+%7C%7C+cell_type+%3D%3D+CB2611+%7C%7C+cell_type+%3D%3D+PLP149+%7C%7C+cell_type+%3D%3D+PLP046c+%7C%7C+cell_type+%3D%3D+CL215+%7C%7C+cell_type+%3D%3D+CB4187+%7C%7C+cell_type+%3D%3D+SMP063,SMP064+%7C%7C+cell_type+%3D%3D+CL038+%7C%7C+cell_type+%3D%3D+CB0931+%7C%7C+cell_type+%3D%3D+PS005_a+%7C%7C+cell_type+%3D%3D+CB3080+%7C%7C+cell_type+%3D%3D+CB1064+%7C%7C+cell_type+%3D%3D+SLP079+%7C%7C+cell_type+%3D%3D+PLP160+%7C%7C+cell_type+%3D%3D+PLP156+%7C%7C+cell_type+%3D%3D+PLP252+%7C%7C+cell_type+%3D%3D+CB0379+%7C%7C+cell_type+%3D%3D+CB2791+%7C%7C+cell_type+%3D%3D+CB3931+%7C%7C+cell_type+%3D%3D+SLP222+%7C%7C+cell_type+%3D%3D+LAL051+%7C%7C+cell_type+%3D%3D+SMP045+%7C%7C+cell_type+%3D%3D+CL015+%7C%7C+cell_type+%3D%3D+CL014+%7C%7C+cell_type+%3D%3D+CL089_c+%7C%7C+cell_type+%3D%3D+CL099c+%7C%7C+cell_type+%3D%3D+AOTU011+%7C%7C+cell_type+%3D%3D+SLP223+%7C%7C+cell_type+%3D%3D+SLP224+%7C%7C+cell_type+%3D%3D+CL099a+%7C%7C+cell_type+%3D%3D+PLP065a+%7C%7C+cell_type+%3D%3D+CB1467+%7C%7C+cell_type+%3D%3D+CB0815+%7C%7C+cell_type+%3D%3D+SMP022a+%7C%7C+cell_type+%3D%3D+SLP080+%7C%7C+cell_type+%3D%3D+TuTuB_b+%7C%7C+cell_type+%3D%3D+SLP098,SLP133+%7C%7C+cell_type+%3D%3D+AVLP187+%7C%7C+cell_type+%3D%3D+LHPV2i1a+%7C%7C+cell_type+%3D%3D+CL010+%7C%7C+cell_type+%3D%3D+CL013+%7C%7C+cell_type+%3D%3D+CB1337+%7C%7C+cell_type+%3D%3D+CB1412+%7C%7C+cell_type+%3D%3D+CB1242+%7C%7C+cell_type+%3D%3D+LHPV3c1+%7C%7C+cell_type+%3D%3D+PLP095+%7C%7C+cell_type+%3D%3D+SLP004+%7C%7C+cell_type+%3D%3D+LAL001+%7C%7C+cell_type+%3D%3D+CL008+%7C%7C+cell_type+%3D%3D+CL011+%7C%7C+cell_type+%3D%3D+LHPV2f2+%7C%7C+cell_type+%3D%3D+CL254+%7C%7C+cell_type+%3D%3D+CL063+%7C%7C+cell_type+%3D%3D+TuTuAb+%7C%7C+cell_type+%3D%3D+CB3344+%7C%7C+cell_type+%3D%3D+SIP055,SLP245+%7C%7C+cell_type+%3D%3D+CB1982+%7C%7C+cell_type+%3D%3D+CB1587+%7C%7C+cell_type+%3D%3D+AOTU032,AOTU034+%7C%7C+cell_type+%3D%3D+WEDPN7C+%7C%7C+cell_type+%3D%3D+CB2675+%7C%7C+cell_type+%3D%3D+SMP040+%7C%7C+cell_type+%3D%3D+AVLP043+%7C%7C+cell_type+%3D%3D+CB2267_b+%7C%7C+cell_type+%3D%3D+CL128a+%7C%7C+cell_type+%3D%3D+CB1471+%7C%7C+cell_type+%3D%3D+CB2602+%7C%7C+cell_type+%3D%3D+SMP279_c+%7C%7C+cell_type+%3D%3D+CB1901+%7C%7C+cell_type+%3D%3D+CB3033+%7C%7C+cell_type+%3D%3D+CB2741+%7C%7C+cell_type+%3D%3D+WED034,WED035+%7C%7C+cell_type+%3D%3D+CB3287+%7C%7C+cell_type+%3D%3D+CL109+%7C%7C+cell_type+%3D%3D+CB1761+%7C%7C+cell_type+%3D%3D+SMP037+%7C%7C+cell_type+%3D%3D+CL073+%7C%7C+cell_type+%3D%3D+CB3930+%7C%7C+cell_type+%3D%3D+PLP053a+%7C%7C+cell_type+%3D%3D+CB1017+%7C%7C+cell_type+%3D%3D+PLP094+%7C%7C+cell_type+%3D%3D+CB0316+%7C%7C+cell_type+%3D%3D+CB1705+%7C%7C+cell_type+%3D%3D+PLP021+%7C%7C+cell_type+%3D%3D+CL130+%7C%7C+cell_type+%3D%3D+SLP456+%7C%7C+cell_type+%3D%3D+PS062+%7C%7C+cell_type+%3D%3D+CL287+%7C%7C+cell_type+%3D%3D+ATL016+%7C%7C+cell_type+%3D%3D+CL314+%7C%7C+cell_type+%3D%3D+CL267+%7C%7C+cell_type+%3D%3D+PVLP105+%7C%7C+cell_type+%3D%3D+PLP175+%7C%7C+cell_type+%3D%3D+CB2495+%7C%7C+cell_type+%3D%3D+PLP177+%7C%7C+cell_type+%3D%3D+CL273+%7C%7C+cell_type+%3D%3D+CB3026+%7C%7C+cell_type+%3D%3D+CL028+%7C%7C+cell_type+%3D%3D+SMP277+%7C%7C+cell_type+%3D%3D+SLP381+%7C%7C+cell_type+%3D%3D+CRZ01,CRZ02+%7C%7C+cell_type+%3D%3D+SMP284a+%7C%7C+cell_type+%3D%3D+WEDPN5+%7C%7C+cell_type+%3D%3D+CB2685+%7C%7C+cell_type+%3D%3D+VES065+%7C%7C+cell_type+%3D%3D+CL316+%7C%7C+cell_type+%3D%3D+VES063a+%7C%7C+cell_type+%3D%3D+AOTU053+%7C%7C+cell_type+%3D%3D+PVLP138+%7C%7C+cell_type+%3D%3D+CB3868+%7C%7C+cell_type+%3D%3D+SIP201f+%7C%7C+cell_type+%3D%3D+CL146+%7C%7C+cell_type+%3D%3D+CB3489+%7C%7C+cell_type+%3D%3D+CB1807+%7C%7C+cell_type+%3D%3D+CB0734+%7C%7C+cell_type+%3D%3D+AOTU024+%7C%7C+cell_type+%3D%3D+CB2663+%7C%7C+cell_type+%3D%3D+PLP022+%7C%7C+cell_type+%3D%3D+SMP527+%7C%7C+cell_type+%3D%3D+PS011+%7C%7C+cell_type+%3D%3D+LAL028, LAL029+%7C%7C+cell_type+%3D%3D+LAL014+%7C%7C+cell_type+%3D%3D+PAL03+%7C%7C+cell_type+%3D%3D+CB2465+%7C%7C+cell_type+%3D%3D+PLP024+%7C%7C+cell_type+%3D%3D+AOTU028+%7C%7C+cell_type+%3D%3D+AOTU025+%7C%7C+cell_type+%3D%3D+AOTU027+%7C%7C+cell_type+%3D%3D+ER3a_b+%7C%7C+cell_type+%3D%3D+TuBu06a+%7C%7C+cell_type+%3D%3D+CB2557+%7C%7C+cell_type+%3D%3D+CB2043+%7C%7C+cell_type+%3D%3D+CB3323+%7C%7C+cell_type+%3D%3D+CB2106+%7C%7C+cell_type+%3D%3D+CL004+%7C%7C+cell_type+%3D%3D+VES066+%7C%7C+cell_type+%3D%3D+CB2817+%7C%7C+cell_type+%3D%3D+CL355+%7C%7C+cell_type+%3D%3D+ATL034+%7C%7C+cell_type+%3D%3D+CB0082+%7C%7C+cell_type+%3D%3D+CB0267+%7C%7C+cell_type+%3D%3D+CB2308+%7C%7C+cell_type+%3D%3D+CL356+%7C%7C+cell_type+%3D%3D+PS270+%7C%7C+cell_type+%3D%3D+CL162+%7C%7C+cell_type+%3D%3D+IB048+%7C%7C+cell_type+%3D%3D+CB0828+%7C%7C+cell_type+%3D%3D+SMP280+%7C%7C+cell_type+%3D%3D+CB1956+%7C%7C+cell_type+%3D%3D+CB0739+%7C%7C+cell_type+%3D%3D+SIP022+%7C%7C+cell_type+%3D%3D+ER3m+%7C%7C+cell_type+%3D%3D+CRE056+%7C%7C+cell_type+%3D%3D+mALD4+%7C%7C+cell_type+%3D%3D+CB3093+%7C%7C+cell_type+%3D%3D+VES004+%7C%7C+cell_type+%3D%3D+CB1260+%7C%7C+cell_type+%3D%3D+PLP229+%7C%7C+cell_type+%3D%3D+PLP071+%7C%7C+cell_type+%3D%3D+CB3066+%7C%7C+cell_type+%3D%3D+SAD085+%7C%7C+cell_type+%3D%3D+CB1550+%7C%7C+cell_type+%3D%3D+CB3814+%7C%7C+cell_type+%3D%3D+CB0637+%7C%7C+cell_type+%3D%3D+CB1576+%7C%7C+cell_type+%3D%3D+IB092+%7C%7C+cell_type+%3D%3D+IB069+%7C%7C+cell_type+%3D%3D+PS257+%7C%7C+cell_type+%3D%3D+SAD084+%7C%7C+cell_type+%3D%3D+LAL169+%7C%7C+cell_type+%3D%3D+CB2665+%7C%7C+cell_type+%3D%3D+CB2988+%7C%7C+cell_type+%3D%3D+SMP445+%7C%7C+cell_type+%3D%3D+CB2967+%7C%7C+cell_type+%3D%3D+CB1325+%7C%7C+cell_type+%3D%3D+CB0433+%7C%7C+cell_type+%3D%3D+CB2582+%7C%7C+cell_type+%3D%3D+CB1803+%7C%7C+cell_type+%3D%3D+CB2252+%7C%7C+cell_type+%3D%3D+PS092+%7C%7C+cell_type+%3D%3D+CB1997+%7C%7C+cell_type+%3D%3D+OA-VUMa6+%7C%7C+cell_type+%3D%3D+PS289+%7C%7C+cell_type+%3D%3D+SMP328a+%7C%7C+cell_type+%3D%3D+SMP470+%7C%7C+cell_type+%3D%3D+VES076+%7C%7C+cell_type+%3D%3D+VES053+%7C%7C+cell_type+%3D%3D+CB1410+%7C%7C+cell_type+%3D%3D+IB016+%7C%7C+cell_type+%3D%3D+SLP386+%7C%7C+cell_type+%3D%3D+CB1504+%7C%7C+cell_type+%3D%3D+WEDPN6A+%7C%7C+cell_type+%3D%3D+PLP154+%7C%7C+cell_type+%3D%3D+CB1444+%7C%7C+cell_type+%3D%3D+PVLP118+%7C%7C+cell_type+%3D%3D+SMP022b+%7C%7C+cell_type+%3D%3D+LHPV3a2+%7C%7C+cell_type+%3D%3D+CB3034+%7C%7C+cell_type+%3D%3D+SMP495b+%7C%7C+cell_type+%3D%3D+SMP278a+%7C%7C+cell_type+%3D%3D+CB3152+%7C%7C+cell_type+%3D%3D+PLP150c+%7C%7C+cell_type+%3D%3D+CB1654+%7C%7C+cell_type+%3D%3D+CB3776+%7C%7C+cell_type+%3D%3D+CB2989+%7C%7C+cell_type+%3D%3D+PS171+%7C%7C+cell_type+%3D%3D+PLP106+%7C%7C+cell_type+%3D%3D+CL135+%7C%7C+cell_type+%3D%3D+SIP032,SIP059+%7C%7C+cell_type+%3D%3D+MBON32+%7C%7C+cell_type+%3D%3D+LAL131a+%7C%7C+cell_type+%3D%3D+CB0150+%7C%7C+cell_type+%3D%3D+CRE015+%7C%7C+cell_type+%3D%3D+LHPV2i1b+%7C%7C+cell_type+%3D%3D+LHPV2i2a+%7C%7C+cell_type+%3D%3D+IB018+%7C%7C+cell_type+%3D%3D+CL075b+%7C%7C+cell_type+%3D%3D+SIP017+%7C%7C+cell_type+%3D%3D+PLP007+%7C%7C+cell_type+%3D%3D+CL136+%7C%7C+cell_type+%3D%3D+PLP044+%7C%7C+cell_type+%3D%3D+PLP096+%7C%7C+cell_type+%3D%3D+PLP113+%7C%7C+cell_type+%3D%3D+SLP382+%7C%7C+cell_type+%3D%3D+PS022+%7C%7C+cell_type+%3D%3D+CB3897+%7C%7C+cell_type+%3D%3D+CB2352+%7C%7C+cell_type+%3D%3D+AVLP035+%7C%7C+cell_type+%3D%3D+CL007+%7C%7C+cell_type+%3D%3D+AOTU048+%7C%7C+cell_type+%3D%3D+LHPV2i2b+%7C%7C+cell_type+%3D%3D+CL141+%7C%7C+cell_type+%3D%3D+ATL011+%7C%7C+cell_type+%3D%3D+CB2271+%7C%7C+cell_type+%3D%3D+SMP341+%7C%7C+cell_type+%3D%3D+SMP360+%7C%7C+cell_type+%3D%3D+WEDPN8D+%7C%7C+cell_type+%3D%3D+CL086_e+%7C%7C+cell_type+%3D%3D+CB0325+%7C%7C+cell_type+%3D%3D+CB1649+%7C%7C+cell_type+%3D%3D+SMP217+%7C%7C+cell_type+%3D%3D+PLP120,PLP145+%7C%7C+cell_type+%3D%3D+CB2267_a+%7C%7C+cell_type+%3D%3D+AOTU008b+%7C%7C+cell_type+%3D%3D+SLP120+%7C%7C+cell_type+%3D%3D+CB2870+%7C%7C+cell_type+%3D%3D+SMP213+%7C%7C+cell_type+%3D%3D+PLP182+%7C%7C+cell_type+%3D%3D+CL154+%7C%7C+cell_type+%3D%3D+SMP331c+%7C%7C+cell_type+%3D%3D+CL075a+%7C%7C+cell_type+%3D%3D+PLP187+%7C%7C+cell_type+%3D%3D+PLP065b+%7C%7C+cell_type+%3D%3D+ATL015+%7C%7C+cell_type+%3D%3D+AVLP046+%7C%7C+cell_type+%3D%3D+PLP116+%7C%7C+cell_type+%3D%3D+AOTU065+%7C%7C+cell_type+%3D%3D+CL098+%7C%7C+cell_type+%3D%3D+CB3906+%7C%7C+cell_type+%3D%3D+PLP006+%7C%7C+cell_type+%3D%3D+CB1288+%7C%7C+cell_type+%3D%3D+CB1892+%7C%7C+cell_type+%3D%3D+CB3867+%7C%7C+cell_type+%3D%3D+SLP365+%7C%7C+cell_type+%3D%3D+CL089_a+%7C%7C+cell_type+%3D%3D+CB3872+%7C%7C+cell_type+%3D%3D+CL102+%7C%7C+cell_type+%3D%3D+SMP020+%7C%7C+cell_type+%3D%3D+WED124+%7C%7C+cell_type+%3D%3D+CL173+%7C%7C+cell_type+%3D%3D+CB0670+%7C%7C+cell_type+%3D%3D+SMP580+%7C%7C+cell_type+%3D%3D+CL080+%7C%7C+cell_type+%3D%3D+TuBu04+%7C%7C+cell_type+%3D%3D+AVLP586+%7C%7C+cell_type+%3D%3D+SLP206+%7C%7C+cell_type+%3D%3D+SMP047+%7C%7C+cell_type+%3D%3D+LHAV2b1+%7C%7C+cell_type+%3D%3D+CB3013+%7C%7C+cell_type+%3D%3D+CL024a+%7C%7C+cell_type+%3D%3D+CB2311+%7C%7C+cell_type+%3D%3D+CB2515+%7C%7C+cell_type+%3D%3D+CB2954+%7C%7C+cell_type+%3D%3D+CB2808+%7C%7C+cell_type+%3D%3D+SMP213,SMP214+%7C%7C+cell_type+%3D%3D+LAL183+%7C%7C+cell_type+%3D%3D+AVLP044_a+%7C%7C+cell_type+%3D%3D+SLP119+%7C%7C+cell_type+%3D%3D+CB1191+%7C%7C+cell_type+%3D%3D+CL018a+%7C%7C+cell_type+%3D%3D+CL196a+%7C%7C+cell_type+%3D%3D+CB0314+%7C%7C+cell_type+%3D%3D+CB3001+%7C%7C+cell_type+%3D%3D+CB1353+%7C%7C+cell_type+%3D%3D+CB3992+%7C%7C+cell_type+%3D%3D+CB2494+%7C%7C+cell_type+%3D%3D+CL283b+%7C%7C+cell_type+%3D%3D+PVLP134+%7C%7C+cell_type+%3D%3D+CB0793+%7C%7C+cell_type+%3D%3D+SLP269+%7C%7C+cell_type+%3D%3D+SLP380+%7C%7C+cell_type+%3D%3D+SLP465b+%7C%7C+cell_type+%3D%3D+PLP119+%7C%7C+cell_type+%3D%3D+CB3386+%7C%7C+cell_type+%3D%3D+CB2163+%7C%7C+cell_type+%3D%3D+CB3724+%7C%7C+cell_type+%3D%3D+PLP046a+%7C%7C+cell_type+%3D%3D+CB1833+%7C%7C+cell_type+%3D%3D+SLP344+%7C%7C+cell_type+%3D%3D+CB3050+%7C%7C+cell_type+%3D%3D+LHPV6f2_a+%7C%7C+cell_type+%3D%3D+SMP330b+%7C%7C+cell_type+%3D%3D+CB3249+%7C%7C+cell_type+%3D%3D+LC27+%7C%7C+cell_type+%3D%3D+LC28b+%7C%7C+cell_type+%3D%3D+CB2771+%7C%7C+cell_type+%3D%3D+CB2143+%7C%7C+cell_type+%3D%3D+LC14a1+%7C%7C+cell_type+%3D%3D+CB2384+%7C%7C+cell_type+%3D%3D+LC10c+%7C%7C+cell_type+%3D%3D+LC20a+%7C%7C+cell_type+%3D%3D+LC10b+%7C%7C+cell_type+%3D%3D+CB2873+%7C%7C+cell_type+%3D%3D+LC10e+%7C%7C+cell_type+%3D%3D+SLP137+%7C%7C+cell_type+%3D%3D+CB2331+%7C%7C+cell_type+%3D%3D+aMe5+%7C%7C+cell_type+%3D%3D+DNpe027+%7C%7C+cell_type+%3D%3D+PLP108+%7C%7C+cell_type+%3D%3D+5-HTPMPV01+%7C%7C+cell_type+%3D%3D+CB3145+%7C%7C+cell_type+%3D%3D+CL086_b+%7C%7C+cell_type+%3D%3D+OA-AL2i3+%7C%7C+cell_type+%3D%3D+cM16+%7C%7C+cell_type+%3D%3D+CL081+%7C%7C+cell_type+%3D%3D+CB1866+%7C%7C+cell_type+%3D%3D+CB1791+%7C%7C+cell_type+%3D%3D+cL02c+%7C%7C+cell_type+%3D%3D+MTe07+%7C%7C+cell_type+%3D%3D+MTe51+%7C%7C+cell_type+%3D%3D+aMe6a+%7C%7C+cell_type+%3D%3D+PLP150a+%7C%7C+cell_type+%3D%3D+MeTu3c+%7C%7C+cell_type+%3D%3D+SMP111+%7C%7C+cell_type+%3D%3D+LT81+%7C%7C+cell_type+%3D%3D+MC61+%7C%7C+cell_type+%3D%3D+LC33+%7C%7C+cell_type+%3D%3D+LTe42b+%7C%7C+cell_type+%3D%3D+MeTu4d+%7C%7C+cell_type+%3D%3D+MeTu3b+%7C%7C+cell_type+%3D%3D+CL096+%7C%7C+cell_type+%3D%3D+PLP155+%7C%7C+cell_type+%3D%3D+IB033,IB039+%7C%7C+cell_type+%3D%3D+CB2924+%7C%7C+cell_type+%3D%3D+PLP048+%7C%7C+cell_type+%3D%3D+CB2869+%7C%7C+cell_type+%3D%3D+CL336+%7C%7C+cell_type+%3D%3D+CB0335+%7C%7C+cell_type+%3D%3D+CB2439+%7C%7C+cell_type+%3D%3D+CB3496+%7C%7C+cell_type+%3D%3D+LTe43+%7C%7C+cell_type+%3D%3D+LC41+%7C%7C+cell_type+%3D%3D+MTe03+%7C%7C+cell_type+%3D%3D+LC44+%7C%7C+cell_type+%3D%3D+LCe08+%7C%7C+cell_type+%3D%3D+LTe38a+%7C%7C+cell_type+%3D%3D+OA-AL2b1+%7C%7C+cell_type+%3D%3D+LTe60+%7C%7C+cell_type+%3D%3D+PLP150b+%7C%7C+cell_type+%3D%3D+LPT51+%7C%7C+cell_type+%3D%3D+LTe50+%7C%7C+cell_type+%3D%3D+LCe05+%7C%7C+cell_type+%3D%3D+MTe01b+%7C%7C+cell_type+%3D%3D+LTe05+%7C%7C+cell_type+%3D%3D+LTe55+%7C%7C+cell_type+%3D%3D+LT51+%7C%7C+cell_type+%3D%3D+LC37+%7C%7C+cell_type+%3D%3D+MC66+%7C%7C+cell_type+%3D%3D+LC36+%7C%7C+cell_type+%3D%3D+LCe09+%7C%7C+cell_type+%3D%3D+LTe40+%7C%7C+cell_type+%3D%3D+LCe04+%7C%7C+cell_type+%3D%3D+LC34+%7C%7C+cell_type+%3D%3D+LTe09+%7C%7C+cell_type+%3D%3D+MeMe_e07+%7C%7C+cell_type+%3D%3D+MeTu4a+%7C%7C+cell_type+%3D%3D+LC45+%7C%7C+cell_type+%3D%3D+cM04+%7C%7C+cell_type+%3D%3D+MTe02+%7C%7C+cell_type+%3D%3D+cM14+%7C%7C+cell_type+%3D%3D+PLP231+%7C%7C+cell_type+%3D%3D+MTe50+%7C%7C+cell_type+%3D%3D+MTe15+%7C%7C+cell_type+%3D%3D+MTe44+%7C%7C+cell_type+%3D%3D+aMe26+%7C%7C+cell_type+%3D%3D+MTe05+%7C%7C+cell_type+%3D%3D+CB0657+%7C%7C+cell_type+%3D%3D+MTe54+%7C%7C+cell_type+%3D%3D+cM08a+%7C%7C+cell_type+%3D%3D+MTe53+%7C%7C+cell_type+%3D%3D+LTe48+%7C%7C+cell_type+%3D%3D+MTe20+%7C%7C+cell_type+%3D%3D+MTe52+%7C%7C+cell_type+%3D%3D+MTe01a+%7C%7C+cell_type+%3D%3D+LMTe01+%7C%7C+cell_type+%3D%3D+cM09+%7C%7C+cell_type+%3D%3D+LC10a+%7C%7C+cell_type+%3D%3D+LTe58+%7C%7C+cell_type+%3D%3D+LTe31+%7C%7C+cell_type+%3D%3D+MTe12+%7C%7C+cell_type+%3D%3D+LT86+%7C%7C+cell_type+%3D%3D+cL01+%7C%7C+cell_type+%3D%3D+cL22a+%7C%7C+cell_type+%3D%3D+MeTu4c+%7C%7C+cell_type+%3D%3D+cL12+%7C%7C+cell_type+%3D%3D+MTe32+%7C%7C+cell_type+%3D%3D+LTe49a+%7C%7C+cell_type+%3D%3D+LC40+%7C%7C+cell_type+%3D%3D+LC46+%7C%7C+cell_type+%3D%3D+cM18+%7C%7C+cell_type+%3D%3D+cM02b+%7C%7C+cell_type+%3D%3D+LTe46+%7C%7C+cell_type+%3D%3D+LCe01a+%7C%7C+cell_type+%3D%3D+cL17+%7C%7C+cell_type+%3D%3D+LTe47+%7C%7C+cell_type+%3D%3D+cM01b+%7C%7C+cell_type+%3D%3D+aMe22+%7C%7C+cell_type+%3D%3D+MeMe_e04+%7C%7C+cell_type+%3D%3D+LT72+%7C%7C+cell_type+%3D%3D+MeMe_e02+%7C%7C+cell_type+%3D%3D+cM17+%7C%7C+cell_type+%3D%3D+cM13+%7C%7C+cell_type+%3D%3D+cM02a+%7C%7C+cell_type+%3D%3D+cM01a+%7C%7C+cell_type+%3D%3D+cM01c+%7C%7C+cell_type+%3D%3D+cM15+%7C%7C+cell_type+%3D%3D+LTe44+%7C%7C+cell_type+%3D%3D+5-HTPMPV03+%7C%7C+cell_type+%3D%3D+mALC6+%7C%7C+cell_type+%3D%3D+OA-ASM1+%7C%7C+cell_type+%3D%3D+cL02a+%7C%7C+cell_type+%3D%3D+cL02b+%7C%7C+cell_type+%3D%3D+CB0641+%7C%7C+cell_type+%3D%3D+MTe24+%7C%7C+cell_type+%3D%3D+cL06+%7C%7C+cell_type+%3D%3D+OA-AL2i4+%7C%7C+cell_type+%3D%3D+OA-AL2b2+%7C%7C+cell_type+%3D%3D+aMe24+%7C%7C+cell_type+%3D%3D+mALD1+%7C%7C+cell_type+%3D%3D+LT47+%7C%7C+cell_type+%3D%3D+LTe76+%7C%7C+cell_type+%3D%3D+LTe65+%7C%7C+cell_type+%3D%3D+LTe66+%7C%7C+cell_type+%3D%3D+LTe49d+%7C%7C+cell_type+%3D%3D+LTe49e+%7C%7C+cell_type+%3D%3D+CB3866+%7C%7C+cell_type+%3D%3D+LAL047+%7C%7C+cell_type+%3D%3D+aMe3+%7C%7C+cell_type+%3D%3D+LTe57+%7C%7C+cell_type+%3D%3D+LTe25+%7C%7C+cell_type+%3D%3D+LTe62+%7C%7C+cell_type+%3D%3D+cM03+%7C%7C+cell_type+%3D%3D+LT43+%7C%7C+cell_type+%3D%3D+LTe49c+%7C%7C+cell_type+%3D%3D+CB2197+%7C%7C+cell_type+%3D%3D+aMe17a2+%7C%7C+cell_type+%3D%3D+LTe45+%7C%7C+cell_type+%3D%3D+LCe01b+%7C%7C+cell_type+%3D%3D+LCe03+%7C%7C+cell_type+%3D%3D+aMe1+%7C%7C+cell_type+%3D%3D+LTe11+%7C%7C+cell_type+%3D%3D+LTe68+%7C%7C+cell_type+%3D%3D+LTe59a+%7C%7C+cell_type+%3D%3D+LTe23+%7C%7C+cell_type+%3D%3D+cL19+%7C%7C+cell_type+%3D%3D+LT68+%7C%7C+cell_type+%3D%3D+LT55+%7C%7C+cell_type+%3D%3D+MTe46+%7C%7C+cell_type+%3D%3D+MTe16+%7C%7C+cell_type+%3D%3D+MTe18+%7C%7C+cell_type+%3D%3D+LTe04+%7C%7C+cell_type+%3D%3D+PLP215+%7C%7C+cell_type+%3D%3D+LTe37+%7C%7C+cell_type+%3D%3D+MTe38+%7C%7C+cell_type+%3D%3D+MTe35+%7C%7C+cell_type+%3D%3D+cM08b+%7C%7C+cell_type+%3D%3D+LTe07+%7C%7C+cell_type+%3D%3D+aMe17b+%7C%7C+cell_type+%3D%3D+aMe17c+%7C%7C+cell_type+%3D%3D+MTe26+%7C%7C+cell_type+%3D%3D+cM08c+%7C%7C+cell_type+%3D%3D+aMe8+%7C%7C+cell_type+%3D%3D+MTe22+%7C%7C+cell_type+%3D%3D+MeMe_e08+%7C%7C+cell_type+%3D%3D+cM12+%7C%7C+cell_type+%3D%3D+LC33b+%7C%7C+cell_type+%3D%3D+MC62+%7C%7C+cell_type+%3D%3D+MTe04+%7C%7C+cell_type+%3D%3D+LTe61+%7C%7C+cell_type+%3D%3D+LTe42a+%7C%7C+cell_type+%3D%3D+MeTu2a+%7C%7C+cell_type+%3D%3D+MTe14+%7C%7C+cell_type+%3D%3D+aMe10+%7C%7C+cell_type+%3D%3D+aMe4+%7C%7C+cell_type+%3D%3D+MTe36+%7C%7C+cell_type+%3D%3D+MTe10+%7C%7C+cell_type+%3D%3D+MTe21+%7C%7C+cell_type+%3D%3D+MC65+%7C%7C+cell_type+%3D%3D+MTe06+%7C%7C+cell_type+%3D%3D+MeTu1+%7C%7C+cell_type+%3D%3D+LC10d+%7C%7C+cell_type+%3D%3D+LC20+%7C%7C+cell_type+%3D%3D+LTe53+%7C%7C+cell_type+%3D%3D+MeMe_e05+%7C%7C+cell_type+%3D%3D+MTe48+%7C%7C+cell_type+%3D%3D+LTe49b+%7C%7C+cell_type+%3D%3D+LTe75+%7C%7C+cell_type+%3D%3D+MeMe_e03+%7C%7C+cell_type+%3D%3D+LPTe02+%7C%7C+cell_type+%3D%3D+MTe28+%7C%7C+cell_type+%3D%3D+MTe30+%7C%7C+cell_type+%3D%3D+LT59+%7C%7C+cell_type+%3D%3D+MTe31+%7C%7C+cell_type+%3D%3D+LT57+%7C%7C+cell_type+%3D%3D+LTe27+%7C%7C+cell_type+%3D%3D+LTe69+%7C%7C+cell_type+%3D%3D+LTe33+%7C%7C+cell_type+%3D%3D+LT75+%7C%7C+cell_type+%3D%3D+MTe27+%7C%7C+cell_type+%3D%3D+aMe17a1+%7C%7C+cell_type+%3D%3D+MTe47+%7C%7C+cell_type+%3D%3D+MTe45+%7C%7C+cell_type+%3D%3D+aMe20+%7C%7C+cell_type+%3D%3D+MTe09+%7C%7C+cell_type+%3D%3D+LC10f+%7C%7C+cell_type+%3D%3D+aMe12+%7C%7C+cell_type+%3D%3D+MeMe_e06+%7C%7C+cell_type+%3D%3D+aMe19a+%7C%7C+cell_type+%3D%3D+MTe17+%7C%7C+cell_type+%3D%3D+LTe24+%7C%7C+cell_type+%3D%3D+MeTu4b+%7C%7C+cell_type+%3D%3D+LTe22+%7C%7C+cell_type+%3D%3D+LTe41+%7C%7C+cell_type+%3D%3D+LTe02+%7C%7C+cell_type+%3D%3D+LTe30+%7C%7C+cell_type+%3D%3D+LTe42c+%7C%7C+cell_type+%3D%3D+LC14a2+%7C%7C+cell_type+%3D%3D+cL10+%7C%7C+cell_type+%3D%3D+LTe71+%7C%7C+cell_type+%3D%3D+MTe42+%7C%7C+cell_type+%3D%3D+SIP061+%7C%7C+cell_type+%3D%3D+MTe49+%7C%7C+cell_type+%3D%3D+MTe25+%7C%7C+cell_type+%3D%3D+LTe35+%7C%7C+cell_type+%3D%3D+LTe16+%7C%7C+cell_type+%3D%3D+MTe23+%7C%7C+cell_type+%3D%3D+LTe38b+%7C%7C+cell_type+%3D%3D+aMe15+%7C%7C+cell_type+%3D%3D+LC10+%7C%7C+cell_type+%3D%3D+LC24+%7C%7C+cell_type+%3D%3D+LTe56+%7C%7C+cell_type+%3D%3D+LTe49f+%7C%7C+cell_type+%3D%3D+cLM01+%7C%7C+cell_type+%3D%3D+LC19+%7C%7C+cell_type+%3D%3D+LTe73+%7C%7C+cell_type+%3D%3D+LTe06+%7C%7C+cell_type+%3D%3D+LTe70+%7C%7C+cell_type+%3D%3D+aMe25+%7C%7C+cell_type+%3D%3D+CB0633+%7C%7C+cell_type+%3D%3D+AOTU026+%7C%7C+cell_type+%3D%3D+PS131+%7C%7C+cell_type+%3D%3D+LT53,PLP098+%7C%7C+cell_type+%3D%3D+MTe11+%7C%7C+cell_type+%3D%3D+MTe33+%7C%7C+cell_type+%3D%3D+MTe37+%7C%7C+cell_type+%3D%3D+MTe34+%7C%7C+cell_type+%3D%3D+LC28a+%7C%7C+cell_type+%3D%3D+s-LNv_b+%7C%7C+cell_type+%3D%3D+LTe32+%7C%7C+cell_type+%3D%3D+MeTu3a+%7C%7C+cell_type+%3D%3D+LTe10+%7C%7C+cell_type+%3D%3D+LC14+%7C%7C+cell_type+%3D%3D+aMe19b+%7C%7C+cell_type+%3D%3D+aMe9+%7C%7C+cell_type+%3D%3D+LTe01+%7C%7C+cell_type+%3D%3D+PLP158+%7C%7C+cell_type+%3D%3D+MC64+%7C%7C+cell_type+%3D%3D+CB2867+%7C%7C+cell_type+%3D%3D+SLP136+%7C%7C+cell_type+%3D%3D+AVLP579+%7C%7C+cell_type+%3D%3D+LAL024+%7C%7C+cell_type+%3D%3D+PLP087b+%7C%7C+cell_type+%3D%3D+PVLP144+%7C%7C+cell_type+%3D%3D+MTe40+%7C%7C+cell_type+%3D%3D+CL364+%7C%7C+cell_type+%3D%3D+PLP041,PLP043+%7C%7C+cell_type+%3D%3D+CB3580+%7C%7C+cell_type+%3D%3D+PS007+%7C%7C+cell_type+%3D%3D+CB2523+%7C%7C+cell_type+%3D%3D+CL243+%7C%7C+cell_type+%3D%3D+PLP001+%7C%7C+cell_type+%3D%3D+CB2217+%7C%7C+cell_type+%3D%3D+CL255+%7C%7C+cell_type+%3D%3D+CB3896+%7C%7C+cell_type+%3D%3D+CB3654+%7C%7C+cell_type+%3D%3D+CB3753+%7C%7C+cell_type+%3D%3D+SLP082+%7C%7C+cell_type+%3D%3D+PLP042c+%7C%7C+cell_type+%3D%3D+MeTu2b+%7C%7C+cell_type+%3D%3D+ExR2+%7C%7C+cell_type+%3D%3D+M_lvPNm47+%7C%7C+cell_type+%3D%3D+KCg+%7C%7C+cell_type+%3D%3D+KCg-m+%7C%7C+cell_type+%3D%3D+LT45+%7C%7C+cell_type+%3D%3D+LT64+%7C%7C+cell_type+%3D%3D+LC20b+%7C%7C+cell_type+%3D%3D+Lat+%7C%7C+cell_type+%3D%3D+DN1-l+%7C%7C+cell_type+%3D%3D+MeVP6+%7C%7C+cell_type+%3D%3D+OCG02c&sort_by=&page_size=100"
"flange median bundle","https://spelunker.cave-explorer.org/#!middleauth+https://global.daf-apis.com/nglstate/api/v1/5075279897690112","https://codex.flywire.ai/app/search?dataset=banc&filter_string=cell_type+%3D%3D+DNge150+%7C%7C+cell_type+%3D%3D+DNge036+%7C%7C+cell_type+%3D%3D+DNp48+%7C%7C+cell_type+%3D%3D+DNg104+%7C%7C+cell_type+%3D%3D+DNg70+%7C%7C+cell_type+%3D%3D+AN05B004+%7C%7C+cell_type+%3D%3D+DNge059+%7C%7C+cell_type+%3D%3D+AN05B101+%7C%7C+cell_type+%3D%3D+AN17A008+%7C%7C+cell_type+%3D%3D+DNge003+%7C%7C+cell_type+%3D%3D+DNg103+%7C%7C+cell_type+%3D%3D+AN_multi_124+%7C%7C+cell_type+%3D%3D+AN05B097+%7C%7C+cell_type+%3D%3D+DNge143+%7C%7C+cell_type+%3D%3D+DNpe036+%7C%7C+cell_type+%3D%3D+AN09B018_c+%7C%7C+cell_type+%3D%3D+DNg80+%7C%7C+cell_type+%3D%3D+ANXXX139+%7C%7C+cell_type+%3D%3D+DNge023+%7C%7C+cell_type+%3D%3D+AN27X017+%7C%7C+cell_type+%3D%3D+DNge042+%7C%7C+cell_type+%3D%3D+ANXXX033+%7C%7C+cell_type+%3D%3D+DNp44+%7C%7C+cell_type+%3D%3D+DNge146+%7C%7C+cell_type+%3D%3D+DNge055+%7C%7C+cell_type+%3D%3D+DNg60+%7C%7C+cell_type+%3D%3D+AN12B017+%7C%7C+cell_type+%3D%3D+DNpe007+%7C%7C+cell_type+%3D%3D+ANXXX136+%7C%7C+cell_type+%3D%3D+DNge076+%7C%7C+cell_type+%3D%3D+DNge051+%7C%7C+cell_type+%3D%3D+DNge002+%7C%7C+cell_type+%3D%3D+DNp65+%7C%7C+cell_type+%3D%3D+DNfl033+%7C%7C+cell_type+%3D%3D+DNge056+%7C%7C+cell_type+%3D%3D+DNge067+%7C%7C+cell_type+%3D%3D+DNg26+%7C%7C+cell_type+%3D%3D+DNge173+%7C%7C+cell_type+%3D%3D+ANXXX977+%7C%7C+cell_type+%3D%3D+DNge106+%7C%7C+cell_type+%3D%3D+AN09A005+%7C%7C+cell_type+%3D%3D+DNge062+%7C%7C+cell_type+%3D%3D+DNde007+%7C%7C+cell_type+%3D%3D+DNg54+%7C%7C+cell_type+%3D%3D+AN05B106+%7C%7C+cell_type+%3D%3D+AN09B037+%7C%7C+cell_type+%3D%3D+DNg38+%7C%7C+cell_type+%3D%3D+AN23B010+%7C%7C+cell_type+%3D%3D+DNge080+%7C%7C+cell_type+%3D%3D+ANXXX433+%7C%7C+cell_type+%3D%3D+AN17A062+%7C%7C+cell_type+%3D%3D+DNge101+%7C%7C+cell_type+%3D%3D+DNpe035+%7C%7C+cell_type+%3D%3D+AN27X013+%7C%7C+cell_type+%3D%3D+ANXXX470+%7C%7C+cell_type+%3D%3D+DNg61+%7C%7C+cell_type+%3D%3D+DNg73+%7C%7C+cell_type+%3D%3D+DNge001+%7C%7C+cell_type+%3D%3D+DNpe033+%7C%7C+cell_type+%3D%3D+AN09B018_b+%7C%7C+cell_type+%3D%3D+ANXXX255+%7C%7C+cell_type+%3D%3D+DNge077+%7C%7C+cell_type+%3D%3D+DNge174+%7C%7C+cell_type+%3D%3D+DNge137+%7C%7C+cell_type+%3D%3D+DNge096+%7C%7C+cell_type+%3D%3D+DNg47+%7C%7C+cell_type+%3D%3D+DNge028+%7C%7C+cell_type+%3D%3D+AN09B033+%7C%7C+cell_type+%3D%3D+ANXXX202_c+%7C%7C+cell_type+%3D%3D+DNg72+%7C%7C+cell_type+%3D%3D+DNg67+%7C%7C+cell_type+%3D%3D+ANXXX296+%7C%7C+cell_type+%3D%3D+ANXXX313+%7C%7C+cell_type+%3D%3D+ANXXX202_b+%7C%7C+cell_type+%3D%3D+ANXXX308+%7C%7C+cell_type+%3D%3D+AN26X004+%7C%7C+cell_type+%3D%3D+DNge100+%7C%7C+cell_type+%3D%3D+ANXXX218+%7C%7C+cell_type+%3D%3D+ANXXX202_a+%7C%7C+cell_type+%3D%3D+DNge025+%7C%7C+cell_type+%3D%3D+ANXXX462a+%7C%7C+cell_type+%3D%3D+CL214+%7C%7C+cell_type+%3D%3D+AN07B040+%7C%7C+cell_type+%3D%3D+ANXXX202+%7C%7C+cell_type+%3D%3D+AN05B076+%7C%7C+cell_type+%3D%3D+AN01B018+%7C%7C+cell_type+%3D%3D+DNge029+%7C%7C+cell_type+%3D%3D+DNge009+%7C%7C+cell_type+%3D%3D+DNge057+%7C%7C+cell_type+%3D%3D+AN08B113+%7C%7C+cell_type+%3D%3D+DNit012+%7C%7C+cell_type+%3D%3D+CB1084+%7C%7C+cell_type+%3D%3D+CB2573+%7C%7C+cell_type+%3D%3D+CB3534+%7C%7C+cell_type+%3D%3D+CB1814+%7C%7C+cell_type+%3D%3D+CB1022+%7C%7C+cell_type+%3D%3D+CB0803+%7C%7C+cell_type+%3D%3D+CB3505+%7C%7C+cell_type+%3D%3D+CB3256+%7C%7C+cell_type+%3D%3D+CB2539+%7C%7C+cell_type+%3D%3D+CB0912+%7C%7C+cell_type+%3D%3D+CB0727+%7C%7C+cell_type+%3D%3D+CB1096+%7C%7C+cell_type+%3D%3D+SMP307+%7C%7C+cell_type+%3D%3D+CB0909+%7C%7C+cell_type+%3D%3D+CB2367+%7C%7C+cell_type+%3D%3D+CB3189+%7C%7C+cell_type+%3D%3D+CB0806+%7C%7C+cell_type+%3D%3D+CB0548+%7C%7C+cell_type+%3D%3D+CB0317+%7C%7C+cell_type+%3D%3D+CB1369+%7C%7C+cell_type+%3D%3D+CB3687+%7C%7C+cell_type+%3D%3D+CB3035+%7C%7C+cell_type+%3D%3D+CB1919+%7C%7C+cell_type+%3D%3D+CB1199+%7C%7C+cell_type+%3D%3D+CB0801+%7C%7C+cell_type+%3D%3D+mAL_f3+%7C%7C+cell_type+%3D%3D+CB0872+%7C%7C+cell_type+%3D%3D+CB3642+%7C%7C+cell_type+%3D%3D+CB0600+%7C%7C+cell_type+%3D%3D+CB0449+%7C%7C+cell_type+%3D%3D+CB0117+%7C%7C+cell_type+%3D%3D+CB0366+%7C%7C+cell_type+%3D%3D+CB1295+%7C%7C+cell_type+%3D%3D+CB3153+%7C%7C+cell_type+%3D%3D+CB0923+%7C%7C+cell_type+%3D%3D+CB0138+%7C%7C+cell_type+%3D%3D+CB2403+%7C%7C+cell_type+%3D%3D+CB0859+%7C%7C+cell_type+%3D%3D+mAL4+%7C%7C+cell_type+%3D%3D+CB0985+%7C%7C+cell_type+%3D%3D+CB3146+%7C%7C+cell_type+%3D%3D+CB0774+%7C%7C+cell_type+%3D%3D+CB0611+%7C%7C+cell_type+%3D%3D+CB2606+%7C%7C+cell_type+%3D%3D+SMP285+%7C%7C+cell_type+%3D%3D+CB0106+%7C%7C+cell_type+%3D%3D+CB0514+%7C%7C+cell_type+%3D%3D+CB2054+%7C%7C+cell_type+%3D%3D+CB0288+%7C%7C+cell_type+%3D%3D+CB3004+%7C%7C+cell_type+%3D%3D+CB3312+%7C%7C+cell_type+%3D%3D+CB1898+%7C%7C+cell_type+%3D%3D+CB0908+%7C%7C+cell_type+%3D%3D+CB0827+%7C%7C+cell_type+%3D%3D+CB0753+%7C%7C+cell_type+%3D%3D+CB0775+%7C%7C+cell_type+%3D%3D+LHPV11a1+%7C%7C+cell_type+%3D%3D+CB1568+%7C%7C+cell_type+%3D%3D+CB1741+%7C%7C+cell_type+%3D%3D+CB2647+%7C%7C+cell_type+%3D%3D+CB0571+%7C%7C+cell_type+%3D%3D+CB3527+%7C%7C+cell_type+%3D%3D+SMP746+%7C%7C+cell_type+%3D%3D+CB3656+%7C%7C+cell_type+%3D%3D+CB0362+%7C%7C+cell_type+%3D%3D+CB1267+%7C%7C+cell_type+%3D%3D+CB3659+%7C%7C+cell_type+%3D%3D+CB3470+%7C%7C+cell_type+%3D%3D+CB0071+%7C%7C+cell_type+%3D%3D+CB0020+%7C%7C+cell_type+%3D%3D+CB2242+%7C%7C+cell_type+%3D%3D+CB0413+%7C%7C+cell_type+%3D%3D+VES043+%7C%7C+cell_type+%3D%3D+CB0542+%7C%7C+cell_type+%3D%3D+CB3151+%7C%7C+cell_type+%3D%3D+CB0559+%7C%7C+cell_type+%3D%3D+CB0014+%7C%7C+cell_type+%3D%3D+CB0328+%7C%7C+cell_type+%3D%3D+CB0771+%7C%7C+cell_type+%3D%3D+CB0460+%7C%7C+cell_type+%3D%3D+CB1390+%7C%7C+cell_type+%3D%3D+CB0132+%7C%7C+cell_type+%3D%3D+CB0922+%7C%7C+cell_type+%3D%3D+CB0277+%7C%7C+cell_type+%3D%3D+CB4243+%7C%7C+cell_type+%3D%3D+CB0459+%7C%7C+cell_type+%3D%3D+CB0597+%7C%7C+cell_type+%3D%3D+CB0512+%7C%7C+cell_type+%3D%3D+CB1974+%7C%7C+cell_type+%3D%3D+CB0270+%7C%7C+cell_type+%3D%3D+ALON2+%7C%7C+cell_type+%3D%3D+CB3622+%7C%7C+cell_type+%3D%3D+CB1397+%7C%7C+cell_type+%3D%3D+CB1779+%7C%7C+cell_type+%3D%3D+CB0746+%7C%7C+cell_type+%3D%3D+CB1323+%7C%7C+cell_type+%3D%3D+CB0599+%7C%7C+cell_type+%3D%3D+CB0596+%7C%7C+cell_type+%3D%3D+CRE100+%7C%7C+cell_type+%3D%3D+CB4058+%7C%7C+cell_type+%3D%3D+CB1925+%7C%7C+cell_type+%3D%3D+CB0507+%7C%7C+cell_type+%3D%3D+CB0661+%7C%7C+cell_type+%3D%3D+CB1366+%7C%7C+cell_type+%3D%3D+CB0491+%7C%7C+cell_type+%3D%3D+ALON1+%7C%7C+cell_type+%3D%3D+CB2128+%7C%7C+cell_type+%3D%3D+CB0219+%7C%7C+cell_type+%3D%3D+CB0455+%7C%7C+cell_type+%3D%3D+CB1203+%7C%7C+cell_type+%3D%3D+CB0910+%7C%7C+cell_type+%3D%3D+CB0788+%7C%7C+cell_type+%3D%3D+CB0048+%7C%7C+cell_type+%3D%3D+CB0041+%7C%7C+cell_type+%3D%3D+CB0453+%7C%7C+cell_type+%3D%3D+CB0824+%7C%7C+cell_type+%3D%3D+CB0568+%7C%7C+cell_type+%3D%3D+CB0696+%7C%7C+cell_type+%3D%3D+CB0190+%7C%7C+cell_type+%3D%3D+CB0717+%7C%7C+cell_type+%3D%3D+CB0877+%7C%7C+cell_type+%3D%3D+CB0864+%7C%7C+cell_type+%3D%3D+CB0087+%7C%7C+cell_type+%3D%3D+CB2526+%7C%7C+cell_type+%3D%3D+CB2456+%7C%7C+cell_type+%3D%3D+CB2388+%7C%7C+cell_type+%3D%3D+SMP598+%7C%7C+cell_type+%3D%3D+CB1372+%7C%7C+cell_type+%3D%3D+CB1586+%7C%7C+cell_type+%3D%3D+CB3429+%7C%7C+cell_type+%3D%3D+CB1718+%7C%7C+cell_type+%3D%3D+CB0844+%7C%7C+cell_type+%3D%3D+CB0839+%7C%7C+cell_type+%3D%3D+CB0152+%7C%7C+cell_type+%3D%3D+CB0038+%7C%7C+cell_type+%3D%3D+CB3385+%7C%7C+cell_type+%3D%3D+CB0881+%7C%7C+cell_type+%3D%3D+CB0187+%7C%7C+cell_type+%3D%3D+SMP582+%7C%7C+cell_type+%3D%3D+CB1949+%7C%7C+cell_type+%3D%3D+CB0897+%7C%7C+cell_type+%3D%3D+CB0823+%7C%7C+cell_type+%3D%3D+CB0884+%7C%7C+cell_type+%3D%3D+CB2553+%7C%7C+cell_type+%3D%3D+CB2353+%7C%7C+cell_type+%3D%3D+CB1597+%7C%7C+cell_type+%3D%3D+CB2490+%7C%7C+cell_type+%3D%3D+CB1049+%7C%7C+cell_type+%3D%3D+CB2299+%7C%7C+cell_type+%3D%3D+CB0216+%7C%7C+cell_type+%3D%3D+mAL_f2+%7C%7C+cell_type+%3D%3D+CB2265+%7C%7C+cell_type+%3D%3D+CB1037+%7C%7C+cell_type+%3D%3D+CB0555+%7C%7C+cell_type+%3D%3D+LHPV10c1+%7C%7C+cell_type+%3D%3D+CB2605+%7C%7C+cell_type+%3D%3D+CB0921+%7C%7C+cell_type+%3D%3D+CB2291+%7C%7C+cell_type+%3D%3D+CB0417+%7C%7C+cell_type+%3D%3D+CB0716+%7C%7C+cell_type+%3D%3D+CB0907+%7C%7C+cell_type+%3D%3D+CB0017+%7C%7C+cell_type+%3D%3D+CB2233+%7C%7C+cell_type+%3D%3D+CB2198+%7C%7C+cell_type+%3D%3D+CB1120+%7C%7C+cell_type+%3D%3D+CB3242+%7C%7C+cell_type+%3D%3D+CB0184+%7C%7C+cell_type+%3D%3D+CB0458+%7C%7C+cell_type+%3D%3D+CB0503+%7C%7C+cell_type+%3D%3D+CB0856+%7C%7C+cell_type+%3D%3D+CB2780+%7C%7C+cell_type+%3D%3D+CB0074+%7C%7C+cell_type+%3D%3D+CB3536+%7C%7C+cell_type+%3D%3D+CB0733+%7C%7C+cell_type+%3D%3D+CB0587+%7C%7C+cell_type+%3D%3D+mAL_f4+%7C%7C+cell_type+%3D%3D+CB1097+%7C%7C+cell_type+%3D%3D+CB1376+%7C%7C+cell_type+%3D%3D+CB2643+%7C%7C+cell_type+%3D%3D+CB3413+%7C%7C+cell_type+%3D%3D+CB2537+%7C%7C+cell_type+%3D%3D+CB3713+%7C%7C+cell_type+%3D%3D+CB3473+%7C%7C+cell_type+%3D%3D+CB3658+%7C%7C+cell_type+%3D%3D+CB0963+%7C%7C+cell_type+%3D%3D+CB1095+%7C%7C+cell_type+%3D%3D+LAL119+%7C%7C+cell_type+%3D%3D+CB0035+%7C%7C+cell_type+%3D%3D+SMP604+%7C%7C+cell_type+%3D%3D+CB3636+%7C%7C+cell_type+%3D%3D+CB3650+%7C%7C+cell_type+%3D%3D+SMP298+%7C%7C+cell_type+%3D%3D+CB1071+%7C%7C+cell_type+%3D%3D+CB2157+%7C%7C+cell_type+%3D%3D+SLP406+%7C%7C+cell_type+%3D%3D+VES047+%7C%7C+cell_type+%3D%3D+CB0602+%7C%7C+cell_type+%3D%3D+CB0975+%7C%7C+cell_type+%3D%3D+CB3497+%7C%7C+cell_type+%3D%3D+CB0047+%7C%7C+cell_type+%3D%3D+CB0479+%7C%7C+cell_type+%3D%3D+CB0066+%7C%7C+cell_type+%3D%3D+CB0504+%7C%7C+cell_type+%3D%3D+CB0615+%7C%7C+cell_type+%3D%3D+CB3500+%7C%7C+cell_type+%3D%3D+CB0620+%7C%7C+cell_type+%3D%3D+GNG800f+%7C%7C+cell_type+%3D%3D+CB0834+%7C%7C+cell_type+%3D%3D+CB3812+%7C%7C+cell_type+%3D%3D+CB0069+%7C%7C+cell_type+%3D%3D+CB2231+%7C%7C+cell_type+%3D%3D+CB0618+%7C%7C+cell_type+%3D%3D+CB0387+%7C%7C+cell_type+%3D%3D+CB0920+%7C%7C+cell_type+%3D%3D+CB0370+%7C%7C+cell_type+%3D%3D+CB3797+%7C%7C+cell_type+%3D%3D+CB0175+%7C%7C+cell_type+%3D%3D+mAL_f1+%7C%7C+cell_type+%3D%3D+SMP603+%7C%7C+cell_type+%3D%3D+CB0419+%7C%7C+cell_type+%3D%3D+CB0207+%7C%7C+cell_type+%3D%3D+CB0740+%7C%7C+cell_type+%3D%3D+CB0695+%7C%7C+cell_type+%3D%3D+DNge031+%7C%7C+cell_type+%3D%3D+CB0759+%7C%7C+cell_type+%3D%3D+CB0515+%7C%7C+cell_type+%3D%3D+CB3813+%7C%7C+cell_type+%3D%3D+SMP545+%7C%7C+cell_type+%3D%3D+CB2588+%7C%7C+cell_type+%3D%3D+CB1345+%7C%7C+cell_type+%3D%3D+CB0643+%7C%7C+cell_type+%3D%3D+CB3229+%7C%7C+cell_type+%3D%3D+CB1951+%7C%7C+cell_type+%3D%3D+CB0756+%7C%7C+cell_type+%3D%3D+CB3403+%7C%7C+cell_type+%3D%3D+CB2579+%7C%7C+cell_type+%3D%3D+CB1430+%7C%7C+cell_type+%3D%3D+CB3199+%7C%7C+cell_type+%3D%3D+CB1514+%7C%7C+cell_type+%3D%3D+CB0880+%7C%7C+cell_type+%3D%3D+CB3270+%7C%7C+cell_type+%3D%3D+CB3378+%7C%7C+cell_type+%3D%3D+CB0893+%7C%7C+cell_type+%3D%3D+CB0541+%7C%7C+cell_type+%3D%3D+CB0906+%7C%7C+cell_type+%3D%3D+CB0498+%7C%7C+cell_type+%3D%3D+CB0565+%7C%7C+cell_type+%3D%3D+CB0583+%7C%7C+cell_type+%3D%3D+CB0360+%7C%7C+cell_type+%3D%3D+CB0212+%7C%7C+cell_type+%3D%3D+CB0445+%7C%7C+cell_type+%3D%3D+CB0579+%7C%7C+cell_type+%3D%3D+CB0798+%7C%7C+cell_type+%3D%3D+CB0576+%7C%7C+cell_type+%3D%3D+CB2506+%7C%7C+cell_type+%3D%3D+CB2355+%7C%7C+cell_type+%3D%3D+vLN26+%7C%7C+cell_type+%3D%3D+mAL5B+%7C%7C+cell_type+%3D%3D+CB0588+%7C%7C+cell_type+%3D%3D+CB2962+%7C%7C+cell_type+%3D%3D+CB1488+%7C%7C+cell_type+%3D%3D+CB3438+%7C%7C+cell_type+%3D%3D+CB0183+%7C%7C+cell_type+%3D%3D+CB0552+%7C%7C+cell_type+%3D%3D+CB0809+%7C%7C+cell_type+%3D%3D+CB2968+%7C%7C+cell_type+%3D%3D+CB0521+%7C%7C+cell_type+%3D%3D+CB0110+%7C%7C+cell_type+%3D%3D+CB1043+%7C%7C+cell_type+%3D%3D+CB3156+%7C%7C+cell_type+%3D%3D+CB0761+%7C%7C+cell_type+%3D%3D+CB0022+%7C%7C+cell_type+%3D%3D+CB2551+%7C%7C+cell_type+%3D%3D+CB3474+%7C%7C+cell_type+%3D%3D+CB0883+%7C%7C+cell_type+%3D%3D+CB1506+%7C%7C+cell_type+%3D%3D+CB1224+%7C%7C+cell_type+%3D%3D+CB0018+%7C%7C+cell_type+%3D%3D+CB2864+%7C%7C+cell_type+%3D%3D+CB1985+%7C%7C+cell_type+%3D%3D+CB1040+%7C%7C+cell_type+%3D%3D+CB2921+%7C%7C+cell_type+%3D%3D+CB2702+%7C%7C+cell_type+%3D%3D+CB3292+%7C%7C+cell_type+%3D%3D+CB0337+%7C%7C+cell_type+%3D%3D+CB1025+%7C%7C+cell_type+%3D%3D+CB3239+%7C%7C+cell_type+%3D%3D+CB3462+%7C%7C+cell_type+%3D%3D+CB0363+%7C%7C+cell_type+%3D%3D+CB0067+%7C%7C+cell_type+%3D%3D+SMP586+%7C%7C+cell_type+%3D%3D+CB3623+%7C%7C+cell_type+%3D%3D+CB3562+%7C%7C+cell_type+%3D%3D+CB2191+%7C%7C+cell_type+%3D%3D+CB0489+%7C%7C+cell_type+%3D%3D+CB0225+%7C%7C+cell_type+%3D%3D+CB0159+%7C%7C+cell_type+%3D%3D+CB0421+%7C%7C+cell_type+%3D%3D+CB0917+%7C%7C+cell_type+%3D%3D+CB0787+%7C%7C+cell_type+%3D%3D+CB0426+%7C%7C+cell_type+%3D%3D+CB0008+%7C%7C+cell_type+%3D%3D+CB3615+%7C%7C+cell_type+%3D%3D+CB0903+%7C%7C+cell_type+%3D%3D+CB0879+%7C%7C+cell_type+%3D%3D+CB0438+%7C%7C+cell_type+%3D%3D+CB0378+%7C%7C+cell_type+%3D%3D+CB0124+%7C%7C+cell_type+%3D%3D+CB0878+%7C%7C+cell_type+%3D%3D+CB0364+%7C%7C+cell_type+%3D%3D+CB3632+%7C%7C+cell_type+%3D%3D+CB3325+%7C%7C+cell_type+%3D%3D+CB3593+%7C%7C+cell_type+%3D%3D+CB0502+%7C%7C+cell_type+%3D%3D+CB0585+%7C%7C+cell_type+%3D%3D+CB3346+%7C%7C+cell_type+%3D%3D+CB0097+%7C%7C+cell_type+%3D%3D+CB3565+%7C%7C+cell_type+%3D%3D+CB0118+%7C%7C+cell_type+%3D%3D+CB0532+%7C%7C+cell_type+%3D%3D+CB0350+%7C%7C+cell_type+%3D%3D+CB0900+%7C%7C+cell_type+%3D%3D+CB0874+%7C%7C+cell_type+%3D%3D+CB0857+%7C%7C+cell_type+%3D%3D+CB0553+%7C%7C+cell_type+%3D%3D+CB1778+%7C%7C+cell_type+%3D%3D+CB0561+%7C%7C+cell_type+%3D%3D+CB0437+%7C%7C+cell_type+%3D%3D+CB0709+%7C%7C+cell_type+%3D%3D+CB0298+%7C%7C+cell_type+%3D%3D+CB0721+%7C%7C+cell_type+%3D%3D+CB3703+%7C%7C+cell_type+%3D%3D+CB0799+%7C%7C+cell_type+%3D%3D+CB0593+%7C%7C+cell_type+%3D%3D+CB1304+%7C%7C+cell_type+%3D%3D+CB0768+%7C%7C+cell_type+%3D%3D+CB0572+%7C%7C+cell_type+%3D%3D+CB0526+%7C%7C+cell_type+%3D%3D+CB2282+%7C%7C+cell_type+%3D%3D+CB0988+%7C%7C+cell_type+%3D%3D+CB0186+%7C%7C+cell_type+%3D%3D+IN01B092+%7C%7C+cell_type+%3D%3D+CB3267+%7C%7C+cell_type+%3D%3D+CB0866+%7C%7C+cell_type+%3D%3D+CB0011+%7C%7C+cell_type+%3D%3D+CB0603+%7C%7C+cell_type+%3D%3D+CB0616+%7C%7C+cell_type+%3D%3D+CB3485+%7C%7C+cell_type+%3D%3D+CB0176+%7C%7C+cell_type+%3D%3D+CB0211+%7C%7C+cell_type+%3D%3D+CB3680+%7C%7C+cell_type+%3D%3D+CB0393+%7C%7C+cell_type+%3D%3D+CB0331+%7C%7C+cell_type+%3D%3D+CB0617+%7C%7C+cell_type+%3D%3D+CB0473+%7C%7C+cell_type+%3D%3D+CB0538+%7C%7C+cell_type+%3D%3D+CB0177+%7C%7C+cell_type+%3D%3D+CB0248+%7C%7C+cell_type+%3D%3D+CB0019+%7C%7C+cell_type+%3D%3D+CB0731+%7C%7C+cell_type+%3D%3D+CB2619+%7C%7C+cell_type+%3D%3D+CB0254+%7C%7C+cell_type+%3D%3D+CB0166+%7C%7C+cell_type+%3D%3D+CB0797+%7C%7C+cell_type+%3D%3D+SMP261+%7C%7C+cell_type+%3D%3D+SMP276+%7C%7C+cell_type+%3D%3D+CB0250+%7C%7C+cell_type+%3D%3D+CB0895+%7C%7C+cell_type+%3D%3D+CB0423+%7C%7C+cell_type+%3D%3D+CB0890+%7C%7C+cell_type+%3D%3D+CB0494+%7C%7C+cell_type+%3D%3D+CB0892+%7C%7C+cell_type+%3D%3D+CB0278+%7C%7C+cell_type+%3D%3D+CB0262+%7C%7C+cell_type+%3D%3D+CB0200+%7C%7C+cell_type+%3D%3D+CB0051+%7C%7C+cell_type+%3D%3D+CB0226+%7C%7C+cell_type+%3D%3D+CB0791+%7C%7C+cell_type+%3D%3D+VESa2_H04+%7C%7C+cell_type+%3D%3D+CB3645+%7C%7C+cell_type+%3D%3D+CB0704+%7C%7C+cell_type+%3D%3D+CB0070+%7C%7C+cell_type+%3D%3D+CB0434+%7C%7C+cell_type+%3D%3D+CB0518+%7C%7C+cell_type+%3D%3D+CB0713+%7C%7C+cell_type+%3D%3D+CB0323+%7C%7C+cell_type+%3D%3D+CB0902+%7C%7C+cell_type+%3D%3D+CB2065+%7C%7C+cell_type+%3D%3D+CB0558+%7C%7C+cell_type+%3D%3D+CB2385+%7C%7C+cell_type+%3D%3D+CB0560+%7C%7C+cell_type+%3D%3D+CB3892a+%7C%7C+cell_type+%3D%3D+CB1822+%7C%7C+cell_type+%3D%3D+CB0161+%7C%7C+cell_type+%3D%3D+CB2014+%7C%7C+cell_type+%3D%3D+CB0192+%7C%7C+cell_type+%3D%3D+CB0853+%7C%7C+cell_type+%3D%3D+CB0430+%7C%7C+cell_type+%3D%3D+SLP237+%7C%7C+cell_type+%3D%3D+CB1472+%7C%7C+cell_type+%3D%3D+CB0099+%7C%7C+cell_type+%3D%3D+CB0493+%7C%7C+cell_type+%3D%3D+CB0812+%7C%7C+cell_type+%3D%3D+CB0516+%7C%7C+cell_type+%3D%3D+CB0779+%7C%7C+cell_type+%3D%3D+CB0465+%7C%7C+cell_type+%3D%3D+CB0786+%7C%7C+cell_type+%3D%3D+CB0860+%7C%7C+cell_type+%3D%3D+CB0964+%7C%7C+cell_type+%3D%3D+CB0487+%7C%7C+cell_type+%3D%3D+CB0891+%7C%7C+cell_type+%3D%3D+CB0208+%7C%7C+cell_type+%3D%3D+CB0684+%7C%7C+cell_type+%3D%3D+CB0557+%7C%7C+cell_type+%3D%3D+CB0795+%7C%7C+cell_type+%3D%3D+CB0722+%7C%7C+cell_type+%3D%3D+CB3699+%7C%7C+cell_type+%3D%3D+CB0247+%7C%7C+cell_type+%3D%3D+CB0765+%7C%7C+cell_type+%3D%3D+CB0287+%7C%7C+cell_type+%3D%3D+CB0754+%7C%7C+cell_type+%3D%3D+CB0251+%7C%7C+cell_type+%3D%3D+CB0821+%7C%7C+cell_type+%3D%3D+CB0055+%7C%7C+cell_type+%3D%3D+CB0724+%7C%7C+cell_type+%3D%3D+CB0467+%7C%7C+cell_type+%3D%3D+CB0276+%7C%7C+cell_type+%3D%3D+CB0855+%7C%7C+cell_type+%3D%3D+CB0153+%7C%7C+cell_type+%3D%3D+CB3254+%7C%7C+cell_type+%3D%3D+CB0457+%7C%7C+cell_type+%3D%3D+CB2926+%7C%7C+cell_type+%3D%3D+CB0246+%7C%7C+cell_type+%3D%3D+CB0825+%7C%7C+cell_type+%3D%3D+CB0302+%7C%7C+cell_type+%3D%3D+CB0850+%7C%7C+cell_type+%3D%3D+CB0078+%7C%7C+cell_type+%3D%3D+CB0462+%7C%7C+cell_type+%3D%3D+CB1470+%7C%7C+cell_type+%3D%3D+CB0867+%7C%7C+cell_type+%3D%3D+CB0349+%7C%7C+cell_type+%3D%3D+CB0752+%7C%7C+cell_type+%3D%3D+SMP262+%7C%7C+cell_type+%3D%3D+CB0792+%7C%7C+cell_type+%3D%3D+CB0773+%7C%7C+cell_type+%3D%3D+CB0736+%7C%7C+cell_type+%3D%3D+CB2516+%7C%7C+cell_type+%3D%3D+CB0031+%7C%7C+cell_type+%3D%3D+CB0842+%7C%7C+cell_type+%3D%3D+CB3272+%7C%7C+cell_type+%3D%3D+CB0605+%7C%7C+cell_type+%3D%3D+CB0678+%7C%7C+cell_type+%3D%3D+CB3493+%7C%7C+cell_type+%3D%3D+CB0586+%7C%7C+cell_type+%3D%3D+CB1703+%7C%7C+cell_type+%3D%3D+CB0416+%7C%7C+cell_type+%3D%3D+CB0036+%7C%7C+cell_type+%3D%3D+CB0896+%7C%7C+cell_type+%3D%3D+CB2455+%7C%7C+cell_type+%3D%3D+CB0833+%7C%7C+cell_type+%3D%3D+CB3627+%7C%7C+cell_type+%3D%3D+mAL5A+%7C%7C+cell_type+%3D%3D+CB2457+%7C%7C+cell_type+%3D%3D+CB1093+%7C%7C+cell_type+%3D%3D+CB3601+%7C%7C+cell_type+%3D%3D+CB1230+%7C%7C+cell_type+%3D%3D+CB0781+%7C%7C+cell_type+%3D%3D+CB0811+%7C%7C+cell_type+%3D%3D+CB0026+%7C%7C+cell_type+%3D%3D+CB0015+%7C%7C+cell_type+%3D%3D+CB1081+%7C%7C+cell_type+%3D%3D+IN19B082+%7C%7C+cell_type+%3D%3D+CB0463+%7C%7C+cell_type+%3D%3D+CB3662+%7C%7C+cell_type+%3D%3D+CB0400+%7C%7C+cell_type+%3D%3D+CB3412+%7C%7C+cell_type+%3D%3D+CB3674+%7C%7C+cell_type+%3D%3D+CB0296+%7C%7C+cell_type+%3D%3D+CB0819+%7C%7C+cell_type+%3D%3D+CB0832+%7C%7C+cell_type+%3D%3D+CB0499+%7C%7C+cell_type+%3D%3D+CB1936+%7C%7C+cell_type+%3D%3D+CB0770+%7C%7C+cell_type+%3D%3D+CB0817+%7C%7C+cell_type+%3D%3D+CB0778+%7C%7C+cell_type+%3D%3D+CB2513+%7C%7C+cell_type+%3D%3D+CB1121+%7C%7C+cell_type+%3D%3D+CB0865+%7C%7C+cell_type+%3D%3D+CB1563+%7C%7C+cell_type+%3D%3D+CB1039+%7C%7C+cell_type+%3D%3D+CB0898+%7C%7C+cell_type+%3D%3D+CB0862+%7C%7C+cell_type+%3D%3D+CB0807+%7C%7C+cell_type+%3D%3D+CB1232+%7C%7C+cell_type+%3D%3D+CB0885+%7C%7C+cell_type+%3D%3D+CB2071+%7C%7C+cell_type+%3D%3D+CB1659+%7C%7C+cell_type+%3D%3D+CB3426+%7C%7C+cell_type+%3D%3D+CB3529+%7C%7C+cell_type+%3D%3D+CB1379+%7C%7C+cell_type+%3D%3D+CB1297+%7C%7C+cell_type+%3D%3D+CB0408+%7C%7C+cell_type+%3D%3D+CB0377+%7C%7C+cell_type+%3D%3D+CB2142+%7C%7C+cell_type+%3D%3D+CB1517+%7C%7C+cell_type+%3D%3D+CB0707+%7C%7C+cell_type+%3D%3D+CB3720+%7C%7C+cell_type+%3D%3D+CB2644+%7C%7C+cell_type+%3D%3D+CB3669+%7C%7C+cell_type+%3D%3D+CB0240+%7C%7C+cell_type+%3D%3D+CB0840+%7C%7C+cell_type+%3D%3D+CB0483+%7C%7C+cell_type+%3D%3D+CB3696+%7C%7C+cell_type+%3D%3D+CB0484+%7C%7C+cell_type+%3D%3D+CB0525+%7C%7C+cell_type+%3D%3D+CB3401+%7C%7C+cell_type+%3D%3D+CB0016+%7C%7C+cell_type+%3D%3D+CB1303+%7C%7C+cell_type+%3D%3D+CB3670+%7C%7C+cell_type+%3D%3D+CB3463+%7C%7C+cell_type+%3D%3D+CB0444+%7C%7C+cell_type+%3D%3D+CB2820+%7C%7C+cell_type+%3D%3D+CB0441+%7C%7C+cell_type+%3D%3D+CB0062+%7C%7C+cell_type+%3D%3D+CB0354+%7C%7C+cell_type+%3D%3D+CB0869+%7C%7C+cell_type+%3D%3D+CB2608+%7C%7C+cell_type+%3D%3D+CB0501+%7C%7C+cell_type+%3D%3D+CB1344+%7C%7C+cell_type+%3D%3D+CB3502+%7C%7C+cell_type+%3D%3D+CB0619+%7C%7C+cell_type+%3D%3D+CB0919+%7C%7C+cell_type+%3D%3D+DNp25+%7C%7C+cell_type+%3D%3D+CB0461+%7C%7C+cell_type+%3D%3D+CB3958+%7C%7C+cell_type+%3D%3D+CB1228+%7C%7C+cell_type+%3D%3D+CB0310+%7C%7C+cell_type+%3D%3D+CB0088+%7C%7C+cell_type+%3D%3D+CB2039+%7C%7C+cell_type+%3D%3D+CB2134+%7C%7C+cell_type+%3D%3D+OA-VPM4+%7C%7C+cell_type+%3D%3D+CB3892b+%7C%7C+cell_type+%3D%3D+CB2607+%7C%7C+cell_type+%3D%3D+CB2303+%7C%7C+cell_type+%3D%3D+CB0889+%7C%7C+cell_type+%3D%3D+ALIN8+%7C%7C+cell_type+%3D%3D+CL144+%7C%7C+cell_type+%3D%3D+AN_GNG_69+%7C%7C+cell_type+%3D%3D+CB0422+%7C%7C+cell_type+%3D%3D+DNge024+%7C%7C+cell_type+%3D%3D+DNp58+%7C%7C+cell_type+%3D%3D+DNge098+%7C%7C+cell_type+%3D%3D+DNc01+%7C%7C+cell_type+%3D%3D+CB0848+%7C%7C+cell_type+%3D%3D+CB3809+%7C%7C+cell_type+%3D%3D+CB0137+%7C%7C+cell_type+%3D%3D+CB0232+%7C%7C+cell_type+%3D%3D+CB0407+%7C%7C+cell_type+%3D%3D+CB0480+%7C%7C+cell_type+%3D%3D+IN03B054&sort_by=&page_size=100"
"abdominal VNC","https://spelunker.cave-explorer.org/#!middleauth+https://global.daf-apis.com/nglstate/api/v1/5520065125416960","https://codex.flywire.ai/app/search?dataset=banc&filter_string=cell_type+%3D%3D+DNg34+%7C%7C+cell_type+%3D%3D+DNg102+%7C%7C+cell_type+%3D%3D+DNpe021+%7C%7C+cell_type+%3D%3D+DNge136+%7C%7C+cell_type+%3D%3D+DNp13+%7C%7C+cell_type+%3D%3D+DNg68+%7C%7C+cell_type+%3D%3D+DNp64+%7C%7C+cell_type+%3D%3D+ANXXX055+%7C%7C+cell_type+%3D%3D+AN09B018_d+%7C%7C+cell_type+%3D%3D+DNg22+%7C%7C+cell_type+%3D%3D+DNge151+%7C%7C+cell_type+%3D%3D+DNg66+%7C%7C+cell_type+%3D%3D+DNg80+%7C%7C+cell_type+%3D%3D+DNp58+%7C%7C+cell_type+%3D%3D+ANXXX987+%7C%7C+cell_type+%3D%3D+DNg33+%7C%7C+cell_type+%3D%3D+AN09A005+%7C%7C+cell_type+%3D%3D+ANXXX019+%7C%7C+cell_type+%3D%3D+AN17A012+%7C%7C+cell_type+%3D%3D+AN_multi_124+%7C%7C+cell_type+%3D%3D+DNge172+%7C%7C+cell_type+%3D%3D+ANXXX074+%7C%7C+cell_type+%3D%3D+AN00A006+%7C%7C+cell_type+%3D%3D+ANXXX986+%7C%7C+cell_type+%3D%3D+oviDNb+%7C%7C+cell_type+%3D%3D+DNge139+%7C%7C+cell_type+%3D%3D+ANXXX099+%7C%7C+cell_type+%3D%3D+oviDNa_b+%7C%7C+cell_type+%3D%3D+AN19A018_c+%7C%7C+cell_type+%3D%3D+AN09B013+%7C%7C+cell_type+%3D%3D+DNpe038+%7C%7C+cell_type+%3D%3D+ANXXX988+%7C%7C+cell_type+%3D%3D+DNpe040+%7C%7C+cell_type+%3D%3D+AN09B023+%7C%7C+cell_type+%3D%3D+DNge013+%7C%7C+cell_type+%3D%3D+AN05B015+%7C%7C+cell_type+%3D%3D+INXXX985_f+%7C%7C+cell_type+%3D%3D+AN01A021+%7C%7C+cell_type+%3D%3D+ANXXX169+%7C%7C+cell_type+%3D%3D+oviDNa_a+%7C%7C+cell_type+%3D%3D+DNp37+%7C%7C+cell_type+%3D%3D+AN09B042+%7C%7C+cell_type+%3D%3D+DNge005+%7C%7C+cell_type+%3D%3D+ANXXX084+%7C%7C+cell_type+%3D%3D+ANXXX984+%7C%7C+cell_type+%3D%3D+AN09B018_a+%7C%7C+cell_type+%3D%3D+ANXXX116+%7C%7C+cell_type+%3D%3D+DNpe034+%7C%7C+cell_type+%3D%3D+ANXXX985+%7C%7C+cell_type+%3D%3D+DNpe046+%7C%7C+cell_type+%3D%3D+ANXXX196+%7C%7C+cell_type+%3D%3D+DNpe047+%7C%7C+cell_type+%3D%3D+DNg50+%7C%7C+cell_type+%3D%3D+DNg20+%7C%7C+cell_type+%3D%3D+AN19A018_b+%7C%7C+cell_type+%3D%3D+AN05B068+%7C%7C+cell_type+%3D%3D+AN05B046+%7C%7C+cell_type+%3D%3D+DNpe044+%7C%7C+cell_type+%3D%3D+ANXXX254+%7C%7C+cell_type+%3D%3D+AN27X013+%7C%7C+cell_type+%3D%3D+ANXXX976+%7C%7C+cell_type+%3D%3D+ANXXX090+%7C%7C+cell_type+%3D%3D+ANXXX214+%7C%7C+cell_type+%3D%3D+ANXXX318+%7C%7C+cell_type+%3D%3D+ANXXX380+%7C%7C+cell_type+%3D%3D+AN05B053+%7C%7C+cell_type+%3D%3D+AN06A027+%7C%7C+cell_type+%3D%3D+ANXXX410+%7C%7C+cell_type+%3D%3D+AN19B051+%7C%7C+cell_type+%3D%3D+DNge134+%7C%7C+cell_type+%3D%3D+INXXX926_f+%7C%7C+cell_type+%3D%3D+INXXX334+%7C%7C+cell_type+%3D%3D+INXXX947_f+%7C%7C+cell_type+%3D%3D+INXXX396+%7C%7C+cell_type+%3D%3D+INXXX365+%7C%7C+cell_type+%3D%3D+INXXX815_f+%7C%7C+cell_type+%3D%3D+IN14B009+%7C%7C+cell_type+%3D%3D+INXXX233+%7C%7C+cell_type+%3D%3D+INXXX837_f+%7C%7C+cell_type+%3D%3D+INXXX341+%7C%7C+cell_type+%3D%3D+INXXX429+%7C%7C+cell_type+%3D%3D+INXXX987_f+%7C%7C+cell_type+%3D%3D+IN14B008+%7C%7C+cell_type+%3D%3D+INXXX379+%7C%7C+cell_type+%3D%3D+INXXX269+%7C%7C+cell_type+%3D%3D+INXXX454+%7C%7C+cell_type+%3D%3D+INXXX360+%7C%7C+cell_type+%3D%3D+INXXX253+%7C%7C+cell_type+%3D%3D+INXXX845_f+%7C%7C+cell_type+%3D%3D+IN05B093+%7C%7C+cell_type+%3D%3D+INXXX812_f+%7C%7C+cell_type+%3D%3D+IN05B091+%7C%7C+cell_type+%3D%3D+INXXX924_f+%7C%7C+cell_type+%3D%3D+INXXX977_f+%7C%7C+cell_type+%3D%3D+INXXX316+%7C%7C+cell_type+%3D%3D+INXXX941_f+%7C%7C+cell_type+%3D%3D+INXXX440+%7C%7C+cell_type+%3D%3D+INXXX431+%7C%7C+cell_type+%3D%3D+INXXX908_f+%7C%7C+cell_type+%3D%3D+INXXX100+%7C%7C+cell_type+%3D%3D+INXXX446+%7C%7C+cell_type+%3D%3D+INXXX967_f+%7C%7C+cell_type+%3D%3D+INXXX816_f+%7C%7C+cell_type+%3D%3D+INXXX243+%7C%7C+cell_type+%3D%3D+INXXX273+%7C%7C+cell_type+%3D%3D+INXXX217+%7C%7C+cell_type+%3D%3D+INXXX411+%7C%7C+cell_type+%3D%3D+INXXX300+%7C%7C+cell_type+%3D%3D+DNg70+%7C%7C+cell_type+%3D%3D+INXXX889_f+%7C%7C+cell_type+%3D%3D+INXXX842_f+%7C%7C+cell_type+%3D%3D+INXXX158+%7C%7C+cell_type+%3D%3D+IN02A059+%7C%7C+cell_type+%3D%3D+IN00A017+%7C%7C+cell_type+%3D%3D+INXXX221+%7C%7C+cell_type+%3D%3D+IN06A098+%7C%7C+cell_type+%3D%3D+INXXX427+%7C%7C+cell_type+%3D%3D+INXXX290+%7C%7C+cell_type+%3D%3D+INXXX292+%7C%7C+cell_type+%3D%3D+INXXX184+%7C%7C+cell_type+%3D%3D+INXXX288+%7C%7C+cell_type+%3D%3D+INXXX167+%7C%7C+cell_type+%3D%3D+IN00A033+%7C%7C+cell_type+%3D%3D+INXXX955_f+%7C%7C+cell_type+%3D%3D+INXXX388+%7C%7C+cell_type+%3D%3D+INXXX188+%7C%7C+cell_type+%3D%3D+INXXX448+%7C%7C+cell_type+%3D%3D+INXXX353+%7C%7C+cell_type+%3D%3D+INXXX302+%7C%7C+cell_type+%3D%3D+CV1018+%7C%7C+cell_type+%3D%3D+INXXX364+%7C%7C+cell_type+%3D%3D+INXXX995_f+%7C%7C+cell_type+%3D%3D+INXXX854_f+%7C%7C+cell_type+%3D%3D+INXXX287+%7C%7C+cell_type+%3D%3D+IN00A024+%7C%7C+cell_type+%3D%3D+INXXX279+%7C%7C+cell_type+%3D%3D+INXXX419+%7C%7C+cell_type+%3D%3D+IN06B073+%7C%7C+cell_type+%3D%3D+IN19A099+%7C%7C+cell_type+%3D%3D+INXXX305+%7C%7C+cell_type+%3D%3D+INXXX450+%7C%7C+cell_type+%3D%3D+INXXX363+%7C%7C+cell_type+%3D%3D+INXXX268+%7C%7C+cell_type+%3D%3D+INXXX317+%7C%7C+cell_type+%3D%3D+IN06A119+%7C%7C+cell_type+%3D%3D+INXXX950_f+%7C%7C+cell_type+%3D%3D+INXXX282+%7C%7C+cell_type+%3D%3D+INXXX257+%7C%7C+cell_type+%3D%3D+INXXX247+%7C%7C+cell_type+%3D%3D+INXXX240+%7C%7C+cell_type+%3D%3D+INXXX907_f+%7C%7C+cell_type+%3D%3D+INXXX911_f+%7C%7C+cell_type+%3D%3D+IN01A045+%7C%7C+cell_type+%3D%3D+INXXX415+%7C%7C+cell_type+%3D%3D+INXXX377+%7C%7C+cell_type+%3D%3D+INXXX943_f+%7C%7C+cell_type+%3D%3D+IN19B068+%7C%7C+cell_type+%3D%3D+INXXX382+%7C%7C+cell_type+%3D%3D+INXXX873_f+%7C%7C+cell_type+%3D%3D+INXXX297+%7C%7C+cell_type+%3D%3D+INXXX915_f+%7C%7C+cell_type+%3D%3D+INXXX332+%7C%7C+cell_type+%3D%3D+IN02A044+%7C%7C+cell_type+%3D%3D+INXXX436+%7C%7C+cell_type+%3D%3D+INXXX414+%7C%7C+cell_type+%3D%3D+INXXX822_f+%7C%7C+cell_type+%3D%3D+INXXX928_f+%7C%7C+cell_type+%3D%3D+INXXX443+%7C%7C+cell_type+%3D%3D+INXXX891_f+%7C%7C+cell_type+%3D%3D+IN02A030+%7C%7C+cell_type+%3D%3D+INXXX455+%7C%7C+cell_type+%3D%3D+INXXX452+%7C%7C+cell_type+%3D%3D+INXXX276+%7C%7C+cell_type+%3D%3D+INXXX966_f+%7C%7C+cell_type+%3D%3D+IN06A063+%7C%7C+cell_type+%3D%3D+INXXX161+%7C%7C+cell_type+%3D%3D+IN05B019+%7C%7C+cell_type+%3D%3D+IN01A048+%7C%7C+cell_type+%3D%3D+INXXX370+%7C%7C+cell_type+%3D%3D+INXXX406+%7C%7C+cell_type+%3D%3D+INXXX460+%7C%7C+cell_type+%3D%3D+IN01A065+%7C%7C+cell_type+%3D%3D+INXXX412+%7C%7C+cell_type+%3D%3D+INXXX458+%7C%7C+cell_type+%3D%3D+INXXX232+%7C%7C+cell_type+%3D%3D+INXXX810_f+%7C%7C+cell_type+%3D%3D+INXXX331+%7C%7C+cell_type+%3D%3D+INXXX301+%7C%7C+cell_type+%3D%3D+INXXX231+%7C%7C+cell_type+%3D%3D+INXXX438+%7C%7C+cell_type+%3D%3D+IN05B041+%7C%7C+cell_type+%3D%3D+INXXX270+%7C%7C+cell_type+%3D%3D+INXXX315+%7C%7C+cell_type+%3D%3D+INXXX866_f+%7C%7C+cell_type+%3D%3D+INXXX224+%7C%7C+cell_type+%3D%3D+INXXX964_f+%7C%7C+cell_type+%3D%3D+IN07B001+%7C%7C+cell_type+%3D%3D+INXXX981_f+%7C%7C+cell_type+%3D%3D+INXXX980_f+%7C%7C+cell_type+%3D%3D+INXXX397+%7C%7C+cell_type+%3D%3D+INXXX868_f+%7C%7C+cell_type+%3D%3D+INXXX345+%7C%7C+cell_type+%3D%3D+INXXX373+%7C%7C+cell_type+%3D%3D+INXXX994_f+%7C%7C+cell_type+%3D%3D+INXXX352+%7C%7C+cell_type+%3D%3D+INXXX281+%7C%7C+cell_type+%3D%3D+INXXX421+%7C%7C+cell_type+%3D%3D+INXXX417+%7C%7C+cell_type+%3D%3D+IN01A051+%7C%7C+cell_type+%3D%3D+INXXX306+%7C%7C+cell_type+%3D%3D+IN01A027+%7C%7C+cell_type+%3D%3D+IN01A003+%7C%7C+cell_type+%3D%3D+INXXX914_f+%7C%7C+cell_type+%3D%3D+INXXX821_f+%7C%7C+cell_type+%3D%3D+IN12A039+%7C%7C+cell_type+%3D%3D+INXXX261+%7C%7C+cell_type+%3D%3D+INXXX901_f+%7C%7C+cell_type+%3D%3D+IN14A016+%7C%7C+cell_type+%3D%3D+INXXX213+%7C%7C+cell_type+%3D%3D+INXXX944_f+%7C%7C+cell_type+%3D%3D+INXXX258+%7C%7C+cell_type+%3D%3D+IN10B011+%7C%7C+cell_type+%3D%3D+INXXX942_f+%7C%7C+cell_type+%3D%3D+INXXX855_f+%7C%7C+cell_type+%3D%3D+INXXX970_f+%7C%7C+cell_type+%3D%3D+INXXX054+%7C%7C+cell_type+%3D%3D+INXXX400+%7C%7C+cell_type+%3D%3D+INXXX265+%7C%7C+cell_type+%3D%3D+INXXX271+%7C%7C+cell_type+%3D%3D+INXXX267+%7C%7C+cell_type+%3D%3D+INXXX839_f+%7C%7C+cell_type+%3D%3D+INXXX844_f+%7C%7C+cell_type+%3D%3D+INXXX968_f+%7C%7C+cell_type+%3D%3D+INXXX971_f+%7C%7C+cell_type+%3D%3D+INXXX441+%7C%7C+cell_type+%3D%3D+INXXX357+%7C%7C+cell_type+%3D%3D+INXXX849_f+%7C%7C+cell_type+%3D%3D+INXXX241+%7C%7C+cell_type+%3D%3D+INXXX329+%7C%7C+cell_type+%3D%3D+INXXX858_f+%7C%7C+cell_type+%3D%3D+IN06A109+%7C%7C+cell_type+%3D%3D+INXXX303+%7C%7C+cell_type+%3D%3D+INXXX299+%7C%7C+cell_type+%3D%3D+INXXX249+%7C%7C+cell_type+%3D%3D+INXXX898_f+%7C%7C+cell_type+%3D%3D+IN06A117+%7C%7C+cell_type+%3D%3D+INXXX159+%7C%7C+cell_type+%3D%3D+INXXX045+%7C%7C+cell_type+%3D%3D+IN05B033+%7C%7C+cell_type+%3D%3D+INXXX992_f+%7C%7C+cell_type+%3D%3D+INXXX960_f+%7C%7C+cell_type+%3D%3D+IN01A061+%7C%7C+cell_type+%3D%3D+IN14A020+%7C%7C+cell_type+%3D%3D+INXXX199+%7C%7C+cell_type+%3D%3D+IN06B060+%7C%7C+cell_type+%3D%3D+INXXX880_f+%7C%7C+cell_type+%3D%3D+INXXX337_a+%7C%7C+cell_type+%3D%3D+INXXX420+%7C%7C+cell_type+%3D%3D+INXXX294+%7C%7C+cell_type+%3D%3D+IN01A059+%7C%7C+cell_type+%3D%3D+IN01A044+%7C%7C+cell_type+%3D%3D+INXXX220+%7C%7C+cell_type+%3D%3D+INXXX346+%7C%7C+cell_type+%3D%3D+INXXX402+%7C%7C+cell_type+%3D%3D+INXXX384+%7C%7C+cell_type+%3D%3D+INXXX390+%7C%7C+cell_type+%3D%3D+INXXX122+%7C%7C+cell_type+%3D%3D+IN01A043+%7C%7C+cell_type+%3D%3D+IN12A024+%7C%7C+cell_type+%3D%3D+IN01A046+%7C%7C+cell_type+%3D%3D+INXXX444+%7C%7C+cell_type+%3D%3D+INXXX212+%7C%7C+cell_type+%3D%3D+INXXX114+%7C%7C+cell_type+%3D%3D+IN06A106+%7C%7C+cell_type+%3D%3D+INXXX910_f+%7C%7C+cell_type+%3D%3D+INXXX881_f+%7C%7C+cell_type+%3D%3D+IN07B061+%7C%7C+cell_type+%3D%3D+IN12A048+%7C%7C+cell_type+%3D%3D+INXXX369+%7C%7C+cell_type+%3D%3D+IN09A011+%7C%7C+cell_type+%3D%3D+IN05B042+%7C%7C+cell_type+%3D%3D+INXXX840_f+%7C%7C+cell_type+%3D%3D+IN06A066+%7C%7C+cell_type+%3D%3D+INXXX230+%7C%7C+cell_type+%3D%3D+INXXX295+%7C%7C+cell_type+%3D%3D+INXXX335+%7C%7C+cell_type+%3D%3D+IN05B034+%7C%7C+cell_type+%3D%3D+INXXX975_f+%7C%7C+cell_type+%3D%3D+INXXX121+%7C%7C+cell_type+%3D%3D+INXXX245+%7C%7C+cell_type+%3D%3D+INXXX391+%7C%7C+cell_type+%3D%3D+IN07B023+%7C%7C+cell_type+%3D%3D+IN09A015+%7C%7C+cell_type+%3D%3D+IN06A064+%7C%7C+cell_type+%3D%3D+IN00A027+%7C%7C+cell_type+%3D%3D+INXXX931_f+%7C%7C+cell_type+%3D%3D+INXXX902_f+%7C%7C+cell_type+%3D%3D+INXXX899_f+%7C%7C+cell_type+%3D%3D+INXXX921_f+%7C%7C+cell_type+%3D%3D+INXXX405+%7C%7C+cell_type+%3D%3D+INXXX893_f+%7C%7C+cell_type+%3D%3D+INXXX833_f+%7C%7C+cell_type+%3D%3D+CV1014+%7C%7C+cell_type+%3D%3D+INXXX938_f+%7C%7C+cell_type+%3D%3D+IN02A054+%7C%7C+cell_type+%3D%3D+INXXX933_f+%7C%7C+cell_type+%3D%3D+INXXX827_f+%7C%7C+cell_type+%3D%3D+INXXX989_f+%7C%7C+cell_type+%3D%3D+INXXX874_f+%7C%7C+cell_type+%3D%3D+INXXX424+%7C%7C+cell_type+%3D%3D+INXXX932_f+%7C%7C+cell_type+%3D%3D+INXXX835_f+%7C%7C+cell_type+%3D%3D+INXXX027+%7C%7C+cell_type+%3D%3D+INXXX814_f+%7C%7C+cell_type+%3D%3D+INXXX991_f+%7C%7C+cell_type+%3D%3D+INXXX223+%7C%7C+cell_type+%3D%3D+INXXX986_f+%7C%7C+cell_type+%3D%3D+INXXX848_f+%7C%7C+cell_type+%3D%3D+INXXX416+%7C%7C+cell_type+%3D%3D+INXXX326+%7C%7C+cell_type+%3D%3D+INXXX867_f+%7C%7C+cell_type+%3D%3D+INXXX843_f+%7C%7C+cell_type+%3D%3D+INXXX851_f+%7C%7C+cell_type+%3D%3D+IN19A032+%7C%7C+cell_type+%3D%3D+IN05B094+%7C%7C+cell_type+%3D%3D+IN16B037+%7C%7C+cell_type+%3D%3D+INXXX917_f+%7C%7C+cell_type+%3D%3D+CV1009+%7C%7C+cell_type+%3D%3D+INXXX906_f+%7C%7C+cell_type+%3D%3D+INXXX409+%7C%7C+cell_type+%3D%3D+INXXX877_f+%7C%7C+cell_type+%3D%3D+INXXX197+%7C%7C+cell_type+%3D%3D+INXXX887_f+%7C%7C+cell_type+%3D%3D+INXXX948_f+%7C%7C+cell_type+%3D%3D+INXXX403+%7C%7C+cell_type+%3D%3D+INXXX348+%7C%7C+cell_type+%3D%3D+INXXX228+%7C%7C+cell_type+%3D%3D+INXXX394+%7C%7C+cell_type+%3D%3D+CV1034+%7C%7C+cell_type+%3D%3D+IN19B050+%7C%7C+cell_type+%3D%3D+INXXX936_f+%7C%7C+cell_type+%3D%3D+INXXX309+%7C%7C+cell_type+%3D%3D+INXXX831_f+%7C%7C+cell_type+%3D%3D+INXXX374+%7C%7C+cell_type+%3D%3D+INXXX973_f+%7C%7C+cell_type+%3D%3D+INXXX972_f+%7C%7C+cell_type+%3D%3D+INXXX343+%7C%7C+cell_type+%3D%3D+INXXX856_f+%7C%7C+cell_type+%3D%3D+INXXX183+%7C%7C+cell_type+%3D%3D+INXXX149+%7C%7C+cell_type+%3D%3D+CV1008+%7C%7C+cell_type+%3D%3D+INXXX393+%7C%7C+cell_type+%3D%3D+INXXX378+%7C%7C+cell_type+%3D%3D+INXXX442+%7C%7C+cell_type+%3D%3D+INXXX903_f+%7C%7C+cell_type+%3D%3D+INXXX239+%7C%7C+cell_type+%3D%3D+INXXX137+%7C%7C+cell_type+%3D%3D+INXXX285+%7C%7C+cell_type+%3D%3D+INXXX401+%7C%7C+cell_type+%3D%3D+INXXX386+%7C%7C+cell_type+%3D%3D+INXXX449+%7C%7C+cell_type+%3D%3D+INXXX428+%7C%7C+cell_type+%3D%3D+INXXX304+%7C%7C+cell_type+%3D%3D+INXXX882_f+%7C%7C+cell_type+%3D%3D+INXXX262+%7C%7C+cell_type+%3D%3D+INXXX862_f+%7C%7C+cell_type+%3D%3D+INXXX852_f+%7C%7C+cell_type+%3D%3D+INXXX319+%7C%7C+cell_type+%3D%3D+INXXX974_f+%7C%7C+cell_type+%3D%3D+INXXX951_f+%7C%7C+cell_type+%3D%3D+INXXX052+%7C%7C+cell_type+%3D%3D+CV1006+%7C%7C+cell_type+%3D%3D+INXXX979_f+%7C%7C+cell_type+%3D%3D+INXXX969_f+%7C%7C+cell_type+%3D%3D+INXXX225+%7C%7C+cell_type+%3D%3D+INXXX988_f+%7C%7C+cell_type+%3D%3D+INXXX211+%7C%7C+cell_type+%3D%3D+INXXX871_f+%7C%7C+cell_type+%3D%3D+INXXX993_f+%7C%7C+cell_type+%3D%3D+INXXX124+%7C%7C+cell_type+%3D%3D+INXXX920_f+%7C%7C+cell_type+%3D%3D+INXXX982_f+%7C%7C+cell_type+%3D%3D+INXXX351+%7C%7C+cell_type+%3D%3D+CV1004+%7C%7C+cell_type+%3D%3D+INXXX884_f+%7C%7C+cell_type+%3D%3D+INXXX984_f+%7C%7C+cell_type+%3D%3D+INXXX956_f+%7C%7C+cell_type+%3D%3D+INXXX958_f+%7C%7C+cell_type+%3D%3D+INXXX857_f+%7C%7C+cell_type+%3D%3D+INXXX919_f+%7C%7C+cell_type+%3D%3D+INXXX935_f+%7C%7C+cell_type+%3D%3D+INXXX918_f+%7C%7C+cell_type+%3D%3D+INXXX957_f+%7C%7C+cell_type+%3D%3D+INXXX940_f+%7C%7C+cell_type+%3D%3D+INXXX876_f+%7C%7C+cell_type+%3D%3D+INXXX959_f+%7C%7C+cell_type+%3D%3D+CV1035+%7C%7C+cell_type+%3D%3D+INXXX408+%7C%7C+cell_type+%3D%3D+INXXX890_f+%7C%7C+cell_type+%3D%3D+INXXX965_f+%7C%7C+cell_type+%3D%3D+INXXX912_f+%7C%7C+cell_type+%3D%3D+INXXX945_f+%7C%7C+cell_type+%3D%3D+INXXX426+%7C%7C+cell_type+%3D%3D+INXXX853_f+%7C%7C+cell_type+%3D%3D+INXXX905_f+%7C%7C+cell_type+%3D%3D+INXXX179+%7C%7C+cell_type+%3D%3D+INXXX929_f+%7C%7C+cell_type+%3D%3D+INXXX859_f+%7C%7C+cell_type+%3D%3D+INXXX922_f+%7C%7C+cell_type+%3D%3D+INXXX939_f+%7C%7C+cell_type+%3D%3D+INXXX863_f+%7C%7C+cell_type+%3D%3D+INXXX892_f+%7C%7C+cell_type+%3D%3D+INXXX459+%7C%7C+cell_type+%3D%3D+INXXX930_f+%7C%7C+cell_type+%3D%3D+INXXX954_f+%7C%7C+cell_type+%3D%3D+IN06A050+%7C%7C+cell_type+%3D%3D+INXXX990_f+%7C%7C+cell_type+%3D%3D+INXXX399+%7C%7C+cell_type+%3D%3D+INXXX809_f+%7C%7C+cell_type+%3D%3D+IN02A064+%7C%7C+cell_type+%3D%3D+CV1040+%7C%7C+cell_type+%3D%3D+IN05B055+%7C%7C+cell_type+%3D%3D+INXXX886_f+%7C%7C+cell_type+%3D%3D+INXXX246+%7C%7C+cell_type+%3D%3D+INXXX838_f+%7C%7C+cell_type+%3D%3D+INXXX923_f+%7C%7C+cell_type+%3D%3D+INXXX811_f+%7C%7C+cell_type+%3D%3D+INXXX885_f+%7C%7C+cell_type+%3D%3D+INXXX894_f+%7C%7C+cell_type+%3D%3D+INXXX900_f+%7C%7C+cell_type+%3D%3D+INXXX927_f+%7C%7C+cell_type+%3D%3D+CV1044+%7C%7C+cell_type+%3D%3D+INXXX339+%7C%7C+cell_type+%3D%3D+INXXX925_f+%7C%7C+cell_type+%3D%3D+INXXX909_f+%7C%7C+cell_type+%3D%3D+INXXX953_f+%7C%7C+cell_type+%3D%3D+INXXX895_f+%7C%7C+cell_type+%3D%3D+INXXX913_f+%7C%7C+cell_type+%3D%3D+INXXX813_f+%7C%7C+cell_type+%3D%3D+INXXX407+%7C%7C+cell_type+%3D%3D+INXXX952_f+%7C%7C+cell_type+%3D%3D+INXXX350+%7C%7C+cell_type+%3D%3D+INXXX879_f+%7C%7C+cell_type+%3D%3D+INXXX841_f+%7C%7C+cell_type+%3D%3D+INXXX963_f+%7C%7C+cell_type+%3D%3D+INXXX385+%7C%7C+cell_type+%3D%3D+IN07B006+%7C%7C+cell_type+%3D%3D+CV1016+%7C%7C+cell_type+%3D%3D+IN12A026+%7C%7C+cell_type+%3D%3D+IN23B016+%7C%7C+cell_type+%3D%3D+INXXX418+%7C%7C+cell_type+%3D%3D+INXXX260+%7C%7C+cell_type+%3D%3D+INXXX336+%7C%7C+cell_type+%3D%3D+IN19A026+%7C%7C+cell_type+%3D%3D+IN23B012+%7C%7C+cell_type+%3D%3D+IN06B033+%7C%7C+cell_type+%3D%3D+INXXX395+%7C%7C+cell_type+%3D%3D+INXXX077+%7C%7C+cell_type+%3D%3D+INXXX381+%7C%7C+cell_type+%3D%3D+INXXX256+%7C%7C+cell_type+%3D%3D+INXXX328+%7C%7C+cell_type+%3D%3D+INXXX934_f+%7C%7C+cell_type+%3D%3D+INXXX333+%7C%7C+cell_type+%3D%3D+IN06A031+%7C%7C+cell_type+%3D%3D+CV1003+%7C%7C+cell_type+%3D%3D+IN06A139+%7C%7C+cell_type+%3D%3D+IN05B028+%7C%7C+cell_type+%3D%3D+IN06A134+%7C%7C+cell_type+%3D%3D+INXXX387+%7C%7C+cell_type+%3D%3D+IN19A027+%7C%7C+cell_type+%3D%3D+INXXX904_f+%7C%7C+cell_type+%3D%3D+INXXX447+%7C%7C+cell_type+%3D%3D+IN18B043+%7C%7C+cell_type+%3D%3D+INXXX280+%7C%7C+cell_type+%3D%3D+IN19A028+%7C%7C+cell_type+%3D%3D+INXXX896_f+%7C%7C+cell_type+%3D%3D+CV1045+%7C%7C+cell_type+%3D%3D+CV1021+%7C%7C+cell_type+%3D%3D+INXXX234+%7C%7C+cell_type+%3D%3D+INXXX283+%7C%7C+cell_type+%3D%3D+INXXX337_b+%7C%7C+cell_type+%3D%3D+INXXX359+%7C%7C+cell_type+%3D%3D+IN02A039+%7C%7C+cell_type+%3D%3D+INXXX181+%7C%7C+cell_type+%3D%3D+INXXX949_f+%7C%7C+cell_type+%3D%3D+CV1036+%7C%7C+cell_type+%3D%3D+IN03A015+%7C%7C+cell_type+%3D%3D+INXXX961_f+%7C%7C+cell_type+%3D%3D+INXXX143+%7C%7C+cell_type+%3D%3D+INXXX192+%7C%7C+cell_type+%3D%3D+INXXX204+%7C%7C+cell_type+%3D%3D+IN19B016+%7C%7C+cell_type+%3D%3D+INXXX244+%7C%7C+cell_type+%3D%3D+INXXX237+%7C%7C+cell_type+%3D%3D+CV1032+%7C%7C+cell_type+%3D%3D+INXXX325&sort_by=&page_size=100"
"right visual","https://spelunker.cave-explorer.org/#!middleauth+https://global.daf-apis.com/nglstate/api/v1/6395838216536064","https://codex.flywire.ai/app/search?dataset=banc&filter_string=cell_type+%3D%3D+DNp35+%7C%7C+cell_type+%3D%3D+AN09B002+%7C%7C+cell_type+%3D%3D+AN09B012+%7C%7C+cell_type+%3D%3D+ANXXX250+%7C%7C+cell_type+%3D%3D+LAL028, LAL029+%7C%7C+cell_type+%3D%3D+CB0732+%7C%7C+cell_type+%3D%3D+PLP172+%7C%7C+cell_type+%3D%3D+CB3528+%7C%7C+cell_type+%3D%3D+AVLP454_a+%7C%7C+cell_type+%3D%3D+PVLP121+%7C%7C+cell_type+%3D%3D+CB2251+%7C%7C+cell_type+%3D%3D+CB2917+%7C%7C+cell_type+%3D%3D+AVLP153+%7C%7C+cell_type+%3D%3D+CB3525+%7C%7C+cell_type+%3D%3D+PVLP017+%7C%7C+cell_type+%3D%3D+AVLP283+%7C%7C+cell_type+%3D%3D+PVLP024+%7C%7C+cell_type+%3D%3D+CB1428+%7C%7C+cell_type+%3D%3D+CB2735+%7C%7C+cell_type+%3D%3D+CB0064+%7C%7C+cell_type+%3D%3D+PVLP135+%7C%7C+cell_type+%3D%3D+PLP142+%7C%7C+cell_type+%3D%3D+CB2512+%7C%7C+cell_type+%3D%3D+AOTU036+%7C%7C+cell_type+%3D%3D+CB2461+%7C%7C+cell_type+%3D%3D+PVLP082a+%7C%7C+cell_type+%3D%3D+CB0154+%7C%7C+cell_type+%3D%3D+PVLP025+%7C%7C+cell_type+%3D%3D+CB0738+%7C%7C+cell_type+%3D%3D+PVLP114+%7C%7C+cell_type+%3D%3D+PPM1203+%7C%7C+cell_type+%3D%3D+PLP025b+%7C%7C+cell_type+%3D%3D+PVLP134+%7C%7C+cell_type+%3D%3D+PVLP144+%7C%7C+cell_type+%3D%3D+AVLP541b+%7C%7C+cell_type+%3D%3D+CB2218+%7C%7C+cell_type+%3D%3D+CB1185+%7C%7C+cell_type+%3D%3D+PVLP151+%7C%7C+cell_type+%3D%3D+PVLP120+%7C%7C+cell_type+%3D%3D+CB0601+%7C%7C+cell_type+%3D%3D+PVLP093+%7C%7C+cell_type+%3D%3D+PVLP018+%7C%7C+cell_type+%3D%3D+CB0743+%7C%7C+cell_type+%3D%3D+PS098+%7C%7C+cell_type+%3D%3D+CB0623+%7C%7C+cell_type+%3D%3D+CL246+%7C%7C+cell_type+%3D%3D+LT70+%7C%7C+cell_type+%3D%3D+mALB4+%7C%7C+cell_type+%3D%3D+mALD3+%7C%7C+cell_type+%3D%3D+CB1291+%7C%7C+cell_type+%3D%3D+cM19+%7C%7C+cell_type+%3D%3D+CB2528+%7C%7C+cell_type+%3D%3D+AOTU042+%7C%7C+cell_type+%3D%3D+PVLP020+%7C%7C+cell_type+%3D%3D+PVLP019+%7C%7C+cell_type+%3D%3D+PVLP008+%7C%7C+cell_type+%3D%3D+PVLP130+%7C%7C+cell_type+%3D%3D+PVLP140+%7C%7C+cell_type+%3D%3D+OA-VUMa4+%7C%7C+cell_type+%3D%3D+CB0796+%7C%7C+cell_type+%3D%3D+AVLP041+%7C%7C+cell_type+%3D%3D+CB3513a+%7C%7C+cell_type+%3D%3D+PLP158+%7C%7C+cell_type+%3D%3D+CB0352+%7C%7C+cell_type+%3D%3D+CB2396+%7C%7C+cell_type+%3D%3D+AVLP303+%7C%7C+cell_type+%3D%3D+PVLP004,PVLP005+%7C%7C+cell_type+%3D%3D+PVLP084+%7C%7C+cell_type+%3D%3D+PLP164+%7C%7C+cell_type+%3D%3D+PLP182+%7C%7C+cell_type+%3D%3D+CB2171+%7C%7C+cell_type+%3D%3D+AVLP232+%7C%7C+cell_type+%3D%3D+CB1140+%7C%7C+cell_type+%3D%3D+PVLP041+%7C%7C+cell_type+%3D%3D+PVLP080a+%7C%7C+cell_type+%3D%3D+CB1932+%7C%7C+cell_type+%3D%3D+CB2278+%7C%7C+cell_type+%3D%3D+CB3092+%7C%7C+cell_type+%3D%3D+CB2604+%7C%7C+cell_type+%3D%3D+PLP190+%7C%7C+cell_type+%3D%3D+AVLP441+%7C%7C+cell_type+%3D%3D+AVLP465a+%7C%7C+cell_type+%3D%3D+PVLP012+%7C%7C+cell_type+%3D%3D+PVLP070+%7C%7C+cell_type+%3D%3D+(PLP191,PLP192)b+%7C%7C+cell_type+%3D%3D+PLP008+%7C%7C+cell_type+%3D%3D+PLP037b+%7C%7C+cell_type+%3D%3D+PVLP097+%7C%7C+cell_type+%3D%3D+AVLP284+%7C%7C+cell_type+%3D%3D+CB2334+%7C%7C+cell_type+%3D%3D+PVLP111+%7C%7C+cell_type+%3D%3D+AVLP479+%7C%7C+cell_type+%3D%3D+PLP115_b+%7C%7C+cell_type+%3D%3D+AVLP394+%7C%7C+cell_type+%3D%3D+PS150+%7C%7C+cell_type+%3D%3D+PVLP133+%7C%7C+cell_type+%3D%3D+AVLP458+%7C%7C+cell_type+%3D%3D+AVLP293+%7C%7C+cell_type+%3D%3D+PVLP104+%7C%7C+cell_type+%3D%3D+PLP081+%7C%7C+cell_type+%3D%3D+AVLP454_b+%7C%7C+cell_type+%3D%3D+PVLP014+%7C%7C+cell_type+%3D%3D+AVLP186+%7C%7C+cell_type+%3D%3D+CB3277+%7C%7C+cell_type+%3D%3D+PLP084,PLP085+%7C%7C+cell_type+%3D%3D+CB0785+%7C%7C+cell_type+%3D%3D+PVLP102+%7C%7C+cell_type+%3D%3D+(PLP191,PLP192)a+%7C%7C+cell_type+%3D%3D+AVLP537+%7C%7C+cell_type+%3D%3D+CB1765+%7C%7C+cell_type+%3D%3D+AVLP206_a+%7C%7C+cell_type+%3D%3D+LAL099+%7C%7C+cell_type+%3D%3D+AOTU059+%7C%7C+cell_type+%3D%3D+CB0540+%7C%7C+cell_type+%3D%3D+CB0663+%7C%7C+cell_type+%3D%3D+AVLP449+%7C%7C+cell_type+%3D%3D+PVLP074+%7C%7C+cell_type+%3D%3D+AVLP224_a+%7C%7C+cell_type+%3D%3D+LAL054+%7C%7C+cell_type+%3D%3D+LHAV2b1+%7C%7C+cell_type+%3D%3D+PVLP013+%7C%7C+cell_type+%3D%3D+AVLP465b+%7C%7C+cell_type+%3D%3D+PVLP061+%7C%7C+cell_type+%3D%3D+LAL053+%7C%7C+cell_type+%3D%3D+CB2127+%7C%7C+cell_type+%3D%3D+AVLP289+%7C%7C+cell_type+%3D%3D+CB1999+%7C%7C+cell_type+%3D%3D+AVLP435a+%7C%7C+cell_type+%3D%3D+AVLP310a+%7C%7C+cell_type+%3D%3D+PVLP015+%7C%7C+cell_type+%3D%3D+AVLP538+%7C%7C+cell_type+%3D%3D+PVLP088+%7C%7C+cell_type+%3D%3D+AVLP393,AVLP395+%7C%7C+cell_type+%3D%3D+PVLP080b+%7C%7C+cell_type+%3D%3D+CB3518+%7C%7C+cell_type+%3D%3D+PVLP082b+%7C%7C+cell_type+%3D%3D+CB0930+%7C%7C+cell_type+%3D%3D+PVLP081+%7C%7C+cell_type+%3D%3D+CB1920+%7C%7C+cell_type+%3D%3D+CB1315+%7C%7C+cell_type+%3D%3D+CB3456+%7C%7C+cell_type+%3D%3D+CB2971+%7C%7C+cell_type+%3D%3D+AVLP330+%7C%7C+cell_type+%3D%3D+CB2049+%7C%7C+cell_type+%3D%3D+AVLP409+%7C%7C+cell_type+%3D%3D+CB0336+%7C%7C+cell_type+%3D%3D+CB1340+%7C%7C+cell_type+%3D%3D+AVLP373+%7C%7C+cell_type+%3D%3D+CB2339+%7C%7C+cell_type+%3D%3D+CB1193+%7C%7C+cell_type+%3D%3D+CB1620+%7C%7C+cell_type+%3D%3D+CB0800+%7C%7C+cell_type+%3D%3D+PVLP067+%7C%7C+cell_type+%3D%3D+CB3368+%7C%7C+cell_type+%3D%3D+CB1487+%7C%7C+cell_type+%3D%3D+CB1255+%7C%7C+cell_type+%3D%3D+PLP099+%7C%7C+cell_type+%3D%3D+CB1399+%7C%7C+cell_type+%3D%3D+CB0282+%7C%7C+cell_type+%3D%3D+CB0766+%7C%7C+cell_type+%3D%3D+CB0475+%7C%7C+cell_type+%3D%3D+CB0813+%7C%7C+cell_type+%3D%3D+AVLP152+%7C%7C+cell_type+%3D%3D+PVLP076+%7C%7C+cell_type+%3D%3D+PLP109,PLP112+%7C%7C+cell_type+%3D%3D+PLP034+%7C%7C+cell_type+%3D%3D+PLP108+%7C%7C+cell_type+%3D%3D+PVLP113+%7C%7C+cell_type+%3D%3D+PLP113+%7C%7C+cell_type+%3D%3D+PLP115_a+%7C%7C+cell_type+%3D%3D+TuTuAa+%7C%7C+cell_type+%3D%3D+PVLP060+%7C%7C+cell_type+%3D%3D+CB1654+%7C%7C+cell_type+%3D%3D+SAD011,SAD019+%7C%7C+cell_type+%3D%3D+CB1819+%7C%7C+cell_type+%3D%3D+SLP467b+%7C%7C+cell_type+%3D%3D+CB1360+%7C%7C+cell_type+%3D%3D+AVLP322+%7C%7C+cell_type+%3D%3D+CB3638+%7C%7C+cell_type+%3D%3D+AVLP282+%7C%7C+cell_type+%3D%3D+PVLP150+%7C%7C+cell_type+%3D%3D+PLP009+%7C%7C+cell_type+%3D%3D+CL067+%7C%7C+cell_type+%3D%3D+PLP018+%7C%7C+cell_type+%3D%3D+CB2167+%7C%7C+cell_type+%3D%3D+CB2390+%7C%7C+cell_type+%3D%3D+PLP214+%7C%7C+cell_type+%3D%3D+PLP165+%7C%7C+cell_type+%3D%3D+CB2258+%7C%7C+cell_type+%3D%3D+PLP060+%7C%7C+cell_type+%3D%3D+PLP180+%7C%7C+cell_type+%3D%3D+CB0115+%7C%7C+cell_type+%3D%3D+CB2853+%7C%7C+cell_type+%3D%3D+AVLP290a+%7C%7C+cell_type+%3D%3D+AVLP207+%7C%7C+cell_type+%3D%3D+CB1552+%7C%7C+cell_type+%3D%3D+PLP079+%7C%7C+cell_type+%3D%3D+PLP015+%7C%7C+cell_type+%3D%3D+PLP017+%7C%7C+cell_type+%3D%3D+PVLP069+%7C%7C+cell_type+%3D%3D+CB2655+%7C%7C+cell_type+%3D%3D+PVLP139+%7C%7C+cell_type+%3D%3D+AOTU050b+%7C%7C+cell_type+%3D%3D+PLP249+%7C%7C+cell_type+%3D%3D+CB3863+%7C%7C+cell_type+%3D%3D+PVLP100+%7C%7C+cell_type+%3D%3D+CL128a+%7C%7C+cell_type+%3D%3D+AVLP469b+%7C%7C+cell_type+%3D%3D+CB0385+%7C%7C+cell_type+%3D%3D+PVLP105+%7C%7C+cell_type+%3D%3D+PVLP101a+%7C%7C+cell_type+%3D%3D+AOTU050a+%7C%7C+cell_type+%3D%3D+LHPV1d1+%7C%7C+cell_type+%3D%3D+CB1562+%7C%7C+cell_type+%3D%3D+PVLP128+%7C%7C+cell_type+%3D%3D+PLP248+%7C%7C+cell_type+%3D%3D+AVLP051+%7C%7C+cell_type+%3D%3D+CB3255+%7C%7C+cell_type+%3D%3D+CB2700+%7C%7C+cell_type+%3D%3D+PVLP103+%7C%7C+cell_type+%3D%3D+PVLP094+%7C%7C+cell_type+%3D%3D+PVLP099+%7C%7C+cell_type+%3D%3D+PLP208+%7C%7C+cell_type+%3D%3D+PVLP011+%7C%7C+cell_type+%3D%3D+PLP174+%7C%7C+cell_type+%3D%3D+CB2591+%7C%7C+cell_type+%3D%3D+PVLP149+%7C%7C+cell_type+%3D%3D+AVLP489+%7C%7C+cell_type+%3D%3D+SAD049+%7C%7C+cell_type+%3D%3D+AVLP259+%7C%7C+cell_type+%3D%3D+CB2395b+%7C%7C+cell_type+%3D%3D+CB1355+%7C%7C+cell_type+%3D%3D+AVLP519b+%7C%7C+cell_type+%3D%3D+PVLP028+%7C%7C+cell_type+%3D%3D+CB1502+%7C%7C+cell_type+%3D%3D+CB0046+%7C%7C+cell_type+%3D%3D+CB3513b+%7C%7C+cell_type+%3D%3D+PLP016+%7C%7C+cell_type+%3D%3D+AVLP088+%7C%7C+cell_type+%3D%3D+PVLP106+%7C%7C+cell_type+%3D%3D+CL309+%7C%7C+cell_type+%3D%3D+CL290+%7C%7C+cell_type+%3D%3D+CB1958+%7C%7C+cell_type+%3D%3D+CB0734+%7C%7C+cell_type+%3D%3D+AVLP519a+%7C%7C+cell_type+%3D%3D+SAD094+%7C%7C+cell_type+%3D%3D+PLP163+%7C%7C+cell_type+%3D%3D+PVLP118+%7C%7C+cell_type+%3D%3D+PLP166+%7C%7C+cell_type+%3D%3D+AOTU015a+%7C%7C+cell_type+%3D%3D+LAL026+%7C%7C+cell_type+%3D%3D+PVLP107+%7C%7C+cell_type+%3D%3D+PS038a+%7C%7C+cell_type+%3D%3D+H03+%7C%7C+cell_type+%3D%3D+SAD044+%7C%7C+cell_type+%3D%3D+WED069+%7C%7C+cell_type+%3D%3D+PVLP148+%7C%7C+cell_type+%3D%3D+PVLP089+%7C%7C+cell_type+%3D%3D+CL322+%7C%7C+cell_type+%3D%3D+CB2712+%7C%7C+cell_type+%3D%3D+CB2997+%7C%7C+cell_type+%3D%3D+CB1734+%7C%7C+cell_type+%3D%3D+AVLP579+%7C%7C+cell_type+%3D%3D+SAD043+%7C%7C+cell_type+%3D%3D+CB1294+%7C%7C+cell_type+%3D%3D+PVLP092+%7C%7C+cell_type+%3D%3D+AVLP462a+%7C%7C+cell_type+%3D%3D+CB0150+%7C%7C+cell_type+%3D%3D+CB3337+%7C%7C+cell_type+%3D%3D+CB3611+%7C%7C+cell_type+%3D%3D+PLP188,PLP189+%7C%7C+cell_type+%3D%3D+CB3861+%7C%7C+cell_type+%3D%3D+CB2341+%7C%7C+cell_type+%3D%3D+CB1632+%7C%7C+cell_type+%3D%3D+PVLP112a+%7C%7C+cell_type+%3D%3D+PVLP016+%7C%7C+cell_type+%3D%3D+PVLP086+%7C%7C+cell_type+%3D%3D+CB3567+%7C%7C+cell_type+%3D%3D+AVLP273+%7C%7C+cell_type+%3D%3D+PVLP065+%7C%7C+cell_type+%3D%3D+AVLP187+%7C%7C+cell_type+%3D%3D+CB1256+%7C%7C+cell_type+%3D%3D+AVLP081+%7C%7C+cell_type+%3D%3D+AVLP006a+%7C%7C+cell_type+%3D%3D+AVLP077+%7C%7C+cell_type+%3D%3D+CB2090+%7C%7C+cell_type+%3D%3D+AVLP288+%7C%7C+cell_type+%3D%3D+CB4236+%7C%7C+cell_type+%3D%3D+AVLP189_b+%7C%7C+cell_type+%3D%3D+PLP037a+%7C%7C+cell_type+%3D%3D+AVLP086+%7C%7C+cell_type+%3D%3D+CB2682+%7C%7C+cell_type+%3D%3D+WED028+%7C%7C+cell_type+%3D%3D+PVLP115+%7C%7C+cell_type+%3D%3D+CB1649+%7C%7C+cell_type+%3D%3D+PLP019+%7C%7C+cell_type+%3D%3D+CB0682+%7C%7C+cell_type+%3D%3D+AVLP457+%7C%7C+cell_type+%3D%3D+CL323a+%7C%7C+cell_type+%3D%3D+CB1993+%7C%7C+cell_type+%3D%3D+CB0053+%7C%7C+cell_type+%3D%3D+CB1544+%7C%7C+cell_type+%3D%3D+CB4105+%7C%7C+cell_type+%3D%3D+CB3959+%7C%7C+cell_type+%3D%3D+CB0218+%7C%7C+cell_type+%3D%3D+AVLP230+%7C%7C+cell_type+%3D%3D+AOTU050+%7C%7C+cell_type+%3D%3D+CB1852+%7C%7C+cell_type+%3D%3D+AVLP292+%7C%7C+cell_type+%3D%3D+AVLP469a+%7C%7C+cell_type+%3D%3D+CB0056+%7C%7C+cell_type+%3D%3D+CB1068+%7C%7C+cell_type+%3D%3D+CB2175+%7C%7C+cell_type+%3D%3D+AVLP229+%7C%7C+cell_type+%3D%3D+CB2131+%7C%7C+cell_type+%3D%3D+CB3607+%7C%7C+cell_type+%3D%3D+CB2100+%7C%7C+cell_type+%3D%3D+CB0744+%7C%7C+cell_type+%3D%3D+PVLP036+%7C%7C+cell_type+%3D%3D+CB1109+%7C%7C+cell_type+%3D%3D+PVLP049+%7C%7C+cell_type+%3D%3D+CB3014+%7C%7C+cell_type+%3D%3D+LC10b+%7C%7C+cell_type+%3D%3D+LC9+%7C%7C+cell_type+%3D%3D+CB2514+%7C%7C+cell_type+%3D%3D+CB0280+%7C%7C+cell_type+%3D%3D+LC11+%7C%7C+cell_type+%3D%3D+LT52+%7C%7C+cell_type+%3D%3D+LC28a+%7C%7C+cell_type+%3D%3D+PVLP007+%7C%7C+cell_type+%3D%3D+PVLP048+%7C%7C+cell_type+%3D%3D+PVLP006+%7C%7C+cell_type+%3D%3D+LC10e+%7C%7C+cell_type+%3D%3D+CB1688+%7C%7C+cell_type+%3D%3D+AVLP165+%7C%7C+cell_type+%3D%3D+CB3335+%7C%7C+cell_type+%3D%3D+LC4+%7C%7C+cell_type+%3D%3D+LPLC2+%7C%7C+cell_type+%3D%3D+LC16+%7C%7C+cell_type+%3D%3D+LC12+%7C%7C+cell_type+%3D%3D+LC15+%7C%7C+cell_type+%3D%3D+LC46+%7C%7C+cell_type+%3D%3D+LC39+%7C%7C+cell_type+%3D%3D+LC17+%7C%7C+cell_type+%3D%3D+LC26+%7C%7C+cell_type+%3D%3D+LC13+%7C%7C+cell_type+%3D%3D+LC25+%7C%7C+cell_type+%3D%3D+LPC2+%7C%7C+cell_type+%3D%3D+LPLC4+%7C%7C+cell_type+%3D%3D+cLP02+%7C%7C+cell_type+%3D%3D+LC18+%7C%7C+cell_type+%3D%3D+LCe02+%7C%7C+cell_type+%3D%3D+LC10d+%7C%7C+cell_type+%3D%3D+LT79+%7C%7C+cell_type+%3D%3D+LC37+%7C%7C+cell_type+%3D%3D+LCe03+%7C%7C+cell_type+%3D%3D+LC31a+%7C%7C+cell_type+%3D%3D+LC10a+%7C%7C+cell_type+%3D%3D+LT1+%7C%7C+cell_type+%3D%3D+LPLC1+%7C%7C+cell_type+%3D%3D+LCe06+%7C%7C+cell_type+%3D%3D+PVLP112b+%7C%7C+cell_type+%3D%3D+cLP03+%7C%7C+cell_type+%3D%3D+cL18+%7C%7C+cell_type+%3D%3D+LLPC1+%7C%7C+cell_type+%3D%3D+LT76+%7C%7C+cell_type+%3D%3D+LLPC3+%7C%7C+cell_type+%3D%3D+LC21+%7C%7C+cell_type+%3D%3D+LC24+%7C%7C+cell_type+%3D%3D+LC6+%7C%7C+cell_type+%3D%3D+LC36+%7C%7C+cell_type+%3D%3D+LC20a+%7C%7C+cell_type+%3D%3D+LT51+%7C%7C+cell_type+%3D%3D+LC22+%7C%7C+cell_type+%3D%3D+LLPC2+%7C%7C+cell_type+%3D%3D+LTe64+%7C%7C+cell_type+%3D%3D+cLP01+%7C%7C+cell_type+%3D%3D+cL16+%7C%7C+cell_type+%3D%3D+LPC1+%7C%7C+cell_type+%3D%3D+VCH+%7C%7C+cell_type+%3D%3D+LC29+%7C%7C+cell_type+%3D%3D+LPT29+%7C%7C+cell_type+%3D%3D+cMLLP01+%7C%7C+cell_type+%3D%3D+cL02a+%7C%7C+cell_type+%3D%3D+LT40+%7C%7C+cell_type+%3D%3D+cL22b+%7C%7C+cell_type+%3D%3D+cL01+%7C%7C+cell_type+%3D%3D+cL08+%7C%7C+cell_type+%3D%3D+LT36+%7C%7C+cell_type+%3D%3D+cL22c+%7C%7C+cell_type+%3D%3D+cM05+%7C%7C+cell_type+%3D%3D+cL05+%7C%7C+cell_type+%3D%3D+DCH+%7C%7C+cell_type+%3D%3D+mALC3+%7C%7C+cell_type+%3D%3D+LPT58+%7C%7C+cell_type+%3D%3D+LPT57+%7C%7C+cell_type+%3D%3D+cMLLP02+%7C%7C+cell_type+%3D%3D+LT37+%7C%7C+cell_type+%3D%3D+cLPL01+%7C%7C+cell_type+%3D%3D+cL02c+%7C%7C+cell_type+%3D%3D+cL02b+%7C%7C+cell_type+%3D%3D+cLP05+%7C%7C+cell_type+%3D%3D+LPT45_dCal1+%7C%7C+cell_type+%3D%3D+mALC4+%7C%7C+cell_type+%3D%3D+mALD2+%7C%7C+cell_type+%3D%3D+cLM01+%7C%7C+cell_type+%3D%3D+cLLP02+%7C%7C+cell_type+%3D%3D+PLP051+%7C%7C+cell_type+%3D%3D+cL14+%7C%7C+cell_type+%3D%3D+LPT50+%7C%7C+cell_type+%3D%3D+HSS+%7C%7C+cell_type+%3D%3D+LPT26+%7C%7C+cell_type+%3D%3D+LC20b+%7C%7C+cell_type+%3D%3D+LCe05+%7C%7C+cell_type+%3D%3D+LC10c+%7C%7C+cell_type+%3D%3D+LC27+%7C%7C+cell_type+%3D%3D+OA-AL2i1+%7C%7C+cell_type+%3D%3D+LT53,PLP098+%7C%7C+cell_type+%3D%3D+LCe01b+%7C%7C+cell_type+%3D%3D+LPTe01+%7C%7C+cell_type+%3D%3D+MTe54+%7C%7C+cell_type+%3D%3D+MTe33+%7C%7C+cell_type+%3D%3D+LC14+%7C%7C+cell_type+%3D%3D+HSN+%7C%7C+cell_type+%3D%3D+LCe04+%7C%7C+cell_type+%3D%3D+LTe35+%7C%7C+cell_type+%3D%3D+LT1d+%7C%7C+cell_type+%3D%3D+cLLPM02+%7C%7C+cell_type+%3D%3D+LTe58+%7C%7C+cell_type+%3D%3D+LTe54+%7C%7C+cell_type+%3D%3D+LC10+%7C%7C+cell_type+%3D%3D+LT87+%7C%7C+cell_type+%3D%3D+LT77+%7C%7C+cell_type+%3D%3D+LTe03+%7C%7C+cell_type+%3D%3D+LTe49d+%7C%7C+cell_type+%3D%3D+LTe08+%7C%7C+cell_type+%3D%3D+LTe14+%7C%7C+cell_type+%3D%3D+cL13+%7C%7C+cell_type+%3D%3D+OA-AL2i2+%7C%7C+cell_type+%3D%3D+LLPC4+%7C%7C+cell_type+%3D%3D+LT62+%7C%7C+cell_type+%3D%3D+LPT49+%7C%7C+cell_type+%3D%3D+MTe08+%7C%7C+cell_type+%3D%3D+LT57+%7C%7C+cell_type+%3D%3D+LT61+%7C%7C+cell_type+%3D%3D+LC40+%7C%7C+cell_type+%3D%3D+LC43+%7C%7C+cell_type+%3D%3D+LPT22+%7C%7C+cell_type+%3D%3D+LT74+%7C%7C+cell_type+%3D%3D+LT84+%7C%7C+cell_type+%3D%3D+MTe13+%7C%7C+cell_type+%3D%3D+CB0143+%7C%7C+cell_type+%3D%3D+LT56+%7C%7C+cell_type+%3D%3D+LPT31+%7C%7C+cell_type+%3D%3D+MTe35+%7C%7C+cell_type+%3D%3D+cM07+%7C%7C+cell_type+%3D%3D+LC28b+%7C%7C+cell_type+%3D%3D+LT83+%7C%7C+cell_type+%3D%3D+LC35+%7C%7C+cell_type+%3D%3D+MC64+%7C%7C+cell_type+%3D%3D+PVLP108+%7C%7C+cell_type+%3D%3D+CB1395+%7C%7C+cell_type+%3D%3D+LC20+%7C%7C+cell_type+%3D%3D+LoVP12+%7C%7C+cell_type+%3D%3D+cL21+%7C%7C+cell_type+%3D%3D+LTe26+%7C%7C+cell_type+%3D%3D+VS5+%7C%7C+cell_type+%3D%3D+VSm+%7C%7C+cell_type+%3D%3D+LPT21+%7C%7C+cell_type+%3D%3D+MTe52+%7C%7C+cell_type+%3D%3D+LT66+%7C%7C+cell_type+%3D%3D+LTe20+%7C%7C+cell_type+%3D%3D+LT85+%7C%7C+cell_type+%3D%3D+LT82b+%7C%7C+cell_type+%3D%3D+LT82a+%7C%7C+cell_type+%3D%3D+LC19+%7C%7C+cell_type+%3D%3D+LCe07+%7C%7C+cell_type+%3D%3D+LT81+%7C%7C+cell_type+%3D%3D+LPT30+%7C%7C+cell_type+%3D%3D+cL11+%7C%7C+cell_type+%3D%3D+LT34+%7C%7C+cell_type+%3D%3D+LT80+%7C%7C+cell_type+%3D%3D+LC14a2+%7C%7C+cell_type+%3D%3D+LT63+%7C%7C+cell_type+%3D%3D+cL17+%7C%7C+cell_type+%3D%3D+LC31+%7C%7C+cell_type+%3D%3D+LCe01a+%7C%7C+cell_type+%3D%3D+LTe21+%7C%7C+cell_type+%3D%3D+LT75+%7C%7C+cell_type+%3D%3D+AVLP559c+%7C%7C+cell_type+%3D%3D+LPT48_vCal3+%7C%7C+cell_type+%3D%3D+Nod5+%7C%7C+cell_type+%3D%3D+LTe15+%7C%7C+cell_type+%3D%3D+LTe18+%7C%7C+cell_type+%3D%3D+H2+%7C%7C+cell_type+%3D%3D+LT67+%7C%7C+cell_type+%3D%3D+LC31c+%7C%7C+cell_type+%3D%3D+MeTu1+%7C%7C+cell_type+%3D%3D+LT38+%7C%7C+cell_type+%3D%3D+LT39+%7C%7C+cell_type+%3D%3D+LT42+%7C%7C+cell_type+%3D%3D+LPT53+%7C%7C+cell_type+%3D%3D+LTe12+%7C%7C+cell_type+%3D%3D+LT69+%7C%7C+cell_type+%3D%3D+LC31b+%7C%7C+cell_type+%3D%3D+cL04+%7C%7C+cell_type+%3D%3D+LTe09+%7C%7C+cell_type+%3D%3D+LPT54+%7C%7C+cell_type+%3D%3D+LT78+%7C%7C+cell_type+%3D%3D+LTe65+%7C%7C+cell_type+%3D%3D+LTe59b+%7C%7C+cell_type+%3D%3D+cLP04+%7C%7C+cell_type+%3D%3D+cL09+%7C%7C+cell_type+%3D%3D+cL20+%7C%7C+cell_type+%3D%3D+LT41+%7C%7C+cell_type+%3D%3D+LT73+%7C%7C+cell_type+%3D%3D+LPT52+%7C%7C+cell_type+%3D%3D+MTe43+%7C%7C+cell_type+%3D%3D+LTe13+%7C%7C+cell_type+%3D%3D+cML01+%7C%7C+cell_type+%3D%3D+LT82+%7C%7C+cell_type+%3D%3D+LTe17+%7C%7C+cell_type+%3D%3D+LPi04+%7C%7C+cell_type+%3D%3D+LTe55+%7C%7C+cell_type+%3D%3D+MTe41+%7C%7C+cell_type+%3D%3D+LTe01+%7C%7C+cell_type+%3D%3D+AVLP151+%7C%7C+cell_type+%3D%3D+HSE+%7C%7C+cell_type+%3D%3D+LT44a+%7C%7C+cell_type+%3D%3D+LC14b+%7C%7C+cell_type+%3D%3D+MeTu2a+%7C%7C+cell_type+%3D%3D+LT60+%7C%7C+cell_type+%3D%3D+MeTu4a+%7C%7C+cell_type+%3D%3D+LLPC2c+%7C%7C+cell_type+%3D%3D+AVLP016+%7C%7C+cell_type+%3D%3D+CB0829+%7C%7C+cell_type+%3D%3D+CB3514+%7C%7C+cell_type+%3D%3D+CB0381+%7C%7C+cell_type+%3D%3D+AVLP080+%7C%7C+cell_type+%3D%3D+AVLP287+%7C%7C+cell_type+%3D%3D+PLP059a+%7C%7C+cell_type+%3D%3D+CB0925+%7C%7C+cell_type+%3D%3D+LC46a+%7C%7C+cell_type+%3D%3D+AVLP536+%7C%7C+cell_type+%3D%3D+LT61b+%7C%7C+cell_type+%3D%3D+MC61+%7C%7C+cell_type+%3D%3D+cL15+%7C%7C+cell_type+%3D%3D+PVLP029+%7C%7C+cell_type+%3D%3D+mALC5+%7C%7C+cell_type+%3D%3D+LC14a1+%7C%7C+cell_type+%3D%3D+MeTu3c&sort_by=&page_size=100"
"left visual","https://spelunker.cave-explorer.org/#!middleauth+https://global.daf-apis.com/nglstate/api/v1/5871766441295872","https://codex.flywire.ai/app/search?dataset=banc&filter_string=cell_type+%3D%3D+DNp35+%7C%7C+cell_type+%3D%3D+AN09B012+%7C%7C+cell_type+%3D%3D+ANXXX250+%7C%7C+cell_type+%3D%3D+LAL028, LAL029+%7C%7C+cell_type+%3D%3D+CB0385+%7C%7C+cell_type+%3D%3D+PVLP099+%7C%7C+cell_type+%3D%3D+PLP172+%7C%7C+cell_type+%3D%3D+CB0732+%7C%7C+cell_type+%3D%3D+PLP180+%7C%7C+cell_type+%3D%3D+AVLP454_b+%7C%7C+cell_type+%3D%3D+CB3514+%7C%7C+cell_type+%3D%3D+CB2102+%7C%7C+cell_type+%3D%3D+AVLP519a+%7C%7C+cell_type+%3D%3D+CB1717+%7C%7C+cell_type+%3D%3D+AVLP288+%7C%7C+cell_type+%3D%3D+PLP163+%7C%7C+cell_type+%3D%3D+CB0381+%7C%7C+cell_type+%3D%3D+CB2261+%7C%7C+cell_type+%3D%3D+AOTU059+%7C%7C+cell_type+%3D%3D+PVLP004,PVLP005+%7C%7C+cell_type+%3D%3D+CB2341+%7C%7C+cell_type+%3D%3D+PVLP030+%7C%7C+cell_type+%3D%3D+PLP008+%7C%7C+cell_type+%3D%3D+AVLP282+%7C%7C+cell_type+%3D%3D+PVLP024+%7C%7C+cell_type+%3D%3D+PS150+%7C%7C+cell_type+%3D%3D+PVLP107+%7C%7C+cell_type+%3D%3D+CB2390+%7C%7C+cell_type+%3D%3D+CB0540+%7C%7C+cell_type+%3D%3D+CB2339+%7C%7C+cell_type+%3D%3D+AVLP465a+%7C%7C+cell_type+%3D%3D+PVLP092+%7C%7C+cell_type+%3D%3D+PVLP103+%7C%7C+cell_type+%3D%3D+PLP248+%7C%7C+cell_type+%3D%3D+PVLP118+%7C%7C+cell_type+%3D%3D+PVLP097+%7C%7C+cell_type+%3D%3D+WED069+%7C%7C+cell_type+%3D%3D+AVLP465b+%7C%7C+cell_type+%3D%3D+SAD044+%7C%7C+cell_type+%3D%3D+CB3863+%7C%7C+cell_type+%3D%3D+SAD064+%7C%7C+cell_type+%3D%3D+CB2940+%7C%7C+cell_type+%3D%3D+AVLP489+%7C%7C+cell_type+%3D%3D+CB0743+%7C%7C+cell_type+%3D%3D+PLP060+%7C%7C+cell_type+%3D%3D+PVLP104+%7C%7C+cell_type+%3D%3D+CB2700+%7C%7C+cell_type+%3D%3D+CB2582+%7C%7C+cell_type+%3D%3D+CB2495+%7C%7C+cell_type+%3D%3D+AVLP479+%7C%7C+cell_type+%3D%3D+CB3513b+%7C%7C+cell_type+%3D%3D+PVLP094+%7C%7C+cell_type+%3D%3D+PVLP008+%7C%7C+cell_type+%3D%3D+PLP037b+%7C%7C+cell_type+%3D%3D+CB3607+%7C%7C+cell_type+%3D%3D+PVLP128+%7C%7C+cell_type+%3D%3D+CB1900+%7C%7C+cell_type+%3D%3D+CB1734+%7C%7C+cell_type+%3D%3D+PLP015+%7C%7C+cell_type+%3D%3D+AOTU050a+%7C%7C+cell_type+%3D%3D+PLP182+%7C%7C+cell_type+%3D%3D+CB1119+%7C%7C+cell_type+%3D%3D+PLP173+%7C%7C+cell_type+%3D%3D+CB1355+%7C%7C+cell_type+%3D%3D+PVLP124+%7C%7C+cell_type+%3D%3D+PLP165+%7C%7C+cell_type+%3D%3D+LAL099+%7C%7C+cell_type+%3D%3D+CB2395b+%7C%7C+cell_type+%3D%3D+PLP243+%7C%7C+cell_type+%3D%3D+PVLP006+%7C%7C+cell_type+%3D%3D+SLP467b+%7C%7C+cell_type+%3D%3D+PVLP007+%7C%7C+cell_type+%3D%3D+CB2604+%7C%7C+cell_type+%3D%3D+CB3959+%7C%7C+cell_type+%3D%3D+CB0115+%7C%7C+cell_type+%3D%3D+PVLP025+%7C%7C+cell_type+%3D%3D+LAL026+%7C%7C+cell_type+%3D%3D+PLP142+%7C%7C+cell_type+%3D%3D+CB2175+%7C%7C+cell_type+%3D%3D+CB1765+%7C%7C+cell_type+%3D%3D+PVLP121+%7C%7C+cell_type+%3D%3D+CB1129+%7C%7C+cell_type+%3D%3D+CB0744+%7C%7C+cell_type+%3D%3D+CB1428+%7C%7C+cell_type+%3D%3D+PS003,PS006+%7C%7C+cell_type+%3D%3D+CB1225+%7C%7C+cell_type+%3D%3D+CB1360+%7C%7C+cell_type+%3D%3D+CB3518+%7C%7C+cell_type+%3D%3D+CB1944+%7C%7C+cell_type+%3D%3D+CB0149+%7C%7C+cell_type+%3D%3D+PS252+%7C%7C+cell_type+%3D%3D+CB2382+%7C%7C+cell_type+%3D%3D+PPM1203+%7C%7C+cell_type+%3D%3D+PVLP089+%7C%7C+cell_type+%3D%3D+AVLP505+%7C%7C+cell_type+%3D%3D+CB0663+%7C%7C+cell_type+%3D%3D+PVLP106+%7C%7C+cell_type+%3D%3D+SAD043+%7C%7C+cell_type+%3D%3D+CB2712+%7C%7C+cell_type+%3D%3D+CB0739+%7C%7C+cell_type+%3D%3D+PVLP148+%7C%7C+cell_type+%3D%3D+PS230,PLP242+%7C%7C+cell_type+%3D%3D+CL322+%7C%7C+cell_type+%3D%3D+PVLP144+%7C%7C+cell_type+%3D%3D+PLP018+%7C%7C+cell_type+%3D%3D+CB2917+%7C%7C+cell_type+%3D%3D+AVLP449+%7C%7C+cell_type+%3D%3D+AVLP462b+%7C%7C+cell_type+%3D%3D+H03+%7C%7C+cell_type+%3D%3D+WED075+%7C%7C+cell_type+%3D%3D+AVLP454_a+%7C%7C+cell_type+%3D%3D+CB2674+%7C%7C+cell_type+%3D%3D+SAD094+%7C%7C+cell_type+%3D%3D+AVLP292+%7C%7C+cell_type+%3D%3D+PVLP028+%7C%7C+cell_type+%3D%3D+PS021+%7C%7C+cell_type+%3D%3D+PLP012+%7C%7C+cell_type+%3D%3D+AVLP088+%7C%7C+cell_type+%3D%3D+SLP467a+%7C%7C+cell_type+%3D%3D+CB0829+%7C%7C+cell_type+%3D%3D+CB0682+%7C%7C+cell_type+%3D%3D+CB1140+%7C%7C+cell_type+%3D%3D+CB4245+%7C%7C+cell_type+%3D%3D+CB1932+%7C%7C+cell_type+%3D%3D+AOTU050b+%7C%7C+cell_type+%3D%3D+CB0734+%7C%7C+cell_type+%3D%3D+AVLP498+%7C%7C+cell_type+%3D%3D+PVLP149+%7C%7C+cell_type+%3D%3D+CB1958+%7C%7C+cell_type+%3D%3D+PVLP138+%7C%7C+cell_type+%3D%3D+PVLP017+%7C%7C+cell_type+%3D%3D+PVLP011+%7C%7C+cell_type+%3D%3D+PLP019+%7C%7C+cell_type+%3D%3D+CB3513a+%7C%7C+cell_type+%3D%3D+AOTU041+%7C%7C+cell_type+%3D%3D+PLP181+%7C%7C+cell_type+%3D%3D+SAD049+%7C%7C+cell_type+%3D%3D+AVLP293+%7C%7C+cell_type+%3D%3D+AVLP290b+%7C%7C+cell_type+%3D%3D+PLP020+%7C%7C+cell_type+%3D%3D+PLP023+%7C%7C+cell_type+%3D%3D+CB0046+%7C%7C+cell_type+%3D%3D+PLP016+%7C%7C+cell_type+%3D%3D+AVLP290a+%7C%7C+cell_type+%3D%3D+CB1068+%7C%7C+cell_type+%3D%3D+PVLP115+%7C%7C+cell_type+%3D%3D+PVLP100+%7C%7C+cell_type+%3D%3D+PVLP114+%7C%7C+cell_type+%3D%3D+PVLP102+%7C%7C+cell_type+%3D%3D+PVLP101c+%7C%7C+cell_type+%3D%3D+PVLP105+%7C%7C+cell_type+%3D%3D+PVLP101b+%7C%7C+cell_type+%3D%3D+CB2251+%7C%7C+cell_type+%3D%3D+LHPV1d1+%7C%7C+cell_type+%3D%3D+AVLP565+%7C%7C+cell_type+%3D%3D+AVLP538+%7C%7C+cell_type+%3D%3D+CB3611+%7C%7C+cell_type+%3D%3D+AVLP041+%7C%7C+cell_type+%3D%3D+CB2246+%7C%7C+cell_type+%3D%3D+PLP035+%7C%7C+cell_type+%3D%3D+PLP084,PLP085+%7C%7C+cell_type+%3D%3D+PVLP101a+%7C%7C+cell_type+%3D%3D+AVLP536+%7C%7C+cell_type+%3D%3D+AVLP535+%7C%7C+cell_type+%3D%3D+PLP249+%7C%7C+cell_type+%3D%3D+PVLP082b+%7C%7C+cell_type+%3D%3D+PLP103a+%7C%7C+cell_type+%3D%3D+AVLP284+%7C%7C+cell_type+%3D%3D+CL067+%7C%7C+cell_type+%3D%3D+CB1620+%7C%7C+cell_type+%3D%3D+AVLP153+%7C%7C+cell_type+%3D%3D+PVLP074+%7C%7C+cell_type+%3D%3D+CB1099+%7C%7C+cell_type+%3D%3D+CB0800+%7C%7C+cell_type+%3D%3D+CB0218+%7C%7C+cell_type+%3D%3D+CB1819+%7C%7C+cell_type+%3D%3D+PLP109,PLP112+%7C%7C+cell_type+%3D%3D+PVLP034+%7C%7C+cell_type+%3D%3D+CB2461+%7C%7C+cell_type+%3D%3D+PVLP120+%7C%7C+cell_type+%3D%3D+PLP187+%7C%7C+cell_type+%3D%3D+PVLP151+%7C%7C+cell_type+%3D%3D+CB1502+%7C%7C+cell_type+%3D%3D+mALD3+%7C%7C+cell_type+%3D%3D+mALB4+%7C%7C+cell_type+%3D%3D+CB0053+%7C%7C+cell_type+%3D%3D+AOTU042+%7C%7C+cell_type+%3D%3D+PVLP140+%7C%7C+cell_type+%3D%3D+PVLP020+%7C%7C+cell_type+%3D%3D+AOTU036+%7C%7C+cell_type+%3D%3D+PVLP093+%7C%7C+cell_type+%3D%3D+PVLP130+%7C%7C+cell_type+%3D%3D+PVLP019+%7C%7C+cell_type+%3D%3D+CB2197+%7C%7C+cell_type+%3D%3D+CB0121+%7C%7C+cell_type+%3D%3D+VES022a+%7C%7C+cell_type+%3D%3D+PVLP139+%7C%7C+cell_type+%3D%3D+PVLP143+%7C%7C+cell_type+%3D%3D+CB3255+%7C%7C+cell_type+%3D%3D+(PLP191,PLP192)a+%7C%7C+cell_type+%3D%3D+CB0194+%7C%7C+cell_type+%3D%3D+CB0126+%7C%7C+cell_type+%3D%3D+CB2997+%7C%7C+cell_type+%3D%3D+CL323a+%7C%7C+cell_type+%3D%3D+PLP009+%7C%7C+cell_type+%3D%3D+PLP101,PLP102+%7C%7C+cell_type+%3D%3D+PLP017+%7C%7C+cell_type+%3D%3D+PVLP013+%7C%7C+cell_type+%3D%3D+LAL054+%7C%7C+cell_type+%3D%3D+AVLP435b+%7C%7C+cell_type+%3D%3D+PVLP015+%7C%7C+cell_type+%3D%3D+AVLP079+%7C%7C+cell_type+%3D%3D+AVLP086+%7C%7C+cell_type+%3D%3D+PVLP150+%7C%7C+cell_type+%3D%3D+AVLP016+%7C%7C+cell_type+%3D%3D+AVLP080+%7C%7C+cell_type+%3D%3D+CB3277+%7C%7C+cell_type+%3D%3D+LAL053+%7C%7C+cell_type+%3D%3D+PLP081+%7C%7C+cell_type+%3D%3D+LAL059+%7C%7C+cell_type+%3D%3D+PVLP009+%7C%7C+cell_type+%3D%3D+TuTuAa+%7C%7C+cell_type+%3D%3D+AVLP537+%7C%7C+cell_type+%3D%3D+PVLP014+%7C%7C+cell_type+%3D%3D+CB1920+%7C%7C+cell_type+%3D%3D+CB0154+%7C%7C+cell_type+%3D%3D+AVLP287+%7C%7C+cell_type+%3D%3D+PLP079+%7C%7C+cell_type+%3D%3D+AVLP230+%7C%7C+cell_type+%3D%3D+CB0766+%7C%7C+cell_type+%3D%3D+CB2352+%7C%7C+cell_type+%3D%3D+PVLP112b+%7C%7C+cell_type+%3D%3D+AVLP373+%7C%7C+cell_type+%3D%3D+CB2655+%7C%7C+cell_type+%3D%3D+PVLP060+%7C%7C+cell_type+%3D%3D+AVLP051+%7C%7C+cell_type+%3D%3D+SAD011,SAD019+%7C%7C+cell_type+%3D%3D+CB1649+%7C%7C+cell_type+%3D%3D+AVLP469b+%7C%7C+cell_type+%3D%3D+AVLP229+%7C%7C+cell_type+%3D%3D+AOTU062+%7C%7C+cell_type+%3D%3D+PLP087a+%7C%7C+cell_type+%3D%3D+CB1562+%7C%7C+cell_type+%3D%3D+PLP034+%7C%7C+cell_type+%3D%3D+CB1588+%7C%7C+cell_type+%3D%3D+AVLP077+%7C%7C+cell_type+%3D%3D+PVLP135+%7C%7C+cell_type+%3D%3D+CB0813+%7C%7C+cell_type+%3D%3D+CB3525+%7C%7C+cell_type+%3D%3D+CB3528+%7C%7C+cell_type+%3D%3D+PVLP069+%7C%7C+cell_type+%3D%3D+AVLP152+%7C%7C+cell_type+%3D%3D+CB3936+%7C%7C+cell_type+%3D%3D+CB0336+%7C%7C+cell_type+%3D%3D+PVLP012+%7C%7C+cell_type+%3D%3D+AVLP418+%7C%7C+cell_type+%3D%3D+CB2682+%7C%7C+cell_type+%3D%3D+PVLP080b+%7C%7C+cell_type+%3D%3D+PLP038+%7C%7C+cell_type+%3D%3D+CB1906+%7C%7C+cell_type+%3D%3D+PVLP086,PVLP087+%7C%7C+cell_type+%3D%3D+PLP115_b+%7C%7C+cell_type+%3D%3D+PVLP111+%7C%7C+cell_type+%3D%3D+AVLP398+%7C%7C+cell_type+%3D%3D+CB2512+%7C%7C+cell_type+%3D%3D+PVLP086+%7C%7C+cell_type+%3D%3D+AVLP496a+%7C%7C+cell_type+%3D%3D+PLP115_a+%7C%7C+cell_type+%3D%3D+CB1193+%7C%7C+cell_type+%3D%3D+CB1399+%7C%7C+cell_type+%3D%3D+AVLP393,AVLP395+%7C%7C+cell_type+%3D%3D+SLP222+%7C%7C+cell_type+%3D%3D+AVLP187+%7C%7C+cell_type+%3D%3D+PLP106+%7C%7C+cell_type+%3D%3D+AVLP283+%7C%7C+cell_type+%3D%3D+CB3594+%7C%7C+cell_type+%3D%3D+CB3436+%7C%7C+cell_type+%3D%3D+PLP059a+%7C%7C+cell_type+%3D%3D+PVLP133+%7C%7C+cell_type+%3D%3D+CB1340+%7C%7C+cell_type+%3D%3D+CB2453+%7C%7C+cell_type+%3D%3D+CB3582+%7C%7C+cell_type+%3D%3D+AVLP186+%7C%7C+cell_type+%3D%3D+CB1993+%7C%7C+cell_type+%3D%3D+CB1256+%7C%7C+cell_type+%3D%3D+AVLP435a+%7C%7C+cell_type+%3D%3D+AVLP189_a+%7C%7C+cell_type+%3D%3D+CB3488+%7C%7C+cell_type+%3D%3D+CB2100+%7C%7C+cell_type+%3D%3D+CB1211+%7C%7C+cell_type+%3D%3D+PVLP081+%7C%7C+cell_type+%3D%3D+PLP103c+%7C%7C+cell_type+%3D%3D+AVLP409+%7C%7C+cell_type+%3D%3D+PLP188,PLP189+%7C%7C+cell_type+%3D%3D+CB1852+%7C%7C+cell_type+%3D%3D+(PLP191,PLP192)b+%7C%7C+cell_type+%3D%3D+AVLP304+%7C%7C+cell_type+%3D%3D+PVLP003+%7C%7C+cell_type+%3D%3D+CB2167+%7C%7C+cell_type+%3D%3D+CB1185+%7C%7C+cell_type+%3D%3D+PLP108+%7C%7C+cell_type+%3D%3D+AVLP232+%7C%7C+cell_type+%3D%3D+CB1255+%7C%7C+cell_type+%3D%3D+CB2331+%7C%7C+cell_type+%3D%3D+CB2971+%7C%7C+cell_type+%3D%3D+CB2278+%7C%7C+cell_type+%3D%3D+CB0475+%7C%7C+cell_type+%3D%3D+PLP025b+%7C%7C+cell_type+%3D%3D+CB0668+%7C%7C+cell_type+%3D%3D+CB2008+%7C%7C+cell_type+%3D%3D+CB1654+%7C%7C+cell_type+%3D%3D+CB2320+%7C%7C+cell_type+%3D%3D+SLP307+%7C%7C+cell_type+%3D%3D+PVLP070+%7C%7C+cell_type+%3D%3D+PLP100+%7C%7C+cell_type+%3D%3D+PVLP088+%7C%7C+cell_type+%3D%3D+CB2853+%7C%7C+cell_type+%3D%3D+LC31a+%7C%7C+cell_type+%3D%3D+LC17+%7C%7C+cell_type+%3D%3D+LPLC1+%7C%7C+cell_type+%3D%3D+CB2143+%7C%7C+cell_type+%3D%3D+LC12+%7C%7C+cell_type+%3D%3D+PVLP076+%7C%7C+cell_type+%3D%3D+CB0785+%7C%7C+cell_type+%3D%3D+CB1688+%7C%7C+cell_type+%3D%3D+CB2049+%7C%7C+cell_type+%3D%3D+PLP099+%7C%7C+cell_type+%3D%3D+CB3567+%7C%7C+cell_type+%3D%3D+CB3609+%7C%7C+cell_type+%3D%3D+CB0222+%7C%7C+cell_type+%3D%3D+AVLP394+%7C%7C+cell_type+%3D%3D+CB3092+%7C%7C+cell_type+%3D%3D+LC10a+%7C%7C+cell_type+%3D%3D+PVLP134+%7C%7C+cell_type+%3D%3D+CB0738+%7C%7C+cell_type+%3D%3D+LT52+%7C%7C+cell_type+%3D%3D+LC29+%7C%7C+cell_type+%3D%3D+CB2514+%7C%7C+cell_type+%3D%3D+LPLC2+%7C%7C+cell_type+%3D%3D+LC14a1+%7C%7C+cell_type+%3D%3D+LCe03+%7C%7C+cell_type+%3D%3D+CL095+%7C%7C+cell_type+%3D%3D+LC10b+%7C%7C+cell_type+%3D%3D+LC20a+%7C%7C+cell_type+%3D%3D+CB0796+%7C%7C+cell_type+%3D%3D+LC28a+%7C%7C+cell_type+%3D%3D+AVLP298+%7C%7C+cell_type+%3D%3D+CB2370+%7C%7C+cell_type+%3D%3D+LC10c+%7C%7C+cell_type+%3D%3D+CB2978+%7C%7C+cell_type+%3D%3D+LC10e+%7C%7C+cell_type+%3D%3D+LC10d+%7C%7C+cell_type+%3D%3D+LC24+%7C%7C+cell_type+%3D%3D+LCe01b+%7C%7C+cell_type+%3D%3D+LC27+%7C%7C+cell_type+%3D%3D+CB3386+%7C%7C+cell_type+%3D%3D+CB2183+%7C%7C+cell_type+%3D%3D+LC20b+%7C%7C+cell_type+%3D%3D+LC6+%7C%7C+cell_type+%3D%3D+CB0061+%7C%7C+cell_type+%3D%3D+CB0050+%7C%7C+cell_type+%3D%3D+LHAV2b1+%7C%7C+cell_type+%3D%3D+AN06B011+%7C%7C+cell_type+%3D%3D+LC22+%7C%7C+cell_type+%3D%3D+CB1999+%7C%7C+cell_type+%3D%3D+CB0352+%7C%7C+cell_type+%3D%3D+PVLP016+%7C%7C+cell_type+%3D%3D+LC9+%7C%7C+cell_type+%3D%3D+LPC2+%7C%7C+cell_type+%3D%3D+LLPC3+%7C%7C+cell_type+%3D%3D+CB1544+%7C%7C+cell_type+%3D%3D+CB2171+%7C%7C+cell_type+%3D%3D+LC14+%7C%7C+cell_type+%3D%3D+CB0064+%7C%7C+cell_type+%3D%3D+CB2131+%7C%7C+cell_type+%3D%3D+LTe47+%7C%7C+cell_type+%3D%3D+CB1487+%7C%7C+cell_type+%3D%3D+PLP054+%7C%7C+cell_type+%3D%3D+PVLP061+%7C%7C+cell_type+%3D%3D+PVLP036+%7C%7C+cell_type+%3D%3D+CB1507+%7C%7C+cell_type+%3D%3D+PVLP048+%7C%7C+cell_type+%3D%3D+AVLP176_c+%7C%7C+cell_type+%3D%3D+PVLP065+%7C%7C+cell_type+%3D%3D+PLP059b+%7C%7C+cell_type+%3D%3D+PS025+%7C%7C+cell_type+%3D%3D+LTe59b+%7C%7C+cell_type+%3D%3D+LC13+%7C%7C+cell_type+%3D%3D+LC4+%7C%7C+cell_type+%3D%3D+LC16+%7C%7C+cell_type+%3D%3D+LC15+%7C%7C+cell_type+%3D%3D+LC46+%7C%7C+cell_type+%3D%3D+LC39+%7C%7C+cell_type+%3D%3D+LCe02+%7C%7C+cell_type+%3D%3D+LTe08+%7C%7C+cell_type+%3D%3D+cLP02+%7C%7C+cell_type+%3D%3D+LC25+%7C%7C+cell_type+%3D%3D+LC10f+%7C%7C+cell_type+%3D%3D+LC18+%7C%7C+cell_type+%3D%3D+LC37+%7C%7C+cell_type+%3D%3D+LPC1+%7C%7C+cell_type+%3D%3D+cL21+%7C%7C+cell_type+%3D%3D+cL01+%7C%7C+cell_type+%3D%3D+LC21+%7C%7C+cell_type+%3D%3D+MTe08+%7C%7C+cell_type+%3D%3D+LT70+%7C%7C+cell_type+%3D%3D+cLPL01+%7C%7C+cell_type+%3D%3D+cLP05+%7C%7C+cell_type+%3D%3D+LTe65+%7C%7C+cell_type+%3D%3D+cL18+%7C%7C+cell_type+%3D%3D+cLP03+%7C%7C+cell_type+%3D%3D+LTe54+%7C%7C+cell_type+%3D%3D+LLPC2+%7C%7C+cell_type+%3D%3D+MTe43+%7C%7C+cell_type+%3D%3D+LT78+%7C%7C+cell_type+%3D%3D+LC11+%7C%7C+cell_type+%3D%3D+LT77+%7C%7C+cell_type+%3D%3D+LPT53+%7C%7C+cell_type+%3D%3D+cL15+%7C%7C+cell_type+%3D%3D+LTe28+%7C%7C+cell_type+%3D%3D+LPT58+%7C%7C+cell_type+%3D%3D+LPT52+%7C%7C+cell_type+%3D%3D+cL06+%7C%7C+cell_type+%3D%3D+cL05+%7C%7C+cell_type+%3D%3D+cLP01+%7C%7C+cell_type+%3D%3D+LCe05+%7C%7C+cell_type+%3D%3D+LT80+%7C%7C+cell_type+%3D%3D+LT42+%7C%7C+cell_type+%3D%3D+LTe12+%7C%7C+cell_type+%3D%3D+Nod5+%7C%7C+cell_type+%3D%3D+LC26+%7C%7C+cell_type+%3D%3D+OA-AL2i2+%7C%7C+cell_type+%3D%3D+cL16+%7C%7C+cell_type+%3D%3D+LTe55+%7C%7C+cell_type+%3D%3D+LCe01a+%7C%7C+cell_type+%3D%3D+LT11+%7C%7C+cell_type+%3D%3D+cL20+%7C%7C+cell_type+%3D%3D+LT39+%7C%7C+cell_type+%3D%3D+LC31c+%7C%7C+cell_type+%3D%3D+LT37+%7C%7C+cell_type+%3D%3D+cL13+%7C%7C+cell_type+%3D%3D+LPT57+%7C%7C+cell_type+%3D%3D+cL09+%7C%7C+cell_type+%3D%3D+cLP04+%7C%7C+cell_type+%3D%3D+cL04+%7C%7C+cell_type+%3D%3D+LTe26+%7C%7C+cell_type+%3D%3D+LPT23+%7C%7C+cell_type+%3D%3D+OA-AL2i1+%7C%7C+cell_type+%3D%3D+LTe01+%7C%7C+cell_type+%3D%3D+PLP241+%7C%7C+cell_type+%3D%3D+LT40+%7C%7C+cell_type+%3D%3D+LTe14+%7C%7C+cell_type+%3D%3D+LTe66+%7C%7C+cell_type+%3D%3D+LT38+%7C%7C+cell_type+%3D%3D+LPLC4+%7C%7C+cell_type+%3D%3D+LTe03+%7C%7C+cell_type+%3D%3D+LT69+%7C%7C+cell_type+%3D%3D+cM19+%7C%7C+cell_type+%3D%3D+LC31b+%7C%7C+cell_type+%3D%3D+LLPC1+%7C%7C+cell_type+%3D%3D+cL11+%7C%7C+cell_type+%3D%3D+LT34+%7C%7C+cell_type+%3D%3D+LC43+%7C%7C+cell_type+%3D%3D+vCal1+%7C%7C+cell_type+%3D%3D+LTe38b+%7C%7C+cell_type+%3D%3D+MTe41+%7C%7C+cell_type+%3D%3D+LoVP76+%7C%7C+cell_type+%3D%3D+LTe17+%7C%7C+cell_type+%3D%3D+LPT31+%7C%7C+cell_type+%3D%3D+LPT48_vCal3+%7C%7C+cell_type+%3D%3D+LT73+%7C%7C+cell_type+%3D%3D+LT74+%7C%7C+cell_type+%3D%3D+LC40+%7C%7C+cell_type+%3D%3D+LTe18+%7C%7C+cell_type+%3D%3D+LPT27+%7C%7C+cell_type+%3D%3D+LPT54+%7C%7C+cell_type+%3D%3D+H2+%7C%7C+cell_type+%3D%3D+LTe21+%7C%7C+cell_type+%3D%3D+LTe15+%7C%7C+cell_type+%3D%3D+MTe52+%7C%7C+cell_type+%3D%3D+LTe20+%7C%7C+cell_type+%3D%3D+LC35+%7C%7C+cell_type+%3D%3D+LT67+%7C%7C+cell_type+%3D%3D+LTe06+%7C%7C+cell_type+%3D%3D+LTe64+%7C%7C+cell_type+%3D%3D+LT76+%7C%7C+cell_type+%3D%3D+LT1d+%7C%7C+cell_type+%3D%3D+MTe35+%7C%7C+cell_type+%3D%3D+MTe33+%7C%7C+cell_type+%3D%3D+cM07+%7C%7C+cell_type+%3D%3D+LT1c+%7C%7C+cell_type+%3D%3D+LPT30+%7C%7C+cell_type+%3D%3D+CB0143+%7C%7C+cell_type+%3D%3D+LT53,PLP098+%7C%7C+cell_type+%3D%3D+MTe47+%7C%7C+cell_type+%3D%3D+LT82+%7C%7C+cell_type+%3D%3D+PLP158+%7C%7C+cell_type+%3D%3D+LPT29+%7C%7C+cell_type+%3D%3D+PLP051+%7C%7C+cell_type+%3D%3D+DCH+%7C%7C+cell_type+%3D%3D+cLLP02+%7C%7C+cell_type+%3D%3D+VCH+%7C%7C+cell_type+%3D%3D+cL08+%7C%7C+cell_type+%3D%3D+LPT45_dCal1+%7C%7C+cell_type+%3D%3D+cL14+%7C%7C+cell_type+%3D%3D+MeLp1+%7C%7C+cell_type+%3D%3D+cL22b+%7C%7C+cell_type+%3D%3D+cL22c+%7C%7C+cell_type+%3D%3D+CB3238+%7C%7C+cell_type+%3D%3D+mALD2+%7C%7C+cell_type+%3D%3D+cL02a+%7C%7C+cell_type+%3D%3D+cL02c+%7C%7C+cell_type+%3D%3D+mALC4+%7C%7C+cell_type+%3D%3D+cL02b+%7C%7C+cell_type+%3D%3D+cLLPM01+%7C%7C+cell_type+%3D%3D+OLVC7+%7C%7C+cell_type+%3D%3D+CB0623+%7C%7C+cell_type+%3D%3D+cMLLP02+%7C%7C+cell_type+%3D%3D+cM15+%7C%7C+cell_type+%3D%3D+cM05+%7C%7C+cell_type+%3D%3D+cML01+%7C%7C+cell_type+%3D%3D+KCg-m+%7C%7C+cell_type+%3D%3D+LPT26+%7C%7C+cell_type+%3D%3D+LPT50+%7C%7C+cell_type+%3D%3D+LT66+%7C%7C+cell_type+%3D%3D+LC14a2+%7C%7C+cell_type+%3D%3D+MTe13+%7C%7C+cell_type+%3D%3D+LCe07+%7C%7C+cell_type+%3D%3D+LPT49+%7C%7C+cell_type+%3D%3D+MTe44+%7C%7C+cell_type+%3D%3D+LT51+%7C%7C+cell_type+%3D%3D+LPT21+%7C%7C+cell_type+%3D%3D+AVLP541b+%7C%7C+cell_type+%3D%3D+LPT28+%7C%7C+cell_type+%3D%3D+VS8+%7C%7C+cell_type+%3D%3D+CB3861+%7C%7C+cell_type+%3D%3D+LT63+%7C%7C+cell_type+%3D%3D+LC28b+%7C%7C+cell_type+%3D%3D+LT62+%7C%7C+cell_type+%3D%3D+cLLPM02+%7C%7C+cell_type+%3D%3D+LT84+%7C%7C+cell_type+%3D%3D+LPT51+%7C%7C+cell_type+%3D%3D+LC36+%7C%7C+cell_type+%3D%3D+LTe13+%7C%7C+cell_type+%3D%3D+cM10+%7C%7C+cell_type+%3D%3D+LC14b+%7C%7C+cell_type+%3D%3D+LT59+%7C%7C+cell_type+%3D%3D+CB1699+%7C%7C+cell_type+%3D%3D+LT57+%7C%7C+cell_type+%3D%3D+HSN+%7C%7C+cell_type+%3D%3D+HSS+%7C%7C+cell_type+%3D%3D+HSE+%7C%7C+cell_type+%3D%3D+CL246+%7C%7C+cell_type+%3D%3D+AVLP081+%7C%7C+cell_type+%3D%3D+CB1973+%7C%7C+cell_type+%3D%3D+PS098+%7C%7C+cell_type+%3D%3D+AVLP465c+%7C%7C+cell_type+%3D%3D+CB3337+%7C%7C+cell_type+%3D%3D+CB2323+%7C%7C+cell_type+%3D%3D+CB1154+%7C%7C+cell_type+%3D%3D+CB3483+%7C%7C+cell_type+%3D%3D+CB2735+%7C%7C+cell_type+%3D%3D+AVLP224_a+%7C%7C+cell_type+%3D%3D+AVLP295+%7C%7C+cell_type+%3D%3D+AVLP303+%7C%7C+cell_type+%3D%3D+PVLP141+%7C%7C+cell_type+%3D%3D+cM04+%7C%7C+cell_type+%3D%3D+PLP190+%7C%7C+cell_type+%3D%3D+PVLP022+%7C%7C+cell_type+%3D%3D+MeTu4a+%7C%7C+cell_type+%3D%3D+MTe02+%7C%7C+cell_type+%3D%3D+aMe17c+%7C%7C+cell_type+%3D%3D+CB2932+%7C%7C+cell_type+%3D%3D+CB3434+%7C%7C+cell_type+%3D%3D+CB1395+%7C%7C+cell_type+%3D%3D+VS4+%7C%7C+cell_type+%3D%3D+PVLP109+%7C%7C+cell_type+%3D%3D+KCab+%7C%7C+cell_type+%3D%3D+mALC3+%7C%7C+cell_type+%3D%3D+PLP150c+%7C%7C+cell_type+%3D%3D+VS7+%7C%7C+cell_type+%3D%3D+SLP151+%7C%7C+cell_type+%3D%3D+MTe54+%7C%7C+cell_type+%3D%3D+LC19+%7C%7C+cell_type+%3D%3D+LT64+%7C%7C+cell_type+%3D%3D+AVLP558+%7C%7C+cell_type+%3D%3D+LT81+%7C%7C+cell_type+%3D%3D+MeTu1+%7C%7C+cell_type+%3D%3D+MTe51+%7C%7C+cell_type+%3D%3D+MeTu3c+%7C%7C+cell_type+%3D%3D+LCe04+%7C%7C+cell_type+%3D%3D+LHPV4m1+%7C%7C+cell_type+%3D%3D+CB2988+%7C%7C+cell_type+%3D%3D+MTe01b+%7C%7C+cell_type+%3D%3D+VS3+%7C%7C+cell_type+%3D%3D+SMP181+%7C%7C+cell_type+%3D%3D+MTe03+%7C%7C+cell_type+%3D%3D+LPTe01+%7C%7C+cell_type+%3D%3D+MTe01a+%7C%7C+cell_type+%3D%3D+DNp59+%7C%7C+cell_type+%3D%3D+LLPC4+%7C%7C+cell_type+%3D%3D+SMP425+%7C%7C+cell_type+%3D%3D+CB2145+%7C%7C+cell_type+%3D%3D+LPT101+%7C%7C+cell_type+%3D%3D+CL179+%7C%7C+cell_type+%3D%3D+SLP290+%7C%7C+cell_type+%3D%3D+LT60+%7C%7C+cell_type+%3D%3D+LPT22+%7C%7C+cell_type+%3D%3D+MeTu3b+%7C%7C+cell_type+%3D%3D+CB1126+%7C%7C+cell_type+%3D%3D+CL245+%7C%7C+cell_type+%3D%3D+mALC5+%7C%7C+cell_type+%3D%3D+LCe06+%7C%7C+cell_type+%3D%3D+cMLLP01+%7C%7C+cell_type+%3D%3D+LT61b&sort_by=&page_size=100"
"left olfactory","https://spelunker.cave-explorer.org/#!middleauth+https://global.daf-apis.com/nglstate/api/v1/5201490221203456","https://codex.flywire.ai/app/search?dataset=banc&filter_string=cell_type+%3D%3D+ANXXX434+%7C%7C+cell_type+%3D%3D+VM1_lPN+%7C%7C+cell_type+%3D%3D+LHPV2a1_c+%7C%7C+cell_type+%3D%3D+VM3_adPN+%7C%7C+cell_type+%3D%3D+lLN2F_a+%7C%7C+cell_type+%3D%3D+lLN1_bc+%7C%7C+cell_type+%3D%3D+VM5d_adPN+%7C%7C+cell_type+%3D%3D+lLN2X04+%7C%7C+cell_type+%3D%3D+lLN2X05+%7C%7C+cell_type+%3D%3D+VA1v_adPN+%7C%7C+cell_type+%3D%3D+KC+%7C%7C+cell_type+%3D%3D+KCab+%7C%7C+cell_type+%3D%3D+KCg+%7C%7C+cell_type+%3D%3D+KCg-m+%7C%7C+cell_type+%3D%3D+v2LN4+%7C%7C+cell_type+%3D%3D+CB3228+%7C%7C+cell_type+%3D%3D+LN60b+%7C%7C+cell_type+%3D%3D+lLN10+%7C%7C+cell_type+%3D%3D+LHAV3f1+%7C%7C+cell_type+%3D%3D+VM5v_adPN+%7C%7C+cell_type+%3D%3D+mAL6+%7C%7C+cell_type+%3D%3D+LHAV7a1c+%7C%7C+cell_type+%3D%3D+VA1d_adPN+%7C%7C+cell_type+%3D%3D+M_vPNml64+%7C%7C+cell_type+%3D%3D+VL2a_vPN+%7C%7C+cell_type+%3D%3D+CB1676+%7C%7C+cell_type+%3D%3D+CB3206+%7C%7C+cell_type+%3D%3D+CB2908+%7C%7C+cell_type+%3D%3D+M_vPNml50+%7C%7C+cell_type+%3D%3D+M_lPNm11C+%7C%7C+cell_type+%3D%3D+PAM01+%7C%7C+cell_type+%3D%3D+LHPV5d1+%7C%7C+cell_type+%3D%3D+SLP240_b+%7C%7C+cell_type+%3D%3D+DL3_lPN+%7C%7C+cell_type+%3D%3D+v2LN34E+%7C%7C+cell_type+%3D%3D+CB3007+%7C%7C+cell_type+%3D%3D+VA5_lPN+%7C%7C+cell_type+%3D%3D+v2LN31+%7C%7C+cell_type+%3D%3D+D_adPN+%7C%7C+cell_type+%3D%3D+M_lPNm11B+%7C%7C+cell_type+%3D%3D+PAM08+%7C%7C+cell_type+%3D%3D+v2LN39a+%7C%7C+cell_type+%3D%3D+CB2559+%7C%7C+cell_type+%3D%3D+DA1_lPN+%7C%7C+cell_type+%3D%3D+CB1033+%7C%7C+cell_type+%3D%3D+CB1341+%7C%7C+cell_type+%3D%3D+CB1296+%7C%7C+cell_type+%3D%3D+LHPV4e1+%7C%7C+cell_type+%3D%3D+LHAV3o1+%7C%7C+cell_type+%3D%3D+M_vPNml84+%7C%7C+cell_type+%3D%3D+PAM05+%7C%7C+cell_type+%3D%3D+CB2297+%7C%7C+cell_type+%3D%3D+l2LN23+%7C%7C+cell_type+%3D%3D+CB1048+%7C%7C+cell_type+%3D%3D+M_vPNml60+%7C%7C+cell_type+%3D%3D+PAM+%7C%7C+cell_type+%3D%3D+M_l2PN3t18+%7C%7C+cell_type+%3D%3D+LHAV2b7_b+%7C%7C+cell_type+%3D%3D+LHPV3c1+%7C%7C+cell_type+%3D%3D+MBON14+%7C%7C+cell_type+%3D%3D+DA3_adPN+%7C%7C+cell_type+%3D%3D+CB2194+%7C%7C+cell_type+%3D%3D+MBON07+%7C%7C+cell_type+%3D%3D+M_lPNm11A+%7C%7C+cell_type+%3D%3D+LHAD2e3+%7C%7C+cell_type+%3D%3D+AL-AST1+%7C%7C+cell_type+%3D%3D+AL-MBDL1+%7C%7C+cell_type+%3D%3D+ALIN1+%7C%7C+cell_type+%3D%3D+DP1m_adPN+%7C%7C+cell_type+%3D%3D+SLP288b+%7C%7C+cell_type+%3D%3D+v2LN5+%7C%7C+cell_type+%3D%3D+PAM06+%7C%7C+cell_type+%3D%3D+LHAD1f3a+%7C%7C+cell_type+%3D%3D+LHAV4a4+%7C%7C+cell_type+%3D%3D+DM2_lPN+%7C%7C+cell_type+%3D%3D+VA4_lPN+%7C%7C+cell_type+%3D%3D+M_lvPNm46+%7C%7C+cell_type+%3D%3D+CB2761+%7C%7C+cell_type+%3D%3D+VL2p_vPN+%7C%7C+cell_type+%3D%3D+DL2d_vPN+%7C%7C+cell_type+%3D%3D+CB1321+%7C%7C+cell_type+%3D%3D+CB2703+%7C%7C+cell_type+%3D%3D+CB2589+%7C%7C+cell_type+%3D%3D+CB1953+%7C%7C+cell_type+%3D%3D+CB3045+%7C%7C+cell_type+%3D%3D+VP1m+_lvPN+%7C%7C+cell_type+%3D%3D+DP1m_vPN+%7C%7C+cell_type+%3D%3D+MZ_lv2PN+%7C%7C+cell_type+%3D%3D+DM4_vPN+%7C%7C+cell_type+%3D%3D+VM4_lvPN+%7C%7C+cell_type+%3D%3D+M_lvPNm41+%7C%7C+cell_type+%3D%3D+M_lvPNm45+%7C%7C+cell_type+%3D%3D+DL2d_adPN+%7C%7C+cell_type+%3D%3D+M_vPNml72+%7C%7C+cell_type+%3D%3D+vLN25+%7C%7C+cell_type+%3D%3D+VL2a_adPN+%7C%7C+cell_type+%3D%3D+CB2161+%7C%7C+cell_type+%3D%3D+l2LN20+%7C%7C+cell_type+%3D%3D+M_lPNm11D+%7C%7C+cell_type+%3D%3D+M_l2PNm15+%7C%7C+cell_type+%3D%3D+M_lvPNm31+%7C%7C+cell_type+%3D%3D+CB1461+%7C%7C+cell_type+%3D%3D+CB1201+%7C%7C+cell_type+%3D%3D+lLN2X09+%7C%7C+cell_type+%3D%3D+CB2471+%7C%7C+cell_type+%3D%3D+LHPV5c1+%7C%7C+cell_type+%3D%3D+VM2_adPN+%7C%7C+cell_type+%3D%3D+SLP378+%7C%7C+cell_type+%3D%3D+MBON16+%7C%7C+cell_type+%3D%3D+PPL103+%7C%7C+cell_type+%3D%3D+DM6_adPN+%7C%7C+cell_type+%3D%3D+VC3_adPN+%7C%7C+cell_type+%3D%3D+DA2_lPN+%7C%7C+cell_type+%3D%3D+PPL202+%7C%7C+cell_type+%3D%3D+LHMB1+%7C%7C+cell_type+%3D%3D+SLP369,SLP370+%7C%7C+cell_type+%3D%3D+LHPV5c3+%7C%7C+cell_type+%3D%3D+CB1473+%7C%7C+cell_type+%3D%3D+VP3+_l2PN+%7C%7C+cell_type+%3D%3D+M_vPNml87+%7C%7C+cell_type+%3D%3D+KCa'b'+%7C%7C+cell_type+%3D%3D+CB3202+%7C%7C+cell_type+%3D%3D+SLP208+%7C%7C+cell_type+%3D%3D+PAM15+%7C%7C+cell_type+%3D%3D+lLN2P_c+%7C%7C+cell_type+%3D%3D+PAM07+%7C%7C+cell_type+%3D%3D+lLN2X03+%7C%7C+cell_type+%3D%3D+CB1160+%7C%7C+cell_type+%3D%3D+CB1567+%7C%7C+cell_type+%3D%3D+SLP291+%7C%7C+cell_type+%3D%3D+CB2185+%7C%7C+cell_type+%3D%3D+KCg-d+%7C%7C+cell_type+%3D%3D+CB2819+%7C%7C+cell_type+%3D%3D+CB2358+%7C%7C+cell_type+%3D%3D+LHAV7a7+%7C%7C+cell_type+%3D%3D+LHAD3a10+%7C%7C+cell_type+%3D%3D+CB3110+%7C%7C+cell_type+%3D%3D+SLP289+%7C%7C+cell_type+%3D%3D+CB3570+%7C%7C+cell_type+%3D%3D+LHPV1c1+%7C%7C+cell_type+%3D%3D+SIP014,SIP016+%7C%7C+cell_type+%3D%3D+aSP-f3+%7C%7C+cell_type+%3D%3D+LHAD3a8+%7C%7C+cell_type+%3D%3D+LHPD4b1a+%7C%7C+cell_type+%3D%3D+M_l2PNl20+%7C%7C+cell_type+%3D%3D+CB3447+%7C%7C+cell_type+%3D%3D+M_vPNml75+%7C%7C+cell_type+%3D%3D+CB3774+%7C%7C+cell_type+%3D%3D+CB1846+%7C%7C+cell_type+%3D%3D+CB1073+%7C%7C+cell_type+%3D%3D+CB0965+%7C%7C+cell_type+%3D%3D+SLP149+%7C%7C+cell_type+%3D%3D+CB1501+%7C%7C+cell_type+%3D%3D+MBON17+%7C%7C+cell_type+%3D%3D+CB2105+%7C%7C+cell_type+%3D%3D+LHPD3c1+%7C%7C+cell_type+%3D%3D+CB3133+%7C%7C+cell_type+%3D%3D+LHPV5b6+%7C%7C+cell_type+%3D%3D+LHPD4b1b+%7C%7C+cell_type+%3D%3D+lLN2T_d+%7C%7C+cell_type+%3D%3D+CB2910+%7C%7C+cell_type+%3D%3D+LHPV2a5+%7C%7C+cell_type+%3D%3D+CB2552+%7C%7C+cell_type+%3D%3D+PPL201+%7C%7C+cell_type+%3D%3D+lLN2P_a+%7C%7C+cell_type+%3D%3D+l2LN22+%7C%7C+cell_type+%3D%3D+CB3698+%7C%7C+cell_type+%3D%3D+SIP015+%7C%7C+cell_type+%3D%3D+LHAV4a1_b+%7C%7C+cell_type+%3D%3D+MB-C1+%7C%7C+cell_type+%3D%3D+CB3185+%7C%7C+cell_type+%3D%3D+CB1035+%7C%7C+cell_type+%3D%3D+CB1334+%7C%7C+cell_type+%3D%3D+CB2920+%7C%7C+cell_type+%3D%3D+CB2524+%7C%7C+cell_type+%3D%3D+CB3223+%7C%7C+cell_type+%3D%3D+lLN2P_b+%7C%7C+cell_type+%3D%3D+CB2892+%7C%7C+cell_type+%3D%3D+lLN2T_b+%7C%7C+cell_type+%3D%3D+PAM02+%7C%7C+cell_type+%3D%3D+M_vPNml63+%7C%7C+cell_type+%3D%3D+CB2129+%7C%7C+cell_type+%3D%3D+VM7v_adPN+%7C%7C+cell_type+%3D%3D+DC1_adPN+%7C%7C+cell_type+%3D%3D+VA3_adPN+%7C%7C+cell_type+%3D%3D+DM3_adPN+%7C%7C+cell_type+%3D%3D+MBON02+%7C%7C+cell_type+%3D%3D+M_adPNm5+%7C%7C+cell_type+%3D%3D+DL2v_adPN+%7C%7C+cell_type+%3D%3D+VM7d_adPN+%7C%7C+cell_type+%3D%3D+VC4_adPN+%7C%7C+cell_type+%3D%3D+M_adPNm8+%7C%7C+cell_type+%3D%3D+M_adPNm7+%7C%7C+cell_type+%3D%3D+DL1_adPN+%7C%7C+cell_type+%3D%3D+OA-VUMa5+%7C%7C+cell_type+%3D%3D+DC4_adPN+%7C%7C+cell_type+%3D%3D+DL5_adPN+%7C%7C+cell_type+%3D%3D+VA7l_adPN+%7C%7C+cell_type+%3D%3D+DC3_adPN+%7C%7C+cell_type+%3D%3D+PAM11+%7C%7C+cell_type+%3D%3D+PAM12+%7C%7C+cell_type+%3D%3D+VL2p_adPN+%7C%7C+cell_type+%3D%3D+DPM+%7C%7C+cell_type+%3D%3D+KCapbp-ap1+%7C%7C+cell_type+%3D%3D+MBON13+%7C%7C+cell_type+%3D%3D+MBON12+%7C%7C+cell_type+%3D%3D+LHPD4c1+%7C%7C+cell_type+%3D%3D+CB1134+%7C%7C+cell_type+%3D%3D+LHPD5c1+%7C%7C+cell_type+%3D%3D+SLP290+%7C%7C+cell_type+%3D%3D+M_spPN4t9+%7C%7C+cell_type+%3D%3D+lLN2T_c+%7C%7C+cell_type+%3D%3D+MBON11+%7C%7C+cell_type+%3D%3D+CB2845+%7C%7C+cell_type+%3D%3D+lLN2X02+%7C%7C+cell_type+%3D%3D+lLN1_a+%7C%7C+cell_type+%3D%3D+CB1141,CB1285+%7C%7C+cell_type+%3D%3D+lLN2X12+%7C%7C+cell_type+%3D%3D+DC2_adPN+%7C%7C+cell_type+%3D%3D+VM6_adPN+%7C%7C+cell_type+%3D%3D+v2LN41a+%7C%7C+cell_type+%3D%3D+v2LN32+%7C%7C+cell_type+%3D%3D+PAM10+%7C%7C+cell_type+%3D%3D+SLP400b+%7C%7C+cell_type+%3D%3D+v2LN46b+%7C%7C+cell_type+%3D%3D+CB3326+%7C%7C+cell_type+%3D%3D+v2LN41b+%7C%7C+cell_type+%3D%3D+v2LN3A1_b+%7C%7C+cell_type+%3D%3D+DA4l_adPN+%7C%7C+cell_type+%3D%3D+CB3633+%7C%7C+cell_type+%3D%3D+CB2571+%7C%7C+cell_type+%3D%3D+VP2_adPN+%7C%7C+cell_type+%3D%3D+M_adPNm3+%7C%7C+cell_type+%3D%3D+VA6_adPN+%7C%7C+cell_type+%3D%3D+vLN28,vLN29+%7C%7C+cell_type+%3D%3D+CB3417+%7C%7C+cell_type+%3D%3D+PAM04+%7C%7C+cell_type+%3D%3D+VM4_adPN+%7C%7C+cell_type+%3D%3D+CB3124+%7C%7C+cell_type+%3D%3D+CB1924+%7C%7C+cell_type+%3D%3D+LHAD4a1+%7C%7C+cell_type+%3D%3D+LHAV6a3+%7C%7C+cell_type+%3D%3D+M_vPNml65+%7C%7C+cell_type+%3D%3D+CB1668+%7C%7C+cell_type+%3D%3D+v2LN49+%7C%7C+cell_type+%3D%3D+CB2772+%7C%7C+cell_type+%3D%3D+DA1_vPN+%7C%7C+cell_type+%3D%3D+M_vPNml69+%7C%7C+cell_type+%3D%3D+VP3+_vPN+%7C%7C+cell_type+%3D%3D+DP1l_vPN+%7C%7C+cell_type+%3D%3D+VA1v_vPN+%7C%7C+cell_type+%3D%3D+CB2661+%7C%7C+cell_type+%3D%3D+CB1013+%7C%7C+cell_type+%3D%3D+CB2527+%7C%7C+cell_type+%3D%3D+vLN27+%7C%7C+cell_type+%3D%3D+CB2569+%7C%7C+cell_type+%3D%3D+M_vPNml67+%7C%7C+cell_type+%3D%3D+CB3172+%7C%7C+cell_type+%3D%3D+CB1545+%7C%7C+cell_type+%3D%3D+v2LN40_2+%7C%7C+cell_type+%3D%3D+CB2345+%7C%7C+cell_type+%3D%3D+M_vPNml52+%7C%7C+cell_type+%3D%3D+vLN24+%7C%7C+cell_type+%3D%3D+v2LN46a+%7C%7C+cell_type+%3D%3D+v2LN47+%7C%7C+cell_type+%3D%3D+VC5_lvPN+%7C%7C+cell_type+%3D%3D+M_vPNml51+%7C%7C+cell_type+%3D%3D+v2LN3A1_a+%7C%7C+cell_type+%3D%3D+v2LN42b+%7C%7C+cell_type+%3D%3D+v2LN33+%7C%7C+cell_type+%3D%3D+v2LN36+%7C%7C+cell_type+%3D%3D+CB3048+%7C%7C+cell_type+%3D%3D+VP1d_il2PN+%7C%7C+cell_type+%3D%3D+lLN2X07+%7C%7C+cell_type+%3D%3D+CB1132+%7C%7C+cell_type+%3D%3D+CB2711+%7C%7C+cell_type+%3D%3D+SLP151+%7C%7C+cell_type+%3D%3D+M_vPNml53+%7C%7C+cell_type+%3D%3D+DM3_vPN+%7C%7C+cell_type+%3D%3D+M_vPNml83+%7C%7C+cell_type+%3D%3D+CB2561+%7C%7C+cell_type+%3D%3D+VP4_vPN+%7C%7C+cell_type+%3D%3D+M_vPNml55+%7C%7C+cell_type+%3D%3D+VP1m+VP5_ilPN+%7C%7C+cell_type+%3D%3D+M_vPNml86+%7C%7C+cell_type+%3D%3D+DC4_vPN+%7C%7C+cell_type+%3D%3D+KCapbp-m+%7C%7C+cell_type+%3D%3D+KCab-p+%7C%7C+cell_type+%3D%3D+MBON18+%7C%7C+cell_type+%3D%3D+VA7m_lPN+%7C%7C+cell_type+%3D%3D+CB1824+%7C%7C+cell_type+%3D%3D+CB2504+%7C%7C+cell_type+%3D%3D+CB1546+%7C%7C+cell_type+%3D%3D+lLN9,lLN17a+%7C%7C+cell_type+%3D%3D+VP1d+VP4_l2PN1+%7C%7C+cell_type+%3D%3D+VP1d+VP4_l2PN2+%7C%7C+cell_type+%3D%3D+lLN13+%7C%7C+cell_type+%3D%3D+lLN2T_e+%7C%7C+cell_type+%3D%3D+lLN15+%7C%7C+cell_type+%3D%3D+DM5_lPN+%7C%7C+cell_type+%3D%3D+lLN2X06+%7C%7C+cell_type+%3D%3D+lLN2X11+%7C%7C+cell_type+%3D%3D+CB1686+%7C%7C+cell_type+%3D%3D+lLN2X10+%7C%7C+cell_type+%3D%3D+LHCENT5+%7C%7C+cell_type+%3D%3D+M_lvPNm47+%7C%7C+cell_type+%3D%3D+M_lvPNm39+%7C%7C+cell_type+%3D%3D+CB2004+%7C%7C+cell_type+%3D%3D+M_lvPNm35+%7C%7C+cell_type+%3D%3D+M_VPNml66+%7C%7C+cell_type+%3D%3D+v2LN42a+%7C%7C+cell_type+%3D%3D+VL1_vPN+%7C%7C+cell_type+%3D%3D+CB3198+%7C%7C+cell_type+%3D%3D+ALON3+%7C%7C+cell_type+%3D%3D+SLP288c+%7C%7C+cell_type+%3D%3D+CB2372+%7C%7C+cell_type+%3D%3D+M_vPNml77+%7C%7C+cell_type+%3D%3D+l2LN19+%7C%7C+cell_type+%3D%3D+M_lvPNm37+%7C%7C+cell_type+%3D%3D+l2LN21+%7C%7C+cell_type+%3D%3D+M_lvPNm26+%7C%7C+cell_type+%3D%3D+LN60a+%7C%7C+cell_type+%3D%3D+VP5+_l2PN,VP5+VP2_l2PN+%7C%7C+cell_type+%3D%3D+lLN8+%7C%7C+cell_type+%3D%3D+M_l2PNl21+%7C%7C+cell_type+%3D%3D+M_lvPNm25+%7C%7C+cell_type+%3D%3D+M_l2PNl23+%7C%7C+cell_type+%3D%3D+M_l2PNm16+%7C%7C+cell_type+%3D%3D+VP2_l2PN+%7C%7C+cell_type+%3D%3D+M_l2PNm17+%7C%7C+cell_type+%3D%3D+V_l2PN+%7C%7C+cell_type+%3D%3D+VC1_lPN+%7C%7C+cell_type+%3D%3D+CB4219+%7C%7C+cell_type+%3D%3D+SLP240_a+%7C%7C+cell_type+%3D%3D+ALIN7+%7C%7C+cell_type+%3D%3D+MBON24+%7C%7C+cell_type+%3D%3D+LHPV5a5+%7C%7C+cell_type+%3D%3D+PPL104+%7C%7C+cell_type+%3D%3D+PPL106+%7C%7C+cell_type+%3D%3D+PPL105+%7C%7C+cell_type+%3D%3D+LHPV5b2+%7C%7C+cell_type+%3D%3D+CB2199+%7C%7C+cell_type+%3D%3D+M_lvPNm27+%7C%7C+cell_type+%3D%3D+M_lvPNm28+%7C%7C+cell_type+%3D%3D+CB2977+%7C%7C+cell_type+%3D%3D+SLP314+%7C%7C+cell_type+%3D%3D+CB2945+%7C%7C+cell_type+%3D%3D+LHAV7a4b+%7C%7C+cell_type+%3D%3D+SLP102+%7C%7C+cell_type+%3D%3D+LHAD2c3b+%7C%7C+cell_type+%3D%3D+M_lvPNm24+%7C%7C+cell_type+%3D%3D+M_lvPNm40+%7C%7C+cell_type+%3D%3D+CB3383+%7C%7C+cell_type+%3D%3D+VP1l+_lvPN+%7C%7C+cell_type+%3D%3D+M_lvPNm43+%7C%7C+cell_type+%3D%3D+VP1m+VP2_lvPN1+%7C%7C+cell_type+%3D%3D+M_lvPNm48+%7C%7C+cell_type+%3D%3D+CB1988+%7C%7C+cell_type+%3D%3D+CB3457+%7C%7C+cell_type+%3D%3D+SLP464+%7C%7C+cell_type+%3D%3D+CB1079+%7C%7C+cell_type+%3D%3D+LHPV7b1+%7C%7C+cell_type+%3D%3D+LHPV7a1a+%7C%7C+cell_type+%3D%3D+CB3664+%7C%7C+cell_type+%3D%3D+LHAD2c2+%7C%7C+cell_type+%3D%3D+CB2360+%7C%7C+cell_type+%3D%3D+LHAV1a1+%7C%7C+cell_type+%3D%3D+CB1305+%7C%7C+cell_type+%3D%3D+LHAD1b3+%7C%7C+cell_type+%3D%3D+LHPV5a1+%7C%7C+cell_type+%3D%3D+CB2960+%7C%7C+cell_type+%3D%3D+SLP275+%7C%7C+cell_type+%3D%3D+CB3464+%7C%7C+cell_type+%3D%3D+CB1658+%7C%7C+cell_type+%3D%3D+CB2828+%7C%7C+cell_type+%3D%3D+LHAV3e6+%7C%7C+cell_type+%3D%3D+LHAD1f2+%7C%7C+cell_type+%3D%3D+SLP057+%7C%7C+cell_type+%3D%3D+CB3359+%7C%7C+cell_type+%3D%3D+LHPV4b3+%7C%7C+cell_type+%3D%3D+CB2707+%7C%7C+cell_type+%3D%3D+CB2243+%7C%7C+cell_type+%3D%3D+CB2744+%7C%7C+cell_type+%3D%3D+CSD+%7C%7C+cell_type+%3D%3D+il3LN6+%7C%7C+cell_type+%3D%3D+ALIN4+%7C%7C+cell_type+%3D%3D+ALIN5+%7C%7C+cell_type+%3D%3D+MBON05+%7C%7C+cell_type+%3D%3D+v2LN38+%7C%7C+cell_type+%3D%3D+ALBN1+%7C%7C+cell_type+%3D%3D+mALB3+%7C%7C+cell_type+%3D%3D+PAM13+%7C%7C+cell_type+%3D%3D+MBON03+%7C%7C+cell_type+%3D%3D+M_smPNm1+%7C%7C+cell_type+%3D%3D+CB2384+%7C%7C+cell_type+%3D%3D+MBON06+%7C%7C+cell_type+%3D%3D+mALB1+%7C%7C+cell_type+%3D%3D+M_imPNl92+%7C%7C+cell_type+%3D%3D+VP3+VP1l_ivPN+%7C%7C+cell_type+%3D%3D+DL4_adPN+%7C%7C+cell_type+%3D%3D+CB0650+%7C%7C+cell_type+%3D%3D+VP5+VP3_l2PN+%7C%7C+cell_type+%3D%3D+SLP405+%7C%7C+cell_type+%3D%3D+CB1306+%7C%7C+cell_type+%3D%3D+CB3043+%7C%7C+cell_type+%3D%3D+SLP455+%7C%7C+cell_type+%3D%3D+CB3169+%7C%7C+cell_type+%3D%3D+LHPV5b1+%7C%7C+cell_type+%3D%3D+LHCENT2+%7C%7C+cell_type+%3D%3D+LHPV6g1+%7C%7C+cell_type+%3D%3D+AVLP043+%7C%7C+cell_type+%3D%3D+v2LN37+%7C%7C+cell_type+%3D%3D+LHPV6p1+%7C%7C+cell_type+%3D%3D+LHPV4l1+%7C%7C+cell_type+%3D%3D+CL080+%7C%7C+cell_type+%3D%3D+CB1574+%7C%7C+cell_type+%3D%3D+LHAV1a3+%7C%7C+cell_type+%3D%3D+M_lvPNm29+%7C%7C+cell_type+%3D%3D+CB1656+%7C%7C+cell_type+%3D%3D+CB3787+%7C%7C+cell_type+%3D%3D+CB2979+%7C%7C+cell_type+%3D%3D+SLP241+%7C%7C+cell_type+%3D%3D+CB1405+%7C%7C+cell_type+%3D%3D+LHPV6k2+%7C%7C+cell_type+%3D%3D+CB2141+%7C%7C+cell_type+%3D%3D+CB3131+%7C%7C+cell_type+%3D%3D+CB1246+%7C%7C+cell_type+%3D%3D+LHAV3g1+%7C%7C+cell_type+%3D%3D+CB1899+%7C%7C+cell_type+%3D%3D+LHPV4b9+%7C%7C+cell_type+%3D%3D+CB2932+%7C%7C+cell_type+%3D%3D+CB1928+%7C%7C+cell_type+%3D%3D+LHPV6h2+%7C%7C+cell_type+%3D%3D+CB3361+%7C%7C+cell_type+%3D%3D+CB2060+%7C%7C+cell_type+%3D%3D+CB3290+%7C%7C+cell_type+%3D%3D+LHPV4a1,LHPV4a2+%7C%7C+cell_type+%3D%3D+CB0973+%7C%7C+cell_type+%3D%3D+CB2174+%7C%7C+cell_type+%3D%3D+CB1060+%7C%7C+cell_type+%3D%3D+LHPV5b3+%7C%7C+cell_type+%3D%3D+SLP103+%7C%7C+cell_type+%3D%3D+CB2998+%7C%7C+cell_type+%3D%3D+LHAV4j1+%7C%7C+cell_type+%3D%3D+SLP274+%7C%7C+cell_type+%3D%3D+LHCENT12a+%7C%7C+cell_type+%3D%3D+LHCENT3+%7C%7C+cell_type+%3D%3D+LHCENT6+%7C%7C+cell_type+%3D%3D+CB2687+%7C%7C+cell_type+%3D%3D+LHAV3k6+%7C%7C+cell_type+%3D%3D+LHAV2b2b+%7C%7C+cell_type+%3D%3D+CB1861+%7C%7C+cell_type+%3D%3D+LHPV2a1_d+%7C%7C+cell_type+%3D%3D+LHAV3k2+%7C%7C+cell_type+%3D%3D+LHAV3m1+%7C%7C+cell_type+%3D%3D+LHAD1f3d+%7C%7C+cell_type+%3D%3D+SLP209+%7C%7C+cell_type+%3D%3D+LHPV2g1+%7C%7C+cell_type+%3D%3D+LHAV2k8+%7C%7C+cell_type+%3D%3D+LHAV5d1+%7C%7C+cell_type+%3D%3D+SLP036+%7C%7C+cell_type+%3D%3D+LHPV2h1+%7C%7C+cell_type+%3D%3D+LHAV2b10+%7C%7C+cell_type+%3D%3D+CB1640+%7C%7C+cell_type+%3D%3D+LHAV2b2a+%7C%7C+cell_type+%3D%3D+CB1241+%7C%7C+cell_type+%3D%3D+SLP256+%7C%7C+cell_type+%3D%3D+CB1105+%7C%7C+cell_type+%3D%3D+SLP255+%7C%7C+cell_type+%3D%3D+LHAV2o1+%7C%7C+cell_type+%3D%3D+SLP070+%7C%7C+cell_type+%3D%3D+LHAV2n1+%7C%7C+cell_type+%3D%3D+CB1432+%7C%7C+cell_type+%3D%3D+CB1170+%7C%7C+cell_type+%3D%3D+CB3190+%7C%7C+cell_type+%3D%3D+MBON15-like+%7C%7C+cell_type+%3D%3D+LHAV3e3a+%7C%7C+cell_type+%3D%3D+CB3356+%7C%7C+cell_type+%3D%3D+CB2211+%7C%7C+cell_type+%3D%3D+LHAV6b4+%7C%7C+cell_type+%3D%3D+CB2532+%7C%7C+cell_type+%3D%3D+CB3476+%7C%7C+cell_type+%3D%3D+SLP065+%7C%7C+cell_type+%3D%3D+CB2796+%7C%7C+cell_type+%3D%3D+CB1289+%7C%7C+cell_type+%3D%3D+CB1104+%7C%7C+cell_type+%3D%3D+LHPV6l1+%7C%7C+cell_type+%3D%3D+CB2919+%7C%7C+cell_type+%3D%3D+CB3208+%7C%7C+cell_type+%3D%3D+CB2701+%7C%7C+cell_type+%3D%3D+CB2442+%7C%7C+cell_type+%3D%3D+CB1663+%7C%7C+cell_type+%3D%3D+CB2148+%7C%7C+cell_type+%3D%3D+LHAV2k6+%7C%7C+cell_type+%3D%3D+LHAD1d1+%7C%7C+cell_type+%3D%3D+LHAV4g1b+%7C%7C+cell_type+%3D%3D+LHAD1b2_a,LHAD1b2_c+%7C%7C+cell_type+%3D%3D+CB2747+%7C%7C+cell_type+%3D%3D+LHAD1f3b+%7C%7C+cell_type+%3D%3D+LHAV4e1_a+%7C%7C+cell_type+%3D%3D+LHPV6c1+%7C%7C+cell_type+%3D%3D+CB0396+%7C%7C+cell_type+%3D%3D+CB1184+%7C%7C+cell_type+%3D%3D+CB3966+%7C%7C+cell_type+%3D%3D+CB1524+%7C%7C+cell_type+%3D%3D+LHAV3d1+%7C%7C+cell_type+%3D%3D+CB1990+%7C%7C+cell_type+%3D%3D+LHAD1c2b+%7C%7C+cell_type+%3D%3D+CB1759+%7C%7C+cell_type+%3D%3D+LHAV5a10_b+%7C%7C+cell_type+%3D%3D+CB3314+%7C%7C+cell_type+%3D%3D+LHAV4i1+%7C%7C+cell_type+%3D%3D+LHAD1a2+%7C%7C+cell_type+%3D%3D+LHCENT12b+%7C%7C+cell_type+%3D%3D+CB0999+%7C%7C+cell_type+%3D%3D+LHAV2b1+%7C%7C+cell_type+%3D%3D+CB1843+%7C%7C+cell_type+%3D%3D+CB2069+%7C%7C+cell_type+%3D%3D+LHAD1d2+%7C%7C+cell_type+%3D%3D+CB2290+%7C%7C+cell_type+%3D%3D+CB1102+%7C%7C+cell_type+%3D%3D+CB2482+%7C%7C+cell_type+%3D%3D+LHAV1b1+%7C%7C+cell_type+%3D%3D+CB1518+%7C%7C+cell_type+%3D%3D+CB3284+%7C%7C+cell_type+%3D%3D+LHAV4g17+%7C%7C+cell_type+%3D%3D+CB1961+%7C%7C+cell_type+%3D%3D+LHAD1c2c+%7C%7C+cell_type+%3D%3D+CB1870+%7C%7C+cell_type+%3D%3D+CB2831+%7C%7C+cell_type+%3D%3D+LHAV4a2+%7C%7C+cell_type+%3D%3D+LHAV3h1+%7C%7C+cell_type+%3D%3D+CB1664+%7C%7C+cell_type+%3D%3D+LHAV4l1+%7C%7C+cell_type+%3D%3D+CB1991+%7C%7C+cell_type+%3D%3D+LHAD1b4+%7C%7C+cell_type+%3D%3D+CB2051+%7C%7C+cell_type+%3D%3D+LHAD1f1b+%7C%7C+cell_type+%3D%3D+CB1864+%7C%7C+cell_type+%3D%3D+CB1359+%7C%7C+cell_type+%3D%3D+CB1154+%7C%7C+cell_type+%3D%3D+LHPV3b1_b+%7C%7C+cell_type+%3D%3D+CB1413+%7C%7C+cell_type+%3D%3D+SLP016+%7C%7C+cell_type+%3D%3D+LHPV6j1+%7C%7C+cell_type+%3D%3D+SLP377+%7C%7C+cell_type+%3D%3D+CB3268+%7C%7C+cell_type+%3D%3D+CB2419+%7C%7C+cell_type+%3D%3D+CB2048+%7C%7C+cell_type+%3D%3D+CB3036+%7C%7C+cell_type+%3D%3D+CB3697+%7C%7C+cell_type+%3D%3D+CB1527+%7C%7C+cell_type+%3D%3D+CB2116+%7C%7C+cell_type+%3D%3D+CB2560+%7C%7C+cell_type+%3D%3D+CB2724+%7C%7C+cell_type+%3D%3D+CB0948+%7C%7C+cell_type+%3D%3D+CB1912+%7C%7C+cell_type+%3D%3D+CB3148+%7C%7C+cell_type+%3D%3D+LHPV2c2a+%7C%7C+cell_type+%3D%3D+CB3040+%7C%7C+cell_type+%3D%3D+CB3081+%7C%7C+cell_type+%3D%3D+CB1218+%7C%7C+cell_type+%3D%3D+CB2135+%7C%7C+cell_type+%3D%3D+LHAV4b2+%7C%7C+cell_type+%3D%3D+CB2045+%7C%7C+cell_type+%3D%3D+AVLP010+%7C%7C+cell_type+%3D%3D+CB2470+%7C%7C+cell_type+%3D%3D+CB1515+%7C%7C+cell_type+%3D%3D+CB3248+%7C%7C+cell_type+%3D%3D+CB2715+%7C%7C+cell_type+%3D%3D+CB3293+%7C%7C+cell_type+%3D%3D+CB2965+%7C%7C+cell_type+%3D%3D+CB1976+%7C%7C+cell_type+%3D%3D+CB3012+%7C%7C+cell_type+%3D%3D+CB2914+%7C%7C+cell_type+%3D%3D+CB1755+%7C%7C+cell_type+%3D%3D+CB2976+%7C%7C+cell_type+%3D%3D+LHAV5a2_a1+%7C%7C+cell_type+%3D%3D+CB2387+%7C%7C+cell_type+%3D%3D+CB2904+%7C%7C+cell_type+%3D%3D+CB2952+%7C%7C+cell_type+%3D%3D+CB2691+%7C%7C+cell_type+%3D%3D+CB3728+%7C%7C+cell_type+%3D%3D+LHPV6l2+%7C%7C+cell_type+%3D%3D+CB3021+%7C%7C+cell_type+%3D%3D+SLP106+%7C%7C+cell_type+%3D%3D+FB8H+%7C%7C+cell_type+%3D%3D+CB2421+%7C%7C+cell_type+%3D%3D+CB1665+%7C%7C+cell_type+%3D%3D+CB1155+%7C%7C+cell_type+%3D%3D+CB2335+%7C%7C+cell_type+%3D%3D+CB3123+%7C%7C+cell_type+%3D%3D+CB3283+%7C%7C+cell_type+%3D%3D+CB2973+%7C%7C+cell_type+%3D%3D+CB1804+%7C%7C+cell_type+%3D%3D+CB1701+%7C%7C+cell_type+%3D%3D+CB3590+%7C%7C+cell_type+%3D%3D+CB1442+%7C%7C+cell_type+%3D%3D+LHAV4g1c+%7C%7C+cell_type+%3D%3D+LHAV4c1+%7C%7C+cell_type+%3D%3D+LHPV4d3+%7C%7C+cell_type+%3D%3D+CB2022+%7C%7C+cell_type+%3D%3D+CB1293+%7C%7C+cell_type+%3D%3D+LHPD4d1+%7C%7C+cell_type+%3D%3D+VL1_ilPN+%7C%7C+cell_type+%3D%3D+LHPV2e1_a+%7C%7C+cell_type+%3D%3D+CB1276+%7C%7C+cell_type+%3D%3D+CB2750+%7C%7C+cell_type+%3D%3D+CB1244+%7C%7C+cell_type+%3D%3D+CB0997+%7C%7C+cell_type+%3D%3D+CB1860+%7C%7C+cell_type+%3D%3D+CB1457+%7C%7C+cell_type+%3D%3D+MBON15+%7C%7C+cell_type+%3D%3D+LHAV7a3+%7C%7C+cell_type+%3D%3D+CB2298+%7C%7C+cell_type+%3D%3D+CB1245+%7C%7C+cell_type+%3D%3D+LHAD1a4c+%7C%7C+cell_type+%3D%3D+SLP132+%7C%7C+cell_type+%3D%3D+CB2876+%7C%7C+cell_type+%3D%3D+CB3085+%7C%7C+cell_type+%3D%3D+CB1182+%7C%7C+cell_type+%3D%3D+SLP048+%7C%7C+cell_type+%3D%3D+LHAD2e1+%7C%7C+cell_type+%3D%3D+SLP001+%7C%7C+cell_type+%3D%3D+CB1003+%7C%7C+cell_type+%3D%3D+LHAV3g2+%7C%7C+cell_type+%3D%3D+CB0947+%7C%7C+cell_type+%3D%3D+LHPV3a1+%7C%7C+cell_type+%3D%3D+CB1307+%7C%7C+cell_type+%3D%3D+CB2991+%7C%7C+cell_type+%3D%3D+CB2208+%7C%7C+cell_type+%3D%3D+CB1419+%7C%7C+cell_type+%3D%3D+CB1604+%7C%7C+cell_type+%3D%3D+LHPV4a11+%7C%7C+cell_type+%3D%3D+CB2733+%7C%7C+cell_type+%3D%3D+CB1114+%7C%7C+cell_type+%3D%3D+CB2759+%7C%7C+cell_type+%3D%3D+CB3393+%7C%7C+cell_type+%3D%3D+LHPV6a3+%7C%7C+cell_type+%3D%3D+CB2522+%7C%7C+cell_type+%3D%3D+CB3278+%7C%7C+cell_type+%3D%3D+CB3030+%7C%7C+cell_type+%3D%3D+CB2047+%7C%7C+cell_type+%3D%3D+CB1570+%7C%7C+cell_type+%3D%3D+LHPV4c3, LHPV4c4+%7C%7C+cell_type+%3D%3D+CB2581+%7C%7C+cell_type+%3D%3D+CB2596+%7C%7C+cell_type+%3D%3D+CB2087+%7C%7C+cell_type+%3D%3D+CB2089+%7C%7C+cell_type+%3D%3D+CB1811+%7C%7C+cell_type+%3D%3D+CB2215+%7C%7C+cell_type+%3D%3D+SLP041+%7C%7C+cell_type+%3D%3D+LHAV2f2_b+%7C%7C+cell_type+%3D%3D+CB1771+%7C%7C+cell_type+%3D%3D+CB2531+%7C%7C+cell_type+%3D%3D+LHPV4g1+%7C%7C+cell_type+%3D%3D+LHPV4h3+%7C%7C+cell_type+%3D%3D+SLP012+%7C%7C+cell_type+%3D%3D+CB0996+%7C%7C+cell_type+%3D%3D+CB2463+%7C%7C+cell_type+%3D%3D+CB1100+%7C%7C+cell_type+%3D%3D+CB3553+%7C%7C+cell_type+%3D%3D+SLP027+%7C%7C+cell_type+%3D%3D+CB0969+%7C%7C+cell_type+%3D%3D+LHAD1a1+%7C%7C+cell_type+%3D%3D+CB1735+%7C%7C+cell_type+%3D%3D+CB2714+%7C%7C+cell_type+%3D%3D+CB1503+%7C%7C+cell_type+%3D%3D+CB3117+%7C%7C+cell_type+%3D%3D+CB2078+%7C%7C+cell_type+%3D%3D+LHPV4a9+%7C%7C+cell_type+%3D%3D+LHAV1d2+%7C%7C+cell_type+%3D%3D+CB2771+%7C%7C+cell_type+%3D%3D+CB3285+%7C%7C+cell_type+%3D%3D+LHAV5a2_a3+%7C%7C+cell_type+%3D%3D+LHPV4a1+%7C%7C+cell_type+%3D%3D+CB3073+%7C%7C+cell_type+%3D%3D+CB1637+%7C%7C+cell_type+%3D%3D+CB3092+%7C%7C+cell_type+%3D%3D+CB2786+%7C%7C+cell_type+%3D%3D+LHAV5e1+%7C%7C+cell_type+%3D%3D+CB2764+%7C%7C+cell_type+%3D%3D+LHAD1c2a+%7C%7C+cell_type+%3D%3D+CB3468+%7C%7C+cell_type+%3D%3D+CB3175+%7C%7C+cell_type+%3D%3D+CB1237+%7C%7C+cell_type+%3D%3D+CB1212+%7C%7C+cell_type+%3D%3D+CB2064+%7C%7C+cell_type+%3D%3D+CB1402+%7C%7C+cell_type+%3D%3D+CB3686+%7C%7C+cell_type+%3D%3D+CB1485+%7C%7C+cell_type+%3D%3D+CB1389+%7C%7C+cell_type+%3D%3D+CB2378+%7C%7C+cell_type+%3D%3D+CB1167+%7C%7C+cell_type+%3D%3D+SLP128+%7C%7C+cell_type+%3D%3D+LHAD1b1_b+%7C%7C+cell_type+%3D%3D+CB3726+%7C%7C+cell_type+%3D%3D+CB1238+%7C%7C+cell_type+%3D%3D+CB2007+%7C%7C+cell_type+%3D%3D+LHAV5a2_a4+%7C%7C+cell_type+%3D%3D+SLP141,SLP142+%7C%7C+cell_type+%3D%3D+CB2782+%7C%7C+cell_type+%3D%3D+LHPV4a10+%7C%7C+cell_type+%3D%3D+CB2835+%7C%7C+cell_type+%3D%3D+CB2448+%7C%7C+cell_type+%3D%3D+CB2616+%7C%7C+cell_type+%3D%3D+SLP344+%7C%7C+cell_type+%3D%3D+CB2906+%7C%7C+cell_type+%3D%3D+CB3762+%7C%7C+cell_type+%3D%3D+CB1909+%7C%7C+cell_type+%3D%3D+LHAV4b1+%7C%7C+cell_type+%3D%3D+CB3047+%7C%7C+cell_type+%3D%3D+CB2427+%7C%7C+cell_type+%3D%3D+CB1156+%7C%7C+cell_type+%3D%3D+CB2757+%7C%7C+cell_type+%3D%3D+CB3424+%7C%7C+cell_type+%3D%3D+CB2053+%7C%7C+cell_type+%3D%3D+CB2136+%7C%7C+cell_type+%3D%3D+CB1150+%7C%7C+cell_type+%3D%3D+CB1560+%7C%7C+cell_type+%3D%3D+CB1401+%7C%7C+cell_type+%3D%3D+CB1387+%7C%7C+cell_type+%3D%3D+LHPV6d1+%7C%7C+cell_type+%3D%3D+CB2958+%7C%7C+cell_type+%3D%3D+CB1483+%7C%7C+cell_type+%3D%3D+CB1258+%7C%7C+cell_type+%3D%3D+CB2480+%7C%7C+cell_type+%3D%3D+LHAV5a2_b+%7C%7C+cell_type+%3D%3D+CB3008+%7C%7C+cell_type+%3D%3D+CB2797+%7C%7C+cell_type+%3D%3D+CB1067+%7C%7C+cell_type+%3D%3D+CB4141+%7C%7C+cell_type+%3D%3D+CB2798+%7C%7C+cell_type+%3D%3D+CB1363+%7C%7C+cell_type+%3D%3D+CB2699+%7C%7C+cell_type+%3D%3D+CB1939+%7C%7C+cell_type+%3D%3D+CB1981+%7C%7C+cell_type+%3D%3D+CB2677+%7C%7C+cell_type+%3D%3D+CB1619+%7C%7C+cell_type+%3D%3D+SLP300b+%7C%7C+cell_type+%3D%3D+LHPV5c2+%7C%7C+cell_type+%3D%3D+CB1850+%7C%7C+cell_type+%3D%3D+CB3408+%7C%7C+cell_type+%3D%3D+CB3180+%7C%7C+cell_type+%3D%3D+CB3154+%7C%7C+cell_type+%3D%3D+CB2029+%7C%7C+cell_type+%3D%3D+CB2987+%7C%7C+cell_type+%3D%3D+CB0311+%7C%7C+cell_type+%3D%3D+LHAV7a5+%7C%7C+cell_type+%3D%3D+CB2133+%7C%7C+cell_type+%3D%3D+CB1381+%7C%7C+cell_type+%3D%3D+CB3735+%7C%7C+cell_type+%3D%3D+CB2262+%7C%7C+cell_type+%3D%3D+CB2296+%7C%7C+cell_type+%3D%3D+SLP077+%7C%7C+cell_type+%3D%3D+CB1739+%7C%7C+cell_type+%3D%3D+CB2793+%7C%7C+cell_type+%3D%3D+LHPV4a2+%7C%7C+cell_type+%3D%3D+CB1328+%7C%7C+cell_type+%3D%3D+CB2097+%7C%7C+cell_type+%3D%3D+CB1531+%7C%7C+cell_type+%3D%3D+LHAV5a1+%7C%7C+cell_type+%3D%3D+LHCENT13_a+%7C%7C+cell_type+%3D%3D+LHAV6a1+%7C%7C+cell_type+%3D%3D+CB1441+%7C%7C+cell_type+%3D%3D+CB2923+%7C%7C+cell_type+%3D%3D+CB1753+%7C%7C+cell_type+%3D%3D+CB2854+%7C%7C+cell_type+%3D%3D+CB2026+%7C%7C+cell_type+%3D%3D+LHAV3i1+%7C%7C+cell_type+%3D%3D+CB1333+%7C%7C+cell_type+%3D%3D+CB1249+%7C%7C+cell_type+%3D%3D+CB2927+%7C%7C+cell_type+%3D%3D+CB2679+%7C%7C+cell_type+%3D%3D+CB2766+%7C%7C+cell_type+%3D%3D+LHAV2b7_a+%7C%7C+cell_type+%3D%3D+PLP068+%7C%7C+cell_type+%3D%3D+CB2393+%7C%7C+cell_type+%3D%3D+CB2803+%7C%7C+cell_type+%3D%3D+CB1437+%7C%7C+cell_type+%3D%3D+LHPD4a1+%7C%7C+cell_type+%3D%3D+CB2436+%7C%7C+cell_type+%3D%3D+LHAV3e3b+%7C%7C+cell_type+%3D%3D+CB2292+%7C%7C+cell_type+%3D%3D+CB1629+%7C%7C+cell_type+%3D%3D+CB1279+%7C%7C+cell_type+%3D%3D+CB2790+%7C%7C+cell_type+%3D%3D+CB2036+%7C%7C+cell_type+%3D%3D+LHPV4i3+%7C%7C+cell_type+%3D%3D+CB1115+%7C%7C+cell_type+%3D%3D+CB2992+%7C%7C+cell_type+%3D%3D+SIP013b+%7C%7C+cell_type+%3D%3D+CB4244+%7C%7C+cell_type+%3D%3D+CB1106+%7C%7C+cell_type+%3D%3D+CB1448+%7C%7C+cell_type+%3D%3D+CB2862+%7C%7C+cell_type+%3D%3D+LHAV5a2_a2+%7C%7C+cell_type+%3D%3D+CB1217+%7C%7C+cell_type+%3D%3D+CB2725+%7C%7C+cell_type+%3D%3D+CB2877+%7C%7C+cell_type+%3D%3D+LHAV4g1a+%7C%7C+cell_type+%3D%3D+CB2758+%7C%7C+cell_type+%3D%3D+CB2507+%7C%7C+cell_type+%3D%3D+CB2856+%7C%7C+cell_type+%3D%3D+CB1370+%7C%7C+cell_type+%3D%3D+LHAD1a3,LHAD1f5+%7C%7C+cell_type+%3D%3D+CB2802+%7C%7C+cell_type+%3D%3D+CB3160+%7C%7C+cell_type+%3D%3D+LHPV4h1+%7C%7C+cell_type+%3D%3D+LHCENT13_c+%7C%7C+cell_type+%3D%3D+CB1178+%7C%7C+cell_type+%3D%3D+CB2911+%7C%7C+cell_type+%3D%3D+SLP101+%7C%7C+cell_type+%3D%3D+CB1242+%7C%7C+cell_type+%3D%3D+CB2688+%7C%7C+cell_type+%3D%3D+CB1385+%7C%7C+cell_type+%3D%3D+LHCENT1+%7C%7C+cell_type+%3D%3D+SLP226+%7C%7C+cell_type+%3D%3D+CB2079+%7C%7C+cell_type+%3D%3D+CB1776+%7C%7C+cell_type+%3D%3D+CB1901+%7C%7C+cell_type+%3D%3D+CB2446+%7C%7C+cell_type+%3D%3D+CB2812+%7C%7C+cell_type+%3D%3D+CB2773+%7C%7C+cell_type+%3D%3D+CB2738+%7C%7C+cell_type+%3D%3D+CB2887+%7C%7C+cell_type+%3D%3D+CB0994+%7C%7C+cell_type+%3D%3D+CB1799+%7C%7C+cell_type+%3D%3D+LHAV3k3+%7C%7C+cell_type+%3D%3D+CB3294+%7C%7C+cell_type+%3D%3D+LHAV2m1+%7C%7C+cell_type+%3D%3D+CB1113+%7C%7C+cell_type+%3D%3D+CB3733+%7C%7C+cell_type+%3D%3D+CB2019+%7C%7C+cell_type+%3D%3D+CB2915+%7C%7C+cell_type+%3D%3D+CB3777+%7C%7C+cell_type+%3D%3D+CB2399+%7C%7C+cell_type+%3D%3D+CB1987+%7C%7C+cell_type+%3D%3D+LHAD1j1+%7C%7C+cell_type+%3D%3D+CB3087+%7C%7C+cell_type+%3D%3D+LHAV2k10+%7C%7C+cell_type+%3D%3D+SLP158+%7C%7C+cell_type+%3D%3D+CB2842+%7C%7C+cell_type+%3D%3D+LHAV2b11+%7C%7C+cell_type+%3D%3D+CB2805+%7C%7C+cell_type+%3D%3D+LHAV7b1+%7C%7C+cell_type+%3D%3D+LHPV4a7a+%7C%7C+cell_type+%3D%3D+CB3347+%7C%7C+cell_type+%3D%3D+LHAV1d1+%7C%7C+cell_type+%3D%3D+LTe72+%7C%7C+cell_type+%3D%3D+LTe51+%7C%7C+cell_type+%3D%3D+CB3717+%7C%7C+cell_type+%3D%3D+LHPV2d1+%7C%7C+cell_type+%3D%3D+CB1195+%7C%7C+cell_type+%3D%3D+CB2180+%7C%7C+cell_type+%3D%3D+CB2602+%7C%7C+cell_type+%3D%3D+M_adPNm6+%7C%7C+cell_type+%3D%3D+ALIN6+%7C%7C+cell_type+%3D%3D+CB1673+%7C%7C+cell_type+%3D%3D+CB1945+%7C%7C+cell_type+%3D%3D+CB1630+%7C%7C+cell_type+%3D%3D+lLN9+%7C%7C+cell_type+%3D%3D+LHAD1a4b+%7C%7C+cell_type+%3D%3D+CB0510+%7C%7C+cell_type+%3D%3D+LHCENT10+%7C%7C+cell_type+%3D%3D+SLP034+%7C%7C+cell_type+%3D%3D+LHCENT9+%7C%7C+cell_type+%3D%3D+LHCENT8+%7C%7C+cell_type+%3D%3D+LHAD1k1+%7C%7C+cell_type+%3D%3D+LHAD1h1+%7C%7C+cell_type+%3D%3D+LHAV1e1+%7C%7C+cell_type+%3D%3D+CB2534+%7C%7C+cell_type+%3D%3D+VA2_adPN+%7C%7C+cell_type+%3D%3D+VP1m_l2PN+%7C%7C+cell_type+%3D%3D+LHAV3k1+%7C%7C+cell_type+%3D%3D+LHAV2a3c+%7C%7C+cell_type+%3D%3D+SLP044_d+%7C%7C+cell_type+%3D%3D+LHPV2a4+%7C%7C+cell_type+%3D%3D+DA4m_adPN+%7C%7C+cell_type+%3D%3D+lLN2F_b+%7C%7C+cell_type+%3D%3D+v2LN30+%7C%7C+cell_type+%3D%3D+LHAV6b1+%7C%7C+cell_type+%3D%3D+LHAV3b12+%7C%7C+cell_type+%3D%3D+CB1494+%7C%7C+cell_type+%3D%3D+VC2_lPN+%7C%7C+cell_type+%3D%3D+CB1179+%7C%7C+cell_type+%3D%3D+CB1868+%7C%7C+cell_type+%3D%3D+DP1l_adPN+%7C%7C+cell_type+%3D%3D+LHPV12a1+%7C%7C+cell_type+%3D%3D+M_smPN6t2+%7C%7C+cell_type+%3D%3D+VA1d_vPN+%7C%7C+cell_type+%3D%3D+CB1722+%7C%7C+cell_type+%3D%3D+LHCENT4+%7C%7C+cell_type+%3D%3D+LHAV3a1_c+%7C%7C+cell_type+%3D%3D+CB0367+%7C%7C+cell_type+%3D%3D+CB2279+%7C%7C+cell_type+%3D%3D+LHAV2g1b+%7C%7C+cell_type+%3D%3D+CB2667+%7C%7C+cell_type+%3D%3D+CB2112+%7C%7C+cell_type+%3D%3D+CB3727+%7C%7C+cell_type+%3D%3D+CB2302+%7C%7C+cell_type+%3D%3D+SLP188+%7C%7C+cell_type+%3D%3D+SLP025b+%7C%7C+cell_type+%3D%3D+LHPV4a8+%7C%7C+cell_type+%3D%3D+LHPV4b2+%7C%7C+cell_type+%3D%3D+CB3013+%7C%7C+cell_type+%3D%3D+DM4_adPN+%7C%7C+cell_type+%3D%3D+M_adPNm4+%7C%7C+cell_type+%3D%3D+DM1_lPN+%7C%7C+cell_type+%3D%3D+MBON09+%7C%7C+cell_type+%3D%3D+KCapbp-ap2+%7C%7C+cell_type+%3D%3D+KCg-s1+%7C%7C+cell_type+%3D%3D+CB1375+%7C%7C+cell_type+%3D%3D+CB3240+%7C%7C+cell_type+%3D%3D+CB3418+%7C%7C+cell_type+%3D%3D+CB3724&sort_by=&page_size=100"
"central complex related","https://spelunker.cave-explorer.org/#!middleauth+https://global.daf-apis.com/nglstate/api/v1/5285366234873856","https://codex.flywire.ai/app/search?dataset=banc&filter_string=cell_type+%3D%3D+PEN_b(PEN2)+%7C%7C+cell_type+%3D%3D+ER2_c+%7C%7C+cell_type+%3D%3D+FS2+%7C%7C+cell_type+%3D%3D+FS3+%7C%7C+cell_type+%3D%3D+PFNp_a+%7C%7C+cell_type+%3D%3D+ER3d_d+%7C%7C+cell_type+%3D%3D+vDeltaA_b+%7C%7C+cell_type+%3D%3D+ER3d_c+%7C%7C+cell_type+%3D%3D+ER3w_b+%7C%7C+cell_type+%3D%3D+FB2G_a+%7C%7C+cell_type+%3D%3D+ER3d_a+%7C%7C+cell_type+%3D%3D+ER3w_a+%7C%7C+cell_type+%3D%3D+ER2_a+%7C%7C+cell_type+%3D%3D+ER3p_a+%7C%7C+cell_type+%3D%3D+ER3a_a+%7C%7C+cell_type+%3D%3D+PFNp_e+%7C%7C+cell_type+%3D%3D+ER3a_b+%7C%7C+cell_type+%3D%3D+ExR1+%7C%7C+cell_type+%3D%3D+FC2C+%7C%7C+cell_type+%3D%3D+FS1A+%7C%7C+cell_type+%3D%3D+PFNp_c+%7C%7C+cell_type+%3D%3D+PFNp_d+%7C%7C+cell_type+%3D%3D+ExR7+%7C%7C+cell_type+%3D%3D+LNO1+%7C%7C+cell_type+%3D%3D+ER3d_b+%7C%7C+cell_type+%3D%3D+FC1C+%7C%7C+cell_type+%3D%3D+FB4G+%7C%7C+cell_type+%3D%3D+FB4J+%7C%7C+cell_type+%3D%3D+ER3m+%7C%7C+cell_type+%3D%3D+FC1A+%7C%7C+cell_type+%3D%3D+FC1D+%7C%7C+cell_type+%3D%3D+FS4B+%7C%7C+cell_type+%3D%3D+vDeltaE+%7C%7C+cell_type+%3D%3D+FB4F_a+%7C%7C+cell_type+%3D%3D+ER4d+%7C%7C+cell_type+%3D%3D+FB2M+%7C%7C+cell_type+%3D%3D+FB8G+%7C%7C+cell_type+%3D%3D+FC2B+%7C%7C+cell_type+%3D%3D+PFNa+%7C%7C+cell_type+%3D%3D+PFNp_b+%7C%7C+cell_type+%3D%3D+PFNd+%7C%7C+cell_type+%3D%3D+PFNp+%7C%7C+cell_type+%3D%3D+Delta7+%7C%7C+cell_type+%3D%3D+PFL1+%7C%7C+cell_type+%3D%3D+FB8E+%7C%7C+cell_type+%3D%3D+EPG+%7C%7C+cell_type+%3D%3D+FB4D+%7C%7C+cell_type+%3D%3D+EL+%7C%7C+cell_type+%3D%3D+hDeltaK+%7C%7C+cell_type+%3D%3D+ER3p_b+%7C%7C+cell_type+%3D%3D+vDeltaF+%7C%7C+cell_type+%3D%3D+hDeltaC+%7C%7C+cell_type+%3D%3D+vDeltaK+%7C%7C+cell_type+%3D%3D+FB7G+%7C%7C+cell_type+%3D%3D+FB7I+%7C%7C+cell_type+%3D%3D+FC1A,FC1B,FC1F+%7C%7C+cell_type+%3D%3D+hDeltaB+%7C%7C+cell_type+%3D%3D+FB2F_a+%7C%7C+cell_type+%3D%3D+hDeltaL+%7C%7C+cell_type+%3D%3D+hDeltaE+%7C%7C+cell_type+%3D%3D+PFR_a+%7C%7C+cell_type+%3D%3D+FB1E_a+%7C%7C+cell_type+%3D%3D+EPGt+%7C%7C+cell_type+%3D%3D+vDeltaI+%7C%7C+cell_type+%3D%3D+hDeltaH+%7C%7C+cell_type+%3D%3D+FB2J+%7C%7C+cell_type+%3D%3D+FB6J+%7C%7C+cell_type+%3D%3D+vDeltaG+%7C%7C+cell_type+%3D%3D+vDeltaA_a+%7C%7C+cell_type+%3D%3D+FB2H_a+%7C%7C+cell_type+%3D%3D+FC3+%7C%7C+cell_type+%3D%3D+PFL3+%7C%7C+cell_type+%3D%3D+FB6C_b+%7C%7C+cell_type+%3D%3D+ER1_b+%7C%7C+cell_type+%3D%3D+hDeltaJ+%7C%7C+cell_type+%3D%3D+vDeltaG,vDeltaH+%7C%7C+cell_type+%3D%3D+FB4Q_b+%7C%7C+cell_type+%3D%3D+vDeltaL+%7C%7C+cell_type+%3D%3D+FB6A+%7C%7C+cell_type+%3D%3D+FB5V+%7C%7C+cell_type+%3D%3D+FS4A+%7C%7C+cell_type+%3D%3D+FB6V+%7C%7C+cell_type+%3D%3D+FB4O+%7C%7C+cell_type+%3D%3D+ER6+%7C%7C+cell_type+%3D%3D+FC1F+%7C%7C+cell_type+%3D%3D+FB5N+%7C%7C+cell_type+%3D%3D+FB4E+%7C%7C+cell_type+%3D%3D+FB4M+%7C%7C+cell_type+%3D%3D+FB5G+%7C%7C+cell_type+%3D%3D+PFGs+%7C%7C+cell_type+%3D%3D+FB5E+%7C%7C+cell_type+%3D%3D+FB5P+%7C%7C+cell_type+%3D%3D+FB8F_b+%7C%7C+cell_type+%3D%3D+FB3A+%7C%7C+cell_type+%3D%3D+FB7B+%7C%7C+cell_type+%3D%3D+FB4Z+%7C%7C+cell_type+%3D%3D+PFL2+%7C%7C+cell_type+%3D%3D+FB7D+%7C%7C+cell_type+%3D%3D+FB5S+%7C%7C+cell_type+%3D%3D+hDeltaD+%7C%7C+cell_type+%3D%3D+hDeltaI+%7C%7C+cell_type+%3D%3D+SAF+%7C%7C+cell_type+%3D%3D+SA1_b+%7C%7C+cell_type+%3D%3D+FS1B+%7C%7C+cell_type+%3D%3D+FB2D+%7C%7C+cell_type+%3D%3D+FR2+%7C%7C+cell_type+%3D%3D+FS4C+%7C%7C+cell_type+%3D%3D+IbSpsP+%7C%7C+cell_type+%3D%3D+FB2B_b+%7C%7C+cell_type+%3D%3D+ER1+%7C%7C+cell_type+%3D%3D+FB9A+%7C%7C+cell_type+%3D%3D+SpsP+%7C%7C+cell_type+%3D%3D+ExR8+%7C%7C+cell_type+%3D%3D+FB4Y+%7C%7C+cell_type+%3D%3D+FB2C+%7C%7C+cell_type+%3D%3D+FB6L+%7C%7C+cell_type+%3D%3D+FB5W+%7C%7C+cell_type+%3D%3D+FB3B+%7C%7C+cell_type+%3D%3D+FB7A+%7C%7C+cell_type+%3D%3D+vDelta+%7C%7C+cell_type+%3D%3D+vDeltaD+%7C%7C+cell_type+%3D%3D+vDeltaB+%7C%7C+cell_type+%3D%3D+FB4L+%7C%7C+cell_type+%3D%3D+FR1+%7C%7C+cell_type+%3D%3D+vDeltaJ+%7C%7C+cell_type+%3D%3D+FB8D+%7C%7C+cell_type+%3D%3D+ER1_a+%7C%7C+cell_type+%3D%3D+FB6U+%7C%7C+cell_type+%3D%3D+hDeltaF+%7C%7C+cell_type+%3D%3D+FB2I_a+%7C%7C+cell_type+%3D%3D+FB4H+%7C%7C+cell_type+%3D%3D+FB3C+%7C%7C+cell_type+%3D%3D+FB6Z+%7C%7C+cell_type+%3D%3D+PEN_a(PEN1)+%7C%7C+cell_type+%3D%3D+FB2G_b+%7C%7C+cell_type+%3D%3D+vDeltaH+%7C%7C+cell_type+%3D%3D+FC1B+%7C%7C+cell_type+%3D%3D+FB7J+%7C%7C+cell_type+%3D%3D+PFNm+%7C%7C+cell_type+%3D%3D+FB5O+%7C%7C+cell_type+%3D%3D+PFNv+%7C%7C+cell_type+%3D%3D+hDeltaM+%7C%7C+cell_type+%3D%3D+FB5Z+%7C%7C+cell_type+%3D%3D+FB5Y+%7C%7C+cell_type+%3D%3D+FB5D+%7C%7C+cell_type+%3D%3D+PEG+%7C%7C+cell_type+%3D%3D+FB8H+%7C%7C+cell_type+%3D%3D+ER3a_d+%7C%7C+cell_type+%3D%3D+vDeltaM+%7C%7C+cell_type+%3D%3D+FB9B_c+%7C%7C+cell_type+%3D%3D+vDeltaC+%7C%7C+cell_type+%3D%3D+FB5X+%7C%7C+cell_type+%3D%3D+FB6H+%7C%7C+cell_type+%3D%3D+PFR_b+%7C%7C+cell_type+%3D%3D+FB5A+%7C%7C+cell_type+%3D%3D+FB5F+%7C%7C+cell_type+%3D%3D+FB4P_a+%7C%7C+cell_type+%3D%3D+FB8I+%7C%7C+cell_type+%3D%3D+FB9B_d+%7C%7C+cell_type+%3D%3D+FB6B+%7C%7C+cell_type+%3D%3D+hDeltaA+%7C%7C+cell_type+%3D%3D+hDeltaG+%7C%7C+cell_type+%3D%3D+FB8F_a+%7C%7C+cell_type+%3D%3D+FB4N+%7C%7C+cell_type+%3D%3D+PFNm_a+%7C%7C+cell_type+%3D%3D+FB9C_b+%7C%7C+cell_type+%3D%3D+FB6T+%7C%7C+cell_type+%3D%3D+FB7M+%7C%7C+cell_type+%3D%3D+CRE107+%7C%7C+cell_type+%3D%3D+FC1E+%7C%7C+cell_type+%3D%3D+FB4K+%7C%7C+cell_type+%3D%3D+FB6K+%7C%7C+cell_type+%3D%3D+PFR+%7C%7C+cell_type+%3D%3D+FC2A+%7C%7C+cell_type+%3D%3D+ExR3+%7C%7C+cell_type+%3D%3D+FB5B+%7C%7C+cell_type+%3D%3D+FB7C+%7C%7C+cell_type+%3D%3D+FB1C+%7C%7C+cell_type+%3D%3D+FB2A+%7C%7C+cell_type+%3D%3D+FB2B_a+%7C%7C+cell_type+%3D%3D+PAM09+%7C%7C+cell_type+%3D%3D+SMP371+%7C%7C+cell_type+%3D%3D+FB8B+%7C%7C+cell_type+%3D%3D+columnar+%7C%7C+cell_type+%3D%3D+FB5AB+%7C%7C+cell_type+%3D%3D+SMP505+%7C%7C+cell_type+%3D%3D+PFNm_b+%7C%7C+cell_type+%3D%3D+FB8C+%7C%7C+cell_type+%3D%3D+FB6M+%7C%7C+cell_type+%3D%3D+ExR5+%7C%7C+cell_type+%3D%3D+ExR4+%7C%7C+cell_type+%3D%3D+FB6Y+%7C%7C+cell_type+%3D%3D+FB4A+%7C%7C+cell_type+%3D%3D+FB5J+%7C%7C+cell_type+%3D%3D+LCNOpm+%7C%7C+cell_type+%3D%3D+FB5K+%7C%7C+cell_type+%3D%3D+FB2K+%7C%7C+cell_type+%3D%3D+CB2517+%7C%7C+cell_type+%3D%3D+SA3+%7C%7C+cell_type+%3D%3D+GLNO+%7C%7C+cell_type+%3D%3D+FB6N+%7C%7C+cell_type+%3D%3D+FB4C+%7C%7C+cell_type+%3D%3D+FB7H+%7C%7C+cell_type+%3D%3D+FB5M+%7C%7C+cell_type+%3D%3D+ExR6+%7C%7C+cell_type+%3D%3D+ExR2_2+%7C%7C+cell_type+%3D%3D+LNOa+%7C%7C+cell_type+%3D%3D+FB1A+%7C%7C+cell_type+%3D%3D+FB1F+%7C%7C+cell_type+%3D%3D+FB3D+%7C%7C+cell_type+%3D%3D+SA2+%7C%7C+cell_type+%3D%3D+LCNOp+%7C%7C+cell_type+%3D%3D+FB6P+%7C%7C+cell_type+%3D%3D+P1-9+%7C%7C+cell_type+%3D%3D+FB5R+%7C%7C+cell_type+%3D%3D+CB3890+%7C%7C+cell_type+%3D%3D+ER2_b+%7C%7C+cell_type+%3D%3D+FB5C+%7C%7C+cell_type+%3D%3D+FB4Q_a+%7C%7C+cell_type+%3D%3D+FB4R+%7C%7C+cell_type+%3D%3D+CB3889+%7C%7C+cell_type+%3D%3D+ER2_d+%7C%7C+cell_type+%3D%3D+FB7E+%7C%7C+cell_type+%3D%3D+LAL147a+%7C%7C+cell_type+%3D%3D+FB7L+%7C%7C+cell_type+%3D%3D+FB6F+%7C%7C+cell_type+%3D%3D+FB6E+%7C%7C+cell_type+%3D%3D+FB6G+%7C%7C+cell_type+%3D%3D+FB5I+%7C%7C+cell_type+%3D%3D+FB6I+%7C%7C+cell_type+%3D%3D+FB6W+%7C%7C+cell_type+%3D%3D+ER4m+%7C%7C+cell_type+%3D%3D+P6-8P9+%7C%7C+cell_type+%3D%3D+FB6X+%7C%7C+cell_type+%3D%3D+FB2F_c+%7C%7C+cell_type+%3D%3D+FB8A+%7C%7C+cell_type+%3D%3D+FB5H+%7C%7C+cell_type+%3D%3D+FB7K+%7C%7C+cell_type+%3D%3D+FB1E_b+%7C%7C+cell_type+%3D%3D+FB2E+%7C%7C+cell_type+%3D%3D+LAL086+%7C%7C+cell_type+%3D%3D+FB9B_a+%7C%7C+cell_type+%3D%3D+ATL013+%7C%7C+cell_type+%3D%3D+FB7F+%7C%7C+cell_type+%3D%3D+FB6O+%7C%7C+cell_type+%3D%3D+FB1B+%7C%7C+cell_type+%3D%3D+FB1H+%7C%7C+cell_type+%3D%3D+ER3a_c+%7C%7C+cell_type+%3D%3D+FB6S+%7C%7C+cell_type+%3D%3D+FB5U+%7C%7C+cell_type+%3D%3D+PAM11+%7C%7C+cell_type+%3D%3D+LPsP+%7C%7C+cell_type+%3D%3D+CB2016+%7C%7C+cell_type+%3D%3D+DGI+%7C%7C+cell_type+%3D%3D+FB4P_b+%7C%7C+cell_type+%3D%3D+FB5T+%7C%7C+cell_type+%3D%3D+FB1D+%7C%7C+cell_type+%3D%3D+FB2F_b+%7C%7C+cell_type+%3D%3D+FB2I_b+%7C%7C+cell_type+%3D%3D+FB4X+%7C%7C+cell_type+%3D%3D+FB6C_a+%7C%7C+cell_type+%3D%3D+CRE105+%7C%7C+cell_type+%3D%3D+FB2H_b+%7C%7C+cell_type+%3D%3D+FB8A,FB8H+%7C%7C+cell_type+%3D%3D+LHPV6r1+%7C%7C+cell_type+%3D%3D+FB5AA+%7C%7C+cell_type+%3D%3D+ER5+%7C%7C+cell_type+%3D%3D+SMP166+%7C%7C+cell_type+%3D%3D+FB6Q+%7C%7C+cell_type+%3D%3D+CB2894+%7C%7C+cell_type+%3D%3D+CB1406+%7C%7C+cell_type+%3D%3D+FB1G+%7C%7C+cell_type+%3D%3D+SA1_a+%7C%7C+cell_type+%3D%3D+FB4B+%7C%7C+cell_type+%3D%3D+FB6R+%7C%7C+cell_type+%3D%3D+FB4F_b+%7C%7C+cell_type+%3D%3D+FS+%7C%7C+cell_type+%3D%3D+LNO2+%7C%7C+cell_type+%3D%3D+OA-VPM3+%7C%7C+cell_type+%3D%3D+PLP039+%7C%7C+cell_type+%3D%3D+LAL002+%7C%7C+cell_type+%3D%3D+SA2_a+%7C%7C+cell_type+%3D%3D+SA2_b+%7C%7C+cell_type+%3D%3D+PLP042b+%7C%7C+cell_type+%3D%3D+FB9C+%7C%7C+cell_type+%3D%3D+FB5R,FB5U+%7C%7C+cell_type+%3D%3D+PLP042c+%7C%7C+cell_type+%3D%3D+vDeltaI_b+%7C%7C+cell_type+%3D%3D+SA1+%7C%7C+cell_type+%3D%3D+PLP046b&sort_by=&page_size=100"
"right olfactory","https://spelunker.cave-explorer.org/#!middleauth+https://global.daf-apis.com/nglstate/api/v1/6604743253164032","https://codex.flywire.ai/app/search?dataset=banc&filter_string=cell_type+%3D%3D+ALBN1+%7C%7C+cell_type+%3D%3D+LHPV2a1_c+%7C%7C+cell_type+%3D%3D+lLN1_bc+%7C%7C+cell_type+%3D%3D+VM1_lPN+%7C%7C+cell_type+%3D%3D+lLN2X03+%7C%7C+cell_type+%3D%3D+VM3_adPN+%7C%7C+cell_type+%3D%3D+VM5d_adPN+%7C%7C+cell_type+%3D%3D+lLN2F_b+%7C%7C+cell_type+%3D%3D+VA1v_adPN+%7C%7C+cell_type+%3D%3D+lLN2T_e+%7C%7C+cell_type+%3D%3D+lLN2X12+%7C%7C+cell_type+%3D%3D+KCg+%7C%7C+cell_type+%3D%3D+KCg-m+%7C%7C+cell_type+%3D%3D+lLN2X04+%7C%7C+cell_type+%3D%3D+CB2703+%7C%7C+cell_type+%3D%3D+CB1668+%7C%7C+cell_type+%3D%3D+v2LN32+%7C%7C+cell_type+%3D%3D+CB2569+%7C%7C+cell_type+%3D%3D+LHAV7a5+%7C%7C+cell_type+%3D%3D+DM5_lPN+%7C%7C+cell_type+%3D%3D+VL2p_vPN+%7C%7C+cell_type+%3D%3D+M_vPNml65+%7C%7C+cell_type+%3D%3D+VM7v_adPN+%7C%7C+cell_type+%3D%3D+PAM+%7C%7C+cell_type+%3D%3D+PAM04+%7C%7C+cell_type+%3D%3D+CB3138+%7C%7C+cell_type+%3D%3D+VP2_adPN+%7C%7C+cell_type+%3D%3D+CB3417+%7C%7C+cell_type+%3D%3D+CB2527+%7C%7C+cell_type+%3D%3D+M_lPNm11D+%7C%7C+cell_type+%3D%3D+M_vPNml53+%7C%7C+cell_type+%3D%3D+CB3007+%7C%7C+cell_type+%3D%3D+M_vPNml75+%7C%7C+cell_type+%3D%3D+SLP241+%7C%7C+cell_type+%3D%3D+LHAV4i1+%7C%7C+cell_type+%3D%3D+CB2471+%7C%7C+cell_type+%3D%3D+VA4_lPN+%7C%7C+cell_type+%3D%3D+M_vPNml72+%7C%7C+cell_type+%3D%3D+CB2934+%7C%7C+cell_type+%3D%3D+CB2561+%7C%7C+cell_type+%3D%3D+CB1141,CB1285+%7C%7C+cell_type+%3D%3D+CB1874+%7C%7C+cell_type+%3D%3D+LHPV5a1+%7C%7C+cell_type+%3D%3D+CB3293+%7C%7C+cell_type+%3D%3D+vLN26+%7C%7C+cell_type+%3D%3D+DC4_adPN+%7C%7C+cell_type+%3D%3D+CB1258+%7C%7C+cell_type+%3D%3D+PAM01+%7C%7C+cell_type+%3D%3D+LHPV6k2+%7C%7C+cell_type+%3D%3D+LHPV4a11+%7C%7C+cell_type+%3D%3D+CB3084+%7C%7C+cell_type+%3D%3D+LHPV4l1+%7C%7C+cell_type+%3D%3D+LHMB1+%7C%7C+cell_type+%3D%3D+CB0969+%7C%7C+cell_type+%3D%3D+LHPV2a4+%7C%7C+cell_type+%3D%3D+CB2135+%7C%7C+cell_type+%3D%3D+VM6_adPN+%7C%7C+cell_type+%3D%3D+DP1l_vPN+%7C%7C+cell_type+%3D%3D+DL2d_vPN+%7C%7C+cell_type+%3D%3D+CB1462+%7C%7C+cell_type+%3D%3D+v2LN5+%7C%7C+cell_type+%3D%3D+CB2302+%7C%7C+cell_type+%3D%3D+CB2629+%7C%7C+cell_type+%3D%3D+LHAV1e1+%7C%7C+cell_type+%3D%3D+LHPV5b3+%7C%7C+cell_type+%3D%3D+M_lvPNm42+%7C%7C+cell_type+%3D%3D+CB3374+%7C%7C+cell_type+%3D%3D+CB3092+%7C%7C+cell_type+%3D%3D+LHAV5e1+%7C%7C+cell_type+%3D%3D+CB3468+%7C%7C+cell_type+%3D%3D+CB3678+%7C%7C+cell_type+%3D%3D+CB2232+%7C%7C+cell_type+%3D%3D+LHPV4h3+%7C%7C+cell_type+%3D%3D+CB2701+%7C%7C+cell_type+%3D%3D+CB2977+%7C%7C+cell_type+%3D%3D+M_vPNml57+%7C%7C+cell_type+%3D%3D+CB1524+%7C%7C+cell_type+%3D%3D+DP1m_vPN+%7C%7C+cell_type+%3D%3D+CB1134+%7C%7C+cell_type+%3D%3D+CB2051+%7C%7C+cell_type+%3D%3D+SLP369,SLP370+%7C%7C+cell_type+%3D%3D+CB1577+%7C%7C+cell_type+%3D%3D+CB3341+%7C%7C+cell_type+%3D%3D+LHPV4a8+%7C%7C+cell_type+%3D%3D+CB1183+%7C%7C+cell_type+%3D%3D+CB2952+%7C%7C+cell_type+%3D%3D+CB3729+%7C%7C+cell_type+%3D%3D+CB2421+%7C%7C+cell_type+%3D%3D+PAM11+%7C%7C+cell_type+%3D%3D+MBON09+%7C%7C+cell_type+%3D%3D+CB2877+%7C%7C+cell_type+%3D%3D+LHAV4a1_b+%7C%7C+cell_type+%3D%3D+CB3345+%7C%7C+cell_type+%3D%3D+CB1181+%7C%7C+cell_type+%3D%3D+LHAD1a2+%7C%7C+cell_type+%3D%3D+CB1237+%7C%7C+cell_type+%3D%3D+CB2047+%7C%7C+cell_type+%3D%3D+CB2973+%7C%7C+cell_type+%3D%3D+CB2448+%7C%7C+cell_type+%3D%3D+CB1800+%7C%7C+cell_type+%3D%3D+CB1275+%7C%7C+cell_type+%3D%3D+CB1776+%7C%7C+cell_type+%3D%3D+CB2148+%7C%7C+cell_type+%3D%3D+CB1663+%7C%7C+cell_type+%3D%3D+CB2045+%7C%7C+cell_type+%3D%3D+LHPD3a2+%7C%7C+cell_type+%3D%3D+CB1437+%7C%7C+cell_type+%3D%3D+CB1935+%7C%7C+cell_type+%3D%3D+CB1167+%7C%7C+cell_type+%3D%3D+CB2798+%7C%7C+cell_type+%3D%3D+LHAV1b3+%7C%7C+cell_type+%3D%3D+CB1570+%7C%7C+cell_type+%3D%3D+LHAV4b2+%7C%7C+cell_type+%3D%3D+CB2679+%7C%7C+cell_type+%3D%3D+CB2919+%7C%7C+cell_type+%3D%3D+CB2699+%7C%7C+cell_type+%3D%3D+LHCENT12b+%7C%7C+cell_type+%3D%3D+LHAD1b2_a,LHAD1b2_c+%7C%7C+cell_type+%3D%3D+LHPV1c1+%7C%7C+cell_type+%3D%3D+LHPV5c3+%7C%7C+cell_type+%3D%3D+CB1759+%7C%7C+cell_type+%3D%3D+CB2007+%7C%7C+cell_type+%3D%3D+ALIN1+%7C%7C+cell_type+%3D%3D+OA-VUMa2+%7C%7C+cell_type+%3D%3D+il3LN6+%7C%7C+cell_type+%3D%3D+mALB3+%7C%7C+cell_type+%3D%3D+v2LN4+%7C%7C+cell_type+%3D%3D+PPL101+%7C%7C+cell_type+%3D%3D+v2LN38+%7C%7C+cell_type+%3D%3D+CB1033+%7C%7C+cell_type+%3D%3D+PAM06+%7C%7C+cell_type+%3D%3D+M_smPN6t2+%7C%7C+cell_type+%3D%3D+M_smPNm1+%7C%7C+cell_type+%3D%3D+PAM08+%7C%7C+cell_type+%3D%3D+PAM05+%7C%7C+cell_type+%3D%3D+PAM12+%7C%7C+cell_type+%3D%3D+PAM14+%7C%7C+cell_type+%3D%3D+mAL6+%7C%7C+cell_type+%3D%3D+PAM10+%7C%7C+cell_type+%3D%3D+mALB1+%7C%7C+cell_type+%3D%3D+MBON06+%7C%7C+cell_type+%3D%3D+MBON05+%7C%7C+cell_type+%3D%3D+V_ilPN+%7C%7C+cell_type+%3D%3D+ALIN5+%7C%7C+cell_type+%3D%3D+ALIN7+%7C%7C+cell_type+%3D%3D+CB3145+%7C%7C+cell_type+%3D%3D+AL-MBDL1+%7C%7C+cell_type+%3D%3D+CB1513+%7C%7C+cell_type+%3D%3D+LHAV4c1+%7C%7C+cell_type+%3D%3D+CB2758+%7C%7C+cell_type+%3D%3D+VP1m+VP5_ilPN+%7C%7C+cell_type+%3D%3D+LHPV6o1+%7C%7C+cell_type+%3D%3D+CB1515+%7C%7C+cell_type+%3D%3D+SLP158+%7C%7C+cell_type+%3D%3D+CB0939+%7C%7C+cell_type+%3D%3D+CB1953+%7C%7C+cell_type+%3D%3D+CB3045+%7C%7C+cell_type+%3D%3D+CB3248+%7C%7C+cell_type+%3D%3D+LHPV4c4+%7C%7C+cell_type+%3D%3D+LHAV5a2_a3+%7C%7C+cell_type+%3D%3D+LHAV4a4+%7C%7C+cell_type+%3D%3D+LHPV6a10+%7C%7C+cell_type+%3D%3D+LHAV5a2_b+%7C%7C+cell_type+%3D%3D+LHAV3e6+%7C%7C+cell_type+%3D%3D+CB2089+%7C%7C+cell_type+%3D%3D+CB1701+%7C%7C+cell_type+%3D%3D+CB2757+%7C%7C+cell_type+%3D%3D+AVLP010+%7C%7C+cell_type+%3D%3D+VC2_lPN+%7C%7C+cell_type+%3D%3D+lLN13+%7C%7C+cell_type+%3D%3D+VA5_lPN+%7C%7C+cell_type+%3D%3D+M_lvPNm26+%7C%7C+cell_type+%3D%3D+CB1442+%7C%7C+cell_type+%3D%3D+CB2796+%7C%7C+cell_type+%3D%3D+CB2442+%7C%7C+cell_type+%3D%3D+LHAV3k2+%7C%7C+cell_type+%3D%3D+CB1103+%7C%7C+cell_type+%3D%3D+CB1531+%7C%7C+cell_type+%3D%3D+LHAV2k10+%7C%7C+cell_type+%3D%3D+CB1114+%7C%7C+cell_type+%3D%3D+CB0997+%7C%7C+cell_type+%3D%3D+CB1102+%7C%7C+cell_type+%3D%3D+CB1100+%7C%7C+cell_type+%3D%3D+LHAV2a3c+%7C%7C+cell_type+%3D%3D+CB2938+%7C%7C+cell_type+%3D%3D+LHAV3d1+%7C%7C+cell_type+%3D%3D+CB0947+%7C%7C+cell_type+%3D%3D+LHAV2k8+%7C%7C+cell_type+%3D%3D+CB3060+%7C%7C+cell_type+%3D%3D+CB2552+%7C%7C+cell_type+%3D%3D+CB2554+%7C%7C+cell_type+%3D%3D+LHPV6p1+%7C%7C+cell_type+%3D%3D+LHPV4a1+%7C%7C+cell_type+%3D%3D+CB2991+%7C%7C+cell_type+%3D%3D+DL3_lPN+%7C%7C+cell_type+%3D%3D+MBON19+%7C%7C+cell_type+%3D%3D+lLN2X11+%7C%7C+cell_type+%3D%3D+CB3464+%7C%7C+cell_type+%3D%3D+DA1_lPN+%7C%7C+cell_type+%3D%3D+CB3148+%7C%7C+cell_type+%3D%3D+CB3107+%7C%7C+cell_type+%3D%3D+LHPV6g1+%7C%7C+cell_type+%3D%3D+MBON17+%7C%7C+cell_type+%3D%3D+CB2998+%7C%7C+cell_type+%3D%3D+M_l2PNl21+%7C%7C+cell_type+%3D%3D+CB3457+%7C%7C+cell_type+%3D%3D+M_adPNm4+%7C%7C+cell_type+%3D%3D+PAM13+%7C%7C+cell_type+%3D%3D+VC4_adPN+%7C%7C+cell_type+%3D%3D+M_adPNm7+%7C%7C+cell_type+%3D%3D+DPM+%7C%7C+cell_type+%3D%3D+v2LN46b+%7C%7C+cell_type+%3D%3D+CB2828+%7C%7C+cell_type+%3D%3D+LHPV4a7b+%7C%7C+cell_type+%3D%3D+LHPV4a1,LHPV4a2+%7C%7C+cell_type+%3D%3D+CB1003+%7C%7C+cell_type+%3D%3D+LHPV2d1+%7C%7C+cell_type+%3D%3D+CB1048+%7C%7C+cell_type+%3D%3D+CB1646+%7C%7C+cell_type+%3D%3D+LHPV2a1_d+%7C%7C+cell_type+%3D%3D+MB-C1+%7C%7C+cell_type+%3D%3D+PAM02+%7C%7C+cell_type+%3D%3D+CB1195+%7C%7C+cell_type+%3D%3D+LHAV2b11+%7C%7C+cell_type+%3D%3D+CB3624+%7C%7C+cell_type+%3D%3D+CB3290+%7C%7C+cell_type+%3D%3D+CB1160+%7C%7C+cell_type+%3D%3D+CB2482+%7C%7C+cell_type+%3D%3D+CB2141+%7C%7C+cell_type+%3D%3D+CB2180+%7C%7C+cell_type+%3D%3D+LHAV2b1+%7C%7C+cell_type+%3D%3D+CB2955+%7C%7C+cell_type+%3D%3D+LHAV1b1+%7C%7C+cell_type+%3D%3D+CB1630+%7C%7C+cell_type+%3D%3D+CB2476+%7C%7C+cell_type+%3D%3D+LHAV2g1+%7C%7C+cell_type+%3D%3D+CB2835+%7C%7C+cell_type+%3D%3D+v2LN33+%7C%7C+cell_type+%3D%3D+CB3326+%7C%7C+cell_type+%3D%3D+M_vPNml54+%7C%7C+cell_type+%3D%3D+LHAV4g1b+%7C%7C+cell_type+%3D%3D+CB2602+%7C%7C+cell_type+%3D%3D+CB1217+%7C%7C+cell_type+%3D%3D+SLP313+%7C%7C+cell_type+%3D%3D+VL1_ilPN+%7C%7C+cell_type+%3D%3D+CB2958+%7C%7C+cell_type+%3D%3D+LHAV5a2_a4+%7C%7C+cell_type+%3D%3D+PPL202+%7C%7C+cell_type+%3D%3D+CB2750+%7C%7C+cell_type+%3D%3D+v2LN3A1_b+%7C%7C+cell_type+%3D%3D+vLN28,vLN29+%7C%7C+cell_type+%3D%3D+CB1263+%7C%7C+cell_type+%3D%3D+CB2707+%7C%7C+cell_type+%3D%3D+lLN9,lLN17a+%7C%7C+cell_type+%3D%3D+CB1247+%7C%7C+cell_type+%3D%3D+lLN2X06+%7C%7C+cell_type+%3D%3D+LHPV7a1b+%7C%7C+cell_type+%3D%3D+LHAD3a8+%7C%7C+cell_type+%3D%3D+lLN2P_b+%7C%7C+cell_type+%3D%3D+LHAV1a3+%7C%7C+cell_type+%3D%3D+l2LN22+%7C%7C+cell_type+%3D%3D+l2LN21+%7C%7C+cell_type+%3D%3D+M_l2PNl23+%7C%7C+cell_type+%3D%3D+CB4219+%7C%7C+cell_type+%3D%3D+DM6_adPN+%7C%7C+cell_type+%3D%3D+CB1132+%7C%7C+cell_type+%3D%3D+M_l2PNm16+%7C%7C+cell_type+%3D%3D+CB2504+%7C%7C+cell_type+%3D%3D+M_vPNml69+%7C%7C+cell_type+%3D%3D+CB1676+%7C%7C+cell_type+%3D%3D+M_vPNml63+%7C%7C+cell_type+%3D%3D+CB1296+%7C%7C+cell_type+%3D%3D+DL2v_adPN+%7C%7C+cell_type+%3D%3D+vLN27+%7C%7C+cell_type+%3D%3D+PAM09+%7C%7C+cell_type+%3D%3D+MBON14+%7C%7C+cell_type+%3D%3D+MBON13+%7C%7C+cell_type+%3D%3D+MBON02+%7C%7C+cell_type+%3D%3D+DL4_adPN+%7C%7C+cell_type+%3D%3D+VM2_adPN+%7C%7C+cell_type+%3D%3D+DC3_adPN+%7C%7C+cell_type+%3D%3D+D_adPN+%7C%7C+cell_type+%3D%3D+VM4_adPN+%7C%7C+cell_type+%3D%3D+VA1d_adPN+%7C%7C+cell_type+%3D%3D+DM4_adPN+%7C%7C+cell_type+%3D%3D+VM5v_adPN+%7C%7C+cell_type+%3D%3D+M_adPNm5+%7C%7C+cell_type+%3D%3D+VA6_adPN+%7C%7C+cell_type+%3D%3D+VM7d_adPN+%7C%7C+cell_type+%3D%3D+PAM07+%7C%7C+cell_type+%3D%3D+VC3_adPN+%7C%7C+cell_type+%3D%3D+VA3_adPN+%7C%7C+cell_type+%3D%3D+DA3_adPN+%7C%7C+cell_type+%3D%3D+CB3208+%7C%7C+cell_type+%3D%3D+CB1990+%7C%7C+cell_type+%3D%3D+CB0948+%7C%7C+cell_type+%3D%3D+LHAV5a10_b+%7C%7C+cell_type+%3D%3D+CB1739+%7C%7C+cell_type+%3D%3D+CB2185+%7C%7C+cell_type+%3D%3D+CB3005+%7C%7C+cell_type+%3D%3D+CB2505+%7C%7C+cell_type+%3D%3D+SLP141,SLP142+%7C%7C+cell_type+%3D%3D+CB2802+%7C%7C+cell_type+%3D%3D+LHAV2b10+%7C%7C+cell_type+%3D%3D+CB1804+%7C%7C+cell_type+%3D%3D+CB2793+%7C%7C+cell_type+%3D%3D+AVLP596+%7C%7C+cell_type+%3D%3D+LHAV2b2b+%7C%7C+cell_type+%3D%3D+LHAV2g2_a+%7C%7C+cell_type+%3D%3D+LHAV2g2_b+%7C%7C+cell_type+%3D%3D+LHAV6e1+%7C%7C+cell_type+%3D%3D+CB1933+%7C%7C+cell_type+%3D%3D+CB2419+%7C%7C+cell_type+%3D%3D+CB2522+%7C%7C+cell_type+%3D%3D+CB1753+%7C%7C+cell_type+%3D%3D+LHCENT1+%7C%7C+cell_type+%3D%3D+LHAV3o1+%7C%7C+cell_type+%3D%3D+CB2172+%7C%7C+cell_type+%3D%3D+LHAV2b2a+%7C%7C+cell_type+%3D%3D+LHAV2b7_b+%7C%7C+cell_type+%3D%3D+LHAV2b7_a+%7C%7C+cell_type+%3D%3D+LHCENT10+%7C%7C+cell_type+%3D%3D+LHAV5d1+%7C%7C+cell_type+%3D%3D+CB1626+%7C%7C+cell_type+%3D%3D+LHAV2b6+%7C%7C+cell_type+%3D%3D+CB0994+%7C%7C+cell_type+%3D%3D+CB1155+%7C%7C+cell_type+%3D%3D+CB1152+%7C%7C+cell_type+%3D%3D+CB2247+%7C%7C+cell_type+%3D%3D+LHAV3e3b+%7C%7C+cell_type+%3D%3D+CB1838+%7C%7C+cell_type+%3D%3D+CB2688+%7C%7C+cell_type+%3D%3D+CB3030+%7C%7C+cell_type+%3D%3D+LHAV6a1+%7C%7C+cell_type+%3D%3D+LHAV6a3+%7C%7C+cell_type+%3D%3D+CB3347+%7C%7C+cell_type+%3D%3D+CB3369+%7C%7C+cell_type+%3D%3D+CB2927+%7C%7C+cell_type+%3D%3D+SLP114,SLP115+%7C%7C+cell_type+%3D%3D+CB2744+%7C%7C+cell_type+%3D%3D+LHAD1b3+%7C%7C+cell_type+%3D%3D+LHPV7b1+%7C%7C+cell_type+%3D%3D+CB2087+%7C%7C+cell_type+%3D%3D+LHAV3a1+%7C%7C+cell_type+%3D%3D+CB2292+%7C%7C+cell_type+%3D%3D+CB1170+%7C%7C+cell_type+%3D%3D+LHAV5a2_d+%7C%7C+cell_type+%3D%3D+CB2507+%7C%7C+cell_type+%3D%3D+CB1179+%7C%7C+cell_type+%3D%3D+CB1665+%7C%7C+cell_type+%3D%3D+CB2446+%7C%7C+cell_type+%3D%3D+CB1928+%7C%7C+cell_type+%3D%3D+CB2296+%7C%7C+cell_type+%3D%3D+CB2715+%7C%7C+cell_type+%3D%3D+CB1359+%7C%7C+cell_type+%3D%3D+SLP103+%7C%7C+cell_type+%3D%3D+CB2136+%7C%7C+cell_type+%3D%3D+CB3236+%7C%7C+cell_type+%3D%3D+CB2915+%7C%7C+cell_type+%3D%3D+CB1912+%7C%7C+cell_type+%3D%3D+SLP101+%7C%7C+cell_type+%3D%3D+CB1855+%7C%7C+cell_type+%3D%3D+CB1667+%7C%7C+cell_type+%3D%3D+LHAV1a1+%7C%7C+cell_type+%3D%3D+CB3726+%7C%7C+cell_type+%3D%3D+LHAD1b5+%7C%7C+cell_type+%3D%3D+LHAD1b4+%7C%7C+cell_type+%3D%3D+SLP128+%7C%7C+cell_type+%3D%3D+CB3359+%7C%7C+cell_type+%3D%3D+CB2358+%7C%7C+cell_type+%3D%3D+LHAV4a2+%7C%7C+cell_type+%3D%3D+LHCENT2+%7C%7C+cell_type+%3D%3D+AVLP043+%7C%7C+cell_type+%3D%3D+LHAD1a4c+%7C%7C+cell_type+%3D%3D+LHAD1a3,LHAD1f5+%7C%7C+cell_type+%3D%3D+LHAV4e1_a+%7C%7C+cell_type+%3D%3D+LHAD1k1+%7C%7C+cell_type+%3D%3D+CB3034+%7C%7C+cell_type+%3D%3D+SLP077+%7C%7C+cell_type+%3D%3D+CB2862+%7C%7C+cell_type+%3D%3D+CB1604+%7C%7C+cell_type+%3D%3D+CB1174+%7C%7C+cell_type+%3D%3D+SLP034+%7C%7C+cell_type+%3D%3D+CB3780+%7C%7C+cell_type+%3D%3D+CB2107+%7C%7C+cell_type+%3D%3D+LHAV4g1c+%7C%7C+cell_type+%3D%3D+LHAV4d1+%7C%7C+cell_type+%3D%3D+CB2036+%7C%7C+cell_type+%3D%3D+CB3762+%7C%7C+cell_type+%3D%3D+CB1184+%7C%7C+cell_type+%3D%3D+LHPV4h1+%7C%7C+cell_type+%3D%3D+CB1341+%7C%7C+cell_type+%3D%3D+CB1105+%7C%7C+cell_type+%3D%3D+LHAV2f2_a+%7C%7C+cell_type+%3D%3D+LHAV2f2_b+%7C%7C+cell_type+%3D%3D+CB1843+%7C%7C+cell_type+%3D%3D+CB1821+%7C%7C+cell_type+%3D%3D+CB1509+%7C%7C+cell_type+%3D%3D+CB2678+%7C%7C+cell_type+%3D%3D+LHAD1f2+%7C%7C+cell_type+%3D%3D+LHAV2k6+%7C%7C+cell_type+%3D%3D+SLP016+%7C%7C+cell_type+%3D%3D+SLP129_c+%7C%7C+cell_type+%3D%3D+CB1171+%7C%7C+cell_type+%3D%3D+LHAD1d2+%7C%7C+cell_type+%3D%3D+LHAD1f3b+%7C%7C+cell_type+%3D%3D+LHAD1c2c+%7C%7C+cell_type+%3D%3D+CB3553+%7C%7C+cell_type+%3D%3D+SLP012+%7C%7C+cell_type+%3D%3D+LHAD1c2a+%7C%7C+cell_type+%3D%3D+CB1150+%7C%7C+cell_type+%3D%3D+CB2773+%7C%7C+cell_type+%3D%3D+CB1244+%7C%7C+cell_type+%3D%3D+CB2387+%7C%7C+cell_type+%3D%3D+LHAV4e2_b2+%7C%7C+cell_type+%3D%3D+CB1664+%7C%7C+cell_type+%3D%3D+SLP126+%7C%7C+cell_type+%3D%3D+CB2480+%7C%7C+cell_type+%3D%3D+CB1457+%7C%7C+cell_type+%3D%3D+LHAV1d2+%7C%7C+cell_type+%3D%3D+CB1512+%7C%7C+cell_type+%3D%3D+CB1293+%7C%7C+cell_type+%3D%3D+CB2755+%7C%7C+cell_type+%3D%3D+SLP184+%7C%7C+cell_type+%3D%3D+APL+%7C%7C+cell_type+%3D%3D+CB2911+%7C%7C+cell_type+%3D%3D+LHAV3k5+%7C%7C+cell_type+%3D%3D+CB1335+%7C%7C+cell_type+%3D%3D+LHPV2h1+%7C%7C+cell_type+%3D%3D+SLP070+%7C%7C+cell_type+%3D%3D+SLP057+%7C%7C+cell_type+%3D%3D+CB2770+%7C%7C+cell_type+%3D%3D+CB1363+%7C%7C+cell_type+%3D%3D+LHPV2a5+%7C%7C+cell_type+%3D%3D+MBON16+%7C%7C+cell_type+%3D%3D+CB2747+%7C%7C+cell_type+%3D%3D+LHAD2c3c+%7C%7C+cell_type+%3D%3D+LHPV4j4+%7C%7C+cell_type+%3D%3D+CB2092+%7C%7C+cell_type+%3D%3D+CB2064+%7C%7C+cell_type+%3D%3D+CB1413+%7C%7C+cell_type+%3D%3D+CB0972+%7C%7C+cell_type+%3D%3D+LHPV4g1+%7C%7C+cell_type+%3D%3D+LHPV5b6+%7C%7C+cell_type+%3D%3D+LHPD3b1_a+%7C%7C+cell_type+%3D%3D+CB2739+%7C%7C+cell_type+%3D%3D+CB2920+%7C%7C+cell_type+%3D%3D+CB0396+%7C%7C+cell_type+%3D%3D+CB1210+%7C%7C+cell_type+%3D%3D+CB1326+%7C%7C+cell_type+%3D%3D+CB3723+%7C%7C+cell_type+%3D%3D+CB1901+%7C%7C+cell_type+%3D%3D+CB3781+%7C%7C+cell_type+%3D%3D+CB1327+%7C%7C+cell_type+%3D%3D+CB2079+%7C%7C+cell_type+%3D%3D+SLP364+%7C%7C+cell_type+%3D%3D+CB1879+%7C%7C+cell_type+%3D%3D+CB2979+%7C%7C+cell_type+%3D%3D+SLP363+%7C%7C+cell_type+%3D%3D+CB3268+%7C%7C+cell_type+%3D%3D+CB1656+%7C%7C+cell_type+%3D%3D+LHPV5c1+%7C%7C+cell_type+%3D%3D+CB3735+%7C%7C+cell_type+%3D%3D+CB3686+%7C%7C+cell_type+%3D%3D+CB1518+%7C%7C+cell_type+%3D%3D+CB3190+%7C%7C+cell_type+%3D%3D+LHPV4b1+%7C%7C+cell_type+%3D%3D+CB1218+%7C%7C+cell_type+%3D%3D+CB1500+%7C%7C+cell_type+%3D%3D+CB2297+%7C%7C+cell_type+%3D%3D+LHPV4a10+%7C%7C+cell_type+%3D%3D+CB3185+%7C%7C+cell_type+%3D%3D+CB1771+%7C%7C+cell_type+%3D%3D+LHAV7a1b+%7C%7C+cell_type+%3D%3D+LHAV7a7+%7C%7C+cell_type+%3D%3D+LHAV7a4b+%7C%7C+cell_type+%3D%3D+CB3110+%7C%7C+cell_type+%3D%3D+CB1939+%7C%7C+cell_type+%3D%3D+CB1058+%7C%7C+cell_type+%3D%3D+CB3476+%7C%7C+cell_type+%3D%3D+CB3283+%7C%7C+cell_type+%3D%3D+vLN25+%7C%7C+cell_type+%3D%3D+VP1l+_lvPN+%7C%7C+cell_type+%3D%3D+CB1448+%7C%7C+cell_type+%3D%3D+CB1238+%7C%7C+cell_type+%3D%3D+LHAV3g2+%7C%7C+cell_type+%3D%3D+LHPV4a9+%7C%7C+cell_type+%3D%3D+LHPV4a5, LHPV4k1+%7C%7C+cell_type+%3D%3D+CB2677+%7C%7C+cell_type+%3D%3D+CB1850+%7C%7C+cell_type+%3D%3D+CB2290+%7C%7C+cell_type+%3D%3D+CB2470+%7C%7C+cell_type+%3D%3D+CB1503+%7C%7C+cell_type+%3D%3D+LHPV3a2+%7C%7C+cell_type+%3D%3D+CB1737+%7C%7C+cell_type+%3D%3D+CB1328+%7C%7C+cell_type+%3D%3D+LHAV2a3a+%7C%7C+cell_type+%3D%3D+CB2215+%7C%7C+cell_type+%3D%3D+CB1276+%7C%7C+cell_type+%3D%3D+CB3040+%7C%7C+cell_type+%3D%3D+CB2133+%7C%7C+cell_type+%3D%3D+CB1104+%7C%7C+cell_type+%3D%3D+LHAV3k6+%7C%7C+cell_type+%3D%3D+CB3424+%7C%7C+cell_type+%3D%3D+CB2524+%7C%7C+cell_type+%3D%3D+CB2910+%7C%7C+cell_type+%3D%3D+CB1178+%7C%7C+cell_type+%3D%3D+CB1752+%7C%7C+cell_type+%3D%3D+CB2224+%7C%7C+cell_type+%3D%3D+CB0510+%7C%7C+cell_type+%3D%3D+LHPV5b1+%7C%7C+cell_type+%3D%3D+LHPV5a5+%7C%7C+cell_type+%3D%3D+CB1106+%7C%7C+cell_type+%3D%3D+LHPV2g1+%7C%7C+cell_type+%3D%3D+CB2805+%7C%7C+cell_type+%3D%3D+CB2749+%7C%7C+cell_type+%3D%3D+CB1992+%7C%7C+cell_type+%3D%3D+CB2918+%7C%7C+cell_type+%3D%3D+LHPD4c1+%7C%7C+cell_type+%3D%3D+SLP291+%7C%7C+cell_type+%3D%3D+KCab-p+%7C%7C+cell_type+%3D%3D+SLP378+%7C%7C+cell_type+%3D%3D+LHCENT12a+%7C%7C+cell_type+%3D%3D+VM4_lvPN+%7C%7C+cell_type+%3D%3D+CB3294+%7C%7C+cell_type+%3D%3D+LHPV2b5+%7C%7C+cell_type+%3D%3D+CB1067+%7C%7C+cell_type+%3D%3D+CB1962+%7C%7C+cell_type+%3D%3D+M_l2PN3t18+%7C%7C+cell_type+%3D%3D+VP3+_l2PN+%7C%7C+cell_type+%3D%3D+CB1300+%7C%7C+cell_type+%3D%3D+LHPV7a1a+%7C%7C+cell_type+%3D%3D+M_lvPNm43+%7C%7C+cell_type+%3D%3D+MBON18+%7C%7C+cell_type+%3D%3D+LHPV6a1+%7C%7C+cell_type+%3D%3D+CB1988+%7C%7C+cell_type+%3D%3D+LHAD2e3+%7C%7C+cell_type+%3D%3D+CB3179+%7C%7C+cell_type+%3D%3D+SLP001+%7C%7C+cell_type+%3D%3D+SLP287+%7C%7C+cell_type+%3D%3D+MBON24+%7C%7C+cell_type+%3D%3D+KCab+%7C%7C+cell_type+%3D%3D+KCab-c+%7C%7C+cell_type+%3D%3D+LHPD4a1+%7C%7C+cell_type+%3D%3D+PPL201+%7C%7C+cell_type+%3D%3D+PPL203+%7C%7C+cell_type+%3D%3D+LHCENT13_b+%7C%7C+cell_type+%3D%3D+CB1401+%7C%7C+cell_type+%3D%3D+M_spPN4t9+%7C%7C+cell_type+%3D%3D+CB1824+%7C%7C+cell_type+%3D%3D+lLN2F_a+%7C%7C+cell_type+%3D%3D+M_lPNm11B+%7C%7C+cell_type+%3D%3D+CB1546+%7C%7C+cell_type+%3D%3D+CB2908+%7C%7C+cell_type+%3D%3D+CB1686+%7C%7C+cell_type+%3D%3D+l2LN19+%7C%7C+cell_type+%3D%3D+CB3202+%7C%7C+cell_type+%3D%3D+lLN10+%7C%7C+cell_type+%3D%3D+SLP151+%7C%7C+cell_type+%3D%3D+DA2_lPN+%7C%7C+cell_type+%3D%3D+M_l2PNm15+%7C%7C+cell_type+%3D%3D+VA7m_lPN+%7C%7C+cell_type+%3D%3D+DM1_lPN+%7C%7C+cell_type+%3D%3D+lLN8+%7C%7C+cell_type+%3D%3D+VC1_lPN+%7C%7C+cell_type+%3D%3D+lLN2P_c+%7C%7C+cell_type+%3D%3D+CB3679+%7C%7C+cell_type+%3D%3D+lLN2X10+%7C%7C+cell_type+%3D%3D+DM2_lPN+%7C%7C+cell_type+%3D%3D+lLN2T_d+%7C%7C+cell_type+%3D%3D+CB3206+%7C%7C+cell_type+%3D%3D+VP1m_l2PN+%7C%7C+cell_type+%3D%3D+M_lPNm11A+%7C%7C+cell_type+%3D%3D+DP1l_adPN+%7C%7C+cell_type+%3D%3D+M_l2PNl20+%7C%7C+cell_type+%3D%3D+CB2845+%7C%7C+cell_type+%3D%3D+M_lvPNm25+%7C%7C+cell_type+%3D%3D+M_lvPNm27+%7C%7C+cell_type+%3D%3D+LN60a+%7C%7C+cell_type+%3D%3D+l2LN20+%7C%7C+cell_type+%3D%3D+M_l2PNm17+%7C%7C+cell_type+%3D%3D+VP1d+VP4_l2PN1+%7C%7C+cell_type+%3D%3D+M_lvPNm37+%7C%7C+cell_type+%3D%3D+M_lvPNm29+%7C%7C+cell_type+%3D%3D+V_l2PN+%7C%7C+cell_type+%3D%3D+CB1461+%7C%7C+cell_type+%3D%3D+M_lvPNm28+%7C%7C+cell_type+%3D%3D+VP5+VP3_l2PN+%7C%7C+cell_type+%3D%3D+CB1321+%7C%7C+cell_type+%3D%3D+MZ_lv2PN+%7C%7C+cell_type+%3D%3D+M_lvPNm47+%7C%7C+cell_type+%3D%3D+M_lvPNm40+%7C%7C+cell_type+%3D%3D+M_lvPNm44+%7C%7C+cell_type+%3D%3D+M_lvPNm45+%7C%7C+cell_type+%3D%3D+ALON3+%7C%7C+cell_type+%3D%3D+SLP238+%7C%7C+cell_type+%3D%3D+M_lvPNm35+%7C%7C+cell_type+%3D%3D+SLP288a+%7C%7C+cell_type+%3D%3D+lLN1_b+%7C%7C+cell_type+%3D%3D+M_lPNm11C+%7C%7C+cell_type+%3D%3D+CB4141+%7C%7C+cell_type+%3D%3D+CB3124+%7C%7C+cell_type+%3D%3D+SLP240_a+%7C%7C+cell_type+%3D%3D+SLP289+%7C%7C+cell_type+%3D%3D+CB3570+%7C%7C+cell_type+%3D%3D+CB3299+%7C%7C+cell_type+%3D%3D+M_lvPNm48+%7C%7C+cell_type+%3D%3D+M_lvPNm46+%7C%7C+cell_type+%3D%3D+CB1397+%7C%7C+cell_type+%3D%3D+VP1m+VP2_lvPN1+%7C%7C+cell_type+%3D%3D+M_lvPNm24+%7C%7C+cell_type+%3D%3D+SLP240_b+%7C%7C+cell_type+%3D%3D+CB3182+%7C%7C+cell_type+%3D%3D+CB3383+%7C%7C+cell_type+%3D%3D+M_lvPNm39+%7C%7C+cell_type+%3D%3D+lLN2T_c+%7C%7C+cell_type+%3D%3D+lLN1_a+%7C%7C+cell_type+%3D%3D+lLN2X02+%7C%7C+cell_type+%3D%3D+lLN2X05+%7C%7C+cell_type+%3D%3D+VL2a_vPN+%7C%7C+cell_type+%3D%3D+CB2892+%7C%7C+cell_type+%3D%3D+l2LN23+%7C%7C+cell_type+%3D%3D+lLN2P_a+%7C%7C+cell_type+%3D%3D+lLN2X09+%7C%7C+cell_type+%3D%3D+v2LN47+%7C%7C+cell_type+%3D%3D+v2LN49+%7C%7C+cell_type+%3D%3D+CB2571+%7C%7C+cell_type+%3D%3D+v2LN34E+%7C%7C+cell_type+%3D%3D+VP1d+VP4_l2PN2+%7C%7C+cell_type+%3D%3D+CB3633+%7C%7C+cell_type+%3D%3D+LHCENT5+%7C%7C+cell_type+%3D%3D+M_lvPNm41+%7C%7C+cell_type+%3D%3D+DA1_vPN+%7C%7C+cell_type+%3D%3D+M_vPNml50+%7C%7C+cell_type+%3D%3D+VA1v_vPN+%7C%7C+cell_type+%3D%3D+v2LN39a+%7C%7C+cell_type+%3D%3D+M_vPNml83+%7C%7C+cell_type+%3D%3D+M_vPNml60+%7C%7C+cell_type+%3D%3D+CB2004+%7C%7C+cell_type+%3D%3D+CB2711+%7C%7C+cell_type+%3D%3D+VP4_vPN+%7C%7C+cell_type+%3D%3D+v2LN40_2+%7C%7C+cell_type+%3D%3D+CB1545+%7C%7C+cell_type+%3D%3D+M_vPNml79+%7C%7C+cell_type+%3D%3D+CB3228+%7C%7C+cell_type+%3D%3D+M_vPNml52+%7C%7C+cell_type+%3D%3D+CB0650+%7C%7C+cell_type+%3D%3D+M_VPNml66+%7C%7C+cell_type+%3D%3D+M_vPNml87+%7C%7C+cell_type+%3D%3D+v2LN41b+%7C%7C+cell_type+%3D%3D+AL-AST1+%7C%7C+cell_type+%3D%3D+v2LN42b+%7C%7C+cell_type+%3D%3D+M_vPNml77+%7C%7C+cell_type+%3D%3D+v2LN41a+%7C%7C+cell_type+%3D%3D+CB2372+%7C%7C+cell_type+%3D%3D+VP3+_vPN+%7C%7C+cell_type+%3D%3D+CB3447+%7C%7C+cell_type+%3D%3D+CB1013+%7C%7C+cell_type+%3D%3D+VL1_vPN+%7C%7C+cell_type+%3D%3D+VP1m+_lvPN+%7C%7C+cell_type+%3D%3D+v2LN42c+%7C%7C+cell_type+%3D%3D+CB3575+%7C%7C+cell_type+%3D%3D+CB1673+%7C%7C+cell_type+%3D%3D+v2LN36+%7C%7C+cell_type+%3D%3D+M_vPNml55+%7C%7C+cell_type+%3D%3D+CB2761+%7C%7C+cell_type+%3D%3D+M_vPNml86+%7C%7C+cell_type+%3D%3D+DM4_vPN+%7C%7C+cell_type+%3D%3D+DM3_vPN+%7C%7C+cell_type+%3D%3D+CB2592+%7C%7C+cell_type+%3D%3D+MBON07+%7C%7C+cell_type+%3D%3D+v2LN42a+%7C%7C+cell_type+%3D%3D+DA4m_adPN+%7C%7C+cell_type+%3D%3D+M_adPNm3+%7C%7C+cell_type+%3D%3D+v2LN46a+%7C%7C+cell_type+%3D%3D+CB2589+%7C%7C+cell_type+%3D%3D+CB3498+%7C%7C+cell_type+%3D%3D+M_vPNml84+%7C%7C+cell_type+%3D%3D+v2LN31+%7C%7C+cell_type+%3D%3D+M_adPNm8+%7C%7C+cell_type+%3D%3D+MBON11+%7C%7C+cell_type+%3D%3D+LN60b+%7C%7C+cell_type+%3D%3D+DL1_adPN+%7C%7C+cell_type+%3D%3D+M_adPNm6+%7C%7C+cell_type+%3D%3D+DL2d_adPN+%7C%7C+cell_type+%3D%3D+M_vPNml67+%7C%7C+cell_type+%3D%3D+M_vPNml64+%7C%7C+cell_type+%3D%3D+M_vPNml80+%7C%7C+cell_type+%3D%3D+ALIN6+%7C%7C+cell_type+%3D%3D+CB2823+%7C%7C+cell_type+%3D%3D+CB2549+%7C%7C+cell_type+%3D%3D+CB1979+%7C%7C+cell_type+%3D%3D+CB2766+%7C%7C+cell_type+%3D%3D+LHAD1j1+%7C%7C+cell_type+%3D%3D+CB1370+%7C%7C+cell_type+%3D%3D+CB1306+%7C%7C+cell_type+%3D%3D+CB1861+%7C%7C+cell_type+%3D%3D+CB1722+%7C%7C+cell_type+%3D%3D+LHPD5c1+%7C%7C+cell_type+%3D%3D+CB1811+%7C%7C+cell_type+%3D%3D+CB3727+%7C%7C+cell_type+%3D%3D+LHAV3i1+%7C%7C+cell_type+%3D%3D+LHCENT6+%7C%7C+cell_type+%3D%3D+LHPD4d1+%7C%7C+cell_type+%3D%3D+CB2145+%7C%7C+cell_type+%3D%3D+CB3319+%7C%7C+cell_type+%3D%3D+CB1113+%7C%7C+cell_type+%3D%3D+CB2928+%7C%7C+cell_type+%3D%3D+DC2_adPN+%7C%7C+cell_type+%3D%3D+CB3608+%7C%7C+cell_type+%3D%3D+VP5+_l2PN,VP5+VP2_l2PN+%7C%7C+cell_type+%3D%3D+CB2174+%7C%7C+cell_type+%3D%3D+CB1735+%7C%7C+cell_type+%3D%3D+KC+%7C%7C+cell_type+%3D%3D+SLP314+%7C%7C+cell_type+%3D%3D+CB2790+%7C%7C+cell_type+%3D%3D+CB3240+%7C%7C+cell_type+%3D%3D+CB4193+%7C%7C+cell_type+%3D%3D+VP2_l2PN+%7C%7C+cell_type+%3D%3D+CB0339+%7C%7C+cell_type+%3D%3D+LHPV4b3+%7C%7C+cell_type+%3D%3D+CB2600+%7C%7C+cell_type+%3D%3D+SLP366+%7C%7C+cell_type+%3D%3D+CB1640+%7C%7C+cell_type+%3D%3D+CB1333+%7C%7C+cell_type+%3D%3D+CB2078+%7C%7C+cell_type+%3D%3D+LHAV4g1a+%7C%7C+cell_type+%3D%3D+LHCENT4+%7C%7C+cell_type+%3D%3D+CB1332+%7C%7C+cell_type+%3D%3D+CB1687+%7C%7C+cell_type+%3D%3D+CB2048+%7C%7C+cell_type+%3D%3D+CB1924+%7C%7C+cell_type+%3D%3D+LHAD2e1+%7C%7C+cell_type+%3D%3D+LHCENT13_c+%7C%7C+cell_type+%3D%3D+LHAV4h1+%7C%7C+cell_type+%3D%3D+CB1440+%7C%7C+cell_type+%3D%3D+CB2053+%7C%7C+cell_type+%3D%3D+LHAV1d1+%7C%7C+cell_type+%3D%3D+CB1241+%7C%7C+cell_type+%3D%3D+CB2011+%7C%7C+cell_type+%3D%3D+LHAV4g13+%7C%7C+cell_type+%3D%3D+LHAV2m1+%7C%7C+cell_type+%3D%3D+LHAV2n1+%7C%7C+cell_type+%3D%3D+CB1595+%7C%7C+cell_type+%3D%3D+CB1318+%7C%7C+cell_type+%3D%3D+CB1923+%7C%7C+cell_type+%3D%3D+SLP041+%7C%7C+cell_type+%3D%3D+CB3761+%7C%7C+cell_type+%3D%3D+CB2463+%7C%7C+cell_type+%3D%3D+CB2861+%7C%7C+cell_type+%3D%3D+LHAD1a1+%7C%7C+cell_type+%3D%3D+LHAV4b1+%7C%7C+cell_type+%3D%3D+SLP044_d+%7C%7C+cell_type+%3D%3D+LHAD1d1+%7C%7C+cell_type+%3D%3D+CB3392+%7C%7C+cell_type+%3D%3D+CB1392+%7C%7C+cell_type+%3D%3D+CB2738+%7C%7C+cell_type+%3D%3D+CB0367+%7C%7C+cell_type+%3D%3D+LHAV3c1+%7C%7C+cell_type+%3D%3D+LHAV3f1+%7C%7C+cell_type+%3D%3D+LHAV3k4+%7C%7C+cell_type+%3D%3D+CB2879+%7C%7C+cell_type+%3D%3D+CB2887+%7C%7C+cell_type+%3D%3D+CB1115+%7C%7C+cell_type+%3D%3D+LHCENT3+%7C%7C+cell_type+%3D%3D+CB3036+%7C%7C+cell_type+%3D%3D+CB2945+%7C%7C+cell_type+%3D%3D+CB3774+%7C%7C+cell_type+%3D%3D+CB0311+%7C%7C+cell_type+%3D%3D+CB3697+%7C%7C+cell_type+%3D%3D+LHAV3k1+%7C%7C+cell_type+%3D%3D+lLN2T_b+%7C%7C+cell_type+%3D%3D+M_vPNml51+%7C%7C+cell_type+%3D%3D+CB2293+%7C%7C+cell_type+%3D%3D+CB3198+%7C%7C+cell_type+%3D%3D+CB1154+%7C%7C+cell_type+%3D%3D+SLP300a+%7C%7C+cell_type+%3D%3D+lLN2X07+%7C%7C+cell_type+%3D%3D+CB2772+%7C%7C+cell_type+%3D%3D+CB1073+%7C%7C+cell_type+%3D%3D+LHAV6b1+%7C%7C+cell_type+%3D%3D+LHPV3c1+%7C%7C+cell_type+%3D%3D+LHAV3a1_c+%7C%7C+cell_type+%3D%3D+CB2667+%7C%7C+cell_type+%3D%3D+LHPV6l1+%7C%7C+cell_type+%3D%3D+CB1245+%7C%7C+cell_type+%3D%3D+LHCENT13_a+%7C%7C+cell_type+%3D%3D+CB3260+%7C%7C+cell_type+%3D%3D+LHAV3g1+%7C%7C+cell_type+%3D%3D+CB3154+%7C%7C+cell_type+%3D%3D+CB1381+%7C%7C+cell_type+%3D%3D+LHPV5g1_b+%7C%7C+cell_type+%3D%3D+CB3590+%7C%7C+cell_type+%3D%3D+CB1188+%7C%7C+cell_type+%3D%3D+CB3728+%7C%7C+cell_type+%3D%3D+CB3133+%7C%7C+cell_type+%3D%3D+LHPD4b1a+%7C%7C+cell_type+%3D%3D+LHPV2e1_a+%7C%7C+cell_type+%3D%3D+CB2129+%7C%7C+cell_type+%3D%3D+LHPV6d1+%7C%7C+cell_type+%3D%3D+CB1905+%7C%7C+cell_type+%3D%3D+LHAV7a3+%7C%7C+cell_type+%3D%3D+CB3434+%7C%7C+cell_type+%3D%3D+SLP288c+%7C%7C+cell_type+%3D%3D+CB0286+%7C%7C+cell_type+%3D%3D+CB1661+%7C%7C+cell_type+%3D%3D+CB1501+%7C%7C+cell_type+%3D%3D+CB2467+%7C%7C+cell_type+%3D%3D+CB2378+%7C%7C+cell_type+%3D%3D+VA2_adPN+%7C%7C+cell_type+%3D%3D+CB2032+%7C%7C+cell_type+%3D%3D+CB0965+%7C%7C+cell_type+%3D%3D+CB2831+%7C%7C+cell_type+%3D%3D+LHAV3m1+%7C%7C+cell_type+%3D%3D+LHCENT9+%7C%7C+cell_type+%3D%3D+CB2097+%7C%7C+cell_type+%3D%3D+CB3410+%7C%7C+cell_type+%3D%3D+CB2725+%7C%7C+cell_type+%3D%3D+CB1419+%7C%7C+cell_type+%3D%3D+CB1943+%7C%7C+cell_type+%3D%3D+LHAD1a4b+%7C%7C+cell_type+%3D%3D+CB3048+%7C%7C+cell_type+%3D%3D+CB2541+%7C%7C+cell_type+%3D%3D+FB9C+%7C%7C+cell_type+%3D%3D+CB1726+%7C%7C+cell_type+%3D%3D+LHAV3b12+%7C%7C+cell_type+%3D%3D+SLP300b+%7C%7C+cell_type+%3D%3D+CB3075+%7C%7C+cell_type+%3D%3D+CB2692+%7C%7C+cell_type+%3D%3D+LHAV2i5+%7C%7C+cell_type+%3D%3D+LHAV6b4+%7C%7C+cell_type+%3D%3D+CB1629+%7C%7C+cell_type+%3D%3D+CB3023+%7C%7C+cell_type+%3D%3D+v2LNX01+%7C%7C+cell_type+%3D%3D+CB3548+%7C%7C+cell_type+%3D%3D+CB3732+%7C%7C+cell_type+%3D%3D+CB2189+%7C%7C+cell_type+%3D%3D+CB2179+%7C%7C+cell_type+%3D%3D+DC4_vPN+%7C%7C+cell_type+%3D%3D+CB3012+%7C%7C+cell_type+%3D%3D+CB3221+%7C%7C+cell_type+%3D%3D+CB2226+%7C%7C+cell_type+%3D%3D+CB0279+%7C%7C+cell_type+%3D%3D+SLP288b+%7C%7C+cell_type+%3D%3D+CB3318+%7C%7C+cell_type+%3D%3D+CB1219+%7C%7C+cell_type+%3D%3D+CB1006+%7C%7C+cell_type+%3D%3D+CB1246+%7C%7C+cell_type+%3D%3D+CB1637+%7C%7C+cell_type+%3D%3D+CB1593+%7C%7C+cell_type+%3D%3D+SLP028c+%7C%7C+cell_type+%3D%3D+CB0968+%7C%7C+cell_type+%3D%3D+SIP013b+%7C%7C+cell_type+%3D%3D+CB3043+%7C%7C+cell_type+%3D%3D+CB2987+%7C%7C+cell_type+%3D%3D+CB3191+%7C%7C+cell_type+%3D%3D+LHAV7a4a+%7C%7C+cell_type+%3D%3D+CB1201+%7C%7C+cell_type+%3D%3D+LHAV4a1_a+%7C%7C+cell_type+%3D%3D+CB2616+%7C%7C+cell_type+%3D%3D+CB1608+%7C%7C+cell_type+%3D%3D+CB2880+%7C%7C+cell_type+%3D%3D+CB1387+%7C%7C+cell_type+%3D%3D+CB2026+%7C%7C+cell_type+%3D%3D+LHAV4a6+%7C%7C+cell_type+%3D%3D+LHAV2g3+%7C%7C+cell_type+%3D%3D+CB2851+%7C%7C+cell_type+%3D%3D+CB2961+%7C%7C+cell_type+%3D%3D+SLP455+%7C%7C+cell_type+%3D%3D+DNc02+%7C%7C+cell_type+%3D%3D+CB0973+%7C%7C+cell_type+%3D%3D+SMP215c+%7C%7C+cell_type+%3D%3D+CB2022+%7C%7C+cell_type+%3D%3D+SIP015+%7C%7C+cell_type+%3D%3D+LHPV5b2+%7C%7C+cell_type+%3D%3D+CB2560+%7C%7C+cell_type+%3D%3D+LHPV5b4+%7C%7C+cell_type+%3D%3D+KCa'b'+%7C%7C+cell_type+%3D%3D+SIP014,SIP016+%7C%7C+cell_type+%3D%3D+SLP006+%7C%7C+cell_type+%3D%3D+SLP312+%7C%7C+cell_type+%3D%3D+SLP155+%7C%7C+cell_type+%3D%3D+CB2733+%7C%7C+cell_type+%3D%3D+CB0952+%7C%7C+cell_type+%3D%3D+CB3664+%7C%7C+cell_type+%3D%3D+SLP450+%7C%7C+cell_type+%3D%3D+CB2493+%7C%7C+cell_type+%3D%3D+PLP068+%7C%7C+cell_type+%3D%3D+LTe72+%7C%7C+cell_type+%3D%3D+LTe51+%7C%7C+cell_type+%3D%3D+KCab-m+%7C%7C+cell_type+%3D%3D+CB2154+%7C%7C+cell_type+%3D%3D+KCg-d+%7C%7C+cell_type+%3D%3D+CB1266+%7C%7C+cell_type+%3D%3D+CB2786+%7C%7C+cell_type+%3D%3D+LHAD4a1+%7C%7C+cell_type+%3D%3D+VL2a_adPN+%7C%7C+cell_type+%3D%3D+vLN24+%7C%7C+cell_type+%3D%3D+SLP083+%7C%7C+cell_type+%3D%3D+LHPV10b1+%7C%7C+cell_type+%3D%3D+KCapbp-m+%7C%7C+cell_type+%3D%3D+LHCENT8+%7C%7C+cell_type+%3D%3D+SLP209+%7C%7C+cell_type+%3D%3D+DA4l_adPN+%7C%7C+cell_type+%3D%3D+LHPV5b2_a+%7C%7C+cell_type+%3D%3D+VP3+VP1l_ivPN+%7C%7C+cell_type+%3D%3D+CB1089+%7C%7C+cell_type+%3D%3D+CB3109+%7C%7C+cell_type+%3D%3D+CB1182+%7C%7C+cell_type+%3D%3D+CB3467+%7C%7C+cell_type+%3D%3D+CB2298+%7C%7C+cell_type+%3D%3D+CB1846+%7C%7C+cell_type+%3D%3D+CB2194+%7C%7C+cell_type+%3D%3D+VL2p_adPN+%7C%7C+cell_type+%3D%3D+CB1308+%7C%7C+cell_type+%3D%3D+DC1_adPN+%7C%7C+cell_type+%3D%3D+DL5_adPN+%7C%7C+cell_type+%3D%3D+DP1m_adPN+%7C%7C+cell_type+%3D%3D+VC5_lvPN+%7C%7C+cell_type+%3D%3D+LHAV1d2_b+%7C%7C+cell_type+%3D%3D+CL255+%7C%7C+cell_type+%3D%3D+v2LN30+%7C%7C+cell_type+%3D%3D+CB1909+%7C%7C+cell_type+%3D%3D+CB2693+%7C%7C+cell_type+%3D%3D+CB2965+%7C%7C+cell_type+%3D%3D+MBON23+%7C%7C+cell_type+%3D%3D+VP1d_il2PN+%7C%7C+cell_type+%3D%3D+CB3284+%7C%7C+cell_type+%3D%3D+SLP062+%7C%7C+cell_type+%3D%3D+CB3787+%7C%7C+cell_type+%3D%3D+LHPV5c2+%7C%7C+cell_type+%3D%3D+CB3340+%7C%7C+cell_type+%3D%3D+CB4218+%7C%7C+cell_type+%3D%3D+CSD+%7C%7C+cell_type+%3D%3D+MBON03+%7C%7C+cell_type+%3D%3D+DM3_adPN+%7C%7C+cell_type+%3D%3D+KCapbp-ap1+%7C%7C+cell_type+%3D%3D+KCab-s+%7C%7C+cell_type+%3D%3D+KCapbp-ap2+%7C%7C+cell_type+%3D%3D+KCa'b'-ap2+%7C%7C+cell_type+%3D%3D+KCa'b'-m+%7C%7C+cell_type+%3D%3D+KCg-s2+%7C%7C+cell_type+%3D%3D+KCg-s1+%7C%7C+cell_type+%3D%3D+KCa'b'-ap1&sort_by=&page_size=100"
"figure-2h","https://spelunker.cave-explorer.org/#!middleauth+https://global.daf-apis.com/nglstate/api/v1/5013825785954304","https://codex.flywire.ai/app/connectivity?dataset=banc&cell_names_or_ids=cell_type+%3D%3D+AN19B025+%7C%7C+cell_type+%3D%3D+DProN5+%7C%7C+cell_type+%3D%3D+DProN9+%7C%7C+cell_type+%3D%3D+CvN7+%7C%7C+cell_type+%3D%3D+DProN4+%7C%7C+cell_type+%3D%3D+CvN5+%7C%7C+cell_type+%3D%3D+DProN2+%7C%7C+cell_type+%3D%3D+DProN8+%7C%7C+cell_type+%3D%3D+DNpe013+%7C%7C+cell_type+%3D%3D+DProN3a+%7C%7C+cell_type+%3D%3D+CvN9+%7C%7C+cell_type+%3D%3D+CvN10+%7C%7C+cell_type+%3D%3D+DProN3b+%7C%7C+cell_type+%3D%3D+CvN4+%7C%7C+cell_type+%3D%3D+DProN7+%7C%7C+cell_type+%3D%3D+CvN1,CvN2+%7C%7C+cell_type+%3D%3D+CvN3+%7C%7C+cell_type+%3D%3D+CvN11+%7C%7C+cell_type+%3D%3D+CvN6+%7C%7C+cell_type+%3D%3D+DProN1+%7C%7C+cell_type+%3D%3D+DProN6+%7C%7C+cell_type+%3D%3D+sternal_anterior_rotator_miller_31+%7C%7C+cell_type+%3D%3D+accessory_tibia_flexor_A+%7C%7C+cell_type+%3D%3D+tibia_flexor+%7C%7C+cell_type+%3D%3D+pleural_remotor_and_abductor+%7C%7C+cell_type+%3D%3D+sternal_anterior_rotator+%7C%7C+cell_type+%3D%3D+femur_reductor+%7C%7C+cell_type+%3D%3D+GNG651+%7C%7C+cell_type+%3D%3D+sternal_anterior_rotator_ventrolateral_ribbon+%7C%7C+cell_type+%3D%3D+tibia_flexor_Fast+%7C%7C+cell_type+%3D%3D+long_tendon_muscle_ltm_B+%7C%7C+cell_type+%3D%3D+i2+%7C%7C+cell_type+%3D%3D+CB0901+%7C%7C+cell_type+%3D%3D+pleural_remotor_and_abductor_miller_29+%7C%7C+cell_type+%3D%3D+tarsus_depressor_retro_tarsus_depressor+%7C%7C+cell_type+%3D%3D+tpn+%7C%7C+cell_type+%3D%3D+accessory_tibia_flexor_B+%7C%7C+cell_type+%3D%3D+sternotrochanter_extensor_dorsomedial_ribbon+%7C%7C+cell_type+%3D%3D+CB0810+%7C%7C+cell_type+%3D%3D+tarsus_depressor_B+%7C%7C+cell_type+%3D%3D+long_tendon_muscle_B_femur+%7C%7C+cell_type+%3D%3D+sternal_anterior_rotator_MesoLN_ventral_1+%7C%7C+cell_type+%3D%3D+sternal_posterior_rotator_miller_32+%7C%7C+cell_type+%3D%3D+sternal_anterior_rotator_MesoLN_ventral_2+%7C%7C+cell_type+%3D%3D+IN02A029+%7C%7C+cell_type+%3D%3D+IN07B014&download=&group_by=type&edge_filter=all&cap=50&min_syn_cnt=3"
"figure-2h_simple","https://spelunker.cave-explorer.org/#!middleauth+https://global.daf-apis.com/nglstate/api/v1/4601469062873088","https://codex.flywire.ai/app/connectivity?dataset=banc&cell_names_or_ids=cell_type+%3D%3D+AN19B025+%7C%7C+cell_type+%3D%3D+DProN5+%7C%7C+cell_type+%3D%3D+DProN9+%7C%7C+cell_type+%3D%3D+CvN7+%7C%7C+cell_type+%3D%3D+DProN4+%7C%7C+cell_type+%3D%3D+CvN5+%7C%7C+cell_type+%3D%3D+DProN2+%7C%7C+cell_type+%3D%3D+DProN8+%7C%7C+cell_type+%3D%3D+DNpe013+%7C%7C+cell_type+%3D%3D+DProN3a+%7C%7C+cell_type+%3D%3D+CvN9+%7C%7C+cell_type+%3D%3D+CvN10+%7C%7C+cell_type+%3D%3D+DProN3b+%7C%7C+cell_type+%3D%3D+CvN4+%7C%7C+cell_type+%3D%3D+DProN7+%7C%7C+cell_type+%3D%3D+CvN1,CvN2+%7C%7C+cell_type+%3D%3D+CvN3+%7C%7C+cell_type+%3D%3D+CvN11+%7C%7C+cell_type+%3D%3D+CvN6+%7C%7C+cell_type+%3D%3D+DProN1+%7C%7C+cell_type+%3D%3D+DProN6+%7C%7C+cell_type+%3D%3D+sternal_anterior_rotator_miller_31+%7C%7C+cell_type+%3D%3D+accessory_tibia_flexor_A+%7C%7C+cell_type+%3D%3D+tibia_flexor+%7C%7C+cell_type+%3D%3D+pleural_remotor_and_abductor+%7C%7C+cell_type+%3D%3D+sternal_anterior_rotator+%7C%7C+cell_type+%3D%3D+femur_reductor+%7C%7C+cell_type+%3D%3D+GNG651+%7C%7C+cell_type+%3D%3D+sternal_anterior_rotator_ventrolateral_ribbon+%7C%7C+cell_type+%3D%3D+tibia_flexor_Fast+%7C%7C+cell_type+%3D%3D+long_tendon_muscle_ltm_B+%7C%7C+cell_type+%3D%3D+i2+%7C%7C+cell_type+%3D%3D+CB0901+%7C%7C+cell_type+%3D%3D+pleural_remotor_and_abductor_miller_29+%7C%7C+cell_type+%3D%3D+tarsus_depressor_retro_tarsus_depressor+%7C%7C+cell_type+%3D%3D+tpn+%7C%7C+cell_type+%3D%3D+accessory_tibia_flexor_B+%7C%7C+cell_type+%3D%3D+sternotrochanter_extensor_dorsomedial_ribbon+%7C%7C+cell_type+%3D%3D+CB0810+%7C%7C+cell_type+%3D%3D+tarsus_depressor_B+%7C%7C+cell_type+%3D%3D+long_tendon_muscle_B_femur+%7C%7C+cell_type+%3D%3D+sternal_anterior_rotator_MesoLN_ventral_1+%7C%7C+cell_type+%3D%3D+sternal_posterior_rotator_miller_32+%7C%7C+cell_type+%3D%3D+sternal_anterior_rotator_MesoLN_ventral_2+%7C%7C+cell_type+%3D%3D+IN02A029+%7C%7C+cell_type+%3D%3D+IN07B014&download=&group_by=type&edge_filter=all&cap=50&min_syn_cnt=3"
"figure-3c","https://spelunker.cave-explorer.org/#!middleauth+https://global.daf-apis.com/nglstate/api/v1/5685764829478912","https://codex.flywire.ai/app/connectivity?dataset=banc&cell_names_or_ids=cell_type+%3D%3D+AN19B025+%7C%7C+cell_type+%3D%3D+DNpe013+%7C%7C+cell_type+%3D%3D+IN02A029+%7C%7C+cell_type+%3D%3D+IN07B014+%7C%7C+cell_type+%3D%3D+DProN4+%7C%7C+cell_type+%3D%3D+CvN9+%7C%7C+cell_type+%3D%3D+DProN3a+%7C%7C+cell_type+%3D%3D+DProN5+%7C%7C+cell_type+%3D%3D+CvN10+%7C%7C+cell_type+%3D%3D+DProN3b+%7C%7C+cell_type+%3D%3D+DProN7+%7C%7C+cell_type+%3D%3D+CvN1,CvN2+%7C%7C+cell_type+%3D%3D+CvN3+%7C%7C+cell_type+%3D%3D+CvN11+%7C%7C+cell_type+%3D%3D+DProN1+%7C%7C+cell_type+%3D%3D+CvNA2+%7C%7C+cell_type+%3D%3D+DProN6+%7C%7C+cell_type+%3D%3D+trochanter_flexor_MesoAN+%7C%7C+cell_type+%3D%3D+GNG651+%7C%7C+cell_type+%3D%3D+CB0873+%7C%7C+cell_type+%3D%3D+i2+%7C%7C+cell_type+%3D%3D+CB0804+%7C%7C+cell_type+%3D%3D+tpn+%7C%7C+cell_type+%3D%3D+CB0886+%7C%7C+cell_type+%3D%3D+CB0810+%7C%7C+cell_type+%3D%3D+CvN7+%7C%7C+cell_type+%3D%3D+CvN5+%7C%7C+cell_type+%3D%3D+CvN4+%7C%7C+cell_type+%3D%3D+CvN6+%7C%7C+cell_type+%3D%3D+sternal_anterior_rotator_miller_31+%7C%7C+cell_type+%3D%3D+tibia_flexor+%7C%7C+cell_type+%3D%3D+pleural_remotor_and_abductor+%7C%7C+cell_type+%3D%3D+sternal_anterior_rotator+%7C%7C+cell_type+%3D%3D+femur_reductor_tiny+%7C%7C+cell_type+%3D%3D+CB0901+%7C%7C+cell_type+%3D%3D+pleural_remotor_and_abductor_miller_29+%7C%7C+cell_type+%3D%3D+accessory_tibia_flexor_A+%7C%7C+cell_type+%3D%3D+tarsus_depressor_retro_tarsus_depressor+%7C%7C+cell_type+%3D%3D+sternal_posterior_rotator_miller_32+%7C%7C+cell_type+%3D%3D+DProN9+%7C%7C+cell_type+%3D%3D+DProN2+%7C%7C+cell_type+%3D%3D+DProN8+%7C%7C+cell_type+%3D%3D+sternal_anterior_rotator_ventrolateral_ribbon+%7C%7C+cell_type+%3D%3D+tibia_flexor_Fast+%7C%7C+cell_type+%3D%3D+long_tendon_muscle_ltm_B+%7C%7C+cell_type+%3D%3D+accessory_tibia_flexor_B+%7C%7C+cell_type+%3D%3D+long_tendon_muscle_B_femur+%7C%7C+cell_type+%3D%3D+sternal_anterior_rotator_MesoLN_ventral_1+%7C%7C+cell_type+%3D%3D+sternal_anterior_rotator_MesoLN_ventral_2&download=&group_by=type&edge_filter=all&cap=50&min_syn_cnt=3"
"figure-3c_simple","https://spelunker.cave-explorer.org/#!middleauth+https://global.daf-apis.com/nglstate/api/v1/4902705788092416","https://codex.flywire.ai/app/connectivity?dataset=banc&cell_names_or_ids=cell_type+%3D%3D+AN19B025+%7C%7C+cell_type+%3D%3D+DNpe013+%7C%7C+cell_type+%3D%3D+IN02A029+%7C%7C+cell_type+%3D%3D+IN07B014+%7C%7C+cell_type+%3D%3D+DProN4+%7C%7C+cell_type+%3D%3D+CvN9+%7C%7C+cell_type+%3D%3D+DProN3a+%7C%7C+cell_type+%3D%3D+DProN5+%7C%7C+cell_type+%3D%3D+CvN10+%7C%7C+cell_type+%3D%3D+DProN3b+%7C%7C+cell_type+%3D%3D+DProN7+%7C%7C+cell_type+%3D%3D+CvN1,CvN2+%7C%7C+cell_type+%3D%3D+CvN3+%7C%7C+cell_type+%3D%3D+CvN11+%7C%7C+cell_type+%3D%3D+DProN1+%7C%7C+cell_type+%3D%3D+CvNA2+%7C%7C+cell_type+%3D%3D+DProN6+%7C%7C+cell_type+%3D%3D+trochanter_flexor_MesoAN+%7C%7C+cell_type+%3D%3D+GNG651+%7C%7C+cell_type+%3D%3D+CB0873+%7C%7C+cell_type+%3D%3D+i2+%7C%7C+cell_type+%3D%3D+CB0804+%7C%7C+cell_type+%3D%3D+tpn+%7C%7C+cell_type+%3D%3D+CB0886+%7C%7C+cell_type+%3D%3D+CB0810+%7C%7C+cell_type+%3D%3D+CvN7+%7C%7C+cell_type+%3D%3D+CvN5+%7C%7C+cell_type+%3D%3D+CvN4+%7C%7C+cell_type+%3D%3D+CvN6+%7C%7C+cell_type+%3D%3D+sternal_anterior_rotator_miller_31+%7C%7C+cell_type+%3D%3D+tibia_flexor+%7C%7C+cell_type+%3D%3D+pleural_remotor_and_abductor+%7C%7C+cell_type+%3D%3D+sternal_anterior_rotator+%7C%7C+cell_type+%3D%3D+femur_reductor_tiny+%7C%7C+cell_type+%3D%3D+CB0901+%7C%7C+cell_type+%3D%3D+pleural_remotor_and_abductor_miller_29+%7C%7C+cell_type+%3D%3D+accessory_tibia_flexor_A+%7C%7C+cell_type+%3D%3D+tarsus_depressor_retro_tarsus_depressor+%7C%7C+cell_type+%3D%3D+sternal_posterior_rotator_miller_32+%7C%7C+cell_type+%3D%3D+DProN9+%7C%7C+cell_type+%3D%3D+DProN2+%7C%7C+cell_type+%3D%3D+DProN8+%7C%7C+cell_type+%3D%3D+sternal_anterior_rotator_ventrolateral_ribbon+%7C%7C+cell_type+%3D%3D+tibia_flexor_Fast+%7C%7C+cell_type+%3D%3D+long_tendon_muscle_ltm_B+%7C%7C+cell_type+%3D%3D+accessory_tibia_flexor_B+%7C%7C+cell_type+%3D%3D+long_tendon_muscle_B_femur+%7C%7C+cell_type+%3D%3D+sternal_anterior_rotator_MesoLN_ventral_1+%7C%7C+cell_type+%3D%3D+sternal_anterior_rotator_MesoLN_ventral_2&download=&group_by=type&edge_filter=all&cap=50&min_syn_cnt=3"
"figure-3g","https://spelunker.cave-explorer.org/#!middleauth+https://global.daf-apis.com/nglstate/api/v1/6232086556966912","https://codex.flywire.ai/app/connectivity?dataset=banc&cell_names_or_ids=cell_type+%3D%3D+DNp65+%7C%7C+cell_type+%3D%3D+AN27X017+%7C%7C+cell_type+%3D%3D+EFFabg37+%7C%7C+cell_type+%3D%3D+m_NSC_DILP+%7C%7C+cell_type+%3D%3D+SAabg01+%7C%7C+cell_type+%3D%3D+CB0991&download=&group_by=type&edge_filter=all&cap=50&min_syn_cnt=3"
"figure-3g_simple","https://spelunker.cave-explorer.org/#!middleauth+https://global.daf-apis.com/nglstate/api/v1/6411266141716480","https://codex.flywire.ai/app/connectivity?dataset=banc&cell_names_or_ids=cell_type+%3D%3D+DNp65+%7C%7C+cell_type+%3D%3D+AN27X017+%7C%7C+cell_type+%3D%3D+EFFabg37+%7C%7C+cell_type+%3D%3D+m_NSC_DILP+%7C%7C+cell_type+%3D%3D+SAabg01+%7C%7C+cell_type+%3D%3D+CB0991&download=&group_by=type&edge_filter=all&cap=50&min_syn_cnt=3"
"figure-3h","https://spelunker.cave-explorer.org/#!middleauth+https://global.daf-apis.com/nglstate/api/v1/4775155904544768","https://codex.flywire.ai/app/connectivity?dataset=banc&cell_names_or_ids=cell_type+%3D%3D+DNg27+%7C%7C+cell_type+%3D%3D+ANXXX139+%7C%7C+cell_type+%3D%3D+DLM1-4+%7C%7C+cell_type+%3D%3D+DLM5+%7C%7C+cell_type+%3D%3D+l_NSC_CRZ+%7C%7C+cell_type+%3D%3D+SNxx27+%7C%7C+cell_type+%3D%3D+SNxx29+%7C%7C+cell_type+%3D%3D+LgAG7+%7C%7C+cell_type+%3D%3D+SAxx02+%7C%7C+cell_type+%3D%3D+ISN&download=&group_by=type&edge_filter=all&cap=50&min_syn_cnt=3"
"figure-3h_simple","https://spelunker.cave-explorer.org/#!middleauth+https://global.daf-apis.com/nglstate/api/v1/5028159945703424","https://codex.flywire.ai/app/connectivity?dataset=banc&cell_names_or_ids=cell_type+%3D%3D+DNg27+%7C%7C+cell_type+%3D%3D+ANXXX139+%7C%7C+cell_type+%3D%3D+DLM1-4+%7C%7C+cell_type+%3D%3D+DLM5+%7C%7C+cell_type+%3D%3D+l_NSC_CRZ+%7C%7C+cell_type+%3D%3D+SNxx27+%7C%7C+cell_type+%3D%3D+SNxx29+%7C%7C+cell_type+%3D%3D+LgAG7+%7C%7C+cell_type+%3D%3D+SAxx02+%7C%7C+cell_type+%3D%3D+ISN&download=&group_by=type&edge_filter=all&cap=50&min_syn_cnt=3"
"figure-3i","https://spelunker.cave-explorer.org/#!middleauth+https://global.daf-apis.com/nglstate/api/v1/4980953557499904","https://codex.flywire.ai/app/connectivity?dataset=banc&cell_names_or_ids=cell_type+%3D%3D+DNp37+%7C%7C+cell_type+%3D%3D+oviDNa_a+%7C%7C+cell_type+%3D%3D+ANXXX983+%7C%7C+cell_type+%3D%3D+ANXXX986+%7C%7C+cell_type+%3D%3D+CMU+%7C%7C+cell_type+%3D%3D+pC1a+%7C%7C+cell_type+%3D%3D+SMP589+%7C%7C+cell_type+%3D%3D+SMP602,SMP094+%7C%7C+cell_type+%3D%3D+SMP093+%7C%7C+cell_type+%3D%3D+SPSN+%7C%7C+cell_type+%3D%3D+INXXX149+%7C%7C+cell_type+%3D%3D+INXXX240+%7C%7C+cell_type+%3D%3D+SNabg97f+%7C%7C+cell_type+%3D%3D+SNabg01+%7C%7C+cell_type+%3D%3D+SNabg98f+%7C%7C+cell_type+%3D%3D+SNabg96f+%7C%7C+cell_type+%3D%3D+INFST090+%7C%7C+cell_type+%3D%3D+INFST027+%7C%7C+cell_type+%3D%3D+SNabg03+%7C%7C+cell_type+%3D%3D+SNabg09+%7C%7C+cell_type+%3D%3D+SNabg04+%7C%7C+cell_type+%3D%3D+SNabg06+%7C%7C+cell_type+%3D%3D+SNabg08+%7C%7C+cell_type+%3D%3D+SNabg05+%7C%7C+cell_type+%3D%3D+SNabg11&download=&group_by=type&edge_filter=all&cap=50&min_syn_cnt=3"
"figure-3i_simple","https://spelunker.cave-explorer.org/#!middleauth+https://global.daf-apis.com/nglstate/api/v1/6594122897948672","https://codex.flywire.ai/app/connectivity?dataset=banc&cell_names_or_ids=cell_type+%3D%3D+DNp37+%7C%7C+cell_type+%3D%3D+oviDNa_a+%7C%7C+cell_type+%3D%3D+ANXXX983+%7C%7C+cell_type+%3D%3D+ANXXX986+%7C%7C+cell_type+%3D%3D+CMU+%7C%7C+cell_type+%3D%3D+pC1a+%7C%7C+cell_type+%3D%3D+SMP589+%7C%7C+cell_type+%3D%3D+SMP602,SMP094+%7C%7C+cell_type+%3D%3D+SMP093+%7C%7C+cell_type+%3D%3D+SPSN+%7C%7C+cell_type+%3D%3D+INXXX149+%7C%7C+cell_type+%3D%3D+INXXX240+%7C%7C+cell_type+%3D%3D+SNabg97f+%7C%7C+cell_type+%3D%3D+SNabg01+%7C%7C+cell_type+%3D%3D+SNabg98f+%7C%7C+cell_type+%3D%3D+SNabg96f+%7C%7C+cell_type+%3D%3D+INFST090+%7C%7C+cell_type+%3D%3D+INFST027+%7C%7C+cell_type+%3D%3D+SNabg03+%7C%7C+cell_type+%3D%3D+SNabg09+%7C%7C+cell_type+%3D%3D+SNabg04+%7C%7C+cell_type+%3D%3D+SNabg06+%7C%7C+cell_type+%3D%3D+SNabg08+%7C%7C+cell_type+%3D%3D+SNabg05+%7C%7C+cell_type+%3D%3D+SNabg11&download=&group_by=type&edge_filter=all&cap=50&min_syn_cnt=3"
"figure-3j","https://spelunker.cave-explorer.org/#!middleauth+https://global.daf-apis.com/nglstate/api/v1/6106853464342528","https://codex.flywire.ai/app/connectivity?dataset=banc&cell_names_or_ids=cell_type+%3D%3D+DNge104+%7C%7C+cell_type+%3D%3D+AN09B023+%7C%7C+cell_type+%3D%3D+SNta09+%7C%7C+cell_type+%3D%3D+SNta10+%7C%7C+cell_type+%3D%3D+SNta02+%7C%7C+cell_type+%3D%3D+SNta05+%7C%7C+cell_type+%3D%3D+SNta13+%7C%7C+cell_type+%3D%3D+BM_Or+%7C%7C+cell_type+%3D%3D+SNta33+%7C%7C+cell_type+%3D%3D+BM_vOcci_vPoOr+%7C%7C+cell_type+%3D%3D+BM_Vt_PoOc+%7C%7C+cell_type+%3D%3D+BM_InOm+%7C%7C+cell_type+%3D%3D+BM_Oc+%7C%7C+cell_type+%3D%3D+BM_Fr+%7C%7C+cell_type+%3D%3D+BM_InOc+%7C%7C+cell_type+%3D%3D+SNta11+%7C%7C+cell_type+%3D%3D+SNta12+%7C%7C+cell_type+%3D%3D+BM_FrOr+%7C%7C+cell_type+%3D%3D+SNta20+%7C%7C+cell_type+%3D%3D+SNta29+%7C%7C+cell_type+%3D%3D+SNta37+%7C%7C+cell_type+%3D%3D+SNta34+%7C%7C+cell_type+%3D%3D+SNta35+%7C%7C+cell_type+%3D%3D+SNta19+%7C%7C+cell_type+%3D%3D+SNta04+%7C%7C+cell_type+%3D%3D+SNta14+%7C%7C+cell_type+%3D%3D+SNta31+%7C%7C+cell_type+%3D%3D+BM_Taste+%7C%7C+cell_type+%3D%3D+SNta41+%7C%7C+cell_type+%3D%3D+SNta43+%7C%7C+cell_type+%3D%3D+SNta30+%7C%7C+cell_type+%3D%3D+SNta42+%7C%7C+cell_type+%3D%3D+SNta24+%7C%7C+cell_type+%3D%3D+BM_Vib+%7C%7C+cell_type+%3D%3D+BM_MaPa+%7C%7C+cell_type+%3D%3D+SNta08+%7C%7C+cell_type+%3D%3D+SNta23+%7C%7C+cell_type+%3D%3D+SNta36+%7C%7C+cell_type+%3D%3D+SNta28+%7C%7C+cell_type+%3D%3D+SNta40+%7C%7C+cell_type+%3D%3D+SNta44+%7C%7C+cell_type+%3D%3D+BM_Ant+%7C%7C+cell_type+%3D%3D+SNta32+%7C%7C+cell_type+%3D%3D+SNta07+%7C%7C+cell_type+%3D%3D+SNta26+%7C%7C+cell_type+%3D%3D+BM_dPoOr&download=&group_by=type&edge_filter=all&cap=50&min_syn_cnt=3"
"figure-3j_simple","https://spelunker.cave-explorer.org/#!middleauth+https://global.daf-apis.com/nglstate/api/v1/4981403656650752","https://codex.flywire.ai/app/connectivity?dataset=banc&cell_names_or_ids=cell_type+%3D%3D+DNge104+%7C%7C+cell_type+%3D%3D+AN09B023+%7C%7C+cell_type+%3D%3D+SNta09+%7C%7C+cell_type+%3D%3D+SNta10+%7C%7C+cell_type+%3D%3D+SNta02+%7C%7C+cell_type+%3D%3D+SNta05+%7C%7C+cell_type+%3D%3D+SNta13+%7C%7C+cell_type+%3D%3D+BM_Or+%7C%7C+cell_type+%3D%3D+SNta33+%7C%7C+cell_type+%3D%3D+BM_vOcci_vPoOr+%7C%7C+cell_type+%3D%3D+BM_Vt_PoOc+%7C%7C+cell_type+%3D%3D+BM_InOm+%7C%7C+cell_type+%3D%3D+BM_Oc+%7C%7C+cell_type+%3D%3D+BM_Fr+%7C%7C+cell_type+%3D%3D+BM_InOc+%7C%7C+cell_type+%3D%3D+SNta11+%7C%7C+cell_type+%3D%3D+SNta12+%7C%7C+cell_type+%3D%3D+BM_FrOr+%7C%7C+cell_type+%3D%3D+SNta20+%7C%7C+cell_type+%3D%3D+SNta29+%7C%7C+cell_type+%3D%3D+SNta37+%7C%7C+cell_type+%3D%3D+SNta34+%7C%7C+cell_type+%3D%3D+SNta35+%7C%7C+cell_type+%3D%3D+SNta19+%7C%7C+cell_type+%3D%3D+SNta04+%7C%7C+cell_type+%3D%3D+SNta14+%7C%7C+cell_type+%3D%3D+SNta31+%7C%7C+cell_type+%3D%3D+BM_Taste+%7C%7C+cell_type+%3D%3D+SNta41+%7C%7C+cell_type+%3D%3D+SNta43+%7C%7C+cell_type+%3D%3D+SNta30+%7C%7C+cell_type+%3D%3D+SNta42+%7C%7C+cell_type+%3D%3D+SNta24+%7C%7C+cell_type+%3D%3D+BM_Vib+%7C%7C+cell_type+%3D%3D+BM_MaPa+%7C%7C+cell_type+%3D%3D+SNta08+%7C%7C+cell_type+%3D%3D+SNta23+%7C%7C+cell_type+%3D%3D+SNta36+%7C%7C+cell_type+%3D%3D+SNta28+%7C%7C+cell_type+%3D%3D+SNta40+%7C%7C+cell_type+%3D%3D+SNta44+%7C%7C+cell_type+%3D%3D+BM_Ant+%7C%7C+cell_type+%3D%3D+SNta32+%7C%7C+cell_type+%3D%3D+SNta07+%7C%7C+cell_type+%3D%3D+SNta26+%7C%7C+cell_type+%3D%3D+BM_dPoOr&download=&group_by=type&edge_filter=all&cap=50&min_syn_cnt=3"
"figure-3k","https://spelunker.cave-explorer.org/#!middleauth+https://global.daf-apis.com/nglstate/api/v1/5543903510921216","https://codex.flywire.ai/app/connectivity?dataset=banc&cell_names_or_ids=cell_type+%3D%3D+AN09B011+%7C%7C+cell_type+%3D%3D+mALC5+%7C%7C+cell_type+%3D%3D+SNpp58+%7C%7C+cell_type+%3D%3D+LgLG3+%7C%7C+cell_type+%3D%3D+SNpp52+%7C%7C+cell_type+%3D%3D+SNta21+%7C%7C+cell_type+%3D%3D+SNpp51+%7C%7C+cell_type+%3D%3D+SNpp45+%7C%7C+cell_type+%3D%3D+CS+%7C%7C+cell_type+%3D%3D+SNpp43+%7C%7C+cell_type+%3D%3D+SNpp41+%7C%7C+cell_type+%3D%3D+SNxxxx+%7C%7C+cell_type+%3D%3D+Nod3+%7C%7C+cell_type+%3D%3D+LPLC1+%7C%7C+cell_type+%3D%3D+LPLC2+%7C%7C+cell_type+%3D%3D+DNp103+%7C%7C+cell_type+%3D%3D+DNp35+%7C%7C+cell_type+%3D%3D+DNp03+%7C%7C+cell_type+%3D%3D+DNp06+%7C%7C+cell_type+%3D%3D+DNpe025+%7C%7C+cell_type+%3D%3D+DNp04&download=&group_by=type&edge_filter=all&cap=50&min_syn_cnt=3"
"figure-3k_simple","https://spelunker.cave-explorer.org/#!middleauth+https://global.daf-apis.com/nglstate/api/v1/6139725692796928","https://codex.flywire.ai/app/connectivity?dataset=banc&cell_names_or_ids=cell_type+%3D%3D+AN09B011+%7C%7C+cell_type+%3D%3D+mALC5+%7C%7C+cell_type+%3D%3D+SNpp58+%7C%7C+cell_type+%3D%3D+LgLG3+%7C%7C+cell_type+%3D%3D+SNpp52+%7C%7C+cell_type+%3D%3D+SNta21+%7C%7C+cell_type+%3D%3D+SNpp51+%7C%7C+cell_type+%3D%3D+SNpp45+%7C%7C+cell_type+%3D%3D+CS+%7C%7C+cell_type+%3D%3D+SNpp43+%7C%7C+cell_type+%3D%3D+SNpp41+%7C%7C+cell_type+%3D%3D+SNxxxx+%7C%7C+cell_type+%3D%3D+Nod3+%7C%7C+cell_type+%3D%3D+LPLC1+%7C%7C+cell_type+%3D%3D+LPLC2+%7C%7C+cell_type+%3D%3D+DNp103+%7C%7C+cell_type+%3D%3D+DNp35+%7C%7C+cell_type+%3D%3D+DNp03+%7C%7C+cell_type+%3D%3D+DNp06+%7C%7C+cell_type+%3D%3D+DNpe025+%7C%7C+cell_type+%3D%3D+DNp04&download=&group_by=type&edge_filter=all&cap=50&min_syn_cnt=3"
"figure-4e","https://spelunker.cave-explorer.org/#!middleauth+https://global.daf-apis.com/nglstate/api/v1/6425012922744832","https://codex.flywire.ai/app/connectivity?dataset=banc&cell_names_or_ids=cell_type+%3D%3D+DNa06+%7C%7C+cell_type+%3D%3D+DNg89+%7C%7C+cell_type+%3D%3D+AN19B018+%7C%7C+cell_type+%3D%3D+AN18B023+%7C%7C+cell_type+%3D%3D+AN03A002+%7C%7C+cell_type+%3D%3D+CvN7+%7C%7C+cell_type+%3D%3D+CvN5+%7C%7C+cell_type+%3D%3D+CvN9+%7C%7C+cell_type+%3D%3D+CvN4+%7C%7C+cell_type+%3D%3D+CvN3+%7C%7C+cell_type+%3D%3D+CvN11+%7C%7C+cell_type+%3D%3D+CvN6+%7C%7C+cell_type+%3D%3D+CvN1,CvN2+%7C%7C+cell_type+%3D%3D+DProN3b+%7C%7C+cell_type+%3D%3D+CvNA1+%7C%7C+cell_type+%3D%3D+DProN3a+%7C%7C+cell_type+%3D%3D+CvN10+%7C%7C+cell_type+%3D%3D+DProN7+%7C%7C+cell_type+%3D%3D+DProN1+%7C%7C+cell_type+%3D%3D+CvNA2+%7C%7C+cell_type+%3D%3D+VCvN3+%7C%7C+cell_type+%3D%3D+DProN6+%7C%7C+cell_type+%3D%3D+VCvN1,VCvN2+%7C%7C+cell_type+%3D%3D+CB0901+%7C%7C+cell_type+%3D%3D+DProN4+%7C%7C+cell_type+%3D%3D+DProN9+%7C%7C+cell_type+%3D%3D+DProN8+%7C%7C+cell_type+%3D%3D+DProN2&download=&group_by=type&edge_filter=all&cap=50&min_syn_cnt=3"
"figure-4e_simple","https://spelunker.cave-explorer.org/#!middleauth+https://global.daf-apis.com/nglstate/api/v1/4761840323133440","https://codex.flywire.ai/app/connectivity?dataset=banc&cell_names_or_ids=cell_type+%3D%3D+DNa06+%7C%7C+cell_type+%3D%3D+DNg89+%7C%7C+cell_type+%3D%3D+AN19B018+%7C%7C+cell_type+%3D%3D+AN18B023+%7C%7C+cell_type+%3D%3D+AN03A002+%7C%7C+cell_type+%3D%3D+CvN7+%7C%7C+cell_type+%3D%3D+CvN5+%7C%7C+cell_type+%3D%3D+CvN9+%7C%7C+cell_type+%3D%3D+CvN4+%7C%7C+cell_type+%3D%3D+CvN3+%7C%7C+cell_type+%3D%3D+CvN11+%7C%7C+cell_type+%3D%3D+CvN6+%7C%7C+cell_type+%3D%3D+CvN1,CvN2+%7C%7C+cell_type+%3D%3D+DProN3b+%7C%7C+cell_type+%3D%3D+CvNA1+%7C%7C+cell_type+%3D%3D+DProN3a+%7C%7C+cell_type+%3D%3D+CvN10+%7C%7C+cell_type+%3D%3D+DProN7+%7C%7C+cell_type+%3D%3D+DProN1+%7C%7C+cell_type+%3D%3D+CvNA2+%7C%7C+cell_type+%3D%3D+VCvN3+%7C%7C+cell_type+%3D%3D+DProN6+%7C%7C+cell_type+%3D%3D+VCvN1,VCvN2+%7C%7C+cell_type+%3D%3D+CB0901+%7C%7C+cell_type+%3D%3D+DProN4+%7C%7C+cell_type+%3D%3D+DProN9+%7C%7C+cell_type+%3D%3D+DProN8+%7C%7C+cell_type+%3D%3D+DProN2&download=&group_by=type&edge_filter=all&cap=50&min_syn_cnt=3"
"figure-4f","https://spelunker.cave-explorer.org/#!middleauth+https://global.daf-apis.com/nglstate/api/v1/6518294151430144","https://codex.flywire.ai/app/connectivity?dataset=banc&cell_names_or_ids=cell_type+%3D%3D+DNp10+%7C%7C+cell_type+%3D%3D+AN06B002+%7C%7C+cell_type+%3D%3D+IN12B018+%7C%7C+cell_type+%3D%3D+accessory_tibia_flexor_A+%7C%7C+cell_type+%3D%3D+tibia_flexor+%7C%7C+cell_type+%3D%3D+tibia_flexor_Fast+%7C%7C+cell_type+%3D%3D+accessory_tibia_flexor_C+%7C%7C+cell_type+%3D%3D+accessory_tibia_flexor_A_slow+%7C%7C+cell_type+%3D%3D+long_tendon_muscle_ltm_B+%7C%7C+cell_type+%3D%3D+long_tendon_muscle_B+%7C%7C+cell_type+%3D%3D+tarsus_levator_D+%7C%7C+cell_type+%3D%3D+tibia_extensor_FETi+%7C%7C+cell_type+%3D%3D+tibia_extensor_SETi+%7C%7C+cell_type+%3D%3D+long_tendon_muscle_B_tibia+%7C%7C+cell_type+%3D%3D+tergotrochanter_extensor_PDMN+%7C%7C+cell_type+%3D%3D+long_tendon_muscle_B_femur+%7C%7C+cell_type+%3D%3D+tergotrochanter_extensor+%7C%7C+cell_type+%3D%3D+accessory_tibia_flexor_B+%7C%7C+cell_type+%3D%3D+SNta38+%7C%7C+cell_type+%3D%3D+SNta28+%7C%7C+cell_type+%3D%3D+SNta21+%7C%7C+cell_type+%3D%3D+SNta44+%7C%7C+cell_type+%3D%3D+SNpp45+%7C%7C+cell_type+%3D%3D+SNta25+%7C%7C+cell_type+%3D%3D+SNta45+%7C%7C+cell_type+%3D%3D+SNpp52+%7C%7C+cell_type+%3D%3D+SNcs01f+%7C%7C+cell_type+%3D%3D+SNpp51+%7C%7C+cell_type+%3D%3D+CS+%7C%7C+cell_type+%3D%3D+SNpp55+%7C%7C+cell_type+%3D%3D+SNta24+%7C%7C+cell_type+%3D%3D+SNta30+%7C%7C+cell_type+%3D%3D+SNvnc12f+%7C%7C+cell_type+%3D%3D+SNta43+%7C%7C+cell_type+%3D%3D+SNta37+%7C%7C+cell_type+%3D%3D+SNta26+%7C%7C+cell_type+%3D%3D+SNpp41+%7C%7C+cell_type+%3D%3D+SNpp39+%7C%7C+cell_type+%3D%3D+SNpp50+%7C%7C+cell_type+%3D%3D+SNpp53+%7C%7C+cell_type+%3D%3D+bCS+%7C%7C+cell_type+%3D%3D+SNpp43+%7C%7C+cell_type+%3D%3D+SNpp40+%7C%7C+cell_type+%3D%3D+SNpp60+%7C%7C+cell_type+%3D%3D+SNpp49+%7C%7C+cell_type+%3D%3D+SNpp57&download=&group_by=type&edge_filter=all&cap=50&min_syn_cnt=3"
"figure-4f_simple","https://spelunker.cave-explorer.org/#!middleauth+https://global.daf-apis.com/nglstate/api/v1/6201179804532736","https://codex.flywire.ai/app/connectivity?dataset=banc&cell_names_or_ids=cell_type+%3D%3D+DNp10+%7C%7C+cell_type+%3D%3D+AN06B002+%7C%7C+cell_type+%3D%3D+IN12B018+%7C%7C+cell_type+%3D%3D+accessory_tibia_flexor_A+%7C%7C+cell_type+%3D%3D+tibia_flexor+%7C%7C+cell_type+%3D%3D+tibia_flexor_Fast+%7C%7C+cell_type+%3D%3D+accessory_tibia_flexor_C+%7C%7C+cell_type+%3D%3D+accessory_tibia_flexor_A_slow+%7C%7C+cell_type+%3D%3D+long_tendon_muscle_ltm_B+%7C%7C+cell_type+%3D%3D+long_tendon_muscle_B+%7C%7C+cell_type+%3D%3D+tarsus_levator_D+%7C%7C+cell_type+%3D%3D+tibia_extensor_FETi+%7C%7C+cell_type+%3D%3D+tibia_extensor_SETi+%7C%7C+cell_type+%3D%3D+long_tendon_muscle_B_tibia+%7C%7C+cell_type+%3D%3D+tergotrochanter_extensor_PDMN+%7C%7C+cell_type+%3D%3D+long_tendon_muscle_B_femur+%7C%7C+cell_type+%3D%3D+tergotrochanter_extensor+%7C%7C+cell_type+%3D%3D+accessory_tibia_flexor_B+%7C%7C+cell_type+%3D%3D+SNta38+%7C%7C+cell_type+%3D%3D+SNta28+%7C%7C+cell_type+%3D%3D+SNta21+%7C%7C+cell_type+%3D%3D+SNta44+%7C%7C+cell_type+%3D%3D+SNpp45+%7C%7C+cell_type+%3D%3D+SNta25+%7C%7C+cell_type+%3D%3D+SNta45+%7C%7C+cell_type+%3D%3D+SNpp52+%7C%7C+cell_type+%3D%3D+SNcs01f+%7C%7C+cell_type+%3D%3D+SNpp51+%7C%7C+cell_type+%3D%3D+CS+%7C%7C+cell_type+%3D%3D+SNpp55+%7C%7C+cell_type+%3D%3D+SNta24+%7C%7C+cell_type+%3D%3D+SNta30+%7C%7C+cell_type+%3D%3D+SNvnc12f+%7C%7C+cell_type+%3D%3D+SNta43+%7C%7C+cell_type+%3D%3D+SNta37+%7C%7C+cell_type+%3D%3D+SNta26+%7C%7C+cell_type+%3D%3D+SNpp41+%7C%7C+cell_type+%3D%3D+SNpp39+%7C%7C+cell_type+%3D%3D+SNpp50+%7C%7C+cell_type+%3D%3D+SNpp53+%7C%7C+cell_type+%3D%3D+bCS+%7C%7C+cell_type+%3D%3D+SNpp43+%7C%7C+cell_type+%3D%3D+SNpp40+%7C%7C+cell_type+%3D%3D+SNpp60+%7C%7C+cell_type+%3D%3D+SNpp49+%7C%7C+cell_type+%3D%3D+SNpp57&download=&group_by=type&edge_filter=all&cap=50&min_syn_cnt=3"
"figure-5c","https://spelunker.cave-explorer.org/#!middleauth+https://global.daf-apis.com/nglstate/api/v1/5769741749714944","https://codex.flywire.ai/app/connectivity?dataset=banc&cell_names_or_ids=cell_type+%3D%3D+DNp38+%7C%7C+cell_type+%3D%3D+DNg100+%7C%7C+cell_type+%3D%3D+AN09B029_b+%7C%7C+cell_type+%3D%3D+AN02A002+%7C%7C+cell_type+%3D%3D+IN18B011+%7C%7C+cell_type+%3D%3D+long_tendon_muscle_ltm_B+%7C%7C+cell_type+%3D%3D+long_tendon_muscle_B_femur+%7C%7C+cell_type+%3D%3D+sternal_anterior_rotator_miller_31+%7C%7C+cell_type+%3D%3D+long_tendon_muscle_B+%7C%7C+cell_type+%3D%3D+accessory_tibia_flexor_A+%7C%7C+cell_type+%3D%3D+trochanter_flexor_MesoAN+%7C%7C+cell_type+%3D%3D+trochanter_extensor_LinJ+%7C%7C+cell_type+%3D%3D+trochanter_flexor_MesoLN_ventral_5+%7C%7C+cell_type+%3D%3D+accessory_tibia_flexor_B+%7C%7C+cell_type+%3D%3D+sternal_adductor_ProAN+%7C%7C+cell_type+%3D%3D+tergotrochanter_extensor+%7C%7C+cell_type+%3D%3D+trochanter_extensor+%7C%7C+cell_type+%3D%3D+tibia_flexor+%7C%7C+cell_type+%3D%3D+tergopleural_promotor_pleural_promotor+%7C%7C+cell_type+%3D%3D+sternal_adductor+%7C%7C+cell_type+%3D%3D+sternotrochanter_extensor+%7C%7C+cell_type+%3D%3D+sternal_anterior_rotator+%7C%7C+cell_type+%3D%3D+pleural_remotor_and_abductor+%7C%7C+cell_type+%3D%3D+trochanter_flexor_ProAN+%7C%7C+cell_type+%3D%3D+sternotrochanter_extensor_MesoLN_dorsal_3+%7C%7C+cell_type+%3D%3D+trochanter_flexor_dorsomedial_ribbon+%7C%7C+cell_type+%3D%3D+tibia_extensor_SETi+%7C%7C+cell_type+%3D%3D+sternotrochanter_extensor_ventrolateral_ribbon+%7C%7C+cell_type+%3D%3D+accessory_trochanter_flexor+%7C%7C+cell_type+%3D%3D+trochanter_flexor_MesoLN_ventral_3+%7C%7C+cell_type+%3D%3D+tibia_extensor_FETi+%7C%7C+cell_type+%3D%3D+sternal_anterior_rotator_ventrolateral_ribbon+%7C%7C+cell_type+%3D%3D+tergotrochanter_extensor_MetaAN+%7C%7C+cell_type+%3D%3D+trochanter_flexor_ventrolateral_ribbon+%7C%7C+cell_type+%3D%3D+tibia_flexor_Fast+%7C%7C+cell_type+%3D%3D+long_tendon_muscle_B_tibia+%7C%7C+cell_type+%3D%3D+pleural_remotor_and_abductor_MesoLN_dorsal_5+%7C%7C+cell_type+%3D%3D+tergotrochanter_extensor_PDMN+%7C%7C+cell_type+%3D%3D+pleural_remotor_and_abductor_miller_29+%7C%7C+cell_type+%3D%3D+tergopleural_promotor_pleural_promotor_miller_28_30+%7C%7C+cell_type+%3D%3D+trochanter_flexor_VProN+%7C%7C+cell_type+%3D%3D+tarsus_depressor_B+%7C%7C+cell_type+%3D%3D+sternotrochanter_extensor_dorsomedial_ribbon+%7C%7C+cell_type+%3D%3D+trochanter_extensor_MetaLN+%7C%7C+cell_type+%3D%3D+pleural_remotor_and_abductor_dorsomedial_ribbon+%7C%7C+cell_type+%3D%3D+tarsus_levator_D+%7C%7C+cell_type+%3D%3D+accessory_trochanter_flexor_MetaLN+%7C%7C+cell_type+%3D%3D+sternal_posterior_rotator_miller_32+%7C%7C+cell_type+%3D%3D+sternal_anterior_rotator_MesoLN_ventral_1+%7C%7C+cell_type+%3D%3D+sternal_posterior_rotator+%7C%7C+cell_type+%3D%3D+sternal_posterior_rotator_MesoLN_dorsal_5+%7C%7C+cell_type+%3D%3D+sternal_adductor_MesoLN_dorsal_5+%7C%7C+cell_type+%3D%3D+long_tendon_muscle_A_dipalpha+%7C%7C+cell_type+%3D%3D+sternal_anterior_rotator_MesoLN_ventral_2+%7C%7C+cell_type+%3D%3D+accessory_tibia_flexor_A_out_of_bundle+%7C%7C+cell_type+%3D%3D+accessory_tibia_flexor_A_slow+%7C%7C+cell_type+%3D%3D+femur_reductor+%7C%7C+cell_type+%3D%3D+sternal_adductor_MetaAN+%7C%7C+cell_type+%3D%3D+femur_reductor_dorsomedial_ribbon+%7C%7C+cell_type+%3D%3D+sternal_posterior_rotator_dorsomedial_ribbon+%7C%7C+cell_type+%3D%3D+SNta05+%7C%7C+cell_type+%3D%3D+SNta10+%7C%7C+cell_type+%3D%3D+SNta19+%7C%7C+cell_type+%3D%3D+SNta11+%7C%7C+cell_type+%3D%3D+SNta13+%7C%7C+cell_type+%3D%3D+SNpp30+%7C%7C+cell_type+%3D%3D+SNta04+%7C%7C+cell_type+%3D%3D+SNta33+%7C%7C+cell_type+%3D%3D+SNpp32+%7C%7C+cell_type+%3D%3D+SNta43+%7C%7C+cell_type+%3D%3D+SNpp12+%7C%7C+cell_type+%3D%3D+SNta08+%7C%7C+cell_type+%3D%3D+SNta12+%7C%7C+cell_type+%3D%3D+SNta09+%7C%7C+cell_type+%3D%3D+SNpp10+%7C%7C+cell_type+%3D%3D+SNta14+%7C%7C+cell_type+%3D%3D+SNta42+%7C%7C+cell_type+%3D%3D+SNpp21+%7C%7C+cell_type+%3D%3D+SNpp22+%7C%7C+cell_type+%3D%3D+SMP461+%7C%7C+cell_type+%3D%3D+CL210+%7C%7C+cell_type+%3D%3D+CL210_a+%7C%7C+cell_type+%3D%3D+WED092c+%7C%7C+cell_type+%3D%3D+WED092e+%7C%7C+cell_type+%3D%3D+LHPV6q1+%7C%7C+cell_type+%3D%3D+JO-F+%7C%7C+cell_type+%3D%3D+JO-A+%7C%7C+cell_type+%3D%3D+JO-B+%7C%7C+cell_type+%3D%3D+JO-E+%7C%7C+cell_type+%3D%3D+JO-C+%7C%7C+cell_type+%3D%3D+JO-D+%7C%7C+cell_type+%3D%3D+JO-mz+%7C%7C+cell_type+%3D%3D+JO-EVL+%7C%7C+cell_type+%3D%3D+JO-CM+%7C%7C+cell_type+%3D%3D+JO-EDM+%7C%7C+cell_type+%3D%3D+JO-EVM+%7C%7C+cell_type+%3D%3D+JO-FVA+%7C%7C+cell_type+%3D%3D+JO-EDP+%7C%7C+cell_type+%3D%3D+JO-CA+%7C%7C+cell_type+%3D%3D+JO-EDC+%7C%7C+cell_type+%3D%3D+JO-EV+%7C%7C+cell_type+%3D%3D+JO-DA+%7C%7C+cell_type+%3D%3D+JO-CL&download=&group_by=type&edge_filter=all&cap=50&min_syn_cnt=3"
"figure-5c_simple","https://spelunker.cave-explorer.org/#!middleauth+https://global.daf-apis.com/nglstate/api/v1/4793804920979456","https://codex.flywire.ai/app/connectivity?dataset=banc&cell_names_or_ids=cell_type+%3D%3D+DNp38+%7C%7C+cell_type+%3D%3D+DNg100+%7C%7C+cell_type+%3D%3D+AN09B029_b+%7C%7C+cell_type+%3D%3D+AN02A002+%7C%7C+cell_type+%3D%3D+IN18B011+%7C%7C+cell_type+%3D%3D+long_tendon_muscle_ltm_B+%7C%7C+cell_type+%3D%3D+long_tendon_muscle_B_femur+%7C%7C+cell_type+%3D%3D+sternal_anterior_rotator_miller_31+%7C%7C+cell_type+%3D%3D+long_tendon_muscle_B+%7C%7C+cell_type+%3D%3D+accessory_tibia_flexor_A+%7C%7C+cell_type+%3D%3D+trochanter_flexor_MesoAN+%7C%7C+cell_type+%3D%3D+trochanter_extensor_LinJ+%7C%7C+cell_type+%3D%3D+trochanter_flexor_MesoLN_ventral_5+%7C%7C+cell_type+%3D%3D+accessory_tibia_flexor_B+%7C%7C+cell_type+%3D%3D+sternal_adductor_ProAN+%7C%7C+cell_type+%3D%3D+tergotrochanter_extensor+%7C%7C+cell_type+%3D%3D+trochanter_extensor+%7C%7C+cell_type+%3D%3D+tibia_flexor+%7C%7C+cell_type+%3D%3D+tergopleural_promotor_pleural_promotor+%7C%7C+cell_type+%3D%3D+sternal_adductor+%7C%7C+cell_type+%3D%3D+sternotrochanter_extensor+%7C%7C+cell_type+%3D%3D+sternal_anterior_rotator+%7C%7C+cell_type+%3D%3D+pleural_remotor_and_abductor+%7C%7C+cell_type+%3D%3D+trochanter_flexor_ProAN+%7C%7C+cell_type+%3D%3D+sternotrochanter_extensor_MesoLN_dorsal_3+%7C%7C+cell_type+%3D%3D+trochanter_flexor_dorsomedial_ribbon+%7C%7C+cell_type+%3D%3D+tibia_extensor_SETi+%7C%7C+cell_type+%3D%3D+sternotrochanter_extensor_ventrolateral_ribbon+%7C%7C+cell_type+%3D%3D+accessory_trochanter_flexor+%7C%7C+cell_type+%3D%3D+trochanter_flexor_MesoLN_ventral_3+%7C%7C+cell_type+%3D%3D+tibia_extensor_FETi+%7C%7C+cell_type+%3D%3D+sternal_anterior_rotator_ventrolateral_ribbon+%7C%7C+cell_type+%3D%3D+tergotrochanter_extensor_MetaAN+%7C%7C+cell_type+%3D%3D+trochanter_flexor_ventrolateral_ribbon+%7C%7C+cell_type+%3D%3D+tibia_flexor_Fast+%7C%7C+cell_type+%3D%3D+long_tendon_muscle_B_tibia+%7C%7C+cell_type+%3D%3D+pleural_remotor_and_abductor_MesoLN_dorsal_5+%7C%7C+cell_type+%3D%3D+tergotrochanter_extensor_PDMN+%7C%7C+cell_type+%3D%3D+pleural_remotor_and_abductor_miller_29+%7C%7C+cell_type+%3D%3D+tergopleural_promotor_pleural_promotor_miller_28_30+%7C%7C+cell_type+%3D%3D+trochanter_flexor_VProN+%7C%7C+cell_type+%3D%3D+tarsus_depressor_B+%7C%7C+cell_type+%3D%3D+sternotrochanter_extensor_dorsomedial_ribbon+%7C%7C+cell_type+%3D%3D+trochanter_extensor_MetaLN+%7C%7C+cell_type+%3D%3D+pleural_remotor_and_abductor_dorsomedial_ribbon+%7C%7C+cell_type+%3D%3D+tarsus_levator_D+%7C%7C+cell_type+%3D%3D+accessory_trochanter_flexor_MetaLN+%7C%7C+cell_type+%3D%3D+sternal_posterior_rotator_miller_32+%7C%7C+cell_type+%3D%3D+sternal_anterior_rotator_MesoLN_ventral_1+%7C%7C+cell_type+%3D%3D+sternal_posterior_rotator+%7C%7C+cell_type+%3D%3D+sternal_posterior_rotator_MesoLN_dorsal_5+%7C%7C+cell_type+%3D%3D+sternal_adductor_MesoLN_dorsal_5+%7C%7C+cell_type+%3D%3D+long_tendon_muscle_A_dipalpha+%7C%7C+cell_type+%3D%3D+sternal_anterior_rotator_MesoLN_ventral_2+%7C%7C+cell_type+%3D%3D+accessory_tibia_flexor_A_out_of_bundle+%7C%7C+cell_type+%3D%3D+accessory_tibia_flexor_A_slow+%7C%7C+cell_type+%3D%3D+femur_reductor+%7C%7C+cell_type+%3D%3D+sternal_adductor_MetaAN+%7C%7C+cell_type+%3D%3D+femur_reductor_dorsomedial_ribbon+%7C%7C+cell_type+%3D%3D+sternal_posterior_rotator_dorsomedial_ribbon+%7C%7C+cell_type+%3D%3D+SNta05+%7C%7C+cell_type+%3D%3D+SNta10+%7C%7C+cell_type+%3D%3D+SNta19+%7C%7C+cell_type+%3D%3D+SNta11+%7C%7C+cell_type+%3D%3D+SNta13+%7C%7C+cell_type+%3D%3D+SNpp30+%7C%7C+cell_type+%3D%3D+SNta04+%7C%7C+cell_type+%3D%3D+SNta33+%7C%7C+cell_type+%3D%3D+SNpp32+%7C%7C+cell_type+%3D%3D+SNta43+%7C%7C+cell_type+%3D%3D+SNpp12+%7C%7C+cell_type+%3D%3D+SNta08+%7C%7C+cell_type+%3D%3D+SNta12+%7C%7C+cell_type+%3D%3D+SNta09+%7C%7C+cell_type+%3D%3D+SNpp10+%7C%7C+cell_type+%3D%3D+SNta14+%7C%7C+cell_type+%3D%3D+SNta42+%7C%7C+cell_type+%3D%3D+SNpp21+%7C%7C+cell_type+%3D%3D+SNpp22+%7C%7C+cell_type+%3D%3D+SMP461+%7C%7C+cell_type+%3D%3D+CL210+%7C%7C+cell_type+%3D%3D+CL210_a+%7C%7C+cell_type+%3D%3D+WED092c+%7C%7C+cell_type+%3D%3D+WED092e+%7C%7C+cell_type+%3D%3D+LHPV6q1+%7C%7C+cell_type+%3D%3D+JO-F+%7C%7C+cell_type+%3D%3D+JO-A+%7C%7C+cell_type+%3D%3D+JO-B+%7C%7C+cell_type+%3D%3D+JO-E+%7C%7C+cell_type+%3D%3D+JO-C+%7C%7C+cell_type+%3D%3D+JO-D+%7C%7C+cell_type+%3D%3D+JO-mz+%7C%7C+cell_type+%3D%3D+JO-EVL+%7C%7C+cell_type+%3D%3D+JO-CM+%7C%7C+cell_type+%3D%3D+JO-EDM+%7C%7C+cell_type+%3D%3D+JO-EVM+%7C%7C+cell_type+%3D%3D+JO-FVA+%7C%7C+cell_type+%3D%3D+JO-EDP+%7C%7C+cell_type+%3D%3D+JO-CA+%7C%7C+cell_type+%3D%3D+JO-EDC+%7C%7C+cell_type+%3D%3D+JO-EV+%7C%7C+cell_type+%3D%3D+JO-DA+%7C%7C+cell_type+%3D%3D+JO-CL&download=&group_by=type&edge_filter=all&cap=50&min_syn_cnt=3"
"figure-6h_cx","https://spelunker.cave-explorer.org/#!middleauth+https://global.daf-apis.com/nglstate/api/v1/5919704827822080","https://codex.flywire.ai/app/connectivity?dataset=banc&cell_names_or_ids=cell_type+%3D%3D+DNa16+%7C%7C+cell_type+%3D%3D+DNa05+%7C%7C+cell_type+%3D%3D+DNae010+%7C%7C+cell_type+%3D%3D+DNpe019+%7C%7C+cell_type+%3D%3D+DNbe001+%7C%7C+cell_type+%3D%3D+DNp26+%7C%7C+cell_type+%3D%3D+AN07B037+%7C%7C+cell_type+%3D%3D+iv4+%7C%7C+cell_type+%3D%3D+iii4+%7C%7C+cell_type+%3D%3D+b1+%7C%7C+cell_type+%3D%3D+iv3+%7C%7C+cell_type+%3D%3D+i2+%7C%7C+cell_type+%3D%3D+i1+%7C%7C+cell_type+%3D%3D+b2+%7C%7C+cell_type+%3D%3D+b3+%7C%7C+cell_type+%3D%3D+iv1+%7C%7C+cell_type+%3D%3D+iv2+%7C%7C+cell_type+%3D%3D+iii1+%7C%7C+cell_type+%3D%3D+iii3+%7C%7C+cell_type+%3D%3D+PEN_a(PEN1)+%7C%7C+cell_type+%3D%3D+EPG+%7C%7C+cell_type+%3D%3D+GLNO+%7C%7C+cell_type+%3D%3D+PFL1+%7C%7C+cell_type+%3D%3D+FC1C+%7C%7C+cell_type+%3D%3D+FC1A+%7C%7C+cell_type+%3D%3D+FC1D+%7C%7C+cell_type+%3D%3D+FC1A,FC1B,FC1F+%7C%7C+cell_type+%3D%3D+FC1F+%7C%7C+cell_type+%3D%3D+FC1B+%7C%7C+cell_type+%3D%3D+FC1E+%7C%7C+cell_type+%3D%3D+FC1C,FC1E+%7C%7C+cell_type+%3D%3D+LAL047+%7C%7C+cell_type+%3D%3D+LAL156a+%7C%7C+cell_type+%3D%3D+SApp22+%7C%7C+cell_type+%3D%3D+SApp02+%7C%7C+cell_type+%3D%3D+SApp09+%7C%7C+cell_type+%3D%3D+SApp05+%7C%7C+cell_type+%3D%3D+SApp12+%7C%7C+cell_type+%3D%3D+SApp08+%7C%7C+cell_type+%3D%3D+SApp15+%7C%7C+cell_type+%3D%3D+SApp03+%7C%7C+cell_type+%3D%3D+SApp01+%7C%7C+cell_type+%3D%3D+SNpp20+%7C%7C+cell_type+%3D%3D+PS292+%7C%7C+cell_type+%3D%3D+PS196b&download=&group_by=type&edge_filter=all&cap=50&min_syn_cnt=3"
"figure-6h_cx_simple","https://spelunker.cave-explorer.org/#!middleauth+https://global.daf-apis.com/nglstate/api/v1/4764535549329408","https://codex.flywire.ai/app/connectivity?dataset=banc&cell_names_or_ids=cell_type+%3D%3D+DNa16+%7C%7C+cell_type+%3D%3D+DNa05+%7C%7C+cell_type+%3D%3D+DNae010+%7C%7C+cell_type+%3D%3D+DNpe019+%7C%7C+cell_type+%3D%3D+DNbe001+%7C%7C+cell_type+%3D%3D+DNp26+%7C%7C+cell_type+%3D%3D+AN07B037+%7C%7C+cell_type+%3D%3D+iv4+%7C%7C+cell_type+%3D%3D+iii4+%7C%7C+cell_type+%3D%3D+b1+%7C%7C+cell_type+%3D%3D+iv3+%7C%7C+cell_type+%3D%3D+i2+%7C%7C+cell_type+%3D%3D+i1+%7C%7C+cell_type+%3D%3D+b2+%7C%7C+cell_type+%3D%3D+b3+%7C%7C+cell_type+%3D%3D+iv1+%7C%7C+cell_type+%3D%3D+iv2+%7C%7C+cell_type+%3D%3D+iii1+%7C%7C+cell_type+%3D%3D+iii3+%7C%7C+cell_type+%3D%3D+PEN_a(PEN1)+%7C%7C+cell_type+%3D%3D+EPG+%7C%7C+cell_type+%3D%3D+GLNO+%7C%7C+cell_type+%3D%3D+PFL1+%7C%7C+cell_type+%3D%3D+FC1C+%7C%7C+cell_type+%3D%3D+FC1A+%7C%7C+cell_type+%3D%3D+FC1D+%7C%7C+cell_type+%3D%3D+FC1A,FC1B,FC1F+%7C%7C+cell_type+%3D%3D+FC1F+%7C%7C+cell_type+%3D%3D+FC1B+%7C%7C+cell_type+%3D%3D+FC1E+%7C%7C+cell_type+%3D%3D+FC1C,FC1E+%7C%7C+cell_type+%3D%3D+LAL047+%7C%7C+cell_type+%3D%3D+LAL156a+%7C%7C+cell_type+%3D%3D+SApp22+%7C%7C+cell_type+%3D%3D+SApp02+%7C%7C+cell_type+%3D%3D+SApp09+%7C%7C+cell_type+%3D%3D+SApp05+%7C%7C+cell_type+%3D%3D+SApp12+%7C%7C+cell_type+%3D%3D+SApp08+%7C%7C+cell_type+%3D%3D+SApp15+%7C%7C+cell_type+%3D%3D+SApp03+%7C%7C+cell_type+%3D%3D+SApp01+%7C%7C+cell_type+%3D%3D+SNpp20+%7C%7C+cell_type+%3D%3D+PS292+%7C%7C+cell_type+%3D%3D+PS196b&download=&group_by=type&edge_filter=all&cap=50&min_syn_cnt=3"
"figure-6h_mb","https://spelunker.cave-explorer.org/#!middleauth+https://global.daf-apis.com/nglstate/api/v1/5356754874400768","https://codex.flywire.ai/app/connectivity?dataset=banc&cell_names_or_ids=cell_type+%3D%3D+DNp42+%7C%7C+cell_type+%3D%3D+PPL101+%7C%7C+cell_type+%3D%3D+PPL102+%7C%7C+cell_type+%3D%3D+MBON20+%7C%7C+cell_type+%3D%3D+CB0135+%7C%7C+cell_type+%3D%3D+AVLP445+%7C%7C+cell_type+%3D%3D+IN06B032+%7C%7C+cell_type+%3D%3D+IN07B010+%7C%7C+cell_type+%3D%3D+tergotrochanter_extensor+%7C%7C+cell_type+%3D%3D+tarsus_levator_D+%7C%7C+cell_type+%3D%3D+tergotrochanter_extensor_PDMN+%7C%7C+cell_type+%3D%3D+tarsus_depressor_retro_tarsus_depressor+%7C%7C+cell_type+%3D%3D+sternal_anterior_rotator_MesoLN_ventral_2+%7C%7C+cell_type+%3D%3D+tarsus_depressor_dipalpha_ventralU+%7C%7C+cell_type+%3D%3D+tibia_flexor_Fast+%7C%7C+cell_type+%3D%3D+long_tendon_muscle_ltm_B+%7C%7C+cell_type+%3D%3D+accessory_tibia_flexor_A+%7C%7C+cell_type+%3D%3D+trochanter_extensor_LinJ+%7C%7C+cell_type+%3D%3D+trochanter_extensor+%7C%7C+cell_type+%3D%3D+sternotrochanter_extensor+%7C%7C+cell_type+%3D%3D+tibia_extensor_FETi+%7C%7C+cell_type+%3D%3D+tibia_flexor+%7C%7C+cell_type+%3D%3D+accessory_trochanter_flexor+%7C%7C+cell_type+%3D%3D+trochanter_flexor_ventrolateral_ribbon+%7C%7C+cell_type+%3D%3D+sternal_posterior_rotator_MesoLN_dorsal_5+%7C%7C+cell_type+%3D%3D+sternotrochanter_extensor_MesoLN_dorsal_3+%7C%7C+cell_type+%3D%3D+tibia_extensor_SETi+%7C%7C+cell_type+%3D%3D+long_tendon_muscle_B_femur+%7C%7C+cell_type+%3D%3D+SAxx02+%7C%7C+cell_type+%3D%3D+LB1a&download=&group_by=type&edge_filter=all&cap=50&min_syn_cnt=3"
"figure-6h_mb_simple","https://spelunker.cave-explorer.org/#!middleauth+https://global.daf-apis.com/nglstate/api/v1/5678719606718464","https://codex.flywire.ai/app/connectivity?dataset=banc&cell_names_or_ids=cell_type+%3D%3D+DNp42+%7C%7C+cell_type+%3D%3D+PPL101+%7C%7C+cell_type+%3D%3D+PPL102+%7C%7C+cell_type+%3D%3D+MBON20+%7C%7C+cell_type+%3D%3D+CB0135+%7C%7C+cell_type+%3D%3D+AVLP445+%7C%7C+cell_type+%3D%3D+IN06B032+%7C%7C+cell_type+%3D%3D+IN07B010+%7C%7C+cell_type+%3D%3D+tergotrochanter_extensor+%7C%7C+cell_type+%3D%3D+tarsus_levator_D+%7C%7C+cell_type+%3D%3D+tergotrochanter_extensor_PDMN+%7C%7C+cell_type+%3D%3D+tarsus_depressor_retro_tarsus_depressor+%7C%7C+cell_type+%3D%3D+sternal_anterior_rotator_MesoLN_ventral_2+%7C%7C+cell_type+%3D%3D+tarsus_depressor_dipalpha_ventralU+%7C%7C+cell_type+%3D%3D+tibia_flexor_Fast+%7C%7C+cell_type+%3D%3D+long_tendon_muscle_ltm_B+%7C%7C+cell_type+%3D%3D+accessory_tibia_flexor_A+%7C%7C+cell_type+%3D%3D+trochanter_extensor_LinJ+%7C%7C+cell_type+%3D%3D+trochanter_extensor+%7C%7C+cell_type+%3D%3D+sternotrochanter_extensor+%7C%7C+cell_type+%3D%3D+tibia_extensor_FETi+%7C%7C+cell_type+%3D%3D+tibia_flexor+%7C%7C+cell_type+%3D%3D+accessory_trochanter_flexor+%7C%7C+cell_type+%3D%3D+trochanter_flexor_ventrolateral_ribbon+%7C%7C+cell_type+%3D%3D+sternal_posterior_rotator_MesoLN_dorsal_5+%7C%7C+cell_type+%3D%3D+sternotrochanter_extensor_MesoLN_dorsal_3+%7C%7C+cell_type+%3D%3D+tibia_extensor_SETi+%7C%7C+cell_type+%3D%3D+long_tendon_muscle_B_femur+%7C%7C+cell_type+%3D%3D+SAxx02+%7C%7C+cell_type+%3D%3D+LB1a&download=&group_by=type&edge_filter=all&cap=50&min_syn_cnt=3"
"wing-neurons","https://spelunker.cave-explorer.org/#!middleauth+https://global.daf-apis.com/nglstate/api/v1/5201889518944256",NA
