id,supervoxel_id,cell_sub_type,super_class,cell_type,side,UMAP1,UMAP2,cluster,colours
720575941472733451,75295725575341909,DNp32,descending,DNp32,right,-5.038093696976408,13.56760539899927,DN_01,#EC9832
720575941662395704,76777454597288358,DNd02,descending,DNd02,left,5.539881099318758,15.010555647717531,DN_02,#298ABB
720575941626500746,76211068401767641,DNg100,descending,DNg100,left,8.367587913131015,1.233471773968752,DN_02,#298ABB
720575941631721954,76636785895693328,AN07B004,ascending,AN07B004,left,-9.257017265701993,-11.716532326830809,AN_06,#4D9C3C
720575941566084871,76566417218149633,AN07B004,ascending,AN07B004,right,-9.257017265701993,-11.716532326830809,AN_06,#4D9C3C
720575941500851362,76848648780592061,DNg100,descending,DNg100,right,8.367587913131015,1.233471773968752,DN_02,#298ABB
720575941620273535,76914343392169813,DNd03,descending,DNd03,left,3.7895325313561115,52.79020061384302,DN_05,#D24A2C
720575941393242628,76212443059856089,DNp30,descending,DNp30,right,-4.838001858139738,7.445939921246584,DN_03,#F7BA3C
720575941508609665,76496254766884752,AN19B001_b,ascending,AN19B001_b,right,-7.277801643753752,1.4975606430636006,AN_01,#EC9832
720575941492471502,75929730864045023,DNg74_a,descending,DNg74_a,right,6.9346579204552325,2.450575970517214,DN_01,#EC9832
720575941633206944,75366162770808020,DNp103,descending,DNp103,right,-18.4551783908851,16.748589896069582,DN_08,#51B07B
720575941505797682,76848717432553635,DNge149,descending,DNge149,right,12.835494865035312,31.7773298252688,DN_03,#F7BA3C
720575941537710824,76070262126543414,DNg98,descending,DNg98,right,5.689187873458162,23.25561466108423,DN_01,#EC9832
720575941401814307,75723023616910870,DNge050,descending,DNge050,left,6.1487673412316,2.2506681908236104,DN_01,#EC9832
720575941507745826,76848235725151172,ANXXX005,ascending,ANXXX005,left,-1.0980236639029826,31.149470709668215,AN_05,#D24A2C
720575941663102520,76210862243239111,DNg34,descending,DNg34,right,3.6579521785729083,10.51902141462427,DN_03,#F7BA3C
720575941586006111,77055012630987815,DNp103,descending,DNp103,left,-18.4551783908851,16.748589896069582,DN_08,#51B07B
720575941646264993,75792498873859627,AN02A001,ascending,AN02A001,right,-7.4728528369910565,4.780386828290041,AN_01,#EC9832
720575941647038664,76280475743967845,DNp27,descending,DNp27,left,-11.178665291214688,4.352402113781984,DN_03,#F7BA3C
720575941557552356,76070468218299427,DNg98,descending,DNg98,left,5.689187873458162,23.25561466108423,DN_01,#EC9832
720575941499192905,76145923076102964,AN05B005,ascending,AN05B005,right,17.32152639732291,38.801495932446535,AN_13,#48A9D9
720575941595827158,76565248785827940,DNg75,descending,DNg75,right,6.994603503798738,1.2829292048082905,DN_01,#EC9832
720575941562932781,75930280619401456,DNd02,descending,DNd02,right,5.539881099318758,15.010555647717531,DN_02,#298ABB
720575941551991295,76423618011246019,DNg16,descending,DNg16,left,8.226636756514804,1.5023834932909566,DN_02,#298ABB
720575941563183016,75929593357936955,DNg74_b,descending,DNg74_b,right,2.5840929637901935,2.504209660397585,DN_01,#EC9832
720575941447863316,75647568759198821,DNb05,descending,DNb05,right,-6.527894626999601,-0.1381719480885905,DN_01,#EC9832
720575941614432409,76282811736605449,DNge047,descending,DNge047,left,-16.103365074539884,20.047543906079348,DN_08,#51B07B
720575941652728049,76211411797779845,DNg74_a,descending,DNg74_a,left,6.9346579204552325,2.450575970517214,DN_01,#EC9832
720575941593683051,76351805890318721,DNp10,descending,DNp10,right,-7.241908680344328,0.013456575976427188,DN_01,#EC9832
720575941619873407,76285079815149037,ANXXX002,ascending,ANXXX002,right,2.868518222426668,3.3747173775301533,AN_01,#EC9832
720575941579780597,76566348566264433,AN18B001,ascending,AN18B001,left,-2.520922433281645,-0.58817765821356,AN_02,#298ABB
720575941521274551,75859155760438621,DNg35,descending,DNg35,right,15.270452369307772,-0.34949348081487835,DN_14,#77C8F2
720575941594517032,76633075044022369,DNae009,descending,DNae009,left,-21.97921289100717,-14.756675339831297,DN_12,#FBCD5A
720575941618058197,76356204473227609,AN05B006_T2,ascending,AN05B006,right,-18.25334848060678,17.93014087568384,AN_08,#51B07B
720575941577885288,76707360798210165,AN05B007,ascending,AN05B007,left,-1.850514065170988,13.954295538769777,AN_03,#F7BA3C
720575941477713770,76070674577438730,DNge047,descending,DNge047,right,-16.103365074539884,20.047543906079348,DN_08,#51B07B
720575941595517735,76213886168477455,DNg75,descending,DNg75,left,6.994603503798738,1.2829292048082905,DN_01,#EC9832
720575941572471454,76140768377219877,DNg74_b,descending,DNg74_b,left,2.5840929637901935,2.504209660397585,DN_01,#EC9832
720575941431071113,76004360618077838,AN04B001_T2,ascending,AN04B001,right,12.093006003951327,6.819211386548098,AN_09,#E42E2E
720575941519463278,76140974602692327,DNg108,descending,DNg108,right,3.260833610152498,2.5273777474032,DN_01,#EC9832
720575941477894686,76355585930856342,AN12B001,ascending,AN12B001,right,4.169428695296541,54.33411922346216,AN_05,#D24A2C
720575941449384885,76070743431160648,DNge150,descending,DNge150,right,-16.95715249672006,2.3831974495516377,DN_03,#F7BA3C
720575941646678984,76496117394844072,ANXXX002,ascending,ANXXX002,left,2.868518222426668,3.3747173775301533,AN_01,#EC9832
720575941625621500,75506899789065380,DNd03,descending,DNd03,right,3.7895325313561115,52.79020061384302,DN_05,#D24A2C
720575941572713886,76562912256841450,DNg97,descending,DNg97,right,8.88921152458121,0.8092736233339863,DN_02,#298ABB
720575941451015802,76778417072378534,AN04B001_T2,ascending,AN04B001,left,12.093006003951327,6.819211386548098,AN_09,#E42E2E
720575941593522283,76215398399573974,AN18B001,ascending,AN18B001,right,-2.520922433281645,-0.58817765821356,AN_02,#298ABB
720575941691308952,76070193541176015,DNg34,descending,DNg34,right,3.6579521785729083,10.51902141462427,DN_03,#F7BA3C
720575941618366079,75647981344758440,DNp31,descending,DNp31,right,-25.779910217667325,-16.977036095751707,DN_12,#FBCD5A
720575941513768780,75648324606495880,DNge037,descending,DNge037,right,13.107713569258944,5.465561293469484,DN_09,#E42E2E
720575941535975873,75929662077530935,DNg105,descending,DNg105,right,2.7772174964897784,3.1455067623720723,DN_01,#EC9832
720575941499964385,76071705571289937,DNp30,descending,DNp30,left,-4.838001858139738,7.445939921246584,DN_03,#F7BA3C
720575941510475536,76565317505604252,DNa02,descending,DNa02,left,13.487510551070468,-1.2075338136090679,DN_14,#77C8F2
720575941655202265,76215467119410816,AN03B009,ascending,AN03B009,right,4.419975627517,10.268487357007082,AN_01,#EC9832
720575941353080624,75577818155139784,DNge036,descending,DNge036,right,16.45817839012076,10.723018072949465,DN_09,#E42E2E
720575941620740991,76707635877494454,AN12B001,ascending,AN12B001,left,4.169428695296541,54.33411922346216,AN_05,#D24A2C
720575941568708398,76425886089415381,AN19B017,ascending,AN19B017,right,-7.442908893967375,-9.280130005968992,AN_06,#4D9C3C
720575941476733243,76496186114691500,AN19B019,ascending,AN19B019,left,-9.15955556526254,0.1139729846582967,AN_01,#EC9832
720575941493155303,76145923076041873,AN05B005,ascending,AN05B005,left,17.32152639732291,38.801495932446535,AN_13,#48A9D9
720575941562921773,76216016875205868,AN08B012_T3,ascending,AN08B012,left,-8.316170345688565,22.13991870771509,AN_05,#D24A2C
720575941569365242,76216016875291474,AN08B012_T3,ascending,AN08B012,right,-8.316170345688565,22.13991870771509,AN_05,#D24A2C
720575941691706264,76213542504016513,AN19B001,ascending,AN19B001,left,-7.36743892326425,3.395325564251955,AN_01,#EC9832
720575941554952858,75788787216804415,DNge053,descending,DNge053,left,-19.745270859146817,15.692606352673586,DN_08,#51B07B
720575941626272650,75722542514104447,AN19B001,ascending,AN19B001,right,-7.36743892326425,3.395325564251955,AN_01,#EC9832
720575941439563583,75999962169332596,DNge053,descending,DNge053,right,-19.745270859146817,15.692606352673586,DN_08,#51B07B
720575941539327474,76566486005107503,AN06B009,ascending,AN06B009,left,-6.7694765438086835,-10.248249627245848,AN_06,#4D9C3C
720575941561776173,76070193474392851,DNge129,descending,DNge129,left,-0.7334086519427145,-0.773726678980772,DN_02,#298ABB
720575941486612034,75577543746683925,DNa03,descending,DNa03,right,-26.678124557877286,-16.563055611742918,DN_12,#FBCD5A
720575941552142727,76491650360777971,DNa03,descending,DNa03,left,-26.678124557877286,-16.563055611742918,DN_12,#FBCD5A
720575941640505375,76216567033355975,DNge035,descending,DNge035,right,1.380457032775179,5.080413721905764,DN_01,#EC9832
720575941519453550,76005460398122026,DNpe056,descending,DNpe056,right,-10.477370392227872,22.794183157788332,DN_01,#EC9832
720575941669856945,76356204607913616,AN03B009,ascending,AN03B009,left,4.419975627517,10.268487357007082,AN_01,#EC9832
720575941441633883,76070468352277770,DNge049,descending,DNge049,right,-5.558586727524504,1.8541223038302022,DN_01,#EC9832
720575941553670791,75577337521780137,DNa13,descending,DNa13,right,14.298931945418612,-3.0501109134091777,DN_14,#77C8F2
720575941510642192,76633212549552956,DNa10,descending,DNa10,left,-22.3130771030433,-14.41341552842993,DN_12,#FBCD5A
720575941560931087,76356204473171250,AN05B006_T2,ascending,AN05B006,left,-18.25334848060678,17.93014087568384,AN_08,#51B07B
720575941509145950,76844043703413861,DNp01,descending,DNp01,left,-9.276755463028653,11.251127623425539,DN_05,#D24A2C
720575941471955264,76001130668501728,DNbe001,descending,DNbe001,right,-24.706240784073575,-17.201313592089598,DN_12,#FBCD5A
720575941689707020,77195062588912754,DNc01,descending,DNc01,left,-4.3724616874701825,8.219613455639895,DN_03,#F7BA3C
720575941532746981,75647637881663387,DNp43,descending,DNp43,right,-10.084204803848966,23.500857733593996,DN_08,#51B07B
720575941556851027,76140493499067260,DNg93,descending,DNg93,left,1.1628246198647176,3.048903607235964,DN_01,#EC9832
720575941723377978,75718212180177890,AN04B001_T1,ascending,AN04B001,right,12.035287726973788,6.583781622754152,AN_09,#E42E2E
720575941550999357,76282811804018389,DNbe001,descending,DNbe001,left,-24.706240784073575,-17.201313592089598,DN_12,#FBCD5A
720575941480799395,76351874542598585,DNg105,descending,DNg105,left,2.7772174964897784,3.1455067623720723,DN_01,#EC9832
720575941473177099,76703855769428466,DNge037,descending,DNge037,left,13.107713569258944,5.465561293469484,DN_09,#E42E2E
720575941433210977,76636098499373834,ANXXX027_A3,ascending,ANXXX027,right,-9.06098378791879,23.25472011457544,AN_05,#D24A2C
720575941611791590,77125312588311723,DNp06,descending,DNp06,left,-18.05204309120248,17.516007803784426,DN_08,#51B07B
720575941485157562,76637060773644897,AN00A002,ascending,AN00A002,right,4.561519015883699,56.959821127759035,AN_13,#48A9D9
720575941515944803,75648599484518328,DNge048,descending,DNge048,right,4.914022315596834,2.9532608021364766,DN_01,#EC9832
720575941595193558,75366162837617219,DNp35,descending,DNp35,right,-17.65186227455209,18.046077154980715,DN_08,#51B07B
720575941500828578,76496804388397970,DNg102,descending,DNg102,right,-20.357928406143888,9.008975409375246,DN_15,#6A2978
720575941629968166,76915099507577499,AN27X011,ascending,AN27X011,right,-2.3838659633643475,-9.316360093249266,AN_06,#4D9C3C
720575941453030983,75718418808357143,DNbe004,descending,DNbe004,right,-24.991442810440763,-16.557480431689207,DN_12,#FBCD5A
720575941632459234,76282811736382269,ANXXX027_A4,ascending,ANXXX027,right,-8.42528403892587,23.49479045759302,AN_05,#D24A2C
720575941504860978,76143930077018760,AN27X011,ascending,AN27X011,left,-2.3838659633643475,-9.316360093249266,AN_06,#4D9C3C
720575941445141012,76001336759752488,ANXXX006,ascending,ANXXX006,left,25.698870528792636,20.199662588940676,AN_01,#EC9832
720575941593765672,75654029329503087,ANXXX027_A3,ascending,ANXXX027,left,-9.06098378791879,23.25472011457544,AN_05,#D24A2C
720575941526946562,75718075143772085,DNa11,descending,DNa11,right,12.486895431136386,-2.3567701350583476,DN_14,#77C8F2
720575941459823519,76281643170300846,DNge104,descending,DNge104,right,3.2136634479515704,56.7927221287356,DN_13,#48A9D9
720575941560024847,76707360798323747,AN05B006_T1,ascending,AN05B006,left,-18.914099823380216,16.930543326245363,AN_08,#51B07B
720575941596695591,77129367104549119,AN04B001_T1,ascending,AN04B001,left,12.035287726973788,6.583781622754152,AN_09,#E42E2E
720575941662407992,76773812129525339,DNg29,descending,DNg29,left,-9.266165863419278,16.208159827099855,DN_05,#D24A2C
720575941404923248,76563049494516031,ANXXX043,ascending,ANXXX043,right,3.5131319652550372,54.57631816755396,AN_13,#48A9D9
720575941486980560,76425679461947951,AN12B006,ascending,AN12B006,left,-7.377455841446623,8.69842471967798,AN_10,#695B52
720575941469775069,76492543311225256,DNg102,descending,DNg102,left,-20.357928406143888,9.008975409375246,DN_15,#6A2978
720575941556379108,76141112041708672,DNge073,descending,DNge073,right,4.176518310164705,2.485438965664919,DN_02,#298ABB
720575941616497561,75225769014226596,DNpe021,descending,DNpe021,right,-14.216430794144376,22.07792796980005,DN_01,#EC9832
720575941557603556,76146129167103205,ANXXX013,ascending,ANXXX013,left,3.865729201888338,56.41824092756372,AN_13,#48A9D9
720575941478508830,76704130714066734,DNg93,descending,DNg93,right,1.1628246198647176,3.048903607235964,DN_01,#EC9832
720575941477915700,76069507017453570,DNp48,descending,DNp48,right,-15.823647629166349,3.1755599011049824,DN_15,#6A2978
720575941535862506,76562981043285770,DNa01,descending,DNa01,left,11.051414359664218,-0.4260949264897746,DN_02,#298ABB
720575941553999387,76355792156304122,ANXXX027_A3,ascending,ANXXX027,left,-9.06098378791879,23.25472011457544,AN_05,#D24A2C
720575941663497084,76282811736674139,DNa11,descending,DNa11,left,12.486895431136386,-2.3567701350583476,DN_14,#77C8F2
720575941461875908,76070743297521759,DNpe045,descending,DNpe045,left,-1.0985833515174235,-0.9301051865949077,DN_02,#298ABB
720575941480974048,75648462045438854,DNg88,descending,DNg88,right,14.980844367598788,-1.3528177510632915,DN_14,#77C8F2
720575941603727545,76075760423349873,ANXXX013,ascending,ANXXX013,right,3.865729201888338,56.41824092756372,AN_13,#48A9D9
720575941431184559,76000030888693544,DNge136,descending,DNge136,right,26.948347915267245,23.46582736860376,DN_18,#52AE4E
720575941449745333,75583591799240547,ANXXX027_A4,ascending,ANXXX027,left,-8.42528403892587,23.49479045759302,AN_05,#D24A2C
720575941476980785,76212442992569780,AN04A001_T1,ascending,AN04A001,left,-4.7695046772010175,-0.5654570828809184,AN_02,#298ABB
720575941595189029,76563118549190597,DNp18,descending,DNp18,left,-25.799847732926114,-16.225741006030027,DN_12,#FBCD5A
720575941595590951,75929868503823704,DNae005,descending,DNae005,right,12.51804338798453,-1.622522688998167,DN_14,#77C8F2
720575941581684601,75718418674336733,DNa06,descending,DNa06,right,1.4740968833916341,-14.758534051073973,DN_04,#947E6C
720575941441243839,76142074315503225,DNge136,descending,DNge136,right,26.948347915267245,23.46582736860376,DN_18,#52AE4E
720575941505494871,76843974648239097,DNg104,descending,DNg104,right,2.4503062854759845,14.224551581250246,DN_03,#F7BA3C
720575941510651152,75295381307080923,DNge138,descending,DNge138,right,-10.244231354141935,14.843014143811281,DN_05,#D24A2C
720575941412619631,75788650449297517,DNpe027_ab,descending,DNpe027_ab,right,-19.637208115006192,16.41986026655298,DN_01,#EC9832
720575941480759971,76422174567040960,DNge136,descending,DNge136,left,26.948347915267245,23.46582736860376,DN_18,#52AE4E
720575941535086424,75789062162065372,DNg13,descending,DNg13,right,9.975231994246737,2.2776786316500264,DN_02,#298ABB
720575941574715208,76351187615716643,DNp68,descending,DNp68,right,-8.296171795273526,4.621895693646486,DN_03,#F7BA3C
720575941427934548,76210725475088213,DNpe020,descending,DNpe020,left,1.6704620014183675,0.2173510086105424,DN_01,#EC9832
720575941572671995,75999412815872703,DNp59,descending,DNp59,right,-4.3873261322028485,6.117241286145266,DN_08,#51B07B
720575941551589181,77406993791065259,DNp11,descending,DNp11,left,-14.117802750015958,13.598919295178469,DN_01,#EC9832
720575941598907072,76703374934331245,DNa13,descending,DNa13,left,14.298931945418612,-3.0501109134091777,DN_14,#77C8F2
720575941660289104,77125243802316260,AN05B099_A5,ascending,AN05B099,right,-4.991500507736906,24.44540729414087,AN_05,#D24A2C
720575941478429802,76070262126519866,DNg70,descending,DNg70,right,-0.5340869833476389,17.339295767651613,DN_07,#BFB09A
720575941662506040,76070330845719641,DNg27,descending,DNg27,right,-14.210836540604337,1.9219501246080952,DN_01,#EC9832
720575941660533840,76632800166068825,DNa16,descending,DNa16,left,0.5043825994484579,-16.30749569047827,DN_04,#947E6C
720575941548238004,76562843201718311,DNge036,descending,DNge036,left,16.45817839012076,10.723018072949465,DN_09,#E42E2E
720575941496642944,76848648243607625,AN07B005_T2,ascending,AN07B005,left,7.896587241744295,8.753399275647219,AN_02,#298ABB
720575941652633585,76071086961904118,DNae002,descending,DNae002,right,-28.16040719642709,-19.37190113176245,DN_12,#FBCD5A
720575941553919806,77129848745092893,IN08B003_AN,ascending,AN_IN08B003,left,-8.123809944535001,6.631276987896975,AN_01,#EC9832
720575941463764368,76777729408026175,AN09B001,ascending,AN09B001,right,-4.262081037903532,23.40734805952173,AN_05,#D24A2C
720575941441906779,76214504845178090,AN04A001_T1,ascending,AN04A001,right,-4.7695046772010175,-0.5654570828809184,AN_02,#298ABB
720575941543045149,76703306348756110,DNa09,descending,DNa09,left,-26.733964096451505,-21.296757317675535,DN_12,#FBCD5A
720575941491877833,75859156632168237,DNp13,descending,DNp13,right,-7.236732612992033,5.5908550251589375,DN_01,#EC9832
720575941537766632,76421693732437508,DNd05,descending,DNd05,left,8.08664976463248,2.7356418598757344,DN_02,#298ABB
720575941552024575,76212442992882458,AN07B005_T2,ascending,AN07B005,right,7.896587241744295,8.753399275647219,AN_02,#298ABB
720575941487951757,76142074248513829,DNge141,descending,DNge141,right,-4.515055309677824,13.867308043347414,DN_05,#D24A2C
720575941401962787,76001336759565185,DNg104,descending,DNg104,left,2.4503062854759845,14.224551581250246,DN_03,#F7BA3C
720575941508061975,75858812699752150,DNp34,descending,DNp34,left,-1.736427914047941,11.257954977856691,DN_01,#EC9832
720575941682453949,76356410698956787,AN12B004_T2,ascending,AN12B004,left,-6.725751053238615,8.77705135236841,AN_10,#695B52
720575941560162798,76774087074249091,DNp35,descending,DNp35,left,-17.65186227455209,18.046077154980715,DN_08,#51B07B
720575941566170422,76919360451165949,DNp14,descending,DNp14,left,6.589284766768709,23.30823459516626,DN_01,#EC9832
720575941571900232,76496529779364876,AN18B004,ascending,AN18B004,left,-7.331200729752287,3.8411573399172383,AN_01,#EC9832
720575941589304644,75860049381307431,DNge048,descending,DNge048,left,4.914022315596834,2.9532608021364766,DN_01,#EC9832
720575941441452373,75718144064514570,DNp104,descending,DNp104,right,-9.979191910172208,-0.4865446459187907,DN_01,#EC9832
720575941528320952,76563187000438524,DNg88,descending,DNg88,left,14.980844367598788,-1.3528177510632915,DN_14,#77C8F2
720575941566543714,75647912491237265,DNa16,descending,DNa16,right,0.5043825994484579,-16.30749569047827,DN_04,#947E6C
720575941574851510,76071087028598930,AN19A018_d_T2,ascending,AN19A018_d,right,-14.419709335709317,16.34247531782251,AN_08,#51B07B
720575941551948543,76703237830978516,DNp63,descending,DNp63,left,-23.01184762611459,-15.727452851427977,DN_12,#FBCD5A
720575941471550475,76848441951013229,AN09B002,ascending,AN09B002,left,-8.831594597244962,10.670073889599855,AN_03,#F7BA3C
720575941530242180,75373379054025660,ANXXX043,ascending,ANXXX043,left,3.5131319652550372,54.57631816755396,AN_13,#48A9D9
720575941450363770,76353180547689034,AN18B004,ascending,AN18B004,right,-7.331200729752287,3.8411573399172383,AN_01,#EC9832
720575941625422076,75091972595049971,AN05B004,ascending,AN05B004,right,-0.6124221791274393,16.90157070051294,AN_07,#BFB09A
720575941578803025,75224806941218581,DNa13,descending,DNa13,right,14.298931945418612,-3.0501109134091777,DN_14,#77C8F2
720575941452429690,76071705571130552,AN27X009_T2,ascending,AN27X009,right,-18.739802490616544,-3.4434534083737773,AN_03,#F7BA3C
720575941566793879,77195818637514936,DNp55,descending,DNp55,left,-11.434805046463712,21.621802710400637,DN_05,#D24A2C
720575941458803952,76355654381924543,AN05B006_T1,ascending,AN05B006,right,-18.914099823380216,16.930543326245363,AN_08,#51B07B
720575941515630947,76071705504043338,DNp12,descending,DNp12,right,-9.222828995133145,-4.5422183047666,DN_01,#EC9832
720575941535140362,75789268186571074,DNg15,descending,DNg15,left,4.382734645461336,54.33035411726099,DN_13,#48A9D9
720575941595376677,75647706332980352,DNae007,descending,DNae007,right,12.56932913169791,-2.7374161254300517,DN_14,#77C8F2
720575941598469276,76000030821433348,DNg68,descending,DNg68,left,4.211572993850008,21.752553366528566,DN_07,#BFB09A
720575941724607290,75723023550215879,DNge079,descending,DNge079,right,2.5827003608696613,3.478063725338991,DN_01,#EC9832
720575941682268861,75583248201773209,DNp13,descending,DNp13,left,-7.236732612992033,5.5908550251589375,DN_01,#EC9832
720575941490717390,75929456455474682,DNa09,descending,DNa09,right,-26.733964096451505,-21.296757317675535,DN_12,#FBCD5A
720575941633589179,76144204887485074,AN06B002_T1,ascending,AN06B002,left,-9.118669639969571,-4.605247117175047,AN_01,#EC9832
720575941504526386,76140493432091724,DNg55,descending,DNg55,right,-14.575909744644864,16.961596869336184,DN_08,#51B07B
720575941436684576,76001336692332935,AN12B006,ascending,AN12B006,left,-7.377455841446623,8.69842471967798,AN_10,#695B52
720575941477145393,76633624531434377,DNge041,descending,DNge041,right,12.426726211165683,6.904533289776857,DN_09,#E42E2E
720575941482431311,76070330779455071,DNge142,descending,DNge142,left,4.749585975264803,57.28508129011255,DN_13,#48A9D9
720575941490914761,77058792537398482,AN19A018_d_T1,ascending,AN19A018_d,left,-14.586765419388517,16.69182529340845,AN_08,#51B07B
720575941563967847,75930968015632556,AN27X008,ascending,AN27X008,left,-11.801899086380704,-15.78630313981909,AN_06,#4D9C3C
720575941450424245,76142074248081001,AN09B004_A8,ascending,AN09B004,right,-3.3572403301246014,23.63533344160181,AN_05,#D24A2C
720575941621363327,76351393975865186,DNp34,descending,DNp34,right,-1.736427914047941,11.257954977856691,DN_01,#EC9832
720575941445859754,76492818054919947,DNg13,descending,DNg13,left,9.975231994246737,2.2776786316500264,DN_02,#298ABB
720575941549927229,76005185587158885,ANXXX043,ascending,ANXXX043,left,3.5131319652550372,54.57631816755396,AN_13,#48A9D9
720575941499161569,76075760825592834,AN19A018_d_A1,ascending,AN19A018_d,right,-14.215205322647794,16.232902907239016,AN_08,#51B07B
720575941644727713,76284529790520463,ANXXX006,ascending,ANXXX006,right,25.698870528792636,20.199662588940676,AN_01,#EC9832
720575941470533131,76212443126360002,DNg96,descending,DNg96,right,15.033730376815097,-0.8581543933286113,DN_14,#77C8F2
720575941456679149,76001336759946857,DNpe020,descending,DNpe020,left,1.6704620014183675,0.2173510086105424,DN_01,#EC9832
720575941652614129,76773949903732913,DNae002,descending,DNae002,left,-28.16040719642709,-19.37190113176245,DN_12,#FBCD5A
720575941449983581,76210999480948011,DNg15,descending,DNg15,right,4.382734645461336,54.33035411726099,DN_13,#48A9D9
720575941602242750,76212443059348734,IN08B003_AN,ascending,AN_IN08B003,right,-8.123809944535001,6.631276987896975,AN_01,#EC9832
720575941476214833,75788856003401702,DNge140,descending,DNge140,right,-9.933246742630704,20.082595251904543,DN_05,#D24A2C
720575941518509495,76282811736519927,DNge054,descending,DNge054,left,7.643219817733065,0.7380578447447377,DN_02,#298ABB
720575941461356243,76426091979905496,AN09B002,ascending,AN09B002,right,-8.831594597244962,10.670073889599855,AN_03,#F7BA3C
720575941446297514,76146403977982172,AN01B002_A2,ascending,AN01B002,left,9.352558005904452,30.792380713330324,AN_03,#F7BA3C
720575941411472555,75858743912709776,DNb09,descending,DNb09,right,-2.6800090183265057,-1.1590491305722637,DN_02,#298ABB
720575941612058982,76422174567384164,DNge136,descending,DNge136,left,26.948347915267245,23.46582736860376,DN_18,#52AE4E
720575941685691375,76918467299347635,AN19B004,ascending,AN19B004,left,0.8499872575752889,5.838614367352541,AN_02,#298ABB
720575941478215985,75366231423262668,DNp11,descending,DNp11,right,-14.117802750015958,13.598919295178469,DN_01,#EC9832
720575941625561196,76142074247974606,AN05B099_A7,ascending,AN05B099,right,-3.987789045716032,25.86568775068384,AN_05,#D24A2C
720575941492125902,76212443059836981,DNp62,descending,DNp62,right,0.5369915853493368,15.829533957348879,DN_07,#BFB09A
720575941721638714,76632662659693579,DNb09,descending,DNb09,left,-2.6800090183265057,-1.1590491305722637,DN_02,#298ABB
720575941592542604,75717800601949848,DNp29,descending,DNp29,right,-6.511837135697111,18.326419257031496,DN_05,#D24A2C
720575941487876560,76005529185026508,AN00A006_T3,ascending,AN00A006,right,-14.511081825638517,23.796126746045168,AN_08,#51B07B
720575941499022049,75934610617487001,AN17A002,ascending,AN17A002,right,6.15282999381949,18.831370734082277,AN_07,#BFB09A
720575941568889332,76282811736237807,AN17B008_T2,ascending,AN17B008,left,-11.779816757584317,17.602567099438723,AN_03,#F7BA3C
720575941575342493,76702963087038210,DNp29,descending,DNp29,left,-6.511837135697111,18.326419257031496,DN_05,#D24A2C
720575941703180762,76145991728287574,AN05B099_A6,ascending,AN05B099,left,-5.429799686814055,24.5762800205813,AN_05,#D24A2C
720575941628237625,75788993442794694,DNge040,descending,DNge040,right,15.339169372176425,-0.5940534840955181,DN_14,#77C8F2
720575941456024883,76918192152708403,AN07B005_T1,ascending,AN07B005,left,8.793723929976718,7.40815486799341,AN_02,#298ABB
720575941449875893,75577680850511489,DNbe002,descending,DNbe002,right,4.348877299880281,5.667706869946535,DN_02,#298ABB
720575941536279745,76989110854512221,AN17A004,ascending,AN17A004,left,-10.328956734085782,30.025889777051027,AN_17,#8B3A9C
720575941451289949,76421900225754492,DNbe002,descending,DNbe002,left,4.348877299880281,5.667706869946535,DN_02,#298ABB
720575941566493282,76984575100501810,DNp09,descending,DNp09,left,3.2731801162712726,0.8928871382341939,DN_02,#298ABB
720575941701235930,76212580565372890,DNpe017,descending,DNpe017,left,-25.745257507706388,-16.58553943742651,DN_12,#FBCD5A
720575941499916962,75794560525716167,AN05B023_A9,ascending,AN05B023,left,-2.864326368714079,23.970033072339113,AN_05,#D24A2C
720575941514064716,75929112522786512,DNd05,descending,DNd05,right,8.08664976463248,2.7356418598757344,DN_02,#298ABB
720575941618895231,76142074315242148,DNb01,descending,DNb01,right,-25.813084732437833,-16.026220894946043,DN_12,#FBCD5A
720575941703350746,77266049808762176,AN17B005,ascending,AN17B005,left,17.09982572898795,38.591420554028566,AN_13,#48A9D9
720575941455535923,76497148187339055,AN06B002_T2,ascending,AN06B002,left,-9.179654251480802,-4.722941971911375,AN_01,#EC9832
720575941484691642,76425816900319571,AN17A003_T1,ascending,AN17A003,right,-6.058217178726896,30.755454443799074,AN_05,#D24A2C
720575941585920646,76919017457360201,AN19A018_d_T2,ascending,AN19A018_d,left,-14.419709335709317,16.34247531782251,AN_08,#51B07B
720575941515951459,76142074315319052,AN27X009_T2,ascending,AN27X009,left,-18.739802490616544,-3.4434534083737773,AN_03,#F7BA3C
720575941541750141,75647637613521107,aSP22,descending,aSP22,right,-4.248671661759123,2.200855158673342,DN_01,#EC9832
720575941440379733,77125312722543934,DNp66,descending,DNp66,left,-14.497539650345548,23.299737357007082,DN_08,#51B07B
720575941492217548,76495910968562818,DNge141,descending,DNge141,left,-4.515055309677824,13.867308043347414,DN_05,#D24A2C
720575941484465862,76145854221846292,AN09B003_T3,ascending,AN09B003,left,-3.732060800934538,26.62082233320337,AN_02,#298ABB
720575941522568627,75506763155500100,DNp64,descending,DNp64,right,-17.030207764054044,16.293820761548098,DN_08,#51B07B
720575941472178752,75366162837570879,DNp70,descending,DNp70,right,-12.275265823746427,12.368381880627688,DN_05,#D24A2C
720575941486437954,76140974602502837,DNg108,descending,DNg108,left,3.260833610152498,2.5273777474032,DN_01,#EC9832
720575941438773548,76355998583486160,DNae003,descending,DNae003,left,-26.93073762550424,-21.493616677416746,DN_12,#FBCD5A
720575941487783888,76075691703495038,AN09B009_A3,ascending,AN09B009,left,15.607018340682284,36.71193828474146,AN_13,#48A9D9
720575941632241900,76216429191989446,AN09B004_A3,ascending,AN09B004,right,-4.735654484177336,22.90059986005884,AN_05,#D24A2C
720575941454918195,76286041820228648,AN06B002_T2,ascending,AN06B002,right,-9.179654251480802,-4.722941971911375,AN_01,#EC9832
720575941530158980,76566967242733944,AN23B002,ascending,AN23B002,left,-5.338483463669523,5.120948218213137,AN_06,#4D9C3C
720575941573616891,76632869153752805,DNp59,descending,DNp59,left,-4.3873261322028485,6.117241286145266,DN_08,#51B07B
720575941521256115,76070812016813884,DNg102,descending,DNg102,left,-20.357928406143888,9.008975409375246,DN_15,#6A2978
720575941448018196,76210930962375216,DNge142,descending,DNge142,right,4.749585975264803,57.28508129011255,DN_13,#48A9D9
720575941527011865,76286316832161344,AN05B023_A9,ascending,AN05B023,right,-2.864326368714079,23.970033072339113,AN_05,#D24A2C
720575941603744697,76282811803972980,DNge032,descending,DNge032,left,6.210001815413729,6.811265848980959,DN_01,#EC9832
720575941602323897,75859637132042090,DNa04,descending,DNa04,right,-27.49035562172006,-19.0983968745603,DN_12,#FBCD5A
720575941614272531,76566348230575861,AN05B099_A5,ascending,AN05B099,left,-4.991500507736906,24.44540729414087,AN_05,#D24A2C
720575941703161306,76286316899414415,AN18B002,ascending,AN18B002,left,5.103547919844881,6.251294993268068,AN_01,#EC9832
720575941511555344,76422380859933404,DNge041,descending,DNge041,left,12.426726211165683,6.904533289776857,DN_09,#E42E2E
720575941542664284,76424992468345889,DNp102,descending,DNp102,right,-4.11117614402841,-15.705299950732176,DN_02,#298ABB
720575941440764127,76567173132520206,DNd04,descending,DNd04,left,3.1501959453575763,23.28295841108423,DN_07,#BFB09A
720575941511508690,76145991728201460,AN17A009,ascending,AN17A009,left,-8.927905212784513,30.990962408886965,AN_17,#8B3A9C
720575941507243589,76636236005202264,DNbe002,descending,DNbe002,left,4.348877299880281,5.667706869946535,DN_02,#298ABB
720575941515175770,76215192174222394,AN23B002,ascending,AN23B002,right,-5.338483463669523,5.120948218213137,AN_06,#4D9C3C
720575941621593727,76914206489942026,DNp70,descending,DNp70,left,-12.275265823746427,12.368381880627688,DN_05,#D24A2C
720575941543092060,75999550254549904,DNp14,descending,DNp14,right,6.589284766768709,23.30823459516626,DN_01,#EC9832
720575941508517761,75443541438654845,AN05B004,ascending,AN05B004,left,-0.6124221791274393,16.90157070051294,AN_07,#BFB09A
720575941721644602,76144754442097476,AN05B096_T2,ascending,AN05B096,right,-6.0330005992896405,27.36909809003931,AN_01,#EC9832
720575941573266171,75647980874778094,DNge054,descending,DNge054,right,7.643219817733065,0.7380578447447377,DN_02,#298ABB
720575941638266399,76778004755790189,AN06B011,ascending,AN06B011,left,0.059113610839143904,-5.538462258471434,AN_03,#F7BA3C
720575941626534090,76212442992706752,AN06B002_T1,ascending,AN06B002,right,-9.118669639969571,-4.605247117175047,AN_01,#EC9832
720575941442187967,75577063180058911,DNp23,descending,DNp23,right,-14.79206288948129,17.065589331494387,DN_08,#51B07B
720575941549273992,75507175271429566,DNp47,descending,DNp47,right,-5.303432594681486,1.7995459068880635,DN_01,#EC9832
720575941461347027,76351805756231673,DNg68,descending,DNg68,right,4.211572993850008,21.752553366528566,DN_07,#BFB09A
720575941436764448,76843700508563454,DNp64,descending,DNp64,left,-17.030207764054044,16.293820761548098,DN_08,#51B07B
720575941472160011,76001336827176493,DNp73,descending,DNp73,left,14.507963050460116,-31.064619637621824,DN_11,#FE4545
720575941607693421,76492680951313717,DNg111,descending,DNg111,left,11.279442657088534,-2.5754350196256084,DN_14,#77C8F2
720575941476977969,76848579523997938,AN07B011,ascending,AN07B011,left,4.825058806990877,9.945367239819582,AN_01,#EC9832
720575941619883135,75154987684595405,DNpe031,descending,DNpe031,right,-13.328591476822599,22.603904150830324,DN_08,#51B07B
720575941645244360,76988492110156112,AN07B015,ascending,AN07B015,left,10.464893210982577,6.939652346478518,AN_09,#E42E2E
720575941492477644,75507106551365197,DNp49,descending,DNp49,right,-12.969103943253263,15.540204428540285,DN_01,#EC9832
720575941508298786,76633212281577395,DNg43,descending,DNg43,left,5.686040271376863,1.7919711102114277,DN_02,#298ABB
720575941461407955,76212442992654323,DNge119,descending,DNge119,right,-17.07822717323373,16.82498302351099,DN_08,#51B07B
720575941702564314,76286660496861346,AN09B003_T3,ascending,AN09B003,left,-3.732060800934538,26.62082233320337,AN_02,#298ABB
720575941440280767,75788993576891998,DNa15,descending,DNa15,right,-27.940364014054044,-18.417906380785887,DN_12,#FBCD5A
720575941547317940,75577612131030688,DNge032,descending,DNge032,right,6.210001815413729,6.811265848980959,DN_01,#EC9832
720575941483506618,76285766741185217,AN17A014_T2,ascending,AN17A014,right,-10.606212746048673,31.58333148847681,AN_17,#8B3A9C
720575941631028962,75929730796584459,DNge063,descending,DNge063,left,3.280943978881136,5.51553954969507,DN_01,#EC9832
720575941436052000,76216910160728927,ANXXX086,ascending,ANXXX086,right,3.005286086653963,12.720549963818605,AN_03,#F7BA3C
720575941658941264,76422655670537349,DNge079,descending,DNge079,left,2.5827003608696613,3.478063725338991,DN_01,#EC9832
720575941545991429,75577544015422351,DNp07,descending,DNp07,right,-5.3106728900916425,-0.8041543733014507,DN_02,#298ABB
720575941635100603,76848098286440280,AN05B010,ascending,AN05B010,right,17.881121505355136,38.030412100659426,AN_13,#48A9D9
720575941557601508,76496254498578306,AN05B010,ascending,AN05B010,left,17.881121505355136,38.030412100659426,AN_13,#48A9D9
720575941563646050,76284942107527358,AN07B005_T1,ascending,AN07B005,right,8.793723929976718,7.40815486799341,AN_02,#298ABB
720575941456849901,75653616878512965,AN19A018_d_A1,ascending,AN19A018_d,right,-14.215205322647794,16.232902907239016,AN_08,#51B07B
720575941590381380,76562912390846330,DNa04,descending,DNa04,left,-27.49035562172006,-19.0983968745603,DN_12,#FBCD5A
720575941432274647,76142074248064117,AN17A015_T2,ascending,AN17A015,right,-10.026931892777188,24.22707691084009,AN_05,#D24A2C
720575941691800539,77125656454365264,DNpe021,descending,DNpe021,left,-14.216430794144376,22.07792796980005,DN_01,#EC9832
720575941471537629,75436737807523982,DNp08,descending,DNp08,right,-16.876717697525724,18.596362494336184,DN_08,#51B07B
720575941408856879,75583591798781039,AN01B002_A2,ascending,AN01B002,right,9.352558005904452,30.792380713330324,AN_03,#F7BA3C
720575941431111087,76492749335224799,ANXXX026,ascending,ANXXX026,left,6.899277556990877,28.10815944563013,AN_03,#F7BA3C
720575941498583675,76778073273977565,AN09B016,ascending,AN09B016,left,-5.904171596909269,23.092267416821535,AN_05,#D24A2C
720575941548378804,75507106618697106,DNpe005,descending,DNpe005,right,-21.131539474869474,-14.613544083727781,DN_12,#FBCD5A
720575941596082801,76216429258799571,AN09B009_A3,ascending,AN09B009,right,15.607018340682284,36.71193828474146,AN_13,#48A9D9
720575941646451361,76844112691290717,DNp47,descending,DNp47,left,-5.303432594681486,1.7995459068880635,DN_01,#EC9832
720575941529735883,76145098240553723,AN06B007_a,ascending,AN06B007_a,left,10.793263305281894,-1.2373176585568828,AN_14,#77C8F2
720575941401766435,76702756190496820,DNbe007,descending,DNbe007,left,11.911422599410312,6.791246794568117,DN_09,#E42E2E
720575941586455774,76005185654672883,ANXXX033,ascending,ANXXX033,right,-10.575758110428556,27.25102367292505,AN_17,#8B3A9C
720575941490285006,76214504912235821,AN23B003,ascending,AN23B003,left,6.454889167403475,0.05640585015874683,AN_02,#298ABB
720575941653553169,75864722976764557,AN06B002_T3,ascending,AN06B002,right,-9.602995048905118,-4.933192349566404,AN_01,#EC9832
720575941568499502,75084687525499435,DNp55,descending,DNp55,right,-11.434805046463712,21.621802710400637,DN_05,#D24A2C
720575941596748933,75858812431122482,DNbe002,descending,DNbe002,right,4.348877299880281,5.667706869946535,DN_02,#298ABB
720575941449981277,76075829411073019,AN01A001,ascending,AN01A001,left,11.648818839644687,5.545514010296877,AN_09,#E42E2E
720575941400290851,75859637198934821,DNg49,descending,DNg49,right,2.574281562423006,-21.78000888933081,DN_04,#947E6C
720575941470033117,76703237428425018,DNbe003,descending,DNbe003,left,9.401751388167636,0.5909257460699635,DN_02,#298ABB
720575941431211951,75225356093159161,DNg29,descending,DNg29,right,-9.266165863419278,16.208159827099855,DN_05,#D24A2C
720575941552768062,76211137188200009,DNge135,descending,DNge135,right,-22.37898744239877,7.75746717344385,DN_15,#6A2978
720575941638407199,76633212348724914,DNa15,descending,DNa15,left,-27.940364014054044,-18.417906380785887,DN_12,#FBCD5A
720575941409588271,75717938040814134,DNpe026,descending,DNpe026,right,-18.31887353553842,15.881479643689211,DN_08,#51B07B
720575941409225902,75577749436090103,DNg102,descending,DNg102,right,-20.357928406143888,9.008975409375246,DN_15,#6A2978
720575941628153913,76562912189408575,DNge140,descending,DNge140,left,-9.933246742630704,20.082595251904543,DN_05,#D24A2C
720575941627244396,76214986083227426,AN23B001,ascending,AN23B001,left,-13.645878921890958,12.685811423169191,AN_01,#EC9832
720575941565099623,76003536118501960,AN19B004,ascending,AN19B004,right,0.8499872575752889,5.838614367352541,AN_02,#298ABB
720575941519241176,75930968083031007,DNge040,descending,DNge040,left,15.339169372176425,-0.5940534840955181,DN_14,#77C8F2
720575941480954019,75295656453422210,DNpe031,descending,DNpe031,right,-13.328591476822599,22.603904150830324,DN_08,#51B07B
720575941540466381,76844112690861954,DNp08,descending,DNp08,left,-16.876717697525724,18.596362494336184,DN_08,#51B07B
720575941548276404,76004016953908628,AN07B011,ascending,AN07B011,right,4.825058806990877,9.945367239819582,AN_01,#EC9832
720575941687585036,76847960914739325,ANXXX027_A6,ascending,ANXXX027,right,-8.608327518845304,11.456463240490969,AN_03,#F7BA3C
720575941481244128,76145373051960575,AN01B002_A2,ascending,AN01B002,right,9.352558005904452,30.792380713330324,AN_03,#F7BA3C
720575941559017252,76142074248486542,AN17A012_T3,ascending,AN17A012,right,-10.659785400772794,21.08441867719751,AN_02,#298ABB
720575941440399445,76142074247963198,AN05B099_A7,ascending,AN05B099,left,-3.987789045716032,25.86568775068384,AN_05,#D24A2C
720575941578384629,75084619208656816,DNpe025,descending,DNpe025,right,-1.562638830090269,9.420539282666262,DN_01,#EC9832
720575941485705478,76142074248083922,AN17A013_T2,ascending,AN17A013,right,-10.798348556900724,22.92781391035181,AN_05,#D24A2C
720575941603685817,76216772721787738,ANXXX024,ascending,ANXXX024,right,10.94716059074332,6.601672076092775,AN_09,#E42E2E
720575941550196797,75647637546084006,DNbe007,descending,DNbe007,right,11.911422599410312,6.791246794568117,DN_09,#E42E2E
720575941522604979,76422311804418150,DNge059,descending,DNge059,left,15.886900771712558,5.273191832409914,DN_09,#E42E2E
720575941446170026,76354073833891203,AN01A055,ascending,AN01A055,right,2.5900138507836017,17.35652484785181,AN_07,#BFB09A
720575941687586060,76988285817728714,ANXXX041,ascending,ANXXX041,left,17.8988312374108,38.4953474033938,AN_13,#48A9D9
720575941451006645,76355998247949684,AN08B012_T2,ascending,AN08B012,left,-4.373008381272062,15.272333525525148,AN_03,#F7BA3C
720575941489638094,76566485669601053,AN17B012,ascending,AN17B012,right,-6.3347631801612225,23.334618948803957,AN_05,#D24A2C
720575941551774526,76351256469390557,DNpe023,descending,DNpe023,left,10.838377822493808,-2.1805494796170635,DN_14,#77C8F2
720575941578497369,75934610617384487,AN18B002,ascending,AN18B002,right,5.103547919844881,6.251294993268068,AN_01,#EC9832
720575941565245794,76492612030335378,DNge132,descending,DNge132,left,12.903951514815585,34.98878993879419,DN_13,#48A9D9
720575941585137247,76071705504059993,ANXXX055,ascending,ANXXX055,left,-7.536919723892912,21.105700873242434,AN_05,#D24A2C
720575941527759641,76702963087002143,DNpe043,descending,DNpe043,left,-17.21692575111459,15.989831351147707,DN_08,#51B07B
720575941618680533,75724398074132228,AN05B009_A3,ascending,AN05B009,left,16.64359556541373,37.70434703718286,AN_03,#F7BA3C
720575941563218944,75718487393536582,DNae010,descending,DNae010,right,-26.850169311905606,-17.833145714892332,DN_12,#FBCD5A
720575941438634002,76707635877602407,ANXXX055,ascending,ANXXX055,right,-7.536919723892912,21.105700873242434,AN_05,#D24A2C
720575941557588964,76075691703656058,AN13B002,ascending,AN13B002,left,4.308853973006502,19.044476889477785,AN_07,#BFB09A
720575941612039142,75930005876038703,DNbe005,descending,DNbe005,right,-25.20502961769174,-17.392460442675535,DN_12,#FBCD5A
720575941546602345,77195612613337582,DNpe031,descending,DNpe031,left,-13.328591476822599,22.603904150830324,DN_08,#51B07B
720575941487319437,76422174902287341,DNp57,descending,DNp57,right,-25.669373642349942,-15.555540658129637,DN_12,#FBCD5A
720575941598950556,76211480786004804,DNg27,descending,DNg27,right,-14.210836540604337,1.9219501246080952,DN_01,#EC9832
720575941502736779,76142074180710925,AN09B018_d,ascending,AN09B018_d,left,0.5959288965218221,19.419707678662355,AN_07,#BFB09A
720575941612394058,76144823229093091,AN23B001,ascending,AN23B001,right,-13.645878921890958,12.685811423169191,AN_01,#EC9832
720575941539226866,76141455705637142,DNp63,descending,DNp63,right,-23.01184762611459,-15.727452851427977,DN_12,#FBCD5A
720575941633591483,76145785703810859,AN27X004,ascending,AN27X004,right,-5.499584328079924,4.732802771435793,AN_01,#EC9832
720575941610917037,75788512540501306,DNpe002,descending,DNpe002,right,13.050096381758944,4.802931212292727,DN_09,#E42E2E
720575941458999711,76215535771527515,AN17B007,ascending,AN17B007,right,-7.335323940659269,8.28913917432886,AN_05,#D24A2C
720575941566132119,76142074248532753,DNg22,descending,DNg22,right,-5.857781063462004,17.576209448681887,DN_01,#EC9832
720575941472508256,76353180480644173,AN19B032,ascending,AN19B032,right,-4.510877024079069,26.631194495068605,AN_05,#D24A2C
720575941552726407,75577749770892397,DNg99,descending,DNg99,right,15.34092222556998,-31.580443001879637,DN_11,#FE4545
720575941681023421,75794216592184716,AN14A003_T3,ascending,AN14A003,left,-0.9122689028031672,3.439380549298342,AN_02,#298ABB
720575941681075389,75930349405999280,ANXXX026,ascending,ANXXX026,right,6.899277556990877,28.10815944563013,AN_03,#F7BA3C
720575941634207941,76636648322283128,AN05B096_T2,ascending,AN05B096,left,-6.0330005992896405,27.36909809003931,AN_01,#EC9832
720575941601114102,76212442992304307,AN17A013_T1,ascending,AN17A013,left,-10.945113312149747,23.080800436841066,AN_05,#D24A2C
720575941613020390,76211412133057758,DNg109,descending,DNg109,right,9.233302939986483,0.7147967148886281,DN_02,#298ABB
720575941531432907,76212442992255493,AN17A013_T2,ascending,AN17A013,left,-10.798348556900724,22.92781391035181,AN_05,#D24A2C
720575941527231746,76285423211198843,AN09B016,ascending,AN09B016,right,-5.904171596909269,23.092267416821535,AN_05,#D24A2C
720575941453681203,76071705504268164,AN07B005_T3,ascending,AN07B005,left,6.963167060469881,8.506242178784426,AN_02,#298ABB
720575941527544708,76144685789895122,ANXXX027_A6,ascending,ANXXX027,left,-8.608327518845304,11.456463240490969,AN_03,#F7BA3C
720575941518225299,76005391813178675,AN13B002,ascending,AN13B002,right,4.308853973006502,19.044476889477785,AN_07,#BFB09A
720575941526870628,76566485870381490,AN08B009_T1,ascending,AN08B009,right,-18.429692398453458,18.41984691511255,AN_08,#51B07B
720575941644587109,75647569162418028,DNp101,descending,DNp101,right,-11.185417305374845,14.403081320630129,DN_02,#298ABB
720575941471808375,75718556045902857,DNge107,descending,DNge107,right,-22.4676295627601,-17.4670549403562,DN_12,#FBCD5A
720575941509305182,76000236979673512,DNge104,descending,DNge104,left,3.2136634479515704,56.7927221287356,DN_13,#48A9D9
720575941409519022,77055081081851552,DNp02,descending,DNp02,left,-17.07489694252084,17.914613150464113,DN_05,#D24A2C
720575941569349370,76637061109333882,AN06B007,ascending,AN06B007,right,6.226867545699373,0.39131663035016834,AN_02,#298ABB
720575941441848411,76989110854148643,AN17A003_T2,ascending,AN17A003,left,-9.954594742203458,30.687304877148684,AN_17,#8B3A9C
720575941463843597,76351874609438144,DNp45,descending,DNp45,left,-14.874535690689786,20.041127585278566,DN_08,#51B07B
720575941580859893,76356204339290606,AN05B101,ascending,AN05B101,right,-17.208445679093106,5.2709297169313984,AN_15,#6A2978
720575941563466152,76566348633019552,AN27X009_T1,ascending,AN27X009,left,-11.883433472061856,4.378359698163088,AN_15,#6A2978
720575941436244110,76918398176932343,AN17A003_T1,ascending,AN17A003,left,-6.058217178726896,30.755454443799074,AN_05,#D24A2C
720575941548351549,76914343660836328,AN04B003_T2,ascending,AN04B003,left,-0.10305989875863442,-4.887044526232664,AN_03,#F7BA3C
720575941528293378,76707017066288656,AN17B012,ascending,AN17B012,left,-6.3347631801612225,23.334618948803957,AN_05,#D24A2C
720575941523111091,75858949869921326,DNpe042,descending,DNpe042,left,-18.80538476600717,15.852633856640871,DN_08,#51B07B
720575941525922148,76497560705427595,AN17A012_T3,ascending,AN17A012,left,-10.659785400772794,21.08441867719751,AN_02,#298ABB
720575941599034560,76984574965763934,DNde005,descending,DNde005,left,13.20982920036246,2.5885290135012227,DN_09,#E42E2E
720575941628267321,76496460790978351,AN17A003_T2,ascending,AN17A003,right,-9.954594742203458,30.687304877148684,AN_17,#8B3A9C
720575941569801586,75718075211158052,DNpe042,descending,DNpe042,right,-18.80538476600717,15.852633856640871,DN_08,#51B07B
720575941502734475,76492268634471618,DNp38,descending,DNp38,left,-13.529058586502774,21.789777182446535,DN_08,#51B07B
720575941505988165,76001336893811332,DNge151,descending,DNge151,left,-8.6196013797767,7.328147314892824,DN_03,#F7BA3C
720575941567589686,76425954540879890,AN17B005,ascending,AN17B005,right,17.09982572898795,38.591420554028566,AN_13,#48A9D9
720575941522981043,76707498237192604,AN17A008,ascending,AN17A008,left,1.8539508472435628,9.863003157483156,AN_03,#F7BA3C
720575941575652105,76703169111294060,DNp101,descending,DNp101,left,-11.185417305374845,14.403081320630129,DN_02,#298ABB
720575941572468126,76074866868832278,AN19B010,ascending,AN19B010,right,10.53015219077994,5.129967116223391,AN_09,#E42E2E
720575941733034283,76566829870835010,DNp19,descending,DNp19,left,15.156761039351718,-32.1353899012937,DN_11,#FE4545
720575941511281618,76000099608262421,DNg96,descending,DNg96,left,15.033730376815097,-0.8581543933286113,DN_14,#77C8F2
720575941611937709,76356823150075263,ANXXX082,ascending,ANXXX082,right,-9.5340300907142,18.86015453230005,AN_05,#D24A2C
720575941732764971,76356204271849287,AN09B004_T3,ascending,AN09B004,left,-4.597137819672331,22.688809775219973,AN_05,#D24A2C
720575941574158075,76211549572347232,DNg66,descending,DNg66,left,-6.515267979050383,12.702623747693117,DN_03,#F7BA3C
720575941682439613,76426504431160783,AN05B021,ascending,AN05B021,left,4.845702518080965,21.70585765730005,AN_07,#BFB09A
720575941552603966,75859431174453017,DNp19,descending,DNp19,right,15.156761039351718,-32.1353899012937,DN_11,#FE4545
720575941633124549,76281712023655797,DNge119,descending,DNge119,left,-17.07822717323373,16.82498302351099,DN_08,#51B07B
720575941507242309,76142074315065470,AN05B097_T3,ascending,AN05B097,right,-12.599907051468595,25.787213705884035,AN_08,#51B07B
720575941440001343,76004429337939339,AN06B002_T3,ascending,AN06B002,left,-9.602995048905118,-4.933192349566404,AN_01,#EC9832
720575941470861120,76282811736411923,AN12B008_T2,ascending,AN12B008,right,12.965486396407382,5.545734309063967,AN_09,#E42E2E
720575941687586316,76212442992103696,ANXXX041,ascending,ANXXX041,left,17.8988312374108,38.4953474033938,AN_13,#48A9D9
720575941433051406,77270173513694833,AN07B015,ascending,AN07B015,right,10.464893210982577,6.939652346478518,AN_09,#E42E2E
720575941454690217,76848029365477390,AN05B099_A6,ascending,AN05B099,right,-5.429799686814055,24.5762800205813,AN_05,#D24A2C
720575941560503155,75647981076454277,DNp73,descending,DNp73,right,14.507963050460116,-31.064619637621824,DN_11,#FE4545
720575941460458399,76286522990812204,AN09B004_T3,ascending,AN09B004,right,-4.597137819672331,22.688809775219973,AN_05,#D24A2C
720575941626959771,75788649844963623,DNpe026,descending,DNpe026,left,-18.31887353553842,15.881479643689211,DN_08,#51B07B
720575941404711792,76285286107559345,DNpe016,descending,DNpe016,left,-2.385862957382902,-1.4095430146588726,DN_02,#298ABB
720575941691165848,75436393807184652,AN01A055,ascending,AN01A055,left,2.5900138507836017,17.35652484785181,AN_07,#BFB09A
720575941471297911,76773880714824886,DNge003,descending,DNge003,left,15.866453994368808,8.94655647169214,DN_09,#E42E2E
720575941500843426,75507449611957067,DNbe003,descending,DNbe003,right,9.401751388167636,0.5909257460699635,DN_02,#298ABB
720575941519028396,76005597837367464,AN05B097_T3,ascending,AN05B097,left,-12.599907051468595,25.787213705884035,AN_08,#51B07B
720575941546634428,75718693283991454,DNp23,descending,DNp23,left,-14.79206288948129,17.065589331494387,DN_08,#51B07B
720575941507249221,76140974602660409,DNg109,descending,DNg109,right,9.233302939986483,0.7147967148886281,DN_02,#298ABB
720575941491012809,76210656487092560,MDN,descending,MDN,left,14.523598540877597,-3.427860356463377,DN_14,#77C8F2
720575941476477492,76562981043433744,DNae010,descending,DNae010,left,-26.850169311905606,-17.833145714892332,DN_12,#FBCD5A
720575941535861482,76286454271059838,AN09B018_d,ascending,AN09B018_d,right,0.5959288965218221,19.419707678662355,AN_07,#BFB09A
720575941627562634,75794423019525627,AN01A001,ascending,AN01A001,right,11.648818839644687,5.545514010296877,AN_09,#E42E2E
720575941533250738,76848029701547199,AN14A003_T2,ascending,AN14A003,right,-0.687928829038843,3.949294470654543,AN_02,#298ABB
720575941611944668,75651830104996802,AN19B032,ascending,AN19B032,left,-4.510877024079069,26.631194495068605,AN_05,#D24A2C
720575941540246364,76212443059480293,DNge107,descending,DNge107,left,-22.4676295627601,-17.4670549403562,DN_12,#FBCD5A
720575941566797110,76142074248117609,AN17A014_T2,ascending,AN17A014,left,-10.606212746048673,31.58333148847681,AN_17,#8B3A9C
720575941428568404,76281299572850189,AN01A055,ascending,AN01A055,left,2.5900138507836017,17.35652484785181,AN_07,#BFB09A
720575941440543323,76495842383491813,AN27X016,ascending,AN27X016,left,-3.649375091934904,7.734136961804445,AN_01,#EC9832
720575941414947220,77125243869076431,DNpe031,descending,DNpe031,left,-13.328591476822599,22.603904150830324,DN_08,#51B07B
720575941484965186,75296343648460460,AN04B003_T2,ascending,AN04B003,right,-0.10305989875863442,-4.887044526232664,AN_03,#F7BA3C
720575941516704761,76777592304859078,ANXXX023,ascending,ANXXX023,left,0.5900050292961752,4.698088072644289,AN_02,#298ABB
720575941572669342,76633693317494507,DNb06,descending,DNb06,right,1.3018869052879964,-13.405119515551512,DN_04,#947E6C
720575941566818967,77199804433934364,DNg103,descending,DNg103,left,0.9793696294777547,13.71575870405298,DN_07,#BFB09A
720575941441901759,76075760422793871,ANXXX075,ascending,ANXXX075,left,7.226352561568514,17.31971492658716,AN_07,#BFB09A
720575941645970081,75999824998268427,AN_multi_124,ascending,AN_multi_124,right,-52.56281770362924,6.623557947979982,AN_19,#B56FCC
720575941513798097,75931517905402849,DNge007,descending,DNge007,right,13.37539087638785,2.3754571903811055,DN_09,#E42E2E
720575941451902542,76142074248319778,AN17A013_T1,ascending,AN17A013,right,-10.945113312149747,23.080800436841066,AN_05,#D24A2C
720575941578509401,75372760444204088,AN01B002_A3,ascending,AN01B002,right,4.335275996779695,56.6907819737063,AN_13,#48A9D9
720575941537991907,76495911169217849,AN27X009_T1,ascending,AN27X009,right,-11.883433472061856,4.378359698163088,AN_15,#6A2978
720575941499708745,76281093816752083,MDN,descending,MDN,right,14.523598540877597,-3.427860356463377,DN_14,#77C8F2
720575941555321601,76707291877617059,ANXXX102,ascending,ANXXX102,right,-5.5282093395240155,23.855697058545168,AN_05,#D24A2C
720575941612667238,76071705570957714,AN05B098,ascending,AN05B098,left,3.3389900814049396,22.527581595288332,AN_07,#BFB09A
720575941703138522,76146129435683873,AN12B005,ascending,AN12B005,left,12.544462073897616,5.777567290173586,AN_09,#E42E2E
720575941566309174,76773812666370570,DNp26,descending,DNp26,left,-26.67193521156381,-17.175812340868895,DN_12,#FBCD5A
720575941576562792,76773674623202643,DNge075,descending,DNge075,right,6.105331767653719,15.132113837109621,DN_02,#298ABB
720575941652850709,76285423277776027,AN09B024,ascending,AN09B024,right,-4.557465683365568,27.790398978100832,AN_05,#D24A2C
720575941556912211,76212442992572557,AN08B009_T3,ascending,AN08B009,right,-17.62942803993295,19.55499210249048,AN_08,#51B07B
720575941624212732,76146129167379716,ANXXX075,ascending,ANXXX075,right,7.226352561568514,17.31971492658716,AN_07,#BFB09A
720575941449316628,76848648243961131,AN09A007_T2,ascending,AN09A007,left,3.409057487105623,55.849591635571535,AN_13,#48A9D9
720575941528667814,76212443126274899,DNp05,descending,DNp05,right,-8.200418602371915,1.688501857625063,DN_01,#EC9832
720575941440355157,76497010614408476,AN06B007_a,ascending,AN06B007_a,right,10.793263305281894,-1.2373176585568828,AN_14,#77C8F2
720575941657989712,75436943294607340,DNge003,descending,DNge003,right,15.866453994368808,8.94655647169214,DN_09,#E42E2E
720575941609057389,76142074248365529,AN17A026,ascending,AN17A026,left,-4.595624576950773,19.27826442609888,AN_02,#298ABB
720575941634266053,76636923066117699,DNxl114,descending,DNxl114,right,6.755253184890047,27.12929096113306,DN_03,#F7BA3C
720575941556437732,76566623242354623,AN17A018_T1,ascending,AN17A018,right,-9.268521438980802,32.12909068952661,AN_17,#8B3A9C
720575941662302844,76566073755180866,ANXXX108,ascending,ANXXX108,left,-11.832693230057462,18.18518772016626,AN_03,#F7BA3C
720575941611018314,76282811736444241,ANXXX037,ascending,ANXXX037,left,11.043927062606112,1.9708098400698262,AN_09,#E42E2E
720575941601087478,77129848409519396,AN09B031,ascending,AN09B031,left,4.353984225844637,20.09059467207056,AN_07,#BFB09A
720575941641465682,75651761385633687,AN17B008_T2,ascending,AN17B008,right,-11.779816757584317,17.602567099438723,AN_03,#F7BA3C
720575941520250584,76146060447550376,AN17A009,ascending,AN17A009,right,-8.927905212784513,30.990962408886965,AN_17,#8B3A9C
720575941410113451,76918398579510009,AN19B015,ascending,AN19B015,left,28.545164931868808,23.85152759443384,AN_18,#52AE4E
720575941415598737,76000649431214869,DNb08,descending,DNb08,right,9.358142722701327,1.0914828408823567,DN_02,#298ABB
720575941456851693,76566142071852640,AN01A055,ascending,AN01A055,right,2.5900138507836017,17.35652484785181,AN_07,#BFB09A
720575941594716523,75930968082544318,DNb06,descending,DNb06,left,1.3018869052879964,-13.405119515551512,DN_04,#947E6C
720575941611824358,76708254218616747,AN04A001_T2,ascending,AN04A001,left,-4.358913790131315,0.05983605276208698,AN_02,#298ABB
720575941515922778,76145923142669708,DNpe050,descending,DNpe050,left,-15.14004815712045,17.95546474348169,DN_01,#EC9832
720575941416724764,76426504565010994,AN05B097_T2,ascending,AN05B097,left,-1.534114967728361,17.6650308598147,AN_07,#BFB09A
720575941509093726,76421762720033676,DNp104,descending,DNp104,left,-9.979191910172208,-0.4865446459187907,DN_01,#EC9832
720575941439620415,76566004633261353,DNpe049,descending,DNpe049,left,5.41824280128409,21.00744571577173,DN_07,#BFB09A
720575941504810290,76001336759731977,DNg90,descending,DNg90,right,12.334586013411776,6.304356955395754,DN_09,#E42E2E
720575941489185488,76146335325862797,AN17A015_T3,ascending,AN17A015,left,-10.956649910355313,24.174123190747316,AN_05,#D24A2C
720575941542898205,75154643818578112,DNd04,descending,DNd04,right,3.1501959453575763,23.28295841108423,DN_07,#BFB09A
720575941584448390,75084481233054322,AN08B007,ascending,AN08B007,left,-10.53956330909799,17.13648738752466,AN_03,#F7BA3C
720575941574252795,76214986082856442,AN07B013_T2,ascending,AN07B013,left,12.54541384086539,-0.38214997161764325,AN_02,#298ABB
720575941545487365,76071705504065756,ANXXX082,ascending,ANXXX082,left,-9.5340300907142,18.86015453230005,AN_05,#D24A2C
720575941569367546,76355311052760104,ANXXX023,ascending,ANXXX023,right,0.5900050292961752,4.698088072644289,AN_02,#298ABB
720575941580654201,75934610617680698,AN08B005,ascending,AN08B005,right,-9.831139694596036,28.465491675244387,AN_17,#8B3A9C
720575941496919168,76773881453198222,DNp57,descending,DNp57,left,-25.669373642349942,-15.555540658129637,DN_12,#FBCD5A
720575941413189999,76565867328177477,DNp38,descending,DNp38,right,-13.529058586502774,21.789777182446535,DN_08,#51B07B
720575941724184890,76633212281527930,DNb08,descending,DNb08,left,9.358142722701327,1.0914828408823567,DN_02,#298ABB
720575941575633053,76421556494621865,DNp54,descending,DNp54,left,-8.42299379005502,0.675015084849413,DN_01,#EC9832
720575941491065653,76210656487118926,MDN,descending,MDN,left,14.523598540877597,-3.427860356463377,DN_14,#77C8F2
720575941576952463,76142074248098066,AN08B007,ascending,AN08B007,right,-10.53956330909799,17.13648738752466,AN_03,#F7BA3C
720575941353897264,76005254307208744,AN05B097_A1,ascending,AN05B097,right,-10.162758957291349,11.782314680920656,AN_01,#EC9832
720575941596085105,76637060639644231,ANXXX005,ascending,ANXXX005,right,-1.0980236639029826,31.149470709668215,AN_05,#D24A2C
720575941453086535,76356067101194473,AN05B097_T2,ascending,AN05B097,right,-1.534114967728361,17.6650308598147,AN_07,#BFB09A
720575941556616787,76282811736257965,AN09B031,ascending,AN09B031,right,4.353984225844637,20.09059467207056,AN_07,#BFB09A
720575941493128935,76005735141505174,ANXXX086,ascending,ANXXX086,left,3.005286086653963,12.720549963818605,AN_03,#F7BA3C
720575941559176942,75999756211743498,DNb04,descending,DNb04,right,-21.65055192604135,-13.896710015429441,DN_12,#FBCD5A
720575941510621968,76422449511908091,DNge063,descending,DNge063,right,3.280943978881136,5.51553954969507,DN_01,#EC9832
720575941542421340,76918123366148912,AN07B013_T1,ascending,AN07B013,left,12.955660689925448,-1.7904301654233379,AN_02,#298ABB
720575941438942738,75864998056019882,ANXXX024,ascending,ANXXX024,left,10.94716059074332,6.601672076092775,AN_09,#E42E2E
720575941551513716,77059067482810987,AN19B009_T1,ascending,AN19B009,left,5.997724879836336,6.427935026989992,AN_02,#298ABB
720575941574838280,76216223167809530,ANXXX057,ascending,ANXXX057,right,-6.346389900589689,4.09339132200342,AN_06,#4D9C3C
720575941482323651,76707980011648633,AN19B024,ascending,AN19B024,right,-6.552408348465666,-17.81679401506323,AN_06,#4D9C3C
720575941484263878,76774087342887700,DNbe005,descending,DNbe005,left,-25.20502961769174,-17.392460442675535,DN_12,#FBCD5A
720575941479639658,76076104020489704,ANXXX093,ascending,ANXXX093,right,-1.2756436575896586,22.87951602827173,AN_05,#D24A2C
720575941504443074,76215879503138197,AN05B094,ascending,AN05B094,right,-10.432890068436368,29.813493155346926,AN_17,#8B3A9C
720575941526955266,75930899363153525,DNge006,descending,DNge006,right,1.0737863670342123,-14.847230530871336,DN_04,#947E6C
720575941585621855,76070674510888357,DNg80,descending,DNg80,right,-15.559042107010587,5.844169520245607,DN_03,#F7BA3C
720575941578746713,76212442992195699,AN09B009,ascending,AN09B009,right,-2.819690596009001,28.533580206738527,AN_05,#D24A2C
720575941477812131,76353180480608078,DNpe002,descending,DNpe002,left,13.050096381758944,4.802931212292727,DN_09,#E42E2E
720575941439802130,75436737807838320,DNpe006,descending,DNpe006,right,3.9795955310814533,8.219564818249758,DN_02,#298ABB
720575941624437756,76633075244975333,DNpe016,descending,DNpe016,left,-2.385862957382902,-1.4095430146588726,DN_02,#298ABB
720575941402821923,75859431040710484,DNp05,descending,DNp05,left,-8.200418602371915,1.688501857625063,DN_01,#EC9832
720575941478339377,76145991727959722,AN09B004_A8,ascending,AN09B004,left,-3.3572403301246014,23.63533344160181,AN_05,#D24A2C
720575941607672685,76707017066379475,AN17A024_T1,ascending,AN17A024,left,-6.037187706375822,29.505433462964113,AN_17,#8B3A9C
720575941413514607,76212442992611643,DNge099,descending,DNge099,right,-16.432399879837735,19.051713370190676,DN_08,#51B07B
720575941723386170,74943744214457448,ANXXX102,ascending,ANXXX102,left,-5.5282093395240155,23.855697058545168,AN_05,#D24A2C
720575941492793036,76001336826943372,AN06B023_T2,ascending,AN06B023,left,-27.449832092667325,-19.999279595507566,AN_06,#4D9C3C
720575941558607396,75436669020917062,DNp03,descending,DNp03,right,-26.345151077652677,-16.212860680712645,DN_12,#FBCD5A
720575941514996945,75583385640503548,AN01A006,ascending,AN01A006,left,4.362481940840975,11.44455852399927,AN_01,#EC9832
720575941555503187,76638229541411834,AN08B005,ascending,AN08B005,left,-9.831139694596036,28.465491675244387,AN_17,#8B3A9C
720575941527484441,76213954887966046,ANXXX109,ascending,ANXXX109,right,-10.818981300736173,15.642055891858156,AN_03,#F7BA3C
720575941541431644,76073904862481451,AN19B015,ascending,AN19B015,right,28.545164931868808,23.85152759443384,AN_18,#52AE4E
720575941524165453,76142074248551657,AN05B103,ascending,AN05B103,left,-6.328836571121916,10.814909361706789,AN_01,#EC9832
720575941438465298,76351737371893016,DNb04,descending,DNb04,left,-21.65055192604135,-13.896710015429441,DN_12,#FBCD5A
720575941534881368,76703443586863502,DNb08,descending,DNb08,left,9.358142722701327,1.0914828408823567,DN_02,#298ABB
720575941646923208,76777248506197198,AN01A014,ascending,AN01A014,left,29.138640273665683,23.337376974927004,AN_18,#52AE4E
720575941515548515,76211412066225037,DNge046,descending,DNge046,left,1.7564128528587972,5.0012387264834,DN_01,#EC9832
720575941480480963,76071705571097367,DNge135,descending,DNge135,left,-22.37898744239877,7.75746717344385,DN_15,#6A2978
720575941482437967,76637129493425976,AN09B013,ascending,AN09B013,right,-4.003171812439665,28.661752127514895,AN_05,#D24A2C
720575941574768392,76285423143423037,AN10B015_a,ascending,AN10B015_a,right,-4.689560066605314,19.97377529035669,AN_01,#EC9832
720575941486700098,75788856204963926,DNa05,descending,DNa05,right,-27.581219803238614,-19.07891903032202,DN_12,#FBCD5A
720575941574556744,76913931746850877,aSP22,descending,aSP22,left,-4.248671661759123,2.200855158673342,DN_01,#EC9832
720575941613459164,75794216726525339,AN07B005_T3,ascending,AN07B005,right,6.963167060469881,8.506242178784426,AN_02,#298ABB
720575941479882346,76637473493015215,AN23B003,ascending,AN23B003,right,6.454889167403475,0.05640585015874683,AN_02,#298ABB
720575941644756168,76282811736468132,DNg30,descending,DNg30,right,-7.852391849899992,19.860246085034426,DN_05,#D24A2C
720575941556446436,76074385899121835,AN08B013,ascending,AN08B013,right,-10.996229301834806,29.132924460278566,AN_08,#51B07B
720575941483848122,76142074248316858,AN17A015_T1,ascending,AN17A015,right,-10.368549477005704,24.015952490674074,AN_05,#D24A2C
720575941592893992,76773743880120247,DNp49,descending,DNp49,left,-12.969103943253263,15.540204428540285,DN_01,#EC9832
720575941703228634,76142074248252273,AN05B100_T2,ascending,AN05B100,left,5.012801040267244,22.73665180097681,AN_07,#BFB09A
720575941493311920,77059204720591876,AN12B008_T1,ascending,AN12B008,left,13.242793906783358,5.039187811718996,AN_09,#E42E2E
720575941535925018,76353180547827332,AN19B025,ascending,AN19B025,right,1.8870326171868002,-25.09545383561987,AN_04,#947E6C
720575941448063764,76847892195263671,AN08B014,ascending,AN08B014,left,1.0186333547585165,8.6462263096438,AN_02,#298ABB
720575941633402604,76707910688250602,AN17A015_T2,ascending,AN17A015,left,-10.026931892777188,24.22707691084009,AN_05,#D24A2C
720575941535068650,75933029868637822,AN19B010,ascending,AN19B010,left,10.53015219077994,5.129967116223391,AN_09,#E42E2E
720575941538080754,76212442992343999,AN05B100_T3,ascending,AN05B100,right,4.459493983840242,22.177819632397707,AN_07,#BFB09A
720575941525186818,76282811803967694,DNge143,descending,DNge143,right,6.272706378554598,-12.606099702013914,DN_04,#947E6C
720575941642906529,75859430906545689,DNge124,descending,DNge124,right,13.591812003707187,-2.482925988329832,DN_14,#77C8F2
720575941504090162,76212168114555694,DNae001,descending,DNae001,left,11.557789672469394,-1.911484337939207,DN_14,#77C8F2
720575941602005545,76425335998228646,AN12B011,ascending,AN12B011,left,6.672628749465242,27.038209341870363,AN_03,#F7BA3C
720575941626056556,76351943261540060,DNge122,descending,DNge122,right,16.70391928062369,37.966256522046145,DN_13,#48A9D9
720575941524046071,76286110741689528,AN17B007,ascending,AN17B007,left,-7.335323940659269,8.28913917432886,AN_05,#D24A2C
720575941439395903,76356273327143636,AN08B010_T3,ascending,AN08B010,right,-10.89238084449838,13.031014822827395,AN_05,#D24A2C
720575941537495322,76210655816224442,DNge075,descending,DNge075,left,6.105331767653719,15.132113837109621,DN_02,#298ABB
720575941550687037,76425816967935401,AN06B007,ascending,AN06B007,left,6.226867545699373,0.39131663035016834,AN_02,#298ABB
720575941496696263,76280338037146675,DNp58,descending,DNp58,left,-14.854767929459317,4.326165579663332,DN_03,#F7BA3C
720575941496695751,76071705504311779,DNg22,descending,DNg22,left,-5.857781063462004,17.576209448681887,DN_01,#EC9832
720575941514658906,77617756090663205,AN08B018_T1,ascending,AN08B018,right,31.930884231185214,-18.643177605761473,AN_10,#695B52
720575941595237157,75654098049034929,ANXXX987,ascending,ANXXX987,right,-6.894153248215422,17.21737804304224,AN_01,#EC9832
720575941547987124,76636029847218090,AN06B025,ascending,AN06B025,right,2.906425107573763,-28.68914089311499,AN_04,#947E6C
720575941541075069,76005529184838586,AN05B098,ascending,AN05B098,right,3.3389900814049396,22.527581595288332,AN_07,#BFB09A
720575941539028722,76000099608598822,DNge038,descending,DNge038,left,1.1056302677147543,1.9768780697451191,DN_01,#EC9832
720575941515619427,75859225083417404,DNpe055,descending,DNpe055,right,-11.649356018448575,-1.1941631804837627,DN_01,#EC9832
720575941411740817,76356960991306960,AN17B008_A1,ascending,AN17B008,left,-10.824254166031583,16.631905936108645,AN_05,#D24A2C
720575941529904312,75718350290247936,ANXXX030,ascending,ANXXX030,left,11.530991424178378,4.762466811047609,AN_09,#E42E2E
720575941491857461,77195818973184953,DNpe025,descending,DNpe025,left,-1.562638830090269,9.420539282666262,DN_01,#EC9832
720575941447914772,76566279578045850,AN17A014_T1,ascending,AN17A014,right,-10.293573509598478,31.24333896528345,AN_17,#8B3A9C
720575941561655341,75717937704760808,DNae001,descending,DNae001,right,11.557789672469394,-1.911484337939207,DN_14,#77C8F2
720575941542885661,75506762350468082,DNg84,descending,DNg84,right,17.3313320766442,38.211320303784426,DN_13,#48A9D9
720575941459870278,76282811803893191,AN06B023_T2,ascending,AN06B023,right,-27.449832092667325,-19.999279595507566,AN_06,#4D9C3C
720575941552013055,76216360539379064,AN09B009_A4,ascending,AN09B009,right,4.376898635482088,14.674575232373293,AN_13,#48A9D9
720575941513808849,76000099607947184,DNge038,descending,DNge038,right,1.1056302677147543,1.9768780697451191,DN_01,#EC9832
720575941441901147,76427329332907487,AN17A003_T3,ascending,AN17A003,left,-9.809243332291349,29.916366003857668,AN_17,#8B3A9C
720575941480554370,75862523550723061,DNg79,descending,DNg79,right,-21.335919510269864,-14.76982078660864,DN_12,#FBCD5A
720575941586950790,75648393460409373,DNge084,descending,DNge084,right,-10.461013924027188,-18.043594933642332,DN_06,#4D9C3C
720575941432269271,75507518331610362,DNg101,descending,DNg101,right,-0.16759891405175575,8.568722151623781,DN_01,#EC9832
720575941574675869,75577543747005221,DNb07,descending,DNb07,right,-22.908139358902677,-15.499269105090086,DN_12,#FBCD5A
720575941438445330,75718281571031511,DNpe032,descending,DNpe032,right,-7.063328873062834,-4.503739930285398,DN_02,#298ABB
720575941668844209,76004223178958471,AN07B013_T2,ascending,AN07B013,right,12.54541384086539,-0.38214997161764325,AN_02,#298ABB
720575941508259141,75935297745475370,AN17A014_T3,ascending,AN17A014,right,-10.700094353104337,31.582841299878176,AN_17,#8B3A9C
720575941408820271,75999893315673606,AN09B004_A2,ascending,AN09B004,left,-1.1532438506133402,24.318301581250246,AN_05,#D24A2C
720575941505562949,76847754890556676,ANXXX106,ascending,ANXXX106,left,2.2328849922173175,29.57877483259302,AN_03,#F7BA3C
720575941653882865,76562774281029600,DNxl114,descending,DNxl114,left,6.755253184890047,27.12929096113306,DN_03,#F7BA3C
720575941528463526,76777523115530813,AN09A007_T1,ascending,AN09A007,left,1.10364376411368,23.546370886670168,AN_03,#F7BA3C
720575941430250377,76493230707347482,DNg91,descending,DNg91,left,-27.2021209110267,-18.93352756608862,DN_12,#FBCD5A
720575941435983136,76216085527344173,AN09B012_A5,ascending,AN09B012,right,-8.955276619339688,10.630223654614504,AN_03,#F7BA3C
720575941610938797,76216429191819529,AN09B012_A4,ascending,AN09B012,right,-8.78379644050668,10.841074370251711,AN_03,#F7BA3C
720575941581081681,76496941827300930,AN05B023_T2,ascending,AN05B023,left,-1.1968356479651774,30.95060863386255,AN_05,#D24A2C
720575941459936070,76636785828753892,AN07B018,ascending,AN07B018,right,-6.160464416886076,23.68117275129419,AN_05,#D24A2C
720575941626978715,76351943194790263,DNg33,descending,DNg33,left,-6.828329216385588,6.246198080884035,DN_03,#F7BA3C
720575941352944432,76145510557963488,AN17B007,ascending,AN17B007,right,-7.335323940659269,8.28913917432886,AN_05,#D24A2C
720575941593041192,76215123253630120,AN09B015,ascending,AN09B015,right,30.229124892806308,-17.036970711840574,AN_10,#695B52
720575941637683829,76773606239547588,ANXXX098_A1,ascending,ANXXX098,right,25.928465713118808,-18.93099079240698,AN_10,#695B52
720575941631629292,76216017009153553,AN08B010_T3,ascending,AN08B010,left,-10.89238084449838,13.031014822827395,AN_05,#D24A2C
720575941575744655,76351393640468842,DNpe036,descending,DNpe036,right,-15.791210304642423,3.691812895642336,DN_15,#6A2978
720575941586116703,76777866980968838,AN09B018_c,ascending,AN09B018_c,right,0.12218694791723839,19.080487631665285,AN_07,#BFB09A
720575941659115288,76216154247134999,AN05B096_T3,ascending,AN05B096,left,-4.3384534229285565,17.127614401684816,AN_01,#EC9832
720575941403931248,76001336692337925,ANXXX092,ascending,ANXXX092,left,12.833142150496737,33.72732677351099,AN_13,#48A9D9
720575941541333117,76142074315519495,AN27X016,ascending,AN27X016,right,-3.649375091934904,7.734136961804445,AN_01,#EC9832
720575941535231832,76142830162039922,DNge103,descending,DNge103,right,7.298543323134676,4.498392962323244,DN_02,#298ABB
720575941502158059,76707154706610618,AN08B018_T1,ascending,AN08B018,left,31.930884231185214,-18.643177605761473,AN_10,#695B52
720575941559874831,75225425148330588,DNp04,descending,DNp04,right,-16.334433685684903,18.156108282910402,DN_05,#D24A2C
720575941514855756,76355586199264326,AN09A005,ascending,AN09A005,left,-4.050131212616667,5.8297490109072285,AN_19,#B56FCC
720575941629393721,76778210712788126,AN09B014,ascending,AN09B014,right,11.460638869857089,32.53523769270044,AN_13,#48A9D9
720575941644144978,76777798396248241,AN17B009,ascending,AN17B009,left,-7.21628392829965,9.767628096448,AN_10,#695B52
720575941688133871,76988767390856997,DNge046,descending,DNge046,right,1.7564128528587972,5.0012387264834,DN_01,#EC9832
720575941587471582,76282811736473915,DNde002,descending,DNde002,left,12.21608911857535,2.6751512516604024,DN_02,#298ABB
720575941464753430,76212442992747734,AN07B013_T1,ascending,AN07B013,right,12.955660689925448,-1.7904301654233379,AN_02,#298ABB
720575941534916739,76004085740149348,AN09A007_T2,ascending,AN09A007,right,3.409057487105623,55.849591635571535,AN_13,#48A9D9
720575941596729477,76216772789302149,AN17A014_T3,ascending,AN17A014,left,-10.700094353104337,31.582841299878176,AN_17,#8B3A9C
720575941480772259,76145991795096072,AN09B004_A9,ascending,AN09B004,right,-2.469440351868376,24.795052908764895,AN_05,#D24A2C
720575941585932422,76216635350534266,AN17A018_T3,ascending,AN17A018,left,-10.385268341446622,32.03644313703638,AN_17,#8B3A9C
720575941393748630,75935298215035901,AN01A006,ascending,AN01A006,right,4.362481940840975,11.44455852399927,AN_01,#EC9832
720575941626337162,76215672807951910,DNg103,descending,DNg103,right,0.9793696294777547,13.71575870405298,DN_07,#BFB09A
720575941632371948,75718006156084980,AN09B004_A9,ascending,AN09B004,left,-2.469440351868376,24.795052908764895,AN_05,#D24A2C
720575941507894366,76563049561335448,DNg69,descending,DNg69,left,1.7746344696037923,3.5382398594484883,DN_01,#EC9832
720575941516022851,76778073408426013,AN08B013,ascending,AN08B013,left,-10.996229301834806,29.132924460278566,AN_08,#51B07B
720575941569909106,76352149420180569,DNg84,descending,DNg84,left,17.3313320766442,38.211320303784426,DN_13,#48A9D9
720575941504636610,76142074248213670,AN05B100_T2,ascending,AN05B100,right,5.012801040267244,22.73665180097681,AN_07,#BFB09A
720575941536706753,76140699523107501,DNg80,descending,DNg80,left,-15.559042107010587,5.844169520245607,DN_03,#F7BA3C
720575941574657032,76425748516677475,AN06B040,ascending,AN06B040,right,-10.847816597367032,-12.305706597460691,AN_06,#4D9C3C
720575941455074099,76636854615079394,AN05B094,ascending,AN05B094,left,-10.432890068436368,29.813493155346926,AN_17,#8B3A9C
720575941600537385,76212442992335467,AN17A024_T3,ascending,AN17A024,left,-1.701151739502653,21.69081630598169,AN_17,#8B3A9C
720575941476515636,76075691703589806,AN05B023_A6,ascending,AN05B023,left,-3.2627326358802167,23.64936008344751,AN_05,#D24A2C
720575941561955699,76004222910810170,DNde006,descending,DNde006,right,-6.315270553971037,27.393468283520754,DN_05,#D24A2C
720575941653370389,76351530945118056,AN10B015_a,ascending,AN10B015_a,left,-4.689560066605314,19.97377529035669,AN_01,#EC9832
720575941539809997,76000031224493272,DNp03,descending,DNp03,left,-26.345151077652677,-16.212860680712645,DN_12,#FBCD5A
720575941515375171,76214779655929272,AN05B097_T1,ascending,AN05B097,right,-7.661732803726896,17.860021017895754,AN_02,#298ABB
720575941541480573,76355036040817404,AN01A014,ascending,AN01A014,right,29.138640273665683,23.337376974927004,AN_18,#52AE4E
720575941441805503,76005597971161161,AN05B100_T3,ascending,AN05B100,left,4.459493983840242,22.177819632397707,AN_07,#BFB09A
720575941456625567,76422312140157315,DNg90,descending,DNg90,left,12.334586013411776,6.304356955395754,DN_09,#E42E2E
720575941558381860,75647431723262044,DNpe050,descending,DNpe050,right,-15.14004815712045,17.95546474348169,DN_01,#EC9832
720575941514201932,76707154438573515,AN17A018_T2,ascending,AN17A018,left,-9.601288925553067,32.06902446638208,AN_17,#8B3A9C
720575941554615553,76285492131865353,ANXXX057,ascending,ANXXX057,left,-6.346389900589689,4.09339132200342,AN_06,#4D9C3C
720575941629631289,76287416478447721,ANXXX092,ascending,ANXXX092,right,12.833142150496737,33.72732677351099,AN_13,#48A9D9
720575941393864342,76495704742589777,ANXXX041,ascending,ANXXX041,right,17.8988312374108,38.4953474033938,AN_13,#48A9D9
720575941551640711,76353180480395438,ANXXX049_T3,ascending,ANXXX049,right,13.792539466475741,-1.2986825477017803,AN_14,#77C8F2
720575941560566799,75935229026127510,AN17A015_T3,ascending,AN17A015,right,-10.956649910355313,24.174123190747316,AN_05,#D24A2C
720575941703187674,76071086894500025,DNg87,descending,DNg87,right,3.8628362308495197,53.916615866528566,DN_13,#48A9D9
720575941616501205,75934816910212427,AN12B005,ascending,AN12B005,right,12.544462073897616,5.777567290173586,AN_09,#E42E2E
720575941578601049,76071705504125582,AN05B097_A1,ascending,AN05B097,left,-10.162758957291349,11.782314680920656,AN_01,#EC9832
720575941394289668,76212443059664513,DNpe055,descending,DNpe055,left,-11.649356018448575,-1.1941631804837627,DN_01,#EC9832
720575941484960253,76495979956243286,AN27X015,ascending,AN27X015,left,-9.468012939835294,0.5521137047873097,AN_01,#EC9832
720575941581725305,76426366992202260,ANXXX139,ascending,ANXXX139,left,-17.343920837784513,4.930335425244387,AN_15,#6A2978
720575941577736296,76074523204160905,AN08B023_T2,ascending,AN08B023,right,-2.787100206757292,19.726884268628176,AN_01,#EC9832
720575941507989527,76422174633954726,DNge099,descending,DNge099,left,-16.432399879837735,19.051713370190676,DN_08,#51B07B
720575941542469724,76005529184877804,AN01B002_A3,ascending,AN01B002,left,4.335275996779695,56.6907819737063,AN_13,#48A9D9
720575941439569119,76005322959409234,ANXXX027_A2,ascending,ANXXX027,left,-6.848589073563322,23.06245746503931,AN_05,#D24A2C
720575941576140470,75794216928021135,ANXXX030,ascending,ANXXX030,right,11.530991424178378,4.762466811047609,AN_09,#E42E2E
720575941704593626,76282811736585329,AN07B017,ascending,AN07B017,right,9.419502128218905,-0.08600596298116864,AN_02,#298ABB
720575941479543776,76914961934539757,DNge023,descending,DNge023,left,15.203341353987948,1.579947136746462,DN_09,#E42E2E
720575941475357738,76356342046321116,AN06B031,ascending,AN06B031,left,-7.7943459857947675,-14.817241288317625,AN_06,#4D9C3C
720575941462828996,76567104748567082,AN07B046,ascending,AN07B046,left,16.461001266097323,-33.16872272600073,AN_11,#FE4545
720575941461958340,76285835863593107,AN19B025,ascending,AN19B025,left,1.8870326171868002,-25.09545383561987,AN_04,#947E6C
720575941491972327,76000580778808772,DNge084,descending,DNge084,left,-10.461013924027188,-18.043594933642332,DN_06,#4D9C3C
720575941611313738,76286041753459067,AN05B021,ascending,AN05B021,right,4.845702518080965,21.70585765730005,AN_07,#BFB09A
720575941447759124,76918879682762479,AN08B022_T2,ascending,AN08B022,left,11.55213819847037,10.393873595105227,AN_02,#298ABB
720575941435998094,76355173815682120,AN27X017_T1,ascending,AN27X017,left,-18.48063768043588,3.777492665158327,AN_15,#6A2978
720575941543093021,75789543198263324,DNge042,descending,DNge042,right,14.949358810042636,4.300315760479982,DN_09,#E42E2E
720575941687408623,76636854816069823,AN06B040,ascending,AN06B040,left,-10.847816597367032,-12.305706597460691,AN_06,#4D9C3C
720575941561392173,75859430839481079,DNg39,descending,DNg39,right,14.582104552840487,-0.03521145094770611,DN_14,#77C8F2
720575941438463276,75935091788458508,AN09B009_A4,ascending,AN09B009,left,4.376898635482088,14.674575232373293,AN_13,#48A9D9
720575941502715019,75366368392421931,DNg24,descending,DNg24,right,-10.357670914078458,15.035347365246828,DN_03,#F7BA3C
720575941440674783,76212442924872148,AN05B027,ascending,AN05B027,right,0.24849765405584923,17.51955737959009,AN_07,#BFB09A
720575941574140169,76706467377672640,DNg101,descending,DNg101,left,-0.16759891405175575,8.568722151623781,DN_01,#EC9832
720575941652643313,76074935856580783,AN06B025,ascending,AN06B025,left,2.906425107573763,-28.68914089311499,AN_04,#947E6C
720575941525364994,76142074248210899,AN05B096_T3,ascending,AN05B096,right,-4.3384534229285565,17.127614401684816,AN_01,#EC9832
720575941628271417,76848304512191888,AN09B024,ascending,AN09B024,left,-4.557465683365568,27.790398978100832,AN_05,#D24A2C
720575941607851117,76142074248163970,AN05B100_T1,ascending,AN05B100,right,5.440457213973299,21.764323614941652,AN_07,#BFB09A
720575941552896830,75929387199316554,AN09B012_A4,ascending,AN09B012,left,-8.78379644050668,10.841074370251711,AN_03,#F7BA3C
720575941557473572,76703305946614460,DNde006,descending,DNde006,left,-6.315270553971037,27.393468283520754,DN_05,#D24A2C
720575941595290151,76357304186221307,AN14A003_T3,ascending,AN14A003,right,-0.9122689028031672,3.439380549298342,AN_02,#298ABB
720575941593607126,76145304735107335,ANXXX019_A1,ascending,ANXXX019,right,-52.06864274635385,6.680235289441164,AN_19,#B56FCC
720575941574549768,75794354232760206,AN03B011_T3,ascending,AN03B011,right,-9.47826779975961,-3.955973721636717,AN_01,#EC9832
720575941569599602,75581804958425130,dMS9,ascending,dMS9,left,-7.971845280075773,3.8550921906099873,AN_01,#EC9832
720575941633064389,76285560784547639,AN08B018_T1,ascending,AN08B018,right,31.930884231185214,-18.643177605761473,AN_10,#695B52
720575941509730177,76145991728061630,ANXXX093,ascending,ANXXX093,left,-1.2756436575896586,22.87951602827173,AN_05,#D24A2C
720575941441900479,76497010546981718,AN09B011,ascending,AN09B011,right,10.741644729232089,10.148948096142824,AN_02,#298ABB
720575941468215517,77128817483374009,AN19B009_T1,ascending,AN19B009,right,5.997724879836336,6.427935026989992,AN_02,#298ABB
720575941522020791,76496873107811207,AN05B025,ascending,AN05B025,right,-2.846949945831999,23.525205038891848,AN_05,#D24A2C
720575941463745936,75084756379049577,AN09B012_A5,ascending,AN09B012,left,-8.955276619339688,10.630223654614504,AN_03,#F7BA3C
720575941584448134,76215260826548340,AN08B018_A1,ascending,AN08B018,right,31.170863021468417,-18.95550594438452,AN_10,#695B52
720575941569348858,76422724322628613,DNge083,descending,DNge083,left,14.205258239363925,18.89438190351587,DN_18,#52AE4E
720575941444895914,76212442992323914,AN17A024_T3,ascending,AN17A024,left,-1.701151739502653,21.69081630598169,AN_17,#8B3A9C
720575941545432425,75647843704191219,DNb08,descending,DNb08,right,9.358142722701327,1.0914828408823567,DN_02,#298ABB
720575941689293430,76425473303268135,AN09A007_T1,ascending,AN09A007,right,1.10364376411368,23.546370886670168,AN_03,#F7BA3C
720575941562287202,76282811804001737,AN03A002,ascending,AN03A002,left,4.140541900252596,-13.340272523058836,AN_04,#947E6C
720575941613532892,76212442992244267,DNpe030,descending,DNpe030,left,-9.832448135758145,30.35504856001001,DN_17,#8B3A9C
720575941631945452,76708186103094748,dMS9,ascending,dMS9,right,-7.971845280075773,3.8550921906099873,AN_01,#EC9832
720575941557316004,75507312172984523,DNg14,descending,DNg14,right,0.5463833700173055,3.917784355984743,DN_01,#EC9832
720575941550801441,76777248371489110,AN12B011,ascending,AN12B011,right,6.672628749465242,27.038209341870363,AN_03,#F7BA3C
720575941521978807,75999549852322580,ANXXX127,ascending,ANXXX127,right,9.951948035811679,14.077356718884523,AN_02,#298ABB
720575941652845041,76142074248339537,ANXXX033,ascending,ANXXX033,right,-10.575758110428556,27.25102367292505,AN_17,#8B3A9C
720575941478585450,76703718733268574,DNp22,descending,DNp22,left,12.947793830489413,-31.03291187394995,DN_04,#947E6C
720575941583264121,76562568525105826,DNp04,descending,DNp04,left,-16.334433685684903,18.156108282910402,DN_05,#D24A2C
720575941499166281,76702893964851124,DNge124,descending,DNge124,left,13.591812003707187,-2.482925988329832,DN_14,#77C8F2
720575941511270610,76492749536854120,DNg39,descending,DNg39,left,14.582104552840487,-0.03521145094770611,DN_14,#77C8F2
720575941704477914,75935229428520672,AN09B003_A1,ascending,AN09B003,left,9.148117889022128,10.614063643323,AN_02,#298ABB
720575941531178469,76286660698247307,AN04A001_T3,ascending,AN04A001,left,-4.715233932877287,0.01603481958967029,AN_02,#298ABB
720575941477577025,76285835461012724,AN17A024_T2,ascending,AN17A024,right,-7.90823424949716,30.369767569409426,AN_17,#8B3A9C
720575941500465547,76285423412095326,AN17B009,ascending,AN17B009,right,-7.21628392829965,9.767628096448,AN_10,#695B52
720575941502262411,76633555744861401,DNge007,descending,DNge007,left,13.37539087638785,2.3754571903811055,DN_09,#E42E2E
720575941681685693,76356204406671698,AN17A012_A1,ascending,AN17A012,right,-6.413357864762053,15.038119696484621,AN_01,#EC9832
720575941459752176,76282811736596943,DNge043,descending,DNge043,left,1.0537835250847494,-2.095065928591673,DN_04,#947E6C
720575941601297705,75577131161752966,DNde001,descending,DNde001,right,4.716629851912752,56.82784023176294,DN_13,#48A9D9
720575941473861728,76142074248265959,AN17A014_T1,ascending,AN17A014,left,-10.293573509598478,31.24333896528345,AN_17,#8B3A9C
720575941571547912,75577337923883427,AN06B034,ascending,AN06B034,left,-6.5328527797705975,2.475849531994875,AN_06,#4D9C3C
720575941639868277,76567448345932164,AN12B008_T2,ascending,AN12B008,left,12.965486396407382,5.545734309063967,AN_09,#E42E2E
720575941599261852,76216566631080166,AN09B003_A1,ascending,AN09B003,right,9.148117889022128,10.614063643323,AN_02,#298ABB
720575941551104372,76145716984449562,AN_multi_124,ascending,AN_multi_124,right,-52.56281770362924,6.623557947979982,AN_19,#B56FCC
720575941691311512,76706742255706654,DNg31,descending,DNg31,right,13.901104796981112,1.452210329876955,DN_14,#77C8F2
720575941416654620,76285766807877743,AN17A018_T2,ascending,AN17A018,right,-9.601288925553067,32.06902446638208,AN_17,#8B3A9C
720575941574984201,75930143247550705,DNge148,descending,DNge148,left,1.26532589301993,0.09634529839616596,DN_01,#EC9832
720575941467587606,76281025231253492,DNpe032,descending,DNpe032,left,-7.063328873062834,-4.503739930285398,DN_02,#298ABB
720575941477392926,76844318178928281,DNge042,descending,DNge042,left,14.949358810042636,4.300315760479982,DN_09,#E42E2E
720575941534003075,76356754430691688,AN08B018_A1,ascending,AN08B018,left,31.170863021468417,-18.95550594438452,AN_10,#695B52
720575941529711288,75930968083016835,DNge004,descending,DNge004,right,3.2043441425316486,-3.0771835814847392,DN_01,#EC9832
720575941438619410,75863416770288750,AN08B022_T2,ascending,AN08B022,right,11.55213819847037,10.393873595105227,AN_02,#298ABB
720575941414341521,75999893919429161,DNpe055,descending,DNpe055,right,-11.649356018448575,-1.1941631804837627,DN_01,#EC9832
720575941572464798,76140837163715002,DNge172,descending,DNge172,left,-13.620288025284513,3.3160234917269307,DN_15,#6A2978
720575941630997986,75934404459075420,ANXXX037,ascending,ANXXX037,right,11.043927062606112,1.9708098400698262,AN_09,#E42E2E
720575941593749541,76214848509494123,AN19B036_T2,ascending,AN19B036,left,30.196589339827792,-13.6662736903562,AN_10,#695B52
720575941411290539,75864998056040123,AN04B003_T3,ascending,AN04B003,left,0.08551751480032554,-5.043535328997557,AN_03,#F7BA3C
720575941589747012,76213954955307788,AN27X017_T2,ascending,AN27X017,left,-18.612963806534513,4.228579186307009,AN_15,#6A2978
720575941592536939,75654510298990066,ANXXX074,ascending,ANXXX074,left,-6.164476047898039,16.245242499218996,AN_01,#EC9832
720575941486413709,76914549684921352,DNg40,descending,DNg40,left,-10.308621536637052,13.53871192823511,DN_05,#D24A2C
720575941542676572,76212442992391559,DNg85,descending,DNg85,right,15.672312606429355,36.73800029646021,DN_09,#E42E2E
720575941480969123,76425817236588131,AN01B005_T2,ascending,AN01B005,right,7.374099601363436,10.954705618725832,AN_02,#298ABB
720575941430120289,75437286959413844,DNge023,descending,DNge023,right,15.203341353987948,1.579947136746462,DN_09,#E42E2E
720575941671272881,76216016875358577,AN08B016,ascending,AN08B016,right,-8.486178051377042,22.742366217480715,AN_05,#D24A2C
720575941471916608,75654235420896652,AN00A006_A3,ascending,AN00A006,left,2.3504360805504474,5.704350851880129,AN_01,#EC9832
720575941555505747,75647912155723291,AN08B016,ascending,AN08B016,left,-8.486178051377042,22.742366217480715,AN_05,#D24A2C
720575941439161567,76636717042214961,AN08B034_T1,ascending,AN08B034,right,-5.654948364639982,23.30387248884302,AN_05,#D24A2C
720575941394658198,76001336759749474,DNge043,descending,DNge043,right,1.0537835250847494,-2.095065928591673,DN_04,#947E6C
720575941550700605,75935091922259879,AN05B999,ascending,AN05B999,left,-11.44044221534799,25.489007376538332,AN_08,#51B07B
720575941467350237,76282811736753756,DNg79,descending,DNg79,right,-21.335919510269864,-14.76982078660864,DN_12,#FBCD5A
720575941554172807,75436600435891167,DNp44,descending,DNp44,right,3.400695670699373,19.827712439404543,DN_07,#BFB09A
720575941573083656,77410704508698534,AN08B026_T1,ascending,AN08B026,left,11.47628485069205,-1.8725803862943096,AN_14,#77C8F2
720575941611341898,77129848476808771,AN17A024_T2,ascending,AN17A024,left,-7.90823424949716,30.369767569409426,AN_17,#8B3A9C
720575941667252211,76075760422879339,ANXXX151,ascending,ANXXX151,left,-2.4666060318000165,22.56573428999048,AN_05,#D24A2C
720575941537492712,76918329390589319,AN17A015_T1,ascending,AN17A015,left,-10.368549477005704,24.015952490674074,AN_05,#D24A2C
720575941438459692,76425816766407953,AN17A024_T1,ascending,AN17A024,right,-6.037187706375822,29.505433462964113,AN_17,#8B3A9C
720575941583368543,76847823274612696,AN14A003_T1,ascending,AN14A003,right,0.10983007059027305,5.032068156109865,AN_02,#298ABB
720575941479267970,76071705570971165,AN04B003_T3,ascending,AN04B003,right,0.08551751480032554,-5.043535328997557,AN_03,#F7BA3C
720575941626256266,76142074248308395,DNge131,descending,DNge131,right,-5.678525577927336,25.343881033764895,DN_05,#D24A2C
720575941494975102,75653342067818421,AN17B008_A1,ascending,AN17B008,right,-10.824254166031583,16.631905936108645,AN_05,#D24A2C
720575941527232514,77054943777482977,ANXXX151,ascending,ANXXX151,right,-2.4666060318000165,22.56573428999048,AN_05,#D24A2C
720575941632059372,76704061994749663,DNge006,descending,DNge006,left,1.0737863670342123,-14.847230530871336,DN_04,#947E6C
720575941460102340,74662268767972851,AN08B018_T3,ascending,AN08B018,left,30.756682265853183,-16.513155556811277,AN_10,#695B52
720575941592983665,76142074248092318,ANXXX098_A1,ascending,ANXXX098,left,25.928465713118808,-18.93099079240698,AN_10,#695B52
720575941541271325,75366987068718447,DNg78,descending,DNg78,right,6.6010631214134845,-12.959477044238035,DN_04,#947E6C
720575941408639535,76211549437925426,DNge148,descending,DNge148,right,1.26532589301993,0.09634529839616596,DN_01,#EC9832
720575941574706953,75930968082519016,ANXXX986,ascending,ANXXX986,left,2.141663898085848,7.134765528546389,AN_01,#EC9832
720575941564715264,76281711889679768,ANXXX139,ascending,ANXXX139,right,-17.343920837784513,4.930335425244387,AN_15,#6A2978
720575941596424581,76142074315177978,oviDNb,descending,oviDNb,right,-3.742229830170378,3.6374994743929463,DN_03,#F7BA3C
720575941515152195,76214573430330378,DNpe006,descending,DNpe006,left,3.9795955310814533,8.219564818249758,DN_02,#298ABB
720575941503253899,76075691703678734,AN09B009_A5,ascending,AN09B009,left,-2.8237673152930585,29.22787799726587,AN_05,#D24A2C
720575941507205143,75717937436632536,DNpe030,descending,DNpe030,right,-9.832448135758145,30.35504856001001,DN_17,#8B3A9C
720575941626118252,76495979687646890,AN08B014,ascending,AN08B014,right,1.0186333547585165,8.6462263096438,AN_02,#298ABB
720575941568408622,77059479530920106,AN08B026_T2,ascending,AN08B026,left,4.415329803084627,-0.21725589741605938,AN_02,#298ABB
720575941625794186,76562431488483802,DNae008,descending,DNae008,left,8.563195098494784,-0.7614590894116802,DN_02,#298ABB
720575941490705865,76004154392524781,AN14A003_T2,ascending,AN14A003,left,-0.687928829038843,3.949294470654543,AN_02,#298ABB
720575941568894202,76632937739028156,DNp104,descending,DNp104,left,-9.979191910172208,-0.4865446459187907,DN_01,#EC9832
720575941571901000,76633005922034464,AN19A038,ascending,AN19A038,left,-4.399064909363493,12.489964865552004,AN_03,#F7BA3C
720575941548791732,76707429517697915,AN05B024,ascending,AN05B024,right,2.8869966159813556,21.456050299511965,AN_07,#BFB09A
720575941633863355,76777729676686945,AN08B018_T1,ascending,AN08B018,left,31.930884231185214,-18.643177605761473,AN_10,#695B52
720575941592925992,75930968015597597,DNg69,descending,DNg69,right,1.7746344696037923,3.5382398594484883,DN_01,#EC9832
720575941484965698,76637542011181222,AN19B036_T2,ascending,AN19B036,right,30.196589339827792,-13.6662736903562,AN_10,#695B52
720575941440676319,76566142072066662,ANXXX178,ascending,ANXXX178,left,-8.304789196396573,22.88433017622095,AN_05,#D24A2C
720575941566364982,76422105511934494,DNge122,descending,DNge122,left,16.70391928062369,37.966256522046145,DN_13,#48A9D9
720575941536695066,76637954328199828,AN03B011_T2,ascending,AN03B011,left,-9.27561010017465,-4.286752797259275,AN_01,#EC9832
720575941631270626,76145373186063904,ANXXX098_T3,ascending,ANXXX098,right,31.960657943343417,-18.215700722826902,AN_10,#695B52
720575941613540572,76353180480653684,AN19B036_T3,ascending,AN19B036,right,25.243025649642245,-18.860708809985105,AN_10,#695B52
720575941632652987,76074523002892869,DNge060,descending,DNge060,right,14.734735358809726,6.296208762036379,DN_02,#298ABB
720575941556338916,75366712324933747,AN19B024,ascending,AN19B024,left,-6.552408348465666,-17.81679401506323,AN_06,#4D9C3C
720575941448093972,75794216928155428,AN12A003,ascending,AN12A003,right,11.673137534713046,-3.3133271705045146,AN_14,#77C8F2
720575941531514808,76001336759713703,DNg37,descending,DNg37,left,16.191248763655917,11.463908575879152,DN_09,#E42E2E
720575941653906161,75929524638544386,DNge139,descending,DNge139,right,-4.570153366471037,16.82609691511255,DN_02,#298ABB
720575941544546077,76847891993923679,AN08B023_T1,ascending,AN08B023,left,-2.631781588936552,18.53280963789087,AN_01,#EC9832
720575941626032074,75437287093550506,DNg95,descending,DNg95,right,-17.211997162247403,-7.352923012865965,DN_01,#EC9832
720575941517447571,76566142541956439,AN27X017_T1,ascending,AN27X017,right,-18.48063768043588,3.777492665158327,AN_15,#6A2978
720575941671438247,75999412480508486,DNpe036,descending,DNpe036,left,-15.791210304642423,3.691812895642336,DN_15,#6A2978
720575941480782755,75934404324902445,AN05B023_T2,ascending,AN05B023,right,-1.1968356479651774,30.95060863386255,AN_05,#D24A2C
720575941550649599,76425679797554597,AN06B037,ascending,AN06B037,right,-11.185448776627286,-38.160364724291746,AN_04,#947E6C
720575941501806786,76001336827241948,AN18B025,ascending,AN18B025,left,6.202906955336824,-30.149757958544676,AN_04,#947E6C
720575941611278825,76215604491115968,AN08B018_A2,ascending,AN08B018,left,31.00745474204947,-19.264889336718504,AN_10,#695B52
720575941517389305,75302872803337895,ANXXX099,ascending,ANXXX099,right,-8.6073624004371,14.917278670178469,AN_01,#EC9832
720575941584451167,76496254498197084,AN05B029,ascending,AN05B029,left,17.568541396712558,39.02485408674341,AN_13,#48A9D9
720575941605523902,76914344063656214,DNp44,descending,DNp44,left,3.400695670699373,19.827712439404543,DN_07,#BFB09A
720575941547675497,76567104346336520,ANXXX170_A4,ascending,ANXXX170,right,3.3863037715904865,21.95449390302759,AN_07,#BFB09A
720575941535148778,76005048215511172,AN19B028,ascending,AN19B028,right,-7.797888885880217,-0.9347063075436992,AN_01,#EC9832
720575941555742035,76703100391766014,DNpe037,descending,DNpe037,left,-9.131304870987638,0.5519885648356038,DN_01,#EC9832
720575941629944870,76286248180366965,AN08B018_T3,ascending,AN08B018,right,30.756682265853183,-16.513155556811277,AN_10,#695B52
720575941599063232,76703374934299740,AN18B022,ascending,AN18B022,right,6.9064901958458575,-2.985069132937376,AN_06,#4D9C3C
720575941655665108,76076310179309900,AN01B005_T3,ascending,AN01B005,left,7.059558261489168,11.10394229780298,AN_02,#298ABB
720575941489274057,76140974602639936,DNge046,descending,DNge046,right,1.7564128528587972,5.0012387264834,DN_01,#EC9832
720575941467856726,75717800467654323,DNa14,descending,DNa14,right,-2.188028465653166,1.5603472221956807,DN_01,#EC9832
720575941659000400,76847754420371284,AN01B004_T1,ascending,AN01B004,left,7.120935786818758,17.09950580488306,AN_07,#BFB09A
720575941561430829,75576994393895666,oviDNa_b,descending,oviDNa_b,right,-3.594246040726408,3.9268793095217305,DN_03,#F7BA3C
720575941442213311,76001336759896387,DNp56,descending,DNp56,right,9.983075011824862,5.2825407017336445,DN_09,#E42E2E
720575941557591972,76565798474229575,ANXXX046,ascending,ANXXX046,right,-2.326531063462004,22.213313483105715,AN_05,#D24A2C
720575941576343222,76285835527585280,AN09B011,ascending,AN09B011,left,10.741644729232089,10.148948096142824,AN_02,#298ABB
720575941412047787,76426848296963735,AN19B014,ascending,AN19B014,right,4.707453597640291,-1.6678896914853496,AN_01,#EC9832
720575941655504084,76989180110318708,AN19B014,ascending,AN19B014,right,4.707453597640291,-1.6678896914853496,AN_01,#EC9832
720575941567089908,76143930077183295,AN03A002,ascending,AN03A002,right,4.140541900252596,-13.340272523058836,AN_04,#947E6C
720575941585144415,76918466828933406,ANXXX072,ascending,ANXXX072,left,14.15863119468619,3.5756834972963887,AN_09,#E42E2E
720575941731044139,76847823408287109,AN12B019_T1,ascending,AN12B019,right,11.24809824333121,9.658695601330813,AN_02,#298ABB
720575941459103391,76562912256678753,DNg79,descending,DNg79,left,-21.335919510269864,-14.76982078660864,DN_12,#FBCD5A
720575941548867252,76142074315364149,AN27X017_T3,ascending,AN27X017,left,-18.662133346939786,4.26445951353174,AN_15,#6A2978
720575941438468626,76214986015740209,AN08B023_T2,ascending,AN08B023,left,-2.787100206757292,19.726884268628176,AN_01,#EC9832
720575941460006128,76424854895229778,oviDNb,descending,oviDNb,left,-3.742229830170378,3.6374994743929463,DN_03,#F7BA3C
720575941529738955,76145510826021772,AN06B005,ascending,AN06B005,left,0.4878862987511312,0.24978937714707433,AN_04,#947E6C
720575941465729878,76636786096766260,AN06B026,ascending,AN06B026,right,13.18308531150748,-2.697354413165037,AN_14,#77C8F2
720575941536807768,75718212449010955,DNbe006,descending,DNbe006,right,-2.3445898403174725,-0.11740795482534588,DN_02,#298ABB
720575941461092036,76777729609179903,AN05B097_T1,ascending,AN05B097,left,-7.661732803726896,17.860021017895754,AN_02,#298ABB
720575941454969395,76071705503976463,DNg56,descending,DNg56,right,-9.6084538806922275,15.295092963086184,DN_05,#D24A2C
720575941530093752,76566142072548360,AN09B023_A1,ascending,AN09B023,left,13.984417785262362,35.89105358015161,AN_13,#48A9D9
720575941440672085,76005254172691466,AN12B004_T3,ascending,AN12B004,left,-6.856286178971037,8.54513111005884,AN_10,#695B52
720575941483161027,76142074248350841,AN17A012_A1,ascending,AN17A012,left,-6.413357864762053,15.038119696484621,AN_01,#EC9832
720575941514608995,76352011981483908,DNg81,descending,DNg81,right,15.242677558516757,36.593251608716066,DN_03,#F7BA3C
720575941413642268,76282811804121476,DNg78,descending,DNg78,left,6.6010631214134845,-12.959477044238035,DN_04,#947E6C
720575941596098853,76005185654906821,ANXXX094,ascending,ANXXX094,right,2.5991908203118,-1.0164817344083232,AN_06,#4D9C3C
720575941592629132,76000993162222525,DNge011,descending,DNge011,right,28.78196989402701,23.73587360273462,DN_18,#52AE4E
720575941521999031,76142074248474809,AN08B027,ascending,AN08B027,right,1.3857861648552572,8.574676894055422,AN_02,#298ABB
720575941634269371,75718418338870598,DNg59,descending,DNg59,right,3.967188228225008,55.26189556013208,DN_13,#48A9D9
720575941690957787,75933785715662371,ANXXX049_T2,ascending,ANXXX049,left,13.450995315169589,-1.6445932160748882,AN_14,#77C8F2
720575941452767047,76848441951226529,AN09B020_T2,ascending,AN09B020,right,3.122567046736971,57.54705181013208,AN_13,#48A9D9
720575941406194800,76351737170591282,DNg14,descending,DNg14,left,0.5463833700173055,3.917784355984743,DN_01,#EC9832
720575941515872003,75788512540520313,DNp56,descending,DNp56,right,9.983075011824862,5.2825407017336445,DN_09,#E42E2E
720575941734384939,76703924354198429,DNge060,descending,DNge060,left,14.734735358809726,6.296208762036379,DN_02,#298ABB
720575941571900488,76707773248930032,AN09B023_A1,ascending,AN09B023,right,13.984417785262362,35.89105358015161,AN_13,#48A9D9
720575941508471824,75648736990835958,DNg81,descending,DNg81,left,15.242677558516757,36.593251608716066,DN_03,#F7BA3C
720575941542461276,76777798194723834,AN17A018_T1,ascending,AN17A018,right,-9.268521438980802,32.12909068952661,AN_17,#8B3A9C
720575941516271450,76633487092218581,DNg56,descending,DNg56,left,-9.6084538806922275,15.295092963086184,DN_05,#D24A2C
720575941529139844,76633075245049753,DNpe024,descending,DNpe024,left,-0.6501373049564207,-0.39343569387335003,DN_02,#298ABB
720575941550148724,75863417105878212,DNg31,descending,DNg31,left,13.901104796981112,1.452210329876955,DN_14,#77C8F2
720575941416742172,76071705571550603,AN19A018_c,ascending,AN19A018_c,right,-13.572770248795255,16.44037570844751,AN_08,#51B07B
720575941632112354,75648530966456275,DNg91,descending,DNg91,right,-27.2021209110267,-18.93352756608862,DN_12,#FBCD5A
720575941561632045,76146404246153566,AN03B011_T3,ascending,AN03B011,left,-9.47826779975961,-3.955973721636717,AN_01,#EC9832
720575941533541720,76707223560658690,AN06B026,ascending,AN06B026,left,13.18308531150748,-2.697354413165037,AN_14,#77C8F2
720575941409888303,76285973100956658,AN05B102_A3,ascending,AN05B102,left,-3.7162419666297284,23.213000677929934,AN_05,#D24A2C
720575941540410005,75654166701576648,AN09B013,ascending,AN09B013,left,-4.003171812439665,28.661752127514895,AN_05,#D24A2C
720575941733215019,75788925058526572,DNpe013,descending,DNpe013,right,5.457601417159334,-13.90036449540991,DN_04,#947E6C
720575941464369421,76075416825947456,ANXXX174,ascending,ANXXX174,left,27.307154525374667,-17.09073314775366,AN_10,#695B52
720575941691254680,76212442992727045,ANXXX130,ascending,ANXXX130,left,-9.984771858597501,13.15039005170923,AN_05,#D24A2C
720575941603458750,76356548271953712,AN12B004_T3,ascending,AN12B004,left,-6.856286178971037,8.54513111005884,AN_10,#695B52
720575941472005952,75789130814323769,DNge082,descending,DNge082,right,2.319433559035555,11.311250113354738,DN_01,#EC9832
720575941493318832,76918536018507137,AN01B005_T2,ascending,AN01B005,left,7.374099601363436,10.954705618725832,AN_02,#298ABB
720575941486684226,76356204674737178,DNa14,descending,DNa14,left,-2.188028465653166,1.5603472221956807,DN_01,#EC9832
720575941689631756,75577337856862950,DNpe037,descending,DNpe037,right,-9.131304870987638,0.5519885648356038,DN_01,#EC9832
720575941703384026,76633349989281567,DNpe001,descending,DNpe001,left,-5.309994827652678,4.181603812085207,DN_02,#298ABB
720575941598566812,76918535951692206,AN09B006,ascending,AN09B006,right,6.333626140212313,19.39302577863794,AN_07,#BFB09A
720575941555637331,75366094051476234,DNpe039,descending,DNpe039,right,-14.64008821144174,20.395291708813723,DN_08,#51B07B
720575941446364586,76422243756591136,DNp53,descending,DNp53,left,7.503845084761873,-28.76137409318823,DN_04,#947E6C
720575941590477892,76216429258682488,ANXXX120_A6,ascending,ANXXX120,right,32.26922880515982,-18.85348186601538,AN_10,#695B52
720575941604998590,76282811803416538,AN06B042,ascending,AN06B042,right,14.226490844344394,-32.61728916276831,AN_12,#FBCD5A
720575941520258414,77199873422205393,AN04B003_T1,ascending,AN04B003,left,0.07857202396322838,-5.308034039629881,AN_03,#F7BA3C
720575941513702865,76567585919064922,AN23B004,ascending,AN23B004,left,6.528261531447664,3.1750246513948994,AN_02,#298ABB
720575941447935764,75583798024894580,DNpe038,descending,DNpe038,right,-3.683817516709074,3.901229761944826,DN_03,#F7BA3C
720575941502004107,76774224647806359,DNpe003,descending,DNpe003,left,13.16429411277701,7.050707243786867,DN_09,#E42E2E
720575941482193315,76145854356060566,AN17A024_T3,ascending,AN17A024,right,-1.701151739502653,21.69081630598169,AN_17,#8B3A9C
720575941438462482,74802937536591901,AN08B025,ascending,AN08B025,left,30.325795043563144,-19.304672814501707,AN_10,#695B52
720575941471240256,76567173333923777,AN08B028_T2,ascending,AN08B028,left,27.009850371932284,-18.054310418261473,AN_10,#695B52
720575941575575560,76636510816212206,AN05B101_b,ascending,AN05B101_b,right,-15.426447998429044,5.20406665693384,AN_15,#6A2978
720575941563345576,76146060448000445,AN05B102_A3,ascending,AN05B102,right,-3.7162419666297284,23.213000677929934,AN_05,#D24A2C
720575941593520747,75724535580266607,ANXXX988_A3,ascending,ANXXX988,left,3.6626146923058185,6.614097021924074,AN_01,#EC9832
720575941514456569,76001336759622558,DNge146,descending,DNge146,right,15.85728727683951,5.398088835583742,DN_09,#E42E2E
720575941589246020,76636648389515921,AN10B015_c,ascending,AN10B015_c,right,-14.716707359696134,23.56030216108423,AN_08,#51B07B
720575941519611608,75718624363111301,DNge055,descending,DNge055,right,16.615082610701815,7.87126054655176,DN_09,#E42E2E
720575941542918941,75934541965531667,AN10B008,ascending,AN10B008,right,-6.950539242172941,-6.4372306834592266,AN_06,#4D9C3C
720575941614309395,76071705504389493,AN06B042,ascending,AN06B042,left,14.226490844344394,-32.61728916276831,AN_12,#FBCD5A
720575941431469304,76773331831089484,DNp46,descending,DNp46,left,-2.572929631615385,7.055759333478029,DN_01,#EC9832
720575941470004445,76985261891965584,DNge027,descending,DNge027,left,29.36524092063834,23.987599753247316,DN_18,#52AE4E
720575941625038332,76425885553170464,AN09B026,ascending,AN09B026,right,5.609046805953279,11.43955078016382,AN_02,#298ABB
720575941544522525,76707154639438274,ANXXX178,ascending,ANXXX178,right,-8.304789196396573,22.88433017622095,AN_05,#D24A2C
720575941575697161,76075829142630333,ANXXX170_A4,ascending,ANXXX170,right,3.3863037715904865,21.95449390302759,AN_07,#BFB09A
720575941563338664,76355517211652990,AN08B028_T3,ascending,AN08B028,right,-6.723454605484709,9.33097972761255,AN_10,#695B52
720575941499076987,76071705504419261,AN06B031,ascending,AN06B031,left,-7.7943459857947675,-14.817241288317625,AN_06,#4D9C3C
720575941519389806,76426985869795603,AN06B014,ascending,AN06B014,right,9.596856940840976,-37.70555362810034,AN_06,#4D9C3C
720575941534911832,76562843335892135,DNge139,descending,DNge139,left,-4.570153366471037,16.82609691511255,DN_02,#298ABB
720575941470933824,76492611963812552,DNge133,descending,DNge133,left,3.2213638912193927,56.83949794660669,DN_13,#48A9D9
720575941436850143,76496598498472304,AN08B010_T2,ascending,AN08B010,left,-9.300215851212247,10.307018660412844,AN_05,#D24A2C
720575941662695992,76281230852893154,DNg65,descending,DNg65,left,5.406361449813143,23.904401205884035,DN_07,#BFB09A
720575941659040080,76496942095757972,AN08B024_T3,ascending,AN08B024,left,24.90473257408072,-18.923912621630613,AN_10,#695B52
720575941408617519,75513772810413131,ANXXX987,ascending,ANXXX987,left,-6.894153248215422,17.21737804304224,AN_01,#EC9832
720575941616301977,76142074315457052,DNg33,descending,DNg33,right,-6.828329216385588,6.246198080884035,DN_03,#F7BA3C
720575941590202878,76145373186144323,AN08B024_T3,ascending,AN08B024,right,24.90473257408072,-18.923912621630613,AN_10,#695B52
720575941507751447,75366918416776833,DNpe013,descending,DNpe013,left,5.457601417159334,-13.90036449540991,DN_04,#947E6C
720575941600940473,76355379906491942,AN06B023_T1,ascending,AN06B023,right,-26.73101724281381,-21.65030918229956,AN_12,#FBCD5A
720575941530649803,76001336826780920,AN03B039,ascending,AN03B039,right,14.657880652999179,-32.01718769182104,AN_11,#FE4545
720575941495055486,75788856406081258,DNpe001,descending,DNpe001,right,-5.309994827652678,4.181603812085207,DN_02,#298ABB
720575941553314714,75930968082681184,AN06B023_T1,ascending,AN06B023,left,-26.73101724281381,-21.65030918229956,AN_12,#FBCD5A
720575941574213627,76071155681081219,AN10B018,ascending,AN10B018,left,-0.1912913133151377,-6.06890640367407,AN_03,#F7BA3C
720575941441226943,76212443059603189,DNp53,descending,DNp53,right,7.503845084761873,-28.76137409318823,DN_04,#947E6C
720575941629396793,76351805755879758,DNg59,descending,DNg59,left,3.967188228225008,55.26189556013208,DN_13,#48A9D9
720575941435340430,77617481346539922,AN08B025,ascending,AN08B025,right,30.325795043563144,-19.304672814501707,AN_10,#695B52
720575941554692580,76215673210598424,AN08B018_T3,ascending,AN08B018,left,30.756682265853183,-16.513155556811277,AN_10,#695B52
720575941400285475,75718762070396020,DNge125,descending,DNge125,right,2.2697623859398517,-22.112612343920652,DN_04,#947E6C
720575941618655615,76353180480576688,DNpe003,descending,DNpe003,left,13.16429411277701,7.050707243786867,DN_09,#E42E2E
720575941537162010,75581392440010278,AN17A026,ascending,AN17A026,right,-4.595624576950773,19.27826442609888,AN_02,#298ABB
720575941611254858,76636786096672929,AN06B037,ascending,AN06B037,left,-11.185448776627286,-38.160364724291746,AN_04,#947E6C
720575941659328592,76212442992536217,AN08B010_T2,ascending,AN08B010,right,-9.300215851212247,10.307018660412844,AN_05,#D24A2C
720575941615409817,76005460599708623,AN17A015_A1,ascending,AN17A015,left,-6.3101235736853925,19.500815771924074,AN_01,#EC9832
720575941450861902,76914687123873154,AN08B028_T2,ascending,AN08B028,right,27.009850371932284,-18.054310418261473,AN_10,#695B52
720575941449527477,76495498449749397,DNge131,descending,DNge131,left,-5.678525577927336,25.343881033764895,DN_05,#D24A2C
720575941662397752,76566691962227690,AN05B026,ascending,AN05B026,left,4.934682239150301,18.709218405591066,AN_07,#BFB09A
720575941595295783,75865135226563155,AN01B005_T3,ascending,AN01B005,right,7.059558261489168,11.10394229780298,AN_02,#298ABB
720575941451350138,74943606305436579,ANXXX007,ascending,ANXXX007,left,-6.416063915634855,7.469312571393068,AN_10,#695B52
720575941508997154,76286248180387612,ANXXX098_T3,ascending,ANXXX098,left,31.960657943343417,-18.215700722826902,AN_10,#695B52
720575941503121035,77059273238296168,AN05B100_T1,ascending,AN05B100,left,5.440457213973299,21.764323614941652,AN_07,#BFB09A
720575941581870457,76142074315048736,DNpe040,descending,DNpe040,left,-16.602025162125333,15.388487242566164,DN_08,#51B07B
720575941590774924,75577406643766163,ANXXX127,ascending,ANXXX127,left,9.951948035811679,14.077356718884523,AN_02,#298ABB
720575941532854501,76496873041207614,AN09B021,ascending,AN09B021,left,-1.5880081762320841,29.81211223493677,AN_05,#D24A2C
720575941611823078,76071705503798421,ANXXX144,ascending,ANXXX144,left,-6.567644249344572,24.473569296704348,AN_05,#D24A2C
720575941538336381,75647912088211098,DNg60,descending,DNg60,right,13.105730880355136,-0.9816727410687847,DN_14,#77C8F2
720575941535231154,76914481099578791,ANXXX165,ascending,ANXXX165,right,-8.977685104752286,-8.361141778124754,AN_06,#4D9C3C
720575941526772836,76282811736555938,DNg37,descending,DNg37,right,16.191248763655917,11.463908575879152,DN_09,#E42E2E
720575941483134659,77406375181843137,ANXXX027_A2,ascending,ANXXX027,right,-6.848589073563322,23.06245746503931,AN_05,#D24A2C
720575941569583474,75653547890797068,ANXXX049_T3,ascending,ANXXX049,left,13.792539466475741,-1.2986825477017803,AN_14,#77C8F2
720575941494994558,76074248527253418,AN18B053,ascending,AN18B053,right,-24.092316757584317,15.071178816662844,AN_01,#EC9832
720575941494960254,76492543512347865,DNg79,descending,DNg79,left,-21.335919510269864,-14.76982078660864,DN_12,#FBCD5A
720575941515508314,76001336759934835,AN07B015,ascending,AN07B015,left,10.464893210982577,6.939652346478518,AN_09,#E42E2E
720575941548225928,76425816833531841,AN09B026,ascending,AN09B026,left,5.609046805953279,11.43955078016382,AN_02,#298ABB
720575941644554184,75507724490179449,DNge065,descending,DNge065,right,9.823325980757968,2.1021168459520894,DN_02,#298ABB
720575941681953981,75647569094804899,DNp36,descending,DNp36,right,-13.649311195755704,17.966241263257082,DN_01,#EC9832
720575941437379090,76425954473448804,AN05B105,ascending,AN05B105,right,4.285965789412752,23.509917639599855,AN_01,#EC9832
720575941645444808,75648256289593940,DNp22,descending,DNp22,right,12.947793830489413,-31.03291187394995,DN_04,#947E6C
720575941538066837,76636854279579941,AN09B006,ascending,AN09B006,left,6.333626140212313,19.39302577863794,AN_07,#BFB09A
720575941644324690,76847823408761323,AN12B017_T1,ascending,AN12B017,right,10.476151336287753,7.74738826643091,AN_02,#298ABB
720575941663484028,76354486083524220,AN01B005_T1,ascending,AN01B005,right,7.365699637984529,10.76069393049341,AN_02,#298ABB
720575941451941498,75507518532919470,DNp33,descending,DNp33,right,-10.073704849625333,-19.04351863969702,DN_06,#4D9C3C
720575941691806683,75648118447926509,DNg32,descending,DNg32,right,-8.828091751480802,-15.064406968249266,DN_06,#4D9C3C
720575941537629706,76001336759531598,AN09B014,ascending,AN09B014,left,11.460638869857089,32.53523769270044,AN_13,#48A9D9
720575941555710547,77058792068153942,DNp56,descending,DNp56,left,9.983075011824862,5.2825407017336445,DN_09,#E42E2E
720575941495899465,76212443059309832,AN10B017,ascending,AN10B017,right,2.796494115447298,-23.529059029711668,AN_06,#4D9C3C
720575941668463347,76075691703730013,AN05B102_A4,ascending,AN05B102,left,-3.539025675202116,23.526866339551027,AN_05,#D24A2C
720575941569571186,76984575234480952,DNp71,descending,DNp71,left,-1.668484639073118,7.2855595577822285,DN_01,#EC9832
720575941574730235,76706948279851211,AN01A055,ascending,AN01A055,left,2.5900138507836017,17.35652484785181,AN_07,#BFB09A
720575941486776642,75794629311913375,AN00A006_A2,ascending,AN00A006,left,-11.169786583328946,6.773682497845705,AN_03,#F7BA3C
720575941507870242,76351806158074038,AN09A005_T1,ascending,AN09A005,left,-52.247986923599946,6.4026578892336445,AN_19,#B56FCC
720575941474562334,76566210925893982,AN01A033,ascending,AN01A033,right,-6.830486904526457,21.047194861279543,AN_05,#D24A2C
720575941470584695,76070400102632901,DNp53,descending,DNp53,right,7.503845084761873,-28.76137409318823,DN_04,#947E6C
720575941530045624,76075829142303168,AN05B025,ascending,AN05B025,left,-2.846949945831999,23.525205038891848,AN_05,#D24A2C
720575941463642256,75513704023612440,AN09B023_A6,ascending,AN09B023,right,-3.298838268662199,28.913487814770754,AN_05,#D24A2C
720575941547229620,76146129167303457,ANXXX170_A3,ascending,ANXXX170,right,3.3475512157433185,21.42636241804224,AN_07,#BFB09A
720575941477158721,76001336827200139,AN06A016,ascending,AN06A016,left,3.9990008960716876,-13.981364823473875,AN_04,#947E6C
720575941441615963,76632937269493115,DNpe007,descending,DNpe007,left,1.7153173576347982,21.54385509382349,DN_07,#BFB09A
720575941432966432,76495910766604850,AN14A003,ascending,AN14A003,right,-0.2789662291056956,5.363539122448977,AN_02,#298ABB
720575941556498660,76142074315108851,AN05B103,ascending,AN05B103,left,-6.328836571121916,10.814909361706789,AN_01,#EC9832
720575941453274025,76425679461644597,AN08B023_T1,ascending,AN08B023,right,-2.631781588936552,18.53280963789087,AN_01,#EC9832
720575941586609886,76773949501579206,DNg63,descending,DNg63,left,8.820680488204257,5.138520621167238,DN_07,#BFB09A
720575941477954609,76212442992086528,ANXXX154,ascending,ANXXX154,left,-3.7166739810950604,25.65252628217798,AN_05,#D24A2C
720575941531252939,76284667364139534,AN07B017,ascending,AN07B017,left,9.419502128218905,-0.08600596298116864,AN_02,#298ABB
720575941450205109,76495704944047659,ANXXX136,ascending,ANXXX136,right,-16.750931869889005,3.2020915974245625,AN_15,#6A2978
720575941541469213,76142074247911464,ANXXX170_A3,ascending,ANXXX170,right,3.3475512157433185,21.42636241804224,AN_07,#BFB09A
720575941515054659,76005391611668943,AN17A018_T3,ascending,AN17A018,right,-10.385268341446622,32.03644313703638,AN_17,#8B3A9C
720575941574844425,76004292100322435,AN23B004,ascending,AN23B004,right,6.528261531447664,3.1750246513948994,AN_02,#298ABB
720575941498438523,76142074315416915,ANXXX099,ascending,ANXXX099,left,-8.6073624004371,14.917278670178469,AN_01,#EC9832
720575941511203026,76146060447734993,AN05B025,ascending,AN05B025,right,-2.846949945831999,23.525205038891848,AN_05,#D24A2C
720575941603785913,76563461945415866,DNge026,descending,DNge026,left,4.386702407454744,-11.773919678820555,DN_04,#947E6C
720575941483679674,76214160845160510,DNge076,descending,DNge076,left,27.9863613735192,23.47123851667505,DN_18,#52AE4E
720575941560655731,76353180480482464,DNge051,descending,DNge051,right,16.542504180526034,6.7118033398256856,DN_09,#E42E2E
720575941599277212,76492680683229439,DNg87,descending,DNg87,left,3.8628362308495197,53.916615866528566,DN_13,#48A9D9
720575941574878351,75296343312086136,DNge002,descending,DNge002,right,6.127201427077547,-13.057616807116453,DN_04,#947E6C
720575941573992776,76003604770866116,AN12B008_T1,ascending,AN12B008,right,13.242793906783358,5.039187811718996,AN_09,#E42E2E
720575941559011620,76496392340302866,AN06B039_T2,ascending,AN06B039,right,-0.27161396637032875,-5.857909299029295,AN_03,#F7BA3C
720575941503524914,76071705504177904,AN05B104_T1,ascending,AN05B104,left,-12.253837715531095,9.71296443830591,AN_16,#F36237
720575941515922169,75788581326906010,DNpe003,descending,DNpe003,right,13.16429411277701,7.050707243786867,DN_09,#E42E2E
720575941511390673,76356067101279435,AN05B052,ascending,AN05B052,right,-2.689902197266325,13.99824561964136,AN_03,#F7BA3C
720575941526723940,76215535973186454,DNp65,descending,DNp65,left,-16.13322271003793,4.083795689450319,DN_15,#6A2978
720575941560435059,75788924588612689,DNge133,descending,DNge133,right,3.2213638912193927,56.83949794660669,DN_13,#48A9D9
720575941586697438,76356685643942113,AN12B004_A1,ascending,AN12B004,right,4.336207736586824,55.010243796216066,AN_03,#F7BA3C
720575941556195300,76773537251341559,DNde001,descending,DNde001,left,4.716629851912752,56.82784023176294,DN_13,#48A9D9
720575941516100954,76356067235517643,AN06B051,ascending,AN06B051,left,14.133432258223788,-33.71234760393042,AN_11,#FE4545
720575941399099427,76353180480440086,DNfl033,descending,DNfl033,right,17.681517470931308,12.812099837170656,DN_09,#E42E2E
720575941594293032,75583935329354430,AN09B029_b,ascending,AN09B029_b,left,-7.507935177231535,20.531402014599855,AN_05,#D24A2C
720575941468218589,76567104547523103,AN10B020_T2,ascending,AN10B020,right,32.60739027366568,-18.286671258105223,AN_10,#695B52
720575941471139191,75718212918519755,DNpe028,descending,DNpe028,right,-1.7099673856742228,4.349739931927736,DN_02,#298ABB
720575941486815238,75437218172502888,DNge027,descending,DNge027,right,29.36524092063834,23.987599753247316,DN_18,#52AE4E
720575941469716445,75648255752790145,DNg48,descending,DNg48,left,16.987105239485995,12.762363814221438,DN_09,#E42E2E
720575941627074924,76918398176908042,AN09B019_T3,ascending,AN09B019,right,9.2705744396202725,10.070429228650148,AN_02,#298ABB
720575941542876957,76212443059217445,AN07B021,ascending,AN07B021,right,-8.507381092453702,-10.757052041186277,AN_11,#FE4545
720575941630020134,75864791830628382,AN00A006_A1,ascending,AN00A006,left,-6.0196033824927655,11.731948279248293,AN_01,#EC9832
720575941473714730,76215123387416288,AN19B036_T3,ascending,AN19B036,left,25.243025649642245,-18.860708809985105,AN_10,#695B52
720575941476752180,76918536152896872,AN10B017,ascending,AN10B017,left,2.796494115447298,-23.529059029711668,AN_06,#4D9C3C
720575941351919408,77406856016274162,AN08B018_A2,ascending,AN08B018,right,31.00745474204947,-19.264889336718504,AN_10,#695B52
720575941535724522,75788855735251513,DNge056,descending,DNge056,left,17.62511526451041,12.780649565564211,DN_09,#E42E2E
720575941478486849,76075691837595508,ANXXX144,ascending,ANXXX144,right,-6.567644249344572,24.473569296704348,AN_05,#D24A2C
720575941445677332,75648530698140837,DNge060,descending,DNge060,right,14.734735358809726,6.296208762036379,DN_02,#298ABB
720575941578679897,75647637747834200,DNpe040,descending,DNpe040,right,-16.602025162125333,15.388487242566164,DN_08,#51B07B
720575941630349094,76425611278787275,AN27X017_T1,ascending,AN27X017,left,-18.48063768043588,3.777492665158327,AN_15,#6A2978
720575941452211834,75718418606955164,DNge127,descending,DNge127,right,4.70813070640494,0.52673693786722,DN_02,#298ABB
720575941580954193,76142074180751481,AN05B029,ascending,AN05B029,left,17.568541396712558,39.02485408674341,AN_13,#48A9D9
720575941503549931,75788924723611470,DNg71,descending,DNg71,right,-26.759339462662442,-19.53315029252905,DN_12,#FBCD5A
720575941456506015,76070743229793520,DNg23,descending,DNg23,right,-5.395902763748869,7.905810259686525,DN_10,#695B52
720575941655534804,76215192174129785,AN07B024,ascending,AN07B024,right,-6.837010990524992,3.0856465328798848,AN_12,#FBCD5A
720575941495266247,75577749435795925,DNge067,descending,DNge067,right,17.1199005733483,12.122228049145754,DN_09,#E42E2E
720575941595308071,76567036029384263,AN07B021,ascending,AN07B021,left,-8.507381092453702,-10.757052041186277,AN_11,#FE4545
720575941624461564,76071705504236691,AN08B027,ascending,AN08B027,left,1.3857861648552572,8.574676894055422,AN_02,#298ABB
720575941672002727,75930074528302246,AN06B039_T2,ascending,AN06B039,left,-0.27161396637032875,-5.857909299029295,AN_03,#F7BA3C
720575941486839046,77129435622887611,AN04B004,ascending,AN04B004,left,4.955208171462313,9.023044012890871,AN_01,#EC9832
720575941652078869,75578024514887295,DNg44,descending,DNg44,right,6.450048316573397,7.5355290402041035,DN_01,#EC9832
720575941471926080,75654235555437636,ANXXX988_A4,ascending,ANXXX988,left,3.136541951751009,7.201616667614992,AN_01,#EC9832
720575941534463107,75793323642093169,AN27X017_T2,ascending,AN27X017,left,-18.612963806534513,4.228579186307009,AN_15,#6A2978
720575941604774253,76142074248260511,ANXXX098_A2,ascending,ANXXX098,right,30.643912185286776,-18.412975884570066,AN_10,#695B52
720575941668481779,75232572778756941,ANXXX074,ascending,ANXXX074,right,-6.164476047898039,16.245242499218996,AN_01,#EC9832
720575941514447097,75718968429749144,DNge033,descending,DNge033,right,1.9136696945183431,-14.645406342638914,DN_04,#947E6C
720575941480714626,76075692105875341,AN12A003,ascending,AN12A003,left,11.673137534713046,-3.3133271705045146,AN_14,#77C8F2
720575941553784455,76425060919655707,AN_multi_18,ascending,AN_multi_18,right,2.7131751667015704,17.402581595288332,AN_07,#BFB09A
720575941520133367,76142074314900215,AN18B019_T3,ascending,AN18B019,right,-4.555218826676115,0.9674201239214497,AN_01,#EC9832
720575941452030330,76773331831258835,oviDNa_b,descending,oviDNa_b,left,-3.594246040726408,3.9268793095217305,DN_03,#F7BA3C
720575941644253266,76074523204038551,AN12B017_T2,ascending,AN12B017,left,10.804554809188144,8.467767142163332,AN_02,#298ABB
720575941556707620,76286454405912525,AN08B034_A1,ascending,AN08B034,right,-7.107653271103605,23.634213827954348,AN_05,#D24A2C
720575941613710556,76777660956869846,ANXXX174,ascending,ANXXX174,right,27.307154525374667,-17.09073314775366,AN_10,#695B52
720575941457039174,76282811736349643,ANXXX148_A5,ascending,ANXXX148,right,-4.519649158859953,6.772513769970949,AN_10,#695B52
720575941482956998,76212443059237850,AN08B026_T3,ascending,AN08B026,right,4.119887221907869,0.015267573700960269,AN_02,#298ABB
720575941614894037,76567035962129888,AN07B024,ascending,AN07B024,left,-6.837010990524992,3.0856465328798848,AN_12,#FBCD5A
720575941539243669,76633693116256845,DNge143,descending,DNge143,left,6.272706378554598,-12.606099702013914,DN_04,#947E6C
720575941484372221,76212442992402862,AN09B029_b,ascending,AN09B029_b,right,-7.507935177231535,20.531402014599855,AN_05,#D24A2C
720575941483701178,76777179786609062,DNp67,descending,DNp67,right,-2.0530721057898846,7.2328485478029805,DN_01,#EC9832
720575941565517975,76636992591144149,AN02A005,ascending,AN02A005,left,-2.600992809677824,-20.866762734545652,AN_06,#4D9C3C
720575941515222083,76215604088551877,AN17A062_T2,ascending,AN17A062,right,5.175788272475496,19.663094900952395,AN_07,#BFB09A
720575941539118834,76142074248069554,AN09B023_A7,ascending,AN09B023,left,-3.62265337600778,28.76411952863794,AN_05,#D24A2C
720575941488845287,76353180480460892,DNg44,descending,DNg44,left,6.450048316573397,7.5355290402041035,DN_01,#EC9832
720575941669490163,75443129188832791,ANXXX988,ascending,ANXXX988,right,3.713697780226961,6.715690993176516,AN_01,#EC9832
720575941596627569,76636854615181333,AN07B018,ascending,AN07B018,left,-6.160464416886076,23.68117275129419,AN_05,#D24A2C
720575941691031704,76988560628937962,DNg48,descending,DNg48,right,16.987105239485995,12.762363814221438,DN_09,#E42E2E
720575941498996193,76282811736329305,ANXXX148_A6,ascending,ANXXX148,right,30.86360060081412,-16.283838845385496,AN_10,#695B52
720575941480587394,75578093301467903,DNge013,descending,DNge013,right,4.307345737075106,1.1514440406427937,DN_03,#F7BA3C
720575941504533810,75864654324808019,AN05B015,ascending,AN05B015,right,-0.25638620152543434,30.170831107007082,AN_05,#D24A2C
720575941516147546,76848579390047198,AN07B025,ascending,AN07B025,left,11.799539435958163,-35.47989902604956,AN_11,#FE4545
720575941532995521,76212442992510537,AN05B104_T2,ascending,AN05B104,right,-12.262340675736173,9.596173666821535,AN_16,#F36237
720575941613399910,76356135754134136,AN05B049,ascending,AN05B049,right,-3.251049887085661,16.758494757519777,AN_03,#F7BA3C
720575941507368005,76848511005902298,AN18B019_T2,ascending,AN18B019,left,-4.50663365020822,1.0801450241671162,AN_01,#EC9832
720575941567199790,75647980874787709,DNge101,descending,DNge101,right,15.204567779158847,1.7159240473375874,DN_09,#E42E2E
720575941670819495,76004979429168253,AN07B032,ascending,AN07B032,right,5.28139673576285,-36.842215157641355,AN_04,#947E6C
720575941596069489,77477018736194476,AN08B024_T2,ascending,AN08B024,right,24.565197814559237,-19.133827782763426,AN_10,#695B52
720575941612980070,76423892956716613,DNge004,descending,DNge004,left,3.2043441425316486,-3.0771835814847392,DN_01,#EC9832
720575941560433267,76918742310997557,AN18B022,ascending,AN18B022,left,6.9064901958458575,-2.985069132937376,AN_06,#4D9C3C
720575941632875461,76005735343000463,AN01A021,ascending,AN01A021,right,-3.7180477489478436,13.705737494336184,AN_03,#F7BA3C
720575941486575426,76492818256112461,DNge082,descending,DNge082,left,2.319433559035555,11.311250113354738,DN_01,#EC9832
720575941580602869,76707979541622704,AN12B017_T2,ascending,AN12B017,left,10.804554809188144,8.467767142163332,AN_02,#298ABB
720575941618637439,76567104547907061,AN08B018_T2,ascending,AN08B018,left,30.460135329818026,-17.604298211230223,AN_10,#695B52
720575941513981433,76844730763981918,DNg26,descending,DNg26,right,-15.776568542862638,-2.2045439254178447,DN_03,#F7BA3C
720575941528372301,76707223157586585,AN05B101_b,ascending,AN05B101_b,left,-15.426447998429044,5.20406665693384,AN_15,#6A2978
720575941435317134,76071705503787461,AN05B054,ascending,AN05B054,left,17.523819793319003,38.41337718855005,AN_13,#48A9D9
720575941483828154,76566348431804083,AN08B050,ascending,AN08B050,right,0.23242472515036217,19.777306937085207,AN_02,#298ABB
720575941471768843,76562912591874230,DNpe028,descending,DNpe028,left,-1.7099673856742228,4.349739931927736,DN_02,#298ABB
720575941411719279,76071705571108510,ANXXX169_A1,ascending,ANXXX169,right,-12.643547188187345,1.9502653111086445,AN_03,#F7BA3C
720575941623193340,76425404785242422,ANXXX130,ascending,ANXXX130,right,-9.984771858597501,13.15039005170923,AN_05,#D24A2C
720575941479763050,76216429191849585,AN09B019_A1,ascending,AN09B019,right,5.107571471785799,18.58749523054224,AN_07,#BFB09A
720575941481470883,76847686372072877,AN27X017_T2,ascending,AN27X017,right,-18.612963806534513,4.228579186307009,AN_15,#6A2978
720575941566679598,76632799830591252,AN10B024_T3,ascending,AN10B024,right,10.29337583885123,10.244995497571047,AN_02,#298ABB
720575941404874352,75507518197683485,DNge173,descending,DNge173,right,14.482550490950839,2.1691578854189473,DN_09,#E42E2E
720575941534222770,76356548540451315,DNp15,descending,DNp15,left,0.5887210260384237,-13.916960335864012,DN_04,#947E6C
720575941460102384,76212442992471333,AN08B015,ascending,AN08B015,right,-21.466792236710294,15.148820303784426,AN_01,#EC9832
720575941652863253,75788374900268493,ANXXX977,ascending,ANXXX977,left,2.0693837295525226,17.58075466047388,AN_07,#BFB09A
720575941574748681,76145648131137010,AN08B009_T3,ascending,AN08B009,left,-17.62942803993295,19.55499210249048,AN_08,#51B07B
720575941576660840,76355586199400113,AN02A005,ascending,AN02A005,right,-2.600992809677824,-20.866762734545652,AN_06,#4D9C3C
720575941545087493,75929799516143514,AN01A055,ascending,AN01A055,right,2.5900138507836017,17.35652484785181,AN_07,#BFB09A
720575941557413284,76774293367379672,DNge030,descending,DNge030,left,-11.304545532608731,-14.420280076159422,DN_04,#947E6C
720575941461518035,76075416825889149,AN09B027,ascending,AN09B027,left,-6.82882751121591,22.067784689770754,AN_05,#D24A2C
720575941439151378,76075623051170167,AN27X017_T3,ascending,AN27X017,right,-18.662133346939786,4.26445951353174,AN_15,#6A2978
720575941518794668,75437286959333864,DNge106,descending,DNge106,right,15.73993002281119,3.728264712201174,DN_09,#E42E2E
720575941503553474,76142074180724637,AN05B024,ascending,AN05B024,left,2.8869966159813556,21.456050299511965,AN_07,#BFB09A
720575941651981077,75513291774357610,ANXXX986,ascending,ANXXX986,right,2.141663898085848,7.134765528546389,AN_01,#EC9832
720575941459415878,76562500208277562,DNp36,descending,DNp36,left,-13.649311195755704,17.966241263257082,DN_01,#EC9832
720575941433415200,76773263044931837,DNp60,descending,DNp60,left,-3.031215559387907,7.0098260868654805,DN_01,#EC9832
720575941528139778,76142074248227240,AN05B105,ascending,AN05B105,left,4.285965789412752,23.509917639599855,AN_01,#EC9832
720575941545312005,75718831125146303,DNp22,descending,DNp22,right,12.947793830489413,-31.03291187394995,DN_04,#947E6C
720575941521454003,76702894367463794,oviDNa_a,descending,oviDNa_a,left,-3.0898176540381757,4.608456992016848,DN_03,#F7BA3C
720575941555066451,76848922920149578,AN01B004_T2,ascending,AN01B004,left,6.704649318312899,18.070145987378176,AN_07,#BFB09A
720575941679872189,76777798463043212,AN08B018_T3,ascending,AN08B018,right,30.756682265853183,-16.513155556811277,AN_10,#695B52
720575941617642965,76425404785436784,AN18B023,ascending,AN18B023,right,3.9572342525475177,-14.30131492723364,AN_04,#947E6C
720575941443143259,76142074315622781,AN09A005_T2,ascending,AN09A005,right,-52.39200318946909,6.395001314984377,AN_19,#B56FCC
720575941450728314,76353180480471845,DNge067,descending,DNge067,left,17.1199005733483,12.122228049145754,DN_09,#E42E2E
720575941586653062,76071705504105220,DNp37,descending,DNp37,right,-5.929398666764006,6.414238833294924,DN_01,#EC9832
720575941631976864,77828587579213810,AN08B018_T2,ascending,AN08B018,right,30.460135329818026,-17.604298211230223,AN_10,#695B52
720575941550909951,76282811736471091,ANXXX072,ascending,ANXXX072,right,14.15863119468619,3.5756834972963887,AN_09,#E42E2E
720575941527842148,76356066832874530,AN09B021,ascending,AN09B021,right,-1.5880081762320841,29.81211223493677,AN_05,#D24A2C
720575941613418716,76703924489255535,DNge125,descending,DNge125,left,2.2697623859398517,-22.112612343920652,DN_04,#947E6C
720575941478980291,76284735949259456,ANXXX131,ascending,ANXXX131,right,11.953589309310214,-3.4130235682858867,AN_14,#77C8F2
720575941616608469,76210793456871285,ANXXX169_A2,ascending,ANXXX169,left,-13.854145180130704,1.499321245060976,AN_03,#F7BA3C
720575941689802870,76422037664938693,AN06B034,ascending,AN06B034,right,-6.5328527797705975,2.475849531994875,AN_06,#4D9C3C
720575941515969123,76562774482416263,DNg60,descending,DNg60,left,13.105730880355136,-0.9816727410687847,DN_14,#77C8F2
720575941542462300,76496392339846703,AN18B053,ascending,AN18B053,left,-24.092316757584317,15.071178816662844,AN_01,#EC9832
720575941468805341,76212443059925378,AN19A018_c,ascending,AN19A018_c,left,-13.572770248795255,16.44037570844751,AN_08,#51B07B
720575941470600823,76777729676699278,AN08B024_T1,ascending,AN08B024,right,30.0945156703942,-19.187367058886473,AN_10,#695B52
720575941556990735,76353180480440089,DNge146,descending,DNge146,left,15.85728727683951,5.398088835583742,DN_09,#E42E2E
720575941670138033,76707360596891268,ANXXX977,ascending,ANXXX977,right,2.0693837295525226,17.58075466047388,AN_07,#BFB09A
720575941482056834,75717937436500562,DNpe049,descending,DNpe049,right,5.41824280128409,21.00744571577173,DN_07,#BFB09A
720575941517281708,76144891881149485,AN04B023_T2,ascending,AN04B023,right,-3.3884486068732587,-4.8913203250302715,AN_06,#4D9C3C
720575941613770259,76075141880547681,AN12B004_A1,ascending,AN12B004,left,4.336207736586824,55.010243796216066,AN_03,#F7BA3C
720575941471266423,76493161920393854,DNge062,descending,DNge062,right,16.10691343650748,5.6094473827944356,DN_09,#E42E2E
720575941649901297,76074591990566551,AN12B019_T2,ascending,AN12B019,left,10.952482093428866,11.451815031872805,AN_02,#298ABB
720575941432162145,76071705436529602,ANXXX154,ascending,ANXXX154,right,-3.7166739810950604,25.65252628217798,AN_05,#D24A2C
720575941453830637,76071705570946942,DNge123,descending,DNge123,left,14.55047975883414,-1.5673268805875225,DN_14,#77C8F2
720575941611833577,75930968015441408,DNge051,descending,DNge051,left,16.542504180526034,6.7118033398256856,DN_09,#E42E2E
720575941482146467,76777729542186199,AN05B017,ascending,AN05B017,right,8.123350967025058,29.325095557080324,AN_03,#F7BA3C
720575941574322427,76636648590932376,AN10B021,ascending,AN10B021,right,0.2858493219368612,-5.7763701449765605,AN_03,#F7BA3C
720575941552590910,76282811736488294,AN01B005_T1,ascending,AN01B005,left,7.365699637984529,10.76069393049341,AN_02,#298ABB
720575941555196929,75648393325839299,DNge123,descending,DNge123,right,14.55047975883414,-1.5673268805875225,DN_14,#77C8F2
720575941639588127,76352836883302488,DNp33,descending,DNp33,left,-10.073704849625333,-19.04351863969702,DN_06,#4D9C3C
720575941504679106,75577200082460436,DNde002,descending,DNde002,right,12.21608911857535,2.6751512516604024,DN_02,#298ABB
720575941703160026,76496185644510281,AN09B019_T3,ascending,AN09B019,left,9.2705744396202725,10.070429228650148,AN_02,#298ABB
720575941521081271,76214642082743593,AN05B104_T1,ascending,AN05B104,right,-12.253837715531095,9.71296443830591,AN_16,#F36237
720575941512496716,75999275175775324,DNde007,descending,DNde007,left,6.3040894161217365,17.436816595898684,DN_07,#BFB09A
720575941502081515,77547181254857641,ANXXX120_A5,ascending,ANXXX120,right,30.984576095198886,-18.82696590532202,AN_10,#695B52
720575941536301288,75577543680161061,DNb02,descending,DNb02,right,0.7108784805290853,-15.352158166064207,DN_04,#947E6C
720575941621265535,76496254431501561,AN05B049,ascending,AN05B049,left,-3.251049887085661,16.758494757519777,AN_03,#F7BA3C
720575941503813207,75014387366823084,AN08B024_T2,ascending,AN08B024,left,24.565197814559237,-19.133827782763426,AN_10,#695B52
720575941539075314,76144823497412673,AN07B021,ascending,AN07B021,right,-8.507381092453702,-10.757052041186277,AN_11,#FE4545
720575941591050494,76914824629944803,DNg32,descending,DNg32,left,-8.828091751480802,-15.064406968249266,DN_06,#4D9C3C
720575941539325333,76563186866139129,DNge022,descending,DNge022,left,29.183209289168612,23.36622371564966,DN_18,#52AE4E
720575941612075622,76146198087838620,AN12B017_T3,ascending,AN12B017,right,11.202012885665194,7.335670374737795,AN_02,#298ABB
720575941581648761,76001336759567758,DNg54,descending,DNg54,left,17.119484771346347,11.004045866833742,DN_09,#E42E2E
720575941553545278,75647774850526968,AN09B023_A2,ascending,AN09B023,left,15.240521300887362,37.30456676374536,AN_13,#48A9D9
720575941522076087,76426642071231953,AN08B028_T3,ascending,AN08B028,left,-6.723454605484709,9.33097972761255,AN_10,#695B52
720575941473859424,76144685991265696,AN05B104_T2,ascending,AN05B104,left,-12.262340675736173,9.596173666821535,AN_16,#F36237
720575941555244772,76636923065750586,AN09B030_T1,ascending,AN09B030,right,-9.262806068802579,30.571650885449465,AN_17,#8B3A9C
720575941540590973,74803212414847950,ANXXX250,ascending,ANXXX250,right,-4.684331070328459,5.058991812573488,AN_03,#F7BA3C
720575941479177440,76282811803368897,AN06B051,ascending,AN06B051,right,14.133432258223788,-33.71234760393042,AN_11,#FE4545
720575941441857727,75654029329643269,ANXXX988,ascending,ANXXX988,right,3.713697780226961,6.715690993176516,AN_01,#EC9832
720575941628867042,75648599685525605,DNg04,descending,DNg04,right,-25.261042724991544,-16.62414035905737,DN_12,#FBCD5A
720575941496095431,75513566585318909,AN09B023_A6,ascending,AN09B023,left,-3.298838268662199,28.913487814770754,AN_05,#D24A2C
720575941529767812,76566691962115355,AN05B106,ascending,AN05B106,left,4.798991073226229,16.871360205517824,AN_07,#BFB09A
720575941639508853,76566210792049237,AN17A050,ascending,AN17A050,right,-7.717195640946135,28.00513400922876,AN_02,#298ABB
720575941589746756,76425611278586194,AN27X017_T1,ascending,AN27X017,right,-18.48063768043588,3.777492665158327,AN_15,#6A2978
720575941671012263,76425748180851328,AN08B026_T1,ascending,AN08B026,right,11.47628485069205,-1.8725803862943096,AN_14,#77C8F2
720575941514148867,76071293120304644,AN06B014,ascending,AN06B014,left,9.596856940840976,-37.70555362810034,AN_06,#4D9C3C
720575941536219107,75935022934404662,AN10B018,ascending,AN10B018,right,-0.1912913133151377,-6.06890640367407,AN_03,#F7BA3C
720575941432109582,76143929942895259,AN19B018,ascending,AN19B018,left,6.666684020613924,-13.425323105944578,AN_04,#947E6C
720575941508492417,76492543445763699,DNg71,descending,DNg71,left,-26.759339462662442,-19.53315029252905,DN_12,#FBCD5A
720575941521285047,76212442992747800,AN02A009,ascending,AN02A009,left,-3.8278287757880536,-21.133650399340574,AN_06,#4D9C3C
720575941507336517,75929524571610921,AN17A015_A1,ascending,AN17A015,right,-6.3101235736853925,19.500815771924074,AN_01,#EC9832
720575941499200585,76353180547865646,DNg95,descending,DNg95,left,-17.211997162247403,-7.352923012865965,DN_01,#EC9832
720575941605171390,76425542089853022,AN12B019_T1,ascending,AN12B019,left,11.24809824333121,9.658695601330813,AN_02,#298ABB
720575941640075551,76703924354383481,DNge062,descending,DNge062,left,16.10691343650748,5.6094473827944356,DN_09,#E42E2E
720575941477013825,76282811804001770,DNg04,descending,DNg04,left,-25.261042724991544,-16.62414035905737,DN_12,#FBCD5A
720575941542733573,76843768758139390,DNde003,descending,DNde003,left,12.796958793257968,-3.0061012278928203,DN_14,#77C8F2
720575941443480234,76847754689262793,ANXXX131,ascending,ANXXX131,right,11.953589309310214,-3.4130235682858867,AN_14,#77C8F2
720575941411344043,76212443059494457,AN18B032,ascending,AN18B032,right,-23.52248681678842,13.93105354200464,AN_01,#EC9832
720575941645370312,75302735365018543,ANXXX982,ascending,ANXXX982,right,-12.270803581619962,6.412633799420412,AN_03,#F7BA3C
720575941447973140,76773606239403690,DNb02,descending,DNb02,left,0.7108784805290853,-15.352158166064207,DN_04,#947E6C
720575941592998769,76212442992715404,AN06B015_a,ascending,AN06B015_a,right,11.708238471602694,2.373982094632204,AN_02,#298ABB
720575941641209119,75583935329300599,AN09B037_A5,ascending,AN09B037,right,-18.695391785050138,4.900975607739504,AN_15,#6A2978
720575941404748144,76914893215140534,DNge106,descending,DNge106,left,15.73993002281119,3.728264712201174,DN_09,#E42E2E
720575941507077399,76284460802704537,AN07B015,ascending,AN07B015,right,10.464893210982577,6.939652346478518,AN_09,#E42E2E
720575941460227824,76071705571555484,AN18B999,ascending,AN18B999,left,-8.530327450180753,3.7226537693605977,AN_01,#EC9832
720575941471454583,75507380758351007,DNg38,descending,DNg38,right,14.954263557051913,5.818385981427248,DN_02,#298ABB
720575941466022422,76071705504355822,AN18B019_T3,ascending,AN18B019,left,-4.555218826676115,0.9674201239214497,AN_01,#EC9832
720575941527933540,76496323150913398,AN05B027,ascending,AN05B027,left,0.24849765405584923,17.51955737959009,AN_07,#BFB09A
720575941626522762,76425747979519680,AN01B004_T1,ascending,AN01B004,right,7.120935786818758,17.09950580488306,AN_07,#BFB09A
720575941473987168,76707292078497583,AN08B048,ascending,AN08B048,right,-20.064631592179044,17.83980312238794,AN_08,#51B07B
720575941687786870,76215329680381788,AN06B031,ascending,AN06B031,right,-7.7943459857947675,-14.817241288317625,AN_06,#4D9C3C
720575941436012832,75935023337613066,ANXXX986,ascending,ANXXX986,right,2.141663898085848,7.134765528546389,AN_01,#EC9832
720575941631060972,75999824529134547,DNg65,descending,DNg65,right,5.406361449813143,23.904401205884035,DN_07,#BFB09A
720575941503767127,75788581260278699,DNpe003,descending,DNpe003,right,13.16429411277701,7.050707243786867,DN_09,#E42E2E
720575941612195501,76353180480471844,DNg17,descending,DNg17,right,26.917803634261386,20.86514415632349,DN_01,#EC9832
720575941447808020,75864654391868003,AN17B008_A2,ascending,AN17B008,right,-10.397049080277188,14.611495398388918,AN_03,#F7BA3C
720575941650789649,75722817324643719,AN19B009_T2,ascending,AN19B009,left,0.9939565549843465,5.5536445606813984,AN_02,#298ABB
720575941626065516,76142074248562892,AN05B104_T3,ascending,AN05B104,right,-11.937307487869962,9.303237341748293,AN_16,#F36237
720575941663518844,76284461138407388,DNge033,descending,DNge033,left,1.9136696945183431,-14.645406342638914,DN_04,#947E6C
720575941477380382,76144205021606103,AN18B025,ascending,AN18B025,right,6.202906955336824,-30.149757958544676,AN_04,#947E6C
720575941620230527,77129917330432491,AN17B016,ascending,AN17B016,left,-4.516783367539152,5.73989429365259,AN_03,#F7BA3C
720575941534435338,76563118616496678,DNp22,descending,DNp22,left,12.947793830489413,-31.03291187394995,DN_04,#947E6C
720575941666666483,76424579949782569,AN05B106,ascending,AN05B106,right,4.798991073226229,16.871360205517824,AN_07,#BFB09A
720575941571901512,76215123387339142,AN08B024_T1,ascending,AN08B024,left,30.0945156703942,-19.187367058886473,AN_10,#695B52
720575941558335524,76848098555206026,AN19B018,ascending,AN19B018,right,6.666684020613924,-13.425323105944578,AN_04,#947E6C
720575941572855439,76353180548175863,AN06A016,ascending,AN06A016,right,3.9990008960716876,-13.981364823473875,AN_04,#947E6C
720575941662508600,76848304780689585,AN18B053,ascending,AN18B053,left,-24.092316757584317,15.071178816662844,AN_01,#EC9832
720575941537703144,76282811804047556,DNg04,descending,DNg04,left,-25.261042724991544,-16.62414035905737,DN_12,#FBCD5A
720575941722224186,76212442992561484,AN08B041,ascending,AN08B041,right,-20.207352768326505,17.106814764843996,AN_08,#51B07B
720575941504703938,76703512373382992,DNb02,descending,DNb02,left,0.7108784805290853,-15.352158166064207,DN_04,#947E6C
720575941574731272,76142074315147303,DNp46,descending,DNp46,right,-2.572929631615385,7.055759333478029,DN_01,#EC9832
720575941542529884,76071293119793503,AN01A055,ascending,AN01A055,left,2.5900138507836017,17.35652484785181,AN_07,#BFB09A
720575941553768705,76142074315122251,ANXXX982,ascending,ANXXX982,left,-12.270803581619962,6.412633799420412,AN_03,#F7BA3C
720575941628231138,75930968015512449,DNg52,descending,DNg52,right,2.189539540862337,1.1098807085619526,DN_01,#EC9832
720575941521188791,77054943844202706,DNpe052,descending,DNpe052,left,-6.339377533341154,20.949790381299074,DN_05,#D24A2C
720575941580936273,76707291877318868,AN09B028,ascending,AN09B028,left,4.653940547560945,21.02234592329126,AN_07,#BFB09A
720575941562217517,76142074315024777,DNp24,descending,DNp24,right,-5.813546787644133,8.495396994458254,DN_03,#F7BA3C
720575941452032122,76566691760731873,AN23B010,ascending,AN23B010,right,4.361694682692781,23.161195181714113,AN_07,#BFB09A
720575941652716305,76356067101466383,AN05B052,ascending,AN05B052,right,-2.689902197266325,13.99824561964136,AN_03,#F7BA3C
720575941645271240,75933579624218511,AN17A031,ascending,AN17A031,right,-9.715534340286954,28.54209270368677,AN_17,#8B3A9C
720575941440240335,75718624698504828,AN02A009,ascending,AN02A009,right,-3.8278287757880536,-21.133650399340574,AN_06,#4D9C3C
720575941450811470,76142074247918686,AN09B037_A4,ascending,AN09B037,left,-19.487979065323575,5.793017290936525,AN_15,#6A2978
720575941479889315,76142074248551651,AN06B039_T1,ascending,AN06B039,right,-0.927237640763029,-4.409916974200193,AN_03,#F7BA3C
720575941504687810,76703237763896504,DNpe037,descending,DNpe037,left,-9.131304870987638,0.5519885648356038,DN_01,#EC9832
720575941526853378,75928563505394428,ANXXX983,ascending,ANXXX983,right,-11.093289505387052,6.029494665967043,AN_03,#F7BA3C
720575941450620494,76425405053374911,AN02A016,ascending,AN02A016,right,-15.424245010758145,16.06981315504175,AN_08,#51B07B
720575941564422290,76142074248492371,AN08B050,ascending,AN08B050,left,0.23242472515036217,19.777306937085207,AN_02,#298ABB
720575941556768257,76492543110097013,DNge080,descending,DNge080,left,16.55054365501334,6.042010687695559,DN_09,#E42E2E
720575941554623130,76215604088022928,AN01B004_T2,ascending,AN01B004,right,6.704649318312899,18.070145987378176,AN_07,#BFB09A
720575941633664443,76073561064417192,AN19A019,ascending,AN19A019,right,28.155691970443026,20.82210864912134,AN_01,#EC9832
720575941514358675,75718693418004958,DNg51,descending,DNg51,right,-9.239856850052579,-18.403624154223387,DN_06,#4D9C3C
720575941529978756,76636992120648995,AN08B032,ascending,AN08B032,left,-6.3206030239112225,19.447320364819582,AN_01,#EC9832
720575941632167611,75648599484582553,DNg73,descending,DNg73,right,28.71965299949576,14.767768286572512,DN_04,#947E6C
720575941603871990,76357166881310846,AN08B022_T3,ascending,AN08B022,left,10.59862028465201,11.275500677929934,AN_02,#298ABB
720575941489748169,76285560784321980,AN10B020_T2,ascending,AN10B020,left,32.60739027366568,-18.286671258105223,AN_10,#695B52
720575941492751820,76142074315595195,AN09A005_T2,ascending,AN09A005,right,-52.39200318946909,6.395001314984377,AN_19,#B56FCC
720575941540592509,75718006089176464,AN09B019_A1,ascending,AN09B019,left,5.107571471785799,18.58749523054224,AN_07,#BFB09A
720575941539448781,76282811736246187,AN17B013_A1,ascending,AN17B013,left,-10.542918335343106,15.326948546277102,AN_03,#F7BA3C
720575941574724361,76563186799234771,DNg23,descending,DNg23,left,-5.395902763748869,7.905810259686525,DN_10,#695B52
720575941689416716,76843768758112116,DNde003,descending,DNde003,left,12.796958793257968,-3.0061012278928203,DN_14,#77C8F2
720575941537701347,76212442924881989,AN09B030_T2,ascending,AN09B030,right,-9.681479584122403,30.63535442243677,AN_17,#8B3A9C
720575941476919099,76707704596979562,AN09B027,ascending,AN09B027,right,-6.82882751121591,22.067784689770754,AN_05,#D24A2C
720575941566487655,76284804802706401,DNge074,descending,DNge074,left,5.377116550063387,4.829342268811281,DN_02,#298ABB
720575941530326660,76774293232717412,DNge013,descending,DNge013,left,4.307345737075106,1.1514440406427937,DN_03,#F7BA3C
720575941433327374,76492131128442006,AN08B026_T2,ascending,AN08B026,right,4.415329803084627,-0.21725589741605938,AN_02,#298ABB
720575941477252913,75443266761897814,ANXXX981,ascending,ANXXX981,left,-11.992602478409513,6.536270521985109,AN_03,#F7BA3C
720575941560343155,76565935846660303,ANXXX433,ascending,ANXXX433,right,1.5242551456444418,15.444956206189211,AN_07,#BFB09A
720575941509079390,76707291810058185,ANXXX145_T1,ascending,ANXXX145,left,10.90349661216666,12.977939032422121,AN_02,#298ABB
720575941644582501,75648118716775797,DNp51,descending,DNpe019,right,-27.48554147377084,-18.871103860033934,DN_12,#FBCD5A
720575941586431812,76777248572859293,AN18B023,ascending,AN18B023,left,3.9572342525475177,-14.30131492723364,AN_04,#947E6C
720575941516762515,75654304140511615,AN09B023_A7,ascending,AN09B023,right,-3.62265337600778,28.76411952863794,AN_05,#D24A2C
720575941552964095,76707842035747169,AN10B021,ascending,AN10B021,left,0.2858493219368612,-5.7763701449765605,AN_03,#F7BA3C
720575941627117676,76492543445623777,DNge127,descending,DNge127,left,4.70813070640494,0.52673693786722,DN_02,#298ABB
720575941461234131,75442716468679530,AN08B022_T3,ascending,AN08B022,right,10.59862028465201,11.275500677929934,AN_02,#298ABB
720575941487325325,75929249760563175,AN09B028,ascending,AN09B028,right,4.653940547560945,21.02234592329126,AN_07,#BFB09A
720575941503934551,76988698067560895,AN17A062_T1,ascending,AN17A062,right,5.308644641494051,19.631554983960207,AN_07,#BFB09A
720575941633099680,76145236082175845,AN18B003,ascending,AN18B003,left,-1.0053665448672617,5.188500307904299,AN_02,#298ABB
720575941569105658,75651486104945678,DNge039,descending,DNge039,right,29.298893798445956,22.066359900342043,DN_18,#52AE4E
720575941433061646,76212992815219784,AN08B032,ascending,AN08B032,right,-6.3206030239112225,19.447320364819582,AN_01,#EC9832
720575941599691200,75436393807564786,DNde005,descending,DNde005,right,13.20982920036246,2.5885290135012227,DN_09,#E42E2E
720575941471698752,76145854490676019,AN19B028,ascending,AN19B028,left,-7.797888885880217,-0.9347063075436992,AN_01,#EC9832
720575941519971507,76988492110547708,AN07B035_T1,ascending,AN07B035,left,0.8388882766716634,-4.170378304614012,AN_03,#F7BA3C
720575941656903124,76633143293560100,DNge101,descending,DNge101,left,15.204567779158847,1.7159240473375874,DN_09,#E42E2E
720575941516432227,76918192085308837,AN03B094,ascending,AN03B094,left,11.285618651961581,0.22167880501013576,AN_02,#298ABB
720575941441350235,76356616857505661,AN08B034_T3,ascending,AN08B034,left,-6.465087543869719,22.81955089460474,AN_05,#D24A2C
720575941544725509,76636922999078465,AN09B040_T1,ascending,AN09B040,right,-7.873928200150236,31.652556799756105,AN_17,#8B3A9C
720575941578527065,76005391544181557,AN01A021,ascending,AN01A021,left,-3.7180477489478436,13.705737494336184,AN_03,#F7BA3C
720575941500840866,76703306214822147,DNpe039,descending,DNpe039,left,-14.64008821144174,20.395291708813723,DN_08,#51B07B
720575941556383908,75653616542774089,ANXXX145_T3,ascending,ANXXX145,right,10.464606155013339,12.548983954297121,AN_02,#298ABB
720575941475572539,76632594343300003,DNpe035,descending,DNpe035,left,-17.785641800308927,4.260740660534914,DN_15,#6A2978
720575941596240241,76142074315100834,AN18B019_T2,ascending,AN18B019,right,-4.50663365020822,1.0801450241671162,AN_01,#EC9832
720575941516016707,76071705503857268,AN05B052,ascending,AN05B052,left,-2.689902197266325,13.99824561964136,AN_03,#F7BA3C
720575941459896390,76212442924885265,AN05B045,ascending,AN05B045,right,2.3362716327660236,29.708775900708254,AN_03,#F7BA3C
720575941618669269,76567104346286431,AN09B030_T2,ascending,AN09B030,left,-9.681479584122403,30.63535442243677,AN_17,#8B3A9C
720575941523203403,76496804724347867,AN03B039,ascending,AN03B039,left,14.657880652999179,-32.01718769182104,AN_11,#FE4545
720575941633740524,76142074315640100,AN27X013_T2,ascending,AN27X013,right,-52.90701783790659,6.5035723675356465,AN_19,#B56FCC
720575941502213515,76495498516895114,ANXXX470,ascending,ANXXX470,right,1.2734053026192342,12.03050651441675,AN_07,#BFB09A
720575941531283403,75232641364519414,AN09B042,ascending,AN09B042,right,3.184405912017122,19.58245029340845,AN_07,#BFB09A
720575941669801905,77199461239202621,DNg54,descending,DNg54,right,17.119484771346347,11.004045866833742,DN_09,#E42E2E
720575941450914741,74943744281473232,ANXXX434,ascending,ANXXX434,right,2.0917268882744464,16.853251837597902,AN_07,#BFB09A
720575941537732840,76142074180684744,ANXXX434,ascending,ANXXX434,left,2.0917268882744464,16.853251837597902,AN_07,#BFB09A
720575941574813192,75724604366623012,ANXXX986,ascending,ANXXX986,left,2.141663898085848,7.134765528546389,AN_01,#EC9832
720575941564186007,76563049561693951,DNg52,descending,DNg52,left,2.189539540862337,1.1098807085619526,DN_01,#EC9832
720575941482071631,76919154426611281,ANXXX145_T2,ascending,ANXXX145,left,10.939940322493808,12.612970732556398,AN_02,#298ABB
720575941554701722,76563599384105063,DNge022,descending,DNge022,right,29.183209289168612,23.36622371564966,DN_18,#52AE4E
720575941552017663,76703924354355306,DNge064,descending,DNge064,left,4.950885642623201,2.258528851376589,DN_01,#EC9832
720575941704434394,75789336972902013,DNg62,descending,DNg62,left,29.566511977767245,22.02275218855005,DN_18,#52AE4E
720575941538221288,75930968082434569,DNg26,descending,DNg26,left,-15.776568542862638,-2.2045439254178447,DN_03,#F7BA3C
720575941438646290,76492543177200109,DNg38,descending,DNg38,left,14.954263557051913,5.818385981427248,DN_02,#298ABB
720575941450215261,76144411113083392,AN19B049,ascending,AN19B049,right,-8.245856892014249,-12.002153016222898,AN_06,#4D9C3C
720575941472070775,76636854480971449,AN02A016,ascending,AN02A016,left,-15.424245010758145,16.06981315504175,AN_08,#51B07B
720575941527363330,76214436192889324,AN06B031,ascending,AN06B031,left,-7.7943459857947675,-14.817241288317625,AN_06,#4D9C3C
720575941438712923,76001336759595523,AN10B022_T2,ascending,AN10B022,left,32.5786236415856,-17.460743523730223,AN_10,#695B52
720575941558807411,76985261959571381,DNge039,descending,DNge039,left,29.298893798445956,22.066359900342043,DN_18,#52AE4E
720575941576173832,76566073688538938,ANXXX250,ascending,ANXXX250,left,-4.684331070328459,5.058991812573488,AN_03,#F7BA3C
720575941646502776,76707360797973882,AN05B026,ascending,AN05B026,right,4.934682239150301,18.709218405591066,AN_07,#BFB09A
720575941476852254,76282811736536479,DNg62,descending,DNg62,right,29.566511977767245,22.02275218855005,DN_18,#52AE4E
720575941611688681,77059410878535433,AN04B023_T2,ascending,AN04B023,left,-3.3884486068732587,-4.8913203250302715,AN_06,#4D9C3C
720575941548170120,76492062275088398,DNde007,descending,DNde007,right,6.3040894161217365,17.436816595898684,DN_07,#BFB09A
720575941624572042,75578024380469239,DNg61,descending,DNg61,right,17.46074758872916,11.846898459302004,DN_09,#E42E2E
720575941480797859,76070674644940424,DNge005,descending,DNge005,left,-12.454868446732267,2.6989268292055684,DN_03,#F7BA3C
720575941482268867,75933785581260933,ANXXX145_T2,ascending,ANXXX145,right,10.939940322493808,12.612970732556398,AN_02,#298ABB
720575941587469022,75577749569896303,ANXXX145_T3,ascending,ANXXX145,left,10.464606155013339,12.548983954297121,AN_02,#298ABB
720575941562404008,75648324740961759,DNge088,descending,DNge088,right,-10.674802910233243,-45.4593645106687,DN_04,#947E6C
720575941471829568,75302804084385093,ANXXX981,ascending,ANXXX981,left,-11.992602478409513,6.536270521985109,AN_03,#F7BA3C
720575941645117304,76214092461473314,DNge052,descending,DNge052,left,1.8454543243401205,0.6663768519030171,DN_01,#EC9832
720575941442292059,76563118415599875,DNae006,descending,DNae006,left,4.906611312484041,-28.87820301164526,DN_12,#FBCD5A
720575941566655074,75653960610138406,ANXXX084_A5,ascending,ANXXX084,right,-6.684233795548185,16.543298148022707,AN_01,#EC9832
720575941569592690,76357166814364396,AN08B026_T3,ascending,AN08B026,left,4.119887221907869,0.015267573700960269,AN_02,#298ABB
720575941506304828,76285010760028836,AN12B017_T1,ascending,AN12B017,left,10.476151336287753,7.74738826643091,AN_02,#298ABB
720575941437933074,74943675024998867,ANXXX120_A6,ascending,ANXXX120,left,32.26922880515982,-18.85348186601538,AN_10,#695B52
720575941477530986,76495773529450661,AN06B039_T1,ascending,AN06B039,left,-0.927237640763029,-4.409916974200193,AN_03,#F7BA3C
720575941515678051,75724466860751897,ANXXX169_A3,ascending,ANXXX169,left,-14.07226480140756,1.1950824488268452,AN_03,#F7BA3C
720575941566729460,76071705570997908,AN04B003_T1,ascending,AN04B003,right,0.07857202396322838,-5.308034039629881,AN_03,#F7BA3C
720575941543812893,76707086121282293,AN07B037,ascending,AN07B037,left,6.637785781478182,-31.713457680834715,AN_06,#4D9C3C
720575941575688457,76353180548142105,DNge070,descending,DNge070,right,1.9349249492638265,-19.553755379809324,DN_06,#4D9C3C
720575941494794160,76422243219620466,DNge121,descending,DNge121,left,15.747277129744784,13.281327628003176,DN_13,#48A9D9
720575941603755193,76707085718585386,ANXXX264,ascending,ANXXX264,right,16.497048247908847,37.466901205884035,AN_13,#48A9D9
720575941412795759,76071705504220526,AN08B048,ascending,AN08B048,left,-20.064631592179044,17.83980312238794,AN_08,#51B07B
720575941431747086,75930968082508225,DNg73,descending,DNg73,left,28.71965299949576,14.767768286572512,DN_04,#947E6C
720575941571394811,76001336826812718,AN03B039,ascending,AN03B039,right,14.657880652999179,-32.01718769182104,AN_11,#FE4545
720575941603718073,76282811803972981,AN12A017,ascending,AN12A017,left,4.6871875415795,4.2452410687075215,AN_01,#EC9832
720575941430069641,76001336826887453,DNge088,descending,DNge088,left,-10.674802910233243,-45.4593645106687,DN_04,#947E6C
720575941516302329,76636717176013291,AN08B041,ascending,AN08B041,left,-20.207352768326505,17.106814764843996,AN_08,#51B07B
720575941457973407,76212442992765265,AN06B051,ascending,AN06B051,right,14.133432258223788,-33.71234760393042,AN_11,#FE4545
720575941585890694,76142074315209537,ANXXX169_A2,ascending,ANXXX169,right,-13.854145180130704,1.499321245060976,AN_03,#F7BA3C
720575941639763999,76001336760215644,DNg51,descending,DNg51,left,-9.239856850052579,-18.403624154223387,DN_06,#4D9C3C
720575941493333680,76988354939924319,AN19A019,ascending,AN19A019,left,28.155691970443026,20.82210864912134,AN_01,#EC9832
720575941589794046,76216085594666402,AN10B019_T3,ascending,AN10B019,left,30.378882278060214,-13.981637574328367,AN_10,#695B52
720575941671479207,76282811736634736,AN07B025,ascending,AN07B025,right,11.799539435958163,-35.47989902604956,AN_11,#FE4545
720575941474543931,76212442992135469,AN17A031,ascending,AN17A031,left,-9.715534340286954,28.54209270368677,AN_17,#8B3A9C
720575941510233616,76215810649304727,AN08B034_T3,ascending,AN08B034,right,-6.465087543869719,22.81955089460474,AN_05,#D24A2C
720575941554109668,76914687191048055,DNg51,descending,DNg51,left,-9.239856850052579,-18.403624154223387,DN_06,#4D9C3C
720575941589194494,76005048081512577,AN08B034_A1,ascending,AN08B034,left,-7.107653271103605,23.634213827954348,AN_05,#D24A2C
720575941653841681,75648324405605804,DNge001,descending,DNge001,right,29.90100752220084,21.34823932539087,DN_18,#52AE4E
720575941505242789,75930968015504452,DNg52,descending,DNg52,right,2.189539540862337,1.1098807085619526,DN_01,#EC9832
720575941540291789,76707017133881025,DNge074,descending,DNge074,right,5.377116550063387,4.829342268811281,DN_02,#298ABB
720575941658613784,75864792032338360,DNge172,descending,DNge172,right,-13.620288025284513,3.3160234917269307,DN_15,#6A2978
720575941491973941,76282811736332190,ANXXX120_A6,ascending,ANXXX120,right,32.26922880515982,-18.85348186601538,AN_10,#695B52
720575941536507162,76145785703848268,AN05B104_T3,ascending,AN05B104,left,-11.937307487869962,9.303237341748293,AN_16,#F36237
720575941644799826,75436806258311797,AN07B037,ascending,AN07B037,left,6.637785781478182,-31.713457680834715,AN_06,#4D9C3C
720575941474552372,75654304073847776,AN09B037_A4,ascending,AN09B037,right,-19.487979065323575,5.793017290936525,AN_15,#6A2978
720575941557352686,76071705504236800,AN06B015_a,ascending,AN06B015_a,left,11.708238471602694,2.373982094632204,AN_02,#298ABB
720575941566087687,76144204686021429,AN04B051,ascending,AN04B051,right,-0.6966130860842312,9.499031447278078,AN_02,#298ABB
720575941516943875,76356135753751313,AN05B054,ascending,AN05B054,right,17.523819793319003,38.41337718855005,AN_13,#48A9D9
720575941480917187,75437287026420124,DNge069,descending,DNge069,right,15.774580825423495,4.776322745190676,DN_09,#E42E2E
720575941445166100,76142074248410979,AN08B049,ascending,AN08B049,right,-9.60414899482797,29.12268581281763,AN_08,#51B07B
720575941504354754,75651554690137654,AN19A038,ascending,AN19A038,right,-4.399064909363493,12.489964865552004,AN_03,#F7BA3C
720575941531484619,76215604625374900,ANXXX136,ascending,ANXXX136,right,-16.750931869889005,3.2020915974245625,AN_15,#6A2978
720575941507037057,75933854904839261,AN06A010,ascending,AN06A010,right,-2.2195950855262128,-27.775999642504637,AN_04,#947E6C
720575941523327735,76004841990364528,AN06B044,ascending,AN06B044,right,-0.2027759064681376,-29.534372903002684,AN_04,#947E6C
720575941414908561,76778004889965798,AN06B031,ascending,AN06B031,right,-7.7943459857947675,-14.817241288317625,AN_06,#4D9C3C
720575941495998843,76353180547879703,DNg41,descending,DNg41,right,0.08157532319952598,-15.136550522936766,DN_04,#947E6C
720575941520167790,76216566765146580,AN12B019_T3,ascending,AN12B019,right,10.103870261763827,11.26019229780298,AN_02,#298ABB
720575941612468710,76632799897191832,AN12B019_T2,ascending,AN12B019,right,10.952482093428866,11.451815031872805,AN_02,#298ABB
720575941561409581,76142074248480635,ANXXX084_A2,ascending,ANXXX084,left,-6.747798096085295,16.513823889599855,AN_01,#EC9832
720575941660948348,75788855869625245,DNg40,descending,DNg40,right,-10.308621536637052,13.53871192823511,DN_05,#D24A2C
720575941629872422,75718418674411602,DNae004,descending,DNae004,right,-27.45995439186166,-18.706316567553465,DN_12,#FBCD5A
720575941631437804,76848441950470788,AN09B023_A2,ascending,AN09B023,right,15.240521300887362,37.30456676374536,AN_13,#48A9D9
720575941514023523,76350981591460360,ANXXX983,ascending,ANXXX983,left,-11.093289505387052,6.029494665967043,AN_03,#F7BA3C
720575941563541351,76282811736358749,AN10B019_T3,ascending,AN10B019,right,30.378882278060214,-13.981637574328367,AN_10,#695B52
720575941480490882,75648118247138629,DNge105,descending,DNge105,right,10.813788283919589,5.486071490155275,DN_03,#F7BA3C
720575941525827586,76777660823116796,AN27X003,ascending,AN27X003,left,-10.673558365250333,20.10128917585474,AN_02,#298ABB
720575941486694541,75513772743887916,ANXXX984,ascending,ANXXX984,right,3.151465047454134,17.610144995556887,AN_07,#BFB09A
720575941540968397,76142074247938924,AN09B018_a,ascending,AN09B018_a,right,-0.8052444715745295,20.21425952802759,AN_07,#BFB09A
720575941530152907,76212442992176005,DNx01,sensory_descending,DNx01,left,NA,NA,NA,NA
720575941474677825,75789268387767413,DNg89,descending,DNg89,right,5.82518278465201,-15.36299762834448,DN_04,#947E6C
720575941518795692,75583935396596433,ANXXX116,ascending,ANXXX116,right,3.538303721999422,16.89511241804224,AN_01,#EC9832
720575941655750356,76848029835684905,AN19B049,ascending,AN19B049,left,-8.245856892014249,-12.002153016222898,AN_06,#4D9C3C
720575941732586539,76282811804059637,DNg05_a,descending,DNg05_a,left,-24.38686669960092,-18.216127968920652,DN_04,#947E6C
720575941595882609,76215398265258557,ANXXX120_A5,ascending,ANXXX120,left,30.984576095198886,-18.82696590532202,AN_10,#695B52
720575941533316995,76215604826359744,AN18B999,ascending,AN18B999,right,-8.530327450180753,3.7226537693605977,AN_01,#EC9832
720575941466318870,76142074248117611,ANXXX098_A2,ascending,ANXXX098,left,30.643912185286776,-18.412975884570066,AN_10,#695B52
720575941631642860,76562912390779339,DNae004,descending,DNae004,left,-27.45995439186166,-18.706316567553465,DN_12,#FBCD5A
720575941529824440,76350775970300446,DNpe034,descending,DNpe034,right,-10.716689239884122,7.040393732892092,DN_03,#F7BA3C
720575941463736464,76142074315296324,AN18B053,ascending,AN18B053,right,-24.092316757584317,15.071178816662844,AN_01,#EC9832
720575941431800078,75084893482753436,ANXXX148_A5,ascending,ANXXX148,left,-4.519649158859953,6.772513769970949,AN_10,#695B52
720575941704467930,76356135754187178,AN05B049,ascending,AN05B049,right,-3.251049887085661,16.758494757519777,AN_03,#F7BA3C
720575941571863709,76071705436522248,AN27X003,ascending,AN27X003,right,-10.673558365250333,20.10128917585474,AN_02,#298ABB
720575941390623382,75930830643858863,DNp20,descending,DNp20,right,1.6850391517632162,-12.705317116869871,DN_06,#4D9C3C
720575941432255959,76422655871694680,DNge052,descending,DNge052,right,1.8454543243401205,0.6663768519030171,DN_01,#EC9832
720575941492249776,76497835919060752,SApp08,sensory_ascending,SApp08,left,NA,NA,NA,NA
720575941515909635,75654029262706706,AN00A006_A4,ascending,AN00A006,right,2.1673244129173908,6.253456019269045,AN_01,#EC9832
720575941530093496,76001336827112191,DNpe014,descending,DNpe014,right,-5.325326572800383,-13.51792869676489,DN_06,#4D9C3C
720575941654021081,76425954473493052,AN05B046,ascending,AN05B046,right,17.563662398909823,38.57593288313013,AN_13,#48A9D9
720575941590551592,75578161953361134,DNg107,descending,DNg107,right,14.987429488753573,3.2258817185030537,DN_09,#E42E2E
720575941585929350,75864516684573582,AN08B023_T3,ascending,AN08B023,right,-2.9422856678016034,18.818511389599855,AN_01,#EC9832
720575941645213048,75999549919410255,DNpe033,descending,DNpe033,right,-18.556441437149747,4.015794180737551,DN_15,#6A2978
720575941435430542,76212443059287662,DNg42,descending,DNg42,right,-27.8665496219642,-19.656267739428465,DN_12,#FBCD5A
720575941506550693,76216222966390397,ANXXX985,ascending,ANXXX985,right,3.090179313277498,17.892390631543215,AN_07,#BFB09A
720575941603880182,76146197886331291,AN09B035_T3,ascending,AN09B035,right,-6.794366966629728,29.847150229321535,AN_17,#8B3A9C
720575941440937301,76075829142619822,AN09B018_b,ascending,AN09B018_b,left,-15.979090820694669,7.805398844586428,AN_15,#6A2978
720575941572719006,76773263044645013,DNp67,descending,DNp67,left,-2.0530721057898846,7.2328485478029805,DN_01,#EC9832
720575941588619148,76142074248004749,AN05B052,ascending,AN05B052,left,-2.689902197266325,13.99824561964136,AN_03,#F7BA3C
720575941455733555,76284392082995563,AN07B035_T1,ascending,AN07B035,right,0.8388882766716634,-4.170378304614012,AN_03,#F7BA3C
720575941602413097,75085443440006009,DNge030,descending,DNge030,right,-11.304545532608731,-14.420280076159422,DN_04,#947E6C
720575941545915836,76918123299402165,ANXXX255,ascending,ANXXX255,left,8.966136802291171,5.839211367474611,AN_07,#BFB09A
720575941608483914,75583935463526662,ANXXX116,ascending,ANXXX116,left,3.538303721999422,16.89511241804224,AN_01,#EC9832
720575941499893154,75584004049105617,ANXXX150_A7,ascending,ANXXX150,right,-11.601971756363614,6.968956850873049,AN_03,#F7BA3C
720575941550933821,75014937189851521,DNge018,descending,DNge018,right,2.04184423789908,-22.21163807023901,DN_04,#947E6C
720575941454882611,76145648332249524,AN19B022,ascending,AN19B022,left,-2.502527963066801,4.971531771527346,AN_01,#EC9832
720575941566180199,75930968082681196,DNge018,descending,DNge018,left,2.04184423789908,-22.21163807023901,DN_04,#947E6C
720575941492968423,77054669301530917,DNp37,descending,DNp37,left,-5.929398666764006,6.414238833294924,DN_01,#EC9832
720575941667205553,76071705504366435,AN08B015,ascending,AN08B015,left,-21.466792236710294,15.148820303784426,AN_01,#EC9832
720575941574790664,76000099541038471,DNge078,descending,DNge078,left,3.977778304671541,56.36963024030786,DN_13,#48A9D9
720575941503769650,76353180480560528,DNg52,descending,DNg52,left,2.189539540862337,1.1098807085619526,DN_01,#EC9832
720575941564504832,76353180480471807,DNge077,descending,DNge077,right,8.289468635176913,6.543421648846682,DN_07,#BFB09A
720575941562502445,75724466726259135,AN09B018_b,ascending,AN09B018_b,right,-15.979090820694669,7.805398844586428,AN_15,#6A2978
720575941444962474,76004910709624165,ANXXX132,ascending,ANXXX132,left,-7.8154946674353925,-3.478508330477659,AN_06,#4D9C3C
720575941442472539,76848098085215950,AN23B010,ascending,AN23B010,left,4.361694682692781,23.161195181714113,AN_07,#BFB09A
720575941553773959,76422655737097319,ANXXX132,ascending,ANXXX132,right,-7.8154946674353925,-3.478508330477659,AN_06,#4D9C3C
720575941518222739,76636923334708655,AN05B056,ascending,AN05B056,left,-2.0356997360236493,28.606007956372316,AN_03,#F7BA3C
720575941565392482,76774018220625372,DNge174,descending,DNge174,left,14.119758475875155,2.266414069043215,DN_09,#E42E2E
720575941645080481,76844387031829115,DNge137,descending,DNge137,left,-5.32763064994882,8.807910345898684,DN_03,#F7BA3C
720575941530295013,76703993342564732,DNge086,descending,DNge086,left,2.099057067488924,-15.310806847704832,DN_04,#947E6C
720575941569479930,76496254498296120,AN05B058,ascending,AN05B058,left,16.69719206199576,37.35360469709497,AN_03,#F7BA3C
720575941628262969,75718349552185813,DNge096,descending,DNge096,right,16.682812560652987,11.45993938337427,DN_09,#E42E2E
720575941547426484,75584072835571481,ANXXX985,ascending,ANXXX985,left,3.090179313277498,17.892390631543215,AN_07,#BFB09A
720575941593505387,75648599618586816,DNge086,descending,DNge086,right,2.099057067488924,-15.310806847704832,DN_04,#947E6C
720575941472609632,76216566765037922,AN07B035_T3,ascending,AN07B035,left,-0.10663331642220863,-1.972862101687376,AN_03,#F7BA3C
720575941595910257,76426641802992334,AN09B032_T3,ascending,AN09B032,right,4.794488776778475,22.544122122632082,AN_07,#BFB09A
720575941666660595,75648187637712049,DNpe014,descending,DNpe014,right,-5.325326572800383,-13.51792869676489,DN_06,#4D9C3C
720575941448026388,75581667318149757,AN17B016,ascending,AN17B016,right,-4.516783367539152,5.73989429365259,AN_03,#F7BA3C
720575941492358350,76212442924869126,AN05B040,ascending,AN05B040,right,4.902620185469881,57.19068660627466,AN_13,#48A9D9
720575941417243164,76142074315206462,DNpe046,descending,DNpe046,right,-3.3504933227546063,4.0699833859072285,DN_03,#F7BA3C
720575941479284960,76212442992315401,AN10B022_T2,ascending,AN10B022,right,32.5786236415856,-17.460743523730223,AN_10,#695B52
720575941401783587,76566691895091979,ANXXX196,ascending,ANXXX196,left,2.042211879348055,19.04667034040552,AN_07,#BFB09A
720575941507062807,76422312140099502,DNg19,descending,DNg19,left,9.23979746208121,2.8012081612215596,DN_02,#298ABB
720575941537784189,76142074247923691,AN09B040_T2,ascending,AN09B040,left,1.2489319931023275,21.921258353100832,AN_17,#8B3A9C
720575941495736448,75933992477795068,AN17B013_A1,ascending,AN17B013,right,-10.542918335343106,15.326948546277102,AN_03,#F7BA3C
720575941524167755,76071705570979167,DNpe047,descending,DNpe047,left,-10.52492250099252,6.463968180523928,DN_03,#F7BA3C
720575941534129330,75506693698000538,DNx01,sensory_descending,DNx01,right,NA,NA,NA,NA
720575941623162108,76847823341750978,AN08B022_T1,ascending,AN08B022,right,8.169091094588534,9.712746046887453,AN_02,#298ABB
720575941480780451,75581667586247660,DNg50,descending,DNg50,left,-16.216905723953946,-3.2049330245389385,DN_03,#F7BA3C
720575941472839488,76071705504287493,DNge096,descending,DNge096,left,16.682812560652987,11.45993938337427,DN_09,#E42E2E
720575941574689437,76425404583265800,ANXXX145_T1,ascending,ANXXX145,right,10.90349661216666,12.977939032422121,AN_02,#298ABB
720575941481059663,76285698357260719,AN05B052,ascending,AN05B052,left,-2.689902197266325,13.99824561964136,AN_03,#F7BA3C
720575941633187488,76214436125514208,AN06A015,ascending,AN06A015,right,12.719266761397616,-0.9429698954953594,AN_09,#E42E2E
720575941519866840,75366918416618141,DNg76,descending,DNg76,left,2.8476682792656574,-9.900424576891844,DN_03,#F7BA3C
720575941439600684,76778004688599014,AN10B020_T1,ascending,AN10B020,right,32.58667265281607,-17.877148247851316,AN_10,#695B52
720575941415497617,76353180548095777,AN11B008,ascending,AN11B008,left,-0.3268770386226023,-25.72356662858862,AN_04,#947E6C
720575941612321382,76703306348953681,DNa07,descending,DNa07,left,-22.62325013771127,-15.9749895106687,DN_12,#FBCD5A
720575941688250998,75718624429978308,DNg47,descending,DNg47,right,15.165435660933749,1.947952770100649,DN_09,#E42E2E
720575941394131094,75930968015648191,DNg26,descending,DNg26,left,-15.776568542862638,-2.2045439254178447,DN_03,#F7BA3C
720575941523099127,76355105029026101,DNg05_a,descending,DNg05_a,right,-24.38686669960092,-18.216127968920652,DN_04,#947E6C
720575941567010930,76918054377855263,AN04B051,ascending,AN04B051,left,-0.6966130860842312,9.499031447278078,AN_02,#298ABB
720575941597533993,76282811804053529,ANXXX191,ascending,ANXXX191,left,28.320202697371737,16.413569830761965,AN_09,#E42E2E
720575941624831228,76351668182611492,DNg17,descending,DNg17,left,26.917803634261386,20.86514415632349,DN_01,#EC9832
720575941571021306,76352287060301713,DNg51,descending,DNg51,right,-9.239856850052579,-18.403624154223387,DN_06,#4D9C3C
720575941555674340,77126068368569116,DNg41,descending,DNg41,left,0.08157532319952598,-15.136550522936766,DN_04,#947E6C
720575941535975617,76353180480415285,ANXXX049_T2,ascending,ANXXX049,right,13.450995315169589,-1.6445932160748882,AN_14,#77C8F2
720575941491649511,76001336760075787,AN04B023_T3,ascending,AN04B023,right,-3.5883127559668866,-4.703477479113523,AN_06,#4D9C3C
720575941519459950,76847686304861261,AN19B044,ascending,AN19B044,left,1.4832290302269613,-32.18760166276831,AN_04,#947E6C
720575941573499464,76636785895871302,AN08B049,ascending,AN08B049,left,-9.60414899482797,29.12268581281763,AN_08,#51B07B
720575941516601690,76142074315177984,DNpe047,descending,DNpe047,right,-10.52492250099252,6.463968180523928,DN_03,#F7BA3C
720575941477889310,75864654190912376,AN12B019_T3,ascending,AN12B019,left,10.103870261763827,11.26019229780298,AN_02,#298ABB
720575941405745776,76703580891621334,DNg106,descending,DNg106,left,-17.416037689591153,-25.52944622148413,DN_06,#4D9C3C
720575941688560367,75373035456286850,DNpe034,descending,DNpe034,left,-10.716689239884122,7.040393732892092,DN_03,#F7BA3C
720575941576254134,76777179786189032,DNge080,descending,DNge080,right,16.55054365501334,6.042010687695559,DN_09,#E42E2E
720575941515726691,76633486890645518,DNge028,descending,DNge028,left,30.332957137679355,22.047507666455324,DN_18,#52AE4E
720575941477099313,75718418271553998,DNge076,descending,DNge076,right,27.9863613735192,23.47123851667505,DN_18,#52AE4E
720575941620053375,76005391947008346,AN17B008_A2,ascending,AN17B008,left,-10.397049080277188,14.611495398388918,AN_03,#F7BA3C
720575941533543402,76707223358961756,AN10B022_T1,ascending,AN10B022,right,31.36921583518912,-16.72921428789038,AN_10,#695B52
720575941436526815,76636648456740334,AN08B049,ascending,AN08B049,left,-9.60414899482797,29.12268581281763,AN_08,#51B07B
720575941562512018,76426573083142284,AN09B033_A5,ascending,AN09B033,right,4.179917682265535,16.788169287549074,AN_07,#BFB09A
720575941515074883,76844387635995689,DNp39,descending,DNp39,left,7.078005183791414,0.36032092611652194,DN_02,#298ABB
720575941703186394,76707360797951243,AN05B047,ascending,AN05B047,right,3.9172562252037677,52.87403621564966,AN_13,#48A9D9
720575941618370517,75653892024879361,DNg50,descending,DNg50,right,-16.216905723953946,-3.2049330245389385,DN_03,#F7BA3C
720575941656315353,76142074247938950,AN09B030_T1,ascending,AN09B030,left,-9.262806068802579,30.571650885449465,AN_17,#8B3A9C
720575941439941164,76212442992176015,AN09B036,ascending,AN09B036,right,-4.353783737564787,28.316728018628176,AN_05,#D24A2C
720575941565348103,76284667565665253,AN02A017,ascending,AN02A017,right,3.3925698886864337,-29.91606388200659,AN_06,#4D9C3C
720575941511556112,76425748046709598,AN17A062_T1,ascending,AN17A062,right,5.308644641494051,19.631554983960207,AN_07,#BFB09A
720575941518824620,76286248247531465,AN10B024_T3,ascending,AN10B024,left,10.29337583885123,10.244995497571047,AN_02,#298ABB
720575941556231652,76216223033759243,AN05B060,ascending,AN05B060,right,-9.615701805496915,26.56821575056177,AN_01,#EC9832
720575941487480838,76071086961824254,DNae006,descending,DNae006,right,4.906611312484041,-28.87820301164526,DN_12,#FBCD5A
720575941561868544,76496185711877034,AN10B027_T1,ascending,AN10B027,left,24.34267126426627,-18.983177758349363,AN_10,#695B52
720575941612593069,76212442992677904,AN07B037,ascending,AN07B037,right,6.637785781478182,-31.713457680834715,AN_06,#4D9C3C
720575941427950676,76004910709606053,AN07B036,ascending,AN07B036,right,-6.649160992050871,-1.4801314841641826,AN_06,#4D9C3C
720575941663701884,76915030653869826,DNg61,descending,DNg61,left,17.46074758872916,11.846898459302004,DN_09,#E42E2E
720575941688806412,76284392419151253,DNg58,descending,DNg58,right,6.665951121901766,-13.313383675707762,DN_04,#947E6C
720575941643467877,76636854615204789,AN05B071,ascending,AN05B071,right,3.6097344051354083,57.08291759382349,AN_13,#48A9D9
720575941458782704,76142074314986527,ANXXX084_A3,ascending,ANXXX084,right,-6.774923931503996,15.974563025342043,AN_01,#EC9832
720575941433031182,76071705436510595,DNge102,descending,DNge102,right,-8.027871261978849,23.981456183301027,DN_05,#D24A2C
720575941689960054,76283567650491495,ANXXX470,ascending,ANXXX470,right,1.2734053026192342,12.03050651441675,AN_07,#BFB09A
720575941585234910,76918398579754625,AN19B044,ascending,AN19B044,left,1.4832290302269613,-32.18760166276831,AN_04,#947E6C
720575941561334061,76001336759598094,ANXXX200_T2,ascending,ANXXX200,left,1.9463649879448568,-26.49495563615698,AN_04,#947E6C
720575941626447754,76282811736173414,AN05B044,ascending,AN05B044,left,9.35305200920035,13.324331663952883,AN_02,#298ABB
720575941486700354,76142074248268526,ANXXX433,ascending,ANXXX433,left,1.5242551456444418,15.444956206189211,AN_07,#BFB09A
720575941573267784,76214161381647677,ANXXX191,ascending,ANXXX191,right,28.320202697371737,16.413569830761965,AN_09,#E42E2E
720575941515591523,75724329287747164,ANXXX084_A2,ascending,ANXXX084,left,-6.747798096085295,16.513823889599855,AN_01,#EC9832
720575941533354469,75794698031097651,ANXXX202_c_A1,ascending,ANXXX202_c,right,-16.207317482376798,3.5927542675600606,AN_15,#6A2978
720575941493947006,76353180480480297,DNg46,descending,DNg46,right,-10.59028066291879,-38.798811532153074,DN_04,#947E6C
720575941556420516,76212442992721296,AN10B024_T2,ascending,AN10B024,right,10.093730796431796,8.389325522290285,AN_02,#298ABB
720575941521340087,76212443059630191,DNpe019,descending,DNp51,left,-27.76159585609506,-18.78201732744116,DN_12,#FBCD5A
720575941690766555,76144754643343841,DNge120,descending,DNge120,left,-6.879148613358244,11.088390730725344,DN_01,#EC9832
720575941605509054,76215261095120529,AN27X017_T3,ascending,AN27X017,right,-18.662133346939786,4.26445951353174,AN_15,#6A2978
720575941516816739,76636923066190273,AN09B018_a,ascending,AN09B018_a,left,-0.8052444715745295,20.21425952802759,AN_07,#BFB09A
720575941430452750,76142074315197654,ANXXX169_A5,ascending,ANXXX169,right,-13.792163025284513,0.9715260494814473,AN_03,#F7BA3C
720575941474054496,76074798014709961,AN01B011_T2,ascending,AN01B011,right,8.490703452681796,12.42486514936548,AN_02,#298ABB
720575941652815857,76071705504345017,DNb03,descending,DNb03,right,-0.553745846892103,-15.13097915758032,DN_04,#947E6C
720575941507079703,75648461911349462,DNge064,descending,DNge064,right,4.950885642623201,2.258528851376589,DN_01,#EC9832
720575941514399441,75859224479448229,DNg20,descending,DNg20,right,16.9350861202233,38.63339366804224,DN_13,#48A9D9
720575941633911227,76492955896487475,DNpe004,descending,DNpe004,left,9.51713072166373,-29.133886910571043,DN_04,#947E6C
720575941562443362,76215879369091107,AN10B020_T3,ascending,AN10B020,left,32.49957548484732,-18.114382363451902,AN_10,#695B52
720575941589256260,76636511285967440,AN02A017,ascending,AN02A017,right,3.3925698886864337,-29.91606388200659,AN_06,#4D9C3C
720575941618730879,76071705571542660,AN19A018_b,ascending,AN19A018_b,right,-6.915565620804533,13.99868335615259,AN_01,#EC9832
720575941531735269,75788855735336358,DNg72,descending,DNg72,right,17.096670974349276,11.367101096020754,DN_09,#E42E2E
720575941655664596,75864310861352333,AN17B013_T3,ascending,AN17B013,right,-10.282417427445157,15.17575969587427,AN_03,#F7BA3C
720575941454918707,76142074180728465,AN09B032_T1,ascending,AN09B032,left,5.719673026656404,22.048037909375246,AN_07,#BFB09A
720575941523985410,76356135820799545,AN05B052,ascending,AN05B052,right,-2.689902197266325,13.99824561964136,AN_03,#F7BA3C
720575941436671711,76071705503750401,AN05B068,ascending,AN05B068,left,-0.9738567282206858,30.88542880903345,AN_13,#48A9D9
720575941535097578,75718899442071474,DNge012,descending,DNge012,right,28.13782583579947,22.101525687085207,DN_18,#52AE4E
720575941586099334,75296412032056511,DNge012,descending,DNge012,right,28.13782583579947,22.101525687085207,DN_18,#52AE4E
720575941481103523,76212443059417219,DNpe019,descending,DNpe019,left,-27.76159585609506,-18.78201732744116,DN_12,#FBCD5A
720575941484535482,75859293467562723,DNg64,descending,DNg64,right,9.425692428206698,-1.1856978904141826,DN_14,#77C8F2
720575941516357881,76633350055924357,DNpe014,descending,DNpe014,left,-5.325326572800383,-13.51792869676489,DN_06,#4D9C3C
720575941630080038,76496254498522181,AN05B046,ascending,AN05B046,left,17.563662398909823,38.57593288313013,AN_13,#48A9D9
720575941596094757,76492336951412838,DNg67,descending,DNg67,left,1.1768276582710897,13.259759329663332,DN_07,#BFB09A
720575941470254400,76212443059295890,DNa08,descending,DNa08,left,-13.071249138260587,-2.4923711787595195,DN_01,#EC9832
720575941477326900,75859293467293350,DNg19,descending,DNg19,right,9.23979746208121,2.8012081612215596,DN_02,#298ABB
720575941433654048,76001336827320244,DNge175,descending,DNge175,right,-25.543532501602872,-17.920265771044676,DN_12,#FBCD5A
720575941588160580,74944087274681488,AN10B022_T3,ascending,AN10B022,left,31.229435790633456,-16.790608025683348,AN_10,#695B52
720575941451871559,76143998527931882,AN14B012,ascending,AN14B012,right,-0.05729890956948647,6.036959074841555,AN_02,#298ABB
720575941579749365,76071705570723268,AN06A015,ascending,AN06A015,left,12.719266761397616,-0.9429698954953594,AN_09,#E42E2E
720575941575725928,76071705504062844,DNge130,descending,DNge130,left,-9.146652351761563,13.840947531567629,DN_05,#D24A2C
720575941450220637,77477019206368127,AN17A062_T2,ascending,AN17A062,left,5.175788272475496,19.663094900952395,AN_07,#BFB09A
720575941447921940,76005048215527089,AN06B015_b,ascending,AN06B015_b,right,11.958969939803378,-3.2929180632962627,AN_14,#77C8F2
720575941505767970,76071705436567088,DNg20,descending,DNg20,left,16.9350861202233,38.63339366804224,DN_13,#48A9D9
720575941462378692,76071705571006517,DNpe044,descending,DNpe044,left,-10.21346009864877,7.041785620556887,DN_03,#F7BA3C
720575941535852522,76142074248522052,AN06B039_T3,ascending,AN06B039,left,-6.366310726547941,14.33484115491968,AN_01,#EC9832
720575941574320905,75225906050124878,AN07B036,ascending,AN07B036,left,-6.649160992050871,-1.4801314841641826,AN_06,#4D9C3C
720575941480339818,76426710656349505,AN05B050,ascending,AN05B050,left,-8.841265808487638,27.173003577099855,AN_01,#EC9832
720575941524210763,76001336759763910,DNg47,descending,DNg47,left,15.165435660933749,1.947952770100649,DN_09,#E42E2E
720575941539051669,76284323766228963,AN11B008,ascending,AN11B008,right,-0.3268770386226023,-25.72356662858862,AN_04,#947E6C
720575941629604153,76563324372310106,DNge044,descending,DNge044,left,27.95690237388541,22.13447894941431,DN_18,#52AE4E
720575941596205425,76282811736688579,DNg106,descending,DNg106,left,-17.416037689591153,-25.52944622148413,DN_06,#4D9C3C
720575941595515941,75654235420897622,ANXXX296,ascending,ANXXX296,right,4.980805266951815,20.473784827099855,AN_07,#BFB09A
720575941583263710,76282811803806406,AN06A026_T3,ascending,AN06A026,right,7.833166946028963,-37.7106958400144,AN_11,#FE4545
720575941481010511,76567104547182981,AN10B027_T2,ascending,AN10B027,right,24.52766310081412,-19.19266948808569,AN_10,#695B52
720575941614012892,76562774616317333,DNg64,descending,DNg64,left,9.425692428206698,-1.1856978904141826,DN_14,#77C8F2
720575941441234111,76004841922946127,AN19B009_T2,ascending,AN19B009,right,0.9939565549843465,5.5536445606813984,AN_02,#298ABB
720575941669324019,76071705504454979,DNg42,descending,DNg42,left,-27.8665496219642,-19.656267739428465,DN_12,#FBCD5A
720575941508518785,76356135820732466,AN05B050,ascending,AN05B050,right,-8.841265808487638,27.173003577099855,AN_01,#EC9832
720575941565351943,75934817044935311,ANXXX169_A3,ascending,ANXXX169,right,-14.07226480140756,1.1950824488268452,AN_03,#F7BA3C
720575941565091847,76071705504163834,DNge147,descending,DNge147,right,10.25947462425162,4.629820250378664,DN_09,#E42E2E
720575941464121232,76284873589540500,AN07B037,ascending,AN07B037,right,6.637785781478182,-31.713457680834715,AN_06,#4D9C3C
720575941504674754,76566829669689351,AN10B024_T2,ascending,AN10B024,left,10.093730796431796,8.389325522290285,AN_02,#298ABB
720575941585004127,76425129974264608,AN19A018_a,ascending,AN19A018_a,right,4.27023254737784,55.365067862378176,AN_13,#48A9D9
720575941588689548,76212442992170398,ANXXX313,ascending,ANXXX313,right,5.297171939467684,17.242473029004152,AN_07,#BFB09A
720575941611963309,76356067101345159,AN05B063_T2,ascending,AN05B063,left,-2.4722024311072675,13.354807280407961,AN_03,#F7BA3C
720575941581721977,76212442992558882,DNg21,descending,DNg21,right,29.890398849105136,22.64655246626001,DN_18,#52AE4E
720575941650178289,76497629559134756,DNg45,descending,DNg45,right,-1.6038564552314127,5.6042078961001,DN_01,#EC9832
720575941527740418,76142074315525116,AN09A005,ascending,AN09A005,right,-4.050131212616667,5.8297490109072285,AN_19,#B56FCC
720575941506310821,76493024615798220,DNge016,descending,DNge016,left,-21.449309479141935,-17.324215508593504,DN_12,#FBCD5A
720575941599326505,76285629705279855,AN06B051,ascending,AN06B051,left,14.133432258223788,-33.71234760393042,AN_11,#FE4545
720575941487488821,76071705503998337,AN10B019_T2,ascending,AN10B019,left,30.848141540145175,-13.646922684802,AN_10,#695B52
720575941564421015,75654235420926099,ANXXX202_b_A4,ascending,ANXXX202_b,left,-17.165516983414395,3.4976872433291035,AN_15,#6A2978
720575941561414034,76142074248540822,ANXXX308,ascending,ANXXX308,left,-23.144499908829435,7.454399966107424,AN_15,#6A2978
720575941657558296,76988492311942587,AN14B012,ascending,AN14B012,left,-0.05729890956948647,6.036959074841555,AN_02,#298ABB
720575941462375876,76212442992215732,AN09B035_T2,ascending,AN09B035,right,-8.068877350235685,31.43892421613794,AN_17,#8B3A9C
720575941536685400,76707223292406016,AN10B019,ascending,AN10B019,right,31.254547942733065,-13.706881142748777,AN_10,#695B52
720575941657721624,76146129167163015,AN09B033_A4,ascending,AN09B033,right,4.234620917891756,17.31045093427759,AN_07,#BFB09A
720575941552643841,76356066631495080,AN05B050,ascending,AN05B050,right,-8.841265808487638,27.173003577099855,AN_01,#EC9832
720575941430003960,76282811736364762,AN10B020_T3,ascending,AN10B020,right,32.49957548484732,-18.114382363451902,AN_10,#695B52
720575941505566814,76282811736352713,AN10B027_T1,ascending,AN10B027,right,24.34267126426627,-18.983177758349363,AN_10,#695B52
720575941634316731,76071705504131071,AN10B029_T1,ascending,AN10B029,left,32.57304655418326,-18.48374424089331,AN_10,#695B52
720575941547659964,76633487091987071,DNge096,descending,DNge096,right,16.682812560652987,11.45993938337427,DN_09,#E42E2E
720575941498832763,76353180547633401,AN19B022,ascending,AN19B022,right,-2.502527963066801,4.971531771527346,AN_01,#EC9832
720575941513203665,75788856406582956,DNp41,descending,DNp41,right,-3.2063144554145184,-16.18063221086401,DN_02,#298ABB
720575941690964888,76212443059580409,DNpe014,descending,DNpe014,left,-5.325326572800383,-13.51792869676489,DN_06,#4D9C3C
720575941560266152,76353180480635939,AN19B044,ascending,AN19B044,right,1.4832290302269613,-32.18760166276831,AN_04,#947E6C
720575941484195514,76142074315233590,DNp24,descending,DNp24,left,-5.813546787644133,8.495396994458254,DN_03,#F7BA3C
720575941457859231,76142074180726534,ANXXX313,ascending,ANXXX313,left,5.297171939467684,17.242473029004152,AN_07,#BFB09A
720575941515579747,76703924488529494,DNge060,descending,DNge060,left,14.734735358809726,6.296208762036379,DN_02,#298ABB
720575941626282634,75507586984208871,DNge034,descending,DNge034,right,13.820281852339999,5.615259074078615,DN_02,#298ABB
720575941471079264,76282811736444249,AN10B019_T2,ascending,AN10B019,right,30.848141540145175,-13.646922684802,AN_10,#695B52
720575941532803160,75930968082718044,DNge144,descending,DNge144,right,3.3938935886376056,4.259108923779543,DN_01,#EC9832
720575941617767893,76355655120148198,AN19A018_b,ascending,AN19A018_b,left,-6.915565620804533,13.99868335615259,AN_01,#EC9832
720575941511836944,77270035940674776,AN04B023_T1,ascending,AN04B023,left,-3.5748494972236005,-4.533588982714598,AN_06,#4D9C3C
720575941535118314,75513566719577285,ANXXX202_b_A5,ascending,ANXXX202_b,left,-16.87541307106088,3.5525785912142354,AN_15,#6A2978
720575941549936957,76565523663712971,AN06A017,ascending,AN06A017,right,0.9714952598564779,-28.522144890917723,AN_04,#947E6C
720575941507181079,75935091586911586,AN17A062_T3,ascending,AN17A062,right,4.9015749584191,19.395867728100832,AN_07,#BFB09A
720575941483099590,75302666712134190,ANXXX254,ascending,ANXXX254,right,-7.878404747391447,13.468663596020754,AN_01,#EC9832
720575941565122055,75935091788548252,AN05B045,ascending,AN05B045,left,2.3362716327660236,29.708775900708254,AN_03,#F7BA3C
720575941544501533,76426573150588723,AN05B054,ascending,AN05B054,right,17.523819793319003,38.41337718855005,AN_13,#48A9D9
720575941652552433,76356342248133476,ANXXX171,ascending,ANXXX171,left,-12.235383163834317,-40.46793613542456,AN_04,#947E6C
720575941556531201,76142074315543698,AN27X013_T1,ascending,AN27X013,left,-52.50006974830698,6.455930613385256,AN_19,#B56FCC
720575941690788827,77548143193146653,DNge058,descending,DNge058,left,12.417676795577304,3.274947308407839,DN_02,#298ABB
720575941562059176,76001336827333067,DNg82,descending,DNg82,right,-27.07059777870248,-17.006411172045652,DN_12,#FBCD5A
720575941536048321,76352011981020348,DNge078,descending,DNge078,right,3.977778304671541,56.36963024030786,DN_13,#48A9D9
720575941481381117,76001336759778354,DNg45,descending,DNg45,left,-1.6038564552314127,5.6042078961001,DN_01,#EC9832
720575941573054646,76918123567490784,AN26X004,ascending,AN26X004,right,6.113606799697176,3.804016493664797,AN_09,#E42E2E
720575941353771056,76144067314691048,DNge100,descending,DNge100,left,4.915195811843172,54.41821422468286,DN_09,#E42E2E
720575941449547101,76425404583989813,ANXXX218,ascending,ANXXX218,left,9.625880111312167,4.146803521023806,AN_07,#BFB09A
720575941633109664,76004085807664023,AN07B045,ascending,AN07B045,right,-5.727798591995939,3.1484552849398213,AN_01,#EC9832
720575941439093333,76285835728956144,AN05B050,ascending,AN05B050,right,-8.841265808487638,27.173003577099855,AN_01,#EC9832
720575941472329568,76281299773699326,ANXXX308,ascending,ANXXX308,left,-23.144499908829435,7.454399966107424,AN_15,#6A2978
720575941580594677,75794422751063465,AN12B017_T3,ascending,AN12B017,left,11.202012885665194,7.335670374737795,AN_02,#298ABB
720575941590387084,75654097982492416,ANXXX976,ascending,ANXXX976,right,-3.3157175888068524,6.670341872082766,AN_01,#EC9832
720575941591832360,76285423613913804,ANXXX090,ascending,ANXXX090,right,-52.565606247330415,6.3770088184938984,AN_19,#B56FCC
720575941668758449,76353180548122734,AN11B012,ascending,AN11B012,left,2.3606227527611408,-28.00170383561987,AN_04,#947E6C
720575941572407710,76140974669278169,DNge005,descending,DNge005,right,-12.454868446732267,2.6989268292055684,DN_03,#F7BA3C
720575941505558085,76496048205708622,AN05B044,ascending,AN05B044,right,9.35305200920035,13.324331663952883,AN_02,#298ABB
720575941658893648,76356617192859891,AN06A026_T3,ascending,AN06A026,left,7.833166946028963,-37.7106958400144,AN_11,#FE4545
720575941440415455,76142074315281503,AN06B012,ascending,AN06B012,right,11.09770761833121,-2.9146080981625957,AN_14,#77C8F2
720575941514787907,76633486891103319,DNge068,descending,DNge068,left,11.531967986678378,3.2229281891451436,DN_02,#298ABB
720575941689415692,76000374620276264,DNa07,descending,DNa07,right,-22.62325013771127,-15.9749895106687,DN_12,#FBCD5A
720575941408800047,75724535110361289,AN01B011_T3,ascending,AN01B011,right,8.396833289717929,12.193977736340578,AN_02,#298ABB
720575941402551331,76914687325388852,DNb03,descending,DNb03,left,-0.553745846892103,-15.13097915758032,DN_04,#947E6C
720575941613469916,75864104568674202,AN06B015_b,ascending,AN06B015_b,left,11.958969939803378,-3.2929180632962627,AN_14,#77C8F2
720575941564030055,76071705504404295,AN06B068,ascending,AN06B068,left,20.116810668563144,1.8535373438463765,AN_06,#4D9C3C
720575941559494415,76282811736373330,AN01B011_T3,ascending,AN01B011,left,8.396833289717929,12.193977736340578,AN_02,#298ABB
720575941605515966,76566279577907579,AN17A047,ascending,AN17A047,right,15.990408767318026,36.91440715681177,AN_03,#F7BA3C
720575941624487882,76146472832012517,AN10B027_T3,ascending,AN10B027,right,24.544079650496737,-19.011240578783934,AN_10,#695B52
720575941525217892,76071018108071395,AN09B037_A5,ascending,AN09B037,left,-18.695391785050138,4.900975607739504,AN_15,#6A2978
720575941436034702,76145648265079346,ANXXX202_b_A3,ascending,ANXXX202_b,right,-17.044621597672208,3.7439033020601826,AN_15,#6A2978
720575941580685689,76353180480497881,AN19B042,ascending,AN19B042,right,5.5162171016686115,-1.2281480800046367,AN_02,#298ABB
720575941556877796,76142074248391388,AN08B066,ascending,AN08B066,right,-8.843011032486661,28.808902167187746,AN_17,#8B3A9C
720575941630522850,76282811736505721,DNge069,descending,DNge069,left,15.774580825423495,4.776322745190676,DN_09,#E42E2E
720575941496731042,76353180480574061,DNg72,descending,DNg72,right,17.096670974349276,11.367101096020754,DN_09,#E42E2E
720575941644058706,76142074315111629,DNpe044,descending,DNpe044,right,-10.21346009864877,7.041785620556887,DN_03,#F7BA3C
720575941574949627,76636923334486653,AN05B056,ascending,AN05B056,right,-2.0356997360236493,28.606007956372316,AN_03,#F7BA3C
720575941573620744,76422655670676541,DNx02,sensory_descending,DNx02,left,NA,NA,NA,NA
720575941587467486,76001336760308752,DNge145,descending,DNge145,left,-13.155227791214688,-22.18090877641577,DN_06,#4D9C3C
720575941653259025,76075691703584453,ANXXX296,ascending,ANXXX296,left,4.980805266951815,20.473784827099855,AN_07,#BFB09A
720575941591932414,76071705504248176,DNg106,descending,DNg106,right,-17.416037689591153,-25.52944622148413,DN_06,#4D9C3C
720575941477298996,76774361952375863,DNge144,descending,DNge144,left,3.3938935886376056,4.259108923779543,DN_01,#EC9832
720575941552602686,76142074315327330,ANXXX254,ascending,ANXXX254,left,-7.878404747391447,13.468663596020754,AN_01,#EC9832
720575941477743646,76282811803344396,AN04B023_T3,ascending,AN04B023,left,-3.5883127559668866,-4.703477479113523,AN_06,#4D9C3C
720575941563391383,76282811804012816,DNg82,descending,DNg82,left,-27.07059777870248,-17.006411172045652,DN_12,#FBCD5A
720575941569373178,76214436260165023,ANXXX171,ascending,ANXXX171,right,-12.235383163834317,-40.46793613542456,AN_04,#947E6C
720575941610664621,76707291877121292,AN09B033_A8,ascending,AN09B033,right,3.3517984043114337,17.78999080549341,AN_07,#BFB09A
720575941527343106,76071705503736337,AN05B069,ascending,AN05B069,left,4.278656829451815,54.55312099348169,AN_13,#48A9D9
720575941440354645,76425542156718524,AN08B049,ascending,AN08B049,right,-9.60414899482797,29.12268581281763,AN_08,#51B07B
720575941503788779,76424923614251045,AN08B086,ascending,AN08B086,right,-9.282125603104337,29.407433890210207,AN_01,#EC9832
720575941514111564,76562911988071400,DNg72,descending,DNg72,left,17.096670974349276,11.367101096020754,DN_09,#E42E2E
720575941641370962,76282811736400662,AN01B011_T2,ascending,AN01B011,left,8.490703452681796,12.42486514936548,AN_02,#298ABB
720575941509266014,76075210666999234,ANXXX120_A6,ascending,ANXXX120,left,32.26922880515982,-18.85348186601538,AN_10,#695B52
720575941516786579,76071705436538371,AN09B036,ascending,AN09B036,left,-4.353783737564787,28.316728018628176,AN_05,#D24A2C
720575941602854841,75930349405917147,DNge081,descending,DNge081,right,7.8420675884239825,6.650027655468996,DN_02,#298ABB
720575941412626799,75935023135923298,ANXXX214,ascending,ANXXX214,left,-11.176055084610685,2.9997738827334004,AN_03,#F7BA3C
720575941552589055,76075348106306511,AN09B029_a,ascending,AN09B029_a,left,-8.139663826370938,16.881120108471926,AN_05,#D24A2C
720575941504683570,76211549504966308,AN19A018_a,ascending,AN19A018_a,left,4.27023254737784,55.365067862378176,AN_13,#48A9D9
720575941474665514,76633143494682548,DNg106,descending,DNg106,left,-17.416037689591153,-25.52944622148413,DN_06,#4D9C3C
720575941540261581,76142074248427948,AN17A073,ascending,AN17A073,right,-14.243250976944669,23.202233694897707,AN_08,#51B07B
720575941577426265,75789337107108183,AN11B012,ascending,AN11B012,right,2.3606227527611408,-28.00170383561987,AN_04,#947E6C
720575941631315616,76212442992671937,DNge128,descending,DNge128,left,14.203670371627108,4.777508162365969,DN_09,#E42E2E
720575941516185859,76777935767610917,AN09B040_T1,ascending,AN09B040,left,-7.873928200150236,31.652556799756105,AN_17,#8B3A9C
720575941543038237,76424442577975393,AN17A068,ascending,AN17A068,right,0.3852361331932699,22.76921787153345,AN_03,#F7BA3C
720575941514057283,76636923132883089,AN09B033_A8,ascending,AN09B033,left,3.3517984043114337,17.78999080549341,AN_07,#BFB09A
720575941556296019,75232366754845730,ANXXX202_b_A4,ascending,ANXXX202_b,right,-17.165516983414395,3.4976872433291035,AN_15,#6A2978
720575941536070170,76636511286045773,AN02A025,ascending,AN02A025,left,8.535827506636874,-2.7141002189053935,AN_14,#77C8F2
720575941549506932,75436943697226356,DNb03,descending,DNb03,right,-0.553745846892103,-15.13097915758032,DN_04,#947E6C
720575941691005080,76567104748628198,AN07B003,ascending,AN07B003,left,-2.9982463230140057,1.699610256062563,AN_01,#EC9832
720575941435997984,76844593190478960,DNge034,descending,DNge034,left,13.820281852339999,5.615259074078615,DN_02,#298ABB
720575941624214780,76216291819577333,AN05B068,ascending,AN05B068,right,-0.9738567282206858,30.88542880903345,AN_13,#48A9D9
720575941399042851,76001336759552743,DNge077,descending,DNge077,left,8.289468635176913,6.543421648846682,DN_07,#BFB09A
720575941496927360,76142074315392762,ANXXX169_A4,ascending,ANXXX169,left,-13.537944923783048,1.141029261456545,AN_03,#F7BA3C
720575941627484454,76703718397543465,DNge145,descending,DNge145,left,-13.155227791214688,-22.18090877641577,DN_06,#4D9C3C
720575941527273316,76356135820470499,AN05B049,ascending,AN05B049,left,-3.251049887085661,16.758494757519777,AN_03,#F7BA3C
720575941619856767,75934610818841273,AN06B045,ascending,AN06B045,right,12.550035346602694,-34.048540688647215,AN_11,#FE4545
720575941575525992,76001336759647388,DNge068,descending,DNge068,right,11.531967986678378,3.2229281891451436,DN_02,#298ABB
720575941680648893,75507655770765019,DNge019,descending,DNge019,right,32.41988264427115,15.776143454419191,DN_18,#52AE4E
720575941667034355,76071705503750429,AN05B069,ascending,AN05B069,left,4.278656829451815,54.55312099348169,AN_13,#48A9D9
720575941503528171,76001336827409361,DNg02_h,descending,DNg02_h,right,-19.492798935318692,-12.547969437731687,DN_06,#4D9C3C
720575941489759177,76706948213064376,AN17A068,ascending,AN17A068,right,0.3852361331932699,22.76921787153345,AN_03,#F7BA3C
720575941408634671,76212443059368072,ANXXX318,ascending,ANXXX318,right,13.001979697798983,0.0646337945328313,AN_14,#77C8F2
720575941491584743,75723298025699384,ANXXX200_T2,ascending,ANXXX200,right,1.9463649879448568,-26.49495563615698,AN_04,#947E6C
720575941537417341,76001336759650009,AN26X004,ascending,AN26X004,left,6.113606799697176,3.804016493664797,AN_09,#E42E2E
720575941703146458,76636923334501954,AN05B078,ascending,AN05B078,left,1.0688919912331258,28.83155002485376,AN_05,#D24A2C
720575941469757405,75648049728888985,DNg106,descending,DNg106,right,-17.416037689591153,-25.52944622148413,DN_06,#4D9C3C
720575941462512851,76422174969866139,DNg02_d,descending,DNg02_d,left,-6.017961155319914,2.6047009457216816,DN_06,#4D9C3C
720575941733143339,76353180480476182,DNg94,descending,DNg94,right,-1.7134108652121867,-23.086119271410887,DN_04,#947E6C
720575941532999361,76001336759766650,ANXXX380_A6,ascending,ANXXX380,left,-5.089849125290617,11.755629919873293,AN_01,#EC9832
720575941601617705,76212442992735975,AN07B035_T3,ascending,AN07B035,right,-0.10663331642220863,-1.972862101687376,AN_03,#F7BA3C
720575941507979077,76146197886439166,AN09B035_T3,ascending,AN09B035,left,-6.794366966629728,29.847150229321535,AN_17,#8B3A9C
720575941523074295,76001336827125335,DNp16,descending,DNp16,right,1.713943828200594,-19.297701455248777,DN_06,#4D9C3C
720575941528933030,76425817102437303,AN10B022_T1,ascending,AN10B022,left,31.36921583518912,-16.72921428789038,AN_10,#695B52
720575941436095788,76774362087184742,DNge016,descending,DNge016,left,-21.449309479141935,-17.324215508593504,DN_12,#FBCD5A
720575941521111223,76144067583166790,DNx02,sensory_descending,DNx02,right,NA,NA,NA,NA
720575941485886672,76212443059425982,AN06A018,ascending,AN06A018,right,-10.011851440811856,-39.4214006434812,AN_04,#947E6C
720575941513096012,76563324640648217,DNge070,descending,DNge070,left,1.9349249492638265,-19.553755379809324,DN_06,#4D9C3C
720575941533807082,76492955896565168,DNg11,descending,DNg11,left,-4.971650730515226,-17.496357537402098,DN_06,#4D9C3C
720575941564649216,76142074315152786,DNpe033,descending,DNpe033,left,-18.556441437149747,4.015794180737551,DN_15,#6A2978
720575941526849357,76354623589707050,DNg107,descending,DNg107,left,14.987429488753573,3.2258817185030537,DN_09,#E42E2E
720575941692162456,76282811870545606,DNg02_h,descending,DNg02_h,left,-19.492798935318692,-12.547969437731687,DN_06,#4D9C3C
720575941499006433,76142074315119607,AN08B057,ascending,AN08B057,right,12.204769004439608,-1.1943641673459453,AN_02,#298ABB
720575941430097071,76778142194561599,AN07B045,ascending,AN07B045,left,-5.727798591995939,3.1484552849398213,AN_01,#EC9832
720575941533814757,76145923076251036,AN05B060,ascending,AN05B060,left,-9.615701805496915,26.56821575056177,AN_01,#EC9832
720575941533506586,76282811736682800,DNg106,descending,DNg106,left,-17.416037689591153,-25.52944622148413,DN_06,#4D9C3C
720575941561535859,76142074248066896,DNpe029,descending,DNpe029,right,1.8682440410607015,20.895556830273684,DN_05,#D24A2C
720575941572956232,76425611077722321,AN07B070,ascending,AN07B070,right,-24.499835144425138,15.618225478039797,AN_01,#EC9832
720575941537583331,76142074315290403,ANXXX169_A5,ascending,ANXXX169,left,-13.792163025284513,0.9715260494814473,AN_03,#F7BA3C
720575941483798781,75858812364011681,AN10B015,ascending,AN10B015,left,-14.98914254798959,23.37691821943384,AN_08,#51B07B
720575941654557969,76566623309762250,AN05B081,ascending,AN05B081,left,-1.6779600490577067,14.978351973401125,AN_01,#EC9832
720575941553999422,75724535445967726,AN05B053_A5,ascending,AN05B053,right,2.8854871879570636,29.670682333813723,AN_03,#F7BA3C
720575941591061246,76142074315206461,ANXXX202_a_A2,ascending,ANXXX202_a,right,-16.150703560257657,3.568308733807619,AN_15,#6A2978
720575941431795927,76847823341264254,AN08B057,ascending,AN08B057,left,12.204769004439608,-1.1943641673459453,AN_02,#298ABB
720575941652652305,76286454539736803,AN07B032,ascending,AN07B032,left,5.28139673576285,-36.842215157641355,AN_04,#947E6C
720575941505143868,76777523383623449,SApp23,sensory_ascending,SApp23,left,NA,NA,NA,NA
720575941511863250,76496117059858254,AN10B020_T1,ascending,AN10B020,left,32.58667265281607,-17.877148247851316,AN_10,#695B52
720575941651827989,77336624644242111,AN10B022_T3,ascending,AN10B022,right,31.229435790633456,-16.790608025683348,AN_10,#695B52
720575941439550271,77129367037767134,AN07B040,ascending,AN07B040,left,6.686130870436922,16.83344211469751,AN_07,#BFB09A
720575941472044352,76282811804053520,DNg82,descending,DNg82,left,-27.07059777870248,-17.006411172045652,DN_12,#FBCD5A
720575941503634341,76989110988506720,AN17A073,ascending,AN17A073,left,-14.243250976944669,23.202233694897707,AN_08,#51B07B
720575941591448972,75717937839055563,DNa08,descending,DNa08,right,-13.071249138260587,-2.4923711787595195,DN_01,#EC9832
720575941496208071,75930005674642230,DNge058,descending,DNge058,right,12.417676795577304,3.274947308407839,DN_02,#298ABB
720575941547044980,76282811803394015,AN07B052,ascending,AN07B052,right,-4.214876781845793,-26.41814479936499,AN_04,#947E6C
720575941565508759,76988767122679996,DNge102,descending,DNge102,left,-8.027871261978849,23.981456183301027,DN_05,#D24A2C
720575941565533591,76426298138358913,AN05B054,ascending,AN05B054,left,17.523819793319003,38.41337718855005,AN_13,#48A9D9
720575941536972018,75930074528339402,DNge045,descending,DNge045,right,-4.4465724338538495,-24.537735558642332,DN_04,#947E6C
720575941564152722,76215123521816604,AN07B045,ascending,AN07B045,left,-5.727798591995939,3.1484552849398213,AN_01,#EC9832
720575941655820244,76281574450829178,DNg21,descending,DNg21,left,29.890398849105136,22.64655246626001,DN_18,#52AE4E
720575941586445534,76707086054653832,AN07B062,ascending,AN07B062,left,-23.482310425186856,15.43170108686548,AN_01,#EC9832
720575941573479326,76282811803344179,AN19B039,ascending,AN19B039,right,7.586150039290682,-31.212568856371824,AN_04,#947E6C
720575941404754544,76142074315445836,ANXXX169_A1,ascending,ANXXX169,left,-12.643547188187345,1.9502653111086445,AN_03,#F7BA3C
720575941487869904,76142074248056068,AN05B062,ascending,AN05B062,left,-7.039785038376555,25.590861700879152,AN_01,#EC9832
720575941487659984,75718899643907767,DNge016,descending,DNge016,right,-21.449309479141935,-17.324215508593504,DN_12,#FBCD5A
720575941609747430,75718830990830407,DNge014,descending,DNge014,right,-25.545773636246427,-18.090376473559324,DN_12,#FBCD5A
720575941393722006,76212442992569810,AN08B081,ascending,AN08B081,right,-20.149628769303067,19.19617404829126,AN_08,#51B07B
720575941564682135,76356135820770957,AN05B050,ascending,AN05B050,left,-8.841265808487638,27.173003577099855,AN_01,#EC9832
720575941439567327,75648324405670662,DNge025,descending,DNge025,right,30.297039855574862,20.821792029248293,DN_18,#52AE4E
720575941531528421,76145923075972793,AN05B062,ascending,AN05B062,left,-7.039785038376555,25.590861700879152,AN_01,#EC9832
720575941550401086,75507587051213708,DNge001,descending,DNge001,right,29.90100752220084,21.34823932539087,DN_18,#52AE4E
720575941413566748,76353180548022908,AN19B059,ascending,AN19B059,right,13.272226203536288,-37.014002419604246,AN_11,#FE4545
720575941495729019,76212442991966288,AN05B068,ascending,AN05B068,right,-0.9738567282206858,30.88542880903345,AN_13,#48A9D9
720575941595083734,76425816766587880,AN01B014,ascending,AN01B014,right,-3.1226400245673505,24.69012966047388,AN_05,#D24A2C
720575941669329139,75718418204502889,ANXXX462a,ascending,ANXXX462a,right,0.5603083263390218,11.957429312573488,AN_07,#BFB09A
720575941538877133,76426435913033327,AN06B046,ascending,AN06B046,right,19.886227477645175,2.515449904309328,AN_06,#4D9C3C
720575941645080225,76145991862350132,AN05B062,ascending,AN05B062,left,-7.039785038376555,25.590861700879152,AN_01,#EC9832
720575941593493099,76001336826745056,AN06B044,ascending,AN06B044,left,-0.2027759064681376,-29.534372903002684,AN_04,#947E6C
720575941654405076,76145854356438738,AN05B062,ascending,AN05B062,left,-7.039785038376555,25.590861700879152,AN_01,#EC9832
720575941461310096,76004498459703540,AN02A022,ascending,AN02A022,right,-11.905963074112638,-39.90801487077612,AN_04,#947E6C
720575941631635426,75934610885915561,AN06A030,ascending,AN06A030,right,-8.766082893753751,4.45549955259424,AN_03,#F7BA3C
720575941483105475,76566348431622705,AN08B049,ascending,AN08B049,right,-9.60414899482797,29.12268581281763,AN_08,#51B07B
720575941611420134,76636648657581133,AN07B052,ascending,AN07B052,left,-4.214876781845793,-26.41814479936499,AN_04,#947E6C
720575941498862242,76142074248466284,AN08B099,ascending,AN08B099,right,0.6303855072014486,6.299845122204836,AN_08,#51B07B
720575941489083596,76001474332954498,DNg02_f,descending,DNg02_f,right,-20.269101272965177,-8.845269776476805,DN_06,#4D9C3C
720575941475322410,76282811736622890,AN07B062,ascending,AN07B062,right,-23.482310425186856,15.43170108686548,AN_01,#EC9832
720575941579616081,76282811803975486,DNp16,descending,DNp16,left,1.713943828200594,-19.297701455248777,DN_06,#4D9C3C
720575941655117012,75859637198612284,DNg11,descending,DNg11,right,-4.971650730515226,-17.496357537402098,DN_06,#4D9C3C
720575941535942744,76633693183216976,DNg58,descending,DNg58,left,6.665951121901766,-13.313383675707762,DN_04,#947E6C
720575941527078681,76496460723988418,AN09B033_A4,ascending,AN09B033,left,4.234620917891756,17.31045093427759,AN_07,#BFB09A
720575941566475623,76988904427159750,AN09B020_T1,ascending,AN09B020,right,16.936920989608065,37.66573848615747,AN_13,#48A9D9
720575941624257532,76071705570917443,DNp41,descending,DNp41,right,-3.2063144554145184,-16.18063221086401,DN_02,#298ABB
720575941415395473,76777729542080572,AN05B078,ascending,AN05B078,right,1.0688919912331258,28.83155002485376,AN_05,#D24A2C
720575941439740895,76563118549606613,DNg11,descending,DNg11,left,-4.971650730515226,-17.496357537402098,DN_06,#4D9C3C
720575941541839389,76142074315177973,ANXXX169_A4,ascending,ANXXX169,right,-13.537944923783048,1.141029261456545,AN_03,#F7BA3C
720575941446801333,76212443059251857,AN06B068,ascending,AN06B068,right,20.116810668563144,1.8535373438463765,AN_06,#4D9C3C
720575941552229887,76355105029038086,AN06A027,ascending,AN06A027,right,-12.322871338272794,3.1032921303377705,AN_03,#F7BA3C
720575941440529493,76425679998352411,ANXXX989,ascending,ANXXX989,right,-11.480829368973478,6.869889162884768,AN_03,#F7BA3C
720575941578492761,76282811803410820,AN07B051,ascending,AN07B051,right,-0.10355890884469399,-32.25301990617651,AN_04,#947E6C
720575941595303717,76282811736640383,AN07B045,ascending,AN07B045,right,-5.727798591995939,3.1484552849398213,AN_01,#EC9832
720575941527644600,76211549437761049,DNg57,descending,DNg57,left,-1.1072086800582255,13.966886900769289,DN_03,#F7BA3C
720575941523079671,75577680984449006,DNg106,descending,DNg106,right,-17.416037689591153,-25.52944622148413,DN_06,#4D9C3C
720575941590576424,76281780810318747,DNge091,descending,DNge091,right,-14.263059746170743,-22.81979236711401,DN_06,#4D9C3C
720575941543106652,76282811803419272,AN07B049,ascending,AN07B049,right,1.6027747283928548,-34.85561237443823,AN_04,#947E6C
720575941570733556,76356479350969493,AN09B040_T3,ascending,AN09B040,right,-6.760597359085783,31.202680014477785,AN_17,#8B3A9C
720575941612374425,76353180480417268,DNge173,descending,DNge173,left,14.482550490950839,2.1691578854189473,DN_09,#E42E2E
720575941629121004,76001336759920100,AN07B062,ascending,AN07B062,left,-23.482310425186856,15.43170108686548,AN_01,#EC9832
720575941599049152,75788925125571764,DNpe004,descending,DNpe004,right,9.51713072166373,-29.133886910571043,DN_04,#947E6C
720575941655483092,76005803928889697,AN09B032_T3,ascending,AN09B032,left,4.794488776778475,22.544122122632082,AN_07,#BFB09A
720575941604585662,76140630938526464,DNg106,descending,DNg106,right,-17.416037689591153,-25.52944622148413,DN_06,#4D9C3C
720575941551486463,76496254565765275,AN05B078,ascending,AN05B078,left,1.0688919912331258,28.83155002485376,AN_05,#D24A2C
720575941509788033,76282811736309310,AN01B014,ascending,AN01B014,left,-3.1226400245673505,24.69012966047388,AN_05,#D24A2C
720575941429706671,76636717176232661,AN08B069,ascending,AN08B069,left,-0.5558013875729884,11.08513584028345,AN_01,#EC9832
720575941468982795,75718418070033182,DNg106,descending,DNg106,right,-17.416037689591153,-25.52944622148413,DN_06,#4D9C3C
720575941598952604,76353180480669770,ANXXX214,ascending,ANXXX214,right,-11.176055084610685,2.9997738827334004,AN_03,#F7BA3C
720575941564402023,77055630703299700,DNg09,descending,DNg09,left,-12.503604065323575,-20.87852726091284,DN_06,#4D9C3C
720575941495918665,76282811736682772,DNg106,descending,DNg106,left,-17.416037689591153,-25.52944622148413,DN_06,#4D9C3C
720575941687421302,75930005809092770,DNg09,descending,DNg09,left,-12.503604065323575,-20.87852726091284,DN_06,#4D9C3C
720575941537490813,76071705504191964,AN08B089,ascending,AN08B089,left,-19.86726106300424,19.055455588208254,AN_08,#51B07B
720575941542580316,76004910843908790,AN06A026_A1,ascending,AN06A026,right,8.343067992781894,-38.13299808610815,AN_11,#FE4545
720575941474398513,76707017200904834,AN08B089,ascending,AN08B089,left,-19.86726106300424,19.055455588208254,AN_08,#51B07B
720575941584708486,76001336826680777,DNge113,descending,DNge113,left,-12.157431732559903,-20.52863369096655,DN_06,#4D9C3C
720575941495964615,76142074247963208,AN09B044,ascending,AN09B044,left,-6.34096826210092,30.33784999738794,AN_17,#8B3A9C
720575941654974169,76847754756223686,AN01A049,ascending,AN01A049,left,-14.55679620399545,17.278697394238527,AN_08,#51B07B
720575941507241495,76703649476912376,DNge147,descending,DNge147,left,10.25947462425162,4.629820250378664,DN_09,#E42E2E
720575941479563650,76707085920070516,DNge120,descending,DNge120,right,-6.879148613358244,11.088390730725344,DN_01,#EC9832
720575941684845551,76282811736640397,AN07B046,ascending,AN07B046,right,16.461001266097323,-33.16872272600073,AN_11,#FE4545
720575941507208613,76282811736625843,AN07B060,ascending,AN07B060,right,12.68756185874869,-33.096384621752684,AN_11,#FE4545
720575941632353506,76000237247946354,AN02A025,ascending,AN02A025,right,8.535827506636874,-2.7141002189053935,AN_14,#77C8F2
720575941455744496,76282811736426252,ANXXX200_T1,ascending,ANXXX200,right,0.556878913497225,-27.827791787280027,AN_04,#947E6C
720575941701672666,75788856004003850,DNge097,descending,DNge097,right,-2.452589284325346,-26.409988976611082,DN_06,#4D9C3C
720575941413167215,76636648658428876,AN07B049,ascending,AN07B049,left,1.6027747283928548,-34.85561237443823,AN_04,#947E6C
720575941439209679,76001336759896368,ANXXX976,ascending,ANXXX976,left,-3.3157175888068524,6.670341872082766,AN_01,#EC9832
720575941553985875,76633693385323285,DNg02_h,descending,DNg02_h,left,-19.492798935318692,-12.547969437731687,DN_06,#4D9C3C
720575941431332088,76566623242794813,AN05B071,ascending,AN05B071,left,3.6097344051354083,57.08291759382349,AN_13,#48A9D9
720575941483554189,76282811804050490,DNge175,descending,DNge175,left,-25.543532501602872,-17.920265771044676,DN_12,#FBCD5A
720575941608988013,75513772743723940,ANXXX984,ascending,ANXXX984,left,3.151465047454134,17.610144995556887,AN_07,#BFB09A
720575941612425190,76282811736177736,AN09B034,ascending,AN09B034,right,10.179431785201327,13.209351919995363,AN_02,#298ABB
720575941653335829,76075691703503420,AN05B053_A4,ascending,AN05B053,left,2.893788684462801,29.426082037793215,AN_03,#F7BA3C
720575941516122540,76071705504094170,AN08B099,ascending,AN08B099,left,0.6303855072014486,6.299845122204836,AN_08,#51B07B
720575941450897589,76636922999022012,AN09B032_T1,ascending,AN09B032,right,5.719673026656404,22.048037909375246,AN_07,#BFB09A
720575941447762196,76566279712708987,AN08B031,ascending,AN08B031,right,0.5979580770485555,10.116353415356691,AN_01,#EC9832
720575941442861482,77055287240249360,DNge113,descending,DNge113,left,-12.157431732559903,-20.52863369096655,DN_06,#4D9C3C
720575941505237995,76142074247916104,AN05B046,ascending,AN05B046,left,17.563662398909823,38.57593288313013,AN_13,#48A9D9
720575941656864724,75654166701167143,AN05B053_A5,ascending,AN05B053,left,2.8854871879570636,29.670682333813723,AN_03,#F7BA3C
720575941561659181,76071361906593001,DNx02,sensory_descending,DNx02,right,NA,NA,NA,NA
720575941659223888,75718968296109209,AN06B999,ascending,AN06B999,left,4.505244124984041,-15.110074616564695,AN_04,#947E6C
720575941468221149,76352561938203096,AN06B068,ascending,AN06B068,right,20.116810668563144,1.8535373438463765,AN_06,#4D9C3C
720575941424975956,76282811803491894,AN06B999,ascending,AN06B999,right,4.505244124984041,-15.110074616564695,AN_04,#947E6C
720575941564189026,76566554590370396,AN05B083,ascending,AN05B083,left,-1.3846984614379252,31.24317111860376,AN_05,#D24A2C
720575941439029951,76844593525943222,DNg02_b,descending,DNg02_b,left,-19.63470376625131,-7.187824822558348,DN_06,#4D9C3C
720575941565293063,76353180547871228,DNge019,descending,DNge019,left,32.41988264427115,15.776143454419191,DN_18,#52AE4E
720575941428164233,76001336759585161,DNge174,descending,DNge174,right,14.119758475875155,2.266414069043215,DN_09,#E42E2E
720575941721640506,76774087208845315,DNg46,descending,DNg46,left,-10.59028066291879,-38.798811532153074,DN_04,#947E6C
720575941612311981,76918398579938317,AN19B042,ascending,AN19B042,left,5.5162171016686115,-1.2281480800046367,AN_02,#298ABB
720575941632898757,76001336760129035,AN19B039,ascending,AN19B039,right,7.586150039290682,-31.212568856371824,AN_04,#947E6C
720575941537510386,76777661225519725,AN06A041,ascending,AN06A041,left,-4.230514179611906,-10.08791504014868,AN_06,#4D9C3C
720575941434014734,76633486890821857,DNge001,descending,DNge001,left,29.90100752220084,21.34823932539087,DN_18,#52AE4E
720575941400319779,76425542157029101,AN08B022_T1,ascending,AN08B022,right,8.169091094588534,9.712746046887453,AN_02,#298ABB
720575941503680087,76142074315313113,AN06A027,ascending,AN06A027,left,-12.322871338272794,3.1032921303377705,AN_03,#F7BA3C
720575941681019325,76142074247935589,AN09B040_T2,ascending,AN09B040,left,1.2489319931023275,21.921258353100832,AN_17,#8B3A9C
720575941458853702,76212442992103639,AN05B062,ascending,AN05B062,right,-7.039785038376555,25.590861700879152,AN_01,#EC9832
720575941529744869,76633212213981516,DNg106,descending,DNg106,left,-17.416037689591153,-25.52944622148413,DN_06,#4D9C3C
720575941514372049,76495910767219839,AN09B020_T1,ascending,AN09B020,left,16.936920989608065,37.66573848615747,AN_13,#48A9D9
720575941487448205,76774155861414720,DNge110,descending,DNge110,left,-15.973022591019376,-19.64414653886694,DN_06,#4D9C3C
720575941681032125,76001336827347852,DNg02_d,descending,DNg02_d,right,-6.017961155319914,2.6047009457216816,DN_06,#4D9C3C
720575941663471740,76003673356506625,AN03B095,ascending,AN03B095,right,0.15847967967917076,-21.992617226733152,AN_04,#947E6C
720575941563084690,76636648658060965,AN07B042,ascending,AN07B042,left,-0.6293396574206198,-32.3591333400144,AN_04,#947E6C
720575941566544647,76071705503787479,AN05B049,ascending,AN05B049,left,-3.251049887085661,16.758494757519777,AN_03,#F7BA3C
720575941552165255,75373104377540082,SA_MDA_1,sensory_ascending,SA_MDA_1,left,NA,NA,NA,NA
720575941504602418,75718555844780058,DNge130,descending,DNge130,right,-9.146652351761563,13.840947531567629,DN_05,#D24A2C
720575941509352976,76426435912751140,vMS13,ascending,vMS13,left,-4.993682514572844,-19.79019031633276,AN_06,#4D9C3C
720575941505673566,76001336893829999,DNg82,descending,DNg82,right,-27.07059777870248,-17.006411172045652,DN_12,#FBCD5A
720575941604343737,76001336893805710,DNg110,descending,DNg110,right,-18.049807678604825,-16.493101693285887,DN_06,#4D9C3C
720575941639531125,77195612613175658,AN17A062_T3,ascending,AN17A062,left,4.9015749584191,19.395867728100832,AN_07,#BFB09A
720575941476037918,76282811803390923,AN07B060,ascending,AN07B060,right,12.68756185874869,-33.096384621752684,AN_11,#FE4545
720575941525888100,76142074248565815,ANXXX410,ascending,ANXXX410,left,-2.321007381821379,13.390361212597902,AN_03,#F7BA3C
720575941353112112,76637404773244188,AN07B046,ascending,AN07B046,left,16.461001266097323,-33.16872272600073,AN_11,#FE4545
720575941406270576,75929318412950930,ANXXX433,ascending,ANXXX433,right,1.5242551456444418,15.444956206189211,AN_07,#BFB09A
720575941505425858,76495635822134076,ANXXX255,ascending,ANXXX255,right,8.966136802291171,5.839211367474611,AN_07,#BFB09A
720575941433591511,76145854423378644,AN05B060,ascending,AN05B060,right,-9.615701805496915,26.56821575056177,AN_01,#EC9832
720575941526632194,76146266539241399,AN09B044,ascending,AN09B044,right,-6.34096826210092,30.33784999738794,AN_17,#8B3A9C
720575941544217436,76145854356577119,AN05B063_T3,ascending,AN05B063,left,15.288228858565585,36.87811031232935,AN_03,#F7BA3C
720575941436313888,76282811804012831,DNge105,descending,DNge105,left,10.813788283919589,5.486071490155275,DN_03,#F7BA3C
720575941472522304,76282811803446884,AN07B049,ascending,AN07B049,right,1.6027747283928548,-34.85561237443823,AN_04,#947E6C
720575941555052571,77059067281440165,ANXXX200_T1,ascending,ANXXX200,left,0.556878913497225,-27.827791787280027,AN_04,#947E6C
720575941492467070,76777523585495493,AN07B062,ascending,AN07B062,left,-23.482310425186856,15.43170108686548,AN_01,#EC9832
720575941538257635,76707086054632071,AN07B049,ascending,AN07B049,left,1.6027747283928548,-34.85561237443823,AN_04,#947E6C
720575941568835834,76212442992797910,DNx02,sensory_descending,DNx02,left,NA,NA,NA,NA
720575941499062601,76144273137521273,AN07B040,ascending,AN07B040,right,6.686130870436922,16.83344211469751,AN_07,#BFB09A
720575941560597775,76703993409840631,DNg110,descending,DNg110,left,-18.049807678604825,-16.493101693285887,DN_06,#4D9C3C
720575941477662001,75654097915369219,ANXXX202,ascending,ANXXX202,left,-17.166600357437833,3.771719359265383,AN_15,#6A2978
720575941471405664,76566485535187071,SNxx29,sensory_ascending,SNxx29,right,NA,NA,NA,NA
720575941432832097,76777454798995940,AN07B062,ascending,AN07B062,left,-23.482310425186856,15.43170108686548,AN_01,#EC9832
720575941493928064,75930968082770380,DNg12_a,descending,DNg12_a,right,31.308951247786776,17.191420935498293,DN_04,#947E6C
720575941508500609,76633212012999439,DNge081,descending,DNge081,left,7.8420675884239825,6.650027655468996,DN_02,#298ABB
720575941496426695,76703856037860012,DNg02_f,descending,DNg02_f,left,-20.269101272965177,-8.845269776476805,DN_06,#4D9C3C
720575941521067191,76212443059213953,AN08B071,ascending,AN08B071,right,16.03008352622916,-33.48395023454565,AN_11,#FE4545
720575941503461867,76703855903123035,DNge010,descending,DNge010,left,-2.010472427750334,10.134142302380617,DN_01,#EC9832
720575941493106119,76282811736616899,AN07B046,ascending,AN07B046,right,16.461001266097323,-33.16872272600073,AN_11,#FE4545
720575941544710405,76426710925157247,AN08B079,ascending,AN08B079,left,16.13389860496451,-33.122149087084715,AN_11,#FE4545
720575941528001958,76707086054707779,AN07B072_T1,ascending,AN07B072,left,2.765220273589388,-29.668093300951902,AN_04,#947E6C
720575941441643867,76284873858027288,DNg02_g,descending,DNg02_g,right,-20.022225510025724,-8.20712719072241,DN_06,#4D9C3C
720575941561589486,76071705503874696,AN17A068,ascending,AN17A068,right,0.3852361331932699,22.76921787153345,AN_03,#F7BA3C
720575941566061575,76563049427264983,AN17A076,ascending,AN17A076,right,16.182133544539706,37.601205252514895,AN_13,#48A9D9
720575941575439798,76216291819860130,AN05B062,ascending,AN05B062,right,-7.039785038376555,25.590861700879152,AN_01,#EC9832
720575941687667574,76212442992695858,AN08B998,ascending,AN08B998,right,2.9207631240837726,6.140879057751711,AN_02,#298ABB
720575941656710736,75577887209960444,DNge091,descending,DNge091,right,-14.263059746170743,-22.81979236711401,DN_06,#4D9C3C
720575941590435070,75507106484494277,DNpe010,descending,DNpe010,right,-18.236941467667325,-7.866356469286863,DN_06,#4D9C3C
720575941448922717,76211618291896386,DNg11,descending,DNg11,right,-4.971650730515226,-17.496357537402098,DN_06,#4D9C3C
720575941477736066,75718831058040027,DNg92_a,descending,DNg92_a,right,-20.87442315712045,-13.311910248888914,DN_06,#4D9C3C
720575941612278630,76356204674862265,AN06B012,ascending,AN06B012,left,11.09770761833121,-2.9146080981625957,AN_14,#77C8F2
720575941630971372,76142074248433283,AN08B086,ascending,AN08B086,right,-9.282125603104337,29.407433890210207,AN_01,#EC9832
720575941586648198,76211205706484297,ANXXX433,ascending,ANXXX433,left,1.5242551456444418,15.444956206189211,AN_07,#BFB09A
720575941559170030,76004567112448459,AN08B079,ascending,AN08B079,right,16.13389860496451,-33.122149087084715,AN_11,#FE4545
720575941429552815,76210999548074057,AN05B076,ascending,AN05B076,left,1.524199594115511,16.596669577466066,AN_07,#BFB09A
720575941411184043,76707292078934305,AN05B071,ascending,AN05B071,right,3.6097344051354083,57.08291759382349,AN_13,#48A9D9
720575941572620446,76844318581027711,DNb03,descending,DNb03,left,-0.553745846892103,-15.13097915758032,DN_04,#947E6C
720575941494986951,75718624899775422,DNg02_c,descending,DNg02_c,right,-18.4440642704017,-7.534541226519529,DN_06,#4D9C3C
720575941513720979,76282811736608242,AN07B062,ascending,AN07B062,right,-23.482310425186856,15.43170108686548,AN_01,#EC9832
720575941542484060,76636923334495299,AN05B071,ascending,AN05B071,left,3.6097344051354083,57.08291759382349,AN_13,#48A9D9
720575941615259289,75648324472094979,DNge025,descending,DNge025,right,30.297039855574862,20.821792029248293,DN_18,#52AE4E
720575941577436761,76636717176568283,AN08B081,ascending,AN08B081,left,-20.149628769303067,19.19617404829126,AN_08,#51B07B
720575941546829601,76636648657795343,AN07B052,ascending,AN07B052,left,-4.214876781845793,-26.41814479936499,AN_04,#947E6C
720575941514949881,75789268454901193,DNge072,descending,DNge072,right,1.9439893852226888,-16.57413158525366,DN_04,#947E6C
720575941483582659,76071705503752798,AN05B056,ascending,AN05B056,left,-2.0356997360236493,28.606007956372316,AN_03,#F7BA3C
720575941533857546,76071705504191904,AN07B041,ascending,AN07B041,left,-0.6322801370866145,-29.062578774584715,AN_06,#4D9C3C
720575941469678557,75296137288309825,DNge113,descending,DNge113,right,-12.157431732559903,-20.52863369096655,DN_06,#4D9C3C
720575941636531573,76074867136734363,AN08B071,ascending,AN08B071,right,16.03008352622916,-33.48395023454565,AN_11,#FE4545
720575941536778389,76704062129329165,DNg01,descending,DNg01,left,-26.671885620499356,-16.5366292964353,DN_12,#FBCD5A
720575941659653712,76001336760194651,AN07B049,ascending,AN07B049,left,1.6027747283928548,-34.85561237443823,AN_04,#947E6C
720575941514096787,76566279712585692,AN08B086,ascending,AN08B086,left,-9.282125603104337,29.407433890210207,AN_01,#EC9832
720575941566204470,76282811736614087,AN07B062,ascending,AN07B062,right,-23.482310425186856,15.43170108686548,AN_01,#EC9832
720575941513772179,76282811736750917,DNge091,descending,DNge091,right,-14.263059746170743,-22.81979236711401,DN_06,#4D9C3C
720575941559104813,76704062129263627,DNg02_a,descending,DNg02_a,left,-20.86037934913705,-13.90585765947241,DN_06,#4D9C3C
720575941447838996,76072461485339117,DNge097,descending,DNge097,left,-2.452589284325346,-26.409988976611082,DN_06,#4D9C3C
720575941644291154,76988835573230649,AN01B018,ascending,AN01B018,left,4.86395870551993,17.14034595380884,AN_07,#BFB09A
720575941595949937,76216017143628952,AN06A026_A1,ascending,AN06A026,left,8.343067992781894,-38.13299808610815,AN_11,#FE4545
720575941556839204,76001336826756573,AN08B079,ascending,AN08B079,left,16.13389860496451,-33.122149087084715,AN_11,#FE4545
720575941476041265,76001336826981104,AN19B059,ascending,AN19B059,right,13.272226203536288,-37.014002419604246,AN_11,#FE4545
720575941546427836,76356754498093257,AN07B043,ascending,AN07B043,left,-7.60200751915048,-13.747473336352293,AN_06,#4D9C3C
720575941503193916,76142074180715972,AN_GNG_SAD_6,ascending,AN_GNG_SAD_6,left,3.7799266468041095,20.84378948103052,AN_07,#BFB09A
720575941614483475,75577680917606012,DNg08_b,descending,DNg08_b,right,-4.972335468674406,3.5847653378115254,DN_06,#4D9C3C
720575941522091255,76075348239862960,AN06B048,ascending,AN06B048,right,5.357511390303865,-38.56321964372534,AN_04,#947E6C
720575941470236023,75718075680945362,DNpe041,descending,DNpe041,right,-11.781131874466642,5.825153731213625,DN_03,#F7BA3C
720575941649039637,76282811736691494,AN07B052,ascending,AN07B052,right,-4.214876781845793,-26.41814479936499,AN_04,#947E6C
720575941428365193,75577955728536977,DNg12_b,descending,DNg12_b,right,32.997225631331695,14.304747008191164,DN_18,#52AE4E
720575941505059397,76707086054468698,AN07B070,ascending,AN07B070,left,-24.499835144425138,15.618225478039797,AN_01,#EC9832
720575941633591739,76353180547799789,AN19B046,ascending,AN19B046,right,-13.82575143470834,-33.51385746110815,AN_11,#FE4545
720575941507453313,75934679404673430,AN03B050,ascending,AN03B050,right,1.9252852092735921,-31.626564599169676,AN_04,#947E6C
720575941468862583,76633418372978639,DNge091,descending,DNge091,left,-14.263059746170743,-22.81979236711401,DN_06,#4D9C3C
720575941723220282,76212442924883571,DNpe029,descending,DNpe029,left,1.8682440410607015,20.895556830273684,DN_05,#D24A2C
720575941574442235,76071705504383664,AN08B998,ascending,AN08B998,left,2.9207631240837726,6.140879057751711,AN_02,#298ABB
720575941546424425,76075073295137701,AN08B071,ascending,AN08B071,right,16.03008352622916,-33.48395023454565,AN_11,#FE4545
720575941454494889,76422449579020072,DNg36_a,descending,DNg36_a,left,-9.1237126697547275,-36.081228829516355,DN_04,#947E6C
720575941434954126,76212442992341215,AN10B031,ascending,AN10B031,right,-26.40393746986459,3.9519080151186543,AN_16,#F36237
720575941690874331,76562912592342258,DNp16,descending,DNp16,left,1.713943828200594,-19.297701455248777,DN_06,#4D9C3C
720575941467636246,76353180480600114,AN19B051_A2,ascending,AN19B051,right,1.0545920024864828,2.681899927960451,AN_01,#EC9832
720575941402279971,76212442992759303,AN08B089,ascending,AN08B089,right,-19.86726106300424,19.055455588208254,AN_08,#51B07B
720575941623407050,75577818490485593,DNg09,descending,DNg09,right,-12.503604065323575,-20.87852726091284,DN_06,#4D9C3C
720575941532187626,76212443059214009,AN08B071,ascending,AN08B071,right,16.03008352622916,-33.48395023454565,AN_11,#FE4545
720575941625457148,76356135820729580,AN05B049,ascending,AN05B049,right,-3.251049887085661,16.758494757519777,AN_03,#F7BA3C
720575941628349990,76353180547807950,DNge029,descending,DNge029,right,28.223826278304355,17.350636862622316,DN_09,#E42E2E
720575941662495356,76212443059213936,DNg07,descending,DNg07,right,-14.95203889503549,-21.577587700976316,DN_06,#4D9C3C
720575941668465319,76212443059298713,DNge111,descending,DNge111,right,-15.304492126847013,-23.03655490983862,DN_06,#4D9C3C
720575941558153261,76282811736605461,AN07B060,ascending,AN07B060,right,12.68756185874869,-33.096384621752684,AN_11,#FE4545
720575941560405875,76636854615216084,AN05B071,ascending,AN05B071,left,3.6097344051354083,57.08291759382349,AN_13,#48A9D9
720575941540462285,76001336759684222,DNde003,descending,DNde003,right,12.796958793257968,-3.0061012278928203,DN_14,#77C8F2
720575941595940032,76286179595266790,AN07B056,ascending,AN07B056,left,4.049811233138338,-39.721582986010496,AN_04,#947E6C
720575941595520039,76632800703044816,DNpe041,descending,DNpe041,left,-11.781131874466642,5.825153731213625,DN_03,#F7BA3C
720575941485358733,75648324673631543,DNge091,descending,DNge091,right,-14.263059746170743,-22.81979236711401,DN_06,#4D9C3C
720575941652156657,76562981311866011,DNp41,descending,DNp41,left,-3.2063144554145184,-16.18063221086401,DN_02,#298ABB
720575941668914609,75436256234228272,DNge145,descending,DNge145,right,-13.155227791214688,-22.18090877641577,DN_06,#4D9C3C
720575941476250164,76353180480489025,DNge045,descending,DNge045,left,-4.4465724338538495,-24.537735558642332,DN_04,#947E6C
720575941651139349,76282811870361995,DNg92_a,descending,DNg92_a,left,-20.87442315712045,-13.311910248888914,DN_06,#4D9C3C
720575941547175092,76637886010777421,AN19B051_A3,ascending,AN19B051,right,0.0025432001106893143,3.2128757465944844,AN_01,#EC9832
720575941535167320,76212443059853519,DNge134,descending,DNge134,left,10.262493957137362,-2.9159389506711406,DN_14,#77C8F2
720575941445302804,76142074248397102,AN08B066,ascending,AN08B066,left,-8.843011032486661,28.808902167187746,AN_17,#8B3A9C
720575941659661624,76282811803397183,AN07B052,ascending,AN07B052,right,-4.214876781845793,-26.41814479936499,AN_04,#947E6C
720575941415777937,76703649678161171,DNge091,descending,DNge091,left,-14.263059746170743,-22.81979236711401,DN_06,#4D9C3C
720575941481339215,76071705504155450,AN08B031,ascending,AN08B031,left,0.5979580770485555,10.116353415356691,AN_01,#EC9832
720575941507243333,77058860988687186,DNge061,descending,DNge061,left,-1.8975050558097208,6.356472395764406,DN_03,#F7BA3C
720575941473793322,76001336893799114,DNg02_a,descending,DNg02_a,right,-20.86037934913705,-13.90585765947241,DN_06,#4D9C3C
720575941546194364,75366506099408009,DNge145,descending,DNge145,right,-13.155227791214688,-22.18090877641577,DN_06,#4D9C3C
720575941454260275,75648049728942293,DNg106,descending,DNg106,right,-17.416037689591153,-25.52944622148413,DN_06,#4D9C3C
720575941595615783,75788856003570459,DNg106,descending,DNg106,left,-17.416037689591153,-25.52944622148413,DN_06,#4D9C3C
720575941574375272,75930143247891930,DNge091,descending,DNge091,left,-14.263059746170743,-22.81979236711401,DN_06,#4D9C3C
720575941583462110,75648255954141643,DNge154,descending,DNge154,right,-16.18623078956674,-19.550018883837645,DN_06,#4D9C3C
720575941702148570,76212442924875383,LgAG8,ascending,AN09B028,right,4.902751792525545,21.35567226301294,AN_07,#BFB09A
720575941643557458,76286385820666657,AN19B101,ascending,AN19B101,left,15.14448725089957,-37.576067544115965,AN_11,#FE4545
720575941601937961,76353180547835696,DNpe010,descending,DNpe010,left,-18.236941467667325,-7.866356469286863,DN_06,#4D9C3C
720575941662498940,76637267334616150,AN06B068,ascending,AN06B068,right,20.116810668563144,1.8535373438463765,AN_06,#4D9C3C
720575941501552983,75718624899782584,DNg02_g,descending,DNg02_g,right,-20.022225510025724,-8.20712719072241,DN_06,#4D9C3C
720575941609235302,76703580958747989,DNge090,descending,DNge090,left,-14.403949867630704,-24.71140537370581,DN_06,#4D9C3C
720575941612042972,76212443059235247,AN08B100_T2,ascending,AN08B100,right,-0.5315523554332102,1.6564235914812642,AN_02,#298ABB
720575941596218225,75648255954228205,DNg09,descending,DNg09,right,-12.503604065323575,-20.87852726091284,DN_06,#4D9C3C
720575941529830840,76353180547821731,DNge025,descending,DNge025,left,30.297039855574862,20.821792029248293,DN_18,#52AE4E
720575941557326675,76075554667242317,AN17B013_A1,ascending,AN17B013,left,-10.542918335343106,15.326948546277102,AN_03,#F7BA3C
720575941630209221,76567173468614750,AN07B046,ascending,AN07B046,left,16.461001266097323,-33.16872272600073,AN_11,#FE4545
720575941430108809,76356548339114465,AN08B079,ascending,AN08B079,left,16.13389860496451,-33.122149087084715,AN_11,#FE4545
720575941433030414,75930968015622689,DNge025,descending,DNge025,right,30.297039855574862,20.821792029248293,DN_18,#52AE4E
720575941512957393,76004842057199294,AN19B079,ascending,AN19B079,right,11.869743217086093,-40.67751178850073,AN_11,#FE4545
720575941472752736,76567379358510151,AN10B037_T2,ascending,AN10B037,left,29.452383864974276,-1.7515307437314434,AN_16,#F36237
720575941529819832,77547524785241588,AN10B029_T3,ascending,AN10B029,right,32.40170942649771,-18.71688518632788,AN_10,#695B52
720575941538543253,76001130601271606,AN07B071,ascending,AN07B071,left,2.1982797275536212,-27.634762383593504,AN_04,#947E6C
720575941557948068,76005254508125284,AN06B039_A1,ascending,AN06B039,right,-6.844748150253996,19.188329123364504,AN_01,#EC9832
720575941474608170,76777660688578341,DNpe029,descending,DNpe029,left,1.8682440410607015,20.895556830273684,DN_05,#D24A2C
720575941429194633,76282811803482956,AN07B072_T1,ascending,AN07B072,right,2.765220273589388,-29.668093300951902,AN_04,#947E6C
720575941507434775,76142074180719370,unknown_maxillary-labial_sensory,sensory_descending,unknown_maxillary-labial_sensory,right,NA,NA,NA,NA
720575941564705431,76071705504037868,AN10B047_T2,ascending,AN10B047,left,33.995028365706695,-6.579764462603514,AN_10,#695B52
720575941562036743,76001336827249868,DNpe004,descending,DNpe004,right,9.51713072166373,-29.133886910571043,DN_04,#947E6C
720575941579645173,76282811803920653,AN07B063,ascending,AN07B063,right,10.94858538017203,-32.93203983415503,AN_11,#FE4545
720575941479604643,76212442992637306,AN08B099,ascending,AN08B099,right,0.6303855072014486,6.299845122204836,AN_08,#51B07B
720575941393488790,76567173468490689,AN07B046,ascending,AN07B046,left,16.461001266097323,-33.16872272600073,AN_11,#FE4545
720575941450261831,77762274156530695,SApp10,sensory_ascending,SApp10,left,NA,NA,NA,NA
720575941434874912,76282811870576621,DNg03,descending,DNg03,left,-18.421879898453458,-16.016665078295652,DN_03,#F7BA3C
720575941579187321,76355380041314043,ANXXX990,ascending,ANXXX990,right,-10.71906770362924,6.786852740155275,AN_03,#F7BA3C
720575941581666655,76282811803838380,vMS13,ascending,vMS13,right,-4.993682514572844,-19.79019031633276,AN_06,#4D9C3C
720575941612286428,76633418372879001,DNge091,descending,DNge091,left,-14.263059746170743,-22.81979236711401,DN_06,#4D9C3C
720575941582282873,76071705504234078,DNg08_a,descending,DNg08_a,right,-18.699969421768888,-25.739872552050535,DN_06,#4D9C3C
720575941439489599,76001336826774951,AN06B057,ascending,AN06B057,left,-3.7808250297553387,-1.7730251323117656,AN_03,#F7BA3C
720575941436052768,75718899710463603,DNg05_b,descending,DNg05_b,right,-21.47582925453256,-16.7563615809812,DN_12,#FBCD5A
720575941538256355,75858537284501548,SAxx01,sensory_ascending,SAxx01,right,NA,NA,NA,NA
720575941512043218,76282811736771001,DNge095,descending,DNge095,right,-1.4649434794432963,-28.478958703173582,DN_04,#947E6C
720575941505421602,76282811803904103,AN06A062,ascending,AN06A062,right,5.400827277755037,-34.39213047136206,AN_11,#FE4545
720575941534383235,76353180547907592,DNge019,descending,DNge019,left,32.41988264427115,15.776143454419191,DN_18,#52AE4E
720575941516764819,76703924757088124,DNg02_b,descending,DNg02_b,left,-19.63470376625131,-7.187824822558348,DN_06,#4D9C3C
720575941450039477,75788855735393675,DNg83,descending,DNg83,right,4.583771098708406,57.118485831128176,DN_13,#48A9D9
720575941564410112,76633762103983788,DNg05_b,descending,DNg05_b,left,-21.47582925453256,-16.7563615809812,DN_12,#FBCD5A
720575941490249166,75373035322557130,ANXXX410,ascending,ANXXX410,right,-2.321007381821379,13.390361212597902,AN_03,#F7BA3C
720575941458473965,76636511151753417,DNp41,descending,DNp41,left,-3.2063144554145184,-16.18063221086401,DN_02,#298ABB
720575941565308423,76282811736622918,AN07B043,ascending,AN07B043,right,-7.60200751915048,-13.747473336352293,AN_06,#4D9C3C
720575941590014775,76214505113384224,AN06A080,ascending,AN06A080,right,7.535271514510408,-34.52612934221167,AN_11,#FE4545
720575941598191808,76286454540220370,AN19B074,ascending,AN19B074,left,10.0541628490441,-40.32614383806128,AN_11,#FE4545
720575941632002720,76703993409743547,DNg02_a,descending,DNg02_a,left,-20.86037934913705,-13.90585765947241,DN_06,#4D9C3C
720575941593486806,76847754689284168,AN07B070,ascending,AN07B070,left,-24.499835144425138,15.618225478039797,AN_01,#EC9832
720575941432468183,76567035827680381,AN10B029_T2,ascending,AN10B029,right,32.37806593284537,-18.362436867846434,AN_10,#695B52
720575941486868432,76071705570864129,AN08B100_T2,ascending,AN08B100,left,-0.5315523554332102,1.6564235914812642,AN_02,#298ABB
720575941504240407,76848098688956313,AN07B060,ascending,AN07B060,left,12.68756185874869,-33.096384621752684,AN_11,#FE4545
720575941516779923,76282811736619963,AN07B082,ascending,AN07B082,right,-5.267928730393156,-31.24255428422827,AN_04,#947E6C
720575941634611872,76636442096546036,ANXXX404,ascending,ANXXX404,right,17.078623641585605,38.58517589460474,AN_13,#48A9D9
720575941571171067,76001336759983332,AN07B082,ascending,AN07B082,left,-5.267928730393156,-31.24255428422827,AN_04,#947E6C
720575941565124918,76145785905281160,AN06A030,ascending,AN06A030,left,-8.766082893753751,4.45549955259424,AN_03,#F7BA3C
720575941541726493,76703718397565765,DNge091,descending,DNge091,left,-14.263059746170743,-22.81979236711401,DN_06,#4D9C3C
720575941539298509,76282811803633576,AN07B060,ascending,AN07B060,right,12.68756185874869,-33.096384621752684,AN_11,#FE4545
720575941550999175,76353180547961812,AN19B076,ascending,AN19B076,right,10.340894569014804,-39.877913094653074,AN_11,#FE4545
720575941519514478,76144686058435203,AN07B057,ascending,AN07B057,right,-5.210134636307463,-28.946888543261473,AN_04,#947E6C
720575941596881703,76142898949439536,DNg06,descending,DNg06,right,-20.60750306739877,-16.401886559618895,DN_06,#4D9C3C
720575941405855918,76636992188334851,AN12B055,ascending,AN12B055,left,17.70016752586295,38.01818981062036,AN_13,#48A9D9
720575941587152862,75021123083039413,SAxx01,sensory_ascending,SAxx01,right,NA,NA,NA,NA
720575941626967865,75718624698409731,DNge091,descending,DNge091,right,-14.263059746170743,-22.81979236711401,DN_06,#4D9C3C
720575941482535366,76001336827330614,DNg01,descending,DNg01,right,-26.671885620499356,-16.5366292964353,DN_12,#FBCD5A
720575941488207305,77129435623056855,AN01B011_T1,ascending,AN01B011,left,10.422525275801913,13.271029852734621,AN_02,#298ABB
720575941595188261,76145854557948443,AN06B045,ascending,AN06B045,left,12.550035346602694,-34.048540688647215,AN_11,#FE4545
720575941732541739,76848029499780720,AN10B034_T1,ascending,AN10B034,left,-26.740723740006192,4.056996010647829,AN_16,#F36237
720575941579793909,75648530765273366,DNge010,descending,DNge010,right,-2.010472427750334,10.134142302380617,DN_01,#EC9832
720575941643158354,76212442991967838,SNxx29,sensory_ascending,SNxx29,left,NA,NA,NA,NA
720575941520092151,76353180547902112,AN19B065,ascending,AN19B065,right,11.188919890975253,-40.14789447893042,AN_11,#FE4545
720575941555509331,76566623175648957,AN05B081,ascending,AN05B081,left,-1.6779600490577067,14.978351973401125,AN_01,#EC9832
720575941434224526,75577887210050754,DNge110,descending,DNge110,right,-15.973022591019376,-19.64414653886694,DN_06,#4D9C3C
720575941555461377,76353180547910318,DNge025,descending,DNge025,left,30.297039855574862,20.821792029248293,DN_18,#52AE4E
720575941438471212,76426504296924761,AN09B040_T2,ascending,AN09B040,right,1.2489319931023275,21.921258353100832,AN_17,#8B3A9C
720575941566447879,76566623108749692,DNpe029,descending,DNpe029,right,1.8682440410607015,20.895556830273684,DN_05,#D24A2C
720575941539172501,76355242333791719,AN07B070,ascending,AN07B070,right,-24.499835144425138,15.618225478039797,AN_01,#EC9832
720575941547763060,76353180480448252,DNge061,descending,DNge061,left,-1.8975050558097208,6.356472395764406,DN_03,#F7BA3C
720575941434500110,75513635371496238,ANXXX380_A5,ascending,ANXXX380,left,-5.03099454536508,11.561604880200441,AN_01,#EC9832
720575941589590782,76282811803890421,AN06A062,ascending,AN06A062,right,5.400827277755037,-34.39213047136206,AN_11,#FE4545
720575941523114743,76074523472397804,AN07B046,ascending,AN07B046,right,16.461001266097323,-33.16872272600073,AN_11,#FE4545
720575941658902040,76847823676776711,AN07B091,ascending,AN07B091,left,-3.269273888016447,-33.5697160731687,AN_04,#947E6C
720575941652319705,75930968015612953,DNge019,descending,DNge019,right,32.41988264427115,15.776143454419191,DN_18,#52AE4E
720575941482233027,76353180480356352,ANXXX462a,ascending,ANXXX462a,left,0.5603083263390218,11.957429312573488,AN_07,#BFB09A
720575941597632041,76212442992422948,AN10B034_T2,ascending,AN10B034,right,33.14228712425162,-5.855234719408934,AN_16,#F36237
720575941553577217,76356067168850205,AN06B068,ascending,AN06B068,left,20.116810668563144,1.8535373438463765,AN_06,#4D9C3C
720575941508259909,76142074247960597,AN09B042,ascending,AN09B042,left,3.184405912017122,19.58245029340845,AN_07,#BFB09A
720575941391682052,76071705503976456,AN10B047_T3,ascending,AN10B047,left,32.67812620506216,-6.157753564013426,AN_10,#695B52
720575941597293724,76282811803254703,AN07B042,ascending,AN07B042,right,-0.6293396574206198,-32.3591333400144,AN_04,#947E6C
720575941484023549,76075622983813343,AN10B033_T3,ascending,AN10B033,right,30.086045135115878,-12.402895547045652,AN_10,#695B52
720575941561224463,76282811870533409,DNg02_c,descending,DNg02_c,left,-18.4440642704017,-7.534541226519529,DN_06,#4D9C3C
720575941530471096,76282811803449724,AN07B049,ascending,AN07B049,right,1.6027747283928548,-34.85561237443823,AN_04,#947E6C
720575941501258583,76216085796078778,AN19B079,ascending,AN19B079,left,11.869743217086093,-40.67751178850073,AN_11,#FE4545
720575941615507925,76142074248605670,AN08B099,ascending,AN08B099,right,0.6303855072014486,6.299845122204836,AN_08,#51B07B
720575941489375797,76212443059391305,AN06A092,ascending,AN06A092,right,5.670013297652498,-29.77762851823706,AN_11,#FE4545
720575941581238773,76212442992640149,AN08B109,ascending,AN08B109,right,-18.413699280167325,22.89767589460474,AN_08,#51B07B
720575941515233859,76777729542327426,AN05B078,ascending,AN05B078,right,1.0688919912331258,28.83155002485376,AN_05,#D24A2C
720575941589017143,76353180548005906,AN19B059,ascending,AN19B059,right,13.272226203536288,-37.014002419604246,AN_11,#FE4545
720575941612392169,76562775153527374,DNpe011,descending,DNpe011,left,3.786421168898836,-18.342886544360105,DN_06,#4D9C3C
720575941580693881,76636854681795874,AN05B083,ascending,AN05B083,right,-1.3846984614379252,31.24317111860376,AN_05,#D24A2C
720575941665230067,76212442992544826,AN08B097,ascending,AN08B097,right,16.253462661360995,-12.146021462572996,AN_08,#51B07B
720575941547473268,76353180547865721,DNg12_a,descending,DNg12_a,left,31.308951247786776,17.191420935498293,DN_04,#947E6C
720575941416780828,77547318760745652,AN10B029_T1,ascending,AN10B029,right,32.57304655418326,-18.48374424089331,AN_10,#695B52
720575941476978993,76212443059232247,AN08B100_T2,ascending,AN08B100,right,-0.5315523554332102,1.6564235914812642,AN_02,#298ABB
720575941517695660,76844249727174918,DNge091,descending,DNge091,left,-14.263059746170743,-22.81979236711401,DN_06,#4D9C3C
720575941446655252,76284804869681595,AN07B082,ascending,AN07B082,right,-5.267928730393156,-31.24255428422827,AN_04,#947E6C
720575941617063551,76282811736762157,AN07B041,ascending,AN07B041,right,-0.6322801370866145,-29.062578774584715,AN_06,#4D9C3C
720575941554198555,76425473504282842,AN01A049,ascending,AN01A049,right,-14.55679620399545,17.278697394238527,AN_08,#51B07B
720575941654240273,76636648657971395,AN07B049,ascending,AN07B049,left,1.6027747283928548,-34.85561237443823,AN_04,#947E6C
720575941407465902,76355860607812784,SNxx27,sensory_ascending,SNxx27,right,NA,NA,NA,NA
720575941613168915,77762274156500197,SApp10,sensory_ascending,SApp10,left,NA,NA,NA,NA
720575941500839147,75648118515139033,DNge111,descending,DNge111,right,-15.304492126847013,-23.03655490983862,DN_06,#4D9C3C
720575941407235502,76636717176353289,AN08B098,ascending,AN08B098,left,21.034035552596347,9.867001913891848,AN_01,#EC9832
720575941556199652,76212443059298717,DNge115,descending,DNge115,right,2.2899266372673663,-33.30156955827612,DN_04,#947E6C
720575941552999707,76142074315155738,ANXXX989,ascending,ANXXX989,right,-11.480829368973478,6.869889162884768,AN_03,#F7BA3C
720575941653538065,76777729475108825,AN05B078,ascending,AN05B078,right,1.0688919912331258,28.83155002485376,AN_05,#D24A2C
720575941477003825,75583797957482846,ANXXX084_A3,ascending,ANXXX084,right,-6.774923931503996,15.974563025342043,AN_01,#EC9832
720575941506486437,76566623309722160,AN05B067,ascending,AN05B067,left,3.5418971668236408,26.1873697270022,AN_01,#EC9832
720575941578442741,76707360932169024,AN12B076,ascending,AN12B076,left,17.46982084617545,38.3231176365481,AN_03,#F7BA3C
720575941436259602,76985468117454351,DNge017,descending,DNge017,left,-26.604384552384122,-17.953140832079832,DN_12,#FBCD5A
720575941514846713,76212443059677323,AN06A095,ascending,AN06A095,right,3.5271710048668536,-33.742319680346434,AN_11,#FE4545
720575941390308246,76001336760067070,DNge118,descending,DNge118,left,-1.8008874763495768,-28.193993188036863,DN_04,#947E6C
720575941430630392,76703718397581429,DNge091,descending,DNge091,left,-14.263059746170743,-22.81979236711401,DN_06,#4D9C3C
720575941654376916,75648049661908644,DNg106,descending,DNg106,right,-17.416037689591153,-25.52944622148413,DN_06,#4D9C3C
720575941573970831,76777454798756191,AN07B062,ascending,AN07B062,left,-23.482310425186856,15.43170108686548,AN_01,#EC9832
720575941551414170,75577887210002648,DNg07,descending,DNg07,right,-14.95203889503549,-21.577587700976316,DN_06,#4D9C3C
720575941651866901,76633418372887319,DNge118,descending,DNge118,left,-1.8008874763495768,-28.193993188036863,DN_04,#947E6C
720575941472554336,76212442992768342,AN08B099,ascending,AN08B099,right,0.6303855072014486,6.299845122204836,AN_08,#51B07B
720575941512837452,76212442992756258,DNge091,descending,DNge091,right,-14.263059746170743,-22.81979236711401,DN_06,#4D9C3C
720575941685783158,76001336827278771,AN19B101,ascending,AN19B101,left,15.14448725089957,-37.576067544115965,AN_11,#FE4545
720575941644253857,76285354491333421,AN12B060,ascending,AN12B060,right,-21.74908364906381,1.1862454641924458,AN_01,#EC9832
720575941555384868,76142074180681465,AN01B018,ascending,AN01B018,right,4.86395870551993,17.14034595380884,AN_07,#BFB09A
720575941594630001,76566279712285081,AN08B095,ascending,AN08B095,right,-18.192378174210294,23.361262701855715,AN_08,#51B07B
720575941503710807,76847823609895368,AN07B082,ascending,AN07B082,left,-5.267928730393156,-31.24255428422827,AN_04,#947E6C
720575941476367937,76353180547997372,DNge019,descending,DNge019,left,32.41988264427115,15.776143454419191,DN_18,#52AE4E
720575941687936219,76353180547935474,AN19B076,ascending,AN19B076,right,10.340894569014804,-39.877913094653074,AN_11,#FE4545
720575941547048052,76354829547305129,AN07B071,ascending,AN07B071,right,2.1982797275536212,-27.634762383593504,AN_04,#947E6C
720575941560414579,76777454530542521,AN12B060,ascending,AN12B060,right,-21.74908364906381,1.1862454641924458,AN_01,#EC9832
720575941537542376,76707085920016326,AN08B099,ascending,AN08B099,left,0.6303855072014486,6.299845122204836,AN_08,#51B07B
720575941518261932,75859224412147147,DNg12_e,descending,DNg12_e,right,28.653601516341464,21.84747829328638,DN_18,#52AE4E
720575941655952340,76145854423388863,AN05B063_T3,ascending,AN05B063,right,15.288228858565585,36.87811031232935,AN_03,#F7BA3C
720575941661233976,75788718967689801,DNpe011,descending,DNpe011,right,3.786421168898836,-18.342886544360105,DN_06,#4D9C3C
720575941642966629,76071705504279383,DNg07,descending,DNg07,right,-14.95203889503549,-21.577587700976316,DN_06,#4D9C3C
720575941471906602,76142074180751476,SNxx29,sensory_ascending,SNxx29,right,NA,NA,NA,NA
720575941505236133,76426366991953263,AN10B053_T2,ascending,AN10B053,right,33.12132917747427,-7.71280346025366,AN_10,#695B52
720575941522552823,76353180480372554,ANXXX470,ascending,ANXXX470,left,1.2734053026192342,12.03050651441675,AN_07,#BFB09A
720575941592644054,76774224446666009,DNge091,descending,DNge091,left,-14.263059746170743,-22.81979236711401,DN_06,#4D9C3C
720575941610908137,76566417554029488,AN06A092,ascending,AN06A092,left,5.670013297652498,-29.77762851823706,AN_11,#FE4545
720575941470584128,76144205021863873,AN06A080,ascending,AN06A080,right,7.535271514510408,-34.52612934221167,AN_11,#FE4545
720575941603732921,76214504912256412,AN07B041,ascending,AN07B041,left,-0.6322801370866145,-29.062578774584715,AN_06,#4D9C3C
720575941553032839,76286454540485654,AN19B076,ascending,AN19B076,left,10.340894569014804,-39.877913094653074,AN_11,#FE4545
720575941490463541,76355929528485365,AN10B029_T2,ascending,AN10B029,left,32.37806593284537,-18.362436867846434,AN_10,#695B52
720575941436027168,76356685979172827,AN19B060,ascending,AN19B060,right,-13.871619354630216,-33.33129749406714,AN_11,#FE4545
720575941458203859,76282811736792163,AN07B071,ascending,AN07B071,right,2.1982797275536212,-27.634762383593504,AN_04,#947E6C
720575941459354512,76142074247945259,AN09B042,ascending,AN09B042,left,3.184405912017122,19.58245029340845,AN_07,#BFB09A
720575941415224348,76492818323411268,DNge116,descending,DNge116,left,2.6850258003227863,-33.008902169360105,DN_04,#947E6C
720575941571871241,76001336760126143,DNge091,descending,DNge091,left,-14.263059746170743,-22.81979236711401,DN_06,#4D9C3C
720575941399595555,75930968082726323,AN06A062,ascending,AN06A062,left,5.400827277755037,-34.39213047136206,AN_11,#FE4545
720575941488139214,76353180547846687,AN07B056,ascending,AN07B056,right,4.049811233138338,-39.721582986010496,AN_04,#947E6C
720575941473471072,76353180547932684,AN19B060,ascending,AN19B060,right,-13.871619354630216,-33.33129749406714,AN_11,#FE4545
720575941464898326,76353180547816270,AN07B056,ascending,AN07B056,right,4.049811233138338,-39.721582986010496,AN_04,#947E6C
720575941513278457,76285079278112572,AN01B011_T1,ascending,AN01B011,right,10.422525275801913,13.271029852734621,AN_02,#298ABB
720575941480704954,76212443059257441,DNg07,descending,DNg07,right,-14.95203889503549,-21.577587700976316,DN_06,#4D9C3C
720575941480693187,76071705504029898,AN10B051,ascending,AN10B051,left,29.93029104576041,2.414250754223879,AN_16,#F36237
720575941633163707,76847823543103631,AN07B069,ascending,AN07B069,left,-0.7277383503265227,-25.352089501513426,AN_04,#947E6C
720575941505872965,76142074248452419,AN08B109,ascending,AN08B109,left,-18.413699280167325,22.89767589460474,AN_08,#51B07B
720575941439285036,75507312240168380,DNg08_b,descending,DNg08_b,right,-4.972335468674406,3.5847653378115254,DN_06,#4D9C3C
720575941530080997,76282811736719494,DNg08_a,descending,DNg08_a,left,-18.699969421768888,-25.739872552050535,DN_06,#4D9C3C
720575941438719967,76211549572364804,DNg11,descending,DNg11,left,-4.971650730515226,-17.496357537402098,DN_06,#4D9C3C
720575941598660288,76847960981978849,AN12B060,ascending,AN12B060,right,-21.74908364906381,1.1862454641924458,AN_01,#EC9832
720575941704109786,76633418373011645,DNge090,descending,DNge090,left,-14.403949867630704,-24.71140537370581,DN_06,#4D9C3C
720575941552863489,76633693451886178,DNg92_b,descending,DNg92_b,left,-20.40115655555795,-13.845101929797117,DN_06,#4D9C3C
720575941558279972,76636304859202778,AN06A080,ascending,AN06A080,right,7.535271514510408,-34.52612934221167,AN_11,#FE4545
720575941554694372,75437081002072481,DNg36_a,descending,DNg36_a,right,-9.1237126697547275,-36.081228829516355,DN_04,#947E6C
720575941558973455,76212442992184289,AN05B071,ascending,AN05B071,right,3.6097344051354083,57.08291759382349,AN_13,#48A9D9
720575941579450745,75296343245492790,DNge020,descending,DNge020,right,31.472342361068026,18.428740881787355,DN_18,#52AE4E
720575941535811562,76633486891143205,DNg12_a,descending,DNg12_a,left,31.308951247786776,17.191420935498293,DN_04,#947E6C
720575941477314612,76284460869749929,AN07B082,ascending,AN07B082,right,-5.267928730393156,-31.24255428422827,AN_04,#947E6C
720575941636180597,76353180547918754,AN19B063,ascending,AN19B063,right,11.55304037437369,-40.59024295915503,AN_11,#FE4545
720575941479814762,76566279712118005,AN08B094,ascending,AN08B094,right,-19.9096461643226,18.822966956006105,AN_08,#51B07B
720575941473472608,76074935856550738,AN08B079,ascending,AN08B079,right,16.13389860496451,-33.122149087084715,AN_11,#FE4545
720575941545219464,76212442992541996,AN10B051,ascending,AN10B051,right,29.93029104576041,2.414250754223879,AN_16,#F36237
720575941536326805,76353180547890764,DNg12_a,descending,DNg12_a,left,31.308951247786776,17.191420935498293,DN_04,#947E6C
720575941591761704,76703993476555757,DNg02_a,descending,DNg02_a,left,-20.86037934913705,-13.90585765947241,DN_06,#4D9C3C
720575941649976049,75718693216536969,DNge019,descending,DNge019,right,32.41988264427115,15.776143454419191,DN_18,#52AE4E
720575941645076897,76356479619746807,AN08B079,ascending,AN08B079,left,16.13389860496451,-33.122149087084715,AN_11,#FE4545
720575941688674200,76492818323500690,DNge115,descending,DNge115,left,2.2899266372673663,-33.30156955827612,DN_04,#947E6C
720575941504849714,76001336826996304,AN06A062,ascending,AN06A062,left,5.400827277755037,-34.39213047136206,AN_11,#FE4545
720575941567187962,75718899710878395,DNg92_b,descending,DNg92_b,right,-20.40115655555795,-13.845101929797117,DN_06,#4D9C3C
720575941472130315,75654373128245446,SAxx01,sensory_ascending,SAxx01,left,NA,NA,NA,NA
720575941532753893,76142074315313120,AN06B075,ascending,AN06B075,right,-2.6724606861121503,8.254706763135012,AN_03,#F7BA3C
720575941597089137,75718830991422627,DNg01,descending,DNg01,right,-26.671885620499356,-16.5366292964353,DN_12,#FBCD5A
720575941588123902,75507587051076832,DNg12_e,descending,DNg12_e,right,28.653601516341464,21.84747829328638,DN_18,#52AE4E
720575941568077159,76001336759880510,AN07B046,ascending,AN07B046,left,16.461001266097323,-33.16872272600073,AN_11,#FE4545
720575941545785524,76426711058965353,AN07B076,ascending,AN07B076,right,0.21792398796011558,-37.319143868578855,AN_04,#947E6C
720575941469018743,76212442992561496,AN08B099,ascending,AN08B099,right,0.6303855072014486,6.299845122204836,AN_08,#51B07B
720575941473760554,75863486093369885,SAppxx,sensory_ascending,SAppxx,right,NA,NA,NA,NA
720575941505985409,76286454540286882,AN19B076,ascending,AN19B076,right,10.340894569014804,-39.877913094653074,AN_11,#FE4545
720575941489195724,76844524471127606,DNg12_a,descending,DNg12_a,left,31.308951247786776,17.191420935498293,DN_04,#947E6C
720575941642837842,76071705504208626,AN08B099,ascending,AN08B099,left,0.6303855072014486,6.299845122204836,AN_08,#51B07B
720575941511473996,76282811803413570,DNge091,descending,DNge091,right,-14.263059746170743,-22.81979236711401,DN_06,#4D9C3C
720575941507409502,76422587018335478,DNge116,descending,DNge116,left,2.6850258003227863,-33.008902169360105,DN_04,#947E6C
720575941534288984,76566417285823957,AN06B057,ascending,AN06B057,right,-3.7808250297553387,-1.7730251323117656,AN_03,#F7BA3C
720575941565008384,76285835997786540,SAxx01,sensory_ascending,SAxx01,left,NA,NA,NA,NA
720575941473970747,76001336826657260,DNge116,descending,DNge116,left,2.6850258003227863,-33.008902169360105,DN_04,#947E6C
720575941554220571,76567035962554177,AN07B057,ascending,AN07B057,left,-5.210134636307463,-28.946888543261473,AN_04,#947E6C
720575941528334539,76353180547907591,AN19B079,ascending,AN19B079,right,11.869743217086093,-40.67751178850073,AN_11,#FE4545
720575941513795660,76004910776830305,AN19B076,ascending,AN19B076,right,10.340894569014804,-39.877913094653074,AN_11,#FE4545
720575941538255587,75718968430104740,DNg110,descending,DNg110,right,-18.049807678604825,-16.493101693285887,DN_06,#4D9C3C
720575941558960143,76071705570895773,AN08B071,ascending,AN08B071,left,16.03008352622916,-33.48395023454565,AN_11,#FE4545
720575941558189171,76633418372923160,DNg07,descending,DNg07,left,-14.95203889503549,-21.577587700976316,DN_06,#4D9C3C
720575941586999518,76070468486133457,SAxx01,sensory_ascending,SAxx01,right,NA,NA,NA,NA
720575941505831262,76567241986256639,AN10B047_T2,ascending,AN10B047,left,33.995028365706695,-6.579764462603514,AN_10,#695B52
720575941558298660,76848166938551878,SNxx29,sensory_ascending,SNxx29,left,NA,NA,NA,NA
720575941606579309,76636991852308078,AN05B076,ascending,AN05B076,right,1.524199594115511,16.596669577466066,AN_07,#BFB09A
720575941504331607,75859843357138550,DNg110,descending,DNg110,right,-18.049807678604825,-16.493101693285887,DN_06,#4D9C3C
720575941408363950,76566142072434026,AN17A076,ascending,AN17A076,right,16.182133544539706,37.601205252514895,AN_13,#48A9D9
720575941515238234,76001336760153223,DNg07,descending,DNg07,left,-14.95203889503549,-21.577587700976316,DN_06,#4D9C3C
720575941626222218,75788581528683868,DNp16,descending,DNp16,right,1.713943828200594,-19.297701455248777,DN_06,#4D9C3C
720575941512661580,76566417553823803,AN06A095,ascending,AN06A095,left,3.5271710048668536,-33.742319680346434,AN_11,#FE4545
720575941501878466,76353180547932702,AN19B065,ascending,AN19B065,right,11.188919890975253,-40.14789447893042,AN_11,#FE4545
720575941518951091,76001336760188835,DNg36_a,descending,DNg36_a,left,-9.1237126697547275,-36.081228829516355,DN_04,#947E6C
720575941632262114,76003604435486549,AN10B034_T1,ascending,AN10B034,right,-26.740723740006192,4.056996010647829,AN_16,#F36237
720575941503334962,76355448156858211,AN10B037_T1,ascending,AN10B037,right,-26.835585724259122,4.370705508099611,AN_16,#F36237
720575941546970292,75788718967674754,DNp16,descending,DNp16,right,1.713943828200594,-19.297701455248777,DN_06,#4D9C3C
720575941506164037,76001336760096504,DNg46,descending,DNg46,left,-10.59028066291879,-38.798811532153074,DN_04,#947E6C
720575941592445291,76707085920275742,AN08B099,ascending,AN08B099,left,0.6303855072014486,6.299845122204836,AN_08,#51B07B
720575941474324027,75510748750782061,SApp10,sensory_ascending,SApp10,right,NA,NA,NA,NA
720575941513419619,76703855903305169,DNge118,descending,DNge118,left,-1.8008874763495768,-28.193993188036863,DN_04,#947E6C
720575941507724929,76001336826756622,DNge116,descending,DNge116,left,2.6850258003227863,-33.008902169360105,DN_04,#947E6C
720575941515411603,76633487092181146,DNge111,descending,DNge111,left,-15.304492126847013,-23.03655490983862,DN_06,#4D9C3C
720575941448056669,76075004642712018,AN07B072_T3,ascending,AN07B072,right,0.9610230813973104,-39.70244083513159,AN_04,#947E6C
720575941559022381,75648324673887345,DNge095,descending,DNge095,right,-1.4649434794432963,-28.478958703173582,DN_04,#947E6C
720575941488722894,77762274156498307,SA_DMT_ADMN_11,sensory_ascending,SA_DMT_ADMN_11,left,NA,NA,NA,NA
720575941401375011,76071705503990000,AN10B051,ascending,AN10B051,left,29.93029104576041,2.414250754223879,AN_16,#F36237
720575941433235744,75930968082695609,DNg12_e,descending,DNg12_e,right,28.653601516341464,21.84747829328638,DN_18,#52AE4E
720575941604982462,76071705504245327,DNg08_b,descending,DNg08_b,right,-4.972335468674406,3.5847653378115254,DN_06,#4D9C3C
720575941552168959,76774018354962204,AN10B048_T1,ascending,AN10B048,right,32.58407484397818,-13.148468590868895,AN_10,#695B52
720575941390604438,76353180547835670,AN07B072_T1,ascending,AN07B072,right,2.765220273589388,-29.668093300951902,AN_04,#947E6C
720575941474325297,76353180547915876,AN19B063,ascending,AN19B063,right,11.55304037437369,-40.59024295915503,AN_11,#FE4545
720575941592508453,75930968082767714,AN07B060,ascending,AN07B060,left,12.68756185874869,-33.096384621752684,AN_11,#FE4545
720575941562504546,76071705503866290,AN10B029_T3,ascending,AN10B029,left,32.40170942649771,-18.71688518632788,AN_10,#695B52
720575941480105039,75437218306941139,DNg12_b,descending,DNg12_b,right,32.997225631331695,14.304747008191164,DN_18,#52AE4E
720575941425384532,75930968082612274,AN19B060,ascending,AN19B060,right,-13.871619354630216,-33.33129749406714,AN_11,#FE4545
720575941605024365,76707636078731133,AN07B063,ascending,AN07B063,left,10.94858538017203,-32.93203983415503,AN_11,#FE4545
720575941557512307,75507862063262117,DNg12_a,descending,DNg12_a,right,31.308951247786776,17.191420935498293,DN_04,#947E6C
720575941445707284,76140219560850395,DNp28,descending,DNp28,right,13.176586974715487,-31.823793984545652,DN_11,#FE4545
720575941512515907,76071705571119650,AN06B075,ascending,AN06B075,left,-2.6724606861121503,8.254706763135012,AN_03,#F7BA3C
720575941527973508,76282811736272769,AN12B055,ascending,AN12B055,right,17.70016752586295,38.01818981062036,AN_13,#48A9D9
720575941588369662,76212443059826216,DNg01,descending,DNg01,left,-26.671885620499356,-16.5366292964353,DN_12,#FBCD5A
720575941566646375,75436943428988992,AN09B015,ascending,AN09B015,left,30.229124892806308,-17.036970711840574,AN_10,#695B52
720575941625112940,76075622983557077,AN10B047_T3,ascending,AN10B047,right,32.67812620506216,-6.157753564013426,AN_10,#695B52
720575941579857397,75793117282456410,AN07B050,ascending,AN07B050,left,0.7121274362557088,-38.40630588640112,AN_04,#947E6C
720575941485889858,76212442992502166,AN10B051,ascending,AN10B051,right,29.93029104576041,2.414250754223879,AN_16,#F36237
720575941611266278,76001336826960525,AN19B093,ascending,AN19B093,left,12.099269736861483,-39.05004367936987,AN_11,#FE4545
720575941550685063,76847823543053772,AN07B082,ascending,AN07B082,left,-5.267928730393156,-31.24255428422827,AN_04,#947E6C
720575941653710297,76567104748820756,AN07B060,ascending,AN07B060,left,12.68756185874869,-33.096384621752684,AN_11,#FE4545
720575941534028010,76212442992771900,AN08B069,ascending,AN08B069,right,-0.5558013875729884,11.08513584028345,AN_01,#EC9832
720575941447610446,76847823609750457,AN07B082,ascending,AN07B082,left,-5.267928730393156,-31.24255428422827,AN_04,#947E6C
720575941529822648,75930968082687039,AN19B102,ascending,AN19B102,left,12.524350036238925,-38.406721688403074,AN_11,#FE4545
720575941501705522,76353180547991727,AN19B104,ascending,AN19B104,right,13.745170463179843,-37.07334385026831,AN_11,#FE4545
720575941632978629,75718899710609423,DNg02_g,descending,DNg02_g,right,-20.022225510025724,-8.20712719072241,DN_06,#4D9C3C
720575941600640809,76282811736682768,AN03B095,ascending,AN03B095,left,0.15847967967917076,-21.992617226733152,AN_04,#947E6C
720575941432905943,76282811870362345,DNg110,descending,DNg110,left,-18.049807678604825,-16.493101693285887,DN_06,#4D9C3C
720575941564134242,76636717243362582,AN07B070,ascending,AN07B070,right,-24.499835144425138,15.618225478039797,AN_01,#EC9832
720575941526676301,75648462247368252,DNge017,descending,DNge017,right,-26.604384552384122,-17.953140832079832,DN_12,#FBCD5A
720575941490071605,76282811803931823,DNpe054,descending,DNpe054,left,-13.792568336868985,-42.89675769914526,DN_04,#947E6C
720575941413778833,76216085795973137,AN19B104,ascending,AN19B104,left,13.745170463179843,-37.07334385026831,AN_11,#FE4545
720575941532002533,76777385944745847,AN08B031,ascending,AN08B031,left,0.5979580770485555,10.116353415356691,AN_01,#EC9832
720575941554637732,75930968082618079,AN19B076,ascending,AN19B076,left,10.340894569014804,-39.877913094653074,AN_11,#FE4545
720575941572392201,76353180547838511,DNg12_a,descending,DNg12_a,left,31.308951247786776,17.191420935498293,DN_04,#947E6C
720575941661415224,76633693385040522,DNg02_h,descending,DNg02_h,left,-19.492798935318692,-12.547969437731687,DN_06,#4D9C3C
720575941557126159,76004910776705322,AN19B104,ascending,AN19B104,right,13.745170463179843,-37.07334385026831,AN_11,#FE4545
720575941633833403,76212443059246339,DNge091,descending,DNge091,right,-14.263059746170743,-22.81979236711401,DN_06,#4D9C3C
720575941560068334,76212442992660003,AN08B099,ascending,AN08B099,right,0.6303855072014486,6.299845122204836,AN_08,#51B07B
720575941583758726,76563255988086635,DNg01,descending,DNg01,left,-26.671885620499356,-16.5366292964353,DN_12,#FBCD5A
720575941486574598,76703993476479333,DNg02_g,descending,DNg02_g,left,-20.022225510025724,-8.20712719072241,DN_06,#4D9C3C
720575941576782774,76142555418560735,SAxx01,sensory_ascending,SAxx01,right,NA,NA,NA,NA
720575941451023482,75859224412030695,DNge009,descending,DNge009,right,30.16535841331412,20.532424353467043,DN_18,#52AE4E
720575941570119162,76142074315236450,SAxx01,sensory_ascending,SAxx01,left,NA,NA,NA,NA
720575941628167225,76774224714637210,DNg02_b,descending,DNg02_b,left,-19.63470376625131,-7.187824822558348,DN_06,#4D9C3C
720575941545120361,76353180547774652,DNg12_e,descending,DNg12_e,left,28.653601516341464,21.84747829328638,DN_18,#52AE4E
720575941534146994,74880866765433213,SAxx01,sensory_ascending,SAxx01,right,NA,NA,NA,NA
720575941564202599,77762274156524514,SApp10,sensory_ascending,SApp10,left,NA,NA,NA,NA
720575941501523394,76282811803449711,AN07B056,ascending,AN07B056,right,4.049811233138338,-39.721582986010496,AN_04,#947E6C
720575941652493524,75930968015645578,DNg12_e,descending,DNg12_e,right,28.653601516341464,21.84747829328638,DN_18,#52AE4E
720575941686486767,77762274156650531,SApp19,sensory_ascending,SApp19,left,NA,NA,NA,NA
720575941452054835,76282811803432851,AN07B072_T1,ascending,AN07B072,right,2.765220273589388,-29.668093300951902,AN_04,#947E6C
720575941511189836,76353180547827343,AN19B059,ascending,AN19B059,right,13.272226203536288,-37.014002419604246,AN_11,#FE4545
720575941526696804,76427192095539732,DNge095,descending,DNge095,right,-1.4649434794432963,-28.478958703173582,DN_04,#947E6C
720575941560435571,76071705504040635,AN10B034_T2,ascending,AN10B034,left,33.14228712425162,-5.855234719408934,AN_16,#F36237
720575941530466488,76282811736731033,DNg08_b,descending,DNg08_b,left,-4.972335468674406,3.5847653378115254,DN_06,#4D9C3C
720575941574744329,76703993409898680,DNg02_a,descending,DNg02_a,left,-20.86037934913705,-13.90585765947241,DN_06,#4D9C3C
720575941652159449,76071705504163841,AN08B097,ascending,AN08B097,left,16.253462661360995,-12.146021462572996,AN_08,#51B07B
720575941562981522,76212442992709747,DNg08_a,descending,DNg08_a,left,-18.699969421768888,-25.739872552050535,DN_06,#4D9C3C
720575941530464184,76847479676846349,AN07B049,ascending,AN07B049,left,1.6027747283928548,-34.85561237443823,AN_04,#947E6C
720575941432295639,75930968083230146,DNg02_b,descending,DNg02_b,right,-19.63470376625131,-7.187824822558348,DN_06,#4D9C3C
720575941412623215,76492543042772877,DNg12_e,descending,DNg12_e,left,28.653601516341464,21.84747829328638,DN_18,#52AE4E
720575941546216628,76212442992715385,AN08B099,ascending,AN08B099,right,0.6303855072014486,6.299845122204836,AN_08,#51B07B
720575941575655311,76357166881559486,AN08B100_T3,ascending,AN08B100,left,-1.5191866268164957,2.529262207852419,AN_02,#298ABB
720575941438547167,76071705503928321,AN10B033_T3,ascending,AN10B033,left,30.086045135115878,-12.402895547045652,AN_10,#695B52
720575941401753635,76703993342671526,DNg06,descending,DNg06,left,-20.60750306739877,-16.401886559618895,DN_06,#4D9C3C
720575941467254237,76144136369189410,AN06A112,ascending,AN06A112,right,2.58035217628409,-33.983721352709715,AN_04,#947E6C
720575941483124410,76212443059359858,AN06A092,ascending,AN06A092,right,5.670013297652498,-29.77762851823706,AN_11,#FE4545
720575941487967689,76282811803419314,AN07B072_T1,ascending,AN07B072,right,2.765220273589388,-29.668093300951902,AN_04,#947E6C
720575941548829473,76286385820759554,AN19B063,ascending,AN19B063,left,11.55304037437369,-40.59024295915503,AN_11,#FE4545
720575941439622111,76071705504214565,DNg08_a,descending,DNg08_a,right,-18.699969421768888,-25.739872552050535,DN_06,#4D9C3C
720575941466431766,76495980090189512,AN06A062,ascending,AN06A062,left,5.400827277755037,-34.39213047136206,AN_11,#FE4545
720575941480784381,76001336760123280,AN19B060,ascending,AN19B060,right,-13.871619354630216,-33.33129749406714,AN_11,#FE4545
720575941643030945,76704062195938055,DNg92_b,descending,DNg92_b,left,-20.40115655555795,-13.845101929797117,DN_06,#4D9C3C
720575941598492457,76633693384756371,DNg05_b,descending,DNg05_b,left,-21.47582925453256,-16.7563615809812,DN_12,#FBCD5A
720575941401786403,75788925125594637,DNpe004,descending,DNpe004,right,9.51713072166373,-29.133886910571043,DN_04,#947E6C
720575941569678450,76566073285779222,LN-DN2,sensory_descending,LN-DN2,right,NA,NA,NA,NA
720575941611082826,76001336827390646,DNg03,descending,DNg03,right,-18.421879898453458,-16.016665078295652,DN_03,#F7BA3C
720575941438049621,76353180547871255,DNge019,descending,DNge019,left,32.41988264427115,15.776143454419191,DN_18,#52AE4E
720575941430081550,76070743230223237,AN08B061,ascending,AN08B061,left,15.899453033065097,-12.269076920641844,AN_08,#51B07B
720575941612340909,76001336826733709,DNge085,descending,DNge085,left,10.599387038802401,-31.546206093920652,DN_11,#FE4545
720575941459926342,75934060929173761,AN07B056,ascending,AN07B056,left,4.049811233138338,-39.721582986010496,AN_04,#947E6C
720575941489802697,77059135799418002,AN10B031,ascending,AN10B031,left,-26.40393746986459,3.9519080151186543,AN_16,#F36237
720575941440899023,76774362153467115,DNg06,descending,DNg06,left,-20.60750306739877,-16.401886559618895,DN_06,#4D9C3C
720575941554354259,76562774280933608,DNg12_e,descending,DNg12_e,left,28.653601516341464,21.84747829328638,DN_18,#52AE4E
720575941569338106,75440311287233425,SApp04,sensory_ascending,SApp04,right,NA,NA,NA,NA
720575941587856951,76562981110718187,DNg02_f,descending,DNg02_f,left,-20.269101272965177,-8.845269776476805,DN_06,#4D9C3C
720575941514944761,76005322959109282,AN10B049_T3,ascending,AN10B049,right,32.23882185325552,2.8091122139559346,AN_16,#F36237
720575941429866593,76703787117009982,DNge095,descending,DNge095,left,-1.4649434794432963,-28.478958703173582,DN_04,#947E6C
720575941564155904,76562843872938670,DNpe012,descending,DNpe012,left,4.1185449253075275,-17.45456371415991,DN_06,#4D9C3C
720575941545094536,76282811736748045,AN07B078,ascending,AN07B078,right,-6.2497035373694745,-30.459749795092527,AN_04,#947E6C
720575941472297787,76282811736849922,AN07B071,ascending,AN07B071,right,2.1982797275536212,-27.634762383593504,AN_04,#947E6C
720575941490868021,76215398131528862,AN10B047_T2,ascending,AN10B047,right,33.995028365706695,-6.579764462603514,AN_10,#695B52
720575941475341610,76562775153495276,DNpe012,descending,DNpe012,left,4.1185449253075275,-17.45456371415991,DN_06,#4D9C3C
720575941486250758,76286385820596431,AN19B093,ascending,AN19B093,left,12.099269736861483,-39.05004367936987,AN_11,#FE4545
720575941438585644,76282811803402492,AN07B072_T1,ascending,AN07B072,right,2.765220273589388,-29.668093300951902,AN_04,#947E6C
720575941649828629,76004842057273291,AN19B063,ascending,AN19B063,right,11.55304037437369,-40.59024295915503,AN_11,#FE4545
720575941626052810,76848029499644364,AN10B031,ascending,AN10B031,left,-26.40393746986459,3.9519080151186543,AN_16,#F36237
720575941604501182,76071774223482682,AN10B060,ascending,AN10B060,left,30.914580215071933,2.831092738019045,AN_16,#F36237
720575941513116762,76563118348043039,DNg07,descending,DNg07,left,-14.95203889503549,-21.577587700976316,DN_06,#4D9C3C
720575941498998395,75718899710675390,DNg03,descending,DNg03,right,-18.421879898453458,-16.016665078295652,DN_03,#F7BA3C
720575941562682624,76286454606796942,AN19B060,ascending,AN19B060,right,-13.871619354630216,-33.33129749406714,AN_11,#FE4545
720575941476053354,76636717578755660,AN06A112,ascending,AN06A112,left,2.58035217628409,-33.983721352709715,AN_04,#947E6C
720575941449112954,76074110752839043,AN06A095,ascending,AN06A095,right,3.5271710048668536,-33.742319680346434,AN_11,#FE4545
720575941446997012,76351805755495811,LN-DN2,sensory_descending,LN-DN2,left,NA,NA,NA,NA
720575941472359995,76001336759962222,AN07B071,ascending,AN07B071,left,2.1982797275536212,-27.634762383593504,AN_04,#947E6C
720575941573655561,76145854222366012,AN10B033_T3,ascending,AN10B033,right,30.086045135115878,-12.402895547045652,AN_10,#695B52
720575941642868385,75718968228223715,DNg12_e,descending,DNg12_e,right,28.653601516341464,21.84747829328638,DN_18,#52AE4E
720575941486587714,76562912592164272,DNp17,descending,DNp17,left,-11.245699058914884,-45.483992196215574,DN_04,#947E6C
720575941352057904,75788856406131802,DNpe054,descending,DNpe054,right,-13.792568336868985,-42.89675769914526,DN_04,#947E6C
720575941433116046,76001336827436390,DNg02_b,descending,DNg02_b,right,-19.63470376625131,-7.187824822558348,DN_06,#4D9C3C
720575941563866536,76001336760064248,DNg08_b,descending,DNg08_b,right,-4.972335468674406,3.5847653378115254,DN_06,#4D9C3C
720575941549156980,75718968430094006,DNg02_b,descending,DNg02_b,right,-19.63470376625131,-7.187824822558348,DN_06,#4D9C3C
720575941481122690,75507380959724849,DNg08_b,descending,DNg08_b,right,-4.972335468674406,3.5847653378115254,DN_06,#4D9C3C
720575941528849848,75577749704028936,DNg08_a,descending,DNg08_a,right,-18.699969421768888,-25.739872552050535,DN_06,#4D9C3C
720575941538218216,76282811736660064,DNg08_a,descending,DNg08_a,left,-18.699969421768888,-25.739872552050535,DN_06,#4D9C3C
720575941492697264,76000512059222323,DNp28,descending,DNp28,left,13.176586974715487,-31.823793984545652,DN_11,#FE4545
720575941483100099,76282811736694317,SApp13,sensory_ascending,SApp13,left,NA,NA,NA,NA
720575941439143954,76282811736770991,DNge090,descending,DNge090,right,-14.403949867630704,-24.71140537370581,DN_06,#4D9C3C
720575941485069520,76071705503953720,AN10B048_T1,ascending,AN10B048,left,32.58407484397818,-13.148468590868895,AN_10,#695B52
720575941507410526,76286179594768977,AN08B100_T3,ascending,AN08B100,right,-1.5191866268164957,2.529262207852419,AN_02,#298ABB
720575941551514174,76636717176232448,AN08B098,ascending,AN08B098,left,21.034035552596347,9.867001913891848,AN_01,#EC9832
720575941569755550,77762274156617258,SApp10,sensory_ascending,SApp10,left,NA,NA,NA,NA
720575941595170341,76075073362306331,AN07B085,ascending,AN07B085,right,4.007788528060213,-36.990156746996824,AN_04,#947E6C
720575941551093639,76562980640381216,DNg12_c,descending,DNg12_c,left,32.88765989646841,14.852317236767824,DN_04,#947E6C
720575941553551495,75930005809113254,DNg07,descending,DNg07,left,-14.95203889503549,-21.577587700976316,DN_06,#4D9C3C
720575941436518367,76071705504128300,AN08B101,ascending,AN08B101,left,0.6824811588280355,6.995079897748049,AN_01,#EC9832
720575941457000006,76282811736798891,AN16B081,ascending,AN16B081,left,6.939296115493074,-35.090036965502684,AN_11,#FE4545
720575941688574360,75577887210040831,DNge109,descending,DNge109,right,-9.94489205970834,-40.75767002214331,DN_04,#947E6C
720575941545249468,76145373387011048,AN07B076,ascending,AN07B076,right,0.21792398796011558,-37.319143868578855,AN_04,#947E6C
720575941506628225,76563187067864836,DNge095,descending,DNge095,left,-1.4649434794432963,-28.478958703173582,DN_04,#947E6C
720575941586425412,75930968015666515,DNge019,descending,DNge019,right,32.41988264427115,15.776143454419191,DN_18,#52AE4E
720575941497822075,76285492399932449,ANXXX019_A2,ascending,ANXXX019,left,-52.03251374855112,6.557236574994143,AN_19,#B56FCC
720575941483896838,76142074248474850,AN08B101,ascending,AN08B101,right,0.6824811588280355,6.995079897748049,AN_01,#EC9832
720575941489377737,76001336826833600,DNp17,descending,DNp17,right,-11.245699058914884,-45.483992196215574,DN_04,#947E6C
720575941482025923,76282811736654329,SApp04,sensory_ascending,SApp04,left,NA,NA,NA,NA
720575941621878268,77762274156143381,SApp10,sensory_ascending,SApp10,left,NA,NA,NA,NA
720575941563064071,75648324472676758,DNg12_b,descending,DNg12_b,right,32.997225631331695,14.304747008191164,DN_18,#52AE4E
720575941625193610,77762274156609212,SA_DMT_ADMN_8,sensory_ascending,SA_DMT_ADMN_8,left,NA,NA,NA,NA
720575941534887512,76636648591049760,AN07B052,ascending,AN07B052,left,-4.214876781845793,-26.41814479936499,AN_04,#947E6C
720575941597582784,76848166939184474,SNxx27,sensory_ascending,SNxx27,left,NA,NA,NA,NA
720575941454569523,75930074595844758,DNg18_b,descending,DNg18_b,right,10.392264236068026,-31.504776574267332,DN_11,#FE4545
720575941655669784,76353180547961811,AN19B093,ascending,AN19B093,right,12.099269736861483,-39.05004367936987,AN_11,#FE4545
720575941428274313,76353180547871205,AN06A112,ascending,AN06A112,right,2.58035217628409,-33.983721352709715,AN_04,#947E6C
720575941503123339,76071705504076791,AN08B099,ascending,AN08B099,left,0.6303855072014486,6.299845122204836,AN_08,#51B07B
720575941624816124,76282811736682814,DNg08_a,descending,DNg08_a,left,-18.699969421768888,-25.739872552050535,DN_06,#4D9C3C
720575941661275704,76212442992449164,AN10B047_T1,ascending,AN10B047,right,32.98771940574576,-6.690595723284666,AN_10,#695B52
720575941458439123,76214505113496930,AN06A092,ascending,AN06A092,right,5.670013297652498,-29.77762851823706,AN_11,#FE4545
720575941687774683,76353180547810725,AN07B072_T3,ascending,AN07B072,right,0.9610230813973104,-39.70244083513159,AN_04,#947E6C
720575941449938013,77762274089505544,SApp13,sensory_ascending,SApp13,left,NA,NA,NA,NA
720575941592159958,76001336759956241,AN07B071,ascending,AN07B071,left,2.1982797275536212,-27.634762383593504,AN_04,#947E6C
720575941452260659,76707086054697332,AN07B069,ascending,AN07B069,left,-0.7277383503265227,-25.352089501513426,AN_04,#947E6C
720575941665097203,76001336827278745,DNge134,descending,DNge134,right,10.262493957137362,-2.9159389506711406,DN_14,#77C8F2
720575941428310100,75929593290403639,LN-DN2,sensory_descending,LN-DN2,right,NA,NA,NA,NA
720575941659400984,76282811736705493,DNg08_b,descending,DNg08_b,left,-4.972335468674406,3.5847653378115254,DN_06,#4D9C3C
720575941506229889,75648324673709769,DNge089,descending,DNge089,right,-12.834609161759122,-17.793768502367918,DN_06,#4D9C3C
720575941595947456,76145854356653167,AN05B063_T3,ascending,AN05B063,left,15.288228858565585,36.87811031232935,AN_03,#F7BA3C
720575941404981360,76562912592129718,DNp17,descending,DNp17,left,-11.245699058914884,-45.483992196215574,DN_04,#947E6C
720575941721763642,77762274156608963,SApp10,sensory_ascending,SApp10,left,NA,NA,NA,NA
720575941504472645,76353180547816281,AN07B072_T3,ascending,AN07B072,right,0.9610230813973104,-39.70244083513159,AN_04,#947E6C
720575941505929506,75930968083162819,DNg02_c,descending,DNg02_c,right,-18.4440642704017,-7.534541226519529,DN_06,#4D9C3C
720575941514024657,76282811736765153,AN07B071,ascending,AN07B071,right,2.1982797275536212,-27.634762383593504,AN_04,#947E6C
720575941639802655,75648049728692094,DNg08_a,descending,DNg08_a,right,-18.699969421768888,-25.739872552050535,DN_06,#4D9C3C
720575941642623176,76777454798804853,AN07B069,ascending,AN07B069,left,-0.7277383503265227,-25.352089501513426,AN_04,#947E6C
720575941733201963,75021535400207989,SAxx01,sensory_ascending,SAxx01,right,NA,NA,NA,NA
720575941436586784,76001130668542693,DNg03,descending,DNg03,right,-18.421879898453458,-16.016665078295652,DN_03,#F7BA3C
720575941403959920,76212443059209789,AN08B100_T3,ascending,AN08B100,right,-1.5191866268164957,2.529262207852419,AN_02,#298ABB
720575941624812187,76282811736648830,SApp10,sensory_ascending,SApp10,left,NA,NA,NA,NA
720575941523526146,76001336760102480,SApp04,sensory_ascending,SApp04,right,NA,NA,NA,NA
720575941453960499,76215260960944167,AN06B068,ascending,AN06B068,left,20.116810668563144,1.8535373438463765,AN_06,#4D9C3C
720575941500700139,76633556012806927,DNg01,descending,DNg01,left,-26.671885620499356,-16.5366292964353,DN_12,#FBCD5A
720575941730244651,75648324472311331,DNg12_c,descending,DNg12_c,right,32.88765989646841,14.852317236767824,DN_04,#947E6C
720575941540023189,76422174365512202,DNge057,descending,DNge057,right,17.52474104270865,12.8448986042605,DN_09,#E42E2E
720575941453611315,76074317314038496,AN07B063,ascending,AN07B063,right,10.94858538017203,-32.93203983415503,AN_11,#FE4545
720575941483885709,76216085796064639,AN19B065,ascending,AN19B065,left,11.188919890975253,-40.14789447893042,AN_11,#FE4545
720575941498444155,76774155928487833,DNg06,descending,DNg06,left,-20.60750306739877,-16.401886559618895,DN_06,#4D9C3C
720575941517100947,76004842057236414,AN19B104,ascending,AN19B104,right,13.745170463179843,-37.07334385026831,AN_11,#FE4545
720575941399380515,75577955728599267,DNg12_e,descending,DNg12_e,right,28.653601516341464,21.84747829328638,DN_18,#52AE4E
720575941681678525,75577955929619831,DNge093,descending,DNge093,right,-13.088857780838712,-25.195589638842527,DN_06,#4D9C3C
720575941510276562,76212442992307112,AN10B047_T1,ascending,AN10B047,right,32.98771940574576,-6.690595723284666,AN_10,#695B52
720575941545068988,77762274156572261,SApp10,sensory_ascending,SApp10,left,NA,NA,NA,NA
720575941414491028,76285079680575236,DNge102,descending,DNge102,right,-8.027871261978849,23.981456183301027,DN_05,#D24A2C
720575941658621976,75648187570385917,DNpe054,descending,DNpe054,right,-13.792568336868985,-42.89675769914526,DN_04,#947E6C
720575941533863194,76707086054672595,AN07B091,ascending,AN07B091,left,-3.269273888016447,-33.5697160731687,AN_04,#947E6C
720575941537872253,76355310918903928,AN12B089,ascending,AN12B089,left,-2.823521982575163,9.662675284253176,AN_03,#F7BA3C
720575941549490209,75718968430113012,DNg02_a,descending,DNg02_a,right,-20.86037934913705,-13.90585765947241,DN_06,#4D9C3C
720575941558552591,76355310918898642,AN12B055,ascending,AN12B055,left,17.70016752586295,38.01818981062036,AN_13,#48A9D9
720575941480673154,75930968082649680,DNg12_b,descending,DNg12_b,right,32.997225631331695,14.304747008191164,DN_18,#52AE4E
720575941543962629,75930968083116161,DNg05_b,descending,DNg05_b,right,-21.47582925453256,-16.7563615809812,DN_12,#FBCD5A
720575941460850957,76212442992329724,AN10B053_T1,ascending,AN10B053,right,32.39740263328482,-12.846458054675047,AN_10,#695B52
720575941498736034,76567241919558698,AN10B053_T2,ascending,AN10B053,left,33.12132917747427,-7.71280346025366,AN_10,#695B52
720575941561826216,76071705503845947,AN10B053_T1,ascending,AN10B053,left,32.39740263328482,-12.846458054675047,AN_10,#695B52
720575941628704994,76286729283956874,AN10B047_T3,ascending,AN10B047,left,32.67812620506216,-6.157753564013426,AN_10,#695B52
720575941720495162,76777454798936522,AN07B078,ascending,AN07B078,left,-6.2497035373694745,-30.459749795092527,AN_04,#947E6C
720575941526712932,76286385820504997,AN19B104,ascending,AN19B104,left,13.745170463179843,-37.07334385026831,AN_11,#FE4545
720575941428247800,76355310985685233,AN12B089,ascending,AN12B089,left,-2.823521982575163,9.662675284253176,AN_03,#F7BA3C
720575941456504560,76282811870560422,DNg03,descending,DNg03,left,-18.421879898453458,-16.016665078295652,DN_03,#F7BA3C
720575941518277815,76071705504051720,AN10B056,ascending,AN10B056,left,30.78013120994498,2.718893669949587,AN_16,#F36237
720575941623347594,76282811803625214,AN07B085,ascending,AN07B085,right,4.007788528060213,-36.990156746996824,AN_04,#947E6C
720575941474312800,76212030675258393,DNge094,descending,DNge094,right,8.62358366355826,-22.111910439623777,DN_06,#4D9C3C
720575941632198560,76282811736250737,AN12B055,ascending,AN12B055,right,17.70016752586295,38.01818981062036,AN_13,#48A9D9
720575941614893013,75648324472596715,DNge020,descending,DNge020,right,31.472342361068026,18.428740881787355,DN_18,#52AE4E
720575941668397735,76071705503987313,AN10B060,ascending,AN10B060,left,30.914580215071933,2.831092738019045,AN_16,#F36237
720575941606629485,76703718666212762,DNut054,descending,DNut054,left,-2.2822952379233685,-26.616411782397215,DN_06,#4D9C3C
720575941495108551,76142074247884378,SAch01,sensory_ascending,SAch01,left,NA,NA,NA,NA
720575941569808754,75930968015625140,DNge019,descending,DNge019,right,32.41988264427115,15.776143454419191,DN_18,#52AE4E
720575941612982169,75648324673660674,DNge094,descending,DNge094,right,8.62358366355826,-22.111910439623777,DN_06,#4D9C3C
720575941630049762,76703787117227077,DNge095,descending,DNge095,left,-1.4649434794432963,-28.478958703173582,DN_04,#947E6C
720575941452186025,76212442992645990,AN08B098,ascending,AN08B098,right,21.034035552596347,9.867001913891848,AN_01,#EC9832
720575941426612564,75718831058133899,DNg02_a,descending,DNg02_a,right,-20.86037934913705,-13.90585765947241,DN_06,#4D9C3C
720575941536504602,78747299068575553,SApp11,sensory_ascending,SApp11,left,NA,NA,NA,NA
720575941505860887,77762274156651613,SApp10,sensory_ascending,SApp10,left,NA,NA,NA,NA
720575941591151500,76704062129264711,DNg02_f,descending,DNg02_f,left,-20.269101272965177,-8.845269776476805,DN_06,#4D9C3C
720575941469521216,76703993476418666,DNg03,descending,DNg03,left,-18.421879898453458,-16.016665078295652,DN_03,#F7BA3C
720575941459099844,76356617125578370,AN07B085,ascending,AN07B085,left,4.007788528060213,-36.990156746996824,AN_04,#947E6C
720575941661428280,76212443060018030,AN02A046,ascending,AN02A046,left,9.30922876701285,-3.0214940081967754,AN_14,#77C8F2
720575941479890083,75930968082718056,AN07B072_T3,ascending,AN07B072,left,0.9610230813973104,-39.70244083513159,AN_04,#947E6C
720575941595534981,76353180547799775,DNge025,descending,DNge025,left,30.297039855574862,20.821792029248293,DN_18,#52AE4E
720575941667326707,76988766988051317,AN10B046_T1,ascending,AN10B046,left,-26.665057312393888,3.9694155682192402,AN_16,#F36237
720575941578499673,75577887210147566,DNge118,descending,DNge118,right,-1.8008874763495768,-28.193993188036863,DN_04,#947E6C
720575941574467997,75718556314239061,DNp17,descending,DNp17,right,-11.245699058914884,-45.483992196215574,DN_04,#947E6C
720575941507247429,76145442106438779,AN07B050,ascending,AN07B050,right,0.7121274362557088,-38.40630588640112,AN_04,#947E6C
720575941594188325,76142074248454929,AN08B101,ascending,AN08B101,right,0.6824811588280355,6.995079897748049,AN_01,#EC9832
720575941563334912,75718487595264015,DNp17,descending,DNp17,right,-11.245699058914884,-45.483992196215574,DN_04,#947E6C
720575941595063147,75648256222878498,DNp72,descending,DNp72,right,-1.0863798071391428,-27.915783501757566,DN_06,#4D9C3C
720575941624639434,76286660497164524,AN10B033_T3,ascending,AN10B033,left,30.086045135115878,-12.402895547045652,AN_10,#695B52
720575941430513289,76633418372750628,DNg36_b,descending,DNg36_b,left,-8.837023865128263,-40.633188820971434,DN_04,#947E6C
720575941586901316,76563118348174474,DNge089,descending,DNge089,left,-12.834609161759122,-17.793768502367918,DN_06,#4D9C3C
720575941588955703,75859637198634827,DNge117,descending,DNge117,right,7.56086336479117,-30.817429162157957,DN_06,#4D9C3C
720575941722790714,76212442992405878,AN10B053_T2,ascending,AN10B053,right,33.12132917747427,-7.71280346025366,AN_10,#695B52
720575941468787520,76003123466350091,DNge061,descending,DNge061,right,-1.8975050558097208,6.356472395764406,DN_03,#F7BA3C
720575941560978670,76707085920214074,AN08B099,ascending,AN08B099,left,0.6303855072014486,6.299845122204836,AN_08,#51B07B
720575941391756548,76703855702182644,DNfl028,descending,DNfl028,left,28.85736929283072,22.25497569929224,DN_18,#52AE4E
720575941572941051,76703787116975186,DNge094,descending,DNge094,left,8.62358366355826,-22.111910439623777,DN_06,#4D9C3C
720575941556870884,75718899710679483,DNg110,descending,DNg110,right,-18.049807678604825,-16.493101693285887,DN_06,#4D9C3C
720575941568738036,76636511017721926,AN08B109,ascending,AN08B109,left,-18.413699280167325,22.89767589460474,AN_08,#51B07B
720575941689426415,76495979553240101,AN12B060,ascending,AN12B060,left,-21.74908364906381,1.1862454641924458,AN_01,#EC9832
720575941629386732,76353180547970826,DNg12_a,descending,DNg12_a,left,31.308951247786776,17.191420935498293,DN_04,#947E6C
720575941482418083,75507243520981136,DNge145,descending,DNge145,right,-13.155227791214688,-22.18090877641577,DN_06,#4D9C3C
720575941553550471,76001336760153258,DNge111,descending,DNge111,left,-15.304492126847013,-23.03655490983862,DN_06,#4D9C3C
720575941492153214,76001336760030083,AN07B069,ascending,AN07B069,left,-0.7277383503265227,-25.352089501513426,AN_04,#947E6C
720575941624536828,76282811803882159,DNpe008,descending,DNpe008,left,-13.420088898087247,-42.44579563249487,DN_04,#947E6C
720575941571453342,76633418372888562,DNge094,descending,DNge094,left,8.62358366355826,-22.111910439623777,DN_06,#4D9C3C
720575941517006296,76774430806284083,DNg03,descending,DNg03,left,-18.421879898453458,-16.016665078295652,DN_03,#F7BA3C
720575941574946299,76142074315256480,SAxx01,sensory_ascending,SAxx01,right,NA,NA,NA,NA
720575941431407575,76212442992692758,AN08B098,ascending,AN08B098,right,21.034035552596347,9.867001913891848,AN_01,#EC9832
720575941650514193,76282811803405297,AN07B071,ascending,AN07B071,right,2.1982797275536212,-27.634762383593504,AN_04,#947E6C
720575941580369489,76282811736682763,DNg08_a,descending,DNg08_a,left,-18.699969421768888,-25.739872552050535,DN_06,#4D9C3C
720575941588183620,76282811803789416,AN19B100,ascending,AN19B100,right,15.56478582725455,-37.50644931901831,AN_11,#FE4545
720575941688217356,76212443059571330,AN19B100,ascending,AN19B100,right,15.56478582725455,-37.50644931901831,AN_11,#FE4545
720575941580309081,75437287026228594,DNg12_d,descending,DNg12_d,right,31.886458266829745,14.620061301098879,DN_04,#947E6C
720575941572713359,76282811803485951,AN16B078,ascending,AN16B078,left,6.504189838027254,-36.80220661271948,AN_11,#FE4545
720575941533380362,76567241919634043,AN10B047_T2,ascending,AN10B047,left,33.995028365706695,-6.579764462603514,AN_10,#695B52
720575941517349881,75788787686954928,DNpe054,descending,DNpe054,right,-13.792568336868985,-42.89675769914526,DN_04,#947E6C
720575941547718461,76070880803718216,DNg18_b,descending,DNg18_b,left,10.392264236068026,-31.504776574267332,DN_11,#FE4545
720575941514120515,76425816967769644,AN10B034_T1,ascending,AN10B034,right,-26.740723740006192,4.056996010647829,AN_16,#F36237
720575941700293082,75930968083127166,DNg06,descending,DNg06,right,-20.60750306739877,-16.401886559618895,DN_06,#4D9C3C
720575941518593134,76282811736250745,AN12B060,ascending,AN12B060,right,-21.74908364906381,1.1862454641924458,AN_01,#EC9832
720575941642285256,76282811736765178,AN07B069,ascending,AN07B069,right,-0.7277383503265227,-25.352089501513426,AN_04,#947E6C
720575941569153906,76497010614442914,AN10B046_T2,ascending,AN10B046,left,29.359310973738925,-1.526480413569395,AN_16,#F36237
720575941610213478,75718831058003590,DNg01,descending,DNg01,right,-26.671885620499356,-16.5366292964353,DN_12,#FBCD5A
720575941588809612,77762274156582032,SApp10,sensory_ascending,SApp10,left,NA,NA,NA,NA
720575941479520898,76636717176320561,AN08B098,ascending,AN08B098,left,21.034035552596347,9.867001913891848,AN_01,#EC9832
720575941407499055,76282811736253077,AN12B089,ascending,AN12B089,right,-2.823521982575163,9.662675284253176,AN_03,#F7BA3C
720575941503527147,75930968082623654,DNge025,descending,DNge025,right,30.297039855574862,20.821792029248293,DN_18,#52AE4E
720575941460373232,76704062195857780,DNg06,descending,DNg06,left,-20.60750306739877,-16.401886559618895,DN_06,#4D9C3C
720575941568118004,76353180547899327,AN07B072_T3,ascending,AN07B072,right,0.9610230813973104,-39.70244083513159,AN_04,#947E6C
720575941447234997,77762274089541012,SApp13,sensory_ascending,SApp13,left,NA,NA,NA,NA
720575941430071310,76282811803397168,AN07B071,ascending,AN07B071,right,2.1982797275536212,-27.634762383593504,AN_04,#947E6C
720575941523966820,76212443059359856,AN07B089,ascending,AN07B089,right,9.541277755355136,-35.067026711596434,AN_11,#FE4545
720575941553019475,77762274156439835,SApp10,sensory_ascending,SApp10,left,NA,NA,NA,NA
720575941610317020,76353180547973838,AN19B065,ascending,AN19B065,right,11.188919890975253,-40.14789447893042,AN_11,#FE4545
720575941516069625,76071705503854375,AN10B048_T2,ascending,AN10B048,left,32.31458937034537,-14.25806770433325,AN_10,#695B52
720575941470728256,76286179595168882,AN07B072_T3,ascending,AN07B072,left,0.9610230813973104,-39.70244083513159,AN_04,#947E6C
720575941655157209,76918123701434892,AN07B071,ascending,AN07B071,left,2.1982797275536212,-27.634762383593504,AN_04,#947E6C
720575941485303693,76145098106405728,AN10B037_T2,ascending,AN10B037,right,29.452383864974276,-1.7515307437314434,AN_16,#F36237
720575941689715931,76071705503902233,AN10B047_T1,ascending,AN10B047,left,32.98771940574576,-6.690595723284666,AN_10,#695B52
720575941457181766,76001336760015721,AN07B072_T1,ascending,AN07B072,left,2.765220273589388,-29.668093300951902,AN_04,#947E6C
720575941447762964,76566485804141802,AN10B034_T1,ascending,AN10B034,left,-26.740723740006192,4.056996010647829,AN_16,#F36237
720575941579629137,76496185712152138,AN10B053_T1,ascending,AN10B053,right,32.39740263328482,-12.846458054675047,AN_10,#695B52
720575941482115526,76282811736216743,AN12B055,ascending,AN12B055,right,17.70016752586295,38.01818981062036,AN_13,#48A9D9
720575941480942499,76353180547893699,DNg12_e,descending,DNg12_e,left,28.653601516341464,21.84747829328638,DN_18,#52AE4E
720575941604343225,75577680917765489,DNg08_a,descending,DNg08_a,right,-18.699969421768888,-25.739872552050535,DN_06,#4D9C3C
720575941513087564,76282811736634730,SApp10,sensory_ascending,SApp10,left,NA,NA,NA,NA
720575941556235940,76212442992605855,AN08B099,ascending,AN08B099,right,0.6303855072014486,6.299845122204836,AN_08,#51B07B
720575941637734175,76001336827309033,DNg06,descending,DNg06,right,-20.60750306739877,-16.401886559618895,DN_06,#4D9C3C
720575941542617117,76001336826960578,DNp17,descending,DNp17,right,-11.245699058914884,-45.483992196215574,DN_04,#947E6C
720575941479864771,76075279587528283,AN19B104,ascending,AN19B104,right,13.745170463179843,-37.07334385026831,AN_11,#FE4545
720575941445392148,76282811803724478,AN19B079,ascending,AN19B079,right,11.869743217086093,-40.67751178850073,AN_11,#FE4545
720575941469048695,76285698156007419,AN10B048_T2,ascending,AN10B048,right,32.31458937034537,-14.25806770433325,AN_10,#695B52
720575941551408538,76071705504065774,AN08B107,ascending,AN08B107,left,-17.38111604347299,13.258525275097902,AN_08,#51B07B
720575941533339779,75930968082715251,AN19B063,ascending,AN19B063,left,11.55304037437369,-40.59024295915503,AN_11,#FE4545
720575941554888676,76633418372790018,DNge111,descending,DNge111,left,-15.304492126847013,-23.03655490983862,DN_06,#4D9C3C
720575941634017723,75788719034255604,DNpe018,descending,DNpe018,right,2.3834510932915363,-11.130830384386961,DN_06,#4D9C3C
720575941631020192,76563324640590341,DNge087,descending,DNge087,left,1.5354105125420248,-29.787800408495848,DN_04,#947E6C
720575941428495535,76001336760021583,SApp10,sensory_ascending,SApp10,right,NA,NA,NA,NA
720575941555507283,76212442992428710,AN10B045_T2,ascending,AN10B045,right,29.927914489363925,-1.2534484635724468,AN_16,#F36237
720575941535151898,74881278545259390,SApp23,sensory_ascending,SApp23,right,NA,NA,NA,NA
720575941477201002,76563049628721405,DNge089,descending,DNge089,left,-12.834609161759122,-17.793768502367918,DN_06,#4D9C3C
720575941501994891,75722954830914136,AN19B051_A3,ascending,AN19B051,left,0.0025432001106893143,3.2128757465944844,AN_01,#EC9832
720575941533291457,76777248640363542,AN16B078,ascending,AN16B078,left,6.504189838027254,-36.80220661271948,AN_11,#FE4545
720575941438669653,76282811736267711,AN12B055,ascending,AN12B055,right,17.70016752586295,38.01818981062036,AN_13,#48A9D9
720575941537411560,76282811736634741,AN07B069,ascending,AN07B069,right,-0.7277383503265227,-25.352089501513426,AN_04,#947E6C
720575941478584938,75930418125355412,ANXXX470,ascending,ANXXX470,right,1.2734053026192342,12.03050651441675,AN_07,#BFB09A
720575941556952147,75724398006968575,AN05B053_A4,ascending,AN05B053,right,2.893788684462801,29.426082037793215,AN_03,#F7BA3C
720575941549063167,76282811736239856,AN12B089,ascending,AN12B089,right,-2.823521982575163,9.662675284253176,AN_03,#F7BA3C
720575941576680949,76071705504054400,AN10B034_T1,ascending,AN10B034,left,-26.740723740006192,4.056996010647829,AN_16,#F36237
720575941429383521,76353180547857484,DNg12_a,descending,DNg12_a,left,31.308951247786776,17.191420935498293,DN_04,#947E6C
720575941486783238,76636717176356861,AN08B099,ascending,AN08B099,left,0.6303855072014486,6.299845122204836,AN_08,#51B07B
720575941520087223,76918398177132894,AN10B046_T1,ascending,AN10B046,left,-26.665057312393888,3.9694155682192402,AN_16,#F36237
720575941483839042,76004910776714491,AN19B104,ascending,AN19B104,right,13.745170463179843,-37.07334385026831,AN_11,#FE4545
720575941515615843,76005391678518846,AN10B037_T3,ascending,AN10B037,right,-22.96413148536752,29.145566367016848,AN_16,#F36237
720575941472867424,76216017143189668,AN07B089,ascending,AN07B089,left,9.541277755355136,-35.067026711596434,AN_11,#FE4545
720575941649024021,76282811736787048,AN07B069,ascending,AN07B069,right,-0.7277383503265227,-25.352089501513426,AN_04,#947E6C
720575941591804712,76633418372760929,DNge091,descending,DNge091,left,-14.263059746170743,-22.81979236711401,DN_06,#4D9C3C
720575941512261443,75935503970724416,SAxx02,sensory_ascending,SAxx02,right,NA,NA,NA,NA
720575941492419504,76496941894860592,AN10B053_T2,ascending,AN10B053,left,33.12132917747427,-7.71280346025366,AN_10,#695B52
720575941515917667,76282811736742511,DNg07,descending,DNg07,right,-14.95203889503549,-21.577587700976316,DN_06,#4D9C3C
720575941581362271,76282811803879408,AN06A092,ascending,AN06A092,right,5.670013297652498,-29.77762851823706,AN_11,#FE4545
720575941613245593,76071705504158264,AN08B103,ascending,AN08B103,left,-17.477208267594083,10.469610594616945,AN_08,#51B07B
720575941459093459,76212442992715434,AN08B110,ascending,AN08B110,right,-17.629687439347013,12.965990446911867,AN_08,#51B07B
720575941626193563,76703580891595187,DNg08_b,descending,DNg08_b,left,-4.972335468674406,3.5847653378115254,DN_06,#4D9C3C
720575941476632385,75718830991420705,DNg01,descending,DNg01,right,-26.671885620499356,-16.5366292964353,DN_12,#FBCD5A
720575941565716578,76492886908542304,DNfl030,descending,DNfl030,left,28.28793035850455,22.647578619824465,DN_18,#52AE4E
720575941523447883,75718762137377142,DNg07,descending,DNg07,right,-14.95203889503549,-21.577587700976316,DN_06,#4D9C3C
720575941460701965,76212443059494471,AN19B100,ascending,AN19B100,right,15.56478582725455,-37.50644931901831,AN_11,#FE4545
720575941412778897,75232504328045647,SA_MDA_4,sensory_ascending,SA_MDA_4,left,NA,NA,NA,NA
720575941633896891,76075485478101560,AN10B053,ascending,AN10B053,right,30.97406660423209,-15.121539689196531,AN_10,#695B52
720575941442671530,75792498673013399,SApp10,sensory_ascending,SApp10,right,NA,NA,NA,NA
720575941537518229,77059136269363628,SApp04,sensory_ascending,SApp04,left,NA,NA,NA,NA
720575941439454783,76282811736648845,DNg08_a,descending,DNg08_a,left,-18.699969421768888,-25.739872552050535,DN_06,#4D9C3C
720575941460972301,76847686170874150,AN16B116,ascending,AN16B116,left,7.032280315017,-35.1724878322019,AN_11,#FE4545
720575941630921413,76212442992580747,AN08B103,ascending,AN08B103,right,-17.477208267594083,10.469610594616945,AN_08,#51B07B
720575941536003314,76282811803739087,DNge087,descending,DNge087,right,1.5354105125420248,-29.787800408495848,DN_04,#947E6C
720575941446894612,76353180547961855,DNg12_e,descending,DNg12_e,left,28.653601516341464,21.84747829328638,DN_18,#52AE4E
720575941637800309,75788719034106522,DNpe054,descending,DNpe054,right,-13.792568336868985,-42.89675769914526,DN_04,#947E6C
720575941662445180,76071705503959492,AN10B047_T3,ascending,AN10B047,left,32.67812620506216,-6.157753564013426,AN_10,#695B52
720575941689709019,76633487092318757,DNg07,descending,DNg07,left,-14.95203889503549,-21.577587700976316,DN_06,#4D9C3C
720575941512453443,76353180547551015,AN07B071,ascending,AN07B071,right,2.1982797275536212,-27.634762383593504,AN_04,#947E6C
720575941552584510,76563118348090548,DNge094,descending,DNge094,left,8.62358366355826,-22.111910439623777,DN_06,#4D9C3C
720575941530964355,76216360539350633,AN10B060,ascending,AN10B060,left,30.914580215071933,2.831092738019045,AN_16,#F36237
720575941438959707,76777454999907563,AN07B071,ascending,AN07B071,left,2.1982797275536212,-27.634762383593504,AN_04,#947E6C
720575941541703453,76353180547860117,AN07B072_T3,ascending,AN07B072,right,0.9610230813973104,-39.70244083513159,AN_04,#947E6C
720575941461352659,76212443059076095,DNge094,descending,DNge094,right,8.62358366355826,-22.111910439623777,DN_06,#4D9C3C
720575941425381716,75789337107106965,DNge085,descending,DNge085,right,10.599387038802401,-31.546206093920652,DN_11,#FE4545
720575941559205933,76633693384695942,DNg05_b,descending,DNg05_b,left,-21.47582925453256,-16.7563615809812,DN_12,#FBCD5A
720575941604809718,76286523259407755,AN03B050,ascending,AN03B050,left,1.9252852092735921,-31.626564599169676,AN_04,#947E6C
720575941513674131,75930968015304731,DNge061,descending,DNge061,right,-1.8975050558097208,6.356472395764406,DN_03,#F7BA3C
720575941533946456,76707085987155604,AN08B103,ascending,AN08B103,right,-17.477208267594083,10.469610594616945,AN_08,#51B07B
720575941575484598,75930143315132287,DNge071,descending,DNge071,right,7.336371291732088,-30.24360523332495,DN_11,#FE4545
720575941603691198,76286591777673873,AN10B033_T3,ascending,AN10B033,left,30.086045135115878,-12.402895547045652,AN_10,#695B52
720575941440714959,75930968149638386,DNg03,descending,DNg03,right,-18.421879898453458,-16.016665078295652,DN_03,#F7BA3C
720575941459285700,77762274156376533,SApp19,sensory_ascending,SApp19,left,NA,NA,NA,NA
720575941501635927,76633693385151263,DNg02_b,descending,DNg02_b,left,-19.63470376625131,-7.187824822558348,DN_06,#4D9C3C
720575941444765866,76284667430975960,SApp14,sensory_ascending,SApp14,right,NA,NA,NA,NA
720575941527175524,76282811870362934,DNg03,descending,DNg03,left,-18.421879898453458,-16.016665078295652,DN_03,#F7BA3C
720575941533398659,76703787117103305,DNge094,descending,DNge094,left,8.62358366355826,-22.111910439623777,DN_06,#4D9C3C
720575941608733673,76212443059301460,DNge114,descending,DNge114,right,-8.23278964653085,-40.51048526872534,DN_04,#947E6C
720575941526721869,76071705503919647,AN10B053_T1,ascending,AN10B053,left,32.39740263328482,-12.846458054675047,AN_10,#695B52
720575941592328741,76282811736685763,SApp11,sensory_ascending,SApp11,left,NA,NA,NA,NA
720575941688127350,76212442992402882,AN10B053_T2,ascending,AN10B053,right,33.12132917747427,-7.71280346025366,AN_10,#695B52
720575941598693824,76282811803948479,DNp17,descending,DNp17,left,-11.245699058914884,-45.483992196215574,DN_04,#947E6C
720575941402226211,76142074180767129,SAxx02,sensory_ascending,SAxx02,right,NA,NA,NA,NA
720575941689667547,76355379772303137,AN08B099,ascending,AN08B099,right,0.6303855072014486,6.299845122204836,AN_08,#51B07B
720575941474566708,76004910776739306,AN19B100,ascending,AN19B100,right,15.56478582725455,-37.50644931901831,AN_11,#FE4545
720575941460517060,77762274156347966,SApp10,sensory_ascending,SApp10,left,NA,NA,NA,NA
720575941596171968,77762342876245472,SApp19,sensory_ascending,SApp19,left,NA,NA,NA,NA
720575941656032980,76282811736697234,SApp20,sensory_ascending,SApp20,left,NA,NA,NA,NA
720575941473825888,75648324405529431,DNge020,descending,DNge020,right,31.472342361068026,18.428740881787355,DN_18,#52AE4E
720575941691002264,77058586244765051,AN08B031,ascending,AN08B031,right,0.5979580770485555,10.116353415356691,AN_01,#EC9832
720575941552203930,75301841944767800,AN07B089,ascending,AN07B089,right,9.541277755355136,-35.067026711596434,AN_11,#FE4545
720575941500564363,77762274156535941,SApp10,sensory_ascending,SApp10,left,NA,NA,NA,NA
720575941590112040,76282811803483001,AN16B078,ascending,AN16B078,left,6.504189838027254,-36.80220661271948,AN_11,#FE4545
720575941437893461,76282811736654324,SApp11,sensory_ascending,SApp11,left,NA,NA,NA,NA
720575941722210362,76703993409522190,DNg06,descending,DNg06,left,-20.60750306739877,-16.401886559618895,DN_06,#4D9C3C
720575941658641176,76636717310535391,AN07B070,ascending,AN07B070,left,-24.499835144425138,15.618225478039797,AN_01,#EC9832
720575941444941588,75862936203286062,SApp10,sensory_ascending,SApp10,right,NA,NA,NA,NA
720575941544157628,76000374486192419,AN08B110,ascending,AN08B110,left,-17.629687439347013,12.965990446911867,AN_08,#51B07B
720575941476981569,76703718397952718,DNg08_a,descending,DNg08_a,left,-18.699969421768888,-25.739872552050535,DN_06,#4D9C3C
720575941460902157,75648255954206677,DNg07,descending,DNg07,right,-14.95203889503549,-21.577587700976316,DN_06,#4D9C3C
720575941649932785,76777454798776635,AN07B095,ascending,AN07B095,left,-6.00594628944467,-30.283321953906004,AN_04,#947E6C
720575941482407677,75437218240160675,DNnt008,descending,DNnt008,right,32.24169050559927,13.293475531445559,DN_04,#947E6C
720575941518431927,76214229967346514,AN16B078_b,ascending,AN16B078_b,right,4.863299716567293,-35.50874195207495,AN_04,#947E6C
720575941493998464,75859774570858996,DNge087,descending,DNge087,right,1.5354105125420248,-29.787800408495848,DN_04,#947E6C
720575941434859296,76145373386956931,AN07B072_T3,ascending,AN07B072,right,0.9610230813973104,-39.70244083513159,AN_04,#947E6C
720575941555214593,76216017076460316,AN19B100,ascending,AN19B100,left,15.56478582725455,-37.50644931901831,AN_11,#FE4545
720575941565526119,76636167352832710,AN16B078,ascending,AN16B078,left,6.504189838027254,-36.80220661271948,AN_11,#FE4545
720575941487707189,76282811803575726,AN16B112,ascending,AN16B112,left,6.805845607375399,-35.33242664445776,AN_11,#FE4545
720575941452266291,76918398243791455,AN10B037_T1,ascending,AN10B037,left,-26.835585724259122,4.370705508099611,AN_16,#F36237
720575941573385224,76633418372869399,DNge114,descending,DNge114,left,-8.23278964653085,-40.51048526872534,DN_04,#947E6C
720575941432771982,76282811803567026,AN16B078,ascending,AN16B078,left,6.504189838027254,-36.80220661271948,AN_11,#FE4545
720575941404813680,76001336826747948,DNg36_b,descending,DNg36_b,left,-8.837023865128263,-40.633188820971434,DN_04,#947E6C
720575941461320644,76633349988934342,DNpe054,descending,DNpe054,left,-13.792568336868985,-42.89675769914526,DN_04,#947E6C
720575941549510974,76282811803419251,AN16B078,ascending,AN16B078,left,6.504189838027254,-36.80220661271948,AN_11,#FE4545
720575941522001591,76070605858287755,DNge094,descending,DNge094,right,8.62358366355826,-22.111910439623777,DN_06,#4D9C3C
720575941566734836,76001336760001350,SApp19,sensory_ascending,SApp19,right,NA,NA,NA,NA
720575941548952609,76777454798866053,AN07B069,ascending,AN07B069,left,-0.7277383503265227,-25.352089501513426,AN_04,#947E6C
720575941504258839,75930968082626508,DNge025,descending,DNge025,right,30.297039855574862,20.821792029248293,DN_18,#52AE4E
720575941478074592,76704062129244106,DNg02_b,descending,DNg02_b,left,-19.63470376625131,-7.187824822558348,DN_06,#4D9C3C
720575941533578177,75930143315107999,DNge085,descending,DNge085,right,10.599387038802401,-31.546206093920652,DN_11,#FE4545
720575941559458675,76212442992628737,AN08B109,ascending,AN08B109,right,-18.413699280167325,22.89767589460474,AN_08,#51B07B
720575941549950207,76071705504133819,AN08B101,ascending,AN08B101,left,0.6824811588280355,6.995079897748049,AN_01,#EC9832
720575941603506622,76071636784299572,SApp23,sensory_ascending,SApp23,right,NA,NA,NA,NA
720575941564094720,76004842057397973,AN19B093,ascending,AN19B093,right,12.099269736861483,-39.05004367936987,AN_11,#FE4545
720575941558966766,76497010680926114,AN10B049_T2,ascending,AN10B049,left,31.98535810813834,2.553305291043337,AN_16,#F36237
720575941465737814,76353180547854839,DNg12_a,descending,DNg12_a,left,31.308951247786776,17.191420935498293,DN_04,#947E6C
720575941479434720,76353180480707488,DNg12_e,descending,DNg12_e,left,28.653601516341464,21.84747829328638,DN_18,#52AE4E
720575941512498252,76636717176385766,AN08B102,ascending,AN08B102,left,19.716847289656894,9.410870932446535,AN_08,#51B07B
720575941506644028,76352355780204445,DNge071,descending,DNge071,left,7.336371291732088,-30.24360523332495,DN_11,#FE4545
720575941475557681,75718968430083011,DNg03,descending,DNg03,right,-18.421879898453458,-16.016665078295652,DN_03,#F7BA3C
720575941614190099,76492475128590359,DNpe008,descending,DNpe008,left,-13.420088898087247,-42.44579563249487,DN_04,#947E6C
720575941483879430,76282811803394022,AN07B071,ascending,AN07B071,right,2.1982797275536212,-27.634762383593504,AN_04,#947E6C
720575941578736629,75930968082737365,AN07B085,ascending,AN07B085,left,4.007788528060213,-36.990156746996824,AN_04,#947E6C
720575941429327063,76284598711511811,AN16B112,ascending,AN16B112,right,6.805845607375399,-35.33242664445776,AN_11,#FE4545
720575941604048830,76216429259144872,AN10B047_T3,ascending,AN10B047,left,32.67812620506216,-6.157753564013426,AN_10,#695B52
720575941570313118,76214436192476795,AN16B078,ascending,AN16B078,right,6.504189838027254,-36.80220661271948,AN_11,#FE4545
720575941669864113,76848029499940826,AN10B039_T1,ascending,AN10B039,left,31.06014143333365,1.8711602915392476,AN_16,#F36237
720575941524375883,75863348587513702,SApp07,sensory_ascending,SApp07,right,NA,NA,NA,NA
720575941506224700,75723229641884850,SApp22,sensory_ascending,SApp22,right,NA,NA,NA,NA
720575941493019111,75788719034106364,DNpe054,descending,DNpe054,right,-13.792568336868985,-42.89675769914526,DN_04,#947E6C
720575941441145311,75440311287019503,SApp10,sensory_ascending,SApp10,right,NA,NA,NA,NA
720575941536231105,76703649677807836,DNg08,descending,DNg08,left,-18.328297745133145,-25.49987087358374,DN_06,#4D9C3C
720575941539767900,76636717310163922,AN07B101,ascending,AN07B101,left,-3.161368023300871,-32.69068012346167,AN_04,#947E6C
720575941437249836,76848030036526653,AN07B072_T3,ascending,AN07B072,right,0.9610230813973104,-39.70244083513159,AN_04,#947E6C
720575941463893078,76212443059483128,AN06A092,ascending,AN06A092,right,5.670013297652498,-29.77762851823706,AN_11,#FE4545
720575941730332715,75718830991186510,DNg02_a,descending,DNg02_a,right,-20.86037934913705,-13.90585765947241,DN_06,#4D9C3C
720575941409701035,75862867483865998,SApp10,sensory_ascending,SApp10,right,NA,NA,NA,NA
720575941631615468,76355929528561399,AN10B034_T2,ascending,AN10B034,left,33.14228712425162,-5.855234719408934,AN_16,#F36237
720575941552002815,75792154404172516,DNg57,descending,DNg57,right,-1.1072086800582255,13.966886900769289,DN_03,#F7BA3C
720575941512782947,76847548329242426,AN07B101,ascending,AN07B101,left,-3.161368023300871,-32.69068012346167,AN_04,#947E6C
720575941466965725,76703443050027983,DNge024,descending,DNge024,left,30.1819122920983,20.43838825117212,DN_18,#52AE4E
720575941634206651,76282811736753758,AN07B101_b,ascending,AN07B101_b,right,-5.662323128128752,-30.47082576860327,AN_04,#947E6C
720575941399010595,75440311286931075,SApp19,sensory_ascending,SApp19,right,NA,NA,NA,NA
720575941686310895,76353180547915833,DNge024,descending,DNge024,left,30.1819122920983,20.43838825117212,DN_18,#52AE4E
720575941655733972,76001336826870578,SApp17,sensory_ascending,SApp17,right,NA,NA,NA,NA
720575941503483330,76496048407231349,AN08B101,ascending,AN08B101,right,0.6824811588280355,6.995079897748049,AN_01,#EC9832
720575941442478287,76215948356931696,AN19B060,ascending,AN19B060,left,-13.871619354630216,-33.33129749406714,AN_11,#FE4545
720575941612937881,76282811736676965,SA_DMT_ADMN_2,sensory_ascending,SApp14,left,NA,NA,NA,NA
720575941505656866,76707017335273092,AN07B091,ascending,AN07B091,right,-3.269273888016447,-33.5697160731687,AN_04,#947E6C
720575941666925745,75930968082726321,DNg12_d,descending,DNg12_d,right,31.886458266829745,14.620061301098879,DN_04,#947E6C
720575941623908298,76004979496513106,AN07B089,ascending,AN07B089,right,9.541277755355136,-35.067026711596434,AN_11,#FE4545
720575941412103535,76425610876082112,AN12B089,ascending,AN12B089,left,-2.823521982575163,9.662675284253176,AN_03,#F7BA3C
720575941592514341,76707911157712423,SApp17,sensory_ascending,SApp17,left,NA,NA,NA,NA
720575941451737927,76212442992692745,AN08B059,ascending,AN08B059,right,-21.04804147377084,13.110951804028566,AN_01,#EC9832
720575941508688257,76214367540324117,SApp12,sensory_ascending,SApp12,right,NA,NA,NA,NA
720575941623634122,75718899710653329,DNg02_a,descending,DNg02_a,right,-20.86037934913705,-13.90585765947241,DN_06,#4D9C3C
720575941678584253,75930968082541366,SApp16,sensory_ascending,SApp16,right,NA,NA,NA,NA
720575941630493600,76282811803689861,AN07B072_T3,ascending,AN07B072,right,0.9610230813973104,-39.70244083513159,AN_04,#947E6C
720575941553617124,75652929616635341,SAppxx,sensory_ascending,SAppxx,right,NA,NA,NA,NA
720575941588545335,76495773395159639,SApp23,sensory_ascending,SApp23,right,NA,NA,NA,NA
720575941627576377,76000512059234082,DNge085,descending,DNge085,right,10.599387038802401,-31.546206093920652,DN_11,#FE4545
720575941488256976,76142074248486540,AN08B099,ascending,AN08B099,left,0.6303855072014486,6.299845122204836,AN_08,#51B07B
720575941611059274,75723298361254303,SApp22,sensory_ascending,SApp22,right,NA,NA,NA,NA
720575941688644315,75859705851437068,DNge085,descending,DNge085,right,10.599387038802401,-31.546206093920652,DN_11,#FE4545
720575941413523604,76001336893739146,AN02A046,ascending,AN02A046,right,9.30922876701285,-3.0214940081967754,AN_14,#77C8F2
720575941569505394,76562775153514854,DNpe054,descending,DNpe054,left,-13.792568336868985,-42.89675769914526,DN_04,#947E6C
720575941633124539,76848029500123268,AN10B048_T1,ascending,AN10B048,left,32.58407484397818,-13.148468590868895,AN_10,#695B52
720575941505239717,76495842517344165,ANXXX990,ascending,ANXXX990,right,-10.71906770362924,6.786852740155275,AN_03,#F7BA3C
720575941603438777,75577749704413653,DNg07,descending,DNg07,right,-14.95203889503549,-21.577587700976316,DN_06,#4D9C3C
720575941602974649,75788719034158073,DNpe054,descending,DNpe054,right,-13.792568336868985,-42.89675769914526,DN_04,#947E6C
720575941436503359,76282811736244105,AN12B089,ascending,AN12B089,right,-2.823521982575163,9.662675284253176,AN_03,#F7BA3C
720575941449604942,76212443059351617,AN19B104,ascending,AN19B104,right,13.745170463179843,-37.07334385026831,AN_11,#FE4545
720575941628636130,75933442453817893,SApp17,sensory_ascending,SApp17,right,NA,NA,NA,NA
720575941405473327,76282811804039639,DNge015,descending,DNge015,left,-17.185456406021817,-16.913424111498777,DN_06,#4D9C3C
720575941504235095,76212442992510543,AN10B034_T1,ascending,AN10B034,right,-26.740723740006192,4.056996010647829,AN_16,#F36237
720575941593604054,76001336760032809,SApp10,sensory_ascending,SApp10,right,NA,NA,NA,NA
720575941613322003,76001336760182906,AN16B078,ascending,AN16B078,right,6.504189838027254,-36.80220661271948,AN_11,#FE4545
720575941480245327,75858812229650282,SAch01,sensory_ascending,SAch01,right,NA,NA,NA,NA
720575941559946478,76562843872860428,DNpe008,descending,DNpe008,left,-13.420088898087247,-42.44579563249487,DN_04,#947E6C
720575941494185344,76284598711579252,SApp17,sensory_ascending,SApp17,right,NA,NA,NA,NA
720575941568305658,76707017335166824,AN07B101,ascending,AN07B101,right,-3.161368023300871,-32.69068012346167,AN_04,#947E6C
720575941460661188,76001336759959160,SApp10,sensory_ascending,SApp10,right,NA,NA,NA,NA
720575941536984842,76422518298937947,DNge116,descending,DNge116,left,2.6850258003227863,-33.008902169360105,DN_04,#947E6C
720575941546363169,76001336760088025,SApp13,sensory_ascending,SApp13,right,NA,NA,NA,NA
720575941553530503,76003536186090548,SApp10,sensory_ascending,SApp10,right,NA,NA,NA,NA
720575941644357221,76004635831377653,AN19B104,ascending,AN19B104,left,13.745170463179843,-37.07334385026831,AN_11,#FE4545
720575941626302858,76774224446538289,DNg12_e,descending,DNg12_e,left,28.653601516341464,21.84747829328638,DN_18,#52AE4E
720575941454124781,76353180547952906,DNg12_a,descending,DNg12_a,left,31.308951247786776,17.191420935498293,DN_04,#947E6C
720575941560655784,76143998728907331,AN16B078,ascending,AN16B078,right,6.504189838027254,-36.80220661271948,AN_11,#FE4545
720575941688242328,75507587051243925,DNge024,descending,DNge024,right,30.1819122920983,20.43838825117212,DN_18,#52AE4E
720575941589969292,76001336760050173,SApp19,sensory_ascending,SApp19,right,NA,NA,NA,NA
720575941661385784,76001336760001293,SApp04,sensory_ascending,SApp04,right,NA,NA,NA,NA
720575941460087251,75930968082712471,AN07B072_T3,ascending,AN07B072,left,0.9610230813973104,-39.70244083513159,AN_04,#947E6C
720575941596600709,76492887043286507,DNge116,descending,DNge116,left,2.6850258003227863,-33.008902169360105,DN_04,#947E6C
720575941499397003,76001886583247282,SApp06,sensory_ascending,SApp06,right,NA,NA,NA,NA
720575941574226024,75930968082487783,DNge020,descending,DNge020,right,31.472342361068026,18.428740881787355,DN_18,#52AE4E
720575941652278033,76563324640519212,DNge087,descending,DNge087,left,1.5354105125420248,-29.787800408495848,DN_04,#947E6C
720575941431577007,76354967590135743,DNg02_a,descending,DNg02_a,right,-20.86037934913705,-13.90585765947241,DN_06,#4D9C3C
720575941551115775,76005803928837011,SAch01,sensory_ascending,SAch01,right,NA,NA,NA,NA
720575941535332952,75788718967645430,DNpe008,descending,DNpe008,right,-13.420088898087247,-42.44579563249487,DN_04,#947E6C
720575941534800618,76001336827165694,DNge071,descending,DNge071,left,7.336371291732088,-30.24360523332495,DN_11,#FE4545
720575941551514686,76142074248422400,AN08B102,ascending,AN08B102,right,19.716847289656894,9.410870932446535,AN_08,#51B07B
720575941432054191,75722061209161332,SApp19,sensory_ascending,SApp19,right,NA,NA,NA,NA
720575941472826976,76001336826864881,SApp17,sensory_ascending,SApp17,right,NA,NA,NA,NA
720575941541832733,77199942477362963,SApp20,sensory_ascending,SApp20,left,NA,NA,NA,NA
720575941549428991,76286179595105758,AN07B072_b,ascending,AN07B072_b,left,1.5181838165276205,-39.48749408830542,AN_04,#947E6C
720575941478631786,76145442106489093,AN07B072_T3,ascending,AN07B072,left,0.9610230813973104,-39.70244083513159,AN_04,#947E6C
720575941452264361,76282811803895987,DNge071,descending,DNge071,right,7.336371291732088,-30.24360523332495,DN_11,#FE4545
720575941501922498,76707086121230492,AN07B091,ascending,AN07B091,left,-3.269273888016447,-33.5697160731687,AN_04,#947E6C
720575941554228481,76353180547907589,DNg12_e,descending,DNg12_e,left,28.653601516341464,21.84747829328638,DN_18,#52AE4E
720575941625603995,76283636370014470,SAch01,sensory_ascending,SAch01,right,NA,NA,NA,NA
720575941601022710,76282811736730993,AN07B078,ascending,AN07B078,right,-6.2497035373694745,-30.459749795092527,AN_04,#947E6C
720575941501608939,75437287093514425,DNg12_b,descending,DNg12_b,right,32.997225631331695,14.304747008191164,DN_18,#52AE4E
720575941498434683,76211961889136519,DNge094,descending,DNge094,right,8.62358366355826,-22.111910439623777,DN_06,#4D9C3C
720575941459850707,76496185778696570,AN10B053_T1,ascending,AN10B053,right,32.39740263328482,-12.846458054675047,AN_10,#695B52
720575941722212666,76707085920410568,AN08B096,ascending,AN08B096,left,16.590973723983065,-12.030723191393797,AN_08,#51B07B
720575941484160954,75648462179512835,AN07B085,ascending,AN07B085,left,4.007788528060213,-36.990156746996824,AN_04,#947E6C
720575941669591217,76356273125540272,SAch01,sensory_ascending,SAch01,right,NA,NA,NA,NA
720575941569320050,76282811803901575,DNpe054,descending,DNpe054,left,-13.792568336868985,-42.89675769914526,DN_04,#947E6C
720575941460274116,76212442992556185,AN10B060,ascending,AN10B060,right,30.914580215071933,2.831092738019045,AN_16,#F36237
720575941650394901,75934335874302977,SApp22,sensory_ascending,SApp22,right,NA,NA,NA,NA
720575941612139241,76355173613892277,AN07B069,ascending,AN07B069,right,-0.7277383503265227,-25.352089501513426,AN_04,#947E6C
720575941457206854,76707017200757787,AN08B095,ascending,AN08B095,left,-18.192378174210294,23.361262701855715,AN_08,#51B07B
720575941477928834,76847823609661358,AN07B082,ascending,AN07B082,left,-5.267928730393156,-31.24255428422827,AN_04,#947E6C
720575941605057901,76286179595153092,AN07B085,ascending,AN07B085,left,4.007788528060213,-36.990156746996824,AN_04,#947E6C
720575941573846941,76633418372848140,DNge094,descending,DNge094,left,8.62358366355826,-22.111910439623777,DN_06,#4D9C3C
720575941644047698,77059136269328369,SApp19,sensory_ascending,SApp19,left,NA,NA,NA,NA
720575941538881778,76143036387702300,SApp12,sensory_ascending,SApp12,right,NA,NA,NA,NA
720575941514537731,76003673758730318,SApp02,sensory_ascending,SApp02,right,NA,NA,NA,NA
720575941588874892,76282811803887484,DNpe054,descending,DNpe054,left,-13.792568336868985,-42.89675769914526,DN_04,#947E6C
720575941439919295,75577955728508403,DNg12_e,descending,DNg12_e,right,28.653601516341464,21.84747829328638,DN_18,#52AE4E
720575941596979239,76633349988950109,DNpe054,descending,DNpe054,left,-13.792568336868985,-42.89675769914526,DN_04,#947E6C
720575941506431548,76212442992704124,AN08B043,ascending,AN08B043,right,-29.864403854752286,8.367260359631594,AN_01,#EC9832
720575941430610095,76633418372846074,DNge109,descending,DNge109,left,-9.94489205970834,-40.75767002214331,DN_04,#947E6C
720575941588503948,76212442992631577,AN08B112,ascending,AN08B112,right,-30.104176651383145,8.58311881910425,AN_01,#EC9832
720575941564493831,76001336759923144,SApp10,sensory_ascending,SApp10,right,NA,NA,NA,NA
720575941534998282,76637679852934878,AN06A010,ascending,AN06A010,left,-2.2195950855262128,-27.775999642504637,AN_04,#947E6C
720575941602753782,75929180974034860,LgAG6,sensory_ascending,LgAG6,right,NA,NA,NA,NA
720575941453487529,76144067515972361,SApp22,sensory_ascending,SApp22,right,NA,NA,NA,NA
720575941450027101,75930968082698416,AN07B085,ascending,AN07B085,left,4.007788528060213,-36.990156746996824,AN_04,#947E6C
720575941482713341,76633487092345789,DNg07,descending,DNg07,left,-14.95203889503549,-21.577587700976316,DN_06,#4D9C3C
720575941515329859,76214229967292256,AN16B078,ascending,AN16B078,right,6.504189838027254,-36.80220661271948,AN_11,#FE4545
720575941472597051,75930968082606437,DNge020,descending,DNge020,right,31.472342361068026,18.428740881787355,DN_18,#52AE4E
720575941393196950,75788718967595025,DNpe008,descending,DNpe008,right,-13.420088898087247,-42.44579563249487,DN_04,#947E6C
720575941645365960,76282811803368914,AN16B078,ascending,AN16B078,left,6.504189838027254,-36.80220661271948,AN_11,#FE4545
720575941411527057,76282811803405303,AN07B082,ascending,AN07B082,right,-5.267928730393156,-31.24255428422827,AN_04,#947E6C
720575941497064098,75723092269528660,SApp09,sensory_ascending,SApp09,right,NA,NA,NA,NA
720575941496967040,76001336759998457,AN07B078,ascending,AN07B078,left,-6.2497035373694745,-30.459749795092527,AN_04,#947E6C
720575941571671709,76212442992677916,AN08B112,ascending,AN08B112,right,-30.104176651383145,8.58311881910425,AN_01,#EC9832
720575941546494313,75160829510603186,SApp12,sensory_ascending,SApp12,right,NA,NA,NA,NA
720575941474589489,76282811736699916,SA_DMT_ADMN_11,sensory_ascending,SA_DMT_ADMN_11,left,NA,NA,NA,NA
720575941612646809,75863417307102530,SApp17,sensory_ascending,SApp17,right,NA,NA,NA,NA
720575941623395483,76001336826824705,SAppxx,sensory_ascending,SAppxx,right,NA,NA,NA,NA
720575941566913786,75933373734040101,SApp07,sensory_ascending,SApp07,right,NA,NA,NA,NA
720575941593057064,76282811736596917,AN07B082,ascending,AN07B082,right,-5.267928730393156,-31.24255428422827,AN_04,#947E6C
720575941451322702,76072392765982707,SApp09,sensory_ascending,SApp09,right,NA,NA,NA,NA
720575941516887918,76001336826853706,SApp17,sensory_ascending,SApp17,right,NA,NA,NA,NA
720575941562409479,76282811736671442,AN07B082,ascending,AN07B082,right,-5.267928730393156,-31.24255428422827,AN_04,#947E6C
720575941563548160,76848029432936947,AN10B034_T1,ascending,AN10B034,left,-26.740723740006192,4.056996010647829,AN_16,#F36237
720575941602726078,76212443059240723,DNge109,descending,DNge109,right,-9.94489205970834,-40.75767002214331,DN_04,#947E6C
720575941526636290,76356754631506679,AN19B079,ascending,AN19B079,left,11.869743217086093,-40.67751178850073,AN_11,#FE4545
720575941467559702,75718830991285596,DNg06,descending,DNg06,right,-20.60750306739877,-16.401886559618895,DN_06,#4D9C3C
720575941495929470,75366712258341629,DNg36_b,descending,DNg36_b,right,-8.837023865128263,-40.633188820971434,DN_04,#947E6C
720575941438848479,75788787686938655,DNpe054,descending,DNpe054,right,-13.792568336868985,-42.89675769914526,DN_04,#947E6C
720575941574640136,76282811736776815,AN07B069,ascending,AN07B069,right,-0.7277383503265227,-25.352089501513426,AN_04,#947E6C
720575941571691165,76142074180767995,SAch01,sensory_ascending,SAch01,right,NA,NA,NA,NA
720575941492003559,76495154852412810,SAch02,sensory_ascending,SAch02,left,NA,NA,NA,NA
720575941471346016,76004979562819661,AN07B089,ascending,AN07B089,right,9.541277755355136,-35.067026711596434,AN_11,#FE4545
720575941531974629,76633487092296501,DNg36_b,descending,DNg36_b,left,-8.837023865128263,-40.633188820971434,DN_04,#947E6C
720575941539582669,76071705503860239,AN10B048_T2,ascending,AN10B048,left,32.31458937034537,-14.25806770433325,AN_10,#695B52
720575941609482413,75723298361346328,SApp16,sensory_ascending,SApp16,right,NA,NA,NA,NA
720575941609599078,75863417306916392,SApp01,sensory_ascending,SApp01,right,NA,NA,NA,NA
720575941572925583,76284598644523743,AN16B078,ascending,AN16B078,right,6.504189838027254,-36.80220661271948,AN_11,#FE4545
720575941562066088,76282811803394012,AN07B071,ascending,AN07B071,right,2.1982797275536212,-27.634762383593504,AN_04,#947E6C
720575941577341544,75789199601379592,DNge116,descending,DNge116,right,2.6850258003227863,-33.008902169360105,DN_04,#947E6C
720575941512840953,76001336760153227,SApp05,sensory_ascending,SApp05,right,NA,NA,NA,NA
720575941533990488,75440242567428164,SApp10,sensory_ascending,SApp10,right,NA,NA,NA,NA
720575941645203576,76001336760200608,SApp09,sensory_ascending,SApp09,right,NA,NA,NA,NA
720575941495343047,76001336760009951,SApp20,sensory_ascending,SApp20,right,NA,NA,NA,NA
720575941390285462,75930968083141165,DNg05_b,descending,DNg05_b,right,-21.47582925453256,-16.7563615809812,DN_12,#FBCD5A
720575941605091518,75930143314959666,DNge085,descending,DNge085,right,10.599387038802401,-31.546206093920652,DN_11,#FE4545
720575941595808039,76212442992662829,AN08B061,ascending,AN08B061,right,15.899453033065097,-12.269076920641844,AN_08,#51B07B
720575941518246327,76001336826666315,AN16B078,ascending,AN16B078,right,6.504189838027254,-36.80220661271948,AN_11,#FE4545
720575941579361873,77406649991874876,AN10B060,ascending,AN10B060,right,30.914580215071933,2.831092738019045,AN_16,#F36237
720575941498833531,76005254239731678,AN10B047_T3,ascending,AN10B047,right,32.67812620506216,-6.157753564013426,AN_10,#695B52
720575941436005650,77129505013719560,SApp14,sensory_ascending,SApp14,left,NA,NA,NA,NA
720575941653952217,76282811736688557,SApp11,sensory_ascending,SApp11,left,NA,NA,NA,NA
720575941592898341,76070743163084425,SAch02,sensory_ascending,SAch02,right,NA,NA,NA,NA
720575941533567754,76000512059314373,DNge071,descending,DNge071,right,7.336371291732088,-30.24360523332495,DN_11,#FE4545
720575941459157151,76282811736731002,AN07B091,ascending,AN07B091,right,-3.269273888016447,-33.5697160731687,AN_04,#947E6C
720575941690171355,77406718711339760,AN10B056,ascending,AN10B056,right,30.78013120994498,2.718893669949587,AN_16,#F36237
720575941524958118,76212443059345863,DNge109,descending,DNge109,right,-9.94489205970834,-40.75767002214331,DN_04,#947E6C
720575941507443841,76566279712626925,AN08B102,ascending,AN08B102,left,19.716847289656894,9.410870932446535,AN_08,#51B07B
720575941566725991,76212442992329756,AN10B048_T2,ascending,AN10B048,right,32.31458937034537,-14.25806770433325,AN_10,#695B52
720575941576080822,76638092236384848,SApp15,sensory_ascending,SApp15,left,NA,NA,NA,NA
720575941689892760,77762274156334652,SApp21,sensory_ascending,SApp21,left,NA,NA,NA,NA
720575941538209229,76493024548951302,DNg10,descending,DNg10,left,3.3615406642906818,-31.96950397600073,DN_04,#947E6C
720575941545863785,76286454540177446,AN19B063,ascending,AN19B063,left,11.55304037437369,-40.59024295915503,AN_11,#FE4545
720575941578888949,76282811803917816,SApp07,sensory_ascending,SApp07,left,NA,NA,NA,NA
720575941537718653,75577955728460594,DNg12_e,descending,DNg12_e,right,28.653601516341464,21.84747829328638,DN_18,#52AE4E
720575941545086088,76142074248410974,AN08B106,ascending,AN08B106,left,-17.7926913608558,12.368047140942629,AN_01,#EC9832
720575941688550895,76637473560281517,SApp09,sensory_ascending,SApp09,left,NA,NA,NA,NA
720575941444536746,76562775153563734,DNpe054,descending,DNpe054,left,-13.792568336868985,-42.89675769914526,DN_04,#947E6C
720575941481742671,76427329736115904,SApp09,sensory_ascending,SApp09,left,NA,NA,NA,NA
720575941515899994,76282811803387746,AN16B078,ascending,AN16B078,left,6.504189838027254,-36.80220661271948,AN_11,#FE4545
720575941733201451,75793529666303943,SApp02,sensory_ascending,SApp02,right,NA,NA,NA,NA
720575941483888450,76001474265877902,SApp05,sensory_ascending,SApp05,right,NA,NA,NA,NA
720575941689710299,76284736150463757,AN16B078,ascending,AN16B078,right,6.504189838027254,-36.80220661271948,AN_11,#FE4545
720575941429542615,75793323574696557,SApp22,sensory_ascending,SApp22,right,NA,NA,NA,NA
720575941474474270,75793323441135416,SApp08,sensory_ascending,SApp08,right,NA,NA,NA,NA
720575941537448061,76567723559493434,SApp16,sensory_ascending,SApp16,left,NA,NA,NA,NA
720575941438206431,74879560827115180,SApp08,sensory_ascending,SApp08,right,NA,NA,NA,NA
720575941623818348,76001336760061564,SApp10,sensory_ascending,SApp10,right,NA,NA,NA,NA
720575941462606547,76492543109631341,DNge019,descending,DNge019,left,32.41988264427115,15.776143454419191,DN_18,#52AE4E
720575941584961246,76142074180703535,SAxx02,sensory_ascending,SAxx02,right,NA,NA,NA,NA
720575941573346230,76497354882284258,SApp12,sensory_ascending,SApp12,left,NA,NA,NA,NA
720575941720197690,76282811736640399,AN07B091,ascending,AN07B091,right,-3.269273888016447,-33.5697160731687,AN_04,#947E6C
720575941544541364,76212442992583371,AN08B112,ascending,AN08B112,right,-30.104176651383145,8.58311881910425,AN_01,#EC9832
720575941662536316,75793461013961718,SApp05,sensory_ascending,SApp05,right,NA,NA,NA,NA
720575941503529522,76493024548945513,DNg10,descending,DNg10,left,3.3615406642906818,-31.96950397600073,DN_04,#947E6C
720575941458263024,76355173613983679,AN07B082,ascending,AN07B082,right,-5.267928730393156,-31.24255428422827,AN_04,#947E6C
720575941547837501,76427329735924485,SApp22,sensory_ascending,SApp22,left,NA,NA,NA,NA
720575941562316039,75652929616655583,SApp02,sensory_ascending,SApp02,right,NA,NA,NA,NA
720575941513411930,76143998796067353,SApp08,sensory_ascending,SApp08,right,NA,NA,NA,NA
720575941449196922,76282743083989329,SApp07,sensory_ascending,SApp07,left,NA,NA,NA,NA
720575941486460813,76426573083209690,SAxx02,sensory_ascending,SAxx02,left,NA,NA,NA,NA
720575941542584837,75930968082606383,DNge020,descending,DNge020,right,31.472342361068026,18.428740881787355,DN_18,#52AE4E
720575941569424372,76282811803868265,DNpe054,descending,DNpe054,left,-13.792568336868985,-42.89675769914526,DN_04,#947E6C
720575941414315409,76282811803454920,SApp08,sensory_ascending,SApp08,left,NA,NA,NA,NA
720575941428550537,75792567392516423,SApp13,sensory_ascending,SApp13,right,NA,NA,NA,NA
720575941612873692,75510680031413030,SApp20,sensory_ascending,SApp20,right,NA,NA,NA,NA
720575941600902841,76001336760006987,SApp18,sensory_ascending,SApp18,right,NA,NA,NA,NA
720575941507062341,76707017200760490,AN08B109,ascending,AN08B109,left,-18.413699280167325,22.89767589460474,AN_08,#51B07B
720575941644032357,76001336760206674,SApp09,sensory_ascending,SApp09,right,NA,NA,NA,NA
720575941611136614,76492130927566361,SAchxx,sensory_ascending,SAchxx,left,NA,NA,NA,NA
720575941437188575,75722129928413234,SApp19,sensory_ascending,SApp19,right,NA,NA,NA,NA
720575941483870018,76567860998556683,SApp02,sensory_ascending,SApp02,left,NA,NA,NA,NA
720575941505530658,75859705784654748,SApp22,sensory_ascending,SApp22,right,NA,NA,NA,NA
720575941469370688,76282811803956907,DNg10,descending,DNg10,right,3.3615406642906818,-31.96950397600073,DN_04,#947E6C
720575941516023699,75020160876273931,SApp09,sensory_ascending,SApp09,right,NA,NA,NA,NA
720575941468049015,76282811736668618,SApp11,sensory_ascending,SApp11,left,NA,NA,NA,NA
720575941630308549,75723092202686543,SApp08,sensory_ascending,SApp08,right,NA,NA,NA,NA
720575941534075370,76282811803962375,DNge071,descending,DNge071,right,7.336371291732088,-30.24360523332495,DN_11,#FE4545
720575941447918414,76354829882788184,SApp08,sensory_ascending,SApp08,right,NA,NA,NA,NA
720575941449634631,76073767491172528,SAppxx,sensory_ascending,SAppxx,right,NA,NA,NA,NA
720575941557625971,76001336826867684,SApp07,sensory_ascending,SApp07,right,NA,NA,NA,NA
720575941563563879,76003467466147254,SApp10,sensory_ascending,SApp10,right,NA,NA,NA,NA
720575941667254515,76284048687257849,SApp11,sensory_ascending,SApp11,right,NA,NA,NA,NA
720575941435418656,76497492254332988,SApp08,sensory_ascending,SApp08,left,NA,NA,NA,NA
720575941532194282,76001336760231373,SApp08,sensory_ascending,SApp08,right,NA,NA,NA,NA
720575941569306874,76633486957548010,DNg12_e,descending,DNg12_e,left,28.653601516341464,21.84747829328638,DN_18,#52AE4E
720575941537141786,76001542985616071,SApp09,sensory_ascending,SApp09,right,NA,NA,NA,NA
720575941523236171,76000237113991268,DNg36_b,descending,DNg36_b,right,-8.837023865128263,-40.633188820971434,DN_04,#947E6C
720575941558996462,76071705504276472,AN08B112,ascending,AN08B112,left,-30.104176651383145,8.58311881910425,AN_01,#EC9832
720575941519974104,75160829577957797,SApp09,sensory_ascending,SApp09,right,NA,NA,NA,NA
720575941563568999,76282811803569939,SApp05,sensory_ascending,SApp05,left,NA,NA,NA,NA
720575941471308896,76001336760148038,SApp05,sensory_ascending,SApp05,right,NA,NA,NA,NA
720575941597645097,76567654772782285,SApp22,sensory_ascending,SApp22,left,NA,NA,NA,NA
720575941411590804,76567723492480613,SAppxx,sensory_ascending,SAppxx,left,NA,NA,NA,NA
720575941556367140,76214367473250350,SApp06,sensory_ascending,SApp06,right,NA,NA,NA,NA
720575941506522021,76497423534688862,SApp08,sensory_ascending,SApp08,left,NA,NA,NA,NA
720575941501969714,76214298754053208,SApp15,sensory_ascending,SApp15,right,NA,NA,NA,NA
720575941668926129,76707704865658777,SApp22,sensory_ascending,SApp22,left,NA,NA,NA,NA
720575941493567943,76567723559493394,SApp22,sensory_ascending,SApp22,left,NA,NA,NA,NA
720575941461742035,76212442992665766,AN08B096,ascending,AN08B096,right,16.590973723983065,-12.030723191393797,AN_08,#51B07B
720575941564671744,75723229708813327,SApp12,sensory_ascending,SApp12,right,NA,NA,NA,NA
720575941458140115,76847617048941238,AN07B071,ascending,AN07B071,left,2.1982797275536212,-27.634762383593504,AN_04,#947E6C
720575941463134477,76707017200792914,AN08B097,ascending,AN08B097,left,16.253462661360995,-12.146021462572996,AN_08,#51B07B
720575941631952837,75723229709018016,SApp02,sensory_ascending,SApp02,right,NA,NA,NA,NA
720575941470799223,76142074248430616,AN08B102,ascending,AN08B102,right,19.716847289656894,9.410870932446535,AN_08,#51B07B
720575941552842579,76211343145602404,SAxx02,sensory_ascending,SAxx02,left,NA,NA,NA,NA
720575941508489857,76707086054724036,AN07B101,ascending,AN07B101,left,-3.161368023300871,-32.69068012346167,AN_04,#947E6C
720575941390722710,75930968082535647,DNge025,descending,DNge025,right,30.297039855574862,20.821792029248293,DN_18,#52AE4E
720575941513273593,76778073676277758,SApp06,sensory_ascending,SApp06,left,NA,NA,NA,NA
720575941534372530,76001336826704626,SApp22,sensory_ascending,SApp22,right,NA,NA,NA,NA
720575941505620770,76497285961919096,SApp15,sensory_ascending,SApp15,left,NA,NA,NA,NA
720575941483052541,76146060447535293,SAxx02,sensory_ascending,SAxx02,left,NA,NA,NA,NA
720575941548187681,76707017200670886,AN08B112,ascending,AN08B112,left,-30.104176651383145,8.58311881910425,AN_01,#EC9832
720575941591871528,76282811803569922,SApp03,sensory_ascending,SApp03,left,NA,NA,NA,NA
720575941721635130,76421830969457402,SAch02,sensory_ascending,SAch02,left,NA,NA,NA,NA
720575941624749706,75933305014542419,SApp06,sensory_ascending,SApp06,right,NA,NA,NA,NA
720575941572840591,75930968082653105,SApp03,sensory_ascending,SApp03,right,NA,NA,NA,NA
720575941549579553,76001336826542652,SApp08,sensory_ascending,SApp08,right,NA,NA,NA,NA
720575941650852369,75863898343220269,SApp01,sensory_ascending,SApp01,right,NA,NA,NA,NA
720575941474766132,76001336826771932,SApp03,sensory_ascending,SApp03,right,NA,NA,NA,NA
720575941531334373,76353180547885194,DNg12_e,descending,DNg12_e,left,28.653601516341464,21.84747829328638,DN_18,#52AE4E
720575941550675079,76001336826774949,SApp08,sensory_ascending,SApp08,right,NA,NA,NA,NA
720575941559950863,76563393293082542,DNg10,descending,DNg10,left,3.3615406642906818,-31.96950397600073,DN_04,#947E6C
720575941540535069,76633486891059120,DNge020,descending,DNge020,left,31.472342361068026,18.428740881787355,DN_18,#52AE4E
720575941550165054,75859705851431710,DNg10,descending,DNg10,right,3.3615406642906818,-31.96950397600073,DN_04,#947E6C
720575941722108218,75718693417952371,DNg07,descending,DNg07,right,-14.95203889503549,-21.577587700976316,DN_06,#4D9C3C
720575941516480110,75859705918175683,DNg18_a,descending,DNg18_a,right,11.158902991866366,-31.23212490190405,DN_11,#FE4545
720575941518945459,76352355780211702,DNge071,descending,DNge071,left,7.336371291732088,-30.24360523332495,DN_11,#FE4545
720575941649909233,76214229967151577,AN16B078,ascending,AN16B078,right,6.504189838027254,-36.80220661271948,AN_11,#FE4545
720575941515077699,76847479743900873,DNge025,descending,DNge025,left,30.297039855574862,20.821792029248293,DN_18,#52AE4E
720575941629973986,76141661864376979,AN08B113,ascending,AN08B113,right,-23.651070724869474,7.790267371045168,AN_15,#6A2978
720575941561146350,77762274156529767,SApp10,sensory_ascending,SApp10,left,NA,NA,NA,NA
720575941551911935,76003811131157518,SApp08,sensory_ascending,SApp08,right,NA,NA,NA,NA
720575941534721729,76354005114488513,SApp23,sensory_ascending,SApp23,left,NA,NA,NA,NA
720575941562120960,76073767491485383,SApp22,sensory_ascending,SApp22,right,NA,NA,NA,NA
720575941653788633,76142280406508035,SAchxx,sensory_ascending,SAchxx,left,NA,NA,NA,NA
720575941514017356,75793529666062245,SApp06,sensory_ascending,SApp06,right,NA,NA,NA,NA
720575941475963697,76355448223796036,AN10B047_T1,ascending,AN10B047,right,32.98771940574576,-6.690595723284666,AN_10,#695B52
720575941597150364,76003811197881284,SApp05,sensory_ascending,SApp05,right,NA,NA,NA,NA
720575941659595320,76353180548039628,DNg10,descending,DNg10,right,3.3615406642906818,-31.96950397600073,DN_04,#947E6C
720575941548184200,76001336760209647,SApp01,sensory_ascending,SApp01,right,NA,NA,NA,NA
720575941616199637,76212924095511959,SAchxx,sensory_ascending,SAchxx,left,NA,NA,NA,NA
720575941557692531,75723229641746806,SApp08,sensory_ascending,SApp08,right,NA,NA,NA,NA
720575941564740150,76142967601659082,SApp15,sensory_ascending,SApp15,right,NA,NA,NA,NA
720575941579149401,75788856339673663,DNpe009,descending,DNpe009,right,1.7103060375206625,-19.964943505419676,DN_04,#947E6C
720575941461178067,75793529666308240,SApp08,sensory_ascending,SApp08,right,NA,NA,NA,NA
720575941534995994,75933235355649668,SAch02,sensory_ascending,SAch02,right,NA,NA,NA,NA
720575941631933893,76003673692042366,SApp08,sensory_ascending,SApp08,right,NA,NA,NA,NA
720575941469296861,76281711889472429,LN-DN1,sensory_descending,LN-DN1,left,NA,NA,NA,NA
720575941405864622,76637679852792977,SApp17,sensory_ascending,SApp17,left,NA,NA,NA,NA
720575941471871274,76354898668933482,SApp19,sensory_ascending,SApp19,right,NA,NA,NA,NA
720575941470090615,76003811197754770,SApp08,sensory_ascending,SApp08,right,NA,NA,NA,NA
720575941595605029,76352287127373250,DNge071,descending,DNge071,left,7.336371291732088,-30.24360523332495,DN_11,#FE4545
720575941592986481,76567861065549006,SApp17,sensory_ascending,SApp17,left,NA,NA,NA,NA
720575941548843581,76001336826660869,SApp05,sensory_ascending,SApp05,right,NA,NA,NA,NA
720575941498290850,76427467175007201,SApp02,sensory_ascending,SApp02,left,NA,NA,NA,NA
720575941459431494,76282811803594221,SApp08,sensory_ascending,SApp08,left,NA,NA,NA,NA
720575941532181682,76567723492765351,SAppxx,sensory_ascending,SAppxx,left,NA,NA,NA,NA
720575941686614511,76211480651470334,SAch01,sensory_ascending,SAch01,left,NA,NA,NA,NA
720575941437152300,76567860998476833,SApp08,sensory_ascending,SApp08,left,NA,NA,NA,NA
720575941595335301,76282811803564188,SApp09,sensory_ascending,SApp09,left,NA,NA,NA,NA
720575941553669092,76424305206597414,SApp06,sensory_ascending,SApp06,left,NA,NA,NA,NA
720575941451040122,76212442992082895,SAxx02,sensory_ascending,SAxx02,left,NA,NA,NA,NA
720575941470835264,75723367080461387,SApp08,sensory_ascending,SApp08,right,NA,NA,NA,NA
720575941454037811,76142074247792446,SAchxx,sensory_ascending,SAchxx,left,NA,NA,NA,NA
720575941548144673,76567929718380618,SApp07,sensory_ascending,SApp07,left,NA,NA,NA,NA
720575941477008945,76567517334012367,SApp05,sensory_ascending,SApp05,left,NA,NA,NA,NA
720575941459705503,75933854770776880,SApp03,sensory_ascending,SApp03,right,NA,NA,NA,NA
720575941498947297,76001336760099558,SApp21,sensory_ascending,SApp21,right,NA,NA,NA,NA
720575941544353460,76282811803561466,SApp07,sensory_ascending,SApp07,left,NA,NA,NA,NA
720575941543804189,75652860964215548,SApp02,sensory_ascending,SApp02,right,NA,NA,NA,NA
720575941455929837,75648324673677725,DNge089,descending,DNge089,right,-12.834609161759122,-17.793768502367918,DN_06,#4D9C3C
720575941533345034,75723298428376854,SApp09,sensory_ascending,SApp09,right,NA,NA,NA,NA
720575941637903733,76071293186923621,SApp08,sensory_ascending,SApp08,right,NA,NA,NA,NA
720575941632799392,76492955896075287,DNge085,descending,DNge085,left,10.599387038802401,-31.546206093920652,DN_11,#FE4545
720575941513793612,75930968082532915,DNg12_e,descending,DNg12_e,right,28.653601516341464,21.84747829328638,DN_18,#52AE4E
720575941479326432,76427054656268014,SApp02,sensory_ascending,SApp02,left,NA,NA,NA,NA
720575941517955288,76282811803602261,SApp09,sensory_ascending,SApp09,left,NA,NA,NA,NA
720575941465046550,76281299572972648,SAch02,sensory_ascending,SAch02,left,NA,NA,NA,NA
720575941390619140,75789337107226719,DNg10,descending,DNg10,right,3.3615406642906818,-31.96950397600073,DN_04,#947E6C
720575941614909203,75652998403325132,SApp02,sensory_ascending,SApp02,right,NA,NA,NA,NA
720575941501088395,76282811803721774,SApp17,sensory_ascending,SApp17,left,NA,NA,NA,NA
720575941649649649,76282811803763167,SApp09,sensory_ascending,SApp09,left,NA,NA,NA,NA
720575941515989082,76282811803438612,SApp15,sensory_ascending,SApp15,left,NA,NA,NA,NA
720575941510509072,76633486957896950,DNg12_b,descending,DNg12_b,left,32.997225631331695,14.304747008191164,DN_18,#52AE4E
720575941560566543,75723160989249513,SApp09,sensory_ascending,SApp09,right,NA,NA,NA,NA
720575941464978710,76001336760203628,SA_DMT_DMetaN,sensory_ascending,SA_DMT_DMetaN,right,NA,NA,NA,NA
720575941525263014,76638161023359996,SApp06,sensory_ascending,SApp06,left,NA,NA,NA,NA
720575941668827825,76565661035719440,SApp23,sensory_ascending,SApp23,left,NA,NA,NA,NA
720575941602373054,76284598711348257,SAppxx,sensory_ascending,SAppxx,right,NA,NA,NA,NA
720575941489036494,76353180547868513,DNg12_e,descending,DNg12_e,left,28.653601516341464,21.84747829328638,DN_18,#52AE4E
720575941430133006,76142074248441593,AN08B111,ascending,AN08B111,left,-30.16433251991342,8.848966025219973,AN_01,#EC9832
720575941413706641,76282811736326507,SApp23,sensory_ascending,SApp23,left,NA,NA,NA,NA
720575941639520543,75863623532354190,SApp15,sensory_ascending,SApp15,right,NA,NA,NA,NA
720575941503144587,76422724524212979,DNg10,descending,DNg10,left,3.3615406642906818,-31.96950397600073,DN_04,#947E6C
720575941721004602,76282811803698636,SApp07,sensory_ascending,SApp07,left,NA,NA,NA,NA
720575941690343576,76142074180717662,LgAG7,sensory_ascending,LgAG7,left,NA,NA,NA,NA
720575941618597333,75648187570045720,DNp17,descending,DNp17,right,-11.245699058914884,-45.483992196215574,DN_04,#947E6C
720575941461131664,76567929717746033,SApp07,sensory_ascending,SApp07,left,NA,NA,NA,NA
720575941534495720,76356892272274723,SApp09,sensory_ascending,SApp09,left,NA,NA,NA,NA
720575941429113775,75789337107053156,DNg10,descending,DNg10,right,3.3615406642906818,-31.96950397600073,DN_04,#947E6C
720575941435430700,76282811803368918,AN07B082,ascending,AN07B082,right,-5.267928730393156,-31.24255428422827,AN_04,#947E6C
720575941545505672,76497561040892622,SApp06,sensory_ascending,SApp06,left,NA,NA,NA,NA
720575941496386171,76427261016281242,SApp22,sensory_ascending,SApp22,left,NA,NA,NA,NA
720575941462746893,76001336760069928,SApp11,sensory_ascending,SApp11,right,NA,NA,NA,NA
720575941434703392,76001336760192161,SApp15,sensory_ascending,SApp15,right,NA,NA,NA,NA
720575941702043354,76424373858646473,SApp23,sensory_ascending,SApp23,left,NA,NA,NA,NA
720575941524041986,76282811803675149,SApp22,sensory_ascending,SApp22,left,NA,NA,NA,NA
720575941554032155,76284667497780017,SApp15,sensory_ascending,SApp15,right,NA,NA,NA,NA
720575941427920632,76071636784263092,SApp23,sensory_ascending,SApp23,right,NA,NA,NA,NA
720575941488756711,76144136235148148,SApp09,sensory_ascending,SApp09,right,NA,NA,NA,NA
720575941458500563,76495979687673895,AN08B113,ascending,AN08B113,right,-23.651070724869474,7.790267371045168,AN_15,#6A2978
720575941474229297,76356341643513921,SAxx02,sensory_ascending,SAxx02,right,NA,NA,NA,NA
720575941455059763,76072324046593098,SApp05,sensory_ascending,SApp05,right,NA,NA,NA,NA
720575941535207651,76567723559619281,SApp02,sensory_ascending,SApp02,left,NA,NA,NA,NA
720575941441701467,76073904997062530,SApp05,sensory_ascending,SApp05,right,NA,NA,NA,NA
720575941645731272,75859774570835420,DNge071,descending,DNge071,right,7.336371291732088,-30.24360523332495,DN_11,#FE4545
720575941510037714,75723160922426777,SApp06,sensory_ascending,SApp06,right,NA,NA,NA,NA
720575941504157675,75863692318979875,SApp09,sensory_ascending,SApp09,right,NA,NA,NA,NA
720575941415987228,76282811803413326,SApp01,sensory_ascending,SApp01,left,NA,NA,NA,NA
720575941628708646,76003673692200978,SApp07,sensory_ascending,SApp07,right,NA,NA,NA,NA
720575941589678078,76633486957843562,DNg12_e,descending,DNg12_e,left,28.653601516341464,21.84747829328638,DN_18,#52AE4E
720575941589968780,76282811803465816,SApp22,sensory_ascending,SApp22,left,NA,NA,NA,NA
720575941518341815,76001336760135136,SApp09,sensory_ascending,SApp09,right,NA,NA,NA,NA
720575941495967969,76216429795352083,SApp09,sensory_ascending,SApp09,left,NA,NA,NA,NA
720575941560722344,76282811803833059,SApp22,sensory_ascending,SApp22,left,NA,NA,NA,NA
720575941405864110,76282811803572890,SApp09,sensory_ascending,SApp09,left,NA,NA,NA,NA
720575941690864603,76282811803657357,SApp07,sensory_ascending,SApp07,left,NA,NA,NA,NA
720575941433044750,76282811803642286,SApp12,sensory_ascending,SApp12,left,NA,NA,NA,NA
720575941475085633,75723367080672009,SApp07,sensory_ascending,SApp07,right,NA,NA,NA,NA
720575941651316245,76707086121290603,AN07B091,ascending,AN07B091,left,-3.269273888016447,-33.5697160731687,AN_04,#947E6C
720575941606717293,76707911090781581,SApp01,sensory_ascending,SApp01,left,NA,NA,NA,NA
720575941514415875,76211205773119476,SAchxx,sensory_ascending,SAchxx,left,NA,NA,NA,NA
720575941553301220,76567379894820649,SApp22,sensory_ascending,SApp22,left,NA,NA,NA,NA
720575941527529497,75723435799806061,SApp03,sensory_ascending,SApp03,right,NA,NA,NA,NA
720575941595969728,76425748449596026,SApp23,sensory_ascending,SApp23,right,NA,NA,NA,NA
720575941434410126,75578024649213414,SApp11,sensory_ascending,SApp11,right,NA,NA,NA,NA
720575941593654917,75862867417094403,SApp13,sensory_ascending,SApp13,right,NA,NA,NA,NA
720575941572111261,75723160989226828,SApp09,sensory_ascending,SApp09,right,NA,NA,NA,NA
720575941577482585,76353180547852101,DNg12_e,descending,DNg12_e,left,28.653601516341464,21.84747829328638,DN_18,#52AE4E
720575941595204229,76495154852266993,SAch01,sensory_ascending,SAch01,left,NA,NA,NA,NA
720575941545033916,76282811803865564,DNge071,descending,DNge071,right,7.336371291732088,-30.24360523332495,DN_11,#FE4545
720575941631912096,74879492107702558,SApp12,sensory_ascending,SApp12,right,NA,NA,NA,NA
720575941414353436,76563393293144245,DNg10,descending,DNg10,left,3.3615406642906818,-31.96950397600073,DN_04,#947E6C
720575941630277061,75933992209869170,SApp15,sensory_ascending,SApp15,right,NA,NA,NA,NA
720575941455611373,76497423534995859,SApp22,sensory_ascending,SApp22,left,NA,NA,NA,NA
720575941551193115,75789337107047898,DNg10,descending,DNg10,right,3.3615406642906818,-31.96950397600073,DN_04,#947E6C
720575941553078938,76421762249902187,SAch02,sensory_ascending,SAch02,left,NA,NA,NA,NA
720575941593759781,76706742323175608,SApp15,sensory_ascending,SApp15,left,NA,NA,NA,NA
720575941628221497,76567242388923640,SApp12,sensory_ascending,SApp12,left,NA,NA,NA,NA
720575941554350931,76638161023288235,SApp17,sensory_ascending,SApp17,left,NA,NA,NA,NA
720575941621460476,76565935846695741,SAch01,sensory_ascending,SAch01,left,NA,NA,NA,NA
720575941659183952,76001336760159375,SApp22,sensory_ascending,SApp22,right,NA,NA,NA,NA
720575941571988637,76427329735723058,SApp22,sensory_ascending,SApp22,left,NA,NA,NA,NA
720575941428193199,76707911091023681,SApp07,sensory_ascending,SApp07,left,NA,NA,NA,NA
720575941553583844,76282811803631054,SApp06,sensory_ascending,SApp06,left,NA,NA,NA,NA
720575941610332636,76567723492494830,SApp06,sensory_ascending,SApp06,left,NA,NA,NA,NA
720575941511199564,75723229641906871,SAppxx,sensory_ascending,SAppxx,right,NA,NA,NA,NA
720575941649412885,75934678799918384,SAch01,sensory_ascending,SAch01,right,NA,NA,NA,NA
720575941543379644,76142074247855679,SAch02,sensory_ascending,SAch02,right,NA,NA,NA,NA
720575941488006197,76495773395143977,SApp23,sensory_ascending,SApp23,right,NA,NA,NA,NA
720575941416656668,76567723559341854,SApp08,sensory_ascending,SApp08,left,NA,NA,NA,NA
720575941597339804,76071705503776396,SApp23,sensory_ascending,SApp23,right,NA,NA,NA,NA
720575941652159505,76567929718187018,SApp03,sensory_ascending,SApp03,left,NA,NA,NA,NA
720575941459137951,76707911157645439,SApp07,sensory_ascending,SApp07,left,NA,NA,NA,NA
720575941471360352,75160898297763453,SApp06,sensory_ascending,SApp06,right,NA,NA,NA,NA
720575941501675826,75933648612065997,SApp07,sensory_ascending,SApp07,right,NA,NA,NA,NA
720575941540944333,76001336826818661,SApp09,sensory_ascending,SApp09,right,NA,NA,NA,NA
720575941442141866,76142830229478352,SApp23,sensory_ascending,SApp23,right,NA,NA,NA,NA
720575941539005426,76427123510258377,SApp05,sensory_ascending,SApp05,left,NA,NA,NA,NA
720575941604710334,75793461014043619,SApp05,sensory_ascending,SApp05,right,NA,NA,NA,NA
720575941561466258,75863554746051997,SApp07,sensory_ascending,SApp07,right,NA,NA,NA,NA
720575941510064594,75934678799919238,LgAG3,sensory_ascending,LgAG3,right,NA,NA,NA,NA
720575941532088920,76494948761483192,SApp05,sensory_ascending,SApp05,left,NA,NA,NA,NA
720575941525881188,76282811803838426,SApp05,sensory_ascending,SApp05,left,NA,NA,NA,NA
720575941447163317,76356135552748350,SAxx02,sensory_ascending,SAxx02,right,NA,NA,NA,NA
720575941535228353,76707429450806881,SAch02,sensory_ascending,SAch02,left,NA,NA,NA,NA
720575941477995569,76282811803636743,SApp01,sensory_ascending,SApp01,left,NA,NA,NA,NA
720575941571698184,76143998729242498,SA_DMT_DMetaN,sensory_ascending,SA_DMT_DMetaN,right,NA,NA,NA,NA
720575941654687188,76566279712303258,AN08B113,ascending,AN08B113,left,-23.651070724869474,7.790267371045168,AN_15,#6A2978
720575941534802408,76427398455532288,SApp22,sensory_ascending,SApp22,left,NA,NA,NA,NA
720575941463160208,76003879850662497,SApp09,sensory_ascending,SApp09,right,NA,NA,NA,NA
720575941436757804,76142074180724639,SAch02,sensory_ascending,SAch02,right,NA,NA,NA,NA
720575941450721146,76566279712654658,AN08B096,ascending,AN08B096,right,16.590973723983065,-12.030723191393797,AN_08,#51B07B
720575941440363093,76706673603593303,SApp07,sensory_ascending,SApp07,left,NA,NA,NA,NA
720575941612114140,76282811803524014,SApp01,sensory_ascending,SApp01,left,NA,NA,NA,NA
720575941553332708,76142074180789413,SAch01,sensory_ascending,SAch01,left,NA,NA,NA,NA
720575941592628950,75930280753885146,DNge071,descending,DNge071,left,7.336371291732088,-30.24360523332495,DN_11,#FE4545
720575941564071680,75020229595894285,SApp15,sensory_ascending,SApp15,right,NA,NA,NA,NA
720575941532422322,74879492039964257,SAppxx,sensory_ascending,SAppxx,right,NA,NA,NA,NA
720575941624812540,74949792131924132,SApp12,sensory_ascending,SApp12,right,NA,NA,NA,NA
720575941577519961,76633487091964336,DNge089,descending,DNge089,left,-12.834609161759122,-17.793768502367918,DN_06,#4D9C3C
720575941514645850,76638092236794040,SApp06,sensory_ascending,SApp06,left,NA,NA,NA,NA
720575941482975430,76635961127397906,SAppxx,sensory_ascending,SAppxx,left,NA,NA,NA,NA
720575941663129656,76001336760197858,SApp09,sensory_ascending,SApp09,right,NA,NA,NA,NA
720575941638380661,75862936136673290,SApp11,sensory_ascending,SApp11,right,NA,NA,NA,NA
720575941435787052,76211274492675632,SAch01,sensory_ascending,SAch01,left,NA,NA,NA,NA
720575941586273926,76001336827022215,DNpe009,descending,DNpe009,right,1.7103060375206625,-19.964943505419676,DN_04,#947E6C
720575941569197426,76142074247792582,SAch02,sensory_ascending,SAch02,right,NA,NA,NA,NA
720575941451320910,76001336826786904,SApp09,sensory_ascending,SApp09,right,NA,NA,NA,NA
720575941529763972,76282811803865545,SApp09,sensory_ascending,SApp09,left,NA,NA,NA,NA
720575941610874598,76003536185767938,SApp13,sensory_ascending,SApp13,right,NA,NA,NA,NA
720575941512596812,76495979687937029,AN08B047,ascending,AN08B047,right,16.612416137313144,-12.158554650439207,AN_08,#51B07B
720575941431727497,76001336760186024,SApp09,sensory_ascending,SApp09,right,NA,NA,NA,NA
720575941461664452,76706879896323801,SApp12,sensory_ascending,SApp12,left,NA,NA,NA,NA
720575941453855027,76497011150983646,SApp09,sensory_ascending,SApp09,left,NA,NA,NA,NA
720575941596161137,76001336826542009,SApp15,sensory_ascending,SApp15,right,NA,NA,NA,NA
720575941433073166,76497767199643403,SAppxx,sensory_ascending,SAppxx,left,NA,NA,NA,NA
720575941552267777,76142074247884386,SAch02,sensory_ascending,SAch02,right,NA,NA,NA,NA
720575941428311380,76001336826544137,SApp09,sensory_ascending,SApp09,right,NA,NA,NA,NA
720575941574940061,75723298360907639,SApp06,sensory_ascending,SApp06,right,NA,NA,NA,NA
720575941489207605,75788718967637734,DNpe009,descending,DNpe009,right,1.7103060375206625,-19.964943505419676,DN_04,#947E6C
720575941555155354,76706811109599354,SApp09,sensory_ascending,SApp09,left,NA,NA,NA,NA
720575941610928870,76071705503863975,SApp23,sensory_ascending,SApp23,right,NA,NA,NA,NA
720575941557372708,76282811803614094,SApp22,sensory_ascending,SApp22,left,NA,NA,NA,NA
720575941688267416,76497492254392114,SApp05,sensory_ascending,SApp05,left,NA,NA,NA,NA
720575941508749858,75929249693286332,SAxxxx,sensory_ascending,SAxxxx,right,NA,NA,NA,NA
720575941491875047,75792979843233268,SApp07,sensory_ascending,SApp07,right,NA,NA,NA,NA
720575941633749179,76001336760239598,SApp05,sensory_ascending,SApp05,right,NA,NA,NA,NA
720575941478396778,75723229708936098,SApp09,sensory_ascending,SApp09,right,NA,NA,NA,NA
720575941626299530,75789337106966448,DNg10,descending,DNg10,right,3.3615406642906818,-31.96950397600073,DN_04,#947E6C
720575941608538954,76281299572945688,SAch01,sensory_ascending,SAch01,left,NA,NA,NA,NA
720575941596590213,76142967601753412,SApp01,sensory_ascending,SApp01,right,NA,NA,NA,NA
720575941532500146,75653204495048484,SApp08,sensory_ascending,SApp08,right,NA,NA,NA,NA
720575941669058035,76282811803884998,SApp03,sensory_ascending,SApp03,left,NA,NA,NA,NA
720575941487186896,76282949242934601,DNge112,descending,DNge112,right,-13.460459839249356,-17.912342644823973,DN_06,#4D9C3C
720575941497832777,76494880042303367,SApp08,sensory_ascending,SApp08,left,NA,NA,NA,NA
720575941453869619,76422587085377099,DNge085,descending,DNge085,left,10.599387038802401,-31.546206093920652,DN_11,#FE4545
720575941687115247,76847961183417890,SApp15,sensory_ascending,SApp15,left,NA,NA,NA,NA
720575941518881964,76282811803558481,SApp07,sensory_ascending,SApp07,left,NA,NA,NA,NA
720575941450851406,75863692185028948,SApp03,sensory_ascending,SApp03,right,NA,NA,NA,NA
720575941433063694,76567448614475200,SApp09,sensory_ascending,SApp09,left,NA,NA,NA,NA
720575941456665581,76706329871643748,DNg12_e,descending,DNg12_e,left,28.653601516341464,21.84747829328638,DN_18,#52AE4E
720575941476378164,76493093268480602,DNg10,descending,DNg10,left,3.3615406642906818,-31.96950397600073,DN_04,#947E6C
720575941528327590,76212442924896481,LN-DN2,sensory_descending,LN-DN2,left,NA,NA,NA,NA
720575941498442363,76001336759946923,SApp13,sensory_ascending,SApp13,right,NA,NA,NA,NA
720575941495775431,76352355780166626,DNge085,descending,DNge085,left,10.599387038802401,-31.546206093920652,DN_11,#FE4545
720575941560766223,76427261016483497,SApp12,sensory_ascending,SApp12,left,NA,NA,NA,NA
720575941488529205,76567860864665533,SApp01,sensory_ascending,SApp01,left,NA,NA,NA,NA
720575941473812576,77129573061424333,SAxx02,sensory_ascending,SAxx02,left,NA,NA,NA,NA
720575941457139103,76638092236405842,SApp15,sensory_ascending,SApp15,left,NA,NA,NA,NA
720575941435493164,75929249760116465,LgAG2,sensory_ascending,LgAG2,right,NA,NA,NA,NA
720575941549011060,76073973045216457,SAch02,sensory_ascending,SAch02,right,NA,NA,NA,NA
720575941550391668,76707911157627192,SApp07,sensory_ascending,SApp07,left,NA,NA,NA,NA
720575941499067003,76567792278910446,SApp09,sensory_ascending,SApp09,left,NA,NA,NA,NA
720575941556869860,76357029778014679,SApp09,sensory_ascending,SApp09,left,NA,NA,NA,NA
720575941679772605,76141730583517469,SAch01,sensory_ascending,SAch01,left,NA,NA,NA,NA
720575941687950555,76212442992721369,AN08B099,ascending,AN08B099,right,0.6303855072014486,6.299845122204836,AN_08,#51B07B
720575941392665750,76707085651893410,SAxx02,sensory_ascending,SAxx02,left,NA,NA,NA,NA
720575941466319382,76567379827715180,SApp08,sensory_ascending,SApp08,left,NA,NA,NA,NA
720575941528580811,76567792211738162,SApp15,sensory_ascending,SApp15,left,NA,NA,NA,NA
720575941540545884,76282811803477166,SApp08,sensory_ascending,SApp08,left,NA,NA,NA,NA
720575941436032544,76567792211764381,SApp06,sensory_ascending,SApp06,left,NA,NA,NA,NA
720575941476991028,76282811803518128,SApp06,sensory_ascending,SApp06,left,NA,NA,NA,NA
720575941450362037,76567311108400446,SApp09,sensory_ascending,SApp09,left,NA,NA,NA,NA
720575941582278777,76497423601895273,SApp02,sensory_ascending,SApp02,left,NA,NA,NA,NA
720575941565250823,75020229595953817,SApp01,sensory_ascending,SApp01,right,NA,NA,NA,NA
720575941536037362,76142074180717669,SAxx02,sensory_ascending,SAxx02,right,NA,NA,NA,NA
720575941513777484,76001336760058565,SApp14,sensory_ascending,SApp14,right,NA,NA,NA,NA
720575941438449452,76427123577240764,SApp09,sensory_ascending,SApp09,left,NA,NA,NA,NA
720575941456093936,75160898298001125,SApp09,sensory_ascending,SApp09,right,NA,NA,NA,NA
720575941636577909,75999755876706367,SAch01,sensory_ascending,SAch01,right,NA,NA,NA,NA
720575941626154604,76282811803256808,SAppxx,sensory_ascending,SAppxx,left,NA,NA,NA,NA
720575941638305141,75510748751038122,SApp10,sensory_ascending,SApp10,right,NA,NA,NA,NA
720575941514092179,76282811803394136,SApp01,sensory_ascending,SApp01,left,NA,NA,NA,NA
720575941438449708,76427398455209273,SApp08,sensory_ascending,SApp08,left,NA,NA,NA,NA
720575941476041521,76212442992625932,AN08B109,ascending,AN08B109,right,-18.413699280167325,22.89767589460474,AN_08,#51B07B
720575941658075728,76497354882284283,SApp05,sensory_ascending,SApp05,left,NA,NA,NA,NA
720575941591064716,76074179942024935,DNpe054,descending,DNpe054,right,-13.792568336868985,-42.89675769914526,DN_04,#947E6C
720575941530903171,76354829882637600,SApp09,sensory_ascending,SApp09,right,NA,NA,NA,NA
720575941595697285,76001336760307820,SApp05,sensory_ascending,SApp05,right,NA,NA,NA,NA
720575941520078071,76497354815463610,SApp09,sensory_ascending,SApp09,left,NA,NA,NA,NA
720575941702256090,76282811736722404,SA_DMT_ADMN_11,sensory_ascending,SApp11,left,NA,NA,NA,NA
720575941577622105,76351599597476623,SAxxxx,sensory_ascending,SAxxxx,left,NA,NA,NA,NA
720575941519274968,75934748324881434,DNp17,descending,DNp17,right,-11.245699058914884,-45.483992196215574,DN_04,#947E6C
720575941668521137,76142074180728516,SAch01,sensory_ascending,SAch01,right,NA,NA,NA,NA
720575941502169835,76427261016081335,SApp22,sensory_ascending,SApp22,left,NA,NA,NA,NA
720575941688239478,76282811736300917,SApp23,sensory_ascending,SApp23,left,NA,NA,NA,NA
720575941471910976,76706536097382878,SAppxx,sensory_ascending,SAppxx,left,NA,NA,NA,NA
720575941498466171,76567792211660565,SApp01,sensory_ascending,SApp01,left,NA,NA,NA,NA
720575941481407427,76563393293110144,DNg10,descending,DNg10,left,3.3615406642906818,-31.96950397600073,DN_04,#947E6C
720575941508580562,76142074180726557,SAch01,sensory_ascending,SAch01,right,NA,NA,NA,NA
720575941542372613,76354692443399477,SApp22,sensory_ascending,SApp22,right,NA,NA,NA,NA
720575941641037925,76357098430778001,SApp01,sensory_ascending,SApp01,left,NA,NA,NA,NA
720575941563760552,76990279018241277,SAch01,sensory_ascending,SAch01,left,NA,NA,NA,NA
720575941497902715,76636717242878873,AN08B097,ascending,AN08B097,left,16.253462661360995,-12.146021462572996,AN_08,#51B07B
720575941565412654,76001336826542896,SApp08,sensory_ascending,SApp08,right,NA,NA,NA,NA
720575941489182951,76357098430812469,SApp01,sensory_ascending,SApp01,left,NA,NA,NA,NA
720575941502252523,76281368292283124,SAxxxx,sensory_ascending,SAxxxx,left,NA,NA,NA,NA
720575941566927610,76142074247900957,LgAG3,sensory_ascending,LgAG3,right,NA,NA,NA,NA
720575941548506657,75510748750972290,SApp21,sensory_ascending,SApp21,right,NA,NA,NA,NA
720575941639363871,76071705503749665,SApp23,sensory_ascending,SApp23,right,NA,NA,NA,NA
720575941645285576,76707017469177134,SApp09,sensory_ascending,SApp09,left,NA,NA,NA,NA
720575941562127405,76567861065671477,SAppxx,sensory_ascending,SAppxx,left,NA,NA,NA,NA
720575941452566138,76214229967174659,AN16B078,ascending,AN16B078,right,6.504189838027254,-36.80220661271948,AN_11,#FE4545
720575941536530458,76497354815671109,SApp12,sensory_ascending,SApp12,left,NA,NA,NA,NA
720575941615001813,76566348431708566,AN08B113,ascending,AN08B113,right,-23.651070724869474,7.790267371045168,AN_15,#6A2978
720575941610223974,76282536858671633,SApp01,sensory_ascending,SApp01,left,NA,NA,NA,NA
720575941592612903,76142074180726588,SAch02,sensory_ascending,SAch02,left,NA,NA,NA,NA
720575941483566778,76567792145182683,SApp01,sensory_ascending,SApp01,left,NA,NA,NA,NA
720575941438213951,75648324673680533,DNge118,descending,DNge118,right,-1.8008874763495768,-28.193993188036863,DN_04,#947E6C
720575941579876341,75792498672866141,SApp11,sensory_ascending,SApp11,right,NA,NA,NA,NA
720575941469314781,76282811803488963,SApp01,sensory_ascending,SApp01,left,NA,NA,NA,NA
720575941474880308,76495498382952669,SAch02,sensory_ascending,SAch02,right,NA,NA,NA,NA
720575941526609689,76707429450800488,SAch02,sensory_ascending,SAch02,left,NA,NA,NA,NA
720575941569405342,76211411931893707,SAch01,sensory_ascending,SAch01,left,NA,NA,NA,NA
720575941498489723,76215535637604696,AN05B052,ascending,AN05B052,right,-2.689902197266325,13.99824561964136,AN_03,#F7BA3C
720575941514337626,76141936741796366,SAch01,sensory_ascending,SAch01,right,NA,NA,NA,NA
720575941552559131,76497148589801055,SApp12,sensory_ascending,SApp12,left,NA,NA,NA,NA
720575941503597116,76142074180767398,SAch01,sensory_ascending,SAch01,right,NA,NA,NA,NA
720575941657683024,76142074180710917,SAch02,sensory_ascending,SAch02,left,NA,NA,NA,NA
720575941689930648,76283567650575827,SAch01,sensory_ascending,SAch01,left,NA,NA,NA,NA
720575941487560757,76141936741819941,SAch01,sensory_ascending,SAch01,left,NA,NA,NA,NA
720575941584770014,76351599597479511,SAch01,sensory_ascending,SAch01,left,NA,NA,NA,NA
720575941649765141,76424648669122305,SAch01,sensory_ascending,SAch01,right,NA,NA,NA,NA
720575941563424054,76142074180706386,SAxxxx,sensory_ascending,SAxxxx,left,NA,NA,NA,NA
720575941498788258,76001336826960572,DNge071,descending,DNge071,left,7.336371291732088,-30.24360523332495,DN_11,#FE4545
720575941525946724,77481141971578182,SAch01,sensory_ascending,SAch01,left,NA,NA,NA,NA
720575941405005168,76424717388643194,SAchxx,sensory_ascending,SAchxx,right,NA,NA,NA,NA
720575941535778538,76282811803783691,SApp07,sensory_ascending,SApp07,left,NA,NA,NA,NA
720575941434720910,78113980371280138,SApp11,sensory_ascending,SApp11,left,NA,NA,NA,NA
720575941552359303,75864310056009774,SAch01,sensory_ascending,SAch01,right,NA,NA,NA,NA
720575941543603997,75862797892392607,SApp23,sensory_ascending,SApp23,right,NA,NA,NA,NA
720575941668520881,75864310056036643,SAch01,sensory_ascending,SAch01,right,NA,NA,NA,NA
720575941575751784,76495498382984231,SAch01,sensory_ascending,SAch01,right,NA,NA,NA,NA
720575941579841013,76562843939555825,DNp16,descending,DNp16,left,1.713943828200594,-19.297701455248777,DN_06,#4D9C3C
720575941642936146,76212442992417295,SApp23,sensory_ascending,SApp23,left,NA,NA,NA,NA
720575941504319319,76777729542006095,AN05B069,ascending,AN05B069,right,4.278656829451815,54.55312099348169,AN_13,#48A9D9
720575941594807921,76142074247909201,SAchxx,sensory_ascending,SAchxx,right,NA,NA,NA,NA
720575941548409377,75788719034174000,DNpe018,descending,DNpe018,right,2.3834510932915363,-11.130830384386961,DN_06,#4D9C3C
720575941484864454,76354486083575397,AN_GNG_90,ascending,AN_GNG_90,right,-3.8509398807532635,5.401304148541506,AN_03,#F7BA3C
720575941572120136,76212442992150961,AN05B078,ascending,AN05B078,right,1.0688919912331258,28.83155002485376,AN_05,#D24A2C
720575941488498892,76142074247884561,SAch01,sensory_ascending,SAch01,left,NA,NA,NA,NA
720575941400910115,76142074247906742,SAch01,sensory_ascending,SAch01,right,NA,NA,NA,NA
720575941628494649,76071705436526511,SAch01,sensory_ascending,SAch01,right,NA,NA,NA,NA
720575941639069471,76211205706706439,SAch01,sensory_ascending,SAch01,left,NA,NA,NA,NA
720575941566889006,76566348431855491,AN08B113,ascending,AN08B113,right,-23.651070724869474,7.790267371045168,AN_15,#6A2978
720575941509737682,76142074180728510,SAch01,sensory_ascending,SAch01,left,NA,NA,NA,NA
720575941573117341,77621810740496604,SAch02,sensory_ascending,SAch02,left,NA,NA,NA,NA
720575941584898182,75020160876219167,SApp22,sensory_ascending,SApp22,right,NA,NA,NA,NA
720575941564160402,76005460532627919,AN05B069,ascending,AN05B069,right,4.278656829451815,54.55312099348169,AN_13,#48A9D9
720575941619633791,76001336826833611,AN_4_None,sensory_ascending,AN_4_None,right,NA,NA,NA,NA
720575941502197643,75864035983933834,AN27X004,ascending,AN27X004,left,-5.499584328079924,4.732802771435793,AN_01,#EC9832
720575941618693845,75724398006910057,AN01B002_A3,ascending,AN01B002,right,4.335275996779695,56.6907819737063,AN_13,#48A9D9
720575941526991693,76001336826800955,SApp07,sensory_ascending,SApp07,right,NA,NA,NA,NA
720575941498097481,76214573766181198,AN06A092,ascending,AN06A092,left,5.670013297652498,-29.77762851823706,AN_11,#FE4545
720575941574669725,76707704731114475,AN08B100_T2,ascending,AN08B100,left,-0.5315523554332102,1.6564235914812642,AN_02,#298ABB
720575941437220370,76636648389720491,AN08B113,ascending,AN08B113,left,-23.651070724869474,7.790267371045168,AN_15,#6A2978
720575941589353284,77336968308350618,DNge085,descending,DNge085,left,10.599387038802401,-31.546206093920652,DN_11,#FE4545
720575941561453171,75510817403343223,SApp14,sensory_ascending,SApp14,right,NA,NA,NA,NA
720575941438841311,76848029499554868,AN10B046_T1,ascending,AN10B046,left,-26.665057312393888,3.9694155682192402,AN_16,#F36237
720575941644062290,74944018555527151,AN10B053_T1,ascending,AN10B053,left,32.39740263328482,-12.846458054675047,AN_10,#695B52
720575941590130174,76142074180728487,SAch01,sensory_ascending,SAch01,right,NA,NA,NA,NA
720575941487451701,76071705570914930,unknown_sensory,sensory_ascending,unknown_sensory,right,NA,NA,NA,NA
720575941643574392,76070880602079538,SAch01,sensory_ascending,SAch01,right,NA,NA,NA,NA
720575941632050336,75789268387558066,AN06A112,ascending,AN06A112,left,2.58035217628409,-33.983721352709715,AN_04,#947E6C
720575941413382289,76286454540208154,AN19B104,ascending,AN19B104,left,13.745170463179843,-37.07334385026831,AN_11,#FE4545
720575941616284629,75788718967693949,DNp17,descending,DNp17,right,-11.245699058914884,-45.483992196215574,DN_04,#947E6C
720575941642369125,76566142273140243,AN08B113,ascending,AN08B113,left,-23.651070724869474,7.790267371045168,AN_15,#6A2978
720575941680063677,76918398310883210,AN10B039_T1,ascending,AN10B039,left,31.06014143333365,1.8711602915392476,AN_16,#F36237
720575941530837451,76636786298062149,AN06A092,ascending,AN06A092,left,5.670013297652498,-29.77762851823706,AN_11,#FE4545
720575941568892148,76282811736257979,AN12B060,ascending,AN12B060,right,-21.74908364906381,1.1862454641924458,AN_01,#EC9832
720575941510361298,76000855656787825,DNge117,descending,DNge117,left,7.56086336479117,-30.817429162157957,DN_06,#4D9C3C
720575941512656593,76567104681772924,AN07B045,ascending,AN07B045,left,-5.727798591995939,3.1484552849398213,AN_01,#EC9832
720575941480556162,76284254912614634,AN06A017,ascending,AN06A017,left,0.9714952598564779,-28.522144890917723,AN_04,#947E6C
720575941502323435,76142074247911442,SAch01,sensory_ascending,SAch01,left,NA,NA,NA,NA
720575941430035119,76497423602040033,SApp17,sensory_ascending,SApp17,left,NA,NA,NA,NA
720575941628661542,76425060851797182,AN08B059,ascending,AN08B059,right,-21.04804147377084,13.110951804028566,AN_01,#EC9832
720575941671947687,76563118348080135,DNge116,descending,DNge116,left,2.6850258003227863,-33.008902169360105,DN_04,#947E6C
720575941653100817,76216016874834892,AN10B047_T3,ascending,AN10B047,left,32.67812620506216,-6.157753564013426,AN_10,#695B52
720575941486681808,76216085862729904,AN07B089,ascending,AN07B089,left,9.541277755355136,-35.067026711596434,AN_11,#FE4545
720575941519592620,76282124407416107,AN10B037,ascending,AN10B037,right,29.988345016097323,-1.327427006854002,AN_16,#F36237
720575941450360757,75934954416524375,AN06B039_A1,ascending,AN06B039,left,-6.844748150253996,19.188329123364504,AN_01,#EC9832
720575941545989556,76212442992507867,AN10B034_T2,ascending,AN10B034,right,33.14228712425162,-5.855234719408934,AN_16,#F36237
720575941497035643,76286385820298730,AN06B048,ascending,AN06B048,left,5.357511390303865,-38.56321964372534,AN_04,#947E6C
720575941558924270,76001749143754266,SApp22,sensory_ascending,SApp22,right,NA,NA,NA,NA
720575941610283850,76355448156746135,AN10B046_T1,ascending,AN10B046,right,-26.665057312393888,3.9694155682192402,AN_16,#F36237
720575941568339706,76286385820578122,AN19B098,ascending,AN19B098,left,13.553961623763339,-38.58112201799292,AN_11,#FE4545
720575941517783212,76005254239726353,AN10B047_T3,ascending,AN10B047,right,32.67812620506216,-6.157753564013426,AN_10,#695B52
720575941541590301,76142074248425145,AN08B113,ascending,AN08B113,left,-23.651070724869474,7.790267371045168,AN_15,#6A2978
720575941468496093,76636717578458003,AN06A080,ascending,AN06A080,left,7.535271514510408,-34.52612934221167,AN_11,#FE4545
720575941489792206,76282811803416552,SApp08,sensory_ascending,SApp08,left,NA,NA,NA,NA
720575941537193699,76357029777734288,SApp02,sensory_ascending,SApp02,left,NA,NA,NA,NA
720575941539529597,76566210992660394,AN08B113,ascending,AN08B113,left,-23.651070724869474,7.790267371045168,AN_15,#6A2978
720575941464246285,76212442992062126,AN_GNG_1,ascending,AN_GNG_1,left,-2.849882255936369,5.544201754437502,AN_03,#F7BA3C
720575941392278678,76216085862729846,AN07B089,ascending,AN07B089,left,9.541277755355136,-35.067026711596434,AN_11,#FE4545
720575941470269248,75930968082675421,AN19B065,ascending,AN19B065,right,11.188919890975253,-40.14789447893042,AN_11,#FE4545
720575941595312517,76006353885717584,SApp23,sensory_ascending,SApp23,left,NA,NA,NA,NA
720575941437461010,76425816967607577,AN10B037_T1,ascending,AN10B037,right,-26.835585724259122,4.370705508099611,AN_16,#F36237
720575941492283312,76355448156707774,AN10B046_T1,ascending,AN10B046,right,-26.665057312393888,3.9694155682192402,AN_16,#F36237
720575941407397294,76492131061194461,SAch01,sensory_ascending,SAch01,left,NA,NA,NA,NA
720575941528229252,76566417151099856,AN10B046_T1,ascending,AN10B046,left,-26.665057312393888,3.9694155682192402,AN_16,#F36237
720575941430266505,76847892463711322,SApp07,sensory_ascending,SApp07,left,NA,NA,NA,NA
720575941578353909,76075554197755716,AN10B033_T3,ascending,AN10B033,right,30.086045135115878,-12.402895547045652,AN_10,#695B52
720575941526892198,76357441625197142,AN07B056,ascending,AN07B056,left,4.049811233138338,-39.721582986010496,AN_04,#947E6C
720575941605417918,76497698480251932,SApp01,sensory_ascending,SApp01,left,NA,NA,NA,NA
720575941535791338,76355448156610410,AN10B046,ascending,AN10B046,right,-13.760134827042325,27.677453421460207,AN_16,#F36237
720575941508047639,76211412133367153,DNge152,descending,DNge152,right,-4.616554390335783,-10.494933701647703,DN_06,#4D9C3C
720575941535482650,76707223359199050,AN10B047_T1,ascending,AN10B047,right,32.98771940574576,-6.690595723284666,AN_10,#695B52
720575941447888916,76497560973697396,SApp02,sensory_ascending,SApp02,left,NA,NA,NA,NA
720575941688979318,75935091653859596,AN10B037_T3,ascending,AN10B037,right,-22.96413148536752,29.145566367016848,AN_16,#F36237
720575941431816184,76567104614270497,AN10B033_T2,ascending,AN10B033,right,32.44502912864615,-13.625626183642332,AN_10,#695B52
720575941628544057,76497904638533815,SApp07,sensory_ascending,SApp07,left,NA,NA,NA,NA
720575941631020012,76142143034602284,AN08B113,ascending,AN08B113,right,-23.651070724869474,7.790267371045168,AN_15,#6A2978
720575941437150252,76355448223511877,AN10B039_T1,ascending,AN10B039,right,31.06014143333365,1.8711602915392476,AN_16,#F36237
720575941528092344,75859499625677032,DNg36_b,descending,DNg36_b,right,-8.837023865128263,-40.633188820971434,DN_04,#947E6C
720575941550687805,76140837096619384,DNge050,descending,DNge050,right,6.1487673412316,2.2506681908236104,DN_01,#EC9832
720575941411441323,75647912625471754,DNae009,descending,DNae009,right,-21.97921289100717,-14.756675339831297,DN_12,#FBCD5A
720575941392812548,75296137691181669,DNp26,descending,DNp26,right,-26.67193521156381,-17.175812340868895,DN_12,#FBCD5A
720575941556727041,76563118616241407,DNp66,descending,DNp66,right,-14.497539650345548,23.299737357007082,DN_08,#51B07B
720575941483616963,75864860550442486,AN05B009_A2,ascending,AN05B009,left,8.233194221114413,30.710338019238527,AN_13,#48A9D9
720575941454376519,75929730595306020,DNge146,descending,DNge146,right,15.85728727683951,5.398088835583742,DN_09,#E42E2E
720575941490558261,75858675193438554,DNpe023,descending,DNpe023,right,10.838377822493808,-2.1805494796170635,DN_14,#77C8F2
720575941588978244,76285079210557696,AN04B004,ascending,AN04B004,right,4.955208171462313,9.023044012890871,AN_01,#EC9832
720575941455714541,76773881117440244,DNb02,descending,DNb02,right,0.7108784805290853,-15.352158166064207,DN_04,#947E6C
720575941600262848,76492818188791054,DNge011,descending,DNge011,left,28.78196989402701,23.73587360273462,DN_18,#52AE4E
720575941499193161,75794423153428413,AN05B999,ascending,AN05B999,right,-11.44044221534799,25.489007376538332,AN_08,#51B07B
720575941566500455,76636648591083733,AN18B020,ascending,AN18B020,left,-25.830041061783536,-18.901074029101316,AN_12,#FBCD5A
720575941511336402,75578024783113628,DNg04,descending,DNg04,right,-25.261042724991544,-16.62414035905737,DN_12,#FBCD5A
720575941515668995,76425610875965257,AN09B020_T2,ascending,AN09B020,left,3.122567046736971,57.54705181013208,AN_13,#48A9D9
720575941427901012,75648461978272419,DNge100,descending,DNge100,right,4.915195811843172,54.41821422468286,DN_09,#E42E2E
720575941469868765,76355998247575350,AN10B027_T2,ascending,AN10B027,left,24.52766310081412,-19.19266948808569,AN_10,#695B52
720575941432481633,75859155625878928,DNge137,descending,DNge137,right,-5.32763064994882,8.807910345898684,DN_03,#F7BA3C
720575941611136476,76633762037572227,DNg89,descending,DNg89,left,5.82518278465201,-15.36299762834448,DN_04,#947E6C
720575941492653031,76562843268486737,DNg72,descending,DNg72,left,17.096670974349276,11.367101096020754,DN_09,#E42E2E
720575941517403308,76073836076300442,AN03B094,ascending,AN03B094,right,11.285618651961581,0.22167880501013576,AN_02,#298ABB
720575941533592805,76144273606789998,AN12A017,ascending,AN12A017,right,4.6871875415795,4.2452410687075215,AN_01,#EC9832
720575941526916354,76215879435885849,AN10B027_T3,ascending,AN10B027,left,24.544079650496737,-19.011240578783934,AN_10,#695B52
720575941663484540,75864585739368049,ANXXX318,ascending,ANXXX318,left,13.001979697798983,0.0646337945328313,AN_14,#77C8F2
720575941574040329,75436874508453073,DNit012,descending,DNit012,right,-1.8940677751548136,8.698365591870363,DN_01,#EC9832
720575941452165801,76563255921323252,DNge072,descending,DNge072,left,1.9439893852226888,-16.57413158525366,DN_04,#947E6C
720575941530606467,75648393460169860,DNg06,descending,DNg06,right,-20.60750306739877,-16.401886559618895,DN_06,#4D9C3C
720575941491585511,76144686058347370,AN07B041,ascending,AN07B041,right,-0.6322801370866145,-29.062578774584715,AN_06,#4D9C3C
720575941667036081,76847823610128586,AN07B071,ascending,AN07B071,left,2.1982797275536212,-27.634762383593504,AN_04,#947E6C
720575941623204860,76215810850953688,AN07B050,ascending,AN07B050,left,0.7121274362557088,-38.40630588640112,AN_04,#947E6C
720575941524513892,75859705851628238,DNge117,descending,DNge117,right,7.56086336479117,-30.817429162157957,DN_06,#4D9C3C
720575941572453790,76847892262017182,AN12B060,ascending,AN12B060,right,-21.74908364906381,1.1862454641924458,AN_01,#EC9832
720575941505983813,76633487092280444,DNg07,descending,DNg07,left,-14.95203889503549,-21.577587700976316,DN_06,#4D9C3C
720575941539923741,76707086121427398,AN07B072_T1,ascending,AN07B072,left,2.765220273589388,-29.668093300951902,AN_04,#947E6C
720575941496013767,76001336826803791,AN08B079,ascending,AN08B079,left,16.13389860496451,-33.122149087084715,AN_11,#FE4545
720575941487351437,76563255921250352,DNg18_b,descending,DNg18_b,left,10.392264236068026,-31.504776574267332,DN_11,#FE4545
720575941657679128,76285560851197693,AN10B046_T2,ascending,AN10B046,left,29.359310973738925,-1.526480413569395,AN_16,#F36237
720575941505881413,76075554264426565,AN10B047_T3,ascending,AN10B047,right,32.67812620506216,-6.157753564013426,AN_10,#695B52
720575941532908773,76356066900311706,AN10B039_T2,ascending,AN10B039,right,-12.104461800003751,33.821366690503176,AN_16,#F36237
720575941524478795,76703512171931180,DNg08_a,descending,DNg08_a,left,-18.699969421768888,-25.739872552050535,DN_06,#4D9C3C
720575941503488491,76145648331957155,AN19B093,ascending,AN19B093,left,12.099269736861483,-39.05004367936987,AN_11,#FE4545
720575941498979145,76778142194569201,AN08B100_T2,ascending,AN08B100,left,-0.5315523554332102,1.6564235914812642,AN_02,#298ABB
720575941492504958,76075004642775742,AN07B072_T3,ascending,AN07B072,right,0.9610230813973104,-39.70244083513159,AN_04,#947E6C
720575941491613671,76427329802868512,unknown_sensory,sensory_ascending,unknown_sensory,left,NA,NA,NA,NA
720575941611603475,76636717176229770,AN08B102,ascending,AN08B102,left,19.716847289656894,9.410870932446535,AN_08,#51B07B
720575941563201687,76844593257608641,DNg12_e,descending,DNg12_e,left,28.653601516341464,21.84747829328638,DN_18,#52AE4E
720575941517750188,76215398131287959,AN10B049_T2,ascending,AN10B049,right,31.98535810813834,2.553305291043337,AN_16,#F36237
720575941470110327,76284942174988997,AN12B060,ascending,AN12B060,left,-21.74908364906381,1.1862454641924458,AN_01,#EC9832
720575941565100551,76425816900962551,AN10B039_T1,ascending,AN10B039,right,31.06014143333365,1.8711602915392476,AN_16,#F36237
720575941537194778,76707085920332677,AN08B099,ascending,AN08B099,left,0.6303855072014486,6.299845122204836,AN_08,#51B07B
720575941650852113,75723367080495710,SApp01,sensory_ascending,SApp01,right,NA,NA,NA,NA
720575941516217091,76355379772297393,AN08B097,ascending,AN08B097,right,16.253462661360995,-12.146021462572996,AN_08,#51B07B
720575941500908171,76636717176452508,AN08B099,ascending,AN08B099,left,0.6303855072014486,6.299845122204836,AN_08,#51B07B
720575941505231781,76071155614350049,AN08B106,ascending,AN08B106,right,-17.7926913608558,12.368047140942629,AN_01,#EC9832
720575941722116666,76286729753590287,SApp15,sensory_ascending,SApp15,left,NA,NA,NA,NA
720575941568733486,76282811803515212,SApp07,sensory_ascending,SApp07,left,NA,NA,NA,NA
720575941502721003,76847754890264228,AN07B082,ascending,AN07B082,left,-5.267928730393156,-31.24255428422827,AN_04,#947E6C
720575941655594708,76282811803384306,SApp15,sensory_ascending,SApp15,left,NA,NA,NA,NA
720575941533782360,76917917140546212,AN08B109,ascending,AN08B109,left,-18.413699280167325,22.89767589460474,AN_08,#51B07B
720575941564623506,75864929269465289,ANXXX202_a_A1,ascending,ANXXX202_a,left,-16.144499908829435,3.3268069256411152,AN_15,#6A2978
720575941574689352,77410636593907126,SApp10,sensory_ascending,SApp10,left,NA,NA,NA,NA
720575941667400179,76356479619641029,AN08B071,ascending,AN08B071,left,16.03008352622916,-33.48395023454565,AN_11,#FE4545
720575941549450301,76356204473619674,AN05B050,ascending,AN05B050,left,-8.841265808487638,27.173003577099855,AN_01,#EC9832
720575941436435232,76142074315476676,AN09A005,ascending,AN09A005,left,-4.050131212616667,5.8297490109072285,AN_19,#B56FCC
720575941503456491,76425816900860973,AN10B045_T1,ascending,AN10B045,right,-14.4210568775184,27.49551715742212,AN_16,#F36237
720575941644283986,76075073362203286,AN07B085,ascending,AN07B085,right,4.007788528060213,-36.990156746996824,AN_04,#947E6C
720575941536651496,76636648456766018,AN08B031,ascending,AN08B031,left,0.5979580770485555,10.116353415356691,AN_01,#EC9832
720575941631922117,76285973033927533,AN05B048,ascending,AN05B048,right,-8.047194610977872,26.83938732038599,AN_01,#EC9832
720575941480996226,75788787687061072,DNpe008,descending,DNpe008,right,-13.420088898087247,-42.44579563249487,DN_04,#947E6C
720575941628282150,76636786231045091,AN06A018,ascending,AN06A018,left,-10.011851440811856,-39.4214006434812,AN_04,#947E6C
720575941470647005,76142074315459824,AN27X013,ascending,AN27X013,left,-52.48927034034799,7.0110820759401875,AN_19,#B56FCC
720575941731655979,75366780977506870,DNge094,descending,DNge094,right,8.62358366355826,-22.111910439623777,DN_06,#4D9C3C
720575941504121394,76426986138239119,AN19B104,ascending,AN19B104,left,13.745170463179843,-37.07334385026831,AN_11,#FE4545
720575941588957239,76637267334673490,AN07B060,ascending,AN07B060,left,12.68756185874869,-33.096384621752684,AN_11,#FE4545
720575941353247536,76145098106292518,AN10B046_T2,ascending,AN10B046,right,29.359310973738925,-1.526480413569395,AN_16,#F36237
720575941521314227,76357029777986180,SApp09,sensory_ascending,SApp09,left,NA,NA,NA,NA
720575941507758103,75724260567609223,ANXXX202_c_A2,ascending,ANXXX202_c,left,-16.336253296280606,4.08637490163904,AN_15,#6A2978
720575941526730852,76286591911744573,AN09B029_a,ascending,AN09B029_a,right,-8.139663826370938,16.881120108471926,AN_05,#D24A2C
720575941481045155,75788650314734086,DNpe012,descending,DNpe012,right,4.1185449253075275,-17.45456371415991,DN_06,#4D9C3C
720575941505033010,75929112791008712,DNp52,descending,DNp52,right,-4.470306288147673,9.112071417676027,DN_03,#F7BA3C
720575941561351213,76216567234941457,SApp12,sensory_ascending,SApp12,left,NA,NA,NA,NA
720575941393354390,76216085796012028,AN19B106,ascending,AN19B106,left,14.209305633162753,-35.34527835954565,AN_11,#FE4545
720575941513376588,76286385820646205,AN19B104,ascending,AN19B104,left,13.745170463179843,-37.07334385026831,AN_11,#FE4545
720575941604639934,76497010680988871,AN10B037_T2,ascending,AN10B037,left,29.452383864974276,-1.7515307437314434,AN_16,#F36237
720575941530171268,76848579390005829,AN07B063,ascending,AN07B063,left,10.94858538017203,-32.93203983415503,AN_11,#FE4545
720575941401738787,76287004094761294,AN08B023,ascending,AN08B023,left,-3.265233408356413,18.603125952588137,AN_01,#EC9832
720575941463078800,75930074595714322,DNg18_b,descending,DNg18_b,left,10.392264236068026,-31.504776574267332,DN_11,#FE4545
720575941574299208,76210038146523188,DNpe048,descending,DNpe048,left,-11.31573117866586,4.8292793263063984,DN_15,#6A2978
720575941688592879,76496873309547661,ANXXX157,ascending,ANXXX157,left,-6.812801014328703,7.631318472729738,AN_10,#695B52
720575941661127992,76286385887449337,AN07B089,ascending,AN07B089,left,9.541277755355136,-35.067026711596434,AN_11,#FE4545
720575941451997562,76351599664244803,ANXXX093,ascending,ANXXX093,left,-1.2756436575896586,22.87951602827173,AN_05,#D24A2C
720575941501644683,76146197953804364,AN10B037_T3,ascending,AN10B037,left,-22.96413148536752,29.145566367016848,AN_16,#F36237
720575941498506569,76216497978377080,AN10B046_T3,ascending,AN10B046,left,-23.253081451798185,28.896073721753176,AN_16,#F36237
720575941585935494,76215810716786250,AN10B015_b,ascending,AN10B015_b,left,-11.84026731147836,29.00368060957056,AN_08,#51B07B
720575941460298707,76146197953940505,AN10B045_T3,ascending,AN10B045,left,31.904871810530917,3.2758106220827656,AN_16,#F36237
720575941477560129,76146197953800881,AN10B046_T3,ascending,AN10B046,left,-23.253081451798185,28.896073721753176,AN_16,#F36237
720575941532484581,76146678856055595,AN01B004_T3,ascending,AN01B004,left,6.023526061629549,20.01473560224634,AN_07,#BFB09A
720575941489812277,76351599932994983,DNp52,descending,DNp52,left,-4.470306288147673,9.112071417676027,DN_03,#F7BA3C
720575941441643099,76075004106250547,AN03B011_T2,ascending,AN03B011,left,-9.27561010017465,-4.286752797259275,AN_01,#EC9832
720575941529212600,76422174298871591,DNge031,descending,DNge031,left,15.867131103133456,6.3371390331850606,DN_09,#E42E2E
720575941575644573,76142074248427928,AN08B059,ascending,AN08B059,left,-21.04804147377084,13.110951804028566,AN_01,#EC9832
720575941505393980,76636648456630357,AN08B113,ascending,AN08B113,left,-23.651070724869474,7.790267371045168,AN_15,#6A2978
720575941575985241,76707017200643760,AN08B106,ascending,AN08B106,left,-17.7926913608558,12.368047140942629,AN_01,#EC9832
720575941438468114,76356204406506334,AN05B054,ascending,AN05B054,left,17.523819793319003,38.41337718855005,AN_13,#48A9D9
720575941468130134,76356204406170099,AN05B036,ascending,AN05B036,left,3.4062245975487384,29.660972021924074,AN_03,#F7BA3C
720575941578994933,76285629771566899,AN06B046,ascending,AN06B046,left,19.886227477645175,2.515449904309328,AN_06,#4D9C3C
720575941449986909,76427260747562057,AN08B100_T3,ascending,AN08B100,left,-1.5191866268164957,2.529262207852419,AN_02,#298ABB
720575941459479696,76636923334797313,AN05B083,ascending,AN05B083,left,-1.3846984614379252,31.24317111860376,AN_05,#D24A2C
720575941447872532,76284942174883112,AN12B060,ascending,AN12B060,left,-21.74908364906381,1.1862454641924458,AN_01,#EC9832
720575941658595352,76636717578559204,AN06A112,ascending,AN06A112,left,2.58035217628409,-33.983721352709715,AN_04,#947E6C
720575941614433945,76284873522260894,AN12B060,ascending,AN12B060,left,-21.74908364906381,1.1862454641924458,AN_01,#EC9832
720575941537124890,76567379358416916,AN10B039_T2,ascending,AN10B039,left,-12.104461800003751,33.821366690503176,AN_16,#F36237
720575941566122855,76426710723413502,AN05B048,ascending,AN05B048,left,-8.047194610977872,26.83938732038599,AN_01,#EC9832
720575941407788206,76844524471084982,DNge029,descending,DNge029,left,28.223826278304355,17.350636862622316,DN_09,#E42E2E
720575941513032780,76422449579097734,DNge094,descending,DNge094,left,8.62358366355826,-22.111910439623777,DN_06,#4D9C3C
720575941539552717,75930143247854412,DNge089,descending,DNge089,left,-12.834609161759122,-17.793768502367918,DN_06,#4D9C3C
720575941495190142,75724191915421242,AN19B051_A2,ascending,AN19B051,left,1.0545920024864828,2.681899927960451,AN_01,#EC9832
720575941499618633,76214298686853841,AN16B081,ascending,AN16B081,right,6.939296115493074,-35.090036965502684,AN_11,#FE4545
720575941506152005,75443128718425550,AN08B100_T3,ascending,AN08B100,right,-1.5191866268164957,2.529262207852419,AN_02,#298ABB
720575941595394161,76355998449534205,AN06B046,ascending,AN06B046,right,19.886227477645175,2.515449904309328,AN_06,#4D9C3C
720575941505814588,76004910776712758,AN19B079,ascending,AN19B079,right,11.869743217086093,-40.67751178850073,AN_11,#FE4545
720575941450976634,76287210588471460,AN18B003,ascending,AN18B003,right,-1.0053665448672617,5.188500307904299,AN_02,#298ABB
720575941436433440,76075279520936905,AN19B106,ascending,AN19B106,right,14.209305633162753,-35.34527835954565,AN_11,#FE4545
720575941537110554,76145098106396336,AN10B037_T2,ascending,AN10B037,right,29.452383864974276,-1.7515307437314434,AN_16,#F36237
720575941603720377,75999413286086862,DNp52,descending,DNp52,right,-4.470306288147673,9.112071417676027,DN_03,#F7BA3C
720575941565919847,76215948356921110,AN19B060,ascending,AN19B060,right,-13.871619354630216,-33.33129749406714,AN_11,#FE4545
720575941688631414,76004154593898996,AN07B003,ascending,AN07B003,right,-2.9982463230140057,1.699610256062563,AN_01,#EC9832
720575941658542928,76425954406980280,AN05B078,ascending,AN05B078,right,1.0688919912331258,28.83155002485376,AN_05,#D24A2C
720575941687006988,76352424499659477,DNge071,descending,DNge071,right,7.336371291732088,-30.24360523332495,DN_11,#FE4545
720575941471627639,75648462314123075,DNg92_b,descending,DNg92_b,right,-20.40115655555795,-13.845101929797117,DN_06,#4D9C3C
720575941625866139,76074935856650820,AN08B079,ascending,AN08B079,right,16.13389860496451,-33.122149087084715,AN_11,#FE4545
720575941534080600,75934610752314676,AN07B089,ascending,AN07B089,right,9.541277755355136,-35.067026711596434,AN_11,#FE4545
720575941461378374,76075829142255356,AN05B023_A2,ascending,AN05B023,right,-1.2603992332465495,23.31184711347681,AN_05,#D24A2C
720575941512600140,75930074595780616,DNg18_b,descending,DNg18_b,right,10.392264236068026,-31.504776574267332,DN_11,#FE4545
720575941559394931,75507380959745888,DNg08_a,descending,DNg08_a,right,-18.699969421768888,-25.739872552050535,DN_06,#4D9C3C
720575941415605276,76005391678636619,AN10B037_T3,ascending,AN10B037,right,-22.96413148536752,29.145566367016848,AN_16,#F36237
720575941430975329,75788718967753459,DNpe015,descending,DNpe015,right,-15.529946457291349,-41.20947895158667,DN_04,#947E6C
720575941566182966,75724397671342872,AN04A001_T3,ascending,AN04A001,right,-4.715233932877287,0.01603481958967029,AN_02,#298ABB
720575941559245038,76145167027241216,ANXXX157,ascending,ANXXX157,right,-6.812801014328703,7.631318472729738,AN_10,#695B52
720575941547411817,75788718967626667,DNpe054,descending,DNpe054,right,-13.792568336868985,-42.89675769914526,DN_04,#947E6C
720575941631265062,75858538291286678,DNpe048,descending,DNpe048,right,-11.31573117866586,4.8292793263063984,DN_15,#6A2978
720575941505687234,75794354434287049,ANXXX318,ascending,ANXXX318,right,13.001979697798983,0.0646337945328313,AN_14,#77C8F2
720575941574671517,75718418942897668,DNpe011,descending,DNpe011,right,3.786421168898836,-18.342886544360105,DN_06,#4D9C3C
720575941576023400,76075210801343302,AN19B101,ascending,AN19B101,right,15.14448725089957,-37.576067544115965,AN_11,#FE4545
720575941633602501,75718075680681613,DNp25,descending,DNp25,right,-17.46935380592416,4.855014227734621,DN_15,#6A2978
720575941585842527,76146060581968207,AN05B015,ascending,AN05B015,left,-0.25638620152543434,30.170831107007082,AN_05,#D24A2C
720575941490679497,75577681051325419,DNge145,descending,DNge145,right,-13.155227791214688,-22.18090877641577,DN_06,#4D9C3C
720575941428641620,76562843872771954,DNp16,descending,DNp16,left,1.713943828200594,-19.297701455248777,DN_06,#4D9C3C
720575941564373346,76918467030603154,AN10B056,ascending,AN10B056,left,30.78013120994498,2.718893669949587,AN_16,#F36237
720575941595290149,76848029499710670,AN10B049_T1,ascending,AN10B049,left,32.12377439842154,3.004232786999758,AN_16,#F36237
720575941617820373,76145854222271864,AN10B048_T3,ascending,AN10B048,right,30.957047332381503,-14.594443894518797,AN_10,#695B52
720575941608608365,76425816967538775,AN10B056,ascending,AN10B056,right,30.78013120994498,2.718893669949587,AN_16,#F36237
720575941438900821,76566210926071805,AN08B113,ascending,AN08B113,right,-23.651070724869474,7.790267371045168,AN_15,#6A2978
720575941560549491,75577818490478099,DNg07,descending,DNg07,right,-14.95203889503549,-21.577587700976316,DN_06,#4D9C3C
720575941400480803,76141386852176922,SAchxx,sensory_ascending,SAchxx,left,NA,NA,NA,NA
720575941632311227,76497286028573458,SApp15,sensory_ascending,SApp15,left,NA,NA,NA,NA
720575941626133147,75020229595876104,SApp15,sensory_ascending,SApp15,right,NA,NA,NA,NA
720575941589330743,76004086142908693,AN19B079,ascending,AN19B079,left,11.869743217086093,-40.67751178850073,AN_11,#FE4545
720575941550597236,75090529553442000,SApp09,sensory_ascending,SApp09,right,NA,NA,NA,NA
720575941526857316,75723160989192532,SApp05,sensory_ascending,SApp05,right,NA,NA,NA,NA
720575941626190282,75862867215530665,AN01B004_T3,ascending,AN01B004,right,6.023526061629549,20.01473560224634,AN_07,#BFB09A
720575941589353540,75793392294652485,SApp05,sensory_ascending,SApp05,right,NA,NA,NA,NA
720575941593533803,76567860931731105,SApp06,sensory_ascending,SApp06,left,NA,NA,NA,NA
720575941466397462,76282811803766559,SApp22,sensory_ascending,SApp22,left,NA,NA,NA,NA
720575941441804223,76567929650920133,SApp03,sensory_ascending,SApp03,left,NA,NA,NA,NA
720575941484265981,76497698480276709,SApp03,sensory_ascending,SApp03,left,NA,NA,NA,NA
720575941594303527,75723367013127299,SApp07,sensory_ascending,SApp07,right,NA,NA,NA,NA
720575941553055771,75723367080463975,SApp01,sensory_ascending,SApp01,right,NA,NA,NA,NA
720575941557533092,75723229708840155,SApp05,sensory_ascending,SApp05,right,NA,NA,NA,NA
720575941392742148,76356892003402386,AN08B079_b,ascending,AN08B079_b,left,15.357827056502597,-33.6905656825437,AN_11,#FE4545
720575941547275144,76286179595307675,AN07B072_T3,ascending,AN07B072,left,0.9610230813973104,-39.70244083513159,AN_04,#947E6C
720575941474256224,75788787686781818,DNpe008,descending,DNpe008,right,-13.420088898087247,-42.44579563249487,DN_04,#947E6C
720575941431875832,75718212314721453,DNpe007,descending,DNpe007,right,1.7153173576347982,21.54385509382349,DN_07,#BFB09A
720575941593409064,75718418942813935,DNpe054,descending,DNpe054,right,-13.792568336868985,-42.89675769914526,DN_04,#947E6C
720575941352918576,76211068334264392,DNg70,descending,DNg70,left,-0.5340869833476389,17.339295767651613,DN_07,#BFB09A
720575941519192792,76216085862623379,AN19B079,ascending,AN19B079,left,11.869743217086093,-40.67751178850073,AN_11,#FE4545
720575941454037555,77621810673445000,SAch01,sensory_ascending,SAch01,left,NA,NA,NA,NA
720575941432046945,76142074247996194,DNge121,descending,DNge121,right,15.747277129744784,13.281327628003176,DN_13,#48A9D9
720575941431097737,75859362119965112,DNge049,descending,DNge049,left,-5.558586727524504,1.8541223038302022,DN_01,#EC9832
720575941583879007,76495910833968224,AN12B089,ascending,AN12B089,left,-2.823521982575163,9.662675284253176,AN_03,#F7BA3C
720575941394119830,75507106618598848,DNp42,descending,DNp42,right,-12.068668495560392,27.581103705273684,DN_08,#51B07B
720575941630573794,76355242333682989,AN07B062,ascending,AN07B062,right,-23.482310425186856,15.43170108686548,AN_01,#EC9832
720575941565592466,76422311938885589,AN_GNG_69,ascending,AN_GNG_69,left,12.911825049971835,11.415427588330324,AN_03,#F7BA3C
720575941525796098,75862797892106865,SAch01,sensory_ascending,SAch01,right,NA,NA,NA,NA
720575941485651206,76282811803540740,SApp05,sensory_ascending,SApp05,left,NA,NA,NA,NA
720575941537098778,75859430503130328,unknown_maxillary-labial_sensory,sensory_descending,unknown_maxillary-labial_sensory,right,NA,NA,NA,NA
720575941525803853,77199736385433227,SApp21,sensory_ascending,SApp21,left,NA,NA,NA,NA
720575941602999030,76634243140188313,unknown_sensory,sensory_ascending,unknown_sensory,left,NA,NA,NA,NA
720575941612517852,76918466829174509,SAxx02,sensory_ascending,SAxx02,left,NA,NA,NA,NA
720575941527196185,76000786936815343,SApp05,sensory_ascending,SApp05,right,NA,NA,NA,NA
720575941472123712,75231335761144472,SApp08,sensory_ascending,SApp08,right,NA,NA,NA,NA
720575941628690214,76427398455145636,SApp01,sensory_ascending,SApp01,left,NA,NA,NA,NA
720575941527745702,76286385820632726,AN19B099,ascending,AN19B099,left,15.577137817000644,-37.24600086320776,AN_11,#FE4545
720575941462868749,76637335919645401,AN10B053_T1,ascending,AN10B053,right,32.39740263328482,-12.846458054675047,AN_10,#695B52
720575941437329708,75577543209775986,DNg08_b,descending,DNg08_b,right,-4.972335468674406,3.5847653378115254,DN_06,#4D9C3C
720575941454250665,75718556381419879,DNp39,descending,DNp39,right,7.078005183791414,0.36032092611652194,DN_02,#298ABB
720575941448124692,75789130881614105,DNge115,descending,DNge115,right,2.2899266372673663,-33.30156955827612,DN_04,#947E6C
720575941442078811,76286248381352311,AN07B085,ascending,AN07B085,left,4.007788528060213,-36.990156746996824,AN_04,#947E6C
720575941553984574,76707360798054160,AN05B069,ascending,AN05B069,right,4.278656829451815,54.55312099348169,AN_13,#48A9D9
720575941439599148,76351806024276562,AN27X013_T2,ascending,AN27X013,left,-52.90701783790659,6.5035723675356465,AN_19,#B56FCC
720575941568317230,76073561332426238,AN12A017,ascending,AN12A017,right,4.6871875415795,4.2452410687075215,AN_01,#EC9832
720575941565393927,76566761083807964,AN18B053,ascending,AN18B053,left,-24.092316757584317,15.071178816662844,AN_01,#EC9832
720575941563551656,76282811736211139,ANXXX109,ascending,ANXXX109,left,-10.818981300736173,15.642055891858156,AN_03,#F7BA3C
720575941575292936,76566623175617415,AN17A003_T3,ascending,AN17A003,right,-9.809243332291349,29.916366003857668,AN_17,#8B3A9C
720575941539407090,76492200250661298,DNpe011,descending,DNpe011,left,3.786421168898836,-18.342886544360105,DN_06,#4D9C3C
720575941576288413,76351943865782044,DNpe012,descending,DNpe012,left,4.1185449253075275,-17.45456371415991,DN_06,#4D9C3C
720575941668649971,76145098106272692,AN10B046_T2,ascending,AN10B046,right,29.359310973738925,-1.526480413569395,AN_16,#F36237
720575941545418501,76281230651971686,DNg67,descending,DNg67,right,1.1768276582710897,13.259759329663332,DN_07,#BFB09A
720575941612504297,76285148534587310,AN19B001_b,ascending,AN19B001_b,left,-7.277801643753752,1.4975606430636006,AN_01,#EC9832
720575941724581690,76918329659052679,DNge102,descending,DNge102,left,-8.027871261978849,23.981456183301027,DN_05,#D24A2C
720575941407841071,76773812666260499,DNp07,descending,DNp07,left,-5.3106728900916425,-0.8041543733014507,DN_02,#298ABB
720575941404900464,76212442992566923,AN08B099_a,ascending,AN08B099_a,right,-16.61877835884164,13.437734984265383,AN_08,#51B07B
720575941401813027,76005116867730851,AN17B002,ascending,AN17B002,right,-11.258690964127286,16.694922827588137,AN_03,#F7BA3C
720575941393745046,76004360685713167,AN04A001_T2,ascending,AN04A001,right,-4.358913790131315,0.05983605276208698,AN_02,#298ABB
720575941352987696,76427261016522009,SApp17,sensory_ascending,SApp17,left,NA,NA,NA,NA
720575941411405995,76215054534024686,AN17A004,ascending,AN17A004,right,-10.328956734085782,30.025889777051027,AN_17,#8B3A9C
720575941415707420,76914412179038055,DNg24,descending,DNg24,left,-10.357670914078458,15.035347365246828,DN_03,#F7BA3C
720575941535705778,76422587152129820,DNp17,descending,DNp17,left,-11.245699058914884,-45.483992196215574,DN_04,#947E6C
720575941596301607,76566279645643154,AN10B005,ascending,AN10B005,right,-8.881782661820157,-9.605715371264402,AN_06,#4D9C3C
720575941430153976,76355310918527093,AN12B060,ascending,AN12B060,left,-21.74908364906381,1.1862454641924458,AN_01,#EC9832
720575941538701795,76142074315209498,DNg111,descending,DNg111,right,11.279442657088534,-2.5754350196256084,DN_14,#77C8F2
720575941431101615,76355448156644233,AN10B061,ascending,AN10B061,right,-14.672781120682462,27.175853155957277,AN_16,#F36237
720575941431229615,76001336827295131,AN19A018_d_T1,ascending,AN19A018_d,right,-14.586765419388517,16.69182529340845,AN_08,#51B07B
720575941517351161,76636991986554436,AN00A009,ascending,AN00A009,left,10.834745277022616,32.200814627514895,AN_03,#F7BA3C
720575941432245463,76075279521172435,AN19B059,ascending,AN19B059,right,13.272226203536288,-37.014002419604246,AN_11,#FE4545
720575941438410514,76633349787789530,DNb07,descending,DNb07,left,-22.908139358902677,-15.499269105090086,DN_12,#FBCD5A
720575941438690834,76001336827013808,DNpe019,descending,DNp51,right,-27.76159585609506,-18.78201732744116,DN_12,#FBCD5A
720575941439633983,76069712706086647,DNp65,descending,DNp65,right,-16.13322271003793,4.083795689450319,DN_15,#6A2978
720575941440350293,76144617204233622,DNp71,descending,DNp71,right,-1.668484639073118,7.2855595577822285,DN_01,#EC9832
720575941538642147,76146129167203539,AN09B004_A2,ascending,AN09B004,right,-1.1532438506133402,24.318301581250246,AN_05,#D24A2C
720575941440999119,76355173480216222,AN08B111,ascending,AN08B111,right,-30.16433251991342,8.848966025219973,AN_01,#EC9832
720575941441051343,76424648736429129,AN08B113,ascending,AN08B113,right,-23.651070724869474,7.790267371045168,AN_15,#6A2978
720575941442418639,75859568546665504,DNpe017,descending,DNpe017,right,-25.745257507706388,-16.58553943742651,DN_12,#FBCD5A
720575941444857770,76427192297088509,SApp09,sensory_ascending,SApp09,left,NA,NA,NA,NA
720575941445042346,76566348431980574,AN08B098,ascending,AN08B098,right,21.034035552596347,9.867001913891848,AN_01,#EC9832
720575941448968029,76353180547879733,DNge024,descending,DNge024,left,30.1819122920983,20.43838825117212,DN_18,#52AE4E
720575941450088285,76216154448315768,ANXXX165,ascending,ANXXX165,left,-8.977685104752286,-8.361141778124754,AN_06,#4D9C3C
720575941450506830,75859362321380733,DNp18,descending,DNp18,right,-25.799847732926114,-16.225741006030027,DN_12,#FBCD5A
720575941592811404,74240331315044249,DNp27,descending,DNp27,right,-11.178665291214688,4.352402113781984,DN_03,#F7BA3C
720575941452016199,76212443059254602,DNge111,descending,DNge111,right,-15.304492126847013,-23.03655490983862,DN_06,#4D9C3C
720575941440683743,76492131732388961,DNp10,descending,DNp10,left,-7.241908680344328,0.013456575976427188,DN_01,#EC9832
720575941453195945,76424511297507270,AN10B039_T3,ascending,AN10B039,right,-22.65750993385385,29.05166187177759,AN_16,#F36237
720575941454913075,75718418338505569,DNge083,descending,DNge083,right,14.205258239363925,18.89438190351587,DN_18,#52AE4E
720575941656557529,76070193340186830,ANXXX433,ascending,ANXXX433,right,1.5242551456444418,15.444956206189211,AN_07,#BFB09A
720575941454975539,76774087477352584,DNp16,descending,DNp16,left,1.713943828200594,-19.297701455248777,DN_06,#4D9C3C
720575941456180461,75507449545117408,DNg63,descending,DNg63,right,8.820680488204257,5.138520621167238,DN_07,#BFB09A
720575941456897005,76073698771391330,DNa02,descending,DNa02,right,13.487510551070468,-1.2075338136090679,DN_14,#77C8F2
720575941458969414,76356617125803407,AN07B085,ascending,AN07B085,left,4.007788528060213,-36.990156746996824,AN_04,#947E6C
720575941451068597,76425129840086851,DNp01,descending,DNp01,right,-9.276755463028653,11.251127623425539,DN_05,#D24A2C
720575941536353880,76633349519239718,DNp42,descending,DNp42,left,-12.068668495560392,27.581103705273684,DN_08,#51B07B
720575941550561341,75295793892147293,DNpe052,descending,DNpe052,right,-6.339377533341154,20.949790381299074,DN_05,#D24A2C
720575941460714180,76355654650667130,AN10B046_T3,ascending,AN10B046,left,-23.253081451798185,28.896073721753176,AN_16,#F36237
720575941460757715,76001336826912277,DNpe011,descending,DNpe011,right,3.786421168898836,-18.342886544360105,DN_06,#4D9C3C
720575941461560720,76001817930146565,AN06A092,ascending,AN06A092,left,5.670013297652498,-29.77762851823706,AN_11,#FE4545
720575941461628560,74809192082480933,SApp07,sensory_ascending,SApp07,right,NA,NA,NA,NA
720575941461833924,76706948346913909,AN17A050,ascending,AN17A050,left,-7.717195640946135,28.00513400922876,AN_02,#298ABB
720575941602013993,76073285985155716,AN09A005,ascending,AN09A005,right,-4.050131212616667,5.8297490109072285,AN_19,#B56FCC
720575941466724118,76004979496562498,AN07B089,ascending,AN07B089,right,9.541277755355136,-35.067026711596434,AN_11,#FE4545
720575941467453462,76777248506323785,DNge065,descending,DNge065,left,9.823325980757968,2.1021168459520894,DN_02,#298ABB
720575941557838756,76070743162998458,DNg86,descending,DNg86,right,0.036847938155428084,3.4849630821810322,DN_01,#EC9832
720575941561890931,78113980438679464,SApp10,sensory_ascending,SApp10,left,NA,NA,NA,NA
720575941470195723,75718212448617333,DNae008,descending,DNae008,right,8.563195098494784,-0.7614590894116802,DN_02,#298ABB
720575941470575479,76562775153597574,DNpe054,descending,DNpe054,left,-13.792568336868985,-42.89675769914526,DN_04,#947E6C
720575941471648631,76212442924886996,AN05B040,ascending,AN05B040,right,4.902620185469881,57.19068660627466,AN_13,#48A9D9
720575941474101344,76496735602002016,AN02A002,ascending,AN02A002,left,-12.691911827469571,17.167489432202395,AN_02,#298ABB
720575941576229385,76215742265321991,AN17B011,ascending,AN17B011,left,-6.4844728816993085,8.96970214735132,AN_05,#D24A2C
720575941476398897,75718762137421222,DNge092,descending,DNge092,right,4.158900130843416,-29.66967258561987,DN_04,#947E6C
720575941476850462,76146266539246337,AN09B044,ascending,AN09B044,left,-6.34096826210092,30.33784999738794,AN_17,#8B3A9C
720575941477006388,76282811803956889,DNpe012,descending,DNpe012,left,4.1185449253075275,-17.45456371415991,DN_06,#4D9C3C
720575941477345332,76567792346079788,SApp08,sensory_ascending,SApp08,left,NA,NA,NA,NA
720575941514530892,76350981994119917,DNp48,descending,DNp48,left,-15.823647629166349,3.1755599011049824,DN_15,#6A2978
720575941478387306,76496048205982708,AN04B023_T1,ascending,AN04B023,right,-3.5748494972236005,-4.533588982714598,AN_06,#4D9C3C
720575941478705770,77055150002768203,DNpe056,descending,DNpe056,left,-10.477370392227872,22.794183157788332,DN_01,#EC9832
720575941478752362,76355517077548261,AN10B056,ascending,AN10B056,right,30.78013120994498,2.718893669949587,AN_16,#F36237
720575941479354498,76497354882305754,SApp22,sensory_ascending,SApp22,left,NA,NA,NA,NA
720575941462261188,76492474591528505,DNg35,descending,DNg35,left,15.270452369307772,-0.34949348081487835,DN_14,#77C8F2
720575941553593150,76216841642700227,SApp23,sensory_ascending,SApp23,left,NA,NA,NA,NA
720575941594469160,76210725139365585,DNp43,descending,DNp43,left,-10.084204803848966,23.500857733593996,DN_08,#51B07B
720575941480901827,76493024548895090,DNge085,descending,DNge085,left,10.599387038802401,-31.546206093920652,DN_11,#FE4545
720575941481337679,76633143360615489,DNg77,descending,DNg77,left,-1.831970225716337,8.63362922559839,DN_01,#EC9832
720575941549144968,76426573217016632,DNp69,descending,DNp69,left,-17.529538284683927,17.590999029980715,DN_08,#51B07B
720575941413558639,76352218274118370,DNge091,descending,DNge091,right,-14.263059746170743,-22.81979236711401,DN_06,#4D9C3C
720575941483184070,75930280753724096,SApp06,sensory_ascending,SApp06,right,NA,NA,NA,NA
720575941483266246,75506763088502428,DNpe045,descending,DNpe045,right,-1.0985833515174235,-0.9301051865949077,DN_02,#298ABB
720575941520203436,76703787452418637,DNp17,descending,DNp17,left,-11.245699058914884,-45.483992196215574,DN_04,#947E6C
720575941489294800,76567173266687267,AN10B048_T2,ascending,AN10B048,left,32.31458937034537,-14.25806770433325,AN_10,#695B52
720575941628636217,76492955628349277,ANXXX027_A3,ascending,ANXXX027,right,-9.06098378791879,23.25472011457544,AN_05,#D24A2C
720575941490799157,75864998190900531,DNp58,descending,DNp58,right,-14.854767929459317,4.326165579663332,DN_03,#F7BA3C
720575941491055820,76562843872931893,DNp17,descending,DNp17,left,-11.245699058914884,-45.483992196215574,DN_04,#947E6C
720575941491057614,76918879481640936,ANXXX264,ascending,ANXXX264,left,16.497048247908847,37.466901205884035,AN_13,#48A9D9
720575941491649255,76496186181315456,oviDNa_a,descending,oviDNa_a,right,-3.0898176540381757,4.608456992016848,DN_03,#F7BA3C
720575941432405167,76282055755316353,DNp102,descending,DNp102,left,-4.11117614402841,-15.705299950732176,DN_02,#298ABB
720575941492588976,76212442992460675,DNge103,descending,DNge103,left,7.298543323134676,4.498392962323244,DN_02,#298ABB
720575941492684208,76562775153611067,DNpe054,descending,DNpe054,left,-13.792568336868985,-42.89675769914526,DN_04,#947E6C
720575941493018032,76284530058805748,ANXXX106,ascending,ANXXX106,right,2.2328849922173175,29.57877483259302,AN_03,#F7BA3C
720575941493021104,76001336826966403,DNpe054,descending,DNpe054,right,-13.792568336868985,-42.89675769914526,DN_04,#947E6C
720575941494330750,76567241919549208,AN10B033_T2,ascending,AN10B033,left,32.44502912864615,-13.625626183642332,AN_10,#695B52
720575941498486907,76567585986332564,SApp01,sensory_ascending,SApp01,left,NA,NA,NA,NA
720575941498730146,76495979687743359,AN08B061,ascending,AN08B061,right,15.899453033065097,-12.269076920641844,AN_08,#51B07B
720575941499034786,76707085920456087,AN08B097,ascending,AN08B097,left,16.253462661360995,-12.146021462572996,AN_08,#51B07B
720575941499077089,75788719101360707,DNpe027,descending,DNpe027,right,2.919022668456331,-0.44075075496572674,DN_02,#298ABB
720575941502273419,75507106148874427,DNpe022,descending,DNpe022,right,-1.691565524483427,-0.13794351328748883,DN_02,#298ABB
720575941502628695,75507587319712087,DNp15,descending,DNp15,right,0.5887210260384237,-13.916960335864012,DN_04,#947E6C
720575941503131371,76282811803901532,DNpe054,descending,DNpe054,left,-13.792568336868985,-42.89675769914526,DN_04,#947E6C
720575941503846706,76282811803929072,DNpe011,descending,DNpe011,left,3.786421168898836,-18.342886544360105,DN_06,#4D9C3C
720575941503855851,76003604435724793,AN10B031,ascending,AN10B031,right,-26.40393746986459,3.9519080151186543,AN_16,#F36237
720575941504117042,76212442992654305,AN08B031,ascending,AN08B031,right,0.5979580770485555,10.116353415356691,AN_01,#EC9832
720575941504723906,76496254431719715,AN05B017,ascending,AN05B017,left,8.123350967025058,29.325095557080324,AN_03,#F7BA3C
720575941505410876,76001336759752459,DNge057,descending,DNge057,left,17.52474104270865,12.8448986042605,DN_09,#E42E2E
720575941506196247,76353180548238043,DNp20,descending,DNp20,left,1.6850391517632162,-12.705317116869871,DN_06,#4D9C3C
720575941507073303,75295862410625368,DNp02,descending,DNp02,right,-17.07489694252084,17.914613150464113,DN_05,#D24A2C
720575941528247140,76984850045043581,DNpe005,descending,DNpe005,left,-21.131539474869474,-14.613544083727781,DN_12,#FBCD5A
720575941614906387,76140287742950703,MDN,descending,MDN,right,14.523598540877597,-3.427860356463377,DN_14,#77C8F2
720575941496676295,76633281068253810,DNa06,descending,DNa06,left,1.4740968833916341,-14.758534051073973,DN_04,#947E6C
720575941604241337,75584004182807972,ANXXX380_A6,ascending,ANXXX380,right,-5.089849125290617,11.755629919873293,AN_01,#EC9832
720575941511599314,75507381228161087,AN19B017,ascending,AN19B017,left,-7.442908893967375,-9.280130005968992,AN_06,#4D9C3C
720575941513085004,76286591777550963,AN10B033_T3,ascending,AN10B033,left,30.086045135115878,-12.402895547045652,AN_10,#695B52
720575941612480489,76215879435842399,AN10B015_b,ascending,AN10B015_b,right,-11.84026731147836,29.00368060957056,AN_08,#51B07B
720575941483106243,76496735602185248,AN02A002,ascending,AN02A002,left,-12.691911827469571,17.167489432202395,AN_02,#298ABB
720575941514874627,76005322959150069,AN10B039_T3,ascending,AN10B039,right,-22.65750993385385,29.05166187177759,AN_16,#F36237
720575941515223555,76216497978581888,AN10B039_T3,ascending,AN10B039,left,-22.65750993385385,29.05166187177759,AN_16,#F36237
720575941626745452,76142074315195049,DNpe046,descending,DNpe046,left,-3.3504933227546063,4.0699833859072285,DN_03,#F7BA3C
720575941479905898,75295793891935949,AN09B004_A3,ascending,AN09B004,left,-4.735654484177336,22.90059986005884,AN_05,#D24A2C
720575941515520505,76566417553975735,AN06A095,ascending,AN06A095,left,3.5271710048668536,-33.742319680346434,AN_11,#FE4545
720575941515972698,76773949702847887,DNg99,descending,DNg99,left,15.34092222556998,-31.580443001879637,DN_11,#FE4545
720575941516800147,76353180548122689,DNge002,descending,DNge002,left,6.127201427077547,-13.057616807116453,DN_04,#947E6C
720575941518866030,76001268107392508,AN19B065,ascending,AN19B065,left,11.188919890975253,-40.14789447893042,AN_11,#FE4545
720575941519464046,75930968015348134,DNg97,descending,DNg97,left,8.88921152458121,0.8092736233339863,DN_02,#298ABB
720575941619021269,76281162603406465,DNc02,descending,DNc02,left,-3.8939219821936932,7.897553824292238,DN_03,#F7BA3C
720575941520584631,76636854681961521,AN05B071,ascending,AN05B071,right,3.6097344051354083,57.08291759382349,AN_13,#48A9D9
720575941520735411,76492405738157996,DNge098,descending,DNge098,left,-1.6017691601760233,7.646503828869875,DN_01,#EC9832
720575941521282739,75930005875892292,DNg49,descending,DNg49,right,2.574281562423006,-21.78000888933081,DN_04,#947E6C
720575941549247368,75930005809194042,DNge092,descending,DNge092,right,4.158900130843416,-29.66967258561987,DN_04,#947E6C
720575941524168011,76707360798122330,AN05B081,ascending,AN05B081,right,-1.6779600490577067,14.978351973401125,AN_01,#EC9832
720575941526450713,76071705503885777,AN10B029_T1,ascending,AN10B029,left,32.57304655418326,-18.48374424089331,AN_10,#695B52
720575941526686797,76707291810353111,AN09B040_T1,ascending,AN09B040,left,-7.873928200150236,31.652556799756105,AN_17,#8B3A9C
720575941556654419,76633006189957467,DNbe006,descending,DNbe006,left,-2.3445898403174725,-0.11740795482534588,DN_02,#298ABB
720575941527078566,76497767199518518,SApp07,sensory_ascending,SApp07,left,NA,NA,NA,NA
720575941439437586,76984712404800346,DNb05,descending,DNb05,left,-6.527894626999601,-0.1381719480885905,DN_01,#EC9832
720575941527245337,76351737036613951,AN17A002,ascending,AN17A002,right,6.15282999381949,18.831370734082277,AN_07,#BFB09A
720575941527283366,76848029433096966,AN10B039_T1,ascending,AN10B039,right,31.06014143333365,1.8711602915392476,AN_16,#F36237
720575941527922598,75577749704185950,DNg08_b,descending,DNg08_b,right,-4.972335468674406,3.5847653378115254,DN_06,#4D9C3C
720575941530577355,76282811803956909,DNpe054,descending,DNpe054,left,-13.792568336868985,-42.89675769914526,DN_04,#947E6C
720575941531270347,75654372994204651,ANXXX988,ascending,ANXXX988,left,3.713697780226961,6.715690993176516,AN_01,#EC9832
720575941531918565,76211961889207644,DNge092,descending,DNge092,right,4.158900130843416,-29.66967258561987,DN_04,#947E6C
720575941532674435,76075554532946598,AN17B002,ascending,AN17B002,left,-11.258690964127286,16.694922827588137,AN_03,#F7BA3C
720575941533704067,76562637580319030,DNp31,descending,DNp31,left,-25.779910217667325,-16.977036095751707,DN_12,#FBCD5A
720575941535166913,76142074180789388,SAch02,sensory_ascending,SAch02,right,NA,NA,NA,NA
720575941394278916,76633212482668404,DNbe004,descending,DNbe004,left,-24.991442810440763,-16.557480431689207,DN_12,#FBCD5A
720575941535811521,76001336826951808,720575941535811521,sensory_ascending,NA,right,NA,NA,NA,NA
720575941536555546,76282811803457618,SApp15,sensory_ascending,SApp15,left,NA,NA,NA,NA
720575941536580634,75647980875374171,DNge129,descending,DNge129,right,-0.7334086519427145,-0.773726678980772,DN_02,#298ABB
720575941432123640,75647843771376637,DNa01,descending,DNa01,right,11.051414359664218,-0.4260949264897746,DN_02,#298ABB
720575941537644003,76282811803645573,SApp08,sensory_ascending,SApp08,left,NA,NA,NA,NA
720575941517000185,75858606540929266,DNp54,descending,DNp54,right,-8.42299379005502,0.675015084849413,DN_01,#EC9832
720575941537912291,76284736284884229,DNpe012,descending,DNpe012,right,4.1185449253075275,-17.45456371415991,DN_06,#4D9C3C
720575941467388758,76213405131905951,SApp02,sensory_ascending,SApp02,right,NA,NA,NA,NA
720575941598158469,76210656755903865,DNc02,descending,DNc02,left,-3.8939219821936932,7.897553824292238,DN_03,#F7BA3C
720575941539816061,76071705570941532,DNpe024,descending,DNpe024,right,-0.6501373049564207,-0.39343569387335003,DN_02,#298ABB
720575941540257741,76424373925605628,DNpe027,descending,DNpe027,left,2.919022668456331,-0.44075075496572674,DN_02,#298ABB
720575941540266109,76567379358467393,AN10B037_T2,ascending,AN10B037,left,29.452383864974276,-1.7515307437314434,AN_16,#F36237
720575941540625101,76216223100810558,AN05B062,ascending,AN05B062,right,-7.039785038376555,25.590861700879152,AN_01,#EC9832
720575941542514268,75788924655992971,DNg43,descending,DNg43,right,5.686040271376863,1.7919711102114277,DN_02,#298ABB
720575941506912828,75090460833654544,SApp05,sensory_ascending,SApp05,right,NA,NA,NA,NA
720575941543173405,75999824596014431,ANXXX433,ascending,ANXXX433,right,1.5242551456444418,15.444956206189211,AN_07,#BFB09A
720575941543300381,76286248180555284,AN10B037_T2,ascending,AN10B037,right,29.452383864974276,-1.7515307437314434,AN_16,#F36237
720575941543684357,76844662178657488,DNg94,descending,DNg94,left,-1.7134108652121867,-23.086119271410887,DN_04,#947E6C
720575941545273861,76426848497980148,DNpe054,descending,DNpe054,left,-13.792568336868985,-42.89675769914526,DN_04,#947E6C
720575941546593468,76215810649183783,AN17A008,ascending,AN17A008,right,1.8539508472435628,9.863003157483156,AN_03,#F7BA3C
720575941692178651,75576994393716010,DNp60,descending,DNp60,right,-3.031215559387907,7.0098260868654805,DN_01,#EC9832
720575941440304172,76703100660186885,DNpe053,descending,DNpe053,right,-13.128547798538907,5.612882994519289,DN_15,#6A2978
720575941403220771,76146060447938439,ANXXX046,ascending,ANXXX046,right,-2.326531063462004,22.213313483105715,AN_05,#D24A2C
720575941548066184,76141112041621773,DNge073,descending,DNge073,left,4.176518310164705,2.485438965664919,DN_02,#298ABB
720575941464350989,76070674443432222,AN09B018_c,ascending,AN09B018_c,left,0.12218694791723839,19.080487631665285,AN_07,#BFB09A
720575941548246920,76425611212289037,AN27X015,ascending,AN27X015,right,-9.468012939835294,0.5521137047873097,AN_01,#EC9832
720575941548340104,76071705503888566,AN01A033,ascending,AN01A033,right,-6.830486904526457,21.047194861279543,AN_05,#D24A2C
720575941549022497,76703787452048374,DNpe054,descending,DNpe054,left,-13.792568336868985,-42.89675769914526,DN_04,#947E6C
720575941689646710,76140287206589181,DNp25,descending,DNp25,left,-17.46935380592416,4.855014227734621,DN_15,#6A2978
720575941550794751,75577818490634059,DNg36_a,descending,DNg36_a,right,-9.1237126697547275,-36.081228829516355,DN_04,#947E6C
720575941551055495,75723229642070636,SApp22,sensory_ascending,SApp22,right,NA,NA,NA,NA
720575941552009727,76001336760082194,DNg49,descending,DNg49,left,2.574281562423006,-21.78000888933081,DN_04,#947E6C
720575941552163583,76844181477807863,DNpe022,descending,DNpe022,left,-1.691565524483427,-0.13794351328748883,DN_02,#298ABB
720575941552880190,76497560974050317,SApp22,sensory_ascending,SApp22,left,NA,NA,NA,NA
720575941672613799,75295656453793702,DNp45,descending,DNp45,right,-14.874535690689786,20.041127585278566,DN_08,#51B07B
720575941509092958,76566211059995606,AN10B005,ascending,AN10B005,right,-8.881782661820157,-9.605715371264402,AN_06,#4D9C3C
720575941553134363,76001336826815539,SApp06,sensory_ascending,SApp06,right,NA,NA,NA,NA
720575941554856019,76562706434071797,DNpe054,descending,DNpe054,left,-13.792568336868985,-42.89675769914526,DN_04,#947E6C
720575941555393537,76492681018528555,DNa13,descending,DNa13,left,14.298931945418612,-3.0501109134091777,DN_14,#77C8F2
720575941556419300,76777660554727369,AN09B040_T1,ascending,AN09B040,right,-7.873928200150236,31.652556799756105,AN_17,#8B3A9C
720575941558535716,75717937436782705,AN09B034,ascending,AN09B034,left,10.179431785201327,13.209351919995363,AN_02,#298ABB
720575941597051761,76562363037702788,DNpe053,descending,DNpe053,left,-13.128547798538907,5.612882994519289,DN_15,#6A2978
720575941540800405,77336693430720267,DNp12,descending,DNp12,left,-9.222828995133145,-4.5422183047666,DN_01,#EC9832
720575941561762605,76492337152564737,ANXXX043,ascending,ANXXX043,right,3.5131319652550372,54.57631816755396,AN_13,#48A9D9
720575941562771624,75788787687075212,DNpe009,descending,DNpe009,right,1.7103060375206625,-19.964943505419676,DN_04,#947E6C
720575941563483816,76636923602921454,AN19B019,ascending,AN19B019,right,-9.15955556526254,0.1139729846582967,AN_01,#EC9832
720575941563622759,75021878595039595,SAch01,sensory_ascending,SAch01,right,NA,NA,NA,NA
720575941563893858,76212442992258508,SApp23,sensory_ascending,SApp23,left,NA,NA,NA,NA
720575941524069111,77055081551665527,DNp32,descending,DNp32,left,-5.038093696976408,13.56760539899927,DN_01,#EC9832
720575941564632674,76001336826774956,AN08B079,ascending,AN08B079,right,16.13389860496451,-33.122149087084715,AN_11,#FE4545
720575941564723456,76426504363803362,AN05B101,ascending,AN05B101,left,-17.208445679093106,5.2709297169313984,AN_15,#6A2978
720575941565477174,75577131362802970,DNde003,descending,DNde003,right,12.796958793257968,-3.0061012278928203,DN_14,#77C8F2
720575941566336822,76847685902717517,ANXXX218,ascending,ANXXX218,right,9.625880111312167,4.146803521023806,AN_07,#BFB09A
720575941428563540,75718006760304538,DNpe043,descending,DNpe043,right,-17.21692575111459,15.989831351147707,DN_08,#51B07B
720575941566772526,76357029710965835,SApp03,sensory_ascending,SApp03,left,NA,NA,NA,NA
720575941565255570,76072461552223845,DNa10,descending,DNa10,right,-22.3130771030433,-14.41341552842993,DN_12,#FBCD5A
720575941568946938,76212443059318069,DNg18_a,descending,DNg18_a,right,11.158902991866366,-31.23212490190405,DN_11,#FE4545
720575941452657018,76075691837395521,AN05B102_A4,ascending,AN05B102,right,-3.539025675202116,23.526866339551027,AN_05,#D24A2C
720575941539718037,75020229595756969,SApp03,sensory_ascending,SApp03,right,NA,NA,NA,NA
720575941573417117,75930143315049782,DNg10,descending,DNg10,right,3.3615406642906818,-31.96950397600073,DN_04,#947E6C
720575941662983224,76282811803923491,DNpe054,descending,DNpe054,left,-13.792568336868985,-42.89675769914526,DN_04,#947E6C
720575941573658184,75647912356718349,DNg30,descending,DNg30,left,-7.852391849899992,19.860246085034426,DN_05,#D24A2C
720575941574850205,76567035828093065,AN08B012_T2,ascending,AN08B012,right,-4.373008381272062,15.272333525525148,AN_03,#F7BA3C
720575941433155799,75437012081554397,DNp09,descending,DNp09,right,3.2731801162712726,0.8928871382341939,DN_02,#298ABB
720575941580074485,76847823609655719,AN07B037,ascending,AN07B037,left,6.637785781478182,-31.713457680834715,AN_06,#4D9C3C
720575941581772153,76144685990987819,AN06B011,ascending,AN06B011,right,0.059113610839143904,-5.538462258471434,AN_03,#F7BA3C
720575941484893949,76075416758159852,AN09B007,ascending,AN09B007,left,-4.251235615158781,12.287102125989016,AN_03,#F7BA3C
720575941517385306,76005460532517031,AN05B009_A2,ascending,AN05B009,right,8.233194221114413,30.710338019238527,AN_13,#48A9D9
720575941588409924,75788787686905712,DNp17,descending,DNp17,right,-11.245699058914884,-45.483992196215574,DN_04,#947E6C
720575941588978500,76075760422775021,AN09B001,ascending,AN09B001,left,-4.262081037903532,23.40734805952173,AN_05,#D24A2C
720575941589853950,76423549291625013,DNg26,descending,DNg26,right,-15.776568542862638,-2.2045439254178447,DN_03,#F7BA3C
720575941589986359,75718762003086558,DNge128,descending,DNge128,right,14.203670371627108,4.777508162365969,DN_09,#E42E2E
720575941590752396,76142074247909189,AN09B033_A5,ascending,AN09B033,left,4.179917682265535,16.788169287549074,AN_07,#BFB09A
720575941591683212,76212443059659003,AN02A022,ascending,AN02A022,left,-11.905963074112638,-39.90801487077612,AN_04,#947E6C
720575941591827752,76567929650846462,SApp01,sensory_ascending,SApp01,left,NA,NA,NA,NA
720575941594463013,76071705436654360,ANXXX041,ascending,ANXXX041,right,17.8988312374108,38.4953474033938,AN_13,#48A9D9
720575941595101809,76212442992715410,AN08B097,ascending,AN08B097,right,16.253462661360995,-12.146021462572996,AN_08,#51B07B
720575941596431749,76492612567351181,DNpe004,descending,DNpe004,left,9.51713072166373,-29.133886910571043,DN_04,#947E6C
720575941596596357,76210793523647275,DNpe035,descending,DNpe035,right,-17.785641800308927,4.260740660534914,DN_15,#6A2978
720575941597345692,76140974602489613,DNge035,descending,DNge035,left,1.380457032775179,5.080413721905764,DN_01,#EC9832
720575941477942833,76633281135024318,DNa05,descending,DNa05,left,-27.581219803238614,-19.07891903032202,DN_12,#FBCD5A
720575941600910889,75373309931952086,SAch02,sensory_ascending,SAch02,right,NA,NA,NA,NA
720575941603791350,75935023337587417,DNg76,descending,DNg76,right,2.8476682792656574,-9.900424576891844,DN_03,#F7BA3C
720575941604056505,76356891734912428,AN09B007,ascending,AN09B007,left,-4.251235615158781,12.287102125989016,AN_03,#F7BA3C
720575941605174462,76636510883343915,AN05B007,ascending,AN05B007,right,-1.850514065170988,13.954295538769777,AN_03,#F7BA3C
720575941606542701,75718693417982800,DNg07,descending,DNg07,right,-14.95203889503549,-21.577587700976316,DN_06,#4D9C3C
720575941607634285,76773263111561958,DNpe038,descending,DNpe038,left,-3.683817516709074,3.901229761944826,DN_03,#F7BA3C
720575941611010534,76356067168900127,AN06B046,ascending,AN06B046,left,19.886227477645175,2.515449904309328,AN_06,#4D9C3C
720575941562840365,76496392608578146,AN27X008,ascending,AN27X008,right,-11.801899086380704,-15.78630313981909,AN_06,#4D9C3C
720575941354281776,75576650124933358,DNc01,descending,DNc01,right,-4.3724616874701825,8.219613455639895,DN_03,#F7BA3C
720575941495650174,75160829510606349,SApp07,sensory_ascending,SApp07,right,NA,NA,NA,NA
720575941611457098,76354967522993272,DNg53,descending,DNg53,left,1.2009636054985677,-30.843145943774168,DN_04,#947E6C
720575941602034473,76357304118750132,AN01B002_A2,ascending,AN01B002,left,9.352558005904452,30.792380713330324,AN_03,#F7BA3C
720575941612233830,76211068468804968,ANXXX150_A9,ascending,ANXXX150,left,-11.753899704361661,6.7689298618898945,AN_03,#F7BA3C
720575941615534489,76702963087365218,DNp68,descending,DNp68,left,-8.296171795273526,4.621895693646486,DN_03,#F7BA3C
720575941456155443,76215054667822735,AN12B004_T2,ascending,AN12B004,right,-6.725751053238615,8.77705135236841,AN_10,#695B52
720575941625157019,76211618157178564,SAch01,sensory_ascending,SAch01,left,NA,NA,NA,NA
720575941625164955,76566554925445359,AN06B005,ascending,AN06B005,right,0.4878862987511312,0.24978937714707433,AN_04,#947E6C
720575941625300682,76071705504035293,AN10B037,ascending,AN10B037,right,29.988345016097323,-1.327427006854002,AN_16,#F36237
720575941625301915,76355379705714830,AN08B097,ascending,AN08B097,right,16.253462661360995,-12.146021462572996,AN_08,#51B07B
720575941454279593,75506968777418482,DNae003,descending,DNae003,right,-26.93073762550424,-21.493616677416746,DN_12,#FBCD5A
720575941626007195,74944430939129970,DNge116,descending,DNge116,right,2.6850258003227863,-33.008902169360105,DN_04,#947E6C
720575941626175643,76070605857976968,DNg16,descending,DNg16,right,8.226636756514804,1.5023834932909566,DN_02,#298ABB
720575941548667060,76566485602640381,ANXXX404,ascending,ANXXX404,left,17.078623641585605,38.58517589460474,AN_13,#48A9D9
720575941630081574,76492337689835983,DNp17,descending,DNp17,left,-11.245699058914884,-45.483992196215574,DN_04,#947E6C
720575941631013090,75582079702511676,DNge035,descending,DNge035,left,1.380457032775179,5.080413721905764,DN_01,#EC9832
720575941561376750,76563599384075140,AN02A001,ascending,AN02A001,left,-7.4728528369910565,4.780386828290041,AN_01,#EC9832
720575941633920443,75584004116300954,ANXXX380_A5,ascending,ANXXX380,right,-5.03099454536508,11.561604880200441,AN_01,#EC9832
720575941639571317,76071705570722314,AN08B100,ascending,AN08B100,right,-2.683615099335417,4.742432021008547,AN_02,#298ABB
720575941640035359,76707017335169209,AN07B070,ascending,AN07B070,right,-24.499835144425138,15.618225478039797,AN_01,#EC9832
720575941471732599,76281505731195658,SAch01,sensory_ascending,SAch01,left,NA,NA,NA,NA
720575941643148901,76425336200112394,AN19B101,ascending,AN19B101,left,15.14448725089957,-37.576067544115965,AN_11,#FE4545
720575941514619601,76707154841197740,AN06B009,ascending,AN06B009,right,-6.7694765438086835,-10.248249627245848,AN_06,#4D9C3C
720575941566618722,76142074248538179,AN06B039_T3,ascending,AN06B039,right,-6.366310726547941,14.33484115491968,AN_01,#EC9832
720575941645239752,76352355780300845,DNge085,descending,DNge085,left,10.599387038802401,-31.546206093920652,DN_11,#FE4545
720575941645372792,76562775153662377,DNpe054,descending,DNpe054,left,-13.792568336868985,-42.89675769914526,DN_04,#947E6C
720575941538630627,75788924522220964,DNge132,descending,DNge132,right,12.903951514815585,34.98878993879419,DN_13,#48A9D9
720575941651755797,75302391633276582,ANXXX202_b_A5,ascending,ANXXX202_b,right,-16.87541307106088,3.5525785912142354,AN_15,#6A2978
720575941496285822,76636717310490500,AN07B037,ascending,AN07B037,right,6.637785781478182,-31.713457680834715,AN_06,#4D9C3C
720575941652883477,76632869019655780,DNp62,descending,DNp62,left,0.5369915853493368,15.829533957348879,DN_07,#BFB09A
720575941652085745,76212443059312542,DNae007,descending,DNae007,left,12.56932913169791,-2.7374161254300517,DN_14,#77C8F2
720575941415445908,76075554466073912,ANXXX094,ascending,ANXXX094,left,2.5991908203118,-1.0164817344083232,AN_06,#4D9C3C
720575941612488169,76562775153565449,DNpe011,descending,DNpe011,left,3.786421168898836,-18.342886544360105,DN_06,#4D9C3C
720575941480717280,75935091653974384,AN10B037_T3,ascending,AN10B037,right,-22.96413148536752,29.145566367016848,AN_16,#F36237
720575941692477592,76844386897969421,DNge055,descending,DNge055,left,16.615082610701815,7.87126054655176,DN_09,#E42E2E
720575941653831185,76632868818137434,DNae005,descending,DNae005,left,12.51804338798453,-1.622522688998167,DN_14,#77C8F2
720575941657879576,76071705570922564,DNp06,descending,DNp06,right,-18.05204309120248,17.516007803784426,DN_08,#51B07B
720575941477839902,76567448144779481,AN10B037_T2,ascending,AN10B037,left,29.452383864974276,-1.7515307437314434,AN_16,#F36237
720575941658066456,76142074315420037,DNge138,descending,DNge138,right,-10.244231354141935,14.843014143811281,DN_05,#D24A2C
720575941658910488,75930968082723461,DNge026,descending,DNge026,right,4.386702407454744,-11.773919678820555,DN_04,#947E6C
720575941658936144,75436462929374283,DNp69,descending,DNp69,right,-17.529538284683927,17.590999029980715,DN_08,#51B07B
720575941668526067,76707292078540549,AN08B009_T1,ascending,AN08B009,left,-18.429692398453458,18.41984691511255,AN_08,#51B07B
720575941669726129,76000511924818092,DNg85,descending,DNg85,left,15.672312606429355,36.73800029646021,DN_09,#E42E2E
720575941460027807,77125999514880002,DNg92_b,descending,DNg92_b,left,-20.40115655555795,-13.845101929797117,DN_06,#4D9C3C
720575941688189935,76072117955214960,DNb01,descending,DNb01,left,-25.813084732437833,-16.026220894946043,DN_12,#FBCD5A
720575941722633786,75859430772344986,AN08B034_T1,ascending,AN08B034,left,-5.654948364639982,23.30387248884302,AN_05,#D24A2C
720575941722762042,76216085862749668,AN07B089,ascending,AN07B089,left,9.541277755355136,-35.067026711596434,AN_11,#FE4545
720575941458374637,76287485130629113,AN_multi_60,ascending,AN_multi_60,left,-3.902349125290617,7.142124079571779,AN_03,#F7BA3C
720575941592025740,75654304140792226,ANXXX084_A5,ascending,ANXXX084,left,-6.684233795548185,16.543298148022707,AN_01,#EC9832
720575941479729514,75858881419135130,DNg02_h,descending,DNg02_h,right,-19.492798935318692,-12.547969437731687,DN_06,#4D9C3C
720575941486978256,75718968363039010,AN19B100,ascending,AN19B100,right,15.56478582725455,-37.50644931901831,AN_11,#FE4545
720575941398969123,75788718900134913,DNg02_d,descending,DNg02_d,right,-6.017961155319914,2.6047009457216816,DN_06,#4D9C3C
720575941598435008,76282055755096592,SA_DMT_DMetaN_12,sensory_ascending,SA_DMT_DMetaN_12,left,NA,NA,NA,NA
720575941492591024,75999618907420093,DNg02_h,descending,DNg02_h,right,-19.492798935318692,-12.547969437731687,DN_06,#4D9C3C
720575941671493041,75859087107527254,AN_GNG_167,ascending,AN_GNG_167,left,-3.60183514251779,10.817283057080324,AN_03,#F7BA3C
720575941514688249,75789268320218839,AN_GNG_181,ascending,AN_GNG_181,right,-1.088406275654539,4.079733036862429,AN_02,#298ABB
720575941567152279,74943675159289487,AN08B034,ascending,AN08B034,right,30.882794250106112,2.4164959419832783,AN_16,#F36237
720575941448785589,76282261846432091,720575941448785589,sensory_ascending,NA,left,NA,NA,NA,NA
720575941525872717,76636167084236743,720575941525872717,sensory_ascending,NA,left,NA,NA,NA,NA
720575941541538140,76564011835007418,720575941541538140,sensory_ascending,NA,left,NA,NA,NA,NA
720575941602880697,76634311859719893,720575941602880697,sensory_ascending,NA,left,NA,NA,NA,NA
720575941652694801,76634311859670203,720575941652694801,sensory_ascending,NA,left,NA,NA,NA,NA
720575941541952092,76145098106720908,AN10B045_T2,ascending,AN10B045,right,29.927914489363925,-1.2534484635724468,AN_16,#F36237
720575941504218949,76286385887349998,AN07B089,ascending,AN07B089,left,9.541277755355136,-35.067026711596434,AN_11,#FE4545
720575941589087543,76146129234269949,AN10B035,ascending,AN10B035,left,-23.10488427772592,28.66692294965845,AN_16,#F36237
720575941432280279,76216497978395898,AN10B037_T3,ascending,AN10B037,left,-22.96413148536752,29.145566367016848,AN_16,#F36237
720575941552783495,76004567112406475,AN07B076,ascending,AN07B076,left,0.21792398796011558,-37.319143868578855,AN_04,#947E6C
720575941550824481,76356066833134707,AN05B036,ascending,AN05B036,left,3.4062245975487384,29.660972021924074,AN_03,#F7BA3C
720575941531174328,76146129167161267,AN09B001,ascending,AN09B001,left,-4.262081037903532,23.40734805952173,AN_05,#D24A2C
720575941531911115,76426641869923785,AN05B036,ascending,AN05B036,right,3.4062245975487384,29.660972021924074,AN_03,#F7BA3C
720575941505708604,76356067168811030,AN06B046,ascending,AN06B046,right,19.886227477645175,2.515449904309328,AN_06,#4D9C3C
720575941520179639,76918398244059339,AN10B046_T1,ascending,AN10B046,left,-26.665057312393888,3.9694155682192402,AN_16,#F36237
720575941498766049,79306880828642489,DNp59,descending,DNp59,left,-4.3873261322028485,6.117241286145266,DN_08,#51B07B
