,acetylcholine,dopamine,GABA,glutamate,histamine,octopamine,serotonin,tyramine
acetylcholine,0.9819444444444444,0.003125,0.004166666666666667,0.00625,0.0,0.00034722222222222224,0.0010416666666666667,0.003125
dopamine,0.0,1.0,0.0,0.0,0.0,0.0,0.0,0.0
GABA,0.02708803611738149,0.0,0.9616252821670429,0.004514672686230248,0.0,0.003386004514672686,0.003386004514672686,0.0
glutamate,0.01597444089456869,0.0,0.012779552715654952,0.9680511182108626,0.0,0.0,0.003194888178913738,0.0
histamine,0.0,0.0,0.0,0.0,1.0,0.0,0.0,0.0
octopamine,0.0,0.0,0.0,0.0,0.0,1.0,0.0,0.0
serotonin,0.0,0.0,0.0,0.0,0.0,0.0,1.0,0.0
tyramine,0.0,0.0,0.0,0.0,0.0,0.0,0.0,1.0
