,acetylcholine,dopamine,GABA,glutamate,histamine,octopamine,serotonin,tyramine
acetylcholine,0.990032502708559,0.0019501625135427952,0.0024918743228602384,0.0024918743228602384,0.0,0.0004333694474539545,0.0003250270855904659,0.002275189599133261
dopamine,0.0,0.9469026548672567,0.008849557522123894,0.04424778761061947,0.0,0.0,0.0,0.0
GABA,0.023457862728062554,0.0,0.9672024326672459,0.006733275412684622,0.0,0.0015204170286707212,0.0010860121633362294,0.0
glutamate,0.031578947368421054,0.0005847953216374269,0.049707602339181284,0.9122807017543859,0.0,0.0029239766081871343,0.0029239766081871343,0.0
histamine,0.09090909090909091,0.0,0.09090909090909091,0.0,0.8181818181818182,0.0,0.0,0.0
octopamine,0.0,0.0,0.06666666666666667,0.0,0.0,0.9333333333333333,0.0,0.0
serotonin,0.0,0.0,0.022727272727272728,0.022727272727272728,0.0,0.022727272727272728,0.9318181818181818,0.0
tyramine,0.014084507042253521,0.014084507042253521,0.0,0.0,0.0,0.0,0.0,0.971830985915493
