display_name,root_id,cell_representative_point_id,cell_type,cell_class,cell_sub_class,super_class,cluster,side,neurotransmitter,body_part_sensory,body_part_effector
DNp38,720575941502734475,379,DNp38,descending_neuron,descending_neuron,descending,threat response,left,acetylcholine,unknown,
DNp38,720575941413189999,470,DNp38,descending_neuron,descending_neuron,descending,threat response,right,acetylcholine,unknown,
DNg100,720575941626500746,3,DNg100,descending_neuron,descending_neuron,descending,walking,left,acetylcholine,unknown,
DNg100,720575941500851362,6,DNg100,descending_neuron,descending_neuron,descending,walking,right,acetylcholine,unknown,
AN09B029_b,720575941594293032,976,AN09B029_b,ascending_neuron,ascending_neuron,ascending,taste-touch,left,acetylcholine,unknown,
AN09B029_b,720575941484372221,1022,AN09B029_b,ascending_neuron,ascending_neuron,ascending,taste-touch,right,acetylcholine,unknown,
AN02A002,720575941474101344,41932,AN02A002,ascending_neuron,ascending_neuron,ascending,walking,left,glutamate,unknown,
AN02A002,720575941483106243,42001,AN02A002,ascending_neuron,ascending_neuron,ascending,walking,left,glutamate,unknown,
IN18B011,720575941592931112,106424,IN18B011,ventral_nerve_cord_centrifugal,ventral_nerve_cord_bilateral_interconnecting,ventral_nerve_cord_intrinsic,,left,acetylcholine,unknown,
IN18B011,720575941508299554,107997,IN18B011,ventral_nerve_cord_centrifugal,ventral_nerve_cord_bilateral_interconnecting,ventral_nerve_cord_intrinsic,,right,acetylcholine,unknown,
antagonistic_leg_motor_neuron,720575941496173947,3695,long_tendon_muscle_ltm_B,leg_motor_neuron,hind_leg_motor_neuron,motor,middle-hind leg,left,gaba,,hind_leg
antagonistic_leg_motor_neuron,720575941511197516,3701,long_tendon_muscle_B_femur,leg_motor_neuron,front_leg_motor_neuron,motor,middle-hind leg,right,gaba,,front_leg
antagonistic_leg_motor_neuron,720575941692129243,3727,sternal_anterior_rotator_miller_31,leg_motor_neuron,front_leg_motor_neuron,motor,front leg,right,gaba,,front_leg
antagonistic_leg_motor_neuron,720575941524748877,3733,long_tendon_muscle_B,leg_motor_neuron,front_leg_motor_neuron,motor,middle-hind leg,left,gaba,,front_leg
antagonistic_leg_motor_neuron,720575941612256476,3779,accessory_tibia_flexor_A,leg_motor_neuron,hind_leg_motor_neuron,motor,middle-hind leg,left,gaba,,hind_leg
antagonistic_leg_motor_neuron,720575941594091397,3805,trochanter_flexor_MesoAN,leg_motor_neuron,middle_leg_motor_neuron,motor,middle-hind leg,right,gaba,,middle_leg
antagonistic_leg_motor_neuron,720575941443907754,3806,trochanter_extensor_LinJ,leg_motor_neuron,middle_leg_motor_neuron,motor,middle-hind leg,left,acetylcholine,,middle_leg
antagonistic_leg_motor_neuron,720575941569766302,3831,trochanter_flexor_MesoLN_ventral_5,leg_motor_neuron,middle_leg_motor_neuron,motor,middle-hind leg,right,gaba,,middle_leg
antagonistic_leg_motor_neuron,720575941487732432,3893,accessory_tibia_flexor_B,leg_motor_neuron,hind_leg_motor_neuron,motor,middle-hind leg,left,gaba,,hind_leg
antagonistic_leg_motor_neuron,720575941499964555,3895,sternal_adductor_ProAN,leg_motor_neuron,front_leg_motor_neuron,motor,front leg,right,octopamine,,front_leg
antagonistic_leg_motor_neuron,720575941461333648,4008,tergotrochanter_extensor,leg_motor_neuron,front_leg_motor_neuron,motor,front leg,left,gaba,,front_leg
antagonistic_leg_motor_neuron,720575941409035691,4010,accessory_tibia_flexor_A,leg_motor_neuron,hind_leg_motor_neuron,motor,middle-hind leg,left,gaba,,hind_leg
antagonistic_leg_motor_neuron,720575941643248328,4106,accessory_tibia_flexor_A,leg_motor_neuron,hind_leg_motor_neuron,motor,middle-hind leg,left,gaba,,hind_leg
antagonistic_leg_motor_neuron,720575941720479034,5278,trochanter_extensor,leg_motor_neuron,front_leg_motor_neuron,motor,middle-hind leg,left,gaba,,front_leg
antagonistic_leg_motor_neuron,720575941406488494,5280,accessory_tibia_flexor_A,leg_motor_neuron,front_leg_motor_neuron,motor,middle-hind leg,left,gaba,,front_leg
antagonistic_leg_motor_neuron,720575941497568199,5282,tibia_flexor,leg_motor_neuron,front_leg_motor_neuron,motor,middle-hind leg,left,gaba,,front_leg
antagonistic_leg_motor_neuron,720575941408338862,5284,tergotrochanter_extensor,leg_motor_neuron,front_leg_motor_neuron,motor,front leg,left,gaba,,front_leg
antagonistic_leg_motor_neuron,720575941639506207,5285,tergotrochanter_extensor,leg_motor_neuron,front_leg_motor_neuron,motor,front leg,left,gaba,,front_leg
antagonistic_leg_motor_neuron,720575941582911865,5287,tergopleural_promotor_pleural_promotor,leg_motor_neuron,front_leg_motor_neuron,motor,front leg,left,gaba,,front_leg
antagonistic_leg_motor_neuron,720575941527847608,5290,sternal_adductor,leg_motor_neuron,front_leg_motor_neuron,motor,front leg,left,octopamine,,front_leg
antagonistic_leg_motor_neuron,720575941507031612,5300,sternotrochanter_extensor,leg_motor_neuron,front_leg_motor_neuron,motor,front leg,left,gaba,,front_leg
antagonistic_leg_motor_neuron,720575941531923147,5302,sternal_anterior_rotator,leg_motor_neuron,front_leg_motor_neuron,motor,front leg,left,gaba,,front_leg
antagonistic_leg_motor_neuron,720575941516874094,5303,sternotrochanter_extensor,leg_motor_neuron,front_leg_motor_neuron,motor,front leg,left,gaba,,front_leg
antagonistic_leg_motor_neuron,720575941494164864,5304,pleural_remotor_and_abductor,leg_motor_neuron,front_leg_motor_neuron,motor,front leg,left,acetylcholine,,front_leg
antagonistic_leg_motor_neuron,720575941464194902,5312,accessory_tibia_flexor_B,leg_motor_neuron,front_leg_motor_neuron,motor,middle-hind leg,left,gaba,,front_leg
antagonistic_leg_motor_neuron,720575941527458562,5316,trochanter_flexor_ProAN,leg_motor_neuron,front_leg_motor_neuron,motor,front leg,left,gaba,,front_leg
antagonistic_leg_motor_neuron,720575941442381738,5323,sternotrochanter_extensor_MesoLN_dorsal_3,leg_motor_neuron,middle_leg_motor_neuron,motor,middle-hind leg,left,gaba,,middle_leg
antagonistic_leg_motor_neuron,720575941554483354,5326,trochanter_flexor_dorsomedial_ribbon,leg_motor_neuron,hind_leg_motor_neuron,motor,middle-hind leg,left,gaba,,hind_leg
antagonistic_leg_motor_neuron,720575941493231536,5327,tibia_extensor_SETi,leg_motor_neuron,hind_leg_motor_neuron,motor,middle-hind leg,left,acetylcholine,,hind_leg
antagonistic_leg_motor_neuron,720575941454830131,5329,accessory_tibia_flexor_A,leg_motor_neuron,hind_leg_motor_neuron,motor,middle-hind leg,left,acetylcholine,,hind_leg
antagonistic_leg_motor_neuron,720575941502849623,5331,trochanter_extensor_LinJ,leg_motor_neuron,hind_leg_motor_neuron,motor,middle-hind leg,left,gaba,,hind_leg
antagonistic_leg_motor_neuron,720575941461179859,5333,sternotrochanter_extensor_ventrolateral_ribbon,leg_motor_neuron,hind_leg_motor_neuron,motor,middle-hind leg,left,gaba,,hind_leg
antagonistic_leg_motor_neuron,720575941632311739,5419,accessory_trochanter_flexor,leg_motor_neuron,hind_leg_motor_neuron,motor,middle-hind leg,left,acetylcholine,,hind_leg
antagonistic_leg_motor_neuron,720575941691080155,5430,trochanter_flexor_MesoLN_ventral_3,leg_motor_neuron,middle_leg_motor_neuron,motor,middle-hind leg,left,gaba,,middle_leg
antagonistic_leg_motor_neuron,720575941468687581,5453,tibia_extensor_FETi,leg_motor_neuron,middle_leg_motor_neuron,motor,middle-hind leg,left,gaba,,middle_leg
antagonistic_leg_motor_neuron,720575941497863497,5457,tibia_extensor_SETi,leg_motor_neuron,middle_leg_motor_neuron,motor,middle-hind leg,left,gaba,,middle_leg
antagonistic_leg_motor_neuron,720575941687653238,5464,trochanter_extensor,leg_motor_neuron,middle_leg_motor_neuron,motor,middle-hind leg,left,gaba,,middle_leg
antagonistic_leg_motor_neuron,720575941494740094,5632,sternal_anterior_rotator_ventrolateral_ribbon,leg_motor_neuron,hind_leg_motor_neuron,motor,middle-hind leg,left,acetylcholine,,hind_leg
antagonistic_leg_motor_neuron,720575941415020572,5636,long_tendon_muscle_ltm_B,leg_motor_neuron,hind_leg_motor_neuron,motor,middle-hind leg,left,gaba,,hind_leg
antagonistic_leg_motor_neuron,720575941431160824,5642,tibia_flexor,leg_motor_neuron,hind_leg_motor_neuron,motor,middle-hind leg,left,gaba,,hind_leg
antagonistic_leg_motor_neuron,720575941622252796,7221,tergotrochanter_extensor_MetaAN,leg_motor_neuron,hind_leg_motor_neuron,motor,middle-hind leg,left,gaba,,hind_leg
antagonistic_leg_motor_neuron,720575941531195595,7486,trochanter_flexor_ventrolateral_ribbon,leg_motor_neuron,hind_leg_motor_neuron,motor,middle-hind leg,left,acetylcholine,,hind_leg
antagonistic_leg_motor_neuron,720575941491272393,8275,trochanter_flexor_ventrolateral_ribbon,leg_motor_neuron,hind_leg_motor_neuron,motor,middle-hind leg,left,gaba,,hind_leg
antagonistic_leg_motor_neuron,720575941508440193,8279,tibia_flexor_Fast,leg_motor_neuron,hind_leg_motor_neuron,motor,middle-hind leg,left,acetylcholine,,hind_leg
antagonistic_leg_motor_neuron,720575941471839296,8298,tibia_extensor_FETi,leg_motor_neuron,hind_leg_motor_neuron,motor,middle-hind leg,left,gaba,,hind_leg
antagonistic_leg_motor_neuron,720575941578679121,8300,sternotrochanter_extensor_ventrolateral_ribbon,leg_motor_neuron,hind_leg_motor_neuron,motor,middle-hind leg,left,gaba,,hind_leg
antagonistic_leg_motor_neuron,720575941549456673,8306,long_tendon_muscle_ltm_B,leg_motor_neuron,hind_leg_motor_neuron,motor,middle-hind leg,left,acetylcholine,,hind_leg
antagonistic_leg_motor_neuron,720575941556245156,10410,accessory_tibia_flexor_A,leg_motor_neuron,middle_leg_motor_neuron,motor,middle-hind leg,left,gaba,,middle_leg
antagonistic_leg_motor_neuron,720575941505496610,10412,accessory_tibia_flexor_B,leg_motor_neuron,middle_leg_motor_neuron,motor,middle-hind leg,left,gaba,,middle_leg
antagonistic_leg_motor_neuron,720575941497881417,10416,tibia_flexor,leg_motor_neuron,middle_leg_motor_neuron,motor,middle-hind leg,left,acetylcholine,,middle_leg
antagonistic_leg_motor_neuron,720575941558995950,10433,accessory_tibia_flexor_B,leg_motor_neuron,middle_leg_motor_neuron,motor,middle-hind leg,left,gaba,,middle_leg
antagonistic_leg_motor_neuron,720575941447844430,10436,accessory_tibia_flexor_B,leg_motor_neuron,middle_leg_motor_neuron,motor,middle-hind leg,left,gaba,,middle_leg
antagonistic_leg_motor_neuron,720575941547132040,11593,long_tendon_muscle_B_tibia,leg_motor_neuron,middle_leg_motor_neuron,motor,middle-hind leg,left,gaba,,middle_leg
antagonistic_leg_motor_neuron,720575941483515389,11653,trochanter_extensor_LinJ,leg_motor_neuron,front_leg_motor_neuron,motor,middle-hind leg,left,gaba,,front_leg
antagonistic_leg_motor_neuron,720575941644192200,12105,trochanter_flexor_MesoAN,leg_motor_neuron,middle_leg_motor_neuron,motor,middle-hind leg,left,gaba,,middle_leg
antagonistic_leg_motor_neuron,720575941553503460,12109,pleural_remotor_and_abductor_MesoLN_dorsal_5,leg_motor_neuron,middle_leg_motor_neuron,motor,middle-hind leg,left,gaba,,middle_leg
antagonistic_leg_motor_neuron,720575941474769204,12110,tergotrochanter_extensor_PDMN,leg_motor_neuron,middle_leg_motor_neuron,motor,middle-hind leg,left,gaba,,middle_leg
antagonistic_leg_motor_neuron,720575941471300960,12113,trochanter_flexor_MesoLN_ventral_3,leg_motor_neuron,middle_leg_motor_neuron,motor,middle-hind leg,left,gaba,,middle_leg
antagonistic_leg_motor_neuron,720575941562367239,12114,trochanter_flexor_MesoLN_ventral_3,leg_motor_neuron,middle_leg_motor_neuron,motor,middle-hind leg,left,gaba,,middle_leg
antagonistic_leg_motor_neuron,720575941458992031,12701,trochanter_extensor,leg_motor_neuron,hind_leg_motor_neuron,motor,middle-hind leg,left,gaba,,hind_leg
antagonistic_leg_motor_neuron,720575941568546418,12879,tergotrochanter_extensor,leg_motor_neuron,front_leg_motor_neuron,motor,front leg,right,acetylcholine,,front_leg
antagonistic_leg_motor_neuron,720575941551010695,12881,tibia_flexor,leg_motor_neuron,front_leg_motor_neuron,motor,middle-hind leg,right,gaba,,front_leg
antagonistic_leg_motor_neuron,720575941593715569,12882,pleural_remotor_and_abductor_miller_29,leg_motor_neuron,front_leg_motor_neuron,motor,front leg,right,gaba,,front_leg
antagonistic_leg_motor_neuron,720575941488203209,12884,long_tendon_muscle_B,leg_motor_neuron,front_leg_motor_neuron,motor,middle-hind leg,right,gaba,,front_leg
antagonistic_leg_motor_neuron,720575941559281679,12887,accessory_tibia_flexor_A,leg_motor_neuron,front_leg_motor_neuron,motor,middle-hind leg,right,gaba,,front_leg
antagonistic_leg_motor_neuron,720575941478281440,12888,tergotrochanter_extensor,leg_motor_neuron,front_leg_motor_neuron,motor,front leg,right,gaba,,front_leg
antagonistic_leg_motor_neuron,720575941439667986,12889,long_tendon_muscle_B_femur,leg_motor_neuron,front_leg_motor_neuron,motor,middle-hind leg,right,gaba,,front_leg
antagonistic_leg_motor_neuron,720575941630970604,12892,accessory_tibia_flexor_A,leg_motor_neuron,front_leg_motor_neuron,motor,middle-hind leg,right,gaba,,front_leg
antagonistic_leg_motor_neuron,720575941447846990,12894,accessory_tibia_flexor_A,leg_motor_neuron,front_leg_motor_neuron,motor,middle-hind leg,right,gaba,,front_leg
antagonistic_leg_motor_neuron,720575941428654255,12896,tergopleural_promotor_pleural_promotor_miller_28_30,leg_motor_neuron,front_leg_motor_neuron,motor,front leg,right,gaba,,front_leg
antagonistic_leg_motor_neuron,720575941579753849,12898,trochanter_flexor_VProN,leg_motor_neuron,front_leg_motor_neuron,motor,front leg,right,gaba,,front_leg
antagonistic_leg_motor_neuron,720575941593802373,12900,tergotrochanter_extensor,leg_motor_neuron,front_leg_motor_neuron,motor,front leg,right,gaba,,front_leg
antagonistic_leg_motor_neuron,720575941593843589,12901,sternotrochanter_extensor,leg_motor_neuron,front_leg_motor_neuron,motor,front leg,right,acetylcholine,,front_leg
antagonistic_leg_motor_neuron,720575941531180261,12902,sternal_anterior_rotator_miller_31,leg_motor_neuron,front_leg_motor_neuron,motor,front leg,right,gaba,,front_leg
antagonistic_leg_motor_neuron,720575941564818688,12903,accessory_trochanter_flexor,leg_motor_neuron,front_leg_motor_neuron,motor,middle-hind leg,right,gaba,,front_leg
antagonistic_leg_motor_neuron,720575941547393825,12906,tibia_flexor,leg_motor_neuron,front_leg_motor_neuron,motor,middle-hind leg,right,acetylcholine,,front_leg
antagonistic_leg_motor_neuron,720575941452885043,12909,accessory_tibia_flexor_B,leg_motor_neuron,front_leg_motor_neuron,motor,middle-hind leg,right,gaba,,front_leg
antagonistic_leg_motor_neuron,720575941549819710,12911,accessory_tibia_flexor_B,leg_motor_neuron,front_leg_motor_neuron,motor,middle-hind leg,right,gaba,,front_leg
antagonistic_leg_motor_neuron,720575941667380979,12912,sternotrochanter_extensor,leg_motor_neuron,front_leg_motor_neuron,motor,front leg,right,acetylcholine,,front_leg
antagonistic_leg_motor_neuron,720575941605019582,12913,tibia_extensor_SETi,leg_motor_neuron,front_leg_motor_neuron,motor,middle-hind leg,right,acetylcholine,,front_leg
antagonistic_leg_motor_neuron,720575941574008502,12914,sternotrochanter_extensor_MesoLN_dorsal_3,leg_motor_neuron,middle_leg_motor_neuron,motor,middle-hind leg,right,gaba,,middle_leg
antagonistic_leg_motor_neuron,720575941633843141,12964,tibia_flexor,leg_motor_neuron,hind_leg_motor_neuron,motor,middle-hind leg,right,gaba,,hind_leg
antagonistic_leg_motor_neuron,720575941655736344,12968,long_tendon_muscle_B_femur,leg_motor_neuron,hind_leg_motor_neuron,motor,middle-hind leg,right,gaba,,hind_leg
antagonistic_leg_motor_neuron,720575941532464562,13181,accessory_tibia_flexor_B,leg_motor_neuron,hind_leg_motor_neuron,motor,middle-hind leg,right,acetylcholine,,hind_leg
antagonistic_leg_motor_neuron,720575941519971511,13241,accessory_tibia_flexor_B,leg_motor_neuron,middle_leg_motor_neuron,motor,middle-hind leg,right,gaba,,middle_leg
antagonistic_leg_motor_neuron,720575941436960735,14936,accessory_tibia_flexor_B,leg_motor_neuron,middle_leg_motor_neuron,motor,middle-hind leg,right,gaba,,middle_leg
antagonistic_leg_motor_neuron,720575941611750419,14937,long_tendon_muscle_B,leg_motor_neuron,middle_leg_motor_neuron,motor,middle-hind leg,right,gaba,,middle_leg
antagonistic_leg_motor_neuron,720575941506034049,15513,sternotrochanter_extensor_MesoLN_dorsal_3,leg_motor_neuron,middle_leg_motor_neuron,motor,middle-hind leg,right,acetylcholine,,middle_leg
antagonistic_leg_motor_neuron,720575941459438224,15528,accessory_trochanter_flexor,leg_motor_neuron,middle_leg_motor_neuron,motor,middle-hind leg,right,glutamate,,middle_leg
antagonistic_leg_motor_neuron,720575941485233616,15530,tarsus_depressor_B,leg_motor_neuron,middle_leg_motor_neuron,motor,middle-hind leg,right,,,middle_leg
antagonistic_leg_motor_neuron,720575941542738524,15532,long_tendon_muscle_B,leg_motor_neuron,middle_leg_motor_neuron,motor,middle-hind leg,right,gaba,,middle_leg
antagonistic_leg_motor_neuron,720575941638063391,15533,long_tendon_muscle_B_femur,leg_motor_neuron,middle_leg_motor_neuron,motor,middle-hind leg,right,gaba,,middle_leg
antagonistic_leg_motor_neuron,720575941641621330,15535,accessory_tibia_flexor_A,leg_motor_neuron,middle_leg_motor_neuron,motor,middle-hind leg,right,gaba,,middle_leg
antagonistic_leg_motor_neuron,720575941589587710,15536,accessory_tibia_flexor_A,leg_motor_neuron,middle_leg_motor_neuron,motor,middle-hind leg,right,acetylcholine,,middle_leg
antagonistic_leg_motor_neuron,720575941641623327,15537,accessory_tibia_flexor_A,leg_motor_neuron,middle_leg_motor_neuron,motor,middle-hind leg,right,glutamate,,middle_leg
antagonistic_leg_motor_neuron,720575941591037547,15538,long_tendon_muscle_B,leg_motor_neuron,middle_leg_motor_neuron,motor,middle-hind leg,right,acetylcholine,,middle_leg
antagonistic_leg_motor_neuron,720575941604612086,18313,trochanter_extensor_LinJ,leg_motor_neuron,hind_leg_motor_neuron,motor,middle-hind leg,right,gaba,,hind_leg
antagonistic_leg_motor_neuron,720575941451840425,18317,trochanter_flexor_ventrolateral_ribbon,leg_motor_neuron,hind_leg_motor_neuron,motor,middle-hind leg,right,gaba,,hind_leg
antagonistic_leg_motor_neuron,720575941572050077,18318,trochanter_flexor_ventrolateral_ribbon,leg_motor_neuron,hind_leg_motor_neuron,motor,middle-hind leg,right,gaba,,hind_leg
antagonistic_leg_motor_neuron,720575941488644300,18409,sternotrochanter_extensor_dorsomedial_ribbon,leg_motor_neuron,hind_leg_motor_neuron,motor,middle-hind leg,right,acetylcholine,,hind_leg
antagonistic_leg_motor_neuron,720575941530206155,18411,tergotrochanter_extensor_MetaAN,leg_motor_neuron,hind_leg_motor_neuron,motor,middle-hind leg,right,acetylcholine,,hind_leg
antagonistic_leg_motor_neuron,720575941688270744,18412,tergotrochanter_extensor_MetaAN,leg_motor_neuron,hind_leg_motor_neuron,motor,middle-hind leg,right,gaba,,hind_leg
antagonistic_leg_motor_neuron,720575941543372649,19112,trochanter_extensor_MetaLN,leg_motor_neuron,hind_leg_motor_neuron,motor,middle-hind leg,right,gaba,,hind_leg
antagonistic_leg_motor_neuron,720575941562065920,19113,pleural_remotor_and_abductor_dorsomedial_ribbon,leg_motor_neuron,hind_leg_motor_neuron,motor,middle-hind leg,right,gaba,,hind_leg
antagonistic_leg_motor_neuron,720575941651528177,19116,accessory_tibia_flexor_B,leg_motor_neuron,hind_leg_motor_neuron,motor,middle-hind leg,right,gaba,,hind_leg
antagonistic_leg_motor_neuron,720575941539565916,19688,tarsus_levator_D,leg_motor_neuron,hind_leg_motor_neuron,motor,middle-hind leg,right,gaba,,hind_leg
antagonistic_leg_motor_neuron,720575941538082453,19691,tibia_flexor,leg_motor_neuron,hind_leg_motor_neuron,motor,middle-hind leg,right,gaba,,hind_leg
antagonistic_leg_motor_neuron,720575941573296822,19692,long_tendon_muscle_B,leg_motor_neuron,hind_leg_motor_neuron,motor,middle-hind leg,right,acetylcholine,,hind_leg
antagonistic_leg_motor_neuron,720575941531470821,19694,accessory_trochanter_flexor_MetaLN,leg_motor_neuron,hind_leg_motor_neuron,motor,middle-hind leg,right,gaba,,hind_leg
antagonistic_leg_motor_neuron,720575941447103669,19695,long_tendon_muscle_B_femur,leg_motor_neuron,hind_leg_motor_neuron,motor,middle-hind leg,right,gaba,,hind_leg
antagonistic_leg_motor_neuron,720575941627566474,19699,tibia_flexor,leg_motor_neuron,hind_leg_motor_neuron,motor,middle-hind leg,right,gaba,,hind_leg
antagonistic_leg_motor_neuron,720575941584932486,19700,accessory_tibia_flexor_A,leg_motor_neuron,hind_leg_motor_neuron,motor,middle-hind leg,right,gaba,,hind_leg
antagonistic_leg_motor_neuron,720575941636735861,20136,sternal_posterior_rotator_miller_32,leg_motor_neuron,front_leg_motor_neuron,motor,front leg,right,gaba,,front_leg
antagonistic_leg_motor_neuron,720575941478187841,20497,tibia_extensor_SETi,leg_motor_neuron,middle_leg_motor_neuron,motor,middle-hind leg,right,glutamate,,middle_leg
antagonistic_leg_motor_neuron,720575941563271058,20592,trochanter_extensor_LinJ,leg_motor_neuron,middle_leg_motor_neuron,motor,middle-hind leg,right,gaba,,middle_leg
antagonistic_leg_motor_neuron,720575941568355066,20630,sternal_anterior_rotator_MesoLN_ventral_1,leg_motor_neuron,middle_leg_motor_neuron,motor,middle-hind leg,right,gaba,,middle_leg
antagonistic_leg_motor_neuron,720575941733197355,20631,trochanter_flexor_MesoLN_ventral_5,leg_motor_neuron,middle_leg_motor_neuron,motor,middle-hind leg,right,gaba,,middle_leg
antagonistic_leg_motor_neuron,720575941505891422,20639,accessory_tibia_flexor_A,leg_motor_neuron,middle_leg_motor_neuron,motor,middle-hind leg,right,gaba,,middle_leg
antagonistic_leg_motor_neuron,720575941573784990,20741,sternotrochanter_extensor_dorsomedial_ribbon,leg_motor_neuron,hind_leg_motor_neuron,motor,middle-hind leg,right,acetylcholine,,hind_leg
antagonistic_leg_motor_neuron,720575941625808330,20744,sternal_posterior_rotator,leg_motor_neuron,front_leg_motor_neuron,motor,front leg,left,gaba,,front_leg
antagonistic_leg_motor_neuron,720575941517889708,21162,accessory_tibia_flexor_B,leg_motor_neuron,hind_leg_motor_neuron,motor,middle-hind leg,right,glutamate,,hind_leg
antagonistic_leg_motor_neuron,720575941642444449,21163,accessory_tibia_flexor_B,leg_motor_neuron,hind_leg_motor_neuron,motor,middle-hind leg,right,,,hind_leg
antagonistic_leg_motor_neuron,720575941496149473,21164,accessory_tibia_flexor_B,leg_motor_neuron,hind_leg_motor_neuron,motor,middle-hind leg,right,acetylcholine,,hind_leg
antagonistic_leg_motor_neuron,720575941410034859,21169,accessory_tibia_flexor_A,leg_motor_neuron,hind_leg_motor_neuron,motor,middle-hind leg,right,acetylcholine,,hind_leg
antagonistic_leg_motor_neuron,720575941591121463,21440,sternal_posterior_rotator_MesoLN_dorsal_5,leg_motor_neuron,middle_leg_motor_neuron,motor,middle-hind leg,right,gaba,,middle_leg
antagonistic_leg_motor_neuron,720575941542417500,21486,accessory_tibia_flexor_B,leg_motor_neuron,middle_leg_motor_neuron,motor,middle-hind leg,left,gaba,,middle_leg
antagonistic_leg_motor_neuron,720575941411709073,21494,trochanter_extensor_LinJ,leg_motor_neuron,front_leg_motor_neuron,motor,middle-hind leg,right,acetylcholine,,front_leg
antagonistic_leg_motor_neuron,720575941534943937,21499,trochanter_extensor,leg_motor_neuron,middle_leg_motor_neuron,motor,middle-hind leg,right,gaba,,middle_leg
antagonistic_leg_motor_neuron,720575941434753568,21505,tibia_flexor,leg_motor_neuron,middle_leg_motor_neuron,motor,middle-hind leg,right,gaba,,middle_leg
antagonistic_leg_motor_neuron,720575941553691876,21507,trochanter_flexor_MesoAN,leg_motor_neuron,middle_leg_motor_neuron,motor,middle-hind leg,right,gaba,,middle_leg
antagonistic_leg_motor_neuron,720575941644474312,21508,sternal_adductor_MesoLN_dorsal_5,leg_motor_neuron,middle_leg_motor_neuron,motor,middle-hind leg,right,acetylcholine,,middle_leg
antagonistic_leg_motor_neuron,720575941559978797,21519,sternal_posterior_rotator_miller_32,leg_motor_neuron,front_leg_motor_neuron,motor,front leg,right,acetylcholine,,front_leg
antagonistic_leg_motor_neuron,720575941685804044,21595,tibia_flexor,leg_motor_neuron,middle_leg_motor_neuron,motor,middle-hind leg,right,gaba,,middle_leg
antagonistic_leg_motor_neuron,720575941573687049,21597,tibia_flexor,leg_motor_neuron,middle_leg_motor_neuron,motor,middle-hind leg,right,gaba,,middle_leg
antagonistic_leg_motor_neuron,720575941641008741,21598,tibia_flexor,leg_motor_neuron,middle_leg_motor_neuron,motor,middle-hind leg,right,gaba,,middle_leg
antagonistic_leg_motor_neuron,720575941568724980,21911,trochanter_flexor_VProN,leg_motor_neuron,front_leg_motor_neuron,motor,front leg,left,acetylcholine,,front_leg
antagonistic_leg_motor_neuron,720575941524746573,21912,trochanter_flexor_VProN,leg_motor_neuron,front_leg_motor_neuron,motor,front leg,left,gaba,,front_leg
antagonistic_leg_motor_neuron,720575941568553330,21913,sternotrochanter_extensor_MesoLN_dorsal_3,leg_motor_neuron,middle_leg_motor_neuron,motor,middle-hind leg,left,gaba,,middle_leg
antagonistic_leg_motor_neuron,720575941432965902,22727,tibia_extensor_FETi,leg_motor_neuron,middle_leg_motor_neuron,motor,middle-hind leg,right,gaba,,middle_leg
antagonistic_leg_motor_neuron,720575941507209029,22829,long_tendon_muscle_B,leg_motor_neuron,hind_leg_motor_neuron,motor,middle-hind leg,right,acetylcholine,,hind_leg
antagonistic_leg_motor_neuron,720575941525308582,22834,tibia_extensor_SETi,leg_motor_neuron,hind_leg_motor_neuron,motor,middle-hind leg,right,acetylcholine,,hind_leg
antagonistic_leg_motor_neuron,720575941606209726,22975,trochanter_flexor_dorsomedial_ribbon,leg_motor_neuron,hind_leg_motor_neuron,motor,middle-hind leg,right,gaba,,hind_leg
antagonistic_leg_motor_neuron,720575941470212471,22992,tibia_extensor_FETi,leg_motor_neuron,hind_leg_motor_neuron,motor,middle-hind leg,right,gaba,,hind_leg
antagonistic_leg_motor_neuron,720575941631437548,23081,long_tendon_muscle_A_dipalpha,leg_motor_neuron,middle_leg_motor_neuron,motor,middle-hind leg,left,gaba,,middle_leg
antagonistic_leg_motor_neuron,720575941631437292,23092,trochanter_flexor_MesoLN_ventral_5,leg_motor_neuron,middle_leg_motor_neuron,motor,middle-hind leg,right,gaba,,middle_leg
antagonistic_leg_motor_neuron,720575941684824815,23452,sternal_posterior_rotator_MesoLN_dorsal_5,leg_motor_neuron,middle_leg_motor_neuron,motor,middle-hind leg,left,gaba,,middle_leg
antagonistic_leg_motor_neuron,720575941481634383,23453,sternotrochanter_extensor_ventrolateral_ribbon,leg_motor_neuron,hind_leg_motor_neuron,motor,middle-hind leg,left,acetylcholine,,hind_leg
antagonistic_leg_motor_neuron,720575941519664856,23651,sternal_anterior_rotator_MesoLN_ventral_2,leg_motor_neuron,middle_leg_motor_neuron,motor,middle-hind leg,left,gaba,,middle_leg
antagonistic_leg_motor_neuron,720575941523368779,23775,tergotrochanter_extensor,leg_motor_neuron,front_leg_motor_neuron,motor,front leg,right,gaba,,front_leg
antagonistic_leg_motor_neuron,720575941488287797,23780,tibia_extensor_FETi,leg_motor_neuron,front_leg_motor_neuron,motor,middle-hind leg,right,gaba,,front_leg
antagonistic_leg_motor_neuron,720575941524172875,24679,accessory_tibia_flexor_B,leg_motor_neuron,hind_leg_motor_neuron,motor,middle-hind leg,left,gaba,,hind_leg
antagonistic_leg_motor_neuron,720575941526615554,24690,accessory_tibia_flexor_B,leg_motor_neuron,hind_leg_motor_neuron,motor,middle-hind leg,left,acetylcholine,,hind_leg
antagonistic_leg_motor_neuron,720575941451737978,24719,accessory_tibia_flexor_A_out_of_bundle,leg_motor_neuron,hind_leg_motor_neuron,motor,front leg,left,gaba,,hind_leg
antagonistic_leg_motor_neuron,720575941610567597,24753,long_tendon_muscle_ltm_B,leg_motor_neuron,hind_leg_motor_neuron,motor,middle-hind leg,left,gaba,,hind_leg
antagonistic_leg_motor_neuron,720575941431154647,25883,accessory_tibia_flexor_A,leg_motor_neuron,hind_leg_motor_neuron,motor,middle-hind leg,right,gaba,,hind_leg
antagonistic_leg_motor_neuron,720575941658392344,26276,tibia_flexor,leg_motor_neuron,middle_leg_motor_neuron,motor,middle-hind leg,left,gaba,,middle_leg
antagonistic_leg_motor_neuron,720575941450546857,30139,accessory_tibia_flexor_A,leg_motor_neuron,front_leg_motor_neuron,motor,middle-hind leg,left,gaba,,front_leg
antagonistic_leg_motor_neuron,720575941526437988,30632,accessory_tibia_flexor_A_slow,leg_motor_neuron,front_leg_motor_neuron,motor,front leg,right,octopamine,,front_leg
antagonistic_leg_motor_neuron,720575941589657598,34465,sternal_posterior_rotator_MesoLN_dorsal_5,leg_motor_neuron,middle_leg_motor_neuron,motor,middle-hind leg,left,acetylcholine,,middle_leg
antagonistic_leg_motor_neuron,720575941518133464,34781,sternal_posterior_rotator,leg_motor_neuron,front_leg_motor_neuron,motor,front leg,left,acetylcholine,,front_leg
antagonistic_leg_motor_neuron,720575941595151237,36142,sternotrochanter_extensor_MesoLN_dorsal_3,leg_motor_neuron,middle_leg_motor_neuron,motor,middle-hind leg,left,gaba,,middle_leg
antagonistic_leg_motor_neuron,720575941517661356,37981,long_tendon_muscle_B_femur,leg_motor_neuron,middle_leg_motor_neuron,motor,middle-hind leg,left,gaba,,middle_leg
antagonistic_leg_motor_neuron,720575941479987619,41747,long_tendon_muscle_B_femur,leg_motor_neuron,middle_leg_motor_neuron,motor,middle-hind leg,right,gaba,,middle_leg
antagonistic_leg_motor_neuron,720575941556850771,41748,accessory_tibia_flexor_B,leg_motor_neuron,middle_leg_motor_neuron,motor,middle-hind leg,right,gaba,,middle_leg
antagonistic_leg_motor_neuron,720575941680979133,41759,long_tendon_muscle_B_femur,leg_motor_neuron,middle_leg_motor_neuron,motor,middle-hind leg,left,gaba,,middle_leg
antagonistic_leg_motor_neuron,720575941611054154,41760,accessory_tibia_flexor_A,leg_motor_neuron,middle_leg_motor_neuron,motor,middle-hind leg,left,glutamate,,middle_leg
antagonistic_leg_motor_neuron,720575941523135223,41765,accessory_tibia_flexor_A,leg_motor_neuron,middle_leg_motor_neuron,motor,middle-hind leg,left,gaba,,middle_leg
antagonistic_leg_motor_neuron,720575941491293415,41766,sternal_posterior_rotator_MesoLN_dorsal_5,leg_motor_neuron,middle_leg_motor_neuron,motor,middle-hind leg,right,gaba,,middle_leg
leg_motor_neuron,720575941431976718,3384,femur_reductor,leg_motor_neuron,hind_leg_motor_neuron,motor,middle-hind leg,right,acetylcholine,,hind_leg
leg_motor_neuron,720575941503422187,3397,sternal_adductor_MetaAN,leg_motor_neuron,hind_leg_motor_neuron,motor,middle-hind leg,right,gaba,,hind_leg
leg_motor_neuron,720575941611945389,3429,sternal_adductor_MetaAN,leg_motor_neuron,hind_leg_motor_neuron,motor,middle-hind leg,left,glutamate,,hind_leg
leg_motor_neuron,720575941506261538,5281,tergopleural_promotor_pleural_promotor,leg_motor_neuron,front_leg_motor_neuron,motor,front leg,left,gaba,,front_leg
leg_motor_neuron,720575941551356570,5292,trochanter_flexor_VProN,leg_motor_neuron,front_leg_motor_neuron,motor,front leg,left,gaba,,front_leg
leg_motor_neuron,720575941455787245,5294,sternal_anterior_rotator,leg_motor_neuron,front_leg_motor_neuron,motor,front leg,left,gaba,,front_leg
leg_motor_neuron,720575941548546696,5295,pleural_remotor_and_abductor,leg_motor_neuron,front_leg_motor_neuron,motor,front leg,left,gaba,,front_leg
leg_motor_neuron,720575941498960546,5298,tergopleural_promotor_pleural_promotor,leg_motor_neuron,front_leg_motor_neuron,motor,front leg,left,acetylcholine,,front_leg
leg_motor_neuron,720575941402088304,5310,sternal_posterior_rotator,leg_motor_neuron,front_leg_motor_neuron,motor,front leg,left,gaba,,front_leg
leg_motor_neuron,720575941542454876,5313,tibia_flexor,leg_motor_neuron,front_leg_motor_neuron,motor,middle-hind leg,left,gaba,,front_leg
leg_motor_neuron,720575941460703245,5314,femur_reductor,leg_motor_neuron,front_leg_motor_neuron,motor,middle-hind leg,left,acetylcholine,,front_leg
leg_motor_neuron,720575941454495145,5324,femur_reductor_dorsomedial_ribbon,leg_motor_neuron,hind_leg_motor_neuron,motor,middle-hind leg,left,acetylcholine,,hind_leg
leg_motor_neuron,720575941611319017,5325,trochanter_flexor_dorsomedial_ribbon,leg_motor_neuron,hind_leg_motor_neuron,motor,middle-hind leg,left,acetylcholine,,hind_leg
leg_motor_neuron,720575941494963582,5460,femur_reductor,leg_motor_neuron,middle_leg_motor_neuron,motor,middle-hind leg,left,acetylcholine,,middle_leg
leg_motor_neuron,720575941528662438,5640,accessory_tibia_flexor_B,leg_motor_neuron,hind_leg_motor_neuron,motor,middle-hind leg,left,acetylcholine,,hind_leg
leg_motor_neuron,720575941517726936,7225,sternal_posterior_rotator_dorsomedial_ribbon,leg_motor_neuron,hind_leg_motor_neuron,motor,middle-hind leg,left,gaba,,hind_leg
leg_motor_neuron,720575941689495515,8301,long_tendon_muscle_ltm_B,leg_motor_neuron,hind_leg_motor_neuron,motor,middle-hind leg,left,gaba,,hind_leg
leg_motor_neuron,720575941556144100,9441,sternal_posterior_rotator_MesoLN_dorsal_5,leg_motor_neuron,middle_leg_motor_neuron,motor,middle-hind leg,left,gaba,,middle_leg
leg_motor_neuron,720575941471300448,12112,femur_reductor,leg_motor_neuron,middle_leg_motor_neuron,motor,middle-hind leg,left,gaba,,middle_leg
leg_motor_neuron,720575941557543918,12880,tibia_flexor,leg_motor_neuron,front_leg_motor_neuron,motor,middle-hind leg,right,gaba,,front_leg
leg_motor_neuron,720575941496126793,12890,tarsus_depressor_B,leg_motor_neuron,front_leg_motor_neuron,motor,middle-hind leg,right,gaba,,front_leg
leg_motor_neuron,720575941691007896,12893,pleural_remotor_and_abductor_miller_29,leg_motor_neuron,front_leg_motor_neuron,motor,front leg,right,acetylcholine,,front_leg
leg_motor_neuron,720575941631837856,12905,femur_reductor,leg_motor_neuron,front_leg_motor_neuron,motor,middle-hind leg,right,gaba,,front_leg
leg_motor_neuron,720575941630145989,12966,accessory_tibia_flexor_B,leg_motor_neuron,hind_leg_motor_neuron,motor,middle-hind leg,right,gaba,,hind_leg
leg_motor_neuron,720575941623920586,13070,sternotrochanter_extensor_dorsomedial_ribbon,leg_motor_neuron,hind_leg_motor_neuron,motor,middle-hind leg,right,acetylcholine,,hind_leg
leg_motor_neuron,720575941478307380,13242,femur_reductor,leg_motor_neuron,middle_leg_motor_neuron,motor,middle-hind leg,right,octopamine,,middle_leg
leg_motor_neuron,720575941633243067,18415,sternal_posterior_rotator_dorsomedial_ribbon,leg_motor_neuron,hind_leg_motor_neuron,motor,middle-hind leg,right,gaba,,hind_leg
leg_motor_neuron,720575941574355016,18987,sternal_anterior_rotator_ventrolateral_ribbon,leg_motor_neuron,hind_leg_motor_neuron,motor,middle-hind leg,right,gaba,,hind_leg
leg_motor_neuron,720575941585484766,20495,femur_reductor,leg_motor_neuron,middle_leg_motor_neuron,motor,middle-hind leg,right,acetylcholine,,middle_leg
leg_motor_neuron,720575941505580066,20638,femur_reductor,leg_motor_neuron,middle_leg_motor_neuron,motor,middle-hind leg,right,gaba,,middle_leg
leg_motor_neuron,720575941353301552,21526,sternal_posterior_rotator_miller_32,leg_motor_neuron,front_leg_motor_neuron,motor,front leg,right,octopamine,,front_leg
leg_motor_neuron,720575941414478484,21915,femur_reductor_dorsomedial_ribbon,leg_motor_neuron,hind_leg_motor_neuron,motor,middle-hind leg,left,gaba,,hind_leg
leg_motor_neuron,720575941480138976,22867,sternal_anterior_rotator_MesoLN_ventral_2,leg_motor_neuron,middle_leg_motor_neuron,motor,middle-hind leg,right,gaba,,middle_leg
leg_motor_neuron,720575941536577880,23140,sternal_posterior_rotator_MesoLN_dorsal_5,leg_motor_neuron,middle_leg_motor_neuron,motor,middle-hind leg,right,gaba,,middle_leg
leg_motor_neuron,720575941538992021,23455,sternal_anterior_rotator_ventrolateral_ribbon,leg_motor_neuron,hind_leg_motor_neuron,motor,middle-hind leg,left,gaba,,hind_leg
leg_motor_neuron,720575941556297811,23774,tergopleural_promotor_pleural_promotor_miller_28_30,leg_motor_neuron,front_leg_motor_neuron,motor,front leg,right,gaba,,front_leg
leg_motor_neuron,720575941504396567,23777,trochanter_flexor_VProN,leg_motor_neuron,front_leg_motor_neuron,motor,front leg,right,gaba,,front_leg
leg_motor_neuron,720575941592225831,23778,tergopleural_promotor_pleural_promotor_miller_28_30,leg_motor_neuron,front_leg_motor_neuron,motor,front leg,right,gaba,,front_leg
leg_motor_neuron,720575941524856164,24257,femur_reductor,leg_motor_neuron,hind_leg_motor_neuron,motor,middle-hind leg,right,acetylcholine,,hind_leg
leg_motor_neuron,720575941679001021,24674,sternal_posterior_rotator_dorsomedial_ribbon,leg_motor_neuron,hind_leg_motor_neuron,motor,middle-hind leg,left,acetylcholine,,hind_leg
leg_motor_neuron,720575941640958053,24786,long_tendon_muscle_B,leg_motor_neuron,front_leg_motor_neuron,motor,middle-hind leg,right,gaba,,front_leg
leg_motor_neuron,720575941470371851,25879,femur_reductor,leg_motor_neuron,middle_leg_motor_neuron,motor,middle-hind leg,left,gaba,,middle_leg
leg_motor_neuron,720575941558861839,30355,sternal_anterior_rotator_MesoLN_ventral_2,leg_motor_neuron,middle_leg_motor_neuron,motor,middle-hind leg,left,acetylcholine,,middle_leg
tactile,720575941609578342,21992,SNta05,bristle_neuron,thorax_bristle_neuron,sensory,,right,acetylcholine,thorax,
tactile,720575941605262326,21995,SNta10,bristle_neuron,thorax_bristle_neuron,sensory,,right,acetylcholine,thorax,
tactile,720575941507910928,22395,SNta19,bristle_neuron,hind_leg_bristle_neuron,sensory,,right,acetylcholine,hind_leg,
tactile,720575941520667608,22564,SNta11,bristle_neuron,wing_margin_bristle_neuron,sensory,,left,acetylcholine,wing_margin,
tactile,720575941572468382,22980,SNta13,bristle_neuron,thorax_bristle_neuron,sensory,,right,acetylcholine,thorax,
proprioception,720575941722221626,22993,SNpp30,campaniform_sensillum_neuron,wing_base_campaniform_sensillum_neuron,sensory,,left,acetylcholine,wing_base,
tactile,720575941443967402,25833,SNta04,bristle_neuron,wing_margin_bristle_neuron,sensory,,right,acetylcholine,wing_margin,
tactile,720575941482430799,25917,SNta05,bristle_neuron,thorax_bristle_neuron,sensory,,left,acetylcholine,thorax,
tactile,720575941598003753,25921,SNta33,bristle_neuron,middle_leg_bristle_neuron,sensory,,right,acetylcholine,middle_leg,
tactile,720575941629339193,25927,SNta33,bristle_neuron,middle_leg_bristle_neuron,sensory,,left,acetylcholine,middle_leg,
proprioception,720575941630834914,25935,SNpp32,campaniform_sensillum_neuron,wing_base_campaniform_sensillum_neuron,sensory,,left,acetylcholine,wing_base,
tactile,720575941672286631,25942,SNta33,bristle_neuron,middle_leg_bristle_neuron,sensory,,,acetylcholine,middle_leg,
tactile,720575941462473171,25966,SNta33,bristle_neuron,front_leg_bristle_neuron,sensory,,right,acetylcholine,front_leg,
tactile,720575941616042278,26137,SNta43,bristle_neuron,front_leg_bristle_neuron,sensory,,right,acetylcholine,front_leg,
proprioception,720575941576567400,26977,SNpp12,chordotonal_organ_neuron,haltere_chordotonal_organ_neuron,sensory,,right,acetylcholine,haltere,
tactile,720575941651635441,26985,SNta04,bristle_neuron,wing_margin_bristle_neuron,sensory,,right,acetylcholine,wing_margin,
tactile,720575941664811132,30130,SNta08,bristle_neuron,wing_margin_bristle_neuron,sensory,,left,acetylcholine,wing_margin,
tactile,720575941455912176,30298,SNta43,bristle_neuron,front_leg_bristle_neuron,sensory,,right,acetylcholine,front_leg,
tactile,720575941460105939,30404,SNta12,bristle_neuron,thorax_bristle_neuron,sensory,,left,acetylcholine,thorax,
proprioception,720575941571584158,32516,SNpp32,campaniform_sensillum_neuron,wing_base_campaniform_sensillum_neuron,sensory,,left,acetylcholine,wing_base,
tactile,720575941593960232,32925,SNta33,bristle_neuron,front_leg_bristle_neuron,sensory,,left,acetylcholine,front_leg,
tactile,720575941476066090,33843,SNta10,bristle_neuron,thorax_bristle_neuron,sensory,,left,acetylcholine,thorax,
proprioception,720575941625837164,34073,SNpp32,campaniform_sensillum_neuron,wing_base_campaniform_sensillum_neuron,sensory,,left,acetylcholine,wing_base,
tactile,720575941519923628,34228,SNta33,bristle_neuron,front_leg_bristle_neuron,sensory,,right,acetylcholine,front_leg,
tactile,720575941467773782,34669,SNta33,bristle_neuron,front_leg_bristle_neuron,sensory,,left,acetylcholine,front_leg,
tactile,720575941632317154,36927,SNta09,bristle_neuron,thorax_bristle_neuron,sensory,,left,acetylcholine,thorax,
proprioception,720575941598336668,37347,SNpp32,campaniform_sensillum_neuron,wing_base_campaniform_sensillum_neuron,sensory,,left,acetylcholine,wing_base,
tactile,720575941611413737,37525,SNta05,bristle_neuron,thorax_bristle_neuron,sensory,,left,acetylcholine,thorax,
proprioception,720575941478387050,37842,SNpp10,chordotonal_organ_neuron,wing_tegula_chordotonal_organ_neuron,sensory,,right,acetylcholine,wing_tegula,
proprioception,720575941539026674,37913,SNpp30,campaniform_sensillum_neuron,wing_base_campaniform_sensillum_neuron,sensory,,right,acetylcholine,wing_base,
tactile,720575941460420255,38685,SNta14,bristle_neuron,wing_margin_bristle_neuron,sensory,,,acetylcholine,wing_margin,
tactile,720575941476939329,84741,SNta33,bristle_neuron,front_leg_bristle_neuron,sensory,,right,acetylcholine,front_leg,
proprioception,720575941513393996,85355,SNpp32,campaniform_sensillum_neuron,wing_base_campaniform_sensillum_neuron,sensory,,right,acetylcholine,wing_base,
tactile,720575941549896510,22490,SNta42,bristle_neuron,middle_leg_bristle_neuron,sensory,,right,acetylcholine,middle_leg,
proprioception,720575941686007052,22574,SNpp10,chordotonal_organ_neuron,wing_tegula_chordotonal_organ_neuron,sensory,,left,acetylcholine,wing_tegula,
proprioception,720575941668335347,22595,SNpp10,chordotonal_organ_neuron,wing_tegula_chordotonal_organ_neuron,sensory,,left,acetylcholine,wing_tegula,
proprioception,720575941629292012,24409,SNpp21,orphan_neuron,haltere_orphan_neuron,sensory,,right,acetylcholine,haltere,
proprioception,720575941587520068,24975,SNpp21,orphan_neuron,haltere_orphan_neuron,sensory,,right,acetylcholine,haltere,
proprioception,720575941443727786,25137,SNpp21,orphan_neuron,haltere_orphan_neuron,sensory,,left,acetylcholine,haltere,
proprioception,720575941539053517,26066,SNpp10,chordotonal_organ_neuron,wing_tegula_chordotonal_organ_neuron,sensory,,right,acetylcholine,wing_tegula,
proprioception,720575941609350061,26079,SNpp10,chordotonal_organ_neuron,wing_tegula_chordotonal_organ_neuron,sensory,,right,acetylcholine,wing_tegula,
proprioception,720575941460659014,29057,SNpp22,chordotonal_organ_neuron,neck_chordotonal_organ_neuron,sensory,,left,acetylcholine,neck,
proprioception,720575941513299788,31205,SNpp21,orphan_neuron,haltere_orphan_neuron,sensory,,left,acetylcholine,haltere,
proprioception,720575941491091662,33982,SNpp10,chordotonal_organ_neuron,wing_tegula_chordotonal_organ_neuron,sensory,,right,acetylcholine,wing_tegula,
proprioception,720575941585488862,37803,SNpp10,chordotonal_organ_neuron,wing_tegula_chordotonal_organ_neuron,sensory,,right,acetylcholine,wing_tegula,
bolt_neuron,720575941496056704,8580,SMP461,,,central_brain_intrinsic,,left,dopamine,,
bolt_neuron,720575941632367852,8594,CL210,,,central_brain_intrinsic,,left,acetylcholine,,
bolt_neuron,720575941477804097,9175,CL210_a,,,central_brain_intrinsic,,left,dopamine,,
bolt_neuron,720575941534443352,15019,SMP461,,,central_brain_intrinsic,,right,dopamine,,
bolt_neuron,720575941453507241,20336,CL210_a,,,central_brain_intrinsic,,right,dopamine,,
bolt_neuron,720575941524296779,20339,CL210,,,central_brain_intrinsic,,right,dopamine,,
bolt_neuron,720575941438557202,20751,CL210,,,central_brain_intrinsic,,right,dopamine,,
bolt_neuron,720575941572749640,20772,CL210_a,,,central_brain_intrinsic,,right,dopamine,,
bolt_neuron,720575941616229785,38230,CL210_a,,,central_brain_intrinsic,,left,dopamine,,
bolt_neuron,720575941439761375,54386,SMP461,,,central_brain_intrinsic,,left,dopamine,,
WPN,720575941442188223,6082,WED092c,,,central_brain_intrinsic,,left,dopamine,,
WPN,720575941440627029,11708,WED092e,,,central_brain_intrinsic,,left,dopamine,,
WPN,720575941582636921,13926,WED092c,,,central_brain_intrinsic,,right,dopamine,,
WPN,720575941587723998,16578,LHPV6q1,lateral_horn_output_neuron,,central_brain_intrinsic,,right,acetylcholine,,
WPN,720575941644329061,26999,WED092c,,,central_brain_intrinsic,,right,dopamine,,
WPN,720575941536178410,86021,LHPV6q1,lateral_horn_output_neuron,,central_brain_intrinsic,,left,acetylcholine,,
,720575941520171767,22519,JO-F,chordotonal_organ_neuron,johnstons_organ_F_neuron,sensory,,left,acetylcholine,antenna,
,720575941531876811,22764,JO-A,chordotonal_organ_neuron,johnstons_organ_A_neuron,sensory,,left,acetylcholine,antenna,
,720575941510545936,22765,JO-A,chordotonal_organ_neuron,johnstons_organ_A_neuron,sensory,,left,acetylcholine,antenna,
,720575941612052141,22766,JO-A,chordotonal_organ_neuron,johnstons_organ_A_neuron,sensory,,left,acetylcholine,antenna,
,720575941632325346,22767,JO-A,chordotonal_organ_neuron,johnstons_organ_A_neuron,sensory,,left,acetylcholine,antenna,
,720575941671264433,22768,JO-A,chordotonal_organ_neuron,johnstons_organ_A_neuron,sensory,,left,acetylcholine,antenna,
,720575941578764633,22769,JO-A,chordotonal_organ_neuron,johnstons_organ_A_neuron,sensory,,left,acetylcholine,antenna,
,720575941565337959,22770,JO-A,chordotonal_organ_neuron,johnstons_organ_A_neuron,sensory,,left,acetylcholine,antenna,
,720575941440730687,22771,JO-A,chordotonal_organ_neuron,johnstons_organ_A_neuron,sensory,,left,acetylcholine,antenna,
,720575941690722523,22772,JO-A,chordotonal_organ_neuron,johnstons_organ_A_neuron,sensory,,left,acetylcholine,antenna,
,720575941480979424,22773,JO-A,chordotonal_organ_neuron,johnstons_organ_A_neuron,sensory,,left,acetylcholine,antenna,
,720575941523332855,22774,JO-A,chordotonal_organ_neuron,johnstons_organ_A_neuron,sensory,,left,acetylcholine,antenna,
,720575941546446853,22775,JO-A,chordotonal_organ_neuron,johnstons_organ_A_neuron,sensory,,left,acetylcholine,antenna,
,720575941532477925,22780,JO-B,chordotonal_organ_neuron,johnstons_organ_B_neuron,sensory,,left,acetylcholine,antenna,
,720575941532478181,22781,JO-B,chordotonal_organ_neuron,johnstons_organ_B_neuron,sensory,,left,acetylcholine,antenna,
,720575941483671549,22782,JO-B,chordotonal_organ_neuron,johnstons_organ_B_neuron,sensory,,right,acetylcholine,antenna,
,720575941654961625,22783,JO-B,chordotonal_organ_neuron,johnstons_organ_B_neuron,sensory,,right,acetylcholine,antenna,
,720575941450528334,22789,JO-E,chordotonal_organ_neuron,johnstons_organ_E_neuron,sensory,,left,acetylcholine,antenna,
,720575941496864967,22790,JO-E,chordotonal_organ_neuron,johnstons_organ_E_neuron,sensory,,left,acetylcholine,antenna,
,720575941507034903,22791,JO-B,chordotonal_organ_neuron,johnstons_organ_B_neuron,sensory,,right,gaba,antenna,
,720575941615235481,22795,JO-F,chordotonal_organ_neuron,johnstons_organ_F_neuron,sensory,,right,acetylcholine,antenna,
,720575941541130957,22796,JO-E,chordotonal_organ_neuron,johnstons_organ_E_neuron,sensory,,left,acetylcholine,antenna,
,720575941510831888,22797,JO-E,chordotonal_organ_neuron,johnstons_organ_E_neuron,sensory,,left,acetylcholine,antenna,
,720575941450074805,22800,JO-E,chordotonal_organ_neuron,johnstons_organ_E_neuron,sensory,,left,acetylcholine,antenna,
,720575941435270798,22801,JO-C,chordotonal_organ_neuron,johnstons_organ_C_neuron,sensory,,left,acetylcholine,antenna,
,720575941611320297,22802,JO-C,chordotonal_organ_neuron,johnstons_organ_C_neuron,sensory,,left,gaba,antenna,
,720575941611320041,22803,JO-D,chordotonal_organ_neuron,johnstons_organ_D_neuron,sensory,,left,acetylcholine,antenna,
,720575941459092383,22807,JO-D,chordotonal_organ_neuron,johnstons_organ_D_neuron,sensory,,left,acetylcholine,antenna,
,720575941464999181,24410,JO-A,chordotonal_organ_neuron,johnstons_organ_A_neuron,sensory,,right,acetylcholine,antenna,
,720575941590844158,24665,JO-B,chordotonal_organ_neuron,johnstons_organ_B_neuron,sensory,,right,gaba,antenna,
,720575941691652504,25454,JO-A,chordotonal_organ_neuron,johnstons_organ_A_neuron,sensory,,right,acetylcholine,antenna,
,720575941592327820,25679,JO-E,chordotonal_organ_neuron,johnstons_organ_E_neuron,sensory,,left,acetylcholine,antenna,
,720575941604520182,25706,JO-E,chordotonal_organ_neuron,johnstons_organ_E_neuron,sensory,,left,acetylcholine,antenna,
,720575941520017880,27135,JO-E,chordotonal_organ_neuron,johnstons_organ_E_neuron,sensory,,right,acetylcholine,antenna,
,720575941450391477,27496,JO-E,chordotonal_organ_neuron,johnstons_organ_E_neuron,sensory,,left,acetylcholine,antenna,
,720575941627522971,27846,JO-E,chordotonal_organ_neuron,johnstons_organ_E_neuron,sensory,,left,acetylcholine,antenna,
,720575941624870764,27852,JO-D,chordotonal_organ_neuron,johnstons_organ_D_neuron,sensory,,left,acetylcholine,antenna,
,720575941527364196,27905,JO-E,chordotonal_organ_neuron,johnstons_organ_E_neuron,sensory,,right,acetylcholine,antenna,
,720575941476148017,27956,JO-B,chordotonal_organ_neuron,johnstons_organ_B_neuron,sensory,,right,acetylcholine,antenna,
,720575941436694816,27962,JO-B,chordotonal_organ_neuron,johnstons_organ_B_neuron,sensory,,left,acetylcholine,antenna,
,720575941543203676,28105,JO-E,chordotonal_organ_neuron,johnstons_organ_E_neuron,sensory,,left,acetylcholine,antenna,
,720575941461969619,28109,JO-A,chordotonal_organ_neuron,johnstons_organ_A_neuron,sensory,,left,acetylcholine,antenna,
,720575941480780739,28110,JO-F,chordotonal_organ_neuron,johnstons_organ_F_neuron,sensory,,left,acetylcholine,antenna,
,720575941448787381,28114,JO-F,chordotonal_organ_neuron,johnstons_organ_F_neuron,sensory,,right,acetylcholine,antenna,
,720575941555097479,28312,JO-A,chordotonal_organ_neuron,johnstons_organ_A_neuron,sensory,,right,acetylcholine,antenna,
,720575941472190987,28322,JO-A,chordotonal_organ_neuron,johnstons_organ_A_neuron,sensory,,left,acetylcholine,antenna,
,720575941409904299,28324,JO-F,chordotonal_organ_neuron,johnstons_organ_F_neuron,sensory,,left,acetylcholine,antenna,
,720575941487196994,28325,JO-E,chordotonal_organ_neuron,johnstons_organ_E_neuron,sensory,,left,acetylcholine,antenna,
,720575941428356948,28337,JO-E,chordotonal_organ_neuron,johnstons_organ_E_neuron,sensory,,left,acetylcholine,antenna,
,720575941429827576,28396,JO-F,chordotonal_organ_neuron,johnstons_organ_F_neuron,sensory,,right,acetylcholine,antenna,
,720575941621745881,28414,JO-F,chordotonal_organ_neuron,johnstons_organ_F_neuron,sensory,,right,acetylcholine,antenna,
,720575941663475512,28473,JO-E,chordotonal_organ_neuron,johnstons_organ_E_neuron,sensory,,left,acetylcholine,antenna,
,720575941460040432,28474,JO-F,chordotonal_organ_neuron,johnstons_organ_F_neuron,sensory,,left,acetylcholine,antenna,
,720575941548648328,28475,JO-E,chordotonal_organ_neuron,johnstons_organ_E_neuron,sensory,,left,acetylcholine,antenna,
,720575941625384842,28476,JO-F,chordotonal_organ_neuron,johnstons_organ_F_neuron,sensory,,right,acetylcholine,antenna,
,720575941467916566,28477,JO-F,chordotonal_organ_neuron,johnstons_organ_F_neuron,sensory,,left,acetylcholine,antenna,
,720575941413275284,28478,JO-F,chordotonal_organ_neuron,johnstons_organ_F_neuron,sensory,,left,acetylcholine,antenna,
,720575941463252932,28481,JO-A,chordotonal_organ_neuron,johnstons_organ_A_neuron,sensory,,right,acetylcholine,antenna,
,720575941531315659,28483,JO-B,chordotonal_organ_neuron,johnstons_organ_B_neuron,sensory,,right,acetylcholine,antenna,
,720575941656458196,28578,JO-E,chordotonal_organ_neuron,johnstons_organ_E_neuron,sensory,,left,acetylcholine,antenna,
,720575941597143452,28604,JO-F,chordotonal_organ_neuron,johnstons_organ_F_neuron,sensory,,left,acetylcholine,antenna,
,720575941614012636,28639,JO-E,chordotonal_organ_neuron,johnstons_organ_E_neuron,sensory,,left,acetylcholine,antenna,
,720575941533202661,28641,JO-F,chordotonal_organ_neuron,johnstons_organ_F_neuron,sensory,,left,,antenna,
,720575941475358506,28811,JO-E,chordotonal_organ_neuron,johnstons_organ_E_neuron,sensory,,right,gaba,antenna,
,720575941509005346,28912,JO-B,chordotonal_organ_neuron,johnstons_organ_B_neuron,sensory,,right,acetylcholine,antenna,
,720575941586082270,28913,JO-C,chordotonal_organ_neuron,johnstons_organ_C_neuron,sensory,,right,acetylcholine,antenna,
,720575941594045142,28915,JO-E,chordotonal_organ_neuron,johnstons_organ_E_neuron,sensory,,right,acetylcholine,antenna,
,720575941547133545,28916,JO-B,chordotonal_organ_neuron,johnstons_organ_B_neuron,sensory,,right,acetylcholine,antenna,
,720575941415194260,28917,JO-B,chordotonal_organ_neuron,johnstons_organ_B_neuron,sensory,,right,acetylcholine,antenna,
,720575941672007079,28918,JO-B,chordotonal_organ_neuron,johnstons_organ_B_neuron,sensory,,right,acetylcholine,antenna,
,720575941605536446,28927,JO-B,chordotonal_organ_neuron,johnstons_organ_B_neuron,sensory,,right,acetylcholine,antenna,
,720575941543200860,28928,JO-B,chordotonal_organ_neuron,johnstons_organ_B_neuron,sensory,,right,acetylcholine,antenna,
,720575941487043725,28929,JO-B,chordotonal_organ_neuron,johnstons_organ_B_neuron,sensory,,right,gaba,antenna,
,720575941547870088,28930,JO-F,chordotonal_organ_neuron,johnstons_organ_F_neuron,sensory,,right,acetylcholine,antenna,
,720575941668970929,28931,JO-mz,chordotonal_organ_neuron,johnstons_organ_other_neuron,sensory,,right,acetylcholine,antenna,
,720575941411934379,28932,JO-E,chordotonal_organ_neuron,johnstons_organ_E_neuron,sensory,,right,acetylcholine,antenna,
,720575941575303432,28933,JO-E,chordotonal_organ_neuron,johnstons_organ_E_neuron,sensory,,right,acetylcholine,antenna,
,720575941480084192,28992,JO-F,chordotonal_organ_neuron,johnstons_organ_F_neuron,sensory,,right,acetylcholine,antenna,
,720575941574807035,28993,JO-F,chordotonal_organ_neuron,johnstons_organ_F_neuron,sensory,,right,acetylcholine,antenna,
,720575941392556804,28995,JO-F,chordotonal_organ_neuron,johnstons_organ_F_neuron,sensory,,right,acetylcholine,antenna,
,720575941492403431,28996,JO-E,chordotonal_organ_neuron,johnstons_organ_E_neuron,sensory,,right,acetylcholine,antenna,
,720575941507886686,28997,JO-F,chordotonal_organ_neuron,johnstons_organ_F_neuron,sensory,,right,acetylcholine,antenna,
,720575941463586061,29000,JO-E,chordotonal_organ_neuron,johnstons_organ_E_neuron,sensory,,right,acetylcholine,antenna,
,720575941432567393,29001,JO-E,chordotonal_organ_neuron,johnstons_organ_E_neuron,sensory,,right,acetylcholine,antenna,
,720575941538265832,29002,JO-E,chordotonal_organ_neuron,johnstons_organ_E_neuron,sensory,,right,acetylcholine,antenna,
,720575941438302738,29003,JO-F,chordotonal_organ_neuron,johnstons_organ_F_neuron,sensory,,right,acetylcholine,antenna,
,720575941475384106,29004,JO-E,chordotonal_organ_neuron,johnstons_organ_E_neuron,sensory,,right,acetylcholine,antenna,
,720575941569343090,29005,JO-F,chordotonal_organ_neuron,johnstons_organ_F_neuron,sensory,,right,acetylcholine,antenna,
,720575941431759241,29006,JO-E,chordotonal_organ_neuron,johnstons_organ_E_neuron,sensory,,right,acetylcholine,antenna,
,720575941591082892,29007,JO-B,chordotonal_organ_neuron,johnstons_organ_B_neuron,sensory,,right,acetylcholine,antenna,
,720575941487967298,29008,JO-E,chordotonal_organ_neuron,johnstons_organ_E_neuron,sensory,,right,acetylcholine,antenna,
,720575941466607126,29019,JO-B,chordotonal_organ_neuron,johnstons_organ_B_neuron,sensory,,right,,antenna,
,720575941589054519,29020,JO-B,chordotonal_organ_neuron,johnstons_organ_B_neuron,sensory,,right,,antenna,
,720575941650932501,29028,JO-B,chordotonal_organ_neuron,johnstons_organ_B_neuron,sensory,,right,acetylcholine,antenna,
,720575941538125544,29060,JO-F,bristle_neuron,antenna_bristle_neuron,sensory,,right,acetylcholine,antenna,
,720575941556363347,29090,JO-B,chordotonal_organ_neuron,johnstons_organ_B_neuron,sensory,,left,acetylcholine,antenna,
,720575941687599884,29113,JO-F,chordotonal_organ_neuron,johnstons_organ_F_neuron,sensory,,right,acetylcholine,antenna,
,720575941545546940,29140,JO-F,chordotonal_organ_neuron,johnstons_organ_F_neuron,sensory,,right,,antenna,
,720575941537630474,29143,JO-E,chordotonal_organ_neuron,johnstons_organ_E_neuron,sensory,,right,gaba,antenna,
,720575941641889567,29144,JO-A,chordotonal_organ_neuron,johnstons_organ_A_neuron,sensory,,right,acetylcholine,antenna,
,720575941483481786,29156,JO-F,chordotonal_organ_neuron,johnstons_organ_F_neuron,sensory,,left,acetylcholine,antenna,
,720575941575811849,29159,JO-B,chordotonal_organ_neuron,johnstons_organ_B_neuron,sensory,,left,gaba,antenna,
,720575941545552745,29161,JO-F,chordotonal_organ_neuron,johnstons_organ_F_neuron,sensory,,left,acetylcholine,antenna,
,720575941469639645,29166,JO-B,chordotonal_organ_neuron,johnstons_organ_B_neuron,sensory,,right,acetylcholine,antenna,
,720575941406006164,29168,JO-B,chordotonal_organ_neuron,johnstons_organ_B_neuron,sensory,,left,,antenna,
,720575941574807291,29178,JO-F,chordotonal_organ_neuron,johnstons_organ_F_neuron,sensory,,left,acetylcholine,antenna,
,720575941491523815,29179,JO-F,chordotonal_organ_neuron,johnstons_organ_F_neuron,sensory,,left,,antenna,
,720575941623283708,29180,JO-E,chordotonal_organ_neuron,johnstons_organ_E_neuron,sensory,,left,acetylcholine,antenna,
,720575941486940557,29181,JO-B,chordotonal_organ_neuron,johnstons_organ_B_neuron,sensory,,right,acetylcholine,antenna,
,720575941496740551,29185,JO-E,chordotonal_organ_neuron,johnstons_organ_E_neuron,sensory,,left,acetylcholine,antenna,
,720575941561160237,29188,JO-A,chordotonal_organ_neuron,johnstons_organ_A_neuron,sensory,,left,acetylcholine,antenna,
,720575941496739783,29190,JO-B,chordotonal_organ_neuron,johnstons_organ_B_neuron,sensory,,left,acetylcholine,antenna,
,720575941522269431,29191,JO-F,chordotonal_organ_neuron,johnstons_organ_F_neuron,sensory,,left,acetylcholine,antenna,
,720575941502690539,29192,JO-F,chordotonal_organ_neuron,johnstons_organ_F_neuron,sensory,,left,,antenna,
,720575941452655687,29193,JO-B,chordotonal_organ_neuron,johnstons_organ_B_neuron,sensory,,left,,antenna,
,720575941619965311,29194,JO-F,chordotonal_organ_neuron,johnstons_organ_F_neuron,sensory,,left,,antenna,
,720575941434556302,29196,JO-F,chordotonal_organ_neuron,johnstons_organ_F_neuron,sensory,,left,,antenna,
,720575941504070635,29208,JO-F,chordotonal_organ_neuron,johnstons_organ_F_neuron,sensory,,left,gaba,antenna,
,720575941502729707,29309,JO-B,chordotonal_organ_neuron,johnstons_organ_B_neuron,sensory,,right,gaba,antenna,
,720575941515838611,29320,JO-B,chordotonal_organ_neuron,johnstons_organ_B_neuron,sensory,,right,,antenna,
,720575941505000386,29329,JO-F,chordotonal_organ_neuron,johnstons_organ_F_neuron,sensory,,right,acetylcholine,antenna,
,720575941538966421,29378,JO-C,chordotonal_organ_neuron,johnstons_organ_C_neuron,sensory,,left,acetylcholine,antenna,
,720575941470936896,29489,JO-B,chordotonal_organ_neuron,johnstons_organ_B_neuron,sensory,,right,acetylcholine,antenna,
,720575941520219502,29498,JO-E,chordotonal_organ_neuron,johnstons_organ_E_neuron,sensory,,right,acetylcholine,antenna,
,720575941606415294,29503,JO-B,chordotonal_organ_neuron,johnstons_organ_B_neuron,sensory,,left,acetylcholine,antenna,
,720575941529188280,29511,JO-F,chordotonal_organ_neuron,johnstons_organ_F_neuron,sensory,,left,acetylcholine,antenna,
,720575941597042565,29512,JO-B,chordotonal_organ_neuron,johnstons_organ_B_neuron,sensory,,left,acetylcholine,antenna,
,720575941431143777,29513,JO-E,chordotonal_organ_neuron,johnstons_organ_E_neuron,sensory,,left,acetylcholine,antenna,
,720575941504383831,29617,JO-E,chordotonal_organ_neuron,johnstons_organ_E_neuron,sensory,,right,acetylcholine,antenna,
,720575941611602662,29618,JO-F,chordotonal_organ_neuron,johnstons_organ_F_neuron,sensory,,right,acetylcholine,antenna,
,720575941431680175,29619,JO-F,chordotonal_organ_neuron,johnstons_organ_F_neuron,sensory,,right,acetylcholine,antenna,
,720575941503707442,29620,JO-F,chordotonal_organ_neuron,johnstons_organ_F_neuron,sensory,,right,acetylcholine,antenna,
,720575941437924633,29621,JO-F,chordotonal_organ_neuron,johnstons_organ_F_neuron,sensory,,right,acetylcholine,antenna,
,720575941634290363,29622,JO-F,chordotonal_organ_neuron,johnstons_organ_F_neuron,sensory,,right,acetylcholine,antenna,
,720575941438172690,29623,JO-F,chordotonal_organ_neuron,johnstons_organ_F_neuron,sensory,,right,acetylcholine,antenna,
,720575941638419061,29624,JO-F,chordotonal_organ_neuron,johnstons_organ_F_neuron,sensory,,right,acetylcholine,antenna,
,720575941461828563,29625,JO-F,chordotonal_organ_neuron,johnstons_organ_F_neuron,sensory,,right,acetylcholine,antenna,
,720575941531908811,29632,JO-E,chordotonal_organ_neuron,johnstons_organ_E_neuron,sensory,,right,gaba,antenna,
,720575941628661817,29785,JO-B,chordotonal_organ_neuron,johnstons_organ_B_neuron,sensory,,left,acetylcholine,antenna,
,720575941435312782,29796,JO-F,chordotonal_organ_neuron,johnstons_organ_F_neuron,sensory,,right,acetylcholine,antenna,
,720575941625872842,29830,JO-B,chordotonal_organ_neuron,johnstons_organ_B_neuron,sensory,,right,gaba,antenna,
,720575941542424349,29839,JO-B,chordotonal_organ_neuron,johnstons_organ_B_neuron,sensory,,right,gaba,antenna,
,720575941605460982,29853,JO-E,chordotonal_organ_neuron,johnstons_organ_E_neuron,sensory,,right,acetylcholine,antenna,
,720575941545588073,29905,JO-B,chordotonal_organ_neuron,johnstons_organ_B_neuron,sensory,,right,acetylcholine,antenna,
,720575941599130268,29906,JO-E,chordotonal_organ_neuron,johnstons_organ_E_neuron,sensory,,right,acetylcholine,antenna,
,720575941447267380,29921,JO-B,chordotonal_organ_neuron,johnstons_organ_B_neuron,sensory,,right,gaba,antenna,
,720575941573786619,29922,JO-B,chordotonal_organ_neuron,johnstons_organ_B_neuron,sensory,,right,gaba,antenna,
,720575941467545110,29926,JO-B,chordotonal_organ_neuron,johnstons_organ_B_neuron,sensory,,right,gaba,antenna,
,720575941659887896,29944,JO-B,chordotonal_organ_neuron,johnstons_organ_B_neuron,sensory,,right,gaba,antenna,
,720575941538159130,30013,JO-F,chordotonal_organ_neuron,johnstons_organ_F_neuron,sensory,,right,acetylcholine,antenna,
,720575941595986725,30052,JO-E,chordotonal_organ_neuron,johnstons_organ_E_neuron,sensory,,left,acetylcholine,antenna,
,720575941468698646,30053,JO-E,chordotonal_organ_neuron,johnstons_organ_E_neuron,sensory,,left,acetylcholine,antenna,
,720575941724109626,30054,JO-E,chordotonal_organ_neuron,johnstons_organ_E_neuron,sensory,,left,acetylcholine,antenna,
,720575941413390481,30055,JO-F,chordotonal_organ_neuron,johnstons_organ_F_neuron,sensory,,left,acetylcholine,antenna,
,720575941689451382,30057,JO-E,chordotonal_organ_neuron,johnstons_organ_E_neuron,sensory,,left,acetylcholine,antenna,
,720575941472712256,30058,JO-E,chordotonal_organ_neuron,johnstons_organ_E_neuron,sensory,,left,acetylcholine,antenna,
,720575941645851041,30059,JO-E,chordotonal_organ_neuron,johnstons_organ_E_neuron,sensory,,left,acetylcholine,antenna,
,720575941616090009,30060,JO-E,chordotonal_organ_neuron,johnstons_organ_E_neuron,sensory,,left,acetylcholine,antenna,
,720575941653017617,30061,JO-mz,chordotonal_organ_neuron,johnstons_organ_other_neuron,sensory,,left,acetylcholine,antenna,
,720575941465862230,30062,JO-F,chordotonal_organ_neuron,johnstons_organ_F_neuron,sensory,,left,acetylcholine,antenna,
,720575941524292343,30064,JO-B,chordotonal_organ_neuron,johnstons_organ_B_neuron,sensory,,left,acetylcholine,antenna,
,720575941412051115,30068,JO-B,chordotonal_organ_neuron,johnstons_organ_B_neuron,sensory,,left,acetylcholine,antenna,
,720575941633921989,30069,JO-B,chordotonal_organ_neuron,johnstons_organ_B_neuron,sensory,,left,acetylcholine,antenna,
,720575941432110729,30070,JO-B,chordotonal_organ_neuron,johnstons_organ_B_neuron,sensory,,left,acetylcholine,antenna,
,720575941481432450,30071,JO-B,chordotonal_organ_neuron,johnstons_organ_B_neuron,sensory,,left,acetylcholine,antenna,
,720575941601642025,30072,JO-B,chordotonal_organ_neuron,johnstons_organ_B_neuron,sensory,,left,gaba,antenna,
,720575941413587311,30073,JO-E,chordotonal_organ_neuron,johnstons_organ_E_neuron,sensory,,left,acetylcholine,antenna,
,720575941621083007,30074,JO-B,chordotonal_organ_neuron,johnstons_organ_B_neuron,sensory,,left,acetylcholine,antenna,
,720575941575596808,30075,JO-B,chordotonal_organ_neuron,johnstons_organ_B_neuron,sensory,,left,acetylcholine,antenna,
,720575941627015323,30076,JO-B,chordotonal_organ_neuron,johnstons_organ_B_neuron,sensory,,left,acetylcholine,antenna,
,720575941687623948,30077,JO-F,chordotonal_organ_neuron,johnstons_organ_F_neuron,sensory,,left,acetylcholine,antenna,
,720575941507328316,30078,JO-B,chordotonal_organ_neuron,johnstons_organ_B_neuron,sensory,,left,acetylcholine,antenna,
,720575941633927365,30079,JO-E,chordotonal_organ_neuron,johnstons_organ_E_neuron,sensory,,left,acetylcholine,antenna,
,720575941566172679,30080,JO-E,chordotonal_organ_neuron,johnstons_organ_E_neuron,sensory,,left,acetylcholine,antenna,
,720575941462727620,30081,JO-E,chordotonal_organ_neuron,johnstons_organ_E_neuron,sensory,,left,acetylcholine,antenna,
,720575941597500060,30082,JO-F,chordotonal_organ_neuron,johnstons_organ_F_neuron,sensory,,left,acetylcholine,antenna,
,720575941659755544,30083,JO-E,chordotonal_organ_neuron,johnstons_organ_E_neuron,sensory,,left,acetylcholine,antenna,
,720575941507312037,30084,JO-B,chordotonal_organ_neuron,johnstons_organ_B_neuron,sensory,,left,acetylcholine,antenna,
,720575941553060863,30085,JO-B,chordotonal_organ_neuron,johnstons_organ_B_neuron,sensory,,left,acetylcholine,antenna,
,720575941672336295,30086,JO-B,chordotonal_organ_neuron,johnstons_organ_B_neuron,sensory,,left,acetylcholine,antenna,
,720575941591775742,30087,JO-E,chordotonal_organ_neuron,johnstons_organ_E_neuron,sensory,,left,acetylcholine,antenna,
,720575941454402985,30088,JO-B,chordotonal_organ_neuron,johnstons_organ_B_neuron,sensory,,left,acetylcholine,antenna,
,720575941641635615,30089,JO-B,chordotonal_organ_neuron,johnstons_organ_B_neuron,sensory,,left,acetylcholine,antenna,
,720575941448851220,30090,JO-B,chordotonal_organ_neuron,johnstons_organ_B_neuron,sensory,,left,acetylcholine,antenna,
,720575941591777022,30091,JO-B,chordotonal_organ_neuron,johnstons_organ_B_neuron,sensory,,left,acetylcholine,antenna,
,720575941412242091,30092,JO-B,chordotonal_organ_neuron,johnstons_organ_B_neuron,sensory,,left,acetylcholine,antenna,
,720575941532309451,30093,JO-B,chordotonal_organ_neuron,johnstons_organ_B_neuron,sensory,,left,acetylcholine,antenna,
,720575941541322189,30094,JO-B,chordotonal_organ_neuron,johnstons_organ_B_neuron,sensory,,left,acetylcholine,antenna,
,720575941537607706,30095,JO-B,chordotonal_organ_neuron,johnstons_organ_B_neuron,sensory,,left,acetylcholine,antenna,
,720575941412243371,30096,JO-B,chordotonal_organ_neuron,johnstons_organ_B_neuron,sensory,,left,acetylcholine,antenna,
,720575941537607962,30097,JO-B,chordotonal_organ_neuron,johnstons_organ_B_neuron,sensory,,left,acetylcholine,antenna,
,720575941453833287,30098,JO-B,chordotonal_organ_neuron,johnstons_organ_B_neuron,sensory,,left,acetylcholine,antenna,
,720575941472156023,30099,JO-B,chordotonal_organ_neuron,johnstons_organ_B_neuron,sensory,,left,acetylcholine,antenna,
,720575941660088144,30100,JO-E,chordotonal_organ_neuron,johnstons_organ_E_neuron,sensory,,left,acetylcholine,antenna,
,720575941499964129,30101,JO-E,chordotonal_organ_neuron,johnstons_organ_E_neuron,sensory,,left,acetylcholine,antenna,
,720575941554311937,30102,JO-F,chordotonal_organ_neuron,johnstons_organ_F_neuron,sensory,,left,acetylcholine,antenna,
,720575941509274402,30103,JO-E,chordotonal_organ_neuron,johnstons_organ_E_neuron,sensory,,left,acetylcholine,antenna,
,720575941472158583,30104,JO-B,chordotonal_organ_neuron,johnstons_organ_B_neuron,sensory,,left,acetylcholine,antenna,
,720575941547560297,30105,JO-B,chordotonal_organ_neuron,johnstons_organ_B_neuron,sensory,,left,acetylcholine,antenna,
,720575941499539067,30106,JO-E,chordotonal_organ_neuron,johnstons_organ_E_neuron,sensory,,left,acetylcholine,antenna,
,720575941633996192,30107,JO-B,chordotonal_organ_neuron,johnstons_organ_B_neuron,sensory,,left,acetylcholine,antenna,
,720575941500096585,30108,JO-E,chordotonal_organ_neuron,johnstons_organ_E_neuron,sensory,,left,acetylcholine,antenna,
,720575941516831075,30109,JO-E,chordotonal_organ_neuron,johnstons_organ_E_neuron,sensory,,left,acetylcholine,antenna,
,720575941488994000,30110,JO-B,chordotonal_organ_neuron,johnstons_organ_B_neuron,sensory,,left,acetylcholine,antenna,
,720575941497741184,30111,JO-B,chordotonal_organ_neuron,johnstons_organ_B_neuron,sensory,,left,acetylcholine,antenna,
,720575941594575979,30112,JO-B,chordotonal_organ_neuron,johnstons_organ_B_neuron,sensory,,left,acetylcholine,antenna,
,720575941594576491,30113,JO-E,chordotonal_organ_neuron,johnstons_organ_E_neuron,sensory,,left,acetylcholine,antenna,
,720575941634002080,30114,JO-B,chordotonal_organ_neuron,johnstons_organ_B_neuron,sensory,,left,acetylcholine,antenna,
,720575941499542907,30115,JO-E,chordotonal_organ_neuron,johnstons_organ_E_neuron,sensory,,left,acetylcholine,antenna,
,720575941431818671,30116,JO-B,chordotonal_organ_neuron,johnstons_organ_B_neuron,sensory,,left,acetylcholine,antenna,
,720575941604385465,30117,JO-B,chordotonal_organ_neuron,johnstons_organ_B_neuron,sensory,,left,acetylcholine,antenna,
,720575941481147266,30118,JO-B,chordotonal_organ_neuron,johnstons_organ_B_neuron,sensory,,left,acetylcholine,antenna,
,720575941585146719,30120,JO-E,chordotonal_organ_neuron,johnstons_organ_E_neuron,sensory,,left,acetylcholine,antenna,
,720575941436721440,30121,JO-E,chordotonal_organ_neuron,johnstons_organ_E_neuron,sensory,,left,acetylcholine,antenna,
,720575941670599345,30122,JO-E,chordotonal_organ_neuron,johnstons_organ_E_neuron,sensory,,left,acetylcholine,antenna,
,720575941502791307,30123,JO-E,chordotonal_organ_neuron,johnstons_organ_E_neuron,sensory,,left,acetylcholine,antenna,
,720575941646008264,30124,JO-E,chordotonal_organ_neuron,johnstons_organ_E_neuron,sensory,,left,acetylcholine,antenna,
,720575941436724512,30125,JO-B,chordotonal_organ_neuron,johnstons_organ_B_neuron,sensory,,left,acetylcholine,antenna,
,720575941472215819,30126,JO-E,chordotonal_organ_neuron,johnstons_organ_E_neuron,sensory,,left,acetylcholine,antenna,
,720575941436726560,30127,JO-B,chordotonal_organ_neuron,johnstons_organ_B_neuron,sensory,,left,acetylcholine,antenna,
,720575941574973947,30134,JO-E,chordotonal_organ_neuron,johnstons_organ_E_neuron,sensory,,left,acetylcholine,antenna,
,720575941576867215,30135,JO-B,chordotonal_organ_neuron,johnstons_organ_B_neuron,sensory,,right,acetylcholine,antenna,
,720575941564304738,30153,JO-B,chordotonal_organ_neuron,johnstons_organ_B_neuron,sensory,,right,acetylcholine,antenna,
,720575941561601262,30154,JO-C,chordotonal_organ_neuron,johnstons_organ_C_neuron,sensory,,right,acetylcholine,antenna,
,720575941413211759,30158,JO-E,chordotonal_organ_neuron,johnstons_organ_E_neuron,sensory,,left,acetylcholine,antenna,
,720575941546097596,30159,JO-C,chordotonal_organ_neuron,johnstons_organ_C_neuron,sensory,,left,acetylcholine,antenna,
,720575941522291447,30160,JO-C,chordotonal_organ_neuron,johnstons_organ_C_neuron,sensory,,left,acetylcholine,antenna,
,720575941504377175,30163,JO-B,chordotonal_organ_neuron,johnstons_organ_B_neuron,sensory,,left,acetylcholine,antenna,
,720575941563916712,30169,JO-B,chordotonal_organ_neuron,johnstons_organ_B_neuron,sensory,,left,acetylcholine,antenna,
,720575941482197190,30170,JO-D,chordotonal_organ_neuron,johnstons_organ_D_neuron,sensory,,left,acetylcholine,antenna,
,720575941491103207,30171,JO-D,chordotonal_organ_neuron,johnstons_organ_D_neuron,sensory,,left,acetylcholine,antenna,
,720575941646541000,30173,JO-B,chordotonal_organ_neuron,johnstons_organ_B_neuron,sensory,,left,acetylcholine,antenna,
,720575941604869561,30175,JO-B,chordotonal_organ_neuron,johnstons_organ_B_neuron,sensory,,left,acetylcholine,antenna,
,720575941549113480,30180,JO-B,chordotonal_organ_neuron,johnstons_organ_B_neuron,sensory,,left,acetylcholine,antenna,
,720575941640358773,30223,JO-B,chordotonal_organ_neuron,johnstons_organ_B_neuron,sensory,,left,acetylcholine,antenna,
,720575941595930070,30224,JO-E,chordotonal_organ_neuron,johnstons_organ_E_neuron,sensory,,right,gaba,antenna,
,720575941574173947,30245,JO-B,chordotonal_organ_neuron,johnstons_organ_B_neuron,sensory,,right,gaba,antenna,
,720575941565889383,30250,JO-F,chordotonal_organ_neuron,johnstons_organ_F_neuron,sensory,,right,acetylcholine,antenna,
,720575941629119033,30343,JO-B,chordotonal_organ_neuron,johnstons_organ_B_neuron,sensory,,left,acetylcholine,antenna,
,720575941632262816,30359,JO-F,chordotonal_organ_neuron,johnstons_organ_F_neuron,sensory,,left,acetylcholine,antenna,
,720575941528836774,30398,JO-E,chordotonal_organ_neuron,johnstons_organ_E_neuron,sensory,,right,acetylcholine,antenna,
,720575941543705692,30442,JO-E,chordotonal_organ_neuron,johnstons_organ_E_neuron,sensory,,left,acetylcholine,antenna,
,720575941442338751,30443,JO-E,chordotonal_organ_neuron,johnstons_organ_E_neuron,sensory,,left,acetylcholine,antenna,
,720575941565465856,30444,JO-E,chordotonal_organ_neuron,johnstons_organ_E_neuron,sensory,,left,acetylcholine,antenna,
,720575941517118554,30445,JO-B,chordotonal_organ_neuron,johnstons_organ_B_neuron,sensory,,left,acetylcholine,antenna,
,720575941413909137,30446,JO-D,chordotonal_organ_neuron,johnstons_organ_D_neuron,sensory,,left,acetylcholine,antenna,
,720575941556653825,30447,JO-B,chordotonal_organ_neuron,johnstons_organ_B_neuron,sensory,,left,acetylcholine,antenna,
,720575941534543491,30448,JO-B,chordotonal_organ_neuron,johnstons_organ_B_neuron,sensory,,left,acetylcholine,antenna,
,720575941473457504,30449,JO-C,chordotonal_organ_neuron,johnstons_organ_C_neuron,sensory,,left,acetylcholine,antenna,
,720575941434161678,30452,JO-B,chordotonal_organ_neuron,johnstons_organ_B_neuron,sensory,,left,acetylcholine,antenna,
,720575941484765626,30453,JO-B,chordotonal_organ_neuron,johnstons_organ_B_neuron,sensory,,left,acetylcholine,antenna,
,720575941556711425,30454,JO-E,chordotonal_organ_neuron,johnstons_organ_E_neuron,sensory,,left,,antenna,
,720575941497798784,30455,JO-E,chordotonal_organ_neuron,johnstons_organ_E_neuron,sensory,,left,acetylcholine,antenna,
,720575941538848739,30456,JO-E,chordotonal_organ_neuron,johnstons_organ_E_neuron,sensory,,left,acetylcholine,antenna,
,720575941587661278,30457,JO-E,chordotonal_organ_neuron,johnstons_organ_E_neuron,sensory,,left,acetylcholine,antenna,
,720575941539120099,30463,JO-E,chordotonal_organ_neuron,johnstons_organ_E_neuron,sensory,,right,acetylcholine,antenna,
,720575941566208103,30466,JO-C,chordotonal_organ_neuron,johnstons_organ_C_neuron,sensory,,left,acetylcholine,antenna,
,720575941629137977,30467,JO-E,chordotonal_organ_neuron,johnstons_organ_E_neuron,sensory,,left,acetylcholine,antenna,
,720575941546039557,30468,JO-B,chordotonal_organ_neuron,johnstons_organ_B_neuron,sensory,,left,acetylcholine,antenna,
,720575941441409109,30469,JO-B,chordotonal_organ_neuron,johnstons_organ_B_neuron,sensory,,left,acetylcholine,antenna,
,720575941478454558,30470,JO-B,chordotonal_organ_neuron,johnstons_organ_B_neuron,sensory,,left,acetylcholine,antenna,
,720575941627302508,30471,JO-B,chordotonal_organ_neuron,johnstons_organ_B_neuron,sensory,,left,acetylcholine,antenna,
,720575941413746287,30472,JO-B,chordotonal_organ_neuron,johnstons_organ_B_neuron,sensory,,left,acetylcholine,antenna,
,720575941536402154,30473,JO-B,chordotonal_organ_neuron,johnstons_organ_B_neuron,sensory,,left,acetylcholine,antenna,
,720575941536193202,30474,JO-B,chordotonal_organ_neuron,johnstons_organ_B_neuron,sensory,,left,acetylcholine,antenna,
,720575941565476498,30475,JO-B,chordotonal_organ_neuron,johnstons_organ_B_neuron,sensory,,left,acetylcholine,antenna,
,720575941512516306,30476,JO-B,chordotonal_organ_neuron,johnstons_organ_B_neuron,sensory,,left,acetylcholine,antenna,
,720575941507382076,30502,JO-A,chordotonal_organ_neuron,johnstons_organ_A_neuron,sensory,,left,acetylcholine,antenna,
,720575941479119425,30551,JO-B,chordotonal_organ_neuron,johnstons_organ_B_neuron,sensory,,right,acetylcholine,antenna,
,720575941613633453,30563,JO-B,chordotonal_organ_neuron,johnstons_organ_B_neuron,sensory,,left,acetylcholine,antenna,
,720575941517890476,30606,JO-F,chordotonal_organ_neuron,johnstons_organ_F_neuron,sensory,,right,,antenna,
,720575941586424542,30607,JO-F,chordotonal_organ_neuron,johnstons_organ_F_neuron,sensory,,right,acetylcholine,antenna,
,720575941535632394,30608,JO-F,chordotonal_organ_neuron,johnstons_organ_F_neuron,sensory,,right,acetylcholine,antenna,
,720575941466070614,30612,JO-B,chordotonal_organ_neuron,johnstons_organ_B_neuron,sensory,,right,acetylcholine,antenna,
,720575941643501394,30613,JO-E,chordotonal_organ_neuron,johnstons_organ_E_neuron,sensory,,right,acetylcholine,antenna,
,720575941634118560,30615,JO-B,chordotonal_organ_neuron,johnstons_organ_B_neuron,sensory,,right,acetylcholine,antenna,
,720575941612559081,30616,JO-B,chordotonal_organ_neuron,johnstons_organ_B_neuron,sensory,,right,acetylcholine,antenna,
,720575941467535287,30618,JO-B,chordotonal_organ_neuron,johnstons_organ_B_neuron,sensory,,right,acetylcholine,antenna,
,720575941734116395,30619,JO-B,chordotonal_organ_neuron,johnstons_organ_B_neuron,sensory,,right,acetylcholine,antenna,
,720575941574265864,30620,JO-B,chordotonal_organ_neuron,johnstons_organ_B_neuron,sensory,,right,acetylcholine,antenna,
,720575941391945732,30621,JO-B,chordotonal_organ_neuron,johnstons_organ_B_neuron,sensory,,right,acetylcholine,antenna,
,720575941543855621,30626,JO-F,chordotonal_organ_neuron,johnstons_organ_F_neuron,sensory,,right,acetylcholine,antenna,
,720575941552494847,30627,JO-F,chordotonal_organ_neuron,johnstons_organ_F_neuron,sensory,,right,acetylcholine,antenna,
,720575941616671129,30629,JO-B,chordotonal_organ_neuron,johnstons_organ_B_neuron,sensory,,right,acetylcholine,antenna,
,720575941643776850,30630,JO-F,chordotonal_organ_neuron,johnstons_organ_F_neuron,sensory,,right,acetylcholine,antenna,
,720575941565865782,30631,JO-F,chordotonal_organ_neuron,johnstons_organ_F_neuron,sensory,,right,,antenna,
,720575941459589958,30633,JO-F,chordotonal_organ_neuron,johnstons_organ_F_neuron,sensory,,left,acetylcholine,antenna,
,720575941476688193,30634,JO-C,chordotonal_organ_neuron,johnstons_organ_C_neuron,sensory,,left,acetylcholine,antenna,
,720575941440631615,30643,JO-B,chordotonal_organ_neuron,johnstons_organ_B_neuron,sensory,,left,acetylcholine,antenna,
,720575941404686704,30647,JO-E,chordotonal_organ_neuron,johnstons_organ_E_neuron,sensory,,left,acetylcholine,antenna,
,720575941476706875,30648,JO-E,chordotonal_organ_neuron,johnstons_organ_E_neuron,sensory,,left,acetylcholine,antenna,
,720575941472513655,30670,JO-E,chordotonal_organ_neuron,johnstons_organ_E_neuron,sensory,,left,acetylcholine,antenna,
,720575941556468900,30699,JO-F,chordotonal_organ_neuron,johnstons_organ_F_neuron,sensory,,right,acetylcholine,antenna,
,720575941408425519,30711,JO-F,chordotonal_organ_neuron,johnstons_organ_F_neuron,sensory,,right,,antenna,
,720575941566058135,30713,JO-F,chordotonal_organ_neuron,johnstons_organ_F_neuron,sensory,,right,,antenna,
,720575941462644179,30718,JO-E,chordotonal_organ_neuron,johnstons_organ_E_neuron,sensory,,left,acetylcholine,antenna,
,720575941509578846,30719,JO-E,chordotonal_organ_neuron,johnstons_organ_E_neuron,sensory,,left,acetylcholine,antenna,
,720575941441535317,30720,JO-E,chordotonal_organ_neuron,johnstons_organ_E_neuron,sensory,,left,acetylcholine,antenna,
,720575941532611787,30721,JO-E,chordotonal_organ_neuron,johnstons_organ_E_neuron,sensory,,left,acetylcholine,antenna,
,720575941394194692,30722,JO-E,chordotonal_organ_neuron,johnstons_organ_E_neuron,sensory,,left,acetylcholine,antenna,
,720575941498038144,30723,JO-E,chordotonal_organ_neuron,johnstons_organ_E_neuron,sensory,,left,acetylcholine,antenna,
,720575941654682836,30724,JO-mz,chordotonal_organ_neuron,johnstons_organ_other_neuron,sensory,,left,acetylcholine,antenna,
,720575941627155402,30725,JO-E,chordotonal_organ_neuron,johnstons_organ_E_neuron,sensory,,left,acetylcholine,antenna,
,720575941462841357,30726,JO-C,chordotonal_organ_neuron,johnstons_organ_C_neuron,sensory,,left,acetylcholine,antenna,
,720575941417918748,30727,JO-E,chordotonal_organ_neuron,johnstons_organ_E_neuron,sensory,,left,acetylcholine,antenna,
,720575941632380101,30730,JO-C,chordotonal_organ_neuron,johnstons_organ_C_neuron,sensory,,left,acetylcholine,antenna,
,720575941501343138,30732,JO-E,chordotonal_organ_neuron,johnstons_organ_E_neuron,sensory,,left,acetylcholine,antenna,
,720575941581262069,30734,JO-B,chordotonal_organ_neuron,johnstons_organ_B_neuron,sensory,,left,acetylcholine,antenna,
,720575941605217014,30735,JO-B,chordotonal_organ_neuron,johnstons_organ_B_neuron,sensory,,left,acetylcholine,antenna,
,720575941507421986,30736,JO-C,chordotonal_organ_neuron,johnstons_organ_C_neuron,sensory,,left,gaba,antenna,
,720575941512637650,30737,JO-B,chordotonal_organ_neuron,johnstons_organ_B_neuron,sensory,,left,acetylcholine,antenna,
,720575941394039300,30742,JO-E,chordotonal_organ_neuron,johnstons_organ_E_neuron,sensory,,left,acetylcholine,antenna,
,720575941594857323,30747,JO-E,chordotonal_organ_neuron,johnstons_organ_E_neuron,sensory,,left,acetylcholine,antenna,
,720575941639021941,30748,JO-C,chordotonal_organ_neuron,johnstons_organ_C_neuron,sensory,,left,acetylcholine,antenna,
,720575941553318279,30749,JO-C,chordotonal_organ_neuron,johnstons_organ_C_neuron,sensory,,left,acetylcholine,antenna,
,720575941508647237,30750,JO-B,chordotonal_organ_neuron,johnstons_organ_B_neuron,sensory,,left,acetylcholine,antenna,
,720575941516449603,30751,JO-B,chordotonal_organ_neuron,johnstons_organ_B_neuron,sensory,,left,acetylcholine,antenna,
,720575941688672495,30752,JO-B,chordotonal_organ_neuron,johnstons_organ_B_neuron,sensory,,left,gaba,antenna,
,720575941589771332,30753,JO-E,chordotonal_organ_neuron,johnstons_organ_E_neuron,sensory,,left,acetylcholine,antenna,
,720575941559085092,30754,JO-E,chordotonal_organ_neuron,johnstons_organ_E_neuron,sensory,,left,acetylcholine,antenna,
,720575941539791253,30802,JO-E,chordotonal_organ_neuron,johnstons_organ_E_neuron,sensory,,right,acetylcholine,antenna,
,720575941604373182,30806,JO-F,chordotonal_organ_neuron,johnstons_organ_F_neuron,sensory,,right,acetylcholine,antenna,
,720575941566957154,31096,JO-E,chordotonal_organ_neuron,johnstons_organ_E_neuron,sensory,,left,,antenna,
,720575941579275353,31097,JO-E,chordotonal_organ_neuron,johnstons_organ_E_neuron,sensory,,left,acetylcholine,antenna,
,720575941492012236,31098,JO-B,chordotonal_organ_neuron,johnstons_organ_B_neuron,sensory,,left,acetylcholine,antenna,
,720575941659466776,31101,JO-E,chordotonal_organ_neuron,johnstons_organ_E_neuron,sensory,,left,acetylcholine,antenna,
,720575941659464984,31102,JO-E,chordotonal_organ_neuron,johnstons_organ_E_neuron,sensory,,left,acetylcholine,antenna,
,720575941564341090,31139,JO-C,chordotonal_organ_neuron,johnstons_organ_C_neuron,sensory,,left,gaba,antenna,
,720575941411762287,31140,JO-E,chordotonal_organ_neuron,johnstons_organ_E_neuron,sensory,,right,glutamate,antenna,
,720575941450458293,31178,JO-B,chordotonal_organ_neuron,johnstons_organ_B_neuron,sensory,,left,acetylcholine,antenna,
,720575941515541507,31204,JO-B,chordotonal_organ_neuron,johnstons_organ_B_neuron,sensory,,right,,antenna,
,720575941559220718,31217,JO-B,chordotonal_organ_neuron,johnstons_organ_B_neuron,sensory,,right,gaba,antenna,
,720575941615015699,31218,JO-B,chordotonal_organ_neuron,johnstons_organ_B_neuron,sensory,,right,acetylcholine,antenna,
,720575941566198679,31232,JO-A,chordotonal_organ_neuron,johnstons_organ_A_neuron,sensory,,left,acetylcholine,antenna,
,720575941520001452,31261,JO-E,chordotonal_organ_neuron,johnstons_organ_E_neuron,sensory,,left,acetylcholine,antenna,
,720575941691868379,31447,JO-E,chordotonal_organ_neuron,johnstons_organ_E_neuron,sensory,,left,acetylcholine,antenna,
,720575941597562245,31448,JO-B,chordotonal_organ_neuron,johnstons_organ_B_neuron,sensory,,left,acetylcholine,antenna,
,720575941492929255,31449,JO-B,chordotonal_organ_neuron,johnstons_organ_B_neuron,sensory,,left,acetylcholine,antenna,
,720575941567628903,31450,JO-B,chordotonal_organ_neuron,johnstons_organ_B_neuron,sensory,,left,acetylcholine,antenna,
,720575941658266648,31451,JO-C,chordotonal_organ_neuron,johnstons_organ_C_neuron,sensory,,left,acetylcholine,antenna,
,720575941452269134,31565,JO-E,chordotonal_organ_neuron,johnstons_organ_E_neuron,sensory,,right,acetylcholine,antenna,
,720575941560272243,31575,JO-B,chordotonal_organ_neuron,johnstons_organ_B_neuron,sensory,,right,acetylcholine,antenna,
,720575941690003096,31786,JO-E,chordotonal_organ_neuron,johnstons_organ_E_neuron,sensory,,right,acetylcholine,antenna,
,720575941530495160,31947,JO-A,chordotonal_organ_neuron,johnstons_organ_A_neuron,sensory,,left,acetylcholine,antenna,
,720575941517917612,31956,JO-B,chordotonal_organ_neuron,johnstons_organ_B_neuron,sensory,,right,,antenna,
,720575941564156416,31999,JO-mz,chordotonal_organ_neuron,johnstons_organ_other_neuron,sensory,,left,acetylcholine,antenna,
,720575941506135090,32004,JO-B,chordotonal_organ_neuron,johnstons_organ_B_neuron,sensory,,right,acetylcholine,antenna,
,720575941473820458,32022,JO-B,chordotonal_organ_neuron,johnstons_organ_B_neuron,sensory,,left,acetylcholine,antenna,
,720575941450520501,32034,JO-C,chordotonal_organ_neuron,johnstons_organ_C_neuron,sensory,,left,acetylcholine,antenna,
,720575941546152041,32097,JO-B,chordotonal_organ_neuron,johnstons_organ_B_neuron,sensory,,right,acetylcholine,antenna,
,720575941494260167,32167,JO-B,chordotonal_organ_neuron,johnstons_organ_B_neuron,sensory,,right,acetylcholine,antenna,
,720575941492070860,32305,JO-B,chordotonal_organ_neuron,johnstons_organ_B_neuron,sensory,,right,acetylcholine,antenna,
,720575941576138639,32315,JO-E,chordotonal_organ_neuron,johnstons_organ_E_neuron,sensory,,left,acetylcholine,antenna,
,720575941527444045,32316,JO-E,chordotonal_organ_neuron,johnstons_organ_E_neuron,sensory,,left,acetylcholine,antenna,
,720575941570806010,32319,JO-E,chordotonal_organ_neuron,johnstons_organ_E_neuron,sensory,,left,acetylcholine,antenna,
,720575941479159402,32323,JO-E,chordotonal_organ_neuron,johnstons_organ_E_neuron,sensory,,left,acetylcholine,antenna,
,720575941452717946,32330,JO-E,chordotonal_organ_neuron,johnstons_organ_E_neuron,sensory,,left,acetylcholine,antenna,
,720575941492061388,32333,JO-E,chordotonal_organ_neuron,johnstons_organ_E_neuron,sensory,,left,acetylcholine,antenna,
,720575941633934496,32334,JO-E,chordotonal_organ_neuron,johnstons_organ_E_neuron,sensory,,right,acetylcholine,antenna,
,720575941573890569,32469,JO-F,chordotonal_organ_neuron,johnstons_organ_F_neuron,sensory,,left,acetylcholine,antenna,
,720575941502379499,32514,JO-E,chordotonal_organ_neuron,johnstons_organ_E_neuron,sensory,,right,acetylcholine,antenna,
,720575941528984504,32520,JO-E,chordotonal_organ_neuron,johnstons_organ_E_neuron,sensory,,right,acetylcholine,antenna,
,720575941442065615,32523,JO-F,chordotonal_organ_neuron,johnstons_organ_F_neuron,sensory,,right,acetylcholine,antenna,
,720575941502935275,32529,JO-A,chordotonal_organ_neuron,johnstons_organ_A_neuron,sensory,,left,acetylcholine,antenna,
,720575941538332136,32580,JO-E,chordotonal_organ_neuron,johnstons_organ_E_neuron,sensory,,right,acetylcholine,antenna,
,720575941625078939,32607,JO-F,chordotonal_organ_neuron,johnstons_organ_F_neuron,sensory,,right,acetylcholine,antenna,
,720575941560761838,32608,JO-E,chordotonal_organ_neuron,johnstons_organ_E_neuron,sensory,,right,acetylcholine,antenna,
,720575941452481658,32612,JO-F,chordotonal_organ_neuron,johnstons_organ_F_neuron,sensory,,right,acetylcholine,antenna,
,720575941492707303,32618,JO-E,chordotonal_organ_neuron,johnstons_organ_E_neuron,sensory,,right,acetylcholine,antenna,
,720575941650946325,32648,JO-B,chordotonal_organ_neuron,johnstons_organ_B_neuron,sensory,,right,gaba,antenna,
,720575941434837390,32677,JO-F,chordotonal_organ_neuron,johnstons_organ_F_neuron,sensory,,right,acetylcholine,antenna,
,720575941484421117,32685,JO-E,chordotonal_organ_neuron,johnstons_organ_E_neuron,sensory,,right,acetylcholine,antenna,
,720575941691777176,32714,JO-B,chordotonal_organ_neuron,johnstons_organ_B_neuron,sensory,,right,acetylcholine,antenna,
,720575941515489027,32727,JO-B,chordotonal_organ_neuron,johnstons_organ_B_neuron,sensory,,right,acetylcholine,antenna,
,720575941644648353,32728,JO-B,chordotonal_organ_neuron,johnstons_organ_B_neuron,sensory,,right,,antenna,
,720575941642596197,32733,JO-B,chordotonal_organ_neuron,johnstons_organ_B_neuron,sensory,,right,acetylcholine,antenna,
,720575941509897655,32734,JO-B,chordotonal_organ_neuron,johnstons_organ_B_neuron,sensory,,right,acetylcholine,antenna,
,720575941529039032,32735,JO-E,chordotonal_organ_neuron,johnstons_organ_E_neuron,sensory,,right,acetylcholine,antenna,
,720575941732309547,32737,JO-B,chordotonal_organ_neuron,johnstons_organ_B_neuron,sensory,,right,acetylcholine,antenna,
,720575941564299362,32739,JO-B,chordotonal_organ_neuron,johnstons_organ_B_neuron,sensory,,right,acetylcholine,antenna,
,720575941487341709,32740,JO-B,chordotonal_organ_neuron,johnstons_organ_B_neuron,sensory,,right,acetylcholine,antenna,
,720575941645111634,32744,JO-B,chordotonal_organ_neuron,johnstons_organ_B_neuron,sensory,,right,acetylcholine,antenna,
,720575941526517762,32745,JO-B,chordotonal_organ_neuron,johnstons_organ_B_neuron,sensory,,right,acetylcholine,antenna,
,720575941689448972,32746,JO-B,chordotonal_organ_neuron,johnstons_organ_B_neuron,sensory,,right,acetylcholine,antenna,
,720575941595143717,32751,JO-B,chordotonal_organ_neuron,johnstons_organ_B_neuron,sensory,,right,acetylcholine,antenna,
,720575941592241292,32752,JO-B,chordotonal_organ_neuron,johnstons_organ_B_neuron,sensory,,right,acetylcholine,antenna,
,720575941538677731,32753,JO-B,chordotonal_organ_neuron,johnstons_organ_B_neuron,sensory,,right,acetylcholine,antenna,
,720575941586360798,32754,JO-C,chordotonal_organ_neuron,johnstons_organ_C_neuron,sensory,,right,acetylcholine,antenna,
,720575941593745003,32755,JO-B,chordotonal_organ_neuron,johnstons_organ_B_neuron,sensory,,right,acetylcholine,antenna,
,720575941440438495,32756,JO-B,chordotonal_organ_neuron,johnstons_organ_B_neuron,sensory,,right,acetylcholine,antenna,
,720575941634721723,32800,JO-A,chordotonal_organ_neuron,johnstons_organ_A_neuron,sensory,,right,acetylcholine,antenna,
,720575941409146159,32886,JO-F,chordotonal_organ_neuron,johnstons_organ_F_neuron,sensory,,left,acetylcholine,antenna,
,720575941628872742,32893,JO-B,chordotonal_organ_neuron,johnstons_organ_B_neuron,sensory,,right,acetylcholine,antenna,
,720575941583509599,32895,JO-F,chordotonal_organ_neuron,johnstons_organ_F_neuron,sensory,,left,acetylcholine,antenna,
,720575941492695271,32896,JO-E,chordotonal_organ_neuron,johnstons_organ_E_neuron,sensory,,right,acetylcholine,antenna,
,720575941453748551,32904,JO-A,chordotonal_organ_neuron,johnstons_organ_A_neuron,sensory,,left,acetylcholine,antenna,
,720575941515837075,32907,JO-F,chordotonal_organ_neuron,johnstons_organ_F_neuron,sensory,,left,acetylcholine,antenna,
,720575941353930800,32909,JO-E,chordotonal_organ_neuron,johnstons_organ_E_neuron,sensory,,left,acetylcholine,antenna,
,720575941592667432,32914,JO-F,chordotonal_organ_neuron,johnstons_organ_F_neuron,sensory,,left,,antenna,
,720575941417525532,32915,JO-E,chordotonal_organ_neuron,johnstons_organ_E_neuron,sensory,,left,acetylcholine,antenna,
,720575941528971448,32916,JO-F,chordotonal_organ_neuron,johnstons_organ_F_neuron,sensory,,left,,antenna,
,720575941688455407,32918,JO-F,chordotonal_organ_neuron,johnstons_organ_F_neuron,sensory,,left,acetylcholine,antenna,
,720575941463336644,32919,JO-F,chordotonal_organ_neuron,johnstons_organ_F_neuron,sensory,,left,acetylcholine,antenna,
,720575941641152543,32920,JO-F,chordotonal_organ_neuron,johnstons_organ_F_neuron,sensory,,left,acetylcholine,antenna,
,720575941535127384,32978,JO-F,chordotonal_organ_neuron,johnstons_organ_F_neuron,sensory,,left,acetylcholine,antenna,
,720575941607468141,32996,JO-A,chordotonal_organ_neuron,johnstons_organ_A_neuron,sensory,,right,gaba,antenna,
,720575941543808092,32999,JO-B,chordotonal_organ_neuron,johnstons_organ_B_neuron,sensory,,right,acetylcholine,antenna,
,720575941460093168,33073,JO-B,chordotonal_organ_neuron,johnstons_organ_B_neuron,sensory,,left,acetylcholine,antenna,
,720575941624059132,33074,JO-B,chordotonal_organ_neuron,johnstons_organ_B_neuron,sensory,,left,gaba,antenna,
,720575941633330924,33075,JO-B,chordotonal_organ_neuron,johnstons_organ_B_neuron,sensory,,right,acetylcholine,antenna,
,720575941487016912,33089,JO-B,chordotonal_organ_neuron,johnstons_organ_B_neuron,sensory,,right,acetylcholine,antenna,
,720575941484341702,33139,JO-A,chordotonal_organ_neuron,johnstons_organ_A_neuron,sensory,,right,acetylcholine,antenna,
,720575941516405651,33170,JO-F,chordotonal_organ_neuron,johnstons_organ_F_neuron,sensory,,right,acetylcholine,antenna,
,720575941656235225,33177,JO-E,chordotonal_organ_neuron,johnstons_organ_E_neuron,sensory,,right,acetylcholine,antenna,
,720575941464929549,33202,JO-E,chordotonal_organ_neuron,johnstons_organ_E_neuron,sensory,,right,acetylcholine,antenna,
,720575941436087328,33401,JO-A,chordotonal_organ_neuron,johnstons_organ_A_neuron,sensory,,left,acetylcholine,antenna,
,720575941723904058,33427,JO-F,bristle_neuron,antenna_bristle_neuron,sensory,,right,acetylcholine,antenna,
,720575941605183478,33435,JO-B,chordotonal_organ_neuron,johnstons_organ_B_neuron,sensory,,right,acetylcholine,antenna,
,720575941600212521,33474,JO-F,chordotonal_organ_neuron,johnstons_organ_F_neuron,sensory,,right,acetylcholine,antenna,
,720575941668941745,33629,JO-B,chordotonal_organ_neuron,johnstons_organ_B_neuron,sensory,,right,acetylcholine,antenna,
,720575941601762857,33743,JO-B,chordotonal_organ_neuron,johnstons_organ_B_neuron,sensory,,right,gaba,antenna,
,720575941508020574,33781,JO-C,chordotonal_organ_neuron,johnstons_organ_C_neuron,sensory,,right,acetylcholine,antenna,
,720575941611776870,33919,JO-F,chordotonal_organ_neuron,johnstons_organ_F_neuron,sensory,,right,acetylcholine,antenna,
,720575941611219786,33980,JO-A,chordotonal_organ_neuron,johnstons_organ_A_neuron,sensory,,right,acetylcholine,antenna,
,720575941625424492,33993,JO-F,chordotonal_organ_neuron,johnstons_organ_F_neuron,sensory,,right,acetylcholine,antenna,
,720575941437324064,34039,JO-B,chordotonal_organ_neuron,johnstons_organ_B_neuron,sensory,,right,acetylcholine,antenna,
,720575941556810497,34066,JO-E,chordotonal_organ_neuron,johnstons_organ_E_neuron,sensory,,left,acetylcholine,antenna,
,720575941589974071,34074,JO-B,chordotonal_organ_neuron,johnstons_organ_B_neuron,sensory,,right,acetylcholine,antenna,
,720575941612962150,34075,JO-B,chordotonal_organ_neuron,johnstons_organ_B_neuron,sensory,,right,acetylcholine,antenna,
,720575941447889428,34146,JO-E,chordotonal_organ_neuron,johnstons_organ_E_neuron,sensory,,left,acetylcholine,antenna,
,720575941436083488,34150,JO-A,chordotonal_organ_neuron,johnstons_organ_A_neuron,sensory,,left,acetylcholine,antenna,
,720575941440868831,34162,JO-A,chordotonal_organ_neuron,johnstons_organ_A_neuron,sensory,,right,acetylcholine,antenna,
,720575941353910320,34221,JO-B,chordotonal_organ_neuron,johnstons_organ_B_neuron,sensory,,left,acetylcholine,antenna,
,720575941640183413,34240,JO-E,chordotonal_organ_neuron,johnstons_organ_E_neuron,sensory,,right,acetylcholine,antenna,
,720575941514227523,34248,JO-B,chordotonal_organ_neuron,johnstons_organ_B_neuron,sensory,,right,acetylcholine,antenna,
,720575941575775336,34249,JO-B,chordotonal_organ_neuron,johnstons_organ_B_neuron,sensory,,right,acetylcholine,antenna,
,720575941608778861,34250,JO-B,chordotonal_organ_neuron,johnstons_organ_B_neuron,sensory,,right,acetylcholine,antenna,
,720575941576739254,34260,JO-F,bristle_neuron,antenna_bristle_neuron,sensory,,right,acetylcholine,antenna,
,720575941555555994,34364,JO-B,chordotonal_organ_neuron,johnstons_organ_B_neuron,sensory,,left,gaba,antenna,
,720575941733728299,34382,JO-E,chordotonal_organ_neuron,johnstons_organ_E_neuron,sensory,,left,acetylcholine,antenna,
,720575941446008490,34383,JO-B,chordotonal_organ_neuron,johnstons_organ_B_neuron,sensory,,left,acetylcholine,antenna,
,720575941446007210,34399,JO-E,chordotonal_organ_neuron,johnstons_organ_E_neuron,sensory,,left,acetylcholine,antenna,
,720575941531021496,34408,JO-B,chordotonal_organ_neuron,johnstons_organ_B_neuron,sensory,,left,acetylcholine,antenna,
,720575941573585054,34441,JO-B,chordotonal_organ_neuron,johnstons_organ_B_neuron,sensory,,right,acetylcholine,antenna,
,720575941554898742,34457,JO-B,chordotonal_organ_neuron,johnstons_organ_B_neuron,sensory,,right,acetylcholine,antenna,
,720575941557793774,34633,JO-B,chordotonal_organ_neuron,johnstons_organ_B_neuron,sensory,,right,acetylcholine,antenna,
,720575941481462658,34663,JO-E,chordotonal_organ_neuron,johnstons_organ_E_neuron,sensory,,right,acetylcholine,antenna,
,720575941516717059,34667,JO-E,chordotonal_organ_neuron,johnstons_organ_E_neuron,sensory,,right,acetylcholine,antenna,
,720575941575804169,34688,JO-B,chordotonal_organ_neuron,johnstons_organ_B_neuron,sensory,,left,acetylcholine,antenna,
,720575941580991989,34689,JO-E,chordotonal_organ_neuron,johnstons_organ_E_neuron,sensory,,left,acetylcholine,antenna,
,720575941553669694,34690,JO-E,chordotonal_organ_neuron,johnstons_organ_E_neuron,sensory,,left,acetylcholine,antenna,
,720575941589061431,34694,JO-F,chordotonal_organ_neuron,johnstons_organ_F_neuron,sensory,,left,acetylcholine,antenna,
,720575941468853981,34699,JO-C,chordotonal_organ_neuron,johnstons_organ_C_neuron,sensory,,left,acetylcholine,antenna,
,720575941605928382,34701,JO-E,chordotonal_organ_neuron,johnstons_organ_E_neuron,sensory,,left,acetylcholine,antenna,
,720575941614953113,34703,JO-C,chordotonal_organ_neuron,johnstons_organ_C_neuron,sensory,,left,acetylcholine,antenna,
,720575941600020521,34704,JO-C,chordotonal_organ_neuron,johnstons_organ_C_neuron,sensory,,left,acetylcholine,antenna,
,720575941437654304,34706,JO-C,chordotonal_organ_neuron,johnstons_organ_C_neuron,sensory,,left,acetylcholine,antenna,
,720575941561334387,34716,JO-E,chordotonal_organ_neuron,johnstons_organ_E_neuron,sensory,,left,acetylcholine,antenna,
,720575941494342064,34718,JO-E,chordotonal_organ_neuron,johnstons_organ_E_neuron,sensory,,left,acetylcholine,antenna,
,720575941601683241,34719,JO-B,chordotonal_organ_neuron,johnstons_organ_B_neuron,sensory,,left,acetylcholine,antenna,
,720575941612272617,34775,JO-E,chordotonal_organ_neuron,johnstons_organ_E_neuron,sensory,,left,acetylcholine,antenna,
,720575941531179960,34861,JO-mz,chordotonal_organ_neuron,johnstons_organ_other_neuron,sensory,,left,acetylcholine,antenna,
,720575941561037583,34862,JO-E,chordotonal_organ_neuron,johnstons_organ_E_neuron,sensory,,left,acetylcholine,antenna,
,720575941528884868,34880,JO-B,chordotonal_organ_neuron,johnstons_organ_B_neuron,sensory,,right,gaba,antenna,
,720575941536089522,34910,JO-E,chordotonal_organ_neuron,johnstons_organ_E_neuron,sensory,,left,acetylcholine,antenna,
,720575941591904140,34924,JO-C,chordotonal_organ_neuron,johnstons_organ_C_neuron,sensory,,left,acetylcholine,antenna,
,720575941563195026,34941,JO-F,chordotonal_organ_neuron,johnstons_organ_F_neuron,sensory,,right,acetylcholine,antenna,
,720575941441306453,34954,JO-B,chordotonal_organ_neuron,johnstons_organ_B_neuron,sensory,,left,acetylcholine,antenna,
,720575941431949527,34974,JO-F,chordotonal_organ_neuron,johnstons_organ_F_neuron,sensory,,right,acetylcholine,antenna,
,720575941590099012,35037,JO-B,chordotonal_organ_neuron,johnstons_organ_B_neuron,sensory,,right,acetylcholine,antenna,
,720575941405810544,35138,JO-E,chordotonal_organ_neuron,johnstons_organ_E_neuron,sensory,,right,acetylcholine,antenna,
,720575941527790617,35162,JO-B,chordotonal_organ_neuron,johnstons_organ_B_neuron,sensory,,right,acetylcholine,antenna,
,720575941533620965,35188,JO-B,chordotonal_organ_neuron,johnstons_organ_B_neuron,sensory,,left,acetylcholine,antenna,
,720575941691969688,35237,JO-E,chordotonal_organ_neuron,johnstons_organ_E_neuron,sensory,,right,acetylcholine,antenna,
,720575941604137662,35262,JO-F,chordotonal_organ_neuron,johnstons_organ_F_neuron,sensory,,right,acetylcholine,antenna,
,720575941577250664,35264,JO-B,chordotonal_organ_neuron,johnstons_organ_B_neuron,sensory,,left,acetylcholine,antenna,
,720575941453587015,35276,JO-B,chordotonal_organ_neuron,johnstons_organ_B_neuron,sensory,,right,acetylcholine,antenna,
,720575941526752281,35278,JO-F,chordotonal_organ_neuron,johnstons_organ_F_neuron,sensory,,right,acetylcholine,antenna,
,720575941442041039,35280,JO-B,chordotonal_organ_neuron,johnstons_organ_B_neuron,sensory,,right,acetylcholine,antenna,
,720575941536202474,35282,JO-E,chordotonal_organ_neuron,johnstons_organ_E_neuron,sensory,,right,acetylcholine,antenna,
,720575941528992696,35284,JO-B,chordotonal_organ_neuron,johnstons_organ_B_neuron,sensory,,right,acetylcholine,antenna,
,720575941550849652,35285,JO-B,chordotonal_organ_neuron,johnstons_organ_B_neuron,sensory,,right,acetylcholine,antenna,
,720575941538529251,35286,JO-B,chordotonal_organ_neuron,johnstons_organ_B_neuron,sensory,,right,acetylcholine,antenna,
,720575941495841918,35287,JO-B,chordotonal_organ_neuron,johnstons_organ_B_neuron,sensory,,right,acetylcholine,antenna,
,720575941488751312,35289,JO-B,chordotonal_organ_neuron,johnstons_organ_B_neuron,sensory,,right,acetylcholine,antenna,
,720575941478100532,35292,JO-B,chordotonal_organ_neuron,johnstons_organ_B_neuron,sensory,,right,acetylcholine,antenna,
,720575941488753360,35293,JO-B,chordotonal_organ_neuron,johnstons_organ_B_neuron,sensory,,right,acetylcholine,antenna,
,720575941499764705,35294,JO-B,chordotonal_organ_neuron,johnstons_organ_B_neuron,sensory,,right,acetylcholine,antenna,
,720575941576315210,35319,JO-A,chordotonal_organ_neuron,johnstons_organ_A_neuron,sensory,,right,acetylcholine,antenna,
,720575941499372411,35335,JO-B,chordotonal_organ_neuron,johnstons_organ_B_neuron,sensory,,right,acetylcholine,antenna,
,720575941596090917,35337,JO-B,chordotonal_organ_neuron,johnstons_organ_B_neuron,sensory,,right,acetylcholine,antenna,
,720575941644313445,35352,JO-B,chordotonal_organ_neuron,johnstons_organ_B_neuron,sensory,,right,acetylcholine,antenna,
,720575941432045231,35353,JO-B,chordotonal_organ_neuron,johnstons_organ_B_neuron,sensory,,right,acetylcholine,antenna,
,720575941507999767,35356,JO-B,chordotonal_organ_neuron,johnstons_organ_B_neuron,sensory,,right,acetylcholine,antenna,
,720575941557209572,35539,JO-E,chordotonal_organ_neuron,johnstons_organ_E_neuron,sensory,,left,acetylcholine,antenna,
,720575941468842518,35548,JO-E,chordotonal_organ_neuron,johnstons_organ_E_neuron,sensory,,right,acetylcholine,antenna,
,720575941590795063,35560,JO-E,chordotonal_organ_neuron,johnstons_organ_E_neuron,sensory,,right,acetylcholine,antenna,
,720575941596848167,35561,JO-F,chordotonal_organ_neuron,johnstons_organ_F_neuron,sensory,,right,acetylcholine,antenna,
,720575941550999668,35563,JO-E,chordotonal_organ_neuron,johnstons_organ_E_neuron,sensory,,right,acetylcholine,antenna,
,720575941627733130,35590,JO-B,chordotonal_organ_neuron,johnstons_organ_B_neuron,sensory,,right,acetylcholine,antenna,
,720575941458685087,35640,JO-C,chordotonal_organ_neuron,johnstons_organ_C_neuron,sensory,,right,acetylcholine,antenna,
,720575941547383657,35667,JO-E,chordotonal_organ_neuron,johnstons_organ_E_neuron,sensory,,left,acetylcholine,antenna,
,720575941428589140,35712,JO-B,chordotonal_organ_neuron,johnstons_organ_B_neuron,sensory,,right,gaba,antenna,
,720575941562650925,35984,JO-E,chordotonal_organ_neuron,johnstons_organ_E_neuron,sensory,,left,acetylcholine,antenna,
,720575941599456668,36023,JO-E,chordotonal_organ_neuron,johnstons_organ_E_neuron,sensory,,right,acetylcholine,antenna,
,720575941536140376,36117,JO-B,chordotonal_organ_neuron,johnstons_organ_B_neuron,sensory,,right,,antenna,
,720575941604804793,36132,JO-A,chordotonal_organ_neuron,johnstons_organ_A_neuron,sensory,,right,acetylcholine,antenna,
,720575941653437461,36133,JO-B,chordotonal_organ_neuron,johnstons_organ_B_neuron,sensory,,right,acetylcholine,antenna,
,720575941605177017,36173,JO-F,chordotonal_organ_neuron,johnstons_organ_F_neuron,sensory,,left,acetylcholine,antenna,
,720575941660261200,36176,JO-B,chordotonal_organ_neuron,johnstons_organ_B_neuron,sensory,,right,acetylcholine,antenna,
,720575941547289224,36177,JO-B,chordotonal_organ_neuron,johnstons_organ_B_neuron,sensory,,right,acetylcholine,antenna,
,720575941587620574,36178,JO-B,chordotonal_organ_neuron,johnstons_organ_B_neuron,sensory,,right,acetylcholine,antenna,
,720575941535811306,36204,JO-B,chordotonal_organ_neuron,johnstons_organ_B_neuron,sensory,,right,,antenna,
,720575941591857662,36205,JO-B,chordotonal_organ_neuron,johnstons_organ_B_neuron,sensory,,right,acetylcholine,antenna,
,720575941417683996,36306,JO-B,chordotonal_organ_neuron,johnstons_organ_B_neuron,sensory,,right,acetylcholine,antenna,
,720575941432313336,36308,JO-E,chordotonal_organ_neuron,johnstons_organ_E_neuron,sensory,,right,acetylcholine,antenna,
,720575941653675761,36318,JO-E,chordotonal_organ_neuron,johnstons_organ_E_neuron,sensory,,left,acetylcholine,antenna,
,720575941412310699,36319,JO-B,chordotonal_organ_neuron,johnstons_organ_B_neuron,sensory,,right,acetylcholine,antenna,
,720575941478309940,36320,JO-E,chordotonal_organ_neuron,johnstons_organ_E_neuron,sensory,,left,acetylcholine,antenna,
,720575941595894486,36401,JO-E,chordotonal_organ_neuron,johnstons_organ_E_neuron,sensory,,right,acetylcholine,antenna,
,720575941527884034,36403,JO-E,chordotonal_organ_neuron,johnstons_organ_E_neuron,sensory,,right,acetylcholine,antenna,
,720575941554613895,36405,JO-E,chordotonal_organ_neuron,johnstons_organ_E_neuron,sensory,,right,acetylcholine,antenna,
,720575941609024850,36417,JO-E,chordotonal_organ_neuron,johnstons_organ_E_neuron,sensory,,right,acetylcholine,antenna,
,720575941543671388,36418,JO-E,chordotonal_organ_neuron,johnstons_organ_E_neuron,sensory,,right,acetylcholine,antenna,
,720575941461611408,36419,JO-F,chordotonal_organ_neuron,johnstons_organ_F_neuron,sensory,,right,acetylcholine,antenna,
,720575941531050936,36420,JO-E,chordotonal_organ_neuron,johnstons_organ_E_neuron,sensory,,right,acetylcholine,antenna,
,720575941516908643,36423,JO-E,chordotonal_organ_neuron,johnstons_organ_E_neuron,sensory,,right,acetylcholine,antenna,
,720575941540026829,36427,JO-C,chordotonal_organ_neuron,johnstons_organ_C_neuron,sensory,,right,acetylcholine,antenna,
,720575941453291945,36433,JO-A,chordotonal_organ_neuron,johnstons_organ_A_neuron,sensory,,right,gaba,antenna,
,720575941670962353,36440,JO-B,chordotonal_organ_neuron,johnstons_organ_B_neuron,sensory,,right,gaba,antenna,
,720575941538885347,36445,JO-mz,chordotonal_organ_neuron,johnstons_organ_other_neuron,sensory,,right,acetylcholine,antenna,
,720575941415716636,36446,JO-mz,chordotonal_organ_neuron,johnstons_organ_other_neuron,sensory,,right,acetylcholine,antenna,
,720575941723020090,36473,JO-B,chordotonal_organ_neuron,johnstons_organ_B_neuron,sensory,,right,acetylcholine,antenna,
,720575941692134040,36496,JO-E,chordotonal_organ_neuron,johnstons_organ_E_neuron,sensory,,right,acetylcholine,antenna,
,720575941451821390,36508,JO-B,chordotonal_organ_neuron,johnstons_organ_B_neuron,sensory,,right,acetylcholine,antenna,
,720575941604800502,36509,JO-F,chordotonal_organ_neuron,johnstons_organ_F_neuron,sensory,,right,acetylcholine,antenna,
,720575941479656554,36510,JO-E,chordotonal_organ_neuron,johnstons_organ_E_neuron,sensory,,right,acetylcholine,antenna,
,720575941527932953,36511,JO-E,chordotonal_organ_neuron,johnstons_organ_E_neuron,sensory,,right,acetylcholine,antenna,
,720575941559125007,36512,JO-F,chordotonal_organ_neuron,johnstons_organ_F_neuron,sensory,,right,acetylcholine,antenna,
,720575941540193941,36513,JO-E,chordotonal_organ_neuron,johnstons_organ_E_neuron,sensory,,right,acetylcholine,antenna,
,720575941475137120,36514,JO-E,chordotonal_organ_neuron,johnstons_organ_E_neuron,sensory,,right,acetylcholine,antenna,
,720575941431905784,36515,JO-D,chordotonal_organ_neuron,johnstons_organ_D_neuron,sensory,,right,acetylcholine,antenna,
,720575941452946759,36516,JO-C,chordotonal_organ_neuron,johnstons_organ_C_neuron,sensory,,right,acetylcholine,antenna,
,720575941611489497,36517,JO-D,chordotonal_organ_neuron,johnstons_organ_D_neuron,sensory,,right,acetylcholine,antenna,
,720575941654675156,36518,JO-C,chordotonal_organ_neuron,johnstons_organ_C_neuron,sensory,,right,acetylcholine,antenna,
,720575941480309890,36519,JO-C,chordotonal_organ_neuron,johnstons_organ_C_neuron,sensory,,right,acetylcholine,antenna,
,720575941617255893,36520,JO-C,chordotonal_organ_neuron,johnstons_organ_C_neuron,sensory,,right,acetylcholine,antenna,
,720575941443101391,36521,JO-E,chordotonal_organ_neuron,johnstons_organ_E_neuron,sensory,,right,acetylcholine,antenna,
,720575941462417875,36522,JO-B,chordotonal_organ_neuron,johnstons_organ_B_neuron,sensory,,right,acetylcholine,antenna,
,720575941534740402,36523,JO-C,chordotonal_organ_neuron,johnstons_organ_C_neuron,sensory,,right,acetylcholine,antenna,
,720575941482864893,36568,JO-B,chordotonal_organ_neuron,johnstons_organ_B_neuron,sensory,,right,gaba,antenna,
,720575941613588818,36577,JO-B,chordotonal_organ_neuron,johnstons_organ_B_neuron,sensory,,right,acetylcholine,antenna,
,720575941613589330,36578,JO-B,chordotonal_organ_neuron,johnstons_organ_B_neuron,sensory,,right,acetylcholine,antenna,
,720575941442638683,36579,JO-B,chordotonal_organ_neuron,johnstons_organ_B_neuron,sensory,,right,acetylcholine,antenna,
,720575941503278987,36580,JO-B,chordotonal_organ_neuron,johnstons_organ_B_neuron,sensory,,right,acetylcholine,antenna,
,720575941663659064,36582,JO-B,chordotonal_organ_neuron,johnstons_organ_B_neuron,sensory,,right,acetylcholine,antenna,
,720575941452379817,36585,JO-B,chordotonal_organ_neuron,johnstons_organ_B_neuron,sensory,,right,acetylcholine,antenna,
,720575941540195989,36586,JO-B,chordotonal_organ_neuron,johnstons_organ_B_neuron,sensory,,right,acetylcholine,antenna,
,720575941539477965,36588,JO-B,chordotonal_organ_neuron,johnstons_organ_B_neuron,sensory,,right,acetylcholine,antenna,
,720575941462226643,36695,JO-E,chordotonal_organ_neuron,johnstons_organ_E_neuron,sensory,,right,acetylcholine,antenna,
,720575941559093519,36696,JO-B,chordotonal_organ_neuron,johnstons_organ_B_neuron,sensory,,right,gaba,antenna,
,720575941409760686,36746,JO-E,chordotonal_organ_neuron,johnstons_organ_E_neuron,sensory,,right,acetylcholine,antenna,
,720575941485756482,36747,JO-F,chordotonal_organ_neuron,johnstons_organ_F_neuron,sensory,,right,acetylcholine,antenna,
,720575941646169544,36749,JO-E,chordotonal_organ_neuron,johnstons_organ_E_neuron,sensory,,right,acetylcholine,antenna,
,720575941580878069,36807,JO-B,chordotonal_organ_neuron,johnstons_organ_B_neuron,sensory,,right,acetylcholine,antenna,
,720575941621741529,36808,JO-B,chordotonal_organ_neuron,johnstons_organ_B_neuron,sensory,,right,acetylcholine,antenna,
,720575941475017531,36811,JO-F,chordotonal_organ_neuron,johnstons_organ_F_neuron,sensory,,right,acetylcholine,antenna,
,720575941731908651,36813,JO-B,chordotonal_organ_neuron,johnstons_organ_B_neuron,sensory,,right,acetylcholine,antenna,
,720575941412714411,36814,JO-E,chordotonal_organ_neuron,johnstons_organ_E_neuron,sensory,,right,acetylcholine,antenna,
,720575941733591851,36815,JO-E,chordotonal_organ_neuron,johnstons_organ_E_neuron,sensory,,right,acetylcholine,antenna,
,720575941491318069,36816,JO-E,chordotonal_organ_neuron,johnstons_organ_E_neuron,sensory,,right,acetylcholine,antenna,
,720575941575517192,36817,JO-E,chordotonal_organ_neuron,johnstons_organ_E_neuron,sensory,,right,acetylcholine,antenna,
,720575941689545846,36818,JO-E,chordotonal_organ_neuron,johnstons_organ_E_neuron,sensory,,right,acetylcholine,antenna,
,720575941615200019,36819,JO-E,chordotonal_organ_neuron,johnstons_organ_E_neuron,sensory,,right,acetylcholine,antenna,
,720575941525257803,36820,JO-E,chordotonal_organ_neuron,johnstons_organ_E_neuron,sensory,,right,acetylcholine,antenna,
,720575941474909024,36821,JO-E,chordotonal_organ_neuron,johnstons_organ_E_neuron,sensory,,right,acetylcholine,antenna,
,720575941591165836,36822,JO-E,chordotonal_organ_neuron,johnstons_organ_E_neuron,sensory,,right,acetylcholine,antenna,
,720575941659674904,36823,JO-E,chordotonal_organ_neuron,johnstons_organ_E_neuron,sensory,,right,acetylcholine,antenna,
,720575941607815277,36824,JO-C,chordotonal_organ_neuron,johnstons_organ_C_neuron,sensory,,right,acetylcholine,antenna,
,720575941628856633,36825,JO-E,chordotonal_organ_neuron,johnstons_organ_E_neuron,sensory,,right,acetylcholine,antenna,
,720575941456314093,36826,JO-F,chordotonal_organ_neuron,johnstons_organ_F_neuron,sensory,,right,acetylcholine,antenna,
,720575941604646841,36827,JO-E,chordotonal_organ_neuron,johnstons_organ_E_neuron,sensory,,right,acetylcholine,antenna,
,720575941552687166,36828,JO-E,chordotonal_organ_neuron,johnstons_organ_E_neuron,sensory,,right,acetylcholine,antenna,
,720575941431486679,36829,JO-E,chordotonal_organ_neuron,johnstons_organ_E_neuron,sensory,,right,acetylcholine,antenna,
,720575941450405301,36830,JO-E,chordotonal_organ_neuron,johnstons_organ_E_neuron,sensory,,right,acetylcholine,antenna,
,720575941538530019,36831,JO-E,chordotonal_organ_neuron,johnstons_organ_E_neuron,sensory,,right,acetylcholine,antenna,
,720575941474496571,36832,JO-E,chordotonal_organ_neuron,johnstons_organ_E_neuron,sensory,,right,acetylcholine,antenna,
,720575941470796151,36833,JO-E,chordotonal_organ_neuron,johnstons_organ_E_neuron,sensory,,right,acetylcholine,antenna,
,720575941555451675,36835,JO-E,chordotonal_organ_neuron,johnstons_organ_E_neuron,sensory,,right,acetylcholine,antenna,
,720575941440890047,36836,JO-E,chordotonal_organ_neuron,johnstons_organ_E_neuron,sensory,,right,acetylcholine,antenna,
,720575941412501675,36838,JO-E,chordotonal_organ_neuron,johnstons_organ_E_neuron,sensory,,right,acetylcholine,antenna,
,720575941455846381,36839,JO-F,chordotonal_organ_neuron,johnstons_organ_F_neuron,sensory,,right,acetylcholine,antenna,
,720575941613339238,36841,JO-E,chordotonal_organ_neuron,johnstons_organ_E_neuron,sensory,,right,acetylcholine,antenna,
,720575941467086870,36842,JO-B,chordotonal_organ_neuron,johnstons_organ_B_neuron,sensory,,right,gaba,antenna,
,720575941520169644,36846,JO-E,chordotonal_organ_neuron,johnstons_organ_E_neuron,sensory,,right,acetylcholine,antenna,
,720575941551730687,36861,JO-E,chordotonal_organ_neuron,johnstons_organ_E_neuron,sensory,,right,acetylcholine,antenna,
,720575941603686329,36862,JO-E,chordotonal_organ_neuron,johnstons_organ_E_neuron,sensory,,right,acetylcholine,antenna,
,720575941428981588,36865,JO-B,chordotonal_organ_neuron,johnstons_organ_B_neuron,sensory,,left,acetylcholine,antenna,
,720575941518610542,36939,JO-F,chordotonal_organ_neuron,johnstons_organ_F_neuron,sensory,,right,acetylcholine,antenna,
,720575941490293813,36941,JO-E,chordotonal_organ_neuron,johnstons_organ_E_neuron,sensory,,right,acetylcholine,antenna,
,720575941430656175,36942,JO-E,chordotonal_organ_neuron,johnstons_organ_E_neuron,sensory,,right,acetylcholine,antenna,
,720575941476266270,36943,JO-F,chordotonal_organ_neuron,johnstons_organ_F_neuron,sensory,,right,acetylcholine,antenna,
,720575941612881641,36944,JO-E,chordotonal_organ_neuron,johnstons_organ_E_neuron,sensory,,right,acetylcholine,antenna,
,720575941535063745,36945,JO-F,chordotonal_organ_neuron,johnstons_organ_F_neuron,sensory,,right,acetylcholine,antenna,
,720575941731721003,36946,JO-F,chordotonal_organ_neuron,johnstons_organ_F_neuron,sensory,,right,acetylcholine,antenna,
,720575941476253470,36947,JO-F,chordotonal_organ_neuron,johnstons_organ_F_neuron,sensory,,right,acetylcholine,antenna,
,720575941468311382,36948,JO-E,chordotonal_organ_neuron,johnstons_organ_E_neuron,sensory,,right,acetylcholine,antenna,
,720575941482662223,36951,JO-E,chordotonal_organ_neuron,johnstons_organ_E_neuron,sensory,,right,acetylcholine,antenna,
,720575941408255791,36954,JO-F,chordotonal_organ_neuron,johnstons_organ_F_neuron,sensory,,right,acetylcholine,antenna,
,720575941531069387,36955,JO-F,chordotonal_organ_neuron,johnstons_organ_F_neuron,sensory,,right,acetylcholine,antenna,
,720575941535084120,36956,JO-F,chordotonal_organ_neuron,johnstons_organ_F_neuron,sensory,,right,acetylcholine,antenna,
,720575941722267194,36957,JO-F,chordotonal_organ_neuron,johnstons_organ_F_neuron,sensory,,right,gaba,antenna,
,720575941574978120,36958,JO-E,chordotonal_organ_neuron,johnstons_organ_E_neuron,sensory,,right,acetylcholine,antenna,
,720575941692624280,36962,JO-E,chordotonal_organ_neuron,johnstons_organ_E_neuron,sensory,,right,acetylcholine,antenna,
,720575941490882761,36969,JO-B,chordotonal_organ_neuron,johnstons_organ_B_neuron,sensory,,right,acetylcholine,antenna,
,720575941481638851,36985,JO-F,chordotonal_organ_neuron,johnstons_organ_F_neuron,sensory,,right,acetylcholine,antenna,
,720575941595674757,36997,JO-F,chordotonal_organ_neuron,johnstons_organ_F_neuron,sensory,,right,acetylcholine,antenna,
,720575941496794496,36998,JO-F,chordotonal_organ_neuron,johnstons_organ_F_neuron,sensory,,right,acetylcholine,antenna,
,720575941449673294,36999,JO-F,chordotonal_organ_neuron,johnstons_organ_F_neuron,sensory,,right,acetylcholine,antenna,
,720575941621575039,37000,JO-E,chordotonal_organ_neuron,johnstons_organ_E_neuron,sensory,,right,acetylcholine,antenna,
,720575941565771776,37002,JO-E,chordotonal_organ_neuron,johnstons_organ_E_neuron,sensory,,right,acetylcholine,antenna,
,720575941433726423,37003,JO-E,chordotonal_organ_neuron,johnstons_organ_E_neuron,sensory,,right,acetylcholine,antenna,
,720575941410161711,37004,JO-B,chordotonal_organ_neuron,johnstons_organ_B_neuron,sensory,,right,acetylcholine,antenna,
,720575941487905165,37005,JO-E,chordotonal_organ_neuron,johnstons_organ_E_neuron,sensory,,right,acetylcholine,antenna,
,720575941633553388,37007,JO-E,chordotonal_organ_neuron,johnstons_organ_E_neuron,sensory,,right,acetylcholine,antenna,
,720575941557069825,37008,JO-E,chordotonal_organ_neuron,johnstons_organ_E_neuron,sensory,,right,acetylcholine,antenna,
,720575941577672793,37009,JO-B,chordotonal_organ_neuron,johnstons_organ_B_neuron,sensory,,right,glutamate,antenna,
,720575941680211133,37011,JO-F,chordotonal_organ_neuron,johnstons_organ_F_neuron,sensory,,right,acetylcholine,antenna,
,720575941471152759,37012,JO-F,chordotonal_organ_neuron,johnstons_organ_F_neuron,sensory,,right,gaba,antenna,
,720575941625467338,37018,JO-F,chordotonal_organ_neuron,johnstons_organ_F_neuron,sensory,,right,acetylcholine,antenna,
,720575941458308845,37019,JO-E,chordotonal_organ_neuron,johnstons_organ_E_neuron,sensory,,right,acetylcholine,antenna,
,720575941634183385,37027,JO-B,chordotonal_organ_neuron,johnstons_organ_B_neuron,sensory,,right,acetylcholine,antenna,
,720575941479149121,37028,JO-B,chordotonal_organ_neuron,johnstons_organ_B_neuron,sensory,,right,acetylcholine,antenna,
,720575941404036464,37029,JO-B,chordotonal_organ_neuron,johnstons_organ_B_neuron,sensory,,right,,antenna,
,720575941435959840,37030,JO-B,chordotonal_organ_neuron,johnstons_organ_B_neuron,sensory,,right,gaba,antenna,
,720575941534106200,37031,JO-B,chordotonal_organ_neuron,johnstons_organ_B_neuron,sensory,,right,acetylcholine,antenna,
,720575941503369451,37032,JO-B,chordotonal_organ_neuron,johnstons_organ_B_neuron,sensory,,right,,antenna,
,720575941576298761,37033,JO-B,chordotonal_organ_neuron,johnstons_organ_B_neuron,sensory,,right,acetylcholine,antenna,
,720575941634286041,37034,JO-B,chordotonal_organ_neuron,johnstons_organ_B_neuron,sensory,,right,acetylcholine,antenna,
,720575941553491610,37035,JO-B,chordotonal_organ_neuron,johnstons_organ_B_neuron,sensory,,right,,antenna,
,720575941460668575,37036,JO-B,chordotonal_organ_neuron,johnstons_organ_B_neuron,sensory,,right,,antenna,
,720575941589917694,37037,JO-B,chordotonal_organ_neuron,johnstons_organ_B_neuron,sensory,,right,acetylcholine,antenna,
,720575941668377843,37040,JO-E,chordotonal_organ_neuron,johnstons_organ_E_neuron,sensory,,right,acetylcholine,antenna,
,720575941634309081,37041,JO-B,chordotonal_organ_neuron,johnstons_organ_B_neuron,sensory,,right,acetylcholine,antenna,
,720575941517902252,37051,JO-F,chordotonal_organ_neuron,johnstons_organ_F_neuron,sensory,,right,acetylcholine,antenna,
,720575941440954203,37058,JO-E,chordotonal_organ_neuron,johnstons_organ_E_neuron,sensory,,right,acetylcholine,antenna,
,720575941408067375,37059,JO-F,chordotonal_organ_neuron,johnstons_organ_F_neuron,sensory,,right,acetylcholine,antenna,
,720575941655597017,37060,JO-F,chordotonal_organ_neuron,johnstons_organ_F_neuron,sensory,,right,acetylcholine,antenna,
,720575941431464545,37061,JO-E,chordotonal_organ_neuron,johnstons_organ_E_neuron,sensory,,right,acetylcholine,antenna,
,720575941578031961,37062,JO-E,chordotonal_organ_neuron,johnstons_organ_E_neuron,sensory,,right,acetylcholine,antenna,
,720575941413402769,37063,JO-E,chordotonal_organ_neuron,johnstons_organ_E_neuron,sensory,,right,acetylcholine,antenna,
,720575941635620519,37064,JO-F,chordotonal_organ_neuron,johnstons_organ_F_neuron,sensory,,right,acetylcholine,antenna,
,720575941565044322,37065,JO-F,chordotonal_organ_neuron,johnstons_organ_F_neuron,sensory,,right,acetylcholine,antenna,
,720575941416122908,37067,JO-F,chordotonal_organ_neuron,johnstons_organ_F_neuron,sensory,,right,acetylcholine,antenna,
,720575941450445646,37068,JO-E,chordotonal_organ_neuron,johnstons_organ_E_neuron,sensory,,right,acetylcholine,antenna,
,720575941449802845,37070,JO-F,chordotonal_organ_neuron,johnstons_organ_F_neuron,sensory,,right,acetylcholine,antenna,
,720575941613562726,37071,JO-E,chordotonal_organ_neuron,johnstons_organ_E_neuron,sensory,,right,gaba,antenna,
,720575941451220149,37072,JO-F,chordotonal_organ_neuron,johnstons_organ_F_neuron,sensory,,right,acetylcholine,antenna,
,720575941400934691,37073,JO-E,chordotonal_organ_neuron,johnstons_organ_E_neuron,sensory,,right,acetylcholine,antenna,
,720575941452991401,37074,JO-E,chordotonal_organ_neuron,johnstons_organ_E_neuron,sensory,,right,acetylcholine,antenna,
,720575941434544270,37075,JO-F,chordotonal_organ_neuron,johnstons_organ_F_neuron,sensory,,right,,antenna,
,720575941470950464,37076,JO-E,chordotonal_organ_neuron,johnstons_organ_E_neuron,sensory,,right,acetylcholine,antenna,
,720575941534129586,37077,JO-F,chordotonal_organ_neuron,johnstons_organ_F_neuron,sensory,,right,,antenna,
,720575941585734790,37079,JO-F,chordotonal_organ_neuron,johnstons_organ_F_neuron,sensory,,right,acetylcholine,antenna,
,720575941467696150,37080,JO-F,chordotonal_organ_neuron,johnstons_organ_F_neuron,sensory,,right,acetylcholine,antenna,
,720575941466613782,37082,JO-E,chordotonal_organ_neuron,johnstons_organ_E_neuron,sensory,,right,,antenna,
,720575941635725479,37088,JO-E,chordotonal_organ_neuron,johnstons_organ_E_neuron,sensory,,right,acetylcholine,antenna,
,720575941507774524,37089,JO-E,chordotonal_organ_neuron,johnstons_organ_E_neuron,sensory,,right,acetylcholine,antenna,
,720575941408085039,37090,JO-E,chordotonal_organ_neuron,johnstons_organ_E_neuron,sensory,,right,acetylcholine,antenna,
,720575941515783770,37091,JO-F,chordotonal_organ_neuron,johnstons_organ_F_neuron,sensory,,right,acetylcholine,antenna,
,720575941604117182,37092,JO-E,chordotonal_organ_neuron,johnstons_organ_E_neuron,sensory,,right,acetylcholine,antenna,
,720575941625912970,37093,JO-E,chordotonal_organ_neuron,johnstons_organ_E_neuron,sensory,,right,acetylcholine,antenna,
,720575941447023636,37128,JO-B,chordotonal_organ_neuron,johnstons_organ_B_neuron,sensory,,right,acetylcholine,antenna,
,720575941586424030,37142,JO-B,chordotonal_organ_neuron,johnstons_organ_B_neuron,sensory,,left,acetylcholine,antenna,
,720575941591008652,37184,JO-F,chordotonal_organ_neuron,johnstons_organ_F_neuron,sensory,,right,acetylcholine,antenna,
,720575941690762136,37208,JO-F,chordotonal_organ_neuron,johnstons_organ_F_neuron,sensory,,right,acetylcholine,antenna,
,720575941497512059,37210,JO-F,chordotonal_organ_neuron,johnstons_organ_F_neuron,sensory,,right,acetylcholine,antenna,
,720575941640191143,37212,JO-F,chordotonal_organ_neuron,johnstons_organ_F_neuron,sensory,,right,acetylcholine,antenna,
,720575941703755482,37213,JO-F,chordotonal_organ_neuron,johnstons_organ_F_neuron,sensory,,right,acetylcholine,antenna,
,720575941573857801,37215,JO-F,chordotonal_organ_neuron,johnstons_organ_F_neuron,sensory,,right,,antenna,
,720575941564624808,37216,JO-E,chordotonal_organ_neuron,johnstons_organ_E_neuron,sensory,,right,acetylcholine,antenna,
,720575941640201895,37217,JO-F,chordotonal_organ_neuron,johnstons_organ_F_neuron,sensory,,right,gaba,antenna,
,720575941514391116,37220,JO-F,chordotonal_organ_neuron,johnstons_organ_F_neuron,sensory,,right,acetylcholine,antenna,
,720575941567909479,37221,JO-E,chordotonal_organ_neuron,johnstons_organ_E_neuron,sensory,,right,acetylcholine,antenna,
,720575941544074076,37222,JO-E,chordotonal_organ_neuron,johnstons_organ_E_neuron,sensory,,right,acetylcholine,antenna,
,720575941604116158,37223,JO-F,chordotonal_organ_neuron,johnstons_organ_F_neuron,sensory,,right,acetylcholine,antenna,
,720575941465868630,37224,JO-F,chordotonal_organ_neuron,johnstons_organ_F_neuron,sensory,,right,acetylcholine,antenna,
,720575941526499917,37277,JO-F,chordotonal_organ_neuron,johnstons_organ_F_neuron,sensory,,right,gaba,antenna,
,720575941669795059,37286,JO-E,chordotonal_organ_neuron,johnstons_organ_E_neuron,sensory,,right,acetylcholine,antenna,
,720575941615104665,37297,JO-F,chordotonal_organ_neuron,johnstons_organ_F_neuron,sensory,,right,acetylcholine,antenna,
,720575941536347930,37298,JO-F,chordotonal_organ_neuron,johnstons_organ_F_neuron,sensory,,right,acetylcholine,antenna,
,720575941590574078,37300,JO-B,chordotonal_organ_neuron,johnstons_organ_B_neuron,sensory,,right,acetylcholine,antenna,
,720575941565211446,37301,JO-B,chordotonal_organ_neuron,johnstons_organ_B_neuron,sensory,,right,,antenna,
,720575941576870287,37302,JO-E,chordotonal_organ_neuron,johnstons_organ_E_neuron,sensory,,right,acetylcholine,antenna,
,720575941575975528,37313,JO-F,chordotonal_organ_neuron,johnstons_organ_F_neuron,sensory,,right,acetylcholine,antenna,
,720575941451941447,37316,JO-C,chordotonal_organ_neuron,johnstons_organ_C_neuron,sensory,,right,gaba,antenna,
,720575941498067579,37339,JO-F,chordotonal_organ_neuron,johnstons_organ_F_neuron,sensory,,right,acetylcholine,antenna,
,720575941500486985,37348,JO-E,chordotonal_organ_neuron,johnstons_organ_E_neuron,sensory,,left,acetylcholine,antenna,
,720575941564742807,37402,JO-F,chordotonal_organ_neuron,johnstons_organ_F_neuron,sensory,,right,acetylcholine,antenna,
,720575941574117021,37403,JO-C,chordotonal_organ_neuron,johnstons_organ_C_neuron,sensory,,right,acetylcholine,antenna,
,720575941638467189,37408,JO-B,chordotonal_organ_neuron,johnstons_organ_B_neuron,sensory,,right,acetylcholine,antenna,
,720575941579503697,37419,JO-B,chordotonal_organ_neuron,johnstons_organ_B_neuron,sensory,,right,acetylcholine,antenna,
,720575941544706077,37453,JO-E,chordotonal_organ_neuron,johnstons_organ_E_neuron,sensory,,right,acetylcholine,antenna,
,720575941401098275,37498,JO-B,chordotonal_organ_neuron,johnstons_organ_B_neuron,sensory,,right,acetylcholine,antenna,
,720575941588170820,37503,JO-B,chordotonal_organ_neuron,johnstons_organ_B_neuron,sensory,,left,acetylcholine,antenna,
,720575941610231626,37538,JO-A,chordotonal_organ_neuron,johnstons_organ_A_neuron,sensory,,right,acetylcholine,antenna,
,720575941667501233,37549,JO-B,chordotonal_organ_neuron,johnstons_organ_B_neuron,sensory,,right,acetylcholine,antenna,
,720575941580881653,37550,JO-A,chordotonal_organ_neuron,johnstons_organ_A_neuron,sensory,,right,acetylcholine,antenna,
,720575941619811455,37731,JO-C,chordotonal_organ_neuron,johnstons_organ_C_neuron,sensory,,left,acetylcholine,antenna,
,720575941644010853,37740,JO-F,bristle_neuron,antenna_bristle_neuron,sensory,,right,acetylcholine,antenna,
,720575941575762792,37744,JO-E,chordotonal_organ_neuron,johnstons_organ_E_neuron,sensory,,right,acetylcholine,antenna,
,720575941431681199,37781,JO-E,chordotonal_organ_neuron,johnstons_organ_E_neuron,sensory,,left,acetylcholine,antenna,
,720575941492375472,37846,JO-F,chordotonal_organ_neuron,johnstons_organ_F_neuron,sensory,,left,acetylcholine,antenna,
,720575941625553354,37897,JO-B,chordotonal_organ_neuron,johnstons_organ_B_neuron,sensory,,left,acetylcholine,antenna,
,720575941461186244,38522,JO-E,chordotonal_organ_neuron,johnstons_organ_E_neuron,sensory,,left,acetylcholine,antenna,
,720575941438920511,38552,JO-C,chordotonal_organ_neuron,johnstons_organ_C_neuron,sensory,,left,acetylcholine,antenna,
,720575941519506798,38571,JO-D,chordotonal_organ_neuron,johnstons_organ_D_neuron,sensory,,left,,antenna,
,720575941519175896,38575,JO-B,chordotonal_organ_neuron,johnstons_organ_B_neuron,sensory,,right,acetylcholine,antenna,
,720575941470537678,38580,JO-E,chordotonal_organ_neuron,johnstons_organ_E_neuron,sensory,,left,acetylcholine,antenna,
,720575941583929439,38581,JO-F,chordotonal_organ_neuron,johnstons_organ_F_neuron,sensory,,right,acetylcholine,antenna,
,720575941535519754,38590,JO-C,chordotonal_organ_neuron,johnstons_organ_C_neuron,sensory,,left,acetylcholine,antenna,
,720575941564324498,38595,JO-E,chordotonal_organ_neuron,johnstons_organ_E_neuron,sensory,,right,acetylcholine,antenna,
,720575941545977788,38597,JO-E,chordotonal_organ_neuron,johnstons_organ_E_neuron,sensory,,left,acetylcholine,antenna,
,720575941467447318,38601,JO-E,chordotonal_organ_neuron,johnstons_organ_E_neuron,sensory,,right,acetylcholine,antenna,
,720575941594682070,38608,JO-A,chordotonal_organ_neuron,johnstons_organ_A_neuron,sensory,,left,acetylcholine,antenna,
,720575941470722935,38612,JO-B,chordotonal_organ_neuron,johnstons_organ_B_neuron,sensory,,right,dopamine,antenna,
,720575941483436029,38651,JO-E,chordotonal_organ_neuron,johnstons_organ_E_neuron,sensory,,right,acetylcholine,antenna,
,720575941575729915,38819,JO-F,chordotonal_organ_neuron,johnstons_organ_F_neuron,sensory,,right,acetylcholine,antenna,
,720575941640333343,38823,JO-B,chordotonal_organ_neuron,johnstons_organ_B_neuron,sensory,,right,acetylcholine,antenna,
,720575941574020859,38827,JO-F,chordotonal_organ_neuron,johnstons_organ_F_neuron,sensory,,right,acetylcholine,antenna,
,720575941538166042,39009,JO-E,chordotonal_organ_neuron,johnstons_organ_E_neuron,sensory,,left,acetylcholine,antenna,
,720575941590715972,39016,JO-C,chordotonal_organ_neuron,johnstons_organ_C_neuron,sensory,,right,acetylcholine,antenna,
,720575941591466750,39049,JO-F,chordotonal_organ_neuron,johnstons_organ_F_neuron,sensory,,left,acetylcholine,antenna,
,720575941508568866,39054,JO-E,chordotonal_organ_neuron,johnstons_organ_E_neuron,sensory,,left,acetylcholine,antenna,
,720575941690929883,39057,JO-E,chordotonal_organ_neuron,johnstons_organ_E_neuron,sensory,,left,acetylcholine,antenna,
,720575941483978749,39069,JO-E,chordotonal_organ_neuron,johnstons_organ_E_neuron,sensory,,left,acetylcholine,antenna,
,720575941528317540,39071,JO-A,chordotonal_organ_neuron,johnstons_organ_A_neuron,sensory,,right,acetylcholine,antenna,
,720575941575251033,39084,JO-F,chordotonal_organ_neuron,johnstons_organ_F_neuron,sensory,,right,acetylcholine,antenna,
,720575941552075007,39097,JO-E,chordotonal_organ_neuron,johnstons_organ_E_neuron,sensory,,right,acetylcholine,antenna,
,720575941516252506,39100,JO-B,chordotonal_organ_neuron,johnstons_organ_B_neuron,sensory,,right,acetylcholine,antenna,
,720575941653668057,39101,JO-B,chordotonal_organ_neuron,johnstons_organ_B_neuron,sensory,,right,gaba,antenna,
,720575941440352597,42239,JO-D,chordotonal_organ_neuron,johnstons_organ_D_neuron,sensory,,left,acetylcholine,antenna,
,720575941450517070,42241,JO-C,chordotonal_organ_neuron,johnstons_organ_C_neuron,sensory,,left,acetylcholine,antenna,
,720575941494872958,42247,JO-EVL,chordotonal_organ_neuron,johnstons_organ_E_neuron,sensory,,left,acetylcholine,antenna,
,720575941691075224,42249,JO-E,chordotonal_organ_neuron,johnstons_organ_E_neuron,sensory,,left,acetylcholine,antenna,
,720575941626029420,42257,JO-B,chordotonal_organ_neuron,johnstons_organ_B_neuron,sensory,,right,acetylcholine,antenna,
,720575941528006822,42277,JO-E,chordotonal_organ_neuron,johnstons_organ_E_neuron,sensory,,right,acetylcholine,antenna,
,720575941427951188,42283,JO-B,chordotonal_organ_neuron,johnstons_organ_B_neuron,sensory,,right,acetylcholine,antenna,
,720575941433131790,42287,JO-B,chordotonal_organ_neuron,johnstons_organ_B_neuron,sensory,,left,acetylcholine,antenna,
,720575941583004537,42292,JO-B,chordotonal_organ_neuron,johnstons_organ_B_neuron,sensory,,right,acetylcholine,antenna,
,720575941490466357,42303,JO-F,chordotonal_organ_neuron,johnstons_organ_F_neuron,sensory,,left,acetylcholine,antenna,
,720575941488048848,42322,JO-B,chordotonal_organ_neuron,johnstons_organ_B_neuron,sensory,,left,acetylcholine,antenna,
,720575941584455007,42334,JO-B,chordotonal_organ_neuron,johnstons_organ_B_neuron,sensory,,left,acetylcholine,antenna,
,720575941570006772,42353,JO-A,chordotonal_organ_neuron,johnstons_organ_A_neuron,sensory,,left,acetylcholine,antenna,
,720575941522964403,42394,JO-F,chordotonal_organ_neuron,johnstons_organ_F_neuron,sensory,,right,acetylcholine,antenna,
,720575941532749003,42426,JO-A,chordotonal_organ_neuron,johnstons_organ_A_neuron,sensory,,left,acetylcholine,antenna,
,720575941632428704,42532,JO-B,chordotonal_organ_neuron,johnstons_organ_B_neuron,sensory,,right,acetylcholine,antenna,
,720575941462739344,42533,JO-E,chordotonal_organ_neuron,johnstons_organ_E_neuron,sensory,,right,acetylcholine,antenna,
,720575941539119331,42534,JO-E,chordotonal_organ_neuron,johnstons_organ_E_neuron,sensory,,right,acetylcholine,antenna,
,720575941654025969,42535,JO-E,chordotonal_organ_neuron,johnstons_organ_E_neuron,sensory,,left,acetylcholine,antenna,
,720575941476822075,42536,JO-E,chordotonal_organ_neuron,johnstons_organ_E_neuron,sensory,,left,acetylcholine,antenna,
,720575941671405745,42537,JO-E,chordotonal_organ_neuron,johnstons_organ_E_neuron,sensory,,right,acetylcholine,antenna,
,720575941575652603,42538,JO-E,chordotonal_organ_neuron,johnstons_organ_E_neuron,sensory,,left,acetylcholine,antenna,
,720575941517666650,42539,JO-E,chordotonal_organ_neuron,johnstons_organ_E_neuron,sensory,,right,acetylcholine,antenna,
,720575941654040049,42540,JO-E,chordotonal_organ_neuron,johnstons_organ_E_neuron,sensory,,right,acetylcholine,antenna,
,720575941462790611,42541,JO-E,chordotonal_organ_neuron,johnstons_organ_E_neuron,sensory,,right,acetylcholine,antenna,
,720575941613326566,42542,JO-E,chordotonal_organ_neuron,johnstons_organ_E_neuron,sensory,,left,acetylcholine,antenna,
,720575941589333303,42543,JO-E,chordotonal_organ_neuron,johnstons_organ_E_neuron,sensory,,left,acetylcholine,antenna,
,720575941403349539,42544,JO-E,chordotonal_organ_neuron,johnstons_organ_E_neuron,sensory,,right,acetylcholine,antenna,
,720575941492491470,42546,JO-E,chordotonal_organ_neuron,johnstons_organ_E_neuron,sensory,,left,acetylcholine,antenna,
,720575941522852531,42547,JO-E,chordotonal_organ_neuron,johnstons_organ_E_neuron,sensory,,left,acetylcholine,antenna,
,720575941440948447,42548,JO-E,chordotonal_organ_neuron,johnstons_organ_E_neuron,sensory,,left,acetylcholine,antenna,
,720575941446450346,42549,JO-E,chordotonal_organ_neuron,johnstons_organ_E_neuron,sensory,,right,acetylcholine,antenna,
,720575941655070737,42550,JO-E,chordotonal_organ_neuron,johnstons_organ_E_neuron,sensory,,left,acetylcholine,antenna,
,720575941460420336,42551,JO-E,chordotonal_organ_neuron,johnstons_organ_E_neuron,sensory,,right,acetylcholine,antenna,
,720575941554633217,42552,JO-E,chordotonal_organ_neuron,johnstons_organ_E_neuron,sensory,,left,acetylcholine,antenna,
,720575941660667472,42553,JO-E,chordotonal_organ_neuron,johnstons_organ_E_neuron,sensory,,right,acetylcholine,antenna,
,720575941633865147,42554,JO-E,chordotonal_organ_neuron,johnstons_organ_E_neuron,sensory,,left,acetylcholine,antenna,
,720575941500460873,42555,JO-E,chordotonal_organ_neuron,johnstons_organ_E_neuron,sensory,,left,acetylcholine,antenna,
,720575941613346790,42556,JO-E,chordotonal_organ_neuron,johnstons_organ_E_neuron,sensory,,right,acetylcholine,antenna,
,720575941547445128,42557,JO-E,chordotonal_organ_neuron,johnstons_organ_E_neuron,sensory,,right,acetylcholine,antenna,
,720575941543997532,42558,JO-E,chordotonal_organ_neuron,johnstons_organ_E_neuron,sensory,,left,acetylcholine,antenna,
,720575941623297020,42559,JO-E,chordotonal_organ_neuron,johnstons_organ_E_neuron,sensory,,right,acetylcholine,antenna,
,720575941612750313,42560,JO-E,chordotonal_organ_neuron,johnstons_organ_E_neuron,sensory,,left,acetylcholine,antenna,
,720575941446502058,42561,JO-E,chordotonal_organ_neuron,johnstons_organ_E_neuron,sensory,,right,acetylcholine,antenna,
,720575941627275978,42562,JO-E,chordotonal_organ_neuron,johnstons_organ_E_neuron,sensory,,right,acetylcholine,antenna,
,720575941689399279,42563,JO-E,chordotonal_organ_neuron,johnstons_organ_E_neuron,sensory,,left,acetylcholine,antenna,
,720575941615808019,42564,JO-E,chordotonal_organ_neuron,johnstons_organ_E_neuron,sensory,,left,acetylcholine,antenna,
,720575941500457697,42565,JO-E,chordotonal_organ_neuron,johnstons_organ_E_neuron,sensory,,right,acetylcholine,antenna,
,720575941471235037,42566,JO-E,chordotonal_organ_neuron,johnstons_organ_E_neuron,sensory,,left,acetylcholine,antenna,
,720575941528243556,42567,JO-E,chordotonal_organ_neuron,johnstons_organ_E_neuron,sensory,,left,acetylcholine,antenna,
,720575941618847957,42568,JO-E,chordotonal_organ_neuron,johnstons_organ_E_neuron,sensory,,right,acetylcholine,antenna,
,720575941473293376,42569,JO-E,chordotonal_organ_neuron,johnstons_organ_E_neuron,sensory,,left,acetylcholine,antenna,
,720575941451289722,42570,JO-F,chordotonal_organ_neuron,johnstons_organ_F_neuron,sensory,,right,acetylcholine,antenna,
,720575941526140441,42571,JO-F,chordotonal_organ_neuron,johnstons_organ_F_neuron,sensory,,right,acetylcholine,antenna,
,720575941509800464,42572,JO-F,chordotonal_organ_neuron,johnstons_organ_F_neuron,sensory,,right,acetylcholine,antenna,
,720575941539968205,42573,JO-F,chordotonal_organ_neuron,johnstons_organ_F_neuron,sensory,,right,acetylcholine,antenna,
,720575941687851020,42574,JO-F,chordotonal_organ_neuron,johnstons_organ_F_neuron,sensory,,right,acetylcholine,antenna,
,720575941563484562,42575,JO-F,chordotonal_organ_neuron,johnstons_organ_F_neuron,sensory,,right,acetylcholine,antenna,
,720575941568914938,42576,JO-F,chordotonal_organ_neuron,johnstons_organ_F_neuron,sensory,,right,acetylcholine,antenna,
,720575941573305595,42577,JO-F,chordotonal_organ_neuron,johnstons_organ_F_neuron,sensory,,right,acetylcholine,antenna,
,720575941652764145,42578,JO-mz,chordotonal_organ_neuron,johnstons_organ_other_neuron,sensory,,left,acetylcholine,antenna,
,720575941449328916,42579,JO-mz,chordotonal_organ_neuron,johnstons_organ_other_neuron,sensory,,left,acetylcholine,antenna,
,720575941450761038,42580,JO-mz,chordotonal_organ_neuron,johnstons_organ_other_neuron,sensory,,left,acetylcholine,antenna,
,720575941495683710,43382,JO-E,chordotonal_organ_neuron,johnstons_organ_E_neuron,sensory,,right,acetylcholine,antenna,
,720575941567210550,43672,JO-B,chordotonal_organ_neuron,johnstons_organ_B_neuron,sensory,,right,acetylcholine,antenna,
,720575941561594350,43927,JO-EVL,chordotonal_organ_neuron,johnstons_organ_E_neuron,sensory,,left,acetylcholine,antenna,
,720575941412383659,44034,JO-CM,chordotonal_organ_neuron,johnstons_organ_C_neuron,sensory,,left,acetylcholine,antenna,
,720575941481783938,44035,JO-B,chordotonal_organ_neuron,johnstons_organ_B_neuron,sensory,,right,gaba,antenna,
,720575941527814989,44036,JO-B,chordotonal_organ_neuron,johnstons_organ_B_neuron,sensory,,right,gaba,antenna,
,720575941472831095,44375,JO-B,chordotonal_organ_neuron,johnstons_organ_B_neuron,sensory,,left,acetylcholine,antenna,
,720575941414342548,44420,JO-B,chordotonal_organ_neuron,johnstons_organ_B_neuron,sensory,,right,acetylcholine,antenna,
,720575941432328623,44447,JO-A,chordotonal_organ_neuron,johnstons_organ_A_neuron,sensory,,left,acetylcholine,antenna,
,720575941442784859,44522,JO-C,chordotonal_organ_neuron,johnstons_organ_C_neuron,sensory,,right,acetylcholine,antenna,
,720575941479898986,44733,JO-A,chordotonal_organ_neuron,johnstons_organ_A_neuron,sensory,,left,acetylcholine,antenna,
,720575941491809255,44817,JO-EDM,chordotonal_organ_neuron,johnstons_organ_E_neuron,sensory,,left,acetylcholine,antenna,
,720575941504992855,44912,JO-mz,chordotonal_organ_neuron,johnstons_organ_other_neuron,sensory,,left,acetylcholine,antenna,
,720575941508437598,44943,JO-EVL,chordotonal_organ_neuron,johnstons_organ_E_neuron,sensory,,left,acetylcholine,antenna,
,720575941514920401,44966,JO-A,chordotonal_organ_neuron,johnstons_organ_A_neuron,sensory,,left,acetylcholine,antenna,
,720575941514931921,44968,JO-E,chordotonal_organ_neuron,johnstons_organ_E_neuron,sensory,,right,acetylcholine,antenna,
,720575941535312922,45093,JO-EDM,chordotonal_organ_neuron,johnstons_organ_E_neuron,sensory,,left,acetylcholine,antenna,
,720575941537324554,45120,JO-EVL,chordotonal_organ_neuron,johnstons_organ_E_neuron,sensory,,left,acetylcholine,antenna,
,720575941538557845,45128,JO-EVM,chordotonal_organ_neuron,johnstons_organ_E_neuron,sensory,,left,acetylcholine,antenna,
,720575941546191109,45177,JO-A,chordotonal_organ_neuron,johnstons_organ_A_neuron,sensory,,left,acetylcholine,antenna,
,720575941573766045,45365,JO-A,chordotonal_organ_neuron,johnstons_organ_A_neuron,sensory,,left,acetylcholine,antenna,
,720575941436803982,45421,JO-EDM,chordotonal_organ_neuron,johnstons_organ_E_neuron,sensory,,left,acetylcholine,antenna,
,720575941585678431,45451,JO-FVA,chordotonal_organ_neuron,johnstons_organ_F_neuron,sensory,,left,acetylcholine,antenna,
,720575941612393705,45597,JO-B,chordotonal_organ_neuron,johnstons_organ_B_neuron,sensory,,right,acetylcholine,antenna,
,720575941616482201,45634,JO-EVL,chordotonal_organ_neuron,johnstons_organ_E_neuron,sensory,,left,acetylcholine,antenna,
,720575941653240085,45785,JO-A,chordotonal_organ_neuron,johnstons_organ_A_neuron,sensory,,right,acetylcholine,antenna,
,720575941532820171,45850,JO-E,chordotonal_organ_neuron,johnstons_organ_E_neuron,sensory,,right,acetylcholine,antenna,
,720575941689666572,45874,JO-mz,chordotonal_organ_neuron,johnstons_organ_other_neuron,sensory,,left,acetylcholine,antenna,
,720575941479911274,45914,JO-E,chordotonal_organ_neuron,johnstons_organ_E_neuron,sensory,,right,acetylcholine,antenna,
,720575941577359798,45943,JO-B,chordotonal_organ_neuron,johnstons_organ_B_neuron,sensory,,right,acetylcholine,antenna,
,720575941479914346,46040,JO-F,chordotonal_organ_neuron,johnstons_organ_F_neuron,sensory,,right,acetylcholine,antenna,
,720575941498011776,46068,JO-B,chordotonal_organ_neuron,johnstons_organ_B_neuron,sensory,,right,acetylcholine,antenna,
,720575941531271096,46119,JO-B,chordotonal_organ_neuron,johnstons_organ_B_neuron,sensory,,right,acetylcholine,antenna,
,720575941557538020,46148,JO-EDP,chordotonal_organ_neuron,johnstons_organ_E_neuron,sensory,,left,acetylcholine,antenna,
,720575941354397744,46159,JO-A,chordotonal_organ_neuron,johnstons_organ_A_neuron,sensory,,right,acetylcholine,antenna,
,720575941573882014,46265,JO-B,chordotonal_organ_neuron,johnstons_organ_B_neuron,sensory,,right,gaba,antenna,
,720575941473253696,46269,JO-B,chordotonal_organ_neuron,johnstons_organ_B_neuron,sensory,,right,acetylcholine,antenna,
,720575941481867650,46292,JO-B,chordotonal_organ_neuron,johnstons_organ_B_neuron,sensory,,right,acetylcholine,antenna,
,720575941602102057,46357,JO-E,chordotonal_organ_neuron,johnstons_organ_E_neuron,sensory,,right,acetylcholine,antenna,
,720575941594496552,46389,JO-B,chordotonal_organ_neuron,johnstons_organ_B_neuron,sensory,,right,acetylcholine,antenna,
,720575941443506127,46424,JO-E,chordotonal_organ_neuron,johnstons_organ_E_neuron,sensory,,right,acetylcholine,antenna,
,720575941528125796,46447,JO-E,chordotonal_organ_neuron,johnstons_organ_E_neuron,sensory,,right,acetylcholine,antenna,
,720575941503640715,46474,JO-B,chordotonal_organ_neuron,johnstons_organ_B_neuron,sensory,,right,acetylcholine,antenna,
,720575941570761978,46483,JO-B,chordotonal_organ_neuron,johnstons_organ_B_neuron,sensory,,right,acetylcholine,antenna,
,720575941507668028,46523,JO-B,chordotonal_organ_neuron,johnstons_organ_B_neuron,sensory,,right,acetylcholine,antenna,
,720575941534153445,46538,JO-B,chordotonal_organ_neuron,johnstons_organ_B_neuron,sensory,,right,acetylcholine,antenna,
,720575941616736665,46544,JO-B,chordotonal_organ_neuron,johnstons_organ_B_neuron,sensory,,right,acetylcholine,antenna,
,720575941590576708,46557,JO-B,chordotonal_organ_neuron,johnstons_organ_B_neuron,sensory,,right,acetylcholine,antenna,
,720575941627559020,46660,JO-A,chordotonal_organ_neuron,johnstons_organ_A_neuron,sensory,,right,acetylcholine,antenna,
,720575941664829308,46712,JO-A,chordotonal_organ_neuron,johnstons_organ_A_neuron,sensory,,right,acetylcholine,antenna,
,720575941468152662,46870,JO-A,chordotonal_organ_neuron,johnstons_organ_A_neuron,sensory,,right,acetylcholine,antenna,
,720575941581307637,46961,JO-E,chordotonal_organ_neuron,johnstons_organ_E_neuron,sensory,,right,acetylcholine,antenna,
,720575941579235317,47069,JO-A,chordotonal_organ_neuron,johnstons_organ_A_neuron,sensory,,right,acetylcholine,antenna,
,720575941415816084,47182,JO-EDM,chordotonal_organ_neuron,johnstons_organ_E_neuron,sensory,,left,acetylcholine,antenna,
,720575941413848468,47185,JO-A,chordotonal_organ_neuron,johnstons_organ_A_neuron,sensory,,right,acetylcholine,antenna,
,720575941563638528,47191,JO-B,chordotonal_organ_neuron,johnstons_organ_B_neuron,sensory,,right,acetylcholine,antenna,
,720575941615664147,47209,JO-EVM,chordotonal_organ_neuron,johnstons_organ_E_neuron,sensory,,left,acetylcholine,antenna,
,720575941629430841,47236,JO-A,chordotonal_organ_neuron,johnstons_organ_A_neuron,sensory,,right,acetylcholine,antenna,
,720575941612419402,47300,JO-EVM,chordotonal_organ_neuron,johnstons_organ_E_neuron,sensory,,left,acetylcholine,antenna,
,720575941433606871,47333,JO-B,chordotonal_organ_neuron,johnstons_organ_B_neuron,sensory,,left,acetylcholine,antenna,
,720575941483789498,47339,JO-A,chordotonal_organ_neuron,johnstons_organ_A_neuron,sensory,,right,acetylcholine,antenna,
,720575941499889275,47349,JO-EVL,chordotonal_organ_neuron,johnstons_organ_E_neuron,sensory,,left,acetylcholine,antenna,
,720575941499612283,47508,JO-EDM,chordotonal_organ_neuron,johnstons_organ_E_neuron,sensory,,left,acetylcholine,antenna,
,720575941592797324,47578,JO-mz,chordotonal_organ_neuron,johnstons_organ_other_neuron,sensory,,left,acetylcholine,antenna,
,720575941614980828,47587,JO-EVM,chordotonal_organ_neuron,johnstons_organ_E_neuron,sensory,,left,acetylcholine,antenna,
,720575941462480272,47626,JO-EVM,chordotonal_organ_neuron,johnstons_organ_E_neuron,sensory,,left,acetylcholine,antenna,
,720575941535255562,47657,JO-E,chordotonal_organ_neuron,johnstons_organ_E_neuron,sensory,,right,acetylcholine,antenna,
,720575941585949406,47782,JO-EVM,chordotonal_organ_neuron,johnstons_organ_E_neuron,sensory,,left,acetylcholine,antenna,
,720575941577108150,47825,JO-EVM,chordotonal_organ_neuron,johnstons_organ_E_neuron,sensory,,left,acetylcholine,antenna,
,720575941451058101,47834,JO-EVL,chordotonal_organ_neuron,johnstons_organ_E_neuron,sensory,,left,acetylcholine,antenna,
,720575941595888517,47841,JO-EDP,chordotonal_organ_neuron,johnstons_organ_E_neuron,sensory,,left,acetylcholine,antenna,
,720575941528113945,47870,JO-EDP,chordotonal_organ_neuron,johnstons_organ_E_neuron,sensory,,left,acetylcholine,antenna,
,720575941408300079,47924,JO-A,chordotonal_organ_neuron,johnstons_organ_A_neuron,sensory,,left,acetylcholine,antenna,
,720575941631628012,47935,JO-B,chordotonal_organ_neuron,johnstons_organ_B_neuron,sensory,,right,acetylcholine,antenna,
,720575941564565255,47949,JO-EDP,chordotonal_organ_neuron,johnstons_organ_E_neuron,sensory,,left,acetylcholine,antenna,
,720575941550419233,47997,JO-EVM,chordotonal_organ_neuron,johnstons_organ_E_neuron,sensory,,left,acetylcholine,antenna,
,720575941613644370,48051,JO-B,chordotonal_organ_neuron,johnstons_organ_B_neuron,sensory,,right,acetylcholine,antenna,
,720575941475398715,48061,JO-EVM,chordotonal_organ_neuron,johnstons_organ_E_neuron,sensory,,left,acetylcholine,antenna,
,720575941481085007,48063,JO-EVL,chordotonal_organ_neuron,johnstons_organ_E_neuron,sensory,,left,acetylcholine,antenna,
,720575941525297423,48117,JO-A,chordotonal_organ_neuron,johnstons_organ_A_neuron,sensory,,left,acetylcholine,antenna,
,720575941455098163,48137,JO-CA,chordotonal_organ_neuron,johnstons_organ_C_neuron,sensory,,left,acetylcholine,antenna,
,720575941722495802,48155,JO-E,chordotonal_organ_neuron,johnstons_organ_E_neuron,sensory,,right,acetylcholine,antenna,
,720575941596516997,48159,JO-E,chordotonal_organ_neuron,johnstons_organ_E_neuron,sensory,,right,acetylcholine,antenna,
,720575941494913406,48164,JO-E,chordotonal_organ_neuron,johnstons_organ_E_neuron,sensory,,right,acetylcholine,antenna,
,720575941550227517,48231,JO-E,chordotonal_organ_neuron,johnstons_organ_E_neuron,sensory,,right,acetylcholine,antenna,
,720575941652950289,48242,JO-FVA,chordotonal_organ_neuron,johnstons_organ_F_neuron,sensory,,left,acetylcholine,antenna,
,720575941515485443,48327,JO-E,chordotonal_organ_neuron,johnstons_organ_E_neuron,sensory,,right,acetylcholine,antenna,
,720575941452133754,48370,JO-B,chordotonal_organ_neuron,johnstons_organ_B_neuron,sensory,,left,acetylcholine,antenna,
,720575941432409102,48833,JO-A,chordotonal_organ_neuron,johnstons_organ_A_neuron,sensory,,right,acetylcholine,antenna,
,720575941597970880,48967,JO-E,chordotonal_organ_neuron,johnstons_organ_E_neuron,sensory,,right,gaba,antenna,
,720575941561148717,49005,JO-E,chordotonal_organ_neuron,johnstons_organ_E_neuron,sensory,,right,gaba,antenna,
,720575941467995990,49006,JO-B,chordotonal_organ_neuron,johnstons_organ_B_neuron,sensory,,right,acetylcholine,antenna,
,720575941609141586,49055,JO-E,chordotonal_organ_neuron,johnstons_organ_E_neuron,sensory,,right,acetylcholine,antenna,
,720575941452725161,49103,JO-E,chordotonal_organ_neuron,johnstons_organ_E_neuron,sensory,,right,acetylcholine,antenna,
,720575941589045828,49134,JO-B,chordotonal_organ_neuron,johnstons_organ_B_neuron,sensory,,right,acetylcholine,antenna,
,720575941531069131,49136,JO-E,chordotonal_organ_neuron,johnstons_organ_E_neuron,sensory,,right,acetylcholine,antenna,
,720575941525937485,49186,JO-B,chordotonal_organ_neuron,johnstons_organ_B_neuron,sensory,,right,acetylcholine,antenna,
,720575941612929945,49195,JO-B,chordotonal_organ_neuron,johnstons_organ_B_neuron,sensory,,right,acetylcholine,antenna,
,720575941631028006,49355,JO-EVL,chordotonal_organ_neuron,johnstons_organ_E_neuron,sensory,,left,acetylcholine,antenna,
,720575941653995505,49373,JO-B,chordotonal_organ_neuron,johnstons_organ_B_neuron,sensory,,right,acetylcholine,antenna,
,720575941469311766,49377,JO-EVM,chordotonal_organ_neuron,johnstons_organ_E_neuron,sensory,,left,acetylcholine,antenna,
,720575941528093517,49381,JO-B,chordotonal_organ_neuron,johnstons_organ_B_neuron,sensory,,left,acetylcholine,antenna,
,720575941563177517,49623,JO-A,chordotonal_organ_neuron,johnstons_organ_A_neuron,sensory,,left,acetylcholine,antenna,
,720575941547865788,49668,JO-EDC,chordotonal_organ_neuron,johnstons_organ_E_neuron,sensory,,left,acetylcholine,antenna,
,720575941449805232,49697,JO-EVM,chordotonal_organ_neuron,johnstons_organ_E_neuron,sensory,,left,acetylcholine,antenna,
,720575941653298197,49742,JO-EDC,chordotonal_organ_neuron,johnstons_organ_E_neuron,sensory,,left,acetylcholine,antenna,
,720575941406154352,49831,JO-E,chordotonal_organ_neuron,johnstons_organ_E_neuron,sensory,,right,acetylcholine,antenna,
,720575941442634687,49844,JO-B,chordotonal_organ_neuron,johnstons_organ_B_neuron,sensory,,left,acetylcholine,antenna,
,720575941633513452,49845,JO-E,chordotonal_organ_neuron,johnstons_organ_E_neuron,sensory,,right,acetylcholine,antenna,
,720575941555862426,49849,JO-E,chordotonal_organ_neuron,johnstons_organ_E_neuron,sensory,,right,acetylcholine,antenna,
,720575941468215126,49851,JO-E,chordotonal_organ_neuron,johnstons_organ_E_neuron,sensory,,right,acetylcholine,antenna,
,720575941663936312,49857,JO-B,chordotonal_organ_neuron,johnstons_organ_B_neuron,sensory,,right,acetylcholine,antenna,
,720575941465121293,49860,JO-B,chordotonal_organ_neuron,johnstons_organ_B_neuron,sensory,,right,acetylcholine,antenna,
,720575941612734185,49861,JO-D,chordotonal_organ_neuron,johnstons_organ_D_neuron,sensory,,right,acetylcholine,antenna,
,720575941442589887,49862,JO-E,chordotonal_organ_neuron,johnstons_organ_E_neuron,sensory,,right,acetylcholine,antenna,
,720575941442639551,49863,JO-E,chordotonal_organ_neuron,johnstons_organ_E_neuron,sensory,,right,acetylcholine,antenna,
,720575941506067506,49864,JO-B,chordotonal_organ_neuron,johnstons_organ_B_neuron,sensory,,right,acetylcholine,antenna,
,720575941585967199,49865,JO-E,chordotonal_organ_neuron,johnstons_organ_E_neuron,sensory,,right,acetylcholine,antenna,
,720575941440714815,49866,JO-B,chordotonal_organ_neuron,johnstons_organ_B_neuron,sensory,,right,acetylcholine,antenna,
,720575941580057433,49867,JO-B,chordotonal_organ_neuron,johnstons_organ_B_neuron,sensory,,right,acetylcholine,antenna,
,720575941522512823,49868,JO-B,chordotonal_organ_neuron,johnstons_organ_B_neuron,sensory,,right,acetylcholine,antenna,
,720575941566911895,49869,JO-B,chordotonal_organ_neuron,johnstons_organ_B_neuron,sensory,,right,acetylcholine,antenna,
,720575941482395555,49870,JO-E,chordotonal_organ_neuron,johnstons_organ_E_neuron,sensory,,right,acetylcholine,antenna,
,720575941415845524,49875,JO-E,chordotonal_organ_neuron,johnstons_organ_E_neuron,sensory,,right,acetylcholine,antenna,
,720575941564558248,49876,JO-B,chordotonal_organ_neuron,johnstons_organ_B_neuron,sensory,,right,acetylcholine,antenna,
,720575941576051208,49877,JO-B,chordotonal_organ_neuron,johnstons_organ_B_neuron,sensory,,right,gaba,antenna,
,720575941664953724,49878,JO-E,chordotonal_organ_neuron,johnstons_organ_E_neuron,sensory,,right,gaba,antenna,
,720575941541899389,49879,JO-E,chordotonal_organ_neuron,johnstons_organ_E_neuron,sensory,,right,acetylcholine,antenna,
,720575941432565423,49880,JO-E,chordotonal_organ_neuron,johnstons_organ_E_neuron,sensory,,right,acetylcholine,antenna,
,720575941471213021,49901,JO-E,chordotonal_organ_neuron,johnstons_organ_E_neuron,sensory,,right,acetylcholine,antenna,
,720575941496420990,49902,JO-B,chordotonal_organ_neuron,johnstons_organ_B_neuron,sensory,,right,acetylcholine,antenna,
,720575941587958238,49903,JO-E,chordotonal_organ_neuron,johnstons_organ_E_neuron,sensory,,right,acetylcholine,antenna,
,720575941507812773,49911,JO-EDM,chordotonal_organ_neuron,johnstons_organ_E_neuron,sensory,,left,acetylcholine,antenna,
,720575941669928179,49912,JO-A,chordotonal_organ_neuron,johnstons_organ_A_neuron,sensory,,right,acetylcholine,antenna,
,720575941505100523,49913,JO-A,chordotonal_organ_neuron,johnstons_organ_A_neuron,sensory,,right,acetylcholine,antenna,
,720575941517330787,49914,JO-F,chordotonal_organ_neuron,johnstons_organ_F_neuron,sensory,,right,acetylcholine,antenna,
,720575941591283767,49915,JO-B,chordotonal_organ_neuron,johnstons_organ_B_neuron,sensory,,left,acetylcholine,antenna,
,720575941561901427,49916,JO-FVA,chordotonal_organ_neuron,johnstons_organ_F_neuron,sensory,,left,acetylcholine,antenna,
,720575941546401029,49917,JO-B,chordotonal_organ_neuron,johnstons_organ_B_neuron,sensory,,right,acetylcholine,antenna,
,720575941613483858,49918,JO-A,chordotonal_organ_neuron,johnstons_organ_A_neuron,sensory,,right,acetylcholine,antenna,
,720575941577917544,49919,JO-B,chordotonal_organ_neuron,johnstons_organ_B_neuron,sensory,,right,acetylcholine,antenna,
,720575941474179370,49920,JO-A,chordotonal_organ_neuron,johnstons_organ_A_neuron,sensory,,right,acetylcholine,antenna,
,720575941511401682,49921,JO-A,chordotonal_organ_neuron,johnstons_organ_A_neuron,sensory,,right,acetylcholine,antenna,
,720575941514048844,49924,JO-A,chordotonal_organ_neuron,johnstons_organ_A_neuron,sensory,,right,glutamate,antenna,
,720575941354422576,49925,JO-EVM,chordotonal_organ_neuron,johnstons_organ_E_neuron,sensory,,left,acetylcholine,antenna,
,720575941621583487,49929,JO-EVM,chordotonal_organ_neuron,johnstons_organ_E_neuron,sensory,,left,acetylcholine,antenna,
,720575941646487672,49930,JO-A,chordotonal_organ_neuron,johnstons_organ_A_neuron,sensory,,right,acetylcholine,antenna,
,720575941520943832,49931,JO-EDM,chordotonal_organ_neuron,johnstons_organ_E_neuron,sensory,,left,acetylcholine,antenna,
,720575941555528731,49932,JO-EV,chordotonal_organ_neuron,johnstons_organ_E_neuron,sensory,,left,acetylcholine,antenna,
,720575941548869556,49934,JO-EVM,chordotonal_organ_neuron,johnstons_organ_E_neuron,sensory,,left,acetylcholine,antenna,
,720575941646508449,49935,JO-E,chordotonal_organ_neuron,johnstons_organ_E_neuron,sensory,,right,acetylcholine,antenna,
,720575941590730564,49936,JO-EDM,chordotonal_organ_neuron,johnstons_organ_E_neuron,sensory,,left,acetylcholine,antenna,
,720575941633585900,49938,JO-E,chordotonal_organ_neuron,johnstons_organ_E_neuron,sensory,,right,acetylcholine,antenna,
,720575941415949969,49939,JO-F,chordotonal_organ_neuron,johnstons_organ_F_neuron,sensory,,right,acetylcholine,antenna,
,720575941475540576,49940,JO-DA,chordotonal_organ_neuron,johnstons_organ_D_neuron,sensory,,left,acetylcholine,antenna,
,720575941566707207,49942,JO-EVM,chordotonal_organ_neuron,johnstons_organ_E_neuron,sensory,,left,acetylcholine,antenna,
,720575941488151814,49943,JO-E,chordotonal_organ_neuron,johnstons_organ_E_neuron,sensory,,right,acetylcholine,antenna,
,720575941520371884,49944,JO-F,chordotonal_organ_neuron,johnstons_organ_F_neuron,sensory,,right,acetylcholine,antenna,
,720575941463931280,49945,JO-A,chordotonal_organ_neuron,johnstons_organ_A_neuron,sensory,,right,acetylcholine,antenna,
,720575941580179289,49948,JO-E,chordotonal_organ_neuron,johnstons_organ_E_neuron,sensory,,right,acetylcholine,antenna,
,720575941534220517,49949,JO-A,chordotonal_organ_neuron,johnstons_organ_A_neuron,sensory,,right,acetylcholine,antenna,
,720575941529213606,49950,JO-FVA,chordotonal_organ_neuron,johnstons_organ_F_neuron,sensory,,left,acetylcholine,antenna,
,720575941532792523,49951,JO-mz,chordotonal_organ_neuron,johnstons_organ_other_neuron,sensory,,left,acetylcholine,antenna,
,720575941613655469,49952,JO-E,chordotonal_organ_neuron,johnstons_organ_E_neuron,sensory,,right,acetylcholine,antenna,
,720575941544123740,49953,JO-EVM,chordotonal_organ_neuron,johnstons_organ_E_neuron,sensory,,left,acetylcholine,antenna,
,720575941557785828,49955,JO-B,chordotonal_organ_neuron,johnstons_organ_B_neuron,sensory,,left,gaba,antenna,
,720575941460471024,49956,JO-B,chordotonal_organ_neuron,johnstons_organ_B_neuron,sensory,,left,,antenna,
,720575941558898084,49966,JO-B,chordotonal_organ_neuron,johnstons_organ_B_neuron,sensory,,right,acetylcholine,antenna,
,720575941354411568,49968,JO-B,chordotonal_organ_neuron,johnstons_organ_B_neuron,sensory,,left,acetylcholine,antenna,
,720575941494806704,49972,JO-EVM,chordotonal_organ_neuron,johnstons_organ_E_neuron,sensory,,left,acetylcholine,antenna,
,720575941561586926,49977,JO-F,chordotonal_organ_neuron,johnstons_organ_F_neuron,sensory,,right,acetylcholine,antenna,
,720575941443024987,49986,JO-FVA,chordotonal_organ_neuron,johnstons_organ_F_neuron,sensory,,left,acetylcholine,antenna,
,720575941481685472,49989,JO-EVM,chordotonal_organ_neuron,johnstons_organ_E_neuron,sensory,,left,acetylcholine,antenna,
,720575941551555327,49990,JO-B,chordotonal_organ_neuron,johnstons_organ_B_neuron,sensory,,right,acetylcholine,antenna,
,720575941704722138,49992,JO-B,chordotonal_organ_neuron,johnstons_organ_B_neuron,sensory,,left,gaba,antenna,
,720575941506158786,49993,JO-B,chordotonal_organ_neuron,johnstons_organ_B_neuron,sensory,,left,acetylcholine,antenna,
,720575941635390395,49994,JO-B,chordotonal_organ_neuron,johnstons_organ_B_neuron,sensory,,left,acetylcholine,antenna,
,720575941588066270,49995,JO-E,chordotonal_organ_neuron,johnstons_organ_E_neuron,sensory,,right,acetylcholine,antenna,
,720575941734373163,50000,JO-C,chordotonal_organ_neuron,johnstons_organ_C_neuron,sensory,,right,acetylcholine,antenna,
,720575941606464702,50001,JO-F,chordotonal_organ_neuron,johnstons_organ_F_neuron,sensory,,left,acetylcholine,antenna,
,720575941501590434,50002,JO-FVA,chordotonal_organ_neuron,johnstons_organ_F_neuron,sensory,,left,acetylcholine,antenna,
,720575941734375979,50004,JO-D,chordotonal_organ_neuron,johnstons_organ_D_neuron,sensory,,right,acetylcholine,antenna,
,720575941724768314,50007,JO-B,chordotonal_organ_neuron,johnstons_organ_B_neuron,sensory,,right,acetylcholine,antenna,
,720575941627733386,50008,JO-B,chordotonal_organ_neuron,johnstons_organ_B_neuron,sensory,,right,acetylcholine,antenna,
,720575941631193638,50009,JO-B,chordotonal_organ_neuron,johnstons_organ_B_neuron,sensory,,right,acetylcholine,antenna,
,720575941454415431,50010,JO-CL,chordotonal_organ_neuron,johnstons_organ_C_neuron,sensory,,left,acetylcholine,antenna,
,720575941481512160,50509,JO-mz,chordotonal_organ_neuron,johnstons_organ_other_neuron,sensory,,left,,antenna,
,720575941493286119,85613,JO-B,,,,,right,,,
,720575941547123892,83503,JO-E,chordotonal_organ_neuron,johnstons_organ_E_neuron,sensory,,left,gaba,antenna,
,720575941473849952,83577,JO-E,chordotonal_organ_neuron,johnstons_organ_E_neuron,sensory,,left,acetylcholine,antenna,
,720575941605106361,83579,JO-B,chordotonal_organ_neuron,johnstons_organ_B_neuron,sensory,,left,acetylcholine,antenna,
,720575941482575695,83744,JO-B,chordotonal_organ_neuron,johnstons_organ_B_neuron,sensory,,left,acetylcholine,antenna,
,720575941602143785,83815,JO-B,chordotonal_organ_neuron,johnstons_organ_B_neuron,sensory,,left,acetylcholine,antenna,
,720575941461477446,83837,JO-B,chordotonal_organ_neuron,johnstons_organ_B_neuron,sensory,,left,acetylcholine,antenna,
,720575941496871879,84109,JO-B,chordotonal_organ_neuron,johnstons_organ_B_neuron,sensory,,left,acetylcholine,antenna,
,720575941692414683,84162,JO-B,chordotonal_organ_neuron,johnstons_organ_B_neuron,sensory,,left,acetylcholine,antenna,
,720575941583270777,84319,JO-B,chordotonal_organ_neuron,johnstons_organ_B_neuron,sensory,,left,acetylcholine,antenna,
,720575941541549437,84562,JO-E,chordotonal_organ_neuron,johnstons_organ_E_neuron,sensory,,left,acetylcholine,antenna,
,720575941558783140,84824,JO-B,chordotonal_organ_neuron,johnstons_organ_B_neuron,sensory,,left,gaba,antenna,
,720575941482573391,85150,JO-A,chordotonal_organ_neuron,johnstons_organ_A_neuron,sensory,,left,acetylcholine,antenna,
,720575941646454689,85389,JO-B,chordotonal_organ_neuron,johnstons_organ_B_neuron,sensory,,right,acetylcholine,antenna,
,720575941556984065,85530,JO-B,chordotonal_organ_neuron,johnstons_organ_B_neuron,sensory,,right,acetylcholine,antenna,
,720575941596523557,85580,JO-B,chordotonal_organ_neuron,johnstons_organ_B_neuron,sensory,,right,acetylcholine,antenna,
,720575941570514682,85588,JO-B,chordotonal_organ_neuron,johnstons_organ_B_neuron,sensory,,right,acetylcholine,antenna,
,720575941467432726,85602,JO-F,chordotonal_organ_neuron,johnstons_organ_F_neuron,sensory,,right,acetylcholine,antenna,
,720575941601763625,85604,JO-B,chordotonal_organ_neuron,johnstons_organ_B_neuron,sensory,,right,acetylcholine,antenna,
,720575941592036392,85605,JO-F,chordotonal_organ_neuron,johnstons_organ_F_neuron,sensory,,left,acetylcholine,antenna,
,720575941430171017,85607,JO-F,chordotonal_organ_neuron,johnstons_organ_F_neuron,sensory,,right,acetylcholine,antenna,
,720575941439365906,85618,JO-E,chordotonal_organ_neuron,johnstons_organ_E_neuron,sensory,,right,acetylcholine,antenna,
,720575941654907865,85619,JO-B,chordotonal_organ_neuron,johnstons_organ_B_neuron,sensory,,right,gaba,antenna,
,720575941468272214,85789,JO-E,chordotonal_organ_neuron,johnstons_organ_E_neuron,sensory,,right,acetylcholine,antenna,
,720575941527657497,85793,JO-C,chordotonal_organ_neuron,johnstons_organ_C_neuron,sensory,,left,acetylcholine,antenna,
,720575941625412234,85795,JO-A,chordotonal_organ_neuron,johnstons_organ_A_neuron,sensory,,left,acetylcholine,antenna,
,720575941612670182,85798,JO-B,chordotonal_organ_neuron,johnstons_organ_B_neuron,sensory,,right,acetylcholine,antenna,
,720575941475689258,85801,JO-B,chordotonal_organ_neuron,johnstons_organ_B_neuron,sensory,,left,acetylcholine,antenna,
,720575941540151957,85803,JO-B,chordotonal_organ_neuron,johnstons_organ_B_neuron,sensory,,left,acetylcholine,antenna,
,720575941451360078,85805,JO-E,chordotonal_organ_neuron,johnstons_organ_E_neuron,sensory,,right,acetylcholine,antenna,
,720575941565025280,85817,JO-E,chordotonal_organ_neuron,johnstons_organ_E_neuron,sensory,,right,acetylcholine,antenna,
,720575941644429217,85818,JO-F,chordotonal_organ_neuron,johnstons_organ_F_neuron,sensory,,right,acetylcholine,antenna,
,720575941596642929,85821,JO-E,chordotonal_organ_neuron,johnstons_organ_E_neuron,sensory,,right,acetylcholine,antenna,
,720575941624856316,85836,JO-B,chordotonal_organ_neuron,johnstons_organ_B_neuron,sensory,,right,gaba,antenna,
,720575941471863415,85842,JO-B,chordotonal_organ_neuron,johnstons_organ_B_neuron,sensory,,left,acetylcholine,antenna,
,720575941487184450,85980,JO-B,chordotonal_organ_neuron,johnstons_organ_B_neuron,sensory,,left,acetylcholine,antenna,
,720575941605473782,86025,JO-A,chordotonal_organ_neuron,johnstons_organ_A_neuron,sensory,,right,acetylcholine,antenna,
,720575941631697634,86048,JO-B,chordotonal_organ_neuron,johnstons_organ_B_neuron,sensory,,left,acetylcholine,antenna,
,720575941630389030,86084,JO-A,chordotonal_organ_neuron,johnstons_organ_A_neuron,sensory,,left,acetylcholine,antenna,
,720575941629714982,86116,JO-B,chordotonal_organ_neuron,johnstons_organ_B_neuron,sensory,,left,,antenna,
,720575941552611583,86190,JO-A,chordotonal_organ_neuron,johnstons_organ_A_neuron,sensory,,left,acetylcholine,antenna,
,720575941690729179,86237,JO-FVA,chordotonal_organ_neuron,johnstons_organ_F_neuron,sensory,,left,acetylcholine,antenna,
,720575941566989719,86289,JO-B,chordotonal_organ_neuron,johnstons_organ_B_neuron,sensory,,left,acetylcholine,antenna,
,720575941542190109,86316,JO-F,chordotonal_organ_neuron,johnstons_organ_F_neuron,sensory,,right,acetylcholine,antenna,
,720575941596635505,86331,JO-B,chordotonal_organ_neuron,johnstons_organ_B_neuron,sensory,,left,acetylcholine,antenna,
,720575941580632309,86401,JO-B,chordotonal_organ_neuron,johnstons_organ_B_neuron,sensory,,left,acetylcholine,antenna,
,720575941603324662,86464,JO-C,chordotonal_organ_neuron,johnstons_organ_C_neuron,sensory,,left,acetylcholine,antenna,
,720575941644836434,86529,JO-B,chordotonal_organ_neuron,johnstons_organ_B_neuron,sensory,,right,acetylcholine,antenna,
,720575941452606074,86607,JO-B,chordotonal_organ_neuron,johnstons_organ_B_neuron,sensory,,left,acetylcholine,antenna,
,720575941644835666,86617,JO-B,chordotonal_organ_neuron,johnstons_organ_B_neuron,sensory,,left,acetylcholine,antenna,
,720575941646507169,86631,JO-EDP,chordotonal_organ_neuron,johnstons_organ_E_neuron,sensory,,left,acetylcholine,antenna,
,720575941629925414,86657,JO-B,chordotonal_organ_neuron,johnstons_organ_B_neuron,sensory,,left,acetylcholine,antenna,
,720575941626772844,86722,JO-E,chordotonal_organ_neuron,johnstons_organ_E_neuron,sensory,,left,acetylcholine,antenna,
,720575941461813648,86734,JO-F,chordotonal_organ_neuron,johnstons_organ_F_neuron,sensory,,right,acetylcholine,antenna,
,720575941453411450,86736,JO-B,chordotonal_organ_neuron,johnstons_organ_B_neuron,sensory,,left,,antenna,
,720575941535651672,86737,JO-B,chordotonal_organ_neuron,johnstons_organ_B_neuron,sensory,,left,acetylcholine,antenna,
,720575941567100519,86785,JO-B,chordotonal_organ_neuron,johnstons_organ_B_neuron,sensory,,left,acetylcholine,antenna,
,720575941550704445,86795,JO-E,chordotonal_organ_neuron,johnstons_organ_E_neuron,sensory,,left,acetylcholine,antenna,
,720575941519637932,86797,JO-E,chordotonal_organ_neuron,johnstons_organ_E_neuron,sensory,,right,acetylcholine,antenna,
,720575941628615737,86804,JO-B,chordotonal_organ_neuron,johnstons_organ_B_neuron,sensory,,left,acetylcholine,antenna,
,720575941580628981,86809,JO-B,chordotonal_organ_neuron,johnstons_organ_B_neuron,sensory,,left,acetylcholine,antenna,
,720575941564865682,86813,JO-B,chordotonal_organ_neuron,johnstons_organ_B_neuron,sensory,,left,acetylcholine,antenna,
,720575941430667951,86815,JO-F,chordotonal_organ_neuron,johnstons_organ_F_neuron,sensory,,left,acetylcholine,antenna,
,720575941645016421,86818,JO-B,chordotonal_organ_neuron,johnstons_organ_B_neuron,sensory,,left,acetylcholine,antenna,
,720575941476614196,86826,JO-F,chordotonal_organ_neuron,johnstons_organ_F_neuron,sensory,,right,acetylcholine,antenna,
,720575941479087210,86832,JO-B,chordotonal_organ_neuron,johnstons_organ_B_neuron,sensory,,left,acetylcholine,antenna,
,720575941447067924,86837,JO-B,chordotonal_organ_neuron,johnstons_organ_B_neuron,sensory,,right,acetylcholine,antenna,
,720575941574005064,86841,JO-E,chordotonal_organ_neuron,johnstons_organ_E_neuron,sensory,,left,acetylcholine,antenna,
,720575941511291152,86842,JO-B,chordotonal_organ_neuron,johnstons_organ_B_neuron,sensory,,left,acetylcholine,antenna,
,720575941639884661,86843,JO-B,chordotonal_organ_neuron,johnstons_organ_B_neuron,sensory,,left,acetylcholine,antenna,
,720575941575405577,86847,JO-B,chordotonal_organ_neuron,johnstons_organ_B_neuron,sensory,,right,acetylcholine,antenna,
,720575941580622581,86848,JO-E,chordotonal_organ_neuron,johnstons_organ_E_neuron,sensory,,right,acetylcholine,antenna,
,720575941477909534,86852,JO-B,chordotonal_organ_neuron,johnstons_organ_B_neuron,sensory,,left,acetylcholine,antenna,
,720575941442634703,86854,JO-B,chordotonal_organ_neuron,johnstons_organ_B_neuron,sensory,,left,acetylcholine,antenna,
,720575941602230057,86855,JO-B,chordotonal_organ_neuron,johnstons_organ_B_neuron,sensory,,right,gaba,antenna,
,720575941437628704,86856,JO-B,chordotonal_organ_neuron,johnstons_organ_B_neuron,sensory,,left,acetylcholine,antenna,
,720575941659692624,86857,JO-B,chordotonal_organ_neuron,johnstons_organ_B_neuron,sensory,,left,acetylcholine,antenna,
,720575941575404297,86858,JO-A,chordotonal_organ_neuron,johnstons_organ_A_neuron,sensory,,left,acetylcholine,antenna,
,720575941442633935,86862,JO-B,chordotonal_organ_neuron,johnstons_organ_B_neuron,sensory,,left,acetylcholine,antenna,
,720575941680280509,86868,JO-C,chordotonal_organ_neuron,johnstons_organ_C_neuron,sensory,,left,gaba,antenna,
,720575941517460371,86874,JO-B,chordotonal_organ_neuron,johnstons_organ_B_neuron,sensory,,left,acetylcholine,antenna,
,720575941450422709,86875,JO-B,chordotonal_organ_neuron,johnstons_organ_B_neuron,sensory,,left,gaba,antenna,
,720575941597042309,86877,JO-B,chordotonal_organ_neuron,johnstons_organ_B_neuron,sensory,,left,acetylcholine,antenna,
,720575941545502725,86878,JO-E,chordotonal_organ_neuron,johnstons_organ_E_neuron,sensory,,left,acetylcholine,antenna,
,720575941520281523,86882,JO-B,chordotonal_organ_neuron,johnstons_organ_B_neuron,sensory,,right,acetylcholine,antenna,
,720575941559596915,86885,JO-B,chordotonal_organ_neuron,johnstons_organ_B_neuron,sensory,,right,gaba,antenna,
,720575941733241899,86887,JO-B,chordotonal_organ_neuron,johnstons_organ_B_neuron,sensory,,left,acetylcholine,antenna,
,720575941513755980,86889,JO-F,chordotonal_organ_neuron,johnstons_organ_F_neuron,sensory,,right,acetylcholine,antenna,
,720575941545502213,86891,JO-B,chordotonal_organ_neuron,johnstons_organ_B_neuron,sensory,,left,acetylcholine,antenna,
,720575941500584354,86897,JO-B,chordotonal_organ_neuron,johnstons_organ_B_neuron,sensory,,left,acetylcholine,antenna,
,720575941451924551,86900,JO-B,chordotonal_organ_neuron,johnstons_organ_B_neuron,sensory,,right,acetylcholine,antenna,
,720575941394227716,86901,JO-B,chordotonal_organ_neuron,johnstons_organ_B_neuron,sensory,,right,acetylcholine,antenna,
,720575941573891337,86905,JO-F,chordotonal_organ_neuron,johnstons_organ_F_neuron,sensory,,left,acetylcholine,antenna,
,720575941559533583,86906,JO-B,chordotonal_organ_neuron,johnstons_organ_B_neuron,sensory,,right,acetylcholine,antenna,
,720575941600019753,86908,JO-B,chordotonal_organ_neuron,johnstons_organ_B_neuron,sensory,,right,acetylcholine,antenna,
,720575941449302292,86909,JO-B,chordotonal_organ_neuron,johnstons_organ_B_neuron,sensory,,left,acetylcholine,antenna,
,720575941663147832,86910,JO-B,chordotonal_organ_neuron,johnstons_organ_B_neuron,sensory,,right,acetylcholine,antenna,
,720575941546307433,86911,JO-C,chordotonal_organ_neuron,johnstons_organ_C_neuron,sensory,,right,acetylcholine,antenna,
,720575941431026351,86912,JO-B,chordotonal_organ_neuron,johnstons_organ_B_neuron,sensory,,left,acetylcholine,antenna,
,720575941552602879,86913,JO-E,chordotonal_organ_neuron,johnstons_organ_E_neuron,sensory,,right,acetylcholine,antenna,
,720575941670997159,86915,JO-B,chordotonal_organ_neuron,johnstons_organ_B_neuron,sensory,,right,acetylcholine,antenna,
,720575941506948668,86916,JO-B,chordotonal_organ_neuron,johnstons_organ_B_neuron,sensory,,right,acetylcholine,antenna,
,720575941506948156,86920,JO-E,chordotonal_organ_neuron,johnstons_organ_E_neuron,sensory,,right,acetylcholine,antenna,
,720575941543187036,86921,JO-B,chordotonal_organ_neuron,johnstons_organ_B_neuron,sensory,,right,acetylcholine,antenna,
,720575941582313337,86922,JO-E,chordotonal_organ_neuron,johnstons_organ_E_neuron,sensory,,right,acetylcholine,antenna,
,720575941411946923,86923,JO-B,chordotonal_organ_neuron,johnstons_organ_B_neuron,sensory,,right,gaba,antenna,
,720575941452335943,86924,JO-F,chordotonal_organ_neuron,johnstons_organ_F_neuron,sensory,,right,,antenna,
,720575941500377161,86930,JO-E,chordotonal_organ_neuron,johnstons_organ_E_neuron,sensory,,left,acetylcholine,antenna,
,720575941564358407,86932,JO-B,chordotonal_organ_neuron,johnstons_organ_B_neuron,sensory,,right,acetylcholine,antenna,
,720575941541982845,86933,JO-B,chordotonal_organ_neuron,johnstons_organ_B_neuron,sensory,,right,acetylcholine,antenna,
,720575941462828045,86934,JO-B,chordotonal_organ_neuron,johnstons_organ_B_neuron,sensory,,left,,antenna,
,720575941564357127,86935,JO-B,chordotonal_organ_neuron,johnstons_organ_B_neuron,sensory,,right,acetylcholine,antenna,
,720575941451448413,86936,JO-B,chordotonal_organ_neuron,johnstons_organ_B_neuron,sensory,,right,gaba,antenna,
,720575941536789987,86938,JO-B,chordotonal_organ_neuron,johnstons_organ_B_neuron,sensory,,right,acetylcholine,antenna,
,720575941568133166,86944,JO-B,chordotonal_organ_neuron,johnstons_organ_B_neuron,sensory,,right,acetylcholine,antenna,
,720575941527670861,86947,JO-E,chordotonal_organ_neuron,johnstons_organ_E_neuron,sensory,,left,acetylcholine,antenna,
,720575941544127068,86951,JO-A,chordotonal_organ_neuron,johnstons_organ_A_neuron,sensory,,left,acetylcholine,antenna,
,720575941521206195,86953,JO-C,chordotonal_organ_neuron,johnstons_organ_C_neuron,sensory,,left,acetylcholine,antenna,
,720575941516461155,86954,JO-E,chordotonal_organ_neuron,johnstons_organ_E_neuron,sensory,,left,acetylcholine,antenna,
,720575941613384924,86960,JO-E,chordotonal_organ_neuron,johnstons_organ_E_neuron,sensory,,left,acetylcholine,antenna,
,720575941702751194,86965,JO-B,chordotonal_organ_neuron,johnstons_organ_B_neuron,sensory,,right,,antenna,
,720575941460619590,87123,JO-F,chordotonal_organ_neuron,johnstons_organ_F_neuron,sensory,,right,acetylcholine,antenna,
,720575941500577698,87439,JO-E,chordotonal_organ_neuron,johnstons_organ_E_neuron,sensory,,right,acetylcholine,antenna,
,720575941470373853,87453,JO-B,chordotonal_organ_neuron,johnstons_organ_B_neuron,sensory,,left,acetylcholine,antenna,
,720575941394218500,87621,JO-A,chordotonal_organ_neuron,johnstons_organ_A_neuron,sensory,,right,acetylcholine,antenna,
,720575941418104860,87625,JO-A,chordotonal_organ_neuron,johnstons_organ_A_neuron,sensory,,right,acetylcholine,antenna,
,720575941566677767,87653,JO-A,chordotonal_organ_neuron,johnstons_organ_A_neuron,sensory,,right,acetylcholine,antenna,
,720575941634363323,87686,JO-E,chordotonal_organ_neuron,johnstons_organ_E_neuron,sensory,,right,acetylcholine,antenna,
,720575941415611281,87699,JO-B,chordotonal_organ_neuron,johnstons_organ_B_neuron,sensory,,right,acetylcholine,antenna,
,720575941506898341,87710,JO-B,chordotonal_organ_neuron,johnstons_organ_B_neuron,sensory,,right,acetylcholine,antenna,
,720575941442661311,87712,JO-A,chordotonal_organ_neuron,johnstons_organ_A_neuron,sensory,,right,acetylcholine,antenna,
,720575941451369799,87713,JO-A,chordotonal_organ_neuron,johnstons_organ_A_neuron,sensory,,right,acetylcholine,antenna,
,720575941655648473,87714,JO-B,chordotonal_organ_neuron,johnstons_organ_B_neuron,sensory,,right,acetylcholine,antenna,
,720575941520226670,87716,JO-B,chordotonal_organ_neuron,johnstons_organ_B_neuron,sensory,,right,acetylcholine,antenna,
,720575941481973634,87718,JO-B,chordotonal_organ_neuron,johnstons_organ_B_neuron,sensory,,right,acetylcholine,antenna,
,720575941470371293,87719,JO-E,chordotonal_organ_neuron,johnstons_organ_E_neuron,sensory,,right,acetylcholine,antenna,
,720575941509184129,87722,JO-B,chordotonal_organ_neuron,johnstons_organ_B_neuron,sensory,,right,acetylcholine,antenna,
,720575941651874801,87723,JO-B,chordotonal_organ_neuron,johnstons_organ_B_neuron,sensory,,right,acetylcholine,antenna,
,720575941658321488,87724,JO-A,chordotonal_organ_neuron,johnstons_organ_A_neuron,sensory,,right,acetylcholine,antenna,
,720575941521069528,87725,JO-E,chordotonal_organ_neuron,johnstons_organ_E_neuron,sensory,,right,acetylcholine,antenna,
,720575941470970635,87728,JO-B,chordotonal_organ_neuron,johnstons_organ_B_neuron,sensory,,right,acetylcholine,antenna,
,720575941500571298,87729,JO-B,chordotonal_organ_neuron,johnstons_organ_B_neuron,sensory,,right,acetylcholine,antenna,
,720575941459224134,87730,JO-B,chordotonal_organ_neuron,johnstons_organ_B_neuron,sensory,,right,acetylcholine,antenna,
,720575941535240970,87731,JO-B,chordotonal_organ_neuron,johnstons_organ_B_neuron,sensory,,right,acetylcholine,antenna,
,720575941481464800,88054,JO-A,chordotonal_organ_neuron,johnstons_organ_A_neuron,sensory,,left,acetylcholine,antenna,
,720575941634357179,88145,JO-E,chordotonal_organ_neuron,johnstons_organ_E_neuron,sensory,,right,acetylcholine,antenna,
,720575941481306563,88189,JO-F,chordotonal_organ_neuron,johnstons_organ_F_neuron,sensory,,right,acetylcholine,antenna,
,720575941479576544,88217,JO-F,chordotonal_organ_neuron,johnstons_organ_F_neuron,sensory,,right,acetylcholine,antenna,
,720575941692086491,88220,JO-E,chordotonal_organ_neuron,johnstons_organ_E_neuron,sensory,,right,acetylcholine,antenna,
,720575941555061383,88244,JO-E,chordotonal_organ_neuron,johnstons_organ_E_neuron,sensory,,right,acetylcholine,antenna,
,720575941541768540,88250,JO-F,chordotonal_organ_neuron,johnstons_organ_F_neuron,sensory,,right,acetylcholine,antenna,
,720575941541924989,88256,JO-B,chordotonal_organ_neuron,johnstons_organ_B_neuron,sensory,,right,acetylcholine,antenna,
,720575941627255634,88258,JO-A,chordotonal_organ_neuron,johnstons_organ_A_neuron,sensory,,right,acetylcholine,antenna,
,720575941585936606,88263,JO-B,chordotonal_organ_neuron,johnstons_organ_B_neuron,sensory,,right,acetylcholine,antenna,
,720575941520919256,88269,JO-B,chordotonal_organ_neuron,johnstons_organ_B_neuron,sensory,,right,acetylcholine,antenna,
,720575941615081180,88272,JO-B,chordotonal_organ_neuron,johnstons_organ_B_neuron,sensory,,right,acetylcholine,antenna,
,720575941522564279,88733,JO-A,chordotonal_organ_neuron,johnstons_organ_A_neuron,sensory,,left,acetylcholine,antenna,
,720575941605412086,88895,JO-A,chordotonal_organ_neuron,johnstons_organ_A_neuron,sensory,,right,acetylcholine,antenna,
,720575941431167407,88920,JO-C,chordotonal_organ_neuron,johnstons_organ_C_neuron,sensory,,right,acetylcholine,antenna,
,720575941472663927,88928,JO-B,chordotonal_organ_neuron,johnstons_organ_B_neuron,sensory,,right,acetylcholine,antenna,
,720575941555574867,88929,JO-F,chordotonal_organ_neuron,johnstons_organ_F_neuron,sensory,,right,acetylcholine,antenna,
,720575941627698028,88932,JO-A,chordotonal_organ_neuron,johnstons_organ_A_neuron,sensory,,left,acetylcholine,antenna,
,720575941524979019,88935,JO-E,chordotonal_organ_neuron,johnstons_organ_E_neuron,sensory,,right,acetylcholine,antenna,
,720575941560623854,88938,JO-E,chordotonal_organ_neuron,johnstons_organ_E_neuron,sensory,,left,acetylcholine,antenna,
,720575941529871288,89007,JO-F,chordotonal_organ_neuron,johnstons_organ_F_neuron,sensory,,right,acetylcholine,antenna,
,720575941506889381,89517,JO-E,chordotonal_organ_neuron,johnstons_organ_E_neuron,sensory,,left,acetylcholine,antenna,
,720575941566255207,89575,JO-C,chordotonal_organ_neuron,johnstons_organ_C_neuron,sensory,,left,acetylcholine,antenna,
,720575941575400201,89582,JO-E,chordotonal_organ_neuron,johnstons_organ_E_neuron,sensory,,right,acetylcholine,antenna,
,720575941483091130,89611,JO-F,chordotonal_organ_neuron,johnstons_organ_F_neuron,sensory,,right,acetylcholine,antenna,
,720575941532830923,91146,JO-A,chordotonal_organ_neuron,johnstons_organ_A_neuron,sensory,,left,acetylcholine,antenna,
,720575941570057722,91254,JO-A,chordotonal_organ_neuron,johnstons_organ_A_neuron,sensory,,left,acetylcholine,antenna,
,720575941474588768,91546,JO-E,chordotonal_organ_neuron,johnstons_organ_E_neuron,sensory,,right,acetylcholine,antenna,
,720575941612768941,91584,JO-B,chordotonal_organ_neuron,johnstons_organ_B_neuron,sensory,,right,acetylcholine,antenna,
,720575941612757165,91631,JO-B,chordotonal_organ_neuron,johnstons_organ_B_neuron,sensory,,left,acetylcholine,antenna,
,720575941489933109,91644,JO-A,chordotonal_organ_neuron,johnstons_organ_A_neuron,sensory,,right,gaba,antenna,
,720575941441363919,91652,JO-A,chordotonal_organ_neuron,johnstons_organ_A_neuron,sensory,,left,acetylcholine,antenna,
,720575941625566828,91656,JO-B,chordotonal_organ_neuron,johnstons_organ_B_neuron,sensory,,right,acetylcholine,antenna,
,720575941477919284,91670,JO-B,chordotonal_organ_neuron,johnstons_organ_B_neuron,sensory,,left,,antenna,
,720575941497189319,101129,JO-E,chordotonal_organ_neuron,johnstons_organ_E_neuron,sensory,,left,acetylcholine,antenna,
,720575941477935156,101171,JO-A,chordotonal_organ_neuron,johnstons_organ_A_neuron,sensory,,left,gaba,antenna,
,720575941631150060,101185,JO-A,chordotonal_organ_neuron,johnstons_organ_A_neuron,sensory,,left,acetylcholine,antenna,
,720575941440204076,101220,JO-E,chordotonal_organ_neuron,johnstons_organ_E_neuron,sensory,,left,acetylcholine,antenna,
,720575941491988681,101243,JO-E,chordotonal_organ_neuron,johnstons_organ_E_neuron,sensory,,left,acetylcholine,antenna,
,720575941691722648,101245,JO-E,chordotonal_organ_neuron,johnstons_organ_E_neuron,sensory,,left,acetylcholine,antenna,
,720575941478328170,101249,JO-C,chordotonal_organ_neuron,johnstons_organ_C_neuron,sensory,,left,acetylcholine,antenna,
,720575941596764967,101252,JO-E,chordotonal_organ_neuron,johnstons_organ_E_neuron,sensory,,left,acetylcholine,antenna,
,720575941442216795,101253,JO-E,chordotonal_organ_neuron,johnstons_organ_E_neuron,sensory,,left,acetylcholine,antenna,
,720575941547475132,101264,JO-E,chordotonal_organ_neuron,johnstons_organ_E_neuron,sensory,,left,,antenna,
,720575941470870647,101320,JO-B,chordotonal_organ_neuron,johnstons_organ_B_neuron,sensory,,right,acetylcholine,antenna,
,720575941477703985,101328,JO-B,chordotonal_organ_neuron,johnstons_organ_B_neuron,sensory,,left,acetylcholine,antenna,
,720575941598988188,101329,JO-E,chordotonal_organ_neuron,johnstons_organ_E_neuron,sensory,,left,acetylcholine,antenna,
,720575941539080597,101331,JO-mz,chordotonal_organ_neuron,johnstons_organ_other_neuron,sensory,,left,acetylcholine,antenna,
,720575941526119524,101337,JO-B,chordotonal_organ_neuron,johnstons_organ_B_neuron,sensory,,right,acetylcholine,antenna,
,720575941506925372,101338,JO-E,chordotonal_organ_neuron,johnstons_organ_E_neuron,sensory,,left,acetylcholine,antenna,
,720575941477921076,101343,JO-B,chordotonal_organ_neuron,johnstons_organ_B_neuron,sensory,,right,acetylcholine,antenna,
,720575941440918363,101356,JO-F,chordotonal_organ_neuron,johnstons_organ_F_neuron,sensory,,right,acetylcholine,antenna,
,720575941587410398,101358,JO-E,chordotonal_organ_neuron,johnstons_organ_E_neuron,sensory,,right,acetylcholine,antenna,
,720575941644827474,101364,JO-E,chordotonal_organ_neuron,johnstons_organ_E_neuron,sensory,,left,acetylcholine,antenna,
