display_name,root_id,cell_type,cell_class,cell_sub_class,super_class,super_cluster,side,neurotransmitter,body_part_sensory,body_part_effector
DNp38,720575941502734475,DNp38,descending_neuron,descending_neuron,descending,threat response,left,acetylcholine,unknown,NA
DNp38,720575941413189999,DNp38,descending_neuron,descending_neuron,descending,threat response,right,acetylcholine,unknown,NA
DNg100,720575941626500746,DNg100,descending_neuron,descending_neuron,descending,walking,left,acetylcholine,unknown,NA
DNg100,720575941500851362,DNg100,descending_neuron,descending_neuron,descending,walking,right,acetylcholine,unknown,NA
AN09B029_b,720575941594293032,AN09B029_b,ascending_neuron,ascending_neuron,ascending,taste-touch,left,acetylcholine,unknown,NA
AN09B029_b,720575941484372221,AN09B029_b,ascending_neuron,ascending_neuron,ascending,taste-touch,right,acetylcholine,unknown,NA
AN02A002,720575941474101344,AN02A002,ascending_neuron,ascending_neuron,ascending,probing,left,glutamate,unknown,NA
AN02A002,720575941483106243,AN02A002,ascending_neuron,ascending_neuron,ascending,probing,left,glutamate,unknown,NA
front_leg_motor_neuron,720575941448798133,femur_reductor,leg_motor_neuron,front_leg_motor_neuron,motor,front leg,right,glutamate,unknown,front_leg
front_leg_motor_neuron,720575941561204626,femur_reductor,leg_motor_neuron,front_leg_motor_neuron,motor,front leg,left,glutamate,unknown,front_leg
front_leg_motor_neuron,720575941511197516,long_tendon_muscle_B_femur,leg_motor_neuron,front_leg_motor_neuron,motor,front leg,right,gaba,unknown,front_leg
front_leg_motor_neuron,720575941692129243,sternal_anterior_rotator_miller_31,leg_motor_neuron,front_leg_motor_neuron,motor,front leg,right,gaba,unknown,front_leg
front_leg_motor_neuron,720575941524748877,long_tendon_muscle_B,leg_motor_neuron,front_leg_motor_neuron,motor,front leg,left,gaba,unknown,front_leg
front_leg_motor_neuron,720575941656372304,trochanter_flexor_VProN,leg_motor_neuron,front_leg_motor_neuron,motor,front leg,right,gaba,unknown,front_leg
front_leg_motor_neuron,720575941518204888,tergopleural_promotor_pleural_promotor_miller_28_30,leg_motor_neuron,front_leg_motor_neuron,motor,front leg,right,gaba,unknown,front_leg
front_leg_motor_neuron,720575941499964555,sternal_adductor_ProAN,leg_motor_neuron,front_leg_motor_neuron,motor,front leg,right,octopamine,unknown,front_leg
front_leg_motor_neuron,720575941461333648,tergotrochanter_extensor,leg_motor_neuron,front_leg_motor_neuron,motor,front leg,left,gaba,unknown,front_leg
front_leg_motor_neuron,720575941566924135,femur_reductor_tiny,leg_motor_neuron,front_leg_motor_neuron,motor,middle-hind leg,right,NA,unknown,front_leg
front_leg_motor_neuron,720575941667370739,tibia_flexor,leg_motor_neuron,front_leg_motor_neuron,motor,front leg,left,glutamate,unknown,front_leg
front_leg_motor_neuron,720575941511883985,trochanter_flexor_posterior_soma,leg_motor_neuron,front_leg_motor_neuron,motor,front leg,left,NA,unknown,front_leg
front_leg_motor_neuron,720575941532427754,trochanter_flexor_posterior_soma,leg_motor_neuron,front_leg_motor_neuron,motor,front leg,left,gaba,unknown,front_leg
front_leg_motor_neuron,720575941610029642,accessory_tibia_flexor_B,leg_motor_neuron,front_leg_motor_neuron,motor,front leg,left,dopamine,unknown,front_leg
front_leg_motor_neuron,720575941515355795,accessory_tibia_flexor_A_out_of_bundle,leg_motor_neuron,front_leg_motor_neuron,motor,front leg,left,glutamate,unknown,front_leg
front_leg_motor_neuron,720575941435830546,long_tendon_muscle_B,leg_motor_neuron,front_leg_motor_neuron,motor,front leg,left,gaba,unknown,front_leg
front_leg_motor_neuron,720575941481179066,tibia_flexor_Fast,leg_motor_neuron,front_leg_motor_neuron,motor,front leg,left,glutamate,unknown,front_leg
front_leg_motor_neuron,720575941627155238,accessory_tibia_flexor_B,leg_motor_neuron,front_leg_motor_neuron,motor,front leg,left,glutamate,unknown,front_leg
front_leg_motor_neuron,720575941720479034,trochanter_extensor,leg_motor_neuron,front_leg_motor_neuron,motor,front leg,left,gaba,unknown,front_leg
front_leg_motor_neuron,720575941668683687,tergopleural_promotor_pleural_promotor,leg_motor_neuron,front_leg_motor_neuron,motor,front leg,left,gaba,unknown,front_leg
front_leg_motor_neuron,720575941406488494,accessory_tibia_flexor_A,leg_motor_neuron,front_leg_motor_neuron,motor,front leg,left,gaba,unknown,front_leg
front_leg_motor_neuron,720575941506261538,tergopleural_promotor_pleural_promotor,leg_motor_neuron,front_leg_motor_neuron,motor,front leg,left,gaba,unknown,front_leg
front_leg_motor_neuron,720575941497568199,tibia_flexor,leg_motor_neuron,front_leg_motor_neuron,motor,front leg,left,glutamate,unknown,front_leg
front_leg_motor_neuron,720575941489123047,long_tendon_muscle_B,leg_motor_neuron,front_leg_motor_neuron,motor,front leg,left,gaba,unknown,front_leg
front_leg_motor_neuron,720575941408338862,tergotrochanter_extensor,leg_motor_neuron,front_leg_motor_neuron,motor,front leg,left,gaba,unknown,front_leg
front_leg_motor_neuron,720575941639506207,tergotrochanter_extensor,leg_motor_neuron,front_leg_motor_neuron,motor,front leg,left,gaba,unknown,front_leg
front_leg_motor_neuron,720575941621725948,tarsus_depressor_dipalpha_ventralU,leg_motor_neuron,front_leg_motor_neuron,motor,front leg,left,glutamate,unknown,front_leg
front_leg_motor_neuron,720575941582911865,tergopleural_promotor_pleural_promotor,leg_motor_neuron,front_leg_motor_neuron,motor,front leg,left,gaba,unknown,front_leg
front_leg_motor_neuron,720575941469052535,femur_reductor,leg_motor_neuron,front_leg_motor_neuron,motor,front leg,left,glutamate,unknown,front_leg
front_leg_motor_neuron,720575941501929010,long_tendon_muscle_A,leg_motor_neuron,front_leg_motor_neuron,motor,front leg,left,gaba,unknown,front_leg
front_leg_motor_neuron,720575941527847608,sternal_adductor,leg_motor_neuron,front_leg_motor_neuron,motor,front leg,left,octopamine,unknown,front_leg
front_leg_motor_neuron,720575941642303944,tergotrochanter_extensor,leg_motor_neuron,front_leg_motor_neuron,motor,front leg,left,gaba,unknown,front_leg
front_leg_motor_neuron,720575941551356570,trochanter_flexor_VProN,leg_motor_neuron,front_leg_motor_neuron,motor,front leg,left,glutamate,unknown,front_leg
front_leg_motor_neuron,720575941536923624,trochanter_flexor_ProAN,leg_motor_neuron,front_leg_motor_neuron,motor,front leg,left,glutamate,unknown,front_leg
front_leg_motor_neuron,720575941455787245,sternal_anterior_rotator,leg_motor_neuron,front_leg_motor_neuron,motor,front leg,left,gaba,unknown,front_leg
front_leg_motor_neuron,720575941548546696,pleural_remotor_and_abductor,leg_motor_neuron,front_leg_motor_neuron,motor,front leg,left,gaba,unknown,front_leg
front_leg_motor_neuron,720575941570833736,accessory_tibia_flexor_B,leg_motor_neuron,front_leg_motor_neuron,motor,front leg,left,glutamate,unknown,front_leg
front_leg_motor_neuron,720575941563973174,femur_reductor_tiny,leg_motor_neuron,front_leg_motor_neuron,motor,front leg,left,NA,unknown,front_leg
front_leg_motor_neuron,720575941498960546,tergopleural_promotor_pleural_promotor,leg_motor_neuron,front_leg_motor_neuron,motor,front leg,left,acetylcholine,unknown,front_leg
front_leg_motor_neuron,720575941505660801,long_tendon_muscle_B,leg_motor_neuron,front_leg_motor_neuron,motor,front leg,left,gaba,unknown,front_leg
front_leg_motor_neuron,720575941507031612,sternotrochanter_extensor,leg_motor_neuron,front_leg_motor_neuron,motor,front leg,left,gaba,unknown,front_leg
front_leg_motor_neuron,720575941583323358,accessory_tibia_flexor_C,leg_motor_neuron,front_leg_motor_neuron,motor,front leg,left,gaba,unknown,front_leg
front_leg_motor_neuron,720575941531923147,sternal_anterior_rotator,leg_motor_neuron,front_leg_motor_neuron,motor,front leg,left,gaba,unknown,front_leg
front_leg_motor_neuron,720575941516874094,sternotrochanter_extensor,leg_motor_neuron,front_leg_motor_neuron,motor,front leg,left,gaba,unknown,front_leg
front_leg_motor_neuron,720575941494164864,pleural_remotor_and_abductor,leg_motor_neuron,front_leg_motor_neuron,motor,front leg,left,acetylcholine,unknown,front_leg
front_leg_motor_neuron,720575941508205185,femur_reductor_tiny,leg_motor_neuron,front_leg_motor_neuron,motor,front leg,left,NA,unknown,front_leg
front_leg_motor_neuron,720575941479472258,accessory_tibia_flexor_B,leg_motor_neuron,front_leg_motor_neuron,motor,front leg,left,glutamate,unknown,front_leg
front_leg_motor_neuron,720575941720492346,tarsus_depressor_B,leg_motor_neuron,front_leg_motor_neuron,motor,front leg,left,glutamate,unknown,front_leg
front_leg_motor_neuron,720575941464925462,long_tendon_muscle_B,leg_motor_neuron,front_leg_motor_neuron,motor,front leg,left,gaba,unknown,front_leg
front_leg_motor_neuron,720575941411838612,long_tendon_muscle_B,leg_motor_neuron,front_leg_motor_neuron,motor,front leg,left,octopamine,unknown,front_leg
front_leg_motor_neuron,720575941402088304,sternal_posterior_rotator,leg_motor_neuron,front_leg_motor_neuron,motor,front leg,left,gaba,unknown,front_leg
front_leg_motor_neuron,720575941611361811,tarsus_levator_D,leg_motor_neuron,front_leg_motor_neuron,motor,front leg,left,glutamate,unknown,front_leg
front_leg_motor_neuron,720575941464194902,accessory_tibia_flexor_B,leg_motor_neuron,front_leg_motor_neuron,motor,front leg,left,gaba,unknown,front_leg
front_leg_motor_neuron,720575941542454876,tibia_flexor,leg_motor_neuron,front_leg_motor_neuron,motor,front leg,left,glutamate,unknown,front_leg
front_leg_motor_neuron,720575941460703245,femur_reductor,leg_motor_neuron,front_leg_motor_neuron,motor,front leg,left,glutamate,unknown,front_leg
front_leg_motor_neuron,720575941518851694,trochanter_flexor_ProAN,leg_motor_neuron,front_leg_motor_neuron,motor,front leg,left,glutamate,unknown,front_leg
front_leg_motor_neuron,720575941527458562,trochanter_flexor_ProAN,leg_motor_neuron,front_leg_motor_neuron,motor,front leg,left,gaba,unknown,front_leg
front_leg_motor_neuron,720575941590872171,accessory_tibia_flexor_A,leg_motor_neuron,front_leg_motor_neuron,motor,front leg,left,glutamate,unknown,front_leg
front_leg_motor_neuron,720575941478577231,tibia_extensor_SETi,leg_motor_neuron,front_leg_motor_neuron,motor,front leg,left,gaba,unknown,front_leg
front_leg_motor_neuron,720575941595856540,accessory_tibia_flexor_B,leg_motor_neuron,front_leg_motor_neuron,motor,front leg,left,glutamate,unknown,front_leg
front_leg_motor_neuron,720575941486064962,femur_reductor,leg_motor_neuron,front_leg_motor_neuron,motor,front leg,left,acetylcholine,unknown,front_leg
front_leg_motor_neuron,720575941561977088,tarsus_depressor_B,leg_motor_neuron,front_leg_motor_neuron,motor,front leg,left,octopamine,unknown,front_leg
front_leg_motor_neuron,720575941549009663,sternal_posterior_rotator,leg_motor_neuron,front_leg_motor_neuron,motor,front leg,left,gaba,unknown,front_leg
front_leg_motor_neuron,720575941639281525,tibia_extensor_FETi,leg_motor_neuron,front_leg_motor_neuron,motor,front leg,left,gaba,unknown,front_leg
front_leg_motor_neuron,720575941483515389,trochanter_extensor_LinJ,leg_motor_neuron,front_leg_motor_neuron,motor,front leg,left,gaba,unknown,front_leg
front_leg_motor_neuron,720575941568546418,tergotrochanter_extensor,leg_motor_neuron,front_leg_motor_neuron,motor,front leg,right,acetylcholine,unknown,front_leg
front_leg_motor_neuron,720575941557543918,tibia_flexor,leg_motor_neuron,front_leg_motor_neuron,motor,front leg,right,gaba,unknown,front_leg
front_leg_motor_neuron,720575941551010695,tibia_flexor,leg_motor_neuron,front_leg_motor_neuron,motor,front leg,right,gaba,unknown,front_leg
front_leg_motor_neuron,720575941593715569,pleural_remotor_and_abductor_miller_29,leg_motor_neuron,front_leg_motor_neuron,motor,front leg,right,gaba,unknown,front_leg
front_leg_motor_neuron,720575941722047290,tarsus_depressor_dipalpha_ventralU,leg_motor_neuron,front_leg_motor_neuron,motor,front leg,right,glutamate,unknown,front_leg
front_leg_motor_neuron,720575941488203209,long_tendon_muscle_B,leg_motor_neuron,front_leg_motor_neuron,motor,front leg,right,gaba,unknown,front_leg
front_leg_motor_neuron,720575941649909489,femur_reductor,leg_motor_neuron,front_leg_motor_neuron,motor,front leg,right,glutamate,unknown,front_leg
front_leg_motor_neuron,720575941538128626,long_tendon_muscle_B,leg_motor_neuron,front_leg_motor_neuron,motor,front leg,right,octopamine,unknown,front_leg
front_leg_motor_neuron,720575941559281679,accessory_tibia_flexor_A,leg_motor_neuron,front_leg_motor_neuron,motor,front leg,right,glutamate,unknown,front_leg
front_leg_motor_neuron,720575941478281440,tergotrochanter_extensor,leg_motor_neuron,front_leg_motor_neuron,motor,front leg,right,gaba,unknown,front_leg
front_leg_motor_neuron,720575941439667986,long_tendon_muscle_B_femur,leg_motor_neuron,front_leg_motor_neuron,motor,front leg,right,gaba,unknown,front_leg
front_leg_motor_neuron,720575941496126793,tarsus_depressor_B,leg_motor_neuron,front_leg_motor_neuron,motor,front leg,right,gaba,unknown,front_leg
front_leg_motor_neuron,720575941560573608,tarsus_depressor_retro_tarsus_depressor,leg_motor_neuron,front_leg_motor_neuron,motor,front leg,right,gaba,unknown,front_leg
front_leg_motor_neuron,720575941630970604,accessory_tibia_flexor_A,leg_motor_neuron,front_leg_motor_neuron,motor,front leg,right,gaba,unknown,front_leg
front_leg_motor_neuron,720575941691007896,pleural_remotor_and_abductor_miller_29,leg_motor_neuron,front_leg_motor_neuron,motor,front leg,right,acetylcholine,unknown,front_leg
front_leg_motor_neuron,720575941447846990,accessory_tibia_flexor_A,leg_motor_neuron,front_leg_motor_neuron,motor,front leg,right,gaba,unknown,front_leg
front_leg_motor_neuron,720575941450561358,trochanter_flexor_ProAN,leg_motor_neuron,front_leg_motor_neuron,motor,front leg,right,glutamate,unknown,front_leg
front_leg_motor_neuron,720575941428654255,tergopleural_promotor_pleural_promotor_miller_28_30,leg_motor_neuron,front_leg_motor_neuron,motor,front leg,right,gaba,unknown,front_leg
front_leg_motor_neuron,720575941553597502,femur_reductor_tiny,leg_motor_neuron,front_leg_motor_neuron,motor,front leg,right,NA,unknown,front_leg
front_leg_motor_neuron,720575941579753849,trochanter_flexor_VProN,leg_motor_neuron,front_leg_motor_neuron,motor,front leg,right,gaba,unknown,front_leg
front_leg_motor_neuron,720575941608273226,femur_reductor,leg_motor_neuron,front_leg_motor_neuron,motor,front leg,right,gaba,unknown,front_leg
front_leg_motor_neuron,720575941593802373,tergotrochanter_extensor,leg_motor_neuron,front_leg_motor_neuron,motor,front leg,right,gaba,unknown,front_leg
front_leg_motor_neuron,720575941593843589,sternotrochanter_extensor,leg_motor_neuron,front_leg_motor_neuron,motor,front leg,right,acetylcholine,unknown,front_leg
front_leg_motor_neuron,720575941531180261,sternal_anterior_rotator_miller_31,leg_motor_neuron,front_leg_motor_neuron,motor,front leg,right,gaba,unknown,front_leg
front_leg_motor_neuron,720575941564818688,accessory_trochanter_flexor,leg_motor_neuron,front_leg_motor_neuron,motor,front leg,right,gaba,unknown,front_leg
front_leg_motor_neuron,720575941399414563,trochanter_flexor_ProAN,leg_motor_neuron,front_leg_motor_neuron,motor,front leg,right,gaba,unknown,front_leg
front_leg_motor_neuron,720575941631837856,femur_reductor,leg_motor_neuron,front_leg_motor_neuron,motor,front leg,right,glutamate,unknown,front_leg
front_leg_motor_neuron,720575941547393825,tibia_flexor,leg_motor_neuron,front_leg_motor_neuron,motor,front leg,right,glutamate,unknown,front_leg
front_leg_motor_neuron,720575941501926706,long_tendon_muscle_B,leg_motor_neuron,front_leg_motor_neuron,motor,front leg,right,gaba,unknown,front_leg
front_leg_motor_neuron,720575941430029449,accessory_tibia_flexor_B,leg_motor_neuron,front_leg_motor_neuron,motor,front leg,right,octopamine,unknown,front_leg
front_leg_motor_neuron,720575941452885043,accessory_tibia_flexor_B,leg_motor_neuron,front_leg_motor_neuron,motor,front leg,right,gaba,unknown,front_leg
front_leg_motor_neuron,720575941561433746,tarsus_levator_D,leg_motor_neuron,front_leg_motor_neuron,motor,front leg,right,gaba,unknown,front_leg
front_leg_motor_neuron,720575941549819710,accessory_tibia_flexor_B,leg_motor_neuron,front_leg_motor_neuron,motor,front leg,right,gaba,unknown,front_leg
front_leg_motor_neuron,720575941667380979,sternotrochanter_extensor,leg_motor_neuron,front_leg_motor_neuron,motor,front leg,right,acetylcholine,unknown,front_leg
front_leg_motor_neuron,720575941605019582,tibia_extensor_SETi,leg_motor_neuron,front_leg_motor_neuron,motor,front leg,right,acetylcholine,unknown,front_leg
front_leg_motor_neuron,720575941527171000,accessory_trochanter_flexor,leg_motor_neuron,front_leg_motor_neuron,motor,front leg,right,gaba,unknown,front_leg
front_leg_motor_neuron,720575941592581671,long_tendon_muscle_A,leg_motor_neuron,front_leg_motor_neuron,motor,front leg,right,gaba,unknown,front_leg
front_leg_motor_neuron,720575941494146176,accessory_tibia_flexor_B,leg_motor_neuron,front_leg_motor_neuron,motor,front leg,right,glutamate,unknown,front_leg
front_leg_motor_neuron,720575941524966169,long_tendon_muscle_A,leg_motor_neuron,front_leg_motor_neuron,motor,front leg,right,glutamate,unknown,front_leg
front_leg_motor_neuron,720575941571652616,tarsus_depressor_B,leg_motor_neuron,front_leg_motor_neuron,motor,front leg,right,gaba,unknown,front_leg
front_leg_motor_neuron,720575941623147978,accessory_trochanter_flexor,leg_motor_neuron,front_leg_motor_neuron,motor,front leg,right,acetylcholine,unknown,front_leg
front_leg_motor_neuron,720575941636735861,sternal_posterior_rotator_miller_32,leg_motor_neuron,front_leg_motor_neuron,motor,front leg,right,gaba,unknown,front_leg
front_leg_motor_neuron,720575941625808330,sternal_posterior_rotator,leg_motor_neuron,front_leg_motor_neuron,motor,front leg,left,gaba,unknown,front_leg
front_leg_motor_neuron,720575941411709073,trochanter_extensor_LinJ,leg_motor_neuron,front_leg_motor_neuron,motor,front leg,right,acetylcholine,unknown,front_leg
front_leg_motor_neuron,720575941559978797,sternal_posterior_rotator_miller_32,leg_motor_neuron,front_leg_motor_neuron,motor,front leg,right,acetylcholine,unknown,front_leg
front_leg_motor_neuron,720575941391252886,trochanter_flexor_posterior_soma_ProAN,leg_motor_neuron,front_leg_motor_neuron,motor,front leg,right,gaba,unknown,front_leg
front_leg_motor_neuron,720575941595712448,sternal_posterior_rotator_miller_32,leg_motor_neuron,front_leg_motor_neuron,motor,front leg,right,gaba,unknown,front_leg
front_leg_motor_neuron,720575941353301552,sternal_posterior_rotator_miller_32,leg_motor_neuron,front_leg_motor_neuron,motor,front leg,right,octopamine,unknown,front_leg
front_leg_motor_neuron,720575941488205769,tibia_flexor,leg_motor_neuron,front_leg_motor_neuron,motor,front leg,left,glutamate,unknown,front_leg
front_leg_motor_neuron,720575941568724980,trochanter_flexor_VProN,leg_motor_neuron,front_leg_motor_neuron,motor,front leg,left,glutamate,unknown,front_leg
front_leg_motor_neuron,720575941524746573,trochanter_flexor_VProN,leg_motor_neuron,front_leg_motor_neuron,motor,front leg,left,glutamate,unknown,front_leg
front_leg_motor_neuron,720575941574013085,trochanter_flexor_posterior_soma_ProAN,leg_motor_neuron,front_leg_motor_neuron,motor,front leg,right,gaba,unknown,front_leg
front_leg_motor_neuron,720575941573516296,accessory_trochanter_flexor_posterior_soma_ProLN,leg_motor_neuron,front_leg_motor_neuron,motor,front leg,left,gaba,unknown,front_leg
front_leg_motor_neuron,720575941556297811,tergopleural_promotor_pleural_promotor_miller_28_30,leg_motor_neuron,front_leg_motor_neuron,motor,front leg,right,gaba,unknown,front_leg
front_leg_motor_neuron,720575941523368779,tergotrochanter_extensor,leg_motor_neuron,front_leg_motor_neuron,motor,front leg,right,gaba,unknown,front_leg
front_leg_motor_neuron,720575941623218172,tibia_flexor_Fast,leg_motor_neuron,front_leg_motor_neuron,motor,front leg,right,glutamate,unknown,front_leg
front_leg_motor_neuron,720575941504396567,trochanter_flexor_VProN,leg_motor_neuron,front_leg_motor_neuron,motor,front leg,right,gaba,unknown,front_leg
front_leg_motor_neuron,720575941592225831,tergopleural_promotor_pleural_promotor_miller_28_30,leg_motor_neuron,front_leg_motor_neuron,motor,front leg,right,gaba,unknown,front_leg
front_leg_motor_neuron,720575941488287797,tibia_extensor_FETi,leg_motor_neuron,front_leg_motor_neuron,motor,front leg,right,gaba,unknown,front_leg
front_leg_motor_neuron,720575941505568069,trochanter_flexor_ProAN,leg_motor_neuron,front_leg_motor_neuron,motor,front leg,right,glutamate,unknown,front_leg
front_leg_motor_neuron,720575941640958053,long_tendon_muscle_B,leg_motor_neuron,front_leg_motor_neuron,motor,front leg,right,gaba,unknown,front_leg
front_leg_motor_neuron,720575941469045111,accessory_tibia_flexor_B,leg_motor_neuron,front_leg_motor_neuron,motor,front leg,right,glutamate,unknown,front_leg
front_leg_motor_neuron,720575941524365337,long_tendon_muscle_A,leg_motor_neuron,front_leg_motor_neuron,motor,front leg,left,gaba,unknown,front_leg
front_leg_motor_neuron,720575941450546857,accessory_tibia_flexor_A,leg_motor_neuron,front_leg_motor_neuron,motor,front leg,left,glutamate,unknown,front_leg
front_leg_motor_neuron,720575941508453761,trochanter_extensor,leg_motor_neuron,front_leg_motor_neuron,motor,front leg,right,gaba,unknown,front_leg
front_leg_motor_neuron,720575941526437988,accessory_tibia_flexor_A_slow,leg_motor_neuron,front_leg_motor_neuron,motor,front leg,right,octopamine,unknown,front_leg
front_leg_motor_neuron,720575941518133464,sternal_posterior_rotator,leg_motor_neuron,front_leg_motor_neuron,motor,front leg,left,acetylcholine,unknown,front_leg
front_leg_motor_neuron,720575941531504357,accessory_trochanter_flexor_posterior_soma_ProLN,leg_motor_neuron,front_leg_motor_neuron,motor,front leg,left,gaba,unknown,front_leg
front_leg_motor_neuron,720575941545479868,accessory_trochanter_flexor,leg_motor_neuron,front_leg_motor_neuron,motor,front leg,left,gaba,unknown,front_leg
front_leg_motor_neuron,720575941643180901,accessory_tibia_flexor_A,leg_motor_neuron,front_leg_motor_neuron,motor,front leg,left,glutamate,unknown,front_leg
front_leg_motor_neuron,720575941565553920,accessory_tibia_flexor_C,leg_motor_neuron,front_leg_motor_neuron,motor,front leg,right,acetylcholine,unknown,front_leg
front_leg_motor_neuron,720575941590014007,accessory_tibia_flexor_A_out_of_bundle,leg_motor_neuron,front_leg_motor_neuron,motor,front leg,right,acetylcholine,unknown,front_leg
front_leg_motor_neuron,720575941626654410,tarsus_depressor_A,leg_motor_neuron,front_leg_motor_neuron,motor,front leg,right,gaba,unknown,front_leg
front_leg_motor_neuron,720575941580731001,tibia_flexor,leg_motor_neuron,front_leg_motor_neuron,motor,front leg,right,glutamate,unknown,front_leg
middle_leg_motor_neuron,720575941483728326,femur_reductor,leg_motor_neuron,middle_leg_motor_neuron,motor,middle-hind leg,left,gaba,unknown,middle_leg
middle_leg_motor_neuron,720575941513362252,femur_reductor,leg_motor_neuron,middle_leg_motor_neuron,motor,middle-hind leg,right,octopamine,unknown,middle_leg
middle_leg_motor_neuron,720575941594091397,trochanter_flexor_MesoAN,leg_motor_neuron,middle_leg_motor_neuron,motor,middle-hind leg,right,glutamate,unknown,middle_leg
middle_leg_motor_neuron,720575941443907754,trochanter_extensor_LinJ,leg_motor_neuron,middle_leg_motor_neuron,motor,middle-hind leg,left,acetylcholine,unknown,middle_leg
middle_leg_motor_neuron,720575941569766302,trochanter_flexor_MesoLN_ventral_5,leg_motor_neuron,middle_leg_motor_neuron,motor,middle-hind leg,right,glutamate,unknown,middle_leg
middle_leg_motor_neuron,720575941611369705,accessory_tibia_flexor_A,leg_motor_neuron,middle_leg_motor_neuron,motor,middle-hind leg,left,glutamate,unknown,middle_leg
middle_leg_motor_neuron,720575941442381738,sternotrochanter_extensor_MesoLN_dorsal_3,leg_motor_neuron,middle_leg_motor_neuron,motor,middle-hind leg,left,gaba,unknown,middle_leg
middle_leg_motor_neuron,720575941637140597,femur_reductor_tiny,leg_motor_neuron,middle_leg_motor_neuron,motor,middle-hind leg,left,NA,unknown,middle_leg
middle_leg_motor_neuron,720575941587334199,long_tendon_muscle_A_dipalpha,leg_motor_neuron,middle_leg_motor_neuron,motor,middle-hind leg,left,glutamate,unknown,middle_leg
middle_leg_motor_neuron,720575941691080155,trochanter_flexor_MesoLN_ventral_3,leg_motor_neuron,middle_leg_motor_neuron,motor,middle-hind leg,left,glutamate,unknown,middle_leg
middle_leg_motor_neuron,720575941468687581,tibia_extensor_FETi,leg_motor_neuron,middle_leg_motor_neuron,motor,middle-hind leg,left,gaba,unknown,middle_leg
middle_leg_motor_neuron,720575941497863497,tibia_extensor_SETi,leg_motor_neuron,middle_leg_motor_neuron,motor,middle-hind leg,left,gaba,unknown,middle_leg
middle_leg_motor_neuron,720575941494963582,femur_reductor,leg_motor_neuron,middle_leg_motor_neuron,motor,middle-hind leg,left,acetylcholine,unknown,middle_leg
middle_leg_motor_neuron,720575941687653238,trochanter_extensor,leg_motor_neuron,middle_leg_motor_neuron,motor,middle-hind leg,left,gaba,unknown,middle_leg
middle_leg_motor_neuron,720575941645259128,sternal_posterior_rotator_MesoLN_dorsal_5,leg_motor_neuron,middle_leg_motor_neuron,motor,middle-hind leg,left,acetylcholine,unknown,middle_leg
middle_leg_motor_neuron,720575941556144100,sternal_posterior_rotator_MesoLN_dorsal_5,leg_motor_neuron,middle_leg_motor_neuron,motor,middle-hind leg,left,gaba,unknown,middle_leg
middle_leg_motor_neuron,720575941537008370,accessory_trochanter_flexor,leg_motor_neuron,middle_leg_motor_neuron,motor,middle-hind leg,left,gaba,unknown,middle_leg
middle_leg_motor_neuron,720575941556245156,accessory_tibia_flexor_A,leg_motor_neuron,middle_leg_motor_neuron,motor,middle-hind leg,left,glutamate,unknown,middle_leg
middle_leg_motor_neuron,720575941668553639,accessory_trochanter_flexor,leg_motor_neuron,middle_leg_motor_neuron,motor,middle-hind leg,left,gaba,unknown,middle_leg
middle_leg_motor_neuron,720575941505496610,accessory_tibia_flexor_B,leg_motor_neuron,middle_leg_motor_neuron,motor,middle-hind leg,left,glutamate,unknown,middle_leg
middle_leg_motor_neuron,720575941497881417,tibia_flexor,leg_motor_neuron,middle_leg_motor_neuron,motor,middle-hind leg,left,glutamate,unknown,middle_leg
middle_leg_motor_neuron,720575941501921419,tibia_flexor,leg_motor_neuron,middle_leg_motor_neuron,motor,middle-hind leg,left,glutamate,unknown,middle_leg
middle_leg_motor_neuron,720575941577004881,tarsus_levator_D,leg_motor_neuron,middle_leg_motor_neuron,motor,middle-hind leg,left,gaba,unknown,middle_leg
middle_leg_motor_neuron,720575941623403116,tarsus_depressor_B,leg_motor_neuron,middle_leg_motor_neuron,motor,middle-hind leg,left,glutamate,unknown,middle_leg
middle_leg_motor_neuron,720575941558995950,accessory_tibia_flexor_B,leg_motor_neuron,middle_leg_motor_neuron,motor,middle-hind leg,left,gaba,unknown,middle_leg
middle_leg_motor_neuron,720575941447844430,accessory_tibia_flexor_B,leg_motor_neuron,middle_leg_motor_neuron,motor,middle-hind leg,left,gaba,unknown,middle_leg
middle_leg_motor_neuron,720575941554765722,trochanter_flexor_MesoAN_posterior_soma,leg_motor_neuron,middle_leg_motor_neuron,motor,middle-hind leg,left,gaba,unknown,middle_leg
middle_leg_motor_neuron,720575941512935779,long_tendon_muscle_B,leg_motor_neuron,middle_leg_motor_neuron,motor,middle-hind leg,left,gaba,unknown,middle_leg
middle_leg_motor_neuron,720575941547132040,long_tendon_muscle_B_tibia,leg_motor_neuron,middle_leg_motor_neuron,motor,middle-hind leg,left,glutamate,unknown,middle_leg
middle_leg_motor_neuron,720575941637141109,femur_reductor_tiny,leg_motor_neuron,middle_leg_motor_neuron,motor,middle-hind leg,left,NA,unknown,middle_leg
middle_leg_motor_neuron,720575941644192200,trochanter_flexor_MesoAN,leg_motor_neuron,middle_leg_motor_neuron,motor,middle-hind leg,left,gaba,unknown,middle_leg
middle_leg_motor_neuron,720575941611652627,long_tendon_muscle_B_tibia,leg_motor_neuron,middle_leg_motor_neuron,motor,middle-hind leg,left,gaba,unknown,middle_leg
middle_leg_motor_neuron,720575941491494606,long_tendon_muscle_A_dipalpha,leg_motor_neuron,middle_leg_motor_neuron,motor,middle-hind leg,left,acetylcholine,unknown,middle_leg
middle_leg_motor_neuron,720575941553503460,pleural_remotor_and_abductor_MesoLN_dorsal_5,leg_motor_neuron,middle_leg_motor_neuron,motor,middle-hind leg,left,glutamate,unknown,middle_leg
middle_leg_motor_neuron,720575941474769204,tergotrochanter_extensor_PDMN,leg_motor_neuron,middle_leg_motor_neuron,motor,middle-hind leg,left,gaba,unknown,middle_leg
middle_leg_motor_neuron,720575941471300448,femur_reductor,leg_motor_neuron,middle_leg_motor_neuron,motor,middle-hind leg,left,gaba,unknown,middle_leg
middle_leg_motor_neuron,720575941471300960,trochanter_flexor_MesoLN_ventral_3,leg_motor_neuron,middle_leg_motor_neuron,motor,middle-hind leg,left,glutamate,unknown,middle_leg
middle_leg_motor_neuron,720575941562367239,trochanter_flexor_MesoLN_ventral_3,leg_motor_neuron,middle_leg_motor_neuron,motor,middle-hind leg,left,glutamate,unknown,middle_leg
middle_leg_motor_neuron,720575941471301728,tergotrochanter_extensor_PDMN,leg_motor_neuron,middle_leg_motor_neuron,motor,middle-hind leg,left,acetylcholine,unknown,middle_leg
middle_leg_motor_neuron,720575941574008502,sternotrochanter_extensor_MesoLN_dorsal_3,leg_motor_neuron,middle_leg_motor_neuron,motor,middle-hind leg,right,gaba,unknown,middle_leg
middle_leg_motor_neuron,720575941470082423,sternotrochanter_extensor_MesoLN_dorsal_3,leg_motor_neuron,middle_leg_motor_neuron,motor,middle-hind leg,right,gaba,unknown,middle_leg
middle_leg_motor_neuron,720575941549915252,tergotrochanter_extensor,leg_motor_neuron,middle_leg_motor_neuron,motor,middle-hind leg,right,gaba,unknown,middle_leg
middle_leg_motor_neuron,720575941587428151,accessory_tibia_flexor_C,leg_motor_neuron,middle_leg_motor_neuron,motor,middle-hind leg,right,acetylcholine,unknown,middle_leg
middle_leg_motor_neuron,720575941519971511,accessory_tibia_flexor_B,leg_motor_neuron,middle_leg_motor_neuron,motor,middle-hind leg,right,gaba,unknown,middle_leg
middle_leg_motor_neuron,720575941478307380,femur_reductor,leg_motor_neuron,middle_leg_motor_neuron,motor,middle-hind leg,right,octopamine,unknown,middle_leg
middle_leg_motor_neuron,720575941436960735,accessory_tibia_flexor_B,leg_motor_neuron,middle_leg_motor_neuron,motor,middle-hind leg,right,gaba,unknown,middle_leg
middle_leg_motor_neuron,720575941611750419,long_tendon_muscle_B,leg_motor_neuron,middle_leg_motor_neuron,motor,middle-hind leg,right,gaba,unknown,middle_leg
middle_leg_motor_neuron,720575941506034049,sternotrochanter_extensor_MesoLN_dorsal_3,leg_motor_neuron,middle_leg_motor_neuron,motor,middle-hind leg,right,acetylcholine,unknown,middle_leg
middle_leg_motor_neuron,720575941609393766,long_tendon_muscle_A_dipalpha,leg_motor_neuron,middle_leg_motor_neuron,motor,middle-hind leg,right,gaba,unknown,middle_leg
middle_leg_motor_neuron,720575941558562093,accessory_tibia_flexor_A,leg_motor_neuron,middle_leg_motor_neuron,motor,middle-hind leg,right,acetylcholine,unknown,middle_leg
middle_leg_motor_neuron,720575941459438224,accessory_trochanter_flexor,leg_motor_neuron,middle_leg_motor_neuron,motor,middle-hind leg,right,glutamate,unknown,middle_leg
middle_leg_motor_neuron,720575941610358761,accessory_trochanter_flexor,leg_motor_neuron,middle_leg_motor_neuron,motor,middle-hind leg,right,gaba,unknown,middle_leg
middle_leg_motor_neuron,720575941485233616,tarsus_depressor_B,leg_motor_neuron,middle_leg_motor_neuron,motor,middle-hind leg,right,NA,unknown,middle_leg
middle_leg_motor_neuron,720575941542738524,long_tendon_muscle_B,leg_motor_neuron,middle_leg_motor_neuron,motor,middle-hind leg,right,gaba,unknown,middle_leg
middle_leg_motor_neuron,720575941638063391,long_tendon_muscle_B_femur,leg_motor_neuron,middle_leg_motor_neuron,motor,middle-hind leg,right,gaba,unknown,middle_leg
middle_leg_motor_neuron,720575941527245496,long_tendon_muscle_B,leg_motor_neuron,middle_leg_motor_neuron,motor,middle-hind leg,right,glutamate,unknown,middle_leg
middle_leg_motor_neuron,720575941641621330,accessory_tibia_flexor_A,leg_motor_neuron,middle_leg_motor_neuron,motor,middle-hind leg,right,glutamate,unknown,middle_leg
middle_leg_motor_neuron,720575941589587710,accessory_tibia_flexor_A,leg_motor_neuron,middle_leg_motor_neuron,motor,middle-hind leg,right,glutamate,unknown,middle_leg
middle_leg_motor_neuron,720575941641623327,accessory_tibia_flexor_A,leg_motor_neuron,middle_leg_motor_neuron,motor,middle-hind leg,right,glutamate,unknown,middle_leg
middle_leg_motor_neuron,720575941591037547,long_tendon_muscle_B,leg_motor_neuron,middle_leg_motor_neuron,motor,middle-hind leg,right,acetylcholine,unknown,middle_leg
middle_leg_motor_neuron,720575941585484766,femur_reductor,leg_motor_neuron,middle_leg_motor_neuron,motor,middle-hind leg,right,acetylcholine,unknown,middle_leg
middle_leg_motor_neuron,720575941404729712,trochanter_flexor_MesoAN,leg_motor_neuron,middle_leg_motor_neuron,motor,middle-hind leg,right,glutamate,unknown,middle_leg
middle_leg_motor_neuron,720575941478187841,tibia_extensor_SETi,leg_motor_neuron,middle_leg_motor_neuron,motor,middle-hind leg,right,glutamate,unknown,middle_leg
middle_leg_motor_neuron,720575941563271058,trochanter_extensor_LinJ,leg_motor_neuron,middle_leg_motor_neuron,motor,middle-hind leg,right,gaba,unknown,middle_leg
middle_leg_motor_neuron,720575941568355066,sternal_anterior_rotator_MesoLN_ventral_1,leg_motor_neuron,middle_leg_motor_neuron,motor,middle-hind leg,right,gaba,unknown,middle_leg
middle_leg_motor_neuron,720575941733197355,trochanter_flexor_MesoLN_ventral_5,leg_motor_neuron,middle_leg_motor_neuron,motor,middle-hind leg,right,glutamate,unknown,middle_leg
middle_leg_motor_neuron,720575941505580066,femur_reductor,leg_motor_neuron,middle_leg_motor_neuron,motor,middle-hind leg,right,gaba,unknown,middle_leg
middle_leg_motor_neuron,720575941505891422,accessory_tibia_flexor_A,leg_motor_neuron,middle_leg_motor_neuron,motor,middle-hind leg,right,glutamate,unknown,middle_leg
middle_leg_motor_neuron,720575941591121463,sternal_posterior_rotator_MesoLN_dorsal_5,leg_motor_neuron,middle_leg_motor_neuron,motor,middle-hind leg,right,gaba,unknown,middle_leg
middle_leg_motor_neuron,720575941350444592,trochanter_flexor_MesoALN_posterior_soma,leg_motor_neuron,middle_leg_motor_neuron,motor,middle-hind leg,right,octopamine,unknown,middle_leg
middle_leg_motor_neuron,720575941542417500,accessory_tibia_flexor_B,leg_motor_neuron,middle_leg_motor_neuron,motor,middle-hind leg,left,gaba,unknown,middle_leg
middle_leg_motor_neuron,720575941534943937,trochanter_extensor,leg_motor_neuron,middle_leg_motor_neuron,motor,middle-hind leg,right,gaba,unknown,middle_leg
middle_leg_motor_neuron,720575941642450021,accessory_trochanter_flexor,leg_motor_neuron,middle_leg_motor_neuron,motor,middle-hind leg,right,gaba,unknown,middle_leg
middle_leg_motor_neuron,720575941543648105,accessory_tibia_flexor_B,leg_motor_neuron,middle_leg_motor_neuron,motor,middle-hind leg,right,gaba,unknown,middle_leg
middle_leg_motor_neuron,720575941481071802,tarsus_levator_D,leg_motor_neuron,middle_leg_motor_neuron,motor,middle-hind leg,right,acetylcholine,unknown,middle_leg
middle_leg_motor_neuron,720575941627243372,tarsus_depressor_dipalpha_ventralU,leg_motor_neuron,middle_leg_motor_neuron,motor,middle-hind leg,right,gaba,unknown,middle_leg
middle_leg_motor_neuron,720575941434753568,tibia_flexor,leg_motor_neuron,middle_leg_motor_neuron,motor,middle-hind leg,right,glutamate,unknown,middle_leg
middle_leg_motor_neuron,720575941553691876,trochanter_flexor_MesoAN,leg_motor_neuron,middle_leg_motor_neuron,motor,middle-hind leg,right,glutamate,unknown,middle_leg
middle_leg_motor_neuron,720575941644474312,sternal_adductor_MesoLN_dorsal_5,leg_motor_neuron,middle_leg_motor_neuron,motor,middle-hind leg,right,glutamate,unknown,middle_leg
middle_leg_motor_neuron,720575941415175196,femur_reductor_tiny,leg_motor_neuron,middle_leg_motor_neuron,motor,middle-hind leg,right,glutamate,unknown,middle_leg
middle_leg_motor_neuron,720575941555493156,accessory_tibia_flexor_B,leg_motor_neuron,middle_leg_motor_neuron,motor,middle-hind leg,right,glutamate,unknown,middle_leg
middle_leg_motor_neuron,720575941436891103,tarsus_levator_D,leg_motor_neuron,middle_leg_motor_neuron,motor,middle-hind leg,right,gaba,unknown,middle_leg
middle_leg_motor_neuron,720575941454080237,long_tendon_muscle_A_dipalpha,leg_motor_neuron,middle_leg_motor_neuron,motor,middle-hind leg,right,gaba,unknown,middle_leg
middle_leg_motor_neuron,720575941685804044,tibia_flexor,leg_motor_neuron,middle_leg_motor_neuron,motor,middle-hind leg,right,glutamate,unknown,middle_leg
middle_leg_motor_neuron,720575941425056084,tarsus_depressor_B,leg_motor_neuron,middle_leg_motor_neuron,motor,middle-hind leg,right,NA,unknown,middle_leg
middle_leg_motor_neuron,720575941573687049,tibia_flexor,leg_motor_neuron,middle_leg_motor_neuron,motor,middle-hind leg,right,gaba,unknown,middle_leg
middle_leg_motor_neuron,720575941641008741,tibia_flexor,leg_motor_neuron,middle_leg_motor_neuron,motor,middle-hind leg,right,glutamate,unknown,middle_leg
middle_leg_motor_neuron,720575941568553330,sternotrochanter_extensor_MesoLN_dorsal_3,leg_motor_neuron,middle_leg_motor_neuron,motor,middle-hind leg,left,gaba,unknown,middle_leg
middle_leg_motor_neuron,720575941500579913,tergotrochanter_extensor_TT,leg_motor_neuron,middle_leg_motor_neuron,motor,middle-hind leg,right,glutamate,unknown,middle_leg
middle_leg_motor_neuron,720575941432965902,tibia_extensor_FETi,leg_motor_neuron,middle_leg_motor_neuron,motor,middle-hind leg,right,gaba,unknown,middle_leg
middle_leg_motor_neuron,720575941474499377,tibia_flexor,leg_motor_neuron,middle_leg_motor_neuron,motor,middle-hind leg,right,glutamate,unknown,middle_leg
middle_leg_motor_neuron,720575941480138976,sternal_anterior_rotator_MesoLN_ventral_2,leg_motor_neuron,middle_leg_motor_neuron,motor,middle-hind leg,right,gaba,unknown,middle_leg
middle_leg_motor_neuron,720575941535897098,accessory_tibia_flexor_B,leg_motor_neuron,middle_leg_motor_neuron,motor,middle-hind leg,right,acetylcholine,unknown,middle_leg
middle_leg_motor_neuron,720575941631437548,long_tendon_muscle_A_dipalpha,leg_motor_neuron,middle_leg_motor_neuron,motor,middle-hind leg,left,gaba,unknown,middle_leg
middle_leg_motor_neuron,720575941631437292,trochanter_flexor_MesoLN_ventral_5,leg_motor_neuron,middle_leg_motor_neuron,motor,middle-hind leg,right,glutamate,unknown,middle_leg
middle_leg_motor_neuron,720575941507883649,femur_reductor_tiny,leg_motor_neuron,middle_leg_motor_neuron,motor,front leg,right,NA,unknown,middle_leg
middle_leg_motor_neuron,720575941536577880,sternal_posterior_rotator_MesoLN_dorsal_5,leg_motor_neuron,middle_leg_motor_neuron,motor,middle-hind leg,right,gaba,unknown,middle_leg
middle_leg_motor_neuron,720575941684824815,sternal_posterior_rotator_MesoLN_dorsal_5,leg_motor_neuron,middle_leg_motor_neuron,motor,middle-hind leg,left,gaba,unknown,middle_leg
middle_leg_motor_neuron,720575941519664856,sternal_anterior_rotator_MesoLN_ventral_2,leg_motor_neuron,middle_leg_motor_neuron,motor,middle-hind leg,left,gaba,unknown,middle_leg
middle_leg_motor_neuron,720575941481583814,accessory_trochanter_flexor,leg_motor_neuron,middle_leg_motor_neuron,motor,middle-hind leg,left,gaba,unknown,middle_leg
middle_leg_motor_neuron,720575941470371851,femur_reductor,leg_motor_neuron,middle_leg_motor_neuron,motor,middle-hind leg,left,gaba,unknown,middle_leg
middle_leg_motor_neuron,720575941409042603,tarsus_depressor_dipalpha_ventralU,leg_motor_neuron,middle_leg_motor_neuron,motor,middle-hind leg,left,gaba,unknown,middle_leg
middle_leg_motor_neuron,720575941478122659,tarsus_depressor_B,leg_motor_neuron,middle_leg_motor_neuron,motor,middle-hind leg,left,NA,unknown,middle_leg
middle_leg_motor_neuron,720575941658392344,tibia_flexor,leg_motor_neuron,middle_leg_motor_neuron,motor,middle-hind leg,left,glutamate,unknown,middle_leg
middle_leg_motor_neuron,720575941558861839,sternal_anterior_rotator_MesoLN_ventral_2,leg_motor_neuron,middle_leg_motor_neuron,motor,middle-hind leg,left,acetylcholine,unknown,middle_leg
middle_leg_motor_neuron,720575941613374172,trochanter_flexor_MesoAN,leg_motor_neuron,middle_leg_motor_neuron,motor,middle-hind leg,left,glutamate,unknown,middle_leg
middle_leg_motor_neuron,720575941462096528,accessory_tibia_flexor_B,leg_motor_neuron,middle_leg_motor_neuron,motor,middle-hind leg,left,glutamate,unknown,middle_leg
middle_leg_motor_neuron,720575941589657598,sternal_posterior_rotator_MesoLN_dorsal_5,leg_motor_neuron,middle_leg_motor_neuron,motor,middle-hind leg,left,acetylcholine,unknown,middle_leg
middle_leg_motor_neuron,720575941476434996,tergotrochanter_extensor_TT_PDMN,leg_motor_neuron,middle_leg_motor_neuron,motor,middle-hind leg,left,octopamine,unknown,middle_leg
middle_leg_motor_neuron,720575941595151237,sternotrochanter_extensor_MesoLN_dorsal_3,leg_motor_neuron,middle_leg_motor_neuron,motor,middle-hind leg,left,gaba,unknown,middle_leg
middle_leg_motor_neuron,720575941623130108,trochanter_flexor_MesoAN,leg_motor_neuron,middle_leg_motor_neuron,motor,middle-hind leg,left,glutamate,unknown,middle_leg
middle_leg_motor_neuron,720575941596095877,accessory_tibia_flexor_C,leg_motor_neuron,middle_leg_motor_neuron,motor,middle-hind leg,left,gaba,unknown,middle_leg
middle_leg_motor_neuron,720575941517661356,long_tendon_muscle_B_femur,leg_motor_neuron,middle_leg_motor_neuron,motor,middle-hind leg,left,gaba,unknown,middle_leg
middle_leg_motor_neuron,720575941573346120,tergotrochanter_extensor,leg_motor_neuron,middle_leg_motor_neuron,motor,middle-hind leg,right,gaba,unknown,middle_leg
middle_leg_motor_neuron,720575941574383247,accessory_tibia_flexor_A,leg_motor_neuron,middle_leg_motor_neuron,motor,middle-hind leg,left,gaba,unknown,middle_leg
middle_leg_motor_neuron,720575941459422623,tibia_flexor_Fast,leg_motor_neuron,middle_leg_motor_neuron,motor,middle-hind leg,left,glutamate,unknown,middle_leg
middle_leg_motor_neuron,720575941611707923,tarsus_depressor_B,leg_motor_neuron,middle_leg_motor_neuron,motor,middle-hind leg,left,glutamate,unknown,middle_leg
middle_leg_motor_neuron,720575941479987619,long_tendon_muscle_B_femur,leg_motor_neuron,middle_leg_motor_neuron,motor,middle-hind leg,right,gaba,unknown,middle_leg
middle_leg_motor_neuron,720575941556850771,accessory_tibia_flexor_B,leg_motor_neuron,middle_leg_motor_neuron,motor,middle-hind leg,right,glutamate,unknown,middle_leg
middle_leg_motor_neuron,720575941680979133,long_tendon_muscle_B_femur,leg_motor_neuron,middle_leg_motor_neuron,motor,middle-hind leg,left,gaba,unknown,middle_leg
middle_leg_motor_neuron,720575941611054154,accessory_tibia_flexor_A,leg_motor_neuron,middle_leg_motor_neuron,motor,middle-hind leg,left,glutamate,unknown,middle_leg
middle_leg_motor_neuron,720575941580680825,long_tendon_muscle_B,leg_motor_neuron,middle_leg_motor_neuron,motor,middle-hind leg,left,gaba,unknown,middle_leg
middle_leg_motor_neuron,720575941574626973,tibia_flexor,leg_motor_neuron,middle_leg_motor_neuron,motor,middle-hind leg,left,gaba,unknown,middle_leg
middle_leg_motor_neuron,720575941565315638,sternal_posterior_rotator_MesoLN_dorsal_5,leg_motor_neuron,middle_leg_motor_neuron,motor,middle-hind leg,right,gaba,unknown,middle_leg
middle_leg_motor_neuron,720575941523135223,accessory_tibia_flexor_A,leg_motor_neuron,middle_leg_motor_neuron,motor,middle-hind leg,left,glutamate,unknown,middle_leg
middle_leg_motor_neuron,720575941491293415,sternal_posterior_rotator_MesoLN_dorsal_5,leg_motor_neuron,middle_leg_motor_neuron,motor,middle-hind leg,right,gaba,unknown,middle_leg
hind_leg_motor_neuron,720575941431976718,femur_reductor,leg_motor_neuron,hind_leg_motor_neuron,motor,middle-hind leg,right,acetylcholine,unknown,hind_leg
hind_leg_motor_neuron,720575941503422187,sternal_adductor_MetaAN,leg_motor_neuron,hind_leg_motor_neuron,motor,middle-hind leg,right,gaba,unknown,hind_leg
hind_leg_motor_neuron,720575941611945389,sternal_adductor_MetaAN,leg_motor_neuron,hind_leg_motor_neuron,motor,middle-hind leg,left,glutamate,unknown,hind_leg
hind_leg_motor_neuron,720575941501934423,femur_reductor,leg_motor_neuron,hind_leg_motor_neuron,motor,middle-hind leg,right,gaba,unknown,hind_leg
hind_leg_motor_neuron,720575941496173947,long_tendon_muscle_ltm_B,leg_motor_neuron,hind_leg_motor_neuron,motor,middle-hind leg,left,gaba,unknown,hind_leg
hind_leg_motor_neuron,720575941486583046,long_tendon_muscle_B,leg_motor_neuron,hind_leg_motor_neuron,motor,middle-hind leg,right,acetylcholine,unknown,hind_leg
hind_leg_motor_neuron,720575941612256476,accessory_tibia_flexor_A,leg_motor_neuron,hind_leg_motor_neuron,motor,middle-hind leg,left,gaba,unknown,hind_leg
hind_leg_motor_neuron,720575941487732432,accessory_tibia_flexor_B,leg_motor_neuron,hind_leg_motor_neuron,motor,middle-hind leg,left,gaba,unknown,hind_leg
hind_leg_motor_neuron,720575941409035691,accessory_tibia_flexor_A,leg_motor_neuron,hind_leg_motor_neuron,motor,middle-hind leg,left,glutamate,unknown,hind_leg
hind_leg_motor_neuron,720575941643248328,accessory_tibia_flexor_A,leg_motor_neuron,hind_leg_motor_neuron,motor,middle-hind leg,left,glutamate,unknown,hind_leg
hind_leg_motor_neuron,720575941479728291,tarsus_depressor_A,leg_motor_neuron,hind_leg_motor_neuron,motor,middle-hind leg,left,gaba,unknown,hind_leg
hind_leg_motor_neuron,720575941454495145,femur_reductor_dorsomedial_ribbon,leg_motor_neuron,hind_leg_motor_neuron,motor,middle-hind leg,left,acetylcholine,unknown,hind_leg
hind_leg_motor_neuron,720575941611319017,trochanter_flexor_dorsomedial_ribbon,leg_motor_neuron,hind_leg_motor_neuron,motor,middle-hind leg,left,acetylcholine,unknown,hind_leg
hind_leg_motor_neuron,720575941554483354,trochanter_flexor_dorsomedial_ribbon,leg_motor_neuron,hind_leg_motor_neuron,motor,middle-hind leg,left,gaba,unknown,hind_leg
hind_leg_motor_neuron,720575941493231536,tibia_extensor_SETi,leg_motor_neuron,hind_leg_motor_neuron,motor,middle-hind leg,left,acetylcholine,unknown,hind_leg
hind_leg_motor_neuron,720575941461624845,long_tendon_muscle_ltm_B,leg_motor_neuron,hind_leg_motor_neuron,motor,middle-hind leg,left,gaba,unknown,hind_leg
hind_leg_motor_neuron,720575941454830131,accessory_tibia_flexor_A,leg_motor_neuron,hind_leg_motor_neuron,motor,middle-hind leg,left,acetylcholine,unknown,hind_leg
hind_leg_motor_neuron,720575941631840453,trochanter_flexor_dorsomedial_ribbon,leg_motor_neuron,hind_leg_motor_neuron,motor,middle-hind leg,left,gaba,unknown,hind_leg
hind_leg_motor_neuron,720575941502849623,trochanter_extensor_LinJ,leg_motor_neuron,hind_leg_motor_neuron,motor,middle-hind leg,left,gaba,unknown,hind_leg
hind_leg_motor_neuron,720575941595299111,femur_reductor_dorsomedial_ribbon,leg_motor_neuron,hind_leg_motor_neuron,motor,middle-hind leg,left,gaba,unknown,hind_leg
hind_leg_motor_neuron,720575941461179859,sternotrochanter_extensor_ventrolateral_ribbon,leg_motor_neuron,hind_leg_motor_neuron,motor,middle-hind leg,left,gaba,unknown,hind_leg
hind_leg_motor_neuron,720575941487752144,tibia_flexor,leg_motor_neuron,hind_leg_motor_neuron,motor,middle-hind leg,left,gaba,unknown,hind_leg
hind_leg_motor_neuron,720575941632311739,accessory_trochanter_flexor,leg_motor_neuron,hind_leg_motor_neuron,motor,middle-hind leg,left,acetylcholine,unknown,hind_leg
hind_leg_motor_neuron,720575941494740094,sternal_anterior_rotator_ventrolateral_ribbon,leg_motor_neuron,hind_leg_motor_neuron,motor,middle-hind leg,left,acetylcholine,unknown,hind_leg
hind_leg_motor_neuron,720575941415020572,long_tendon_muscle_ltm_B,leg_motor_neuron,hind_leg_motor_neuron,motor,middle-hind leg,left,gaba,unknown,hind_leg
hind_leg_motor_neuron,720575941468774667,trochanter_flexor_ventrolateral_ribbon,leg_motor_neuron,hind_leg_motor_neuron,motor,middle-hind leg,left,gaba,unknown,hind_leg
hind_leg_motor_neuron,720575941528662438,accessory_tibia_flexor_B,leg_motor_neuron,hind_leg_motor_neuron,motor,middle-hind leg,left,acetylcholine,unknown,hind_leg
hind_leg_motor_neuron,720575941431160824,tibia_flexor,leg_motor_neuron,hind_leg_motor_neuron,motor,middle-hind leg,left,gaba,unknown,hind_leg
hind_leg_motor_neuron,720575941622252796,tergotrochanter_extensor_MetaAN,leg_motor_neuron,hind_leg_motor_neuron,motor,middle-hind leg,left,gaba,unknown,hind_leg
hind_leg_motor_neuron,720575941577119825,tergotrochanter_extensor_MetaAN,leg_motor_neuron,hind_leg_motor_neuron,motor,middle-hind leg,left,gaba,unknown,hind_leg
hind_leg_motor_neuron,720575941517726936,sternal_posterior_rotator_dorsomedial_ribbon,leg_motor_neuron,hind_leg_motor_neuron,motor,middle-hind leg,left,gaba,unknown,hind_leg
hind_leg_motor_neuron,720575941618260607,sternal_posterior_rotator_dorsomedial_ribbon,leg_motor_neuron,hind_leg_motor_neuron,motor,middle-hind leg,left,gaba,unknown,hind_leg
hind_leg_motor_neuron,720575941531195595,trochanter_flexor_ventrolateral_ribbon,leg_motor_neuron,hind_leg_motor_neuron,motor,middle-hind leg,left,acetylcholine,unknown,hind_leg
hind_leg_motor_neuron,720575941525586507,sternal_posterior_rotator_dorsomedial_ribbon,leg_motor_neuron,hind_leg_motor_neuron,motor,middle-hind leg,left,acetylcholine,unknown,hind_leg
hind_leg_motor_neuron,720575941502759767,femur_reductor_tiny,leg_motor_neuron,hind_leg_motor_neuron,motor,middle-hind leg,left,glutamate,unknown,hind_leg
hind_leg_motor_neuron,720575941632094880,femur_reductor_tiny,leg_motor_neuron,hind_leg_motor_neuron,motor,middle-hind leg,left,glutamate,unknown,hind_leg
hind_leg_motor_neuron,720575941549899892,tergotrochanter_extensor_MetaAN,leg_motor_neuron,hind_leg_motor_neuron,motor,middle-hind leg,left,glutamate,unknown,hind_leg
hind_leg_motor_neuron,720575941491272393,trochanter_flexor_ventrolateral_ribbon,leg_motor_neuron,hind_leg_motor_neuron,motor,middle-hind leg,left,gaba,unknown,hind_leg
hind_leg_motor_neuron,720575941537495489,pleural_remotor_and_abductor_dorsomedial_ribbon,leg_motor_neuron,hind_leg_motor_neuron,motor,middle-hind leg,left,glutamate,unknown,hind_leg
hind_leg_motor_neuron,720575941508440193,tibia_flexor_Fast,leg_motor_neuron,hind_leg_motor_neuron,motor,middle-hind leg,left,acetylcholine,unknown,hind_leg
hind_leg_motor_neuron,720575941509003792,accessory_trochanter_flexor,leg_motor_neuron,hind_leg_motor_neuron,motor,middle-hind leg,left,gaba,unknown,hind_leg
hind_leg_motor_neuron,720575941480482755,tarsus_depressor_B,leg_motor_neuron,hind_leg_motor_neuron,motor,middle-hind leg,left,glutamate,unknown,hind_leg
hind_leg_motor_neuron,720575941435859232,tarsus_depressor_B,leg_motor_neuron,hind_leg_motor_neuron,motor,middle-hind leg,left,glutamate,unknown,hind_leg
hind_leg_motor_neuron,720575941521190835,tibia_flexor,leg_motor_neuron,hind_leg_motor_neuron,motor,middle-hind leg,left,glutamate,unknown,hind_leg
hind_leg_motor_neuron,720575941471839296,tibia_extensor_FETi,leg_motor_neuron,hind_leg_motor_neuron,motor,middle-hind leg,left,gaba,unknown,hind_leg
hind_leg_motor_neuron,720575941578679121,sternotrochanter_extensor_ventrolateral_ribbon,leg_motor_neuron,hind_leg_motor_neuron,motor,middle-hind leg,left,gaba,unknown,hind_leg
hind_leg_motor_neuron,720575941689495515,long_tendon_muscle_ltm_B,leg_motor_neuron,hind_leg_motor_neuron,motor,middle-hind leg,left,gaba,unknown,hind_leg
hind_leg_motor_neuron,720575941519179480,tarsus_levator_D,leg_motor_neuron,hind_leg_motor_neuron,motor,middle-hind leg,left,gaba,unknown,hind_leg
hind_leg_motor_neuron,720575941549456673,long_tendon_muscle_ltm_B,leg_motor_neuron,hind_leg_motor_neuron,motor,middle-hind leg,left,acetylcholine,unknown,hind_leg
hind_leg_motor_neuron,720575941624174844,tarsus_depressor_dipalpha_ventralU,leg_motor_neuron,hind_leg_motor_neuron,motor,middle-hind leg,left,acetylcholine,unknown,hind_leg
hind_leg_motor_neuron,720575941497037218,accessory_trochanter_flexor,leg_motor_neuron,hind_leg_motor_neuron,motor,middle-hind leg,left,NA,unknown,hind_leg
hind_leg_motor_neuron,720575941484865346,accessory_tibia_flexor_B,leg_motor_neuron,hind_leg_motor_neuron,motor,middle-hind leg,left,glutamate,unknown,hind_leg
hind_leg_motor_neuron,720575941538762701,trochanter_flexor_posterior_soma,leg_motor_neuron,hind_leg_motor_neuron,motor,middle-hind leg,left,gaba,unknown,hind_leg
hind_leg_motor_neuron,720575941458992031,trochanter_extensor,leg_motor_neuron,hind_leg_motor_neuron,motor,middle-hind leg,left,gaba,unknown,hind_leg
hind_leg_motor_neuron,720575941499865211,accessory_tibia_flexor_C,leg_motor_neuron,hind_leg_motor_neuron,motor,middle-hind leg,left,gaba,unknown,hind_leg
hind_leg_motor_neuron,720575941438181205,sternal_anterior_rotator_ventrolateral_ribbon,leg_motor_neuron,hind_leg_motor_neuron,motor,middle-hind leg,right,acetylcholine,unknown,hind_leg
hind_leg_motor_neuron,720575941633843141,tibia_flexor,leg_motor_neuron,hind_leg_motor_neuron,motor,middle-hind leg,right,glutamate,unknown,hind_leg
hind_leg_motor_neuron,720575941527948932,trochanter_flexor_dorsomedial_ribbon,leg_motor_neuron,hind_leg_motor_neuron,motor,middle-hind leg,right,acetylcholine,unknown,hind_leg
hind_leg_motor_neuron,720575941630145989,accessory_tibia_flexor_B,leg_motor_neuron,hind_leg_motor_neuron,motor,middle-hind leg,right,gaba,unknown,hind_leg
hind_leg_motor_neuron,720575941655736344,long_tendon_muscle_B_femur,leg_motor_neuron,hind_leg_motor_neuron,motor,middle-hind leg,right,gaba,unknown,hind_leg
hind_leg_motor_neuron,720575941633013484,tibia_flexor_Fast,leg_motor_neuron,hind_leg_motor_neuron,motor,middle-hind leg,right,gaba,unknown,hind_leg
hind_leg_motor_neuron,720575941623920586,sternotrochanter_extensor_dorsomedial_ribbon,leg_motor_neuron,hind_leg_motor_neuron,motor,middle-hind leg,right,acetylcholine,unknown,hind_leg
hind_leg_motor_neuron,720575941532464562,accessory_tibia_flexor_B,leg_motor_neuron,hind_leg_motor_neuron,motor,middle-hind leg,right,acetylcholine,unknown,hind_leg
hind_leg_motor_neuron,720575941572076445,accessory_tibia_flexor_B,leg_motor_neuron,hind_leg_motor_neuron,motor,middle-hind leg,right,glutamate,unknown,hind_leg
hind_leg_motor_neuron,720575941604612086,trochanter_extensor_LinJ,leg_motor_neuron,hind_leg_motor_neuron,motor,middle-hind leg,right,gaba,unknown,hind_leg
hind_leg_motor_neuron,720575941513385306,femur_reductor_tiny,leg_motor_neuron,hind_leg_motor_neuron,motor,middle-hind leg,right,gaba,unknown,hind_leg
hind_leg_motor_neuron,720575941451840425,trochanter_flexor_ventrolateral_ribbon,leg_motor_neuron,hind_leg_motor_neuron,motor,middle-hind leg,right,gaba,unknown,hind_leg
hind_leg_motor_neuron,720575941572050077,trochanter_flexor_ventrolateral_ribbon,leg_motor_neuron,hind_leg_motor_neuron,motor,middle-hind leg,right,gaba,unknown,hind_leg
hind_leg_motor_neuron,720575941488644300,sternotrochanter_extensor_dorsomedial_ribbon,leg_motor_neuron,hind_leg_motor_neuron,motor,middle-hind leg,right,acetylcholine,unknown,hind_leg
hind_leg_motor_neuron,720575941489684937,long_tendon_muscle_A,leg_motor_neuron,hind_leg_motor_neuron,motor,middle-hind leg,right,glutamate,unknown,hind_leg
hind_leg_motor_neuron,720575941530206155,tergotrochanter_extensor_MetaAN,leg_motor_neuron,hind_leg_motor_neuron,motor,middle-hind leg,right,acetylcholine,unknown,hind_leg
hind_leg_motor_neuron,720575941688270744,tergotrochanter_extensor_MetaAN,leg_motor_neuron,hind_leg_motor_neuron,motor,middle-hind leg,right,gaba,unknown,hind_leg
hind_leg_motor_neuron,720575941633243067,sternal_posterior_rotator_dorsomedial_ribbon,leg_motor_neuron,hind_leg_motor_neuron,motor,middle-hind leg,right,gaba,unknown,hind_leg
hind_leg_motor_neuron,720575941559314989,femur_reductor,leg_motor_neuron,hind_leg_motor_neuron,motor,middle-hind leg,right,NA,unknown,hind_leg
hind_leg_motor_neuron,720575941574355016,sternal_anterior_rotator_ventrolateral_ribbon,leg_motor_neuron,hind_leg_motor_neuron,motor,middle-hind leg,right,gaba,unknown,hind_leg
hind_leg_motor_neuron,720575941521271475,tibia_flexor,leg_motor_neuron,hind_leg_motor_neuron,motor,middle-hind leg,right,acetylcholine,unknown,hind_leg
hind_leg_motor_neuron,720575941543372649,trochanter_extensor_MetaLN,leg_motor_neuron,hind_leg_motor_neuron,motor,middle-hind leg,right,gaba,unknown,hind_leg
hind_leg_motor_neuron,720575941562065920,pleural_remotor_and_abductor_dorsomedial_ribbon,leg_motor_neuron,hind_leg_motor_neuron,motor,middle-hind leg,right,gaba,unknown,hind_leg
hind_leg_motor_neuron,720575941649945329,tergotrochanter_extensor_MetaAN,leg_motor_neuron,hind_leg_motor_neuron,motor,middle-hind leg,right,gaba,unknown,hind_leg
hind_leg_motor_neuron,720575941651528177,accessory_tibia_flexor_B,leg_motor_neuron,hind_leg_motor_neuron,motor,middle-hind leg,right,glutamate,unknown,hind_leg
hind_leg_motor_neuron,720575941552926747,tarsus_depressor_B,leg_motor_neuron,hind_leg_motor_neuron,motor,middle-hind leg,right,NA,unknown,hind_leg
hind_leg_motor_neuron,720575941428327160,long_tendon_muscle_B,leg_motor_neuron,hind_leg_motor_neuron,motor,middle-hind leg,right,glutamate,unknown,hind_leg
hind_leg_motor_neuron,720575941610064102,tarsus_depressor_B,leg_motor_neuron,hind_leg_motor_neuron,motor,middle-hind leg,right,acetylcholine,unknown,hind_leg
hind_leg_motor_neuron,720575941539565916,tarsus_levator_D,leg_motor_neuron,hind_leg_motor_neuron,motor,middle-hind leg,right,gaba,unknown,hind_leg
hind_leg_motor_neuron,720575941665281011,accessory_trochanter_flexor_MetaLN,leg_motor_neuron,hind_leg_motor_neuron,motor,middle-hind leg,right,NA,unknown,hind_leg
hind_leg_motor_neuron,720575941463793552,accessory_tibia_flexor_C,leg_motor_neuron,hind_leg_motor_neuron,motor,middle-hind leg,right,gaba,unknown,hind_leg
hind_leg_motor_neuron,720575941538082453,tibia_flexor,leg_motor_neuron,hind_leg_motor_neuron,motor,middle-hind leg,right,gaba,unknown,hind_leg
hind_leg_motor_neuron,720575941573296822,long_tendon_muscle_B,leg_motor_neuron,hind_leg_motor_neuron,motor,middle-hind leg,right,glutamate,unknown,hind_leg
hind_leg_motor_neuron,720575941531470821,accessory_trochanter_flexor_MetaLN,leg_motor_neuron,hind_leg_motor_neuron,motor,middle-hind leg,right,gaba,unknown,hind_leg
hind_leg_motor_neuron,720575941447103669,long_tendon_muscle_B_femur,leg_motor_neuron,hind_leg_motor_neuron,motor,middle-hind leg,right,gaba,unknown,hind_leg
hind_leg_motor_neuron,720575941445324564,accessory_trochanter_flexor_MetaLN,leg_motor_neuron,hind_leg_motor_neuron,motor,middle-hind leg,right,acetylcholine,unknown,hind_leg
hind_leg_motor_neuron,720575941627566474,tibia_flexor,leg_motor_neuron,hind_leg_motor_neuron,motor,middle-hind leg,right,gaba,unknown,hind_leg
hind_leg_motor_neuron,720575941584932486,accessory_tibia_flexor_A,leg_motor_neuron,hind_leg_motor_neuron,motor,middle-hind leg,right,glutamate,unknown,hind_leg
hind_leg_motor_neuron,720575941559306355,trochanter_flexor_posterior_soma,leg_motor_neuron,hind_leg_motor_neuron,motor,middle-hind leg,right,gaba,unknown,hind_leg
hind_leg_motor_neuron,720575941573784990,sternotrochanter_extensor_dorsomedial_ribbon,leg_motor_neuron,hind_leg_motor_neuron,motor,middle-hind leg,right,acetylcholine,unknown,hind_leg
hind_leg_motor_neuron,720575941602293177,accessory_tibia_flexor_A,leg_motor_neuron,hind_leg_motor_neuron,motor,middle-hind leg,right,glutamate,unknown,hind_leg
hind_leg_motor_neuron,720575941517889708,accessory_tibia_flexor_B,leg_motor_neuron,hind_leg_motor_neuron,motor,middle-hind leg,right,glutamate,unknown,hind_leg
hind_leg_motor_neuron,720575941642444449,accessory_tibia_flexor_B,leg_motor_neuron,hind_leg_motor_neuron,motor,middle-hind leg,right,glutamate,unknown,hind_leg
hind_leg_motor_neuron,720575941496149473,accessory_tibia_flexor_B,leg_motor_neuron,hind_leg_motor_neuron,motor,middle-hind leg,right,acetylcholine,unknown,hind_leg
hind_leg_motor_neuron,720575941475791722,long_tendon_muscle_A,leg_motor_neuron,hind_leg_motor_neuron,motor,middle-hind leg,right,NA,unknown,hind_leg
hind_leg_motor_neuron,720575941410034859,accessory_tibia_flexor_A,leg_motor_neuron,hind_leg_motor_neuron,motor,middle-hind leg,right,glutamate,unknown,hind_leg
hind_leg_motor_neuron,720575941414478484,femur_reductor_dorsomedial_ribbon,leg_motor_neuron,hind_leg_motor_neuron,motor,middle-hind leg,left,gaba,unknown,hind_leg
hind_leg_motor_neuron,720575941507209029,long_tendon_muscle_B,leg_motor_neuron,hind_leg_motor_neuron,motor,middle-hind leg,right,glutamate,unknown,hind_leg
hind_leg_motor_neuron,720575941610608604,trochanter_flexor_dorsomedial_ribbon,leg_motor_neuron,hind_leg_motor_neuron,motor,middle-hind leg,right,gaba,unknown,hind_leg
hind_leg_motor_neuron,720575941562150568,sternal_posterior_rotator_dorsomedial_ribbon,leg_motor_neuron,hind_leg_motor_neuron,motor,middle-hind leg,right,gaba,unknown,hind_leg
hind_leg_motor_neuron,720575941525308582,tibia_extensor_SETi,leg_motor_neuron,hind_leg_motor_neuron,motor,middle-hind leg,right,acetylcholine,unknown,hind_leg
hind_leg_motor_neuron,720575941625549211,accessory_tibia_flexor_A_out_of_bundle,leg_motor_neuron,hind_leg_motor_neuron,motor,middle-hind leg,right,gaba,unknown,hind_leg
hind_leg_motor_neuron,720575941606209726,trochanter_flexor_dorsomedial_ribbon,leg_motor_neuron,hind_leg_motor_neuron,motor,middle-hind leg,right,glutamate,unknown,hind_leg
hind_leg_motor_neuron,720575941578439513,trochanter_flexor_ventrolateral_ribbon,leg_motor_neuron,hind_leg_motor_neuron,motor,middle-hind leg,right,gaba,unknown,hind_leg
hind_leg_motor_neuron,720575941470212471,tibia_extensor_FETi,leg_motor_neuron,hind_leg_motor_neuron,motor,middle-hind leg,right,gaba,unknown,hind_leg
hind_leg_motor_neuron,720575941498748489,sternal_posterior_rotator_dorsomedial_ribbon,leg_motor_neuron,hind_leg_motor_neuron,motor,middle-hind leg,right,acetylcholine,unknown,hind_leg
hind_leg_motor_neuron,720575941481621501,sternal_posterior_rotator_dorsomedial_ribbon,leg_motor_neuron,hind_leg_motor_neuron,motor,middle-hind leg,right,acetylcholine,unknown,hind_leg
hind_leg_motor_neuron,720575941481634383,sternotrochanter_extensor_ventrolateral_ribbon,leg_motor_neuron,hind_leg_motor_neuron,motor,middle-hind leg,left,acetylcholine,unknown,hind_leg
hind_leg_motor_neuron,720575941538992021,sternal_anterior_rotator_ventrolateral_ribbon,leg_motor_neuron,hind_leg_motor_neuron,motor,middle-hind leg,left,gaba,unknown,hind_leg
hind_leg_motor_neuron,720575941515898873,tibia_flexor,leg_motor_neuron,hind_leg_motor_neuron,motor,middle-hind leg,left,glutamate,unknown,hind_leg
hind_leg_motor_neuron,720575941524856164,femur_reductor,leg_motor_neuron,hind_leg_motor_neuron,motor,middle-hind leg,right,glutamate,unknown,hind_leg
hind_leg_motor_neuron,720575941679001021,sternal_posterior_rotator_dorsomedial_ribbon,leg_motor_neuron,hind_leg_motor_neuron,motor,middle-hind leg,left,acetylcholine,unknown,hind_leg
hind_leg_motor_neuron,720575941524172875,accessory_tibia_flexor_B,leg_motor_neuron,hind_leg_motor_neuron,motor,middle-hind leg,left,glutamate,unknown,hind_leg
hind_leg_motor_neuron,720575941526615554,accessory_tibia_flexor_B,leg_motor_neuron,hind_leg_motor_neuron,motor,middle-hind leg,left,acetylcholine,unknown,hind_leg
hind_leg_motor_neuron,720575941451737978,accessory_tibia_flexor_A_out_of_bundle,leg_motor_neuron,hind_leg_motor_neuron,motor,middle-hind leg,left,gaba,unknown,hind_leg
hind_leg_motor_neuron,720575941610567597,long_tendon_muscle_ltm_B,leg_motor_neuron,hind_leg_motor_neuron,motor,middle-hind leg,left,glutamate,unknown,hind_leg
hind_leg_motor_neuron,720575941503128626,tarsus_depressor_dipalpha_ventralU,leg_motor_neuron,hind_leg_motor_neuron,motor,middle-hind leg,right,gaba,unknown,hind_leg
hind_leg_motor_neuron,720575941431154647,accessory_tibia_flexor_A,leg_motor_neuron,hind_leg_motor_neuron,motor,middle-hind leg,right,glutamate,unknown,hind_leg
hind_leg_motor_neuron,720575941612158026,accessory_tibia_flexor_B,leg_motor_neuron,hind_leg_motor_neuron,motor,middle-hind leg,left,acetylcholine,unknown,hind_leg
hind_leg_motor_neuron,720575941482859718,tarsus_depressor_B,leg_motor_neuron,hind_leg_motor_neuron,motor,middle-hind leg,left,NA,unknown,hind_leg
front_leg_club_chordotonal_organ_neuron,720575941534721729,SApp23,chordotonal_organ_neuron,front_leg_club_chordotonal_organ_neuron,sensory_ascending,NA,left,acetylcholine,front_leg,NA
front_leg_club_chordotonal_organ_neuron,720575941668827825,SApp23,chordotonal_organ_neuron,front_leg_club_chordotonal_organ_neuron,sensory_ascending,NA,left,acetylcholine,front_leg,NA
front_leg_club_chordotonal_organ_neuron,720575941427920632,SApp23,chordotonal_organ_neuron,front_leg_club_chordotonal_organ_neuron,sensory_ascending,NA,right,acetylcholine,front_leg,NA
front_leg_club_chordotonal_organ_neuron,720575941610928870,SApp23,chordotonal_organ_neuron,front_leg_club_chordotonal_organ_neuron,sensory_ascending,NA,right,acetylcholine,front_leg,NA
front_leg_club_chordotonal_organ_neuron,720575941688239478,SApp23,chordotonal_organ_neuron,front_leg_club_chordotonal_organ_neuron,sensory_ascending,NA,left,acetylcholine,front_leg,NA
front_leg_club_chordotonal_organ_neuron,720575941639363871,SApp23,chordotonal_organ_neuron,front_leg_club_chordotonal_organ_neuron,sensory_ascending,NA,right,acetylcholine,front_leg,NA
front_leg_club_chordotonal_organ_neuron,720575941543603997,SApp23,chordotonal_organ_neuron,front_leg_club_chordotonal_organ_neuron,sensory_ascending,NA,right,acetylcholine,front_leg,NA
front_leg_club_chordotonal_organ_neuron,720575941519987383,SNpp43,chordotonal_organ_neuron,front_leg_club_chordotonal_organ_neuron,sensory,NA,right,acetylcholine,front_leg,NA
front_leg_club_chordotonal_organ_neuron,720575941439718444,SNpp58,chordotonal_organ_neuron,front_leg_club_chordotonal_organ_neuron,sensory,NA,left,acetylcholine,front_leg,NA
front_leg_club_chordotonal_organ_neuron,720575941476138292,SNxxxx,chordotonal_organ_neuron,front_leg_club_chordotonal_organ_neuron,sensory,NA,right,glutamate,front_leg,NA
front_leg_club_chordotonal_organ_neuron,720575941439213909,SNpp58,chordotonal_organ_neuron,front_leg_club_chordotonal_organ_neuron,sensory,NA,left,acetylcholine,front_leg,NA
front_leg_club_chordotonal_organ_neuron,720575941413157847,SNpp47,chordotonal_organ_neuron,front_leg_club_chordotonal_organ_neuron,sensory,NA,right,acetylcholine,front_leg,NA
front_leg_club_chordotonal_organ_neuron,720575941477624544,SNpp40,chordotonal_organ_neuron,front_leg_club_chordotonal_organ_neuron,sensory,NA,right,acetylcholine,front_leg,NA
front_leg_club_chordotonal_organ_neuron,720575941537137930,SNpp59,chordotonal_organ_neuron,front_leg_club_chordotonal_organ_neuron,sensory,NA,left,acetylcholine,front_leg,NA
front_leg_club_chordotonal_organ_neuron,720575941452949929,SNxxxx,chordotonal_organ_neuron,front_leg_club_chordotonal_organ_neuron,sensory,NA,left,acetylcholine,front_leg,NA
front_leg_club_chordotonal_organ_neuron,720575941498411170,SNpp60,chordotonal_organ_neuron,front_leg_club_chordotonal_organ_neuron,sensory,NA,left,acetylcholine,front_leg,NA
front_leg_club_chordotonal_organ_neuron,720575941507236993,SNpp47,chordotonal_organ_neuron,front_leg_club_chordotonal_organ_neuron,sensory,NA,right,acetylcholine,front_leg,NA
front_leg_club_chordotonal_organ_neuron,720575941525391526,SNpp59,chordotonal_organ_neuron,front_leg_club_chordotonal_organ_neuron,sensory,NA,left,acetylcholine,front_leg,NA
front_leg_club_chordotonal_organ_neuron,720575941531246116,SNpp44,chordotonal_organ_neuron,front_leg_club_chordotonal_organ_neuron,sensory,NA,right,gaba,front_leg,NA
front_leg_club_chordotonal_organ_neuron,720575941532130021,SNpp43,chordotonal_organ_neuron,front_leg_club_chordotonal_organ_neuron,sensory,NA,right,acetylcholine,front_leg,NA
front_leg_club_chordotonal_organ_neuron,720575941532146212,SNpp60,chordotonal_organ_neuron,front_leg_club_chordotonal_organ_neuron,sensory,NA,right,acetylcholine,front_leg,NA
front_leg_club_chordotonal_organ_neuron,720575941532184100,SNpp60,chordotonal_organ_neuron,front_leg_club_chordotonal_organ_neuron,sensory,NA,right,acetylcholine,front_leg,NA
front_leg_club_chordotonal_organ_neuron,720575941532235556,SNpp47,chordotonal_organ_neuron,front_leg_club_chordotonal_organ_neuron,sensory,NA,right,acetylcholine,front_leg,NA
front_leg_club_chordotonal_organ_neuron,720575941545403141,SNpp47,chordotonal_organ_neuron,front_leg_club_chordotonal_organ_neuron,sensory,NA,right,acetylcholine,front_leg,NA
front_leg_club_chordotonal_organ_neuron,720575941657968464,SNpp43,chordotonal_organ_neuron,front_leg_club_chordotonal_organ_neuron,sensory,NA,right,acetylcholine,front_leg,NA
front_leg_club_chordotonal_organ_neuron,720575941533476132,SNpp43,chordotonal_organ_neuron,front_leg_club_chordotonal_organ_neuron,sensory,NA,right,acetylcholine,front_leg,NA
front_leg_club_chordotonal_organ_neuron,720575941616493013,SNpp40,chordotonal_organ_neuron,front_leg_club_chordotonal_organ_neuron,sensory,NA,right,acetylcholine,front_leg,NA
front_leg_club_chordotonal_organ_neuron,720575941533655844,SNpp60,chordotonal_organ_neuron,front_leg_club_chordotonal_organ_neuron,sensory,NA,right,acetylcholine,front_leg,NA
front_leg_club_chordotonal_organ_neuron,720575941533658660,SNpp60,chordotonal_organ_neuron,front_leg_club_chordotonal_organ_neuron,sensory,NA,right,acetylcholine,front_leg,NA
front_leg_club_chordotonal_organ_neuron,720575941613462035,SNpp60,chordotonal_organ_neuron,front_leg_club_chordotonal_organ_neuron,sensory,NA,right,acetylcholine,front_leg,NA
front_leg_club_chordotonal_organ_neuron,720575941533663268,SNpp47,chordotonal_organ_neuron,front_leg_club_chordotonal_organ_neuron,sensory,NA,right,acetylcholine,front_leg,NA
front_leg_club_chordotonal_organ_neuron,720575941533663524,SNpp47,chordotonal_organ_neuron,front_leg_club_chordotonal_organ_neuron,sensory,NA,right,acetylcholine,front_leg,NA
front_leg_club_chordotonal_organ_neuron,720575941431310551,SNpp43,chordotonal_organ_neuron,front_leg_club_chordotonal_organ_neuron,sensory,NA,right,acetylcholine,front_leg,NA
front_leg_club_chordotonal_organ_neuron,720575941590341516,SNpp43,chordotonal_organ_neuron,front_leg_club_chordotonal_organ_neuron,sensory,NA,right,acetylcholine,front_leg,NA
front_leg_club_chordotonal_organ_neuron,720575941533709348,SNpp43,chordotonal_organ_neuron,front_leg_club_chordotonal_organ_neuron,sensory,NA,right,acetylcholine,front_leg,NA
front_leg_club_chordotonal_organ_neuron,720575941533710628,SNpp40,chordotonal_organ_neuron,front_leg_club_chordotonal_organ_neuron,sensory,NA,right,acetylcholine,front_leg,NA
front_leg_club_chordotonal_organ_neuron,720575941533711908,SNpp44,chordotonal_organ_neuron,front_leg_club_chordotonal_organ_neuron,sensory,NA,right,acetylcholine,front_leg,NA
front_leg_club_chordotonal_organ_neuron,720575941534281738,SNpp60,chordotonal_organ_neuron,front_leg_club_chordotonal_organ_neuron,sensory,NA,left,acetylcholine,front_leg,NA
front_leg_club_chordotonal_organ_neuron,720575941687076079,SNpp59,chordotonal_organ_neuron,front_leg_club_chordotonal_organ_neuron,sensory,NA,left,acetylcholine,front_leg,NA
front_leg_club_chordotonal_organ_neuron,720575941655192788,SNpp60,chordotonal_organ_neuron,front_leg_club_chordotonal_organ_neuron,sensory,NA,right,acetylcholine,front_leg,NA
front_leg_club_chordotonal_organ_neuron,720575941543148549,SNpp60,chordotonal_organ_neuron,front_leg_club_chordotonal_organ_neuron,sensory,NA,left,acetylcholine,front_leg,NA
front_leg_club_chordotonal_organ_neuron,720575941543600100,SNpp60,chordotonal_organ_neuron,front_leg_club_chordotonal_organ_neuron,sensory,NA,right,acetylcholine,front_leg,NA
front_leg_club_chordotonal_organ_neuron,720575941543600612,SNpp47,chordotonal_organ_neuron,front_leg_club_chordotonal_organ_neuron,sensory,NA,right,acetylcholine,front_leg,NA
front_leg_club_chordotonal_organ_neuron,720575941518526830,SNpp47,chordotonal_organ_neuron,front_leg_club_chordotonal_organ_neuron,sensory,NA,right,acetylcholine,front_leg,NA
front_leg_club_chordotonal_organ_neuron,720575941544177124,SNpp47,chordotonal_organ_neuron,front_leg_club_chordotonal_organ_neuron,sensory,NA,right,acetylcholine,front_leg,NA
front_leg_club_chordotonal_organ_neuron,720575941544192740,SNpp47,chordotonal_organ_neuron,front_leg_club_chordotonal_organ_neuron,sensory,NA,right,acetylcholine,front_leg,NA
front_leg_club_chordotonal_organ_neuron,720575941549508095,SNpp56,chordotonal_organ_neuron,front_leg_club_chordotonal_organ_neuron,sensory,NA,right,acetylcholine,front_leg,NA
front_leg_club_chordotonal_organ_neuron,720575941560895015,SNxxxx,chordotonal_organ_neuron,front_leg_club_chordotonal_organ_neuron,sensory,NA,left,acetylcholine,front_leg,NA
front_leg_club_chordotonal_organ_neuron,720575941656675540,SNpp57,chordotonal_organ_neuron,front_leg_club_chordotonal_organ_neuron,sensory,NA,left,acetylcholine,front_leg,NA
front_leg_club_chordotonal_organ_neuron,720575941520052140,SNpp59,chordotonal_organ_neuron,front_leg_club_chordotonal_organ_neuron,sensory,NA,left,acetylcholine,front_leg,NA
front_leg_club_chordotonal_organ_neuron,720575941562182951,SNpp47,chordotonal_organ_neuron,front_leg_club_chordotonal_organ_neuron,sensory,NA,left,acetylcholine,front_leg,NA
front_leg_club_chordotonal_organ_neuron,720575941562201383,SNpp59,chordotonal_organ_neuron,front_leg_club_chordotonal_organ_neuron,sensory,NA,left,acetylcholine,front_leg,NA
front_leg_club_chordotonal_organ_neuron,720575941548964669,SNpp58,chordotonal_organ_neuron,front_leg_club_chordotonal_organ_neuron,sensory,NA,left,acetylcholine,front_leg,NA
front_leg_club_chordotonal_organ_neuron,720575941466537238,SNpp59,chordotonal_organ_neuron,front_leg_club_chordotonal_organ_neuron,sensory,NA,left,acetylcholine,front_leg,NA
front_leg_club_chordotonal_organ_neuron,720575941560758643,SNppxx,chordotonal_organ_neuron,front_leg_club_chordotonal_organ_neuron,sensory,NA,left,acetylcholine,front_leg,NA
front_leg_club_chordotonal_organ_neuron,720575941562675602,SNpp60,chordotonal_organ_neuron,front_leg_club_chordotonal_organ_neuron,sensory,NA,right,acetylcholine,front_leg,NA
front_leg_club_chordotonal_organ_neuron,720575941565452951,SNpp60,chordotonal_organ_neuron,front_leg_club_chordotonal_organ_neuron,sensory,NA,right,acetylcholine,front_leg,NA
front_leg_club_chordotonal_organ_neuron,720575941579312761,SNpp59,chordotonal_organ_neuron,front_leg_club_chordotonal_organ_neuron,sensory,NA,left,acetylcholine,front_leg,NA
front_leg_club_chordotonal_organ_neuron,720575941508274967,SNpp60,chordotonal_organ_neuron,front_leg_club_chordotonal_organ_neuron,sensory,NA,left,acetylcholine,front_leg,NA
front_leg_club_chordotonal_organ_neuron,720575941506291269,SNpp57,chordotonal_organ_neuron,front_leg_club_chordotonal_organ_neuron,sensory,NA,left,acetylcholine,front_leg,NA
front_leg_club_chordotonal_organ_neuron,720575941588502405,SNpp60,chordotonal_organ_neuron,front_leg_club_chordotonal_organ_neuron,sensory,NA,left,acetylcholine,front_leg,NA
front_leg_club_chordotonal_organ_neuron,720575941549056061,SNpp57,chordotonal_organ_neuron,front_leg_club_chordotonal_organ_neuron,sensory,NA,left,acetylcholine,front_leg,NA
front_leg_club_chordotonal_organ_neuron,720575941588503173,SNpp59,chordotonal_organ_neuron,front_leg_club_chordotonal_organ_neuron,sensory,NA,left,acetylcholine,front_leg,NA
front_leg_club_chordotonal_organ_neuron,720575941588503429,SNpp47,chordotonal_organ_neuron,front_leg_club_chordotonal_organ_neuron,sensory,NA,left,acetylcholine,front_leg,NA
front_leg_club_chordotonal_organ_neuron,720575941551167604,SNpp47,chordotonal_organ_neuron,front_leg_club_chordotonal_organ_neuron,sensory,NA,left,acetylcholine,front_leg,NA
front_leg_club_chordotonal_organ_neuron,720575941588534917,SNpp59,chordotonal_organ_neuron,front_leg_club_chordotonal_organ_neuron,sensory,NA,left,acetylcholine,front_leg,NA
front_leg_club_chordotonal_organ_neuron,720575941612214758,SNppxx,chordotonal_organ_neuron,front_leg_club_chordotonal_organ_neuron,sensory,NA,left,acetylcholine,front_leg,NA
front_leg_club_chordotonal_organ_neuron,720575941567640935,SNpp60,chordotonal_organ_neuron,front_leg_club_chordotonal_organ_neuron,sensory,NA,left,acetylcholine,front_leg,NA
front_leg_club_chordotonal_organ_neuron,720575941517946540,SNpp60,chordotonal_organ_neuron,front_leg_club_chordotonal_organ_neuron,sensory,NA,left,acetylcholine,front_leg,NA
front_leg_club_chordotonal_organ_neuron,720575941404746352,SNxxxx,chordotonal_organ_neuron,front_leg_club_chordotonal_organ_neuron,sensory,NA,left,acetylcholine,front_leg,NA
front_leg_club_chordotonal_organ_neuron,720575941643984229,SNpp60,chordotonal_organ_neuron,front_leg_club_chordotonal_organ_neuron,sensory,NA,left,acetylcholine,front_leg,NA
front_leg_club_chordotonal_organ_neuron,720575941591225128,SNpp60,chordotonal_organ_neuron,front_leg_club_chordotonal_organ_neuron,sensory,NA,left,acetylcholine,front_leg,NA
front_leg_club_chordotonal_organ_neuron,720575941593192305,SNpp47,chordotonal_organ_neuron,front_leg_club_chordotonal_organ_neuron,sensory,NA,right,acetylcholine,front_leg,NA
front_leg_club_chordotonal_organ_neuron,720575941601136374,SNpp43,chordotonal_organ_neuron,front_leg_club_chordotonal_organ_neuron,sensory,NA,right,acetylcholine,front_leg,NA
front_leg_club_chordotonal_organ_neuron,720575941638984565,SNpp44,chordotonal_organ_neuron,front_leg_club_chordotonal_organ_neuron,sensory,NA,right,acetylcholine,front_leg,NA
front_leg_club_chordotonal_organ_neuron,720575941640168479,SNpp57,chordotonal_organ_neuron,front_leg_club_chordotonal_organ_neuron,sensory,NA,left,acetylcholine,front_leg,NA
front_leg_club_chordotonal_organ_neuron,720575941497396347,SNpp60,chordotonal_organ_neuron,front_leg_club_chordotonal_organ_neuron,sensory,NA,left,acetylcholine,front_leg,NA
front_leg_club_chordotonal_organ_neuron,720575941612657404,SNxxxx,chordotonal_organ_neuron,front_leg_club_chordotonal_organ_neuron,sensory,NA,left,gaba,front_leg,NA
front_leg_club_chordotonal_organ_neuron,720575941614551772,SNpp59,chordotonal_organ_neuron,front_leg_club_chordotonal_organ_neuron,sensory,NA,left,acetylcholine,front_leg,NA
front_leg_club_chordotonal_organ_neuron,720575941583523935,SNpp47,chordotonal_organ_neuron,front_leg_club_chordotonal_organ_neuron,sensory,NA,left,acetylcholine,front_leg,NA
front_leg_club_chordotonal_organ_neuron,720575941521039283,SNpp60,chordotonal_organ_neuron,front_leg_club_chordotonal_organ_neuron,sensory,NA,left,acetylcholine,front_leg,NA
front_leg_club_chordotonal_organ_neuron,720575941594333733,SNpp57,chordotonal_organ_neuron,front_leg_club_chordotonal_organ_neuron,sensory,NA,left,acetylcholine,front_leg,NA
front_leg_club_chordotonal_organ_neuron,720575941508505729,SNpp59,chordotonal_organ_neuron,front_leg_club_chordotonal_organ_neuron,sensory,NA,left,acetylcholine,front_leg,NA
front_leg_club_chordotonal_organ_neuron,720575941431920993,SNpp59,chordotonal_organ_neuron,front_leg_club_chordotonal_organ_neuron,sensory,NA,left,acetylcholine,front_leg,NA
front_leg_club_chordotonal_organ_neuron,720575941631165627,SNpp59,chordotonal_organ_neuron,front_leg_club_chordotonal_organ_neuron,sensory,NA,left,acetylcholine,front_leg,NA
front_leg_club_chordotonal_organ_neuron,720575941433022990,SNpp44,chordotonal_organ_neuron,front_leg_club_chordotonal_organ_neuron,sensory,NA,right,acetylcholine,front_leg,NA
front_leg_club_chordotonal_organ_neuron,720575941480772431,SNpp59,chordotonal_organ_neuron,front_leg_club_chordotonal_organ_neuron,sensory,NA,left,acetylcholine,front_leg,NA
front_leg_club_chordotonal_organ_neuron,720575941573650077,SNpp58,chordotonal_organ_neuron,front_leg_club_chordotonal_organ_neuron,sensory,NA,left,acetylcholine,front_leg,NA
front_leg_club_chordotonal_organ_neuron,720575941413320337,SNxxxx,chordotonal_organ_neuron,front_leg_club_chordotonal_organ_neuron,sensory,NA,left,acetylcholine,front_leg,NA
front_leg_club_chordotonal_organ_neuron,720575941670298330,SNpp59,chordotonal_organ_neuron,front_leg_club_chordotonal_organ_neuron,sensory,NA,left,acetylcholine,front_leg,NA
front_leg_club_chordotonal_organ_neuron,720575941670298586,SNpp59,chordotonal_organ_neuron,front_leg_club_chordotonal_organ_neuron,sensory,NA,left,acetylcholine,front_leg,NA
front_leg_club_chordotonal_organ_neuron,720575941538144405,SNxxxx,chordotonal_organ_neuron,front_leg_club_chordotonal_organ_neuron,sensory,NA,left,gaba,front_leg,NA
front_leg_club_chordotonal_organ_neuron,720575941670332634,SNpp47,chordotonal_organ_neuron,front_leg_club_chordotonal_organ_neuron,sensory,NA,left,acetylcholine,front_leg,NA
front_leg_club_chordotonal_organ_neuron,720575941670332890,SNpp60,chordotonal_organ_neuron,front_leg_club_chordotonal_organ_neuron,sensory,NA,left,acetylcholine,front_leg,NA
front_leg_club_chordotonal_organ_neuron,720575941670333658,SNpp47,chordotonal_organ_neuron,front_leg_club_chordotonal_organ_neuron,sensory,NA,left,acetylcholine,front_leg,NA
front_leg_club_chordotonal_organ_neuron,720575941604168894,SNpp59,chordotonal_organ_neuron,front_leg_club_chordotonal_organ_neuron,sensory,NA,left,acetylcholine,front_leg,NA
front_leg_club_chordotonal_organ_neuron,720575941576724406,SNpp59,chordotonal_organ_neuron,front_leg_club_chordotonal_organ_neuron,sensory,NA,left,acetylcholine,front_leg,NA
front_leg_club_chordotonal_organ_neuron,720575941514787793,SNpp58,chordotonal_organ_neuron,front_leg_club_chordotonal_organ_neuron,sensory,NA,left,acetylcholine,front_leg,NA
front_leg_club_chordotonal_organ_neuron,720575941530288331,SNpp44,chordotonal_organ_neuron,front_leg_club_chordotonal_organ_neuron,sensory,NA,left,acetylcholine,front_leg,NA
front_leg_club_chordotonal_organ_neuron,720575941553637786,SNpp44,chordotonal_organ_neuron,front_leg_club_chordotonal_organ_neuron,sensory,NA,right,acetylcholine,front_leg,NA
front_leg_club_chordotonal_organ_neuron,720575941505749176,SNpp59,chordotonal_organ_neuron,front_leg_club_chordotonal_organ_neuron,sensory,NA,NA,acetylcholine,front_leg,NA
front_leg_club_chordotonal_organ_neuron,720575941546389684,SNpp40,chordotonal_organ_neuron,front_leg_club_chordotonal_organ_neuron,sensory,NA,right,acetylcholine,front_leg,NA
front_leg_club_chordotonal_organ_neuron,720575941484000198,SNxxxx,chordotonal_organ_neuron,front_leg_club_chordotonal_organ_neuron,sensory,NA,right,acetylcholine,front_leg,NA
front_leg_club_chordotonal_organ_neuron,720575941614289561,SNpp43,chordotonal_organ_neuron,front_leg_club_chordotonal_organ_neuron,sensory,NA,right,acetylcholine,front_leg,NA
front_leg_club_chordotonal_organ_neuron,720575941669098417,SNpp56,chordotonal_organ_neuron,front_leg_club_chordotonal_organ_neuron,sensory,NA,right,acetylcholine,front_leg,NA
front_leg_club_chordotonal_organ_neuron,720575941440432831,SNpp60,chordotonal_organ_neuron,front_leg_club_chordotonal_organ_neuron,sensory,NA,right,acetylcholine,front_leg,NA
hind_leg_club_chordotonal_organ_neuron,720575941535151898,SApp23,chordotonal_organ_neuron,hind_leg_club_chordotonal_organ_neuron,sensory_ascending,NA,right,acetylcholine,hind_leg,NA
hind_leg_club_chordotonal_organ_neuron,720575941603506622,SApp23,chordotonal_organ_neuron,hind_leg_club_chordotonal_organ_neuron,sensory_ascending,NA,right,acetylcholine,hind_leg,NA
hind_leg_club_chordotonal_organ_neuron,720575941588545335,SApp23,chordotonal_organ_neuron,hind_leg_club_chordotonal_organ_neuron,sensory_ascending,NA,right,acetylcholine,hind_leg,NA
hind_leg_club_chordotonal_organ_neuron,720575941702043354,SApp23,chordotonal_organ_neuron,hind_leg_club_chordotonal_organ_neuron,sensory_ascending,NA,left,acetylcholine,hind_leg,NA
hind_leg_club_chordotonal_organ_neuron,720575941488006197,SApp23,chordotonal_organ_neuron,hind_leg_club_chordotonal_organ_neuron,sensory_ascending,NA,right,acetylcholine,hind_leg,NA
hind_leg_club_chordotonal_organ_neuron,720575941597339804,SApp23,chordotonal_organ_neuron,hind_leg_club_chordotonal_organ_neuron,sensory_ascending,NA,right,acetylcholine,hind_leg,NA
hind_leg_club_chordotonal_organ_neuron,720575941442141866,SApp23,chordotonal_organ_neuron,hind_leg_club_chordotonal_organ_neuron,sensory_ascending,NA,right,acetylcholine,hind_leg,NA
hind_leg_club_chordotonal_organ_neuron,720575941595312517,SApp23,chordotonal_organ_neuron,hind_leg_club_chordotonal_organ_neuron,sensory_ascending,NA,left,acetylcholine,hind_leg,NA
hind_leg_club_chordotonal_organ_neuron,720575941533690817,SNpp43,chordotonal_organ_neuron,hind_leg_club_chordotonal_organ_neuron,sensory,NA,right,acetylcholine,hind_leg,NA
hind_leg_club_chordotonal_organ_neuron,720575941518933427,SNpp43,chordotonal_organ_neuron,hind_leg_club_chordotonal_organ_neuron,sensory,NA,right,acetylcholine,hind_leg,NA
hind_leg_club_chordotonal_organ_neuron,720575941525578662,SNpp58,chordotonal_organ_neuron,hind_leg_club_chordotonal_organ_neuron,sensory,NA,right,acetylcholine,hind_leg,NA
hind_leg_club_chordotonal_organ_neuron,720575941656329040,SNpp42,chordotonal_organ_neuron,hind_leg_club_chordotonal_organ_neuron,sensory,NA,right,acetylcholine,hind_leg,NA
hind_leg_club_chordotonal_organ_neuron,720575941563000471,SNpp42,chordotonal_organ_neuron,hind_leg_club_chordotonal_organ_neuron,sensory,NA,left,acetylcholine,hind_leg,NA
hind_leg_club_chordotonal_organ_neuron,720575941606852461,SNpp46,chordotonal_organ_neuron,hind_leg_club_chordotonal_organ_neuron,sensory,NA,left,acetylcholine,hind_leg,NA
hind_leg_club_chordotonal_organ_neuron,720575941527843512,SNpp42,chordotonal_organ_neuron,hind_leg_club_chordotonal_organ_neuron,sensory,NA,left,acetylcholine,hind_leg,NA
hind_leg_club_chordotonal_organ_neuron,720575941438262101,SNpp42,chordotonal_organ_neuron,hind_leg_club_chordotonal_organ_neuron,sensory,NA,left,acetylcholine,hind_leg,NA
hind_leg_club_chordotonal_organ_neuron,720575941622232060,SNpp42,chordotonal_organ_neuron,hind_leg_club_chordotonal_organ_neuron,sensory,NA,right,acetylcholine,hind_leg,NA
hind_leg_club_chordotonal_organ_neuron,720575941472177962,SNpp46,chordotonal_organ_neuron,hind_leg_club_chordotonal_organ_neuron,sensory,NA,right,acetylcholine,hind_leg,NA
hind_leg_club_chordotonal_organ_neuron,720575941511887569,SNpp42,chordotonal_organ_neuron,hind_leg_club_chordotonal_organ_neuron,sensory,NA,right,acetylcholine,hind_leg,NA
hind_leg_club_chordotonal_organ_neuron,720575941501000791,SNpp42,chordotonal_organ_neuron,hind_leg_club_chordotonal_organ_neuron,sensory,NA,right,acetylcholine,hind_leg,NA
hind_leg_club_chordotonal_organ_neuron,720575941640449055,SNpp42,chordotonal_organ_neuron,hind_leg_club_chordotonal_organ_neuron,sensory,NA,right,acetylcholine,hind_leg,NA
hind_leg_club_chordotonal_organ_neuron,720575941390784918,SNpp47,chordotonal_organ_neuron,hind_leg_club_chordotonal_organ_neuron,sensory,NA,right,acetylcholine,hind_leg,NA
hind_leg_club_chordotonal_organ_neuron,720575941399517475,SNpp60,chordotonal_organ_neuron,hind_leg_club_chordotonal_organ_neuron,sensory,NA,right,acetylcholine,hind_leg,NA
hind_leg_club_chordotonal_organ_neuron,720575941478015362,SNpp60,chordotonal_organ_neuron,hind_leg_club_chordotonal_organ_neuron,sensory,NA,right,acetylcholine,hind_leg,NA
hind_leg_club_chordotonal_organ_neuron,720575941485400528,SNpp58,chordotonal_organ_neuron,hind_leg_club_chordotonal_organ_neuron,sensory,NA,right,acetylcholine,hind_leg,NA
hind_leg_club_chordotonal_organ_neuron,720575941557939950,SNpp43,chordotonal_organ_neuron,hind_leg_club_chordotonal_organ_neuron,sensory,NA,right,acetylcholine,hind_leg,NA
hind_leg_club_chordotonal_organ_neuron,720575941669018791,SNpp43,chordotonal_organ_neuron,hind_leg_club_chordotonal_organ_neuron,sensory,NA,right,acetylcholine,hind_leg,NA
hind_leg_club_chordotonal_organ_neuron,720575941591264619,unknown_sensory,chordotonal_organ_neuron,hind_leg_club_chordotonal_organ_neuron,sensory,NA,right,acetylcholine,hind_leg,NA
hind_leg_club_chordotonal_organ_neuron,720575941413887260,SNpp58,chordotonal_organ_neuron,hind_leg_club_chordotonal_organ_neuron,sensory,NA,left,acetylcholine,hind_leg,NA
hind_leg_club_chordotonal_organ_neuron,720575941540242268,SNpp43,chordotonal_organ_neuron,hind_leg_club_chordotonal_organ_neuron,sensory,NA,right,acetylcholine,hind_leg,NA
hind_leg_club_chordotonal_organ_neuron,720575941456766879,SNpp43,chordotonal_organ_neuron,hind_leg_club_chordotonal_organ_neuron,sensory,NA,right,acetylcholine,hind_leg,NA
hind_leg_club_chordotonal_organ_neuron,720575941429693432,SNpp43,chordotonal_organ_neuron,hind_leg_club_chordotonal_organ_neuron,sensory,NA,right,acetylcholine,hind_leg,NA
hind_leg_club_chordotonal_organ_neuron,720575941641371749,SNpp59,chordotonal_organ_neuron,hind_leg_club_chordotonal_organ_neuron,sensory,NA,right,acetylcholine,hind_leg,NA
hind_leg_club_chordotonal_organ_neuron,720575941567456626,SNpp40,chordotonal_organ_neuron,hind_leg_club_chordotonal_organ_neuron,sensory,NA,right,acetylcholine,hind_leg,NA
hind_leg_club_chordotonal_organ_neuron,720575941406216622,SNpp43,chordotonal_organ_neuron,hind_leg_club_chordotonal_organ_neuron,sensory,NA,right,acetylcholine,hind_leg,NA
hind_leg_club_chordotonal_organ_neuron,720575941457013919,SNpp60,chordotonal_organ_neuron,hind_leg_club_chordotonal_organ_neuron,sensory,NA,right,acetylcholine,hind_leg,NA
hind_leg_club_chordotonal_organ_neuron,720575941479883599,SNpp47,chordotonal_organ_neuron,hind_leg_club_chordotonal_organ_neuron,sensory,NA,left,acetylcholine,hind_leg,NA
hind_leg_club_chordotonal_organ_neuron,720575941392197270,SNpp47,chordotonal_organ_neuron,hind_leg_club_chordotonal_organ_neuron,sensory,NA,left,acetylcholine,hind_leg,NA
hind_leg_club_chordotonal_organ_neuron,720575941455434477,SNpp47,chordotonal_organ_neuron,hind_leg_club_chordotonal_organ_neuron,sensory,NA,left,acetylcholine,hind_leg,NA
hind_leg_club_chordotonal_organ_neuron,720575941564567094,SNpp60,chordotonal_organ_neuron,hind_leg_club_chordotonal_organ_neuron,sensory,NA,left,acetylcholine,hind_leg,NA
hind_leg_club_chordotonal_organ_neuron,720575941391840918,SNpp42,chordotonal_organ_neuron,hind_leg_club_chordotonal_organ_neuron,sensory,NA,left,acetylcholine,hind_leg,NA
hind_leg_club_chordotonal_organ_neuron,720575941535938792,SNpp40,chordotonal_organ_neuron,hind_leg_club_chordotonal_organ_neuron,sensory,NA,left,acetylcholine,front_leg,NA
hind_leg_club_chordotonal_organ_neuron,720575941476260916,SNpp58,chordotonal_organ_neuron,hind_leg_club_chordotonal_organ_neuron,sensory,NA,left,acetylcholine,hind_leg,NA
hind_leg_club_chordotonal_organ_neuron,720575941657313048,SNpp56,chordotonal_organ_neuron,hind_leg_club_chordotonal_organ_neuron,sensory,NA,left,acetylcholine,hind_leg,NA
hind_leg_club_chordotonal_organ_neuron,720575941483890061,SNpp60,chordotonal_organ_neuron,hind_leg_club_chordotonal_organ_neuron,sensory,NA,right,acetylcholine,hind_leg,NA
hind_leg_club_chordotonal_organ_neuron,720575941565144423,SNpp60,chordotonal_organ_neuron,hind_leg_club_chordotonal_organ_neuron,sensory,NA,right,acetylcholine,hind_leg,NA
hind_leg_club_chordotonal_organ_neuron,720575941525500749,SApp23,chordotonal_organ_neuron,hind_leg_club_chordotonal_organ_neuron,sensory,NA,right,acetylcholine,hind_leg,NA
hind_leg_club_chordotonal_organ_neuron,720575941406989742,SNpp47,chordotonal_organ_neuron,hind_leg_club_chordotonal_organ_neuron,sensory,NA,right,acetylcholine,hind_leg,NA
hind_leg_club_chordotonal_organ_neuron,720575941534010261,SNpp47,chordotonal_organ_neuron,hind_leg_club_chordotonal_organ_neuron,sensory,NA,right,acetylcholine,hind_leg,NA
hind_leg_club_chordotonal_organ_neuron,720575941480087275,SNpp56,chordotonal_organ_neuron,hind_leg_club_chordotonal_organ_neuron,sensory,NA,right,acetylcholine,hind_leg,NA
hind_leg_club_chordotonal_organ_neuron,720575941611783388,SNpp56,chordotonal_organ_neuron,hind_leg_club_chordotonal_organ_neuron,sensory,NA,left,acetylcholine,hind_leg,NA
hind_leg_club_chordotonal_organ_neuron,720575941591449896,SNpp60,chordotonal_organ_neuron,hind_leg_club_chordotonal_organ_neuron,sensory,NA,left,acetylcholine,hind_leg,NA
hind_leg_club_chordotonal_organ_neuron,720575941536010984,SNpp60,chordotonal_organ_neuron,hind_leg_club_chordotonal_organ_neuron,sensory,NA,right,acetylcholine,hind_leg,NA
hind_leg_club_chordotonal_organ_neuron,720575941470247744,SNpp56,chordotonal_organ_neuron,hind_leg_club_chordotonal_organ_neuron,sensory,NA,left,acetylcholine,hind_leg,NA
hind_leg_club_chordotonal_organ_neuron,720575941504784549,SNpp40,chordotonal_organ_neuron,hind_leg_club_chordotonal_organ_neuron,sensory,NA,left,acetylcholine,hind_leg,NA
hind_leg_club_chordotonal_organ_neuron,720575941533239701,SNpp60,chordotonal_organ_neuron,hind_leg_club_chordotonal_organ_neuron,sensory,NA,left,acetylcholine,hind_leg,NA
hind_leg_club_chordotonal_organ_neuron,720575941589671506,SNpp60,chordotonal_organ_neuron,hind_leg_club_chordotonal_organ_neuron,sensory,NA,left,acetylcholine,hind_leg,NA
hind_leg_club_chordotonal_organ_neuron,720575941629078764,SNpp47,chordotonal_organ_neuron,hind_leg_club_chordotonal_organ_neuron,sensory,NA,right,acetylcholine,hind_leg,NA
hind_leg_club_chordotonal_organ_neuron,720575941536409571,SNpp60,chordotonal_organ_neuron,hind_leg_club_chordotonal_organ_neuron,sensory,NA,right,acetylcholine,hind_leg,NA
hind_leg_club_chordotonal_organ_neuron,720575941589669714,SNpp60,chordotonal_organ_neuron,hind_leg_club_chordotonal_organ_neuron,sensory,NA,left,acetylcholine,hind_leg,NA
hind_leg_club_chordotonal_organ_neuron,720575941471742762,SNpp43,chordotonal_organ_neuron,hind_leg_club_chordotonal_organ_neuron,sensory,NA,right,acetylcholine,hind_leg,NA
hind_leg_club_chordotonal_organ_neuron,720575941516845059,SNpp60,chordotonal_organ_neuron,hind_leg_club_chordotonal_organ_neuron,sensory,NA,right,acetylcholine,hind_leg,NA
hind_leg_club_chordotonal_organ_neuron,720575941539248253,SNpp43,chordotonal_organ_neuron,hind_leg_club_chordotonal_organ_neuron,sensory,NA,right,acetylcholine,hind_leg,NA
hind_leg_club_chordotonal_organ_neuron,720575941475224672,SNpp59,chordotonal_organ_neuron,hind_leg_club_chordotonal_organ_neuron,sensory,NA,right,acetylcholine,hind_leg,NA
hind_leg_club_chordotonal_organ_neuron,720575941471740458,SNpp43,chordotonal_organ_neuron,hind_leg_club_chordotonal_organ_neuron,sensory,NA,right,acetylcholine,hind_leg,NA
hind_leg_club_chordotonal_organ_neuron,720575941669802929,SNpp60,chordotonal_organ_neuron,hind_leg_club_chordotonal_organ_neuron,sensory,NA,left,acetylcholine,hind_leg,NA
hind_leg_club_chordotonal_organ_neuron,720575941468551947,SNpp47,chordotonal_organ_neuron,hind_leg_club_chordotonal_organ_neuron,sensory,NA,right,acetylcholine,hind_leg,NA
hind_leg_club_chordotonal_organ_neuron,720575941465967894,SNpp59,chordotonal_organ_neuron,hind_leg_club_chordotonal_organ_neuron,sensory,NA,left,acetylcholine,hind_leg,NA
hind_leg_club_chordotonal_organ_neuron,720575941480185579,SNpp47,chordotonal_organ_neuron,hind_leg_club_chordotonal_organ_neuron,sensory,NA,right,acetylcholine,hind_leg,NA
hind_leg_club_chordotonal_organ_neuron,720575941392178838,SNpp60,chordotonal_organ_neuron,hind_leg_club_chordotonal_organ_neuron,sensory,NA,NA,acetylcholine,hind_leg,NA
hind_leg_club_chordotonal_organ_neuron,720575941392252310,SNpp60,chordotonal_organ_neuron,hind_leg_club_chordotonal_organ_neuron,sensory,NA,NA,acetylcholine,hind_leg,NA
hind_leg_club_chordotonal_organ_neuron,720575941485211533,SNpp47,chordotonal_organ_neuron,hind_leg_club_chordotonal_organ_neuron,sensory,NA,NA,acetylcholine,hind_leg,NA
hind_leg_club_chordotonal_organ_neuron,720575941591662376,SNpp47,chordotonal_organ_neuron,hind_leg_club_chordotonal_organ_neuron,sensory,NA,NA,acetylcholine,hind_leg,NA
hind_leg_club_chordotonal_organ_neuron,720575941400265763,SNpp58,chordotonal_organ_neuron,hind_leg_club_chordotonal_organ_neuron,sensory,NA,left,acetylcholine,hind_leg,NA
hind_leg_club_chordotonal_organ_neuron,720575941578924533,SNpp60,chordotonal_organ_neuron,hind_leg_club_chordotonal_organ_neuron,sensory,NA,left,acetylcholine,hind_leg,NA
hind_leg_club_chordotonal_organ_neuron,720575941565072694,SNpp47,chordotonal_organ_neuron,hind_leg_club_chordotonal_organ_neuron,sensory,NA,right,acetylcholine,hind_leg,NA
hind_leg_club_chordotonal_organ_neuron,720575941690741400,SNpp59,chordotonal_organ_neuron,hind_leg_club_chordotonal_organ_neuron,sensory,NA,right,acetylcholine,hind_leg,NA
hind_leg_club_chordotonal_organ_neuron,720575941628897574,SNpp43,chordotonal_organ_neuron,hind_leg_club_chordotonal_organ_neuron,sensory,NA,left,acetylcholine,hind_leg,NA
hind_leg_club_chordotonal_organ_neuron,720575941439310303,SApp23,chordotonal_organ_neuron,hind_leg_club_chordotonal_organ_neuron,sensory,NA,left,acetylcholine,hind_leg,NA
hind_leg_club_chordotonal_organ_neuron,720575941450753658,SNpp60,chordotonal_organ_neuron,hind_leg_club_chordotonal_organ_neuron,sensory,NA,left,acetylcholine,hind_leg,NA
hind_leg_club_chordotonal_organ_neuron,720575941626469322,SNpp60,chordotonal_organ_neuron,hind_leg_club_chordotonal_organ_neuron,sensory,NA,left,acetylcholine,hind_leg,NA
hind_leg_club_chordotonal_organ_neuron,720575941456263274,SNpp56,chordotonal_organ_neuron,hind_leg_club_chordotonal_organ_neuron,sensory,NA,right,acetylcholine,hind_leg,NA
hind_leg_club_chordotonal_organ_neuron,720575941476734529,SNpp56,chordotonal_organ_neuron,hind_leg_club_chordotonal_organ_neuron,sensory,NA,right,acetylcholine,hind_leg,NA
hind_leg_club_chordotonal_organ_neuron,720575941657704216,SNpp47,chordotonal_organ_neuron,hind_leg_club_chordotonal_organ_neuron,sensory,NA,right,acetylcholine,hind_leg,NA
hind_leg_club_chordotonal_organ_neuron,720575941456265578,SNpp60,chordotonal_organ_neuron,hind_leg_club_chordotonal_organ_neuron,sensory,NA,right,acetylcholine,hind_leg,NA
hind_leg_club_chordotonal_organ_neuron,720575941536728808,SNpp56,chordotonal_organ_neuron,hind_leg_club_chordotonal_organ_neuron,sensory,NA,right,acetylcholine,hind_leg,NA
hind_leg_club_chordotonal_organ_neuron,720575941731743787,SNpp56,chordotonal_organ_neuron,hind_leg_club_chordotonal_organ_neuron,sensory,NA,right,acetylcholine,hind_leg,NA
hind_leg_club_chordotonal_organ_neuron,720575941460200256,SNpp56,chordotonal_organ_neuron,hind_leg_club_chordotonal_organ_neuron,sensory,NA,right,acetylcholine,hind_leg,NA
hind_leg_club_chordotonal_organ_neuron,720575941638471541,SApp23,chordotonal_organ_neuron,hind_leg_club_chordotonal_organ_neuron,sensory,NA,right,acetylcholine,hind_leg,NA
hind_leg_club_chordotonal_organ_neuron,720575941497379195,SNpp60,chordotonal_organ_neuron,hind_leg_club_chordotonal_organ_neuron,sensory,NA,right,acetylcholine,hind_leg,NA
hind_leg_club_chordotonal_organ_neuron,720575941468570379,SNpp60,chordotonal_organ_neuron,hind_leg_club_chordotonal_organ_neuron,sensory,NA,right,acetylcholine,hind_leg,NA
hind_leg_club_chordotonal_organ_neuron,720575941432143374,SNpp40,chordotonal_organ_neuron,hind_leg_club_chordotonal_organ_neuron,sensory,NA,right,acetylcholine,hind_leg,NA
hind_leg_club_chordotonal_organ_neuron,720575941486467981,SNpp60,chordotonal_organ_neuron,hind_leg_club_chordotonal_organ_neuron,sensory,NA,right,acetylcholine,hind_leg,NA
hind_leg_club_chordotonal_organ_neuron,720575941426845012,SNpp60,chordotonal_organ_neuron,hind_leg_club_chordotonal_organ_neuron,sensory,NA,right,acetylcholine,hind_leg,NA
hind_leg_club_chordotonal_organ_neuron,720575941480094699,SNpp43,chordotonal_organ_neuron,hind_leg_club_chordotonal_organ_neuron,sensory,NA,right,acetylcholine,hind_leg,NA
hind_leg_club_chordotonal_organ_neuron,720575941476161585,SNpp60,chordotonal_organ_neuron,hind_leg_club_chordotonal_organ_neuron,sensory,NA,right,acetylcholine,hind_leg,NA
hind_leg_club_chordotonal_organ_neuron,720575941583577183,SNpp60,chordotonal_organ_neuron,hind_leg_club_chordotonal_organ_neuron,sensory,NA,right,acetylcholine,hind_leg,NA
hind_leg_club_chordotonal_organ_neuron,720575941444486314,SNpp60,chordotonal_organ_neuron,hind_leg_club_chordotonal_organ_neuron,sensory,NA,right,acetylcholine,hind_leg,NA
hind_leg_club_chordotonal_organ_neuron,720575941532584323,SNpp43,chordotonal_organ_neuron,hind_leg_club_chordotonal_organ_neuron,sensory,NA,right,acetylcholine,hind_leg,NA
hind_leg_club_chordotonal_organ_neuron,720575941548470817,SNpp47,chordotonal_organ_neuron,hind_leg_club_chordotonal_organ_neuron,sensory,NA,right,acetylcholine,hind_leg,NA
hind_leg_club_chordotonal_organ_neuron,720575941512933073,SNpp56,chordotonal_organ_neuron,hind_leg_club_chordotonal_organ_neuron,sensory,NA,right,acetylcholine,hind_leg,NA
hind_leg_club_chordotonal_organ_neuron,720575941527825830,SNpp47,chordotonal_organ_neuron,hind_leg_club_chordotonal_organ_neuron,sensory,NA,right,acetylcholine,hind_leg,NA
hind_leg_club_chordotonal_organ_neuron,720575941482869757,SNpp47,chordotonal_organ_neuron,hind_leg_club_chordotonal_organ_neuron,sensory,NA,right,acetylcholine,hind_leg,NA
hind_leg_club_chordotonal_organ_neuron,720575941477641322,SNpp40,chordotonal_organ_neuron,hind_leg_club_chordotonal_organ_neuron,sensory,NA,right,acetylcholine,hind_leg,NA
hind_leg_club_chordotonal_organ_neuron,720575941535708954,SNpp44,chordotonal_organ_neuron,hind_leg_club_chordotonal_organ_neuron,sensory,NA,right,acetylcholine,hind_leg,NA
hind_leg_club_chordotonal_organ_neuron,720575941667528947,SNpp60,chordotonal_organ_neuron,hind_leg_club_chordotonal_organ_neuron,sensory,NA,right,acetylcholine,hind_leg,NA
hind_leg_club_chordotonal_organ_neuron,720575941439299413,SNpp60,chordotonal_organ_neuron,hind_leg_club_chordotonal_organ_neuron,sensory,NA,left,acetylcholine,hind_leg,NA
hind_leg_club_chordotonal_organ_neuron,720575941506966437,SNpp60,chordotonal_organ_neuron,hind_leg_club_chordotonal_organ_neuron,sensory,NA,right,acetylcholine,hind_leg,NA
hind_leg_club_chordotonal_organ_neuron,720575941559561587,SNpp60,chordotonal_organ_neuron,hind_leg_club_chordotonal_organ_neuron,sensory,NA,right,acetylcholine,hind_leg,NA
hind_leg_club_chordotonal_organ_neuron,720575941518926212,SNpp47,chordotonal_organ_neuron,hind_leg_club_chordotonal_organ_neuron,sensory,NA,left,acetylcholine,hind_leg,NA
hind_leg_club_chordotonal_organ_neuron,720575941519676036,SNpp47,chordotonal_organ_neuron,hind_leg_club_chordotonal_organ_neuron,sensory,NA,left,acetylcholine,hind_leg,NA
hind_leg_club_chordotonal_organ_neuron,720575941566179382,SNpp47,chordotonal_organ_neuron,hind_leg_club_chordotonal_organ_neuron,sensory,NA,left,acetylcholine,hind_leg,NA
hind_leg_club_chordotonal_organ_neuron,720575941430711689,SNpp58,chordotonal_organ_neuron,hind_leg_club_chordotonal_organ_neuron,sensory,NA,left,acetylcholine,hind_leg,NA
hind_leg_club_chordotonal_organ_neuron,720575941651725041,SNpp47,chordotonal_organ_neuron,hind_leg_club_chordotonal_organ_neuron,sensory,NA,right,acetylcholine,hind_leg,NA
hind_leg_club_chordotonal_organ_neuron,720575941514806019,SNpp43,chordotonal_organ_neuron,hind_leg_club_chordotonal_organ_neuron,sensory,NA,right,acetylcholine,hind_leg,NA
hind_leg_club_chordotonal_organ_neuron,720575941535138074,SNpp58,chordotonal_organ_neuron,hind_leg_club_chordotonal_organ_neuron,sensory,NA,left,acetylcholine,hind_leg,NA
hind_leg_club_chordotonal_organ_neuron,720575941430295288,SNpp43,chordotonal_organ_neuron,hind_leg_club_chordotonal_organ_neuron,sensory,NA,left,acetylcholine,hind_leg,NA
hind_leg_club_chordotonal_organ_neuron,720575941552426497,SNpp56,chordotonal_organ_neuron,hind_leg_club_chordotonal_organ_neuron,sensory,NA,left,acetylcholine,hind_leg,NA
hind_leg_club_chordotonal_organ_neuron,720575941451573882,SNpp43,chordotonal_organ_neuron,hind_leg_club_chordotonal_organ_neuron,sensory,NA,right,acetylcholine,hind_leg,NA
hind_leg_club_chordotonal_organ_neuron,720575941452462505,SNpp40,chordotonal_organ_neuron,hind_leg_club_chordotonal_organ_neuron,sensory,NA,right,acetylcholine,hind_leg,NA
hind_leg_club_chordotonal_organ_neuron,720575941568455418,SNpp59,chordotonal_organ_neuron,hind_leg_club_chordotonal_organ_neuron,sensory,NA,left,acetylcholine,hind_leg,NA
hind_leg_club_chordotonal_organ_neuron,720575941610243146,SNpp60,chordotonal_organ_neuron,hind_leg_club_chordotonal_organ_neuron,sensory,NA,left,acetylcholine,hind_leg,NA
hind_leg_club_chordotonal_organ_neuron,720575941592668011,SNpp40,chordotonal_organ_neuron,hind_leg_club_chordotonal_organ_neuron,sensory,NA,right,acetylcholine,hind_leg,NA
hind_leg_club_chordotonal_organ_neuron,720575941534227178,SNpp60,chordotonal_organ_neuron,hind_leg_club_chordotonal_organ_neuron,sensory,NA,left,acetylcholine,hind_leg,NA
hind_leg_club_chordotonal_organ_neuron,720575941589293394,SNpp60,chordotonal_organ_neuron,hind_leg_club_chordotonal_organ_neuron,sensory,NA,left,acetylcholine,hind_leg,NA
hind_leg_club_chordotonal_organ_neuron,720575941434494350,SNpp60,chordotonal_organ_neuron,hind_leg_club_chordotonal_organ_neuron,sensory,NA,left,acetylcholine,hind_leg,NA
hind_leg_club_chordotonal_organ_neuron,720575941594356517,SNpp60,chordotonal_organ_neuron,hind_leg_club_chordotonal_organ_neuron,sensory,NA,left,acetylcholine,hind_leg,NA
hind_leg_club_chordotonal_organ_neuron,720575941640210207,SNpp58,chordotonal_organ_neuron,hind_leg_club_chordotonal_organ_neuron,sensory,NA,right,acetylcholine,hind_leg,NA
hind_leg_club_chordotonal_organ_neuron,720575941565115190,SApp23,chordotonal_organ_neuron,hind_leg_club_chordotonal_organ_neuron,sensory,NA,left,acetylcholine,hind_leg,NA
hind_leg_club_chordotonal_organ_neuron,720575941571574430,SNpp60,chordotonal_organ_neuron,hind_leg_club_chordotonal_organ_neuron,sensory,NA,right,acetylcholine,hind_leg,NA
hind_leg_club_chordotonal_organ_neuron,720575941599520702,SApp23,chordotonal_organ_neuron,hind_leg_club_chordotonal_organ_neuron,sensory,NA,left,acetylcholine,hind_leg,NA
hind_leg_club_chordotonal_organ_neuron,720575941513665868,SNpp40,chordotonal_organ_neuron,hind_leg_club_chordotonal_organ_neuron,sensory,NA,left,acetylcholine,hind_leg,NA
hind_leg_club_chordotonal_organ_neuron,720575941530245579,SNpp60,chordotonal_organ_neuron,hind_leg_club_chordotonal_organ_neuron,sensory,NA,left,acetylcholine,hind_leg,NA
hind_leg_club_chordotonal_organ_neuron,720575941612348380,SNpp56,chordotonal_organ_neuron,hind_leg_club_chordotonal_organ_neuron,sensory,NA,left,acetylcholine,hind_leg,NA
hind_leg_club_chordotonal_organ_neuron,720575941514788867,SNpp56,chordotonal_organ_neuron,hind_leg_club_chordotonal_organ_neuron,sensory,NA,left,acetylcholine,hind_leg,NA
hind_leg_club_chordotonal_organ_neuron,720575941684669423,SNpp47,chordotonal_organ_neuron,hind_leg_club_chordotonal_organ_neuron,sensory,NA,right,acetylcholine,hind_leg,NA
hind_leg_club_chordotonal_organ_neuron,720575941536471834,SNpp56,chordotonal_organ_neuron,hind_leg_club_chordotonal_organ_neuron,sensory,NA,right,acetylcholine,hind_leg,NA
hind_leg_club_chordotonal_organ_neuron,720575941470301047,SNpp43,chordotonal_organ_neuron,hind_leg_club_chordotonal_organ_neuron,sensory,NA,right,acetylcholine,hind_leg,NA
hind_leg_club_chordotonal_organ_neuron,720575941553593150,SApp23,chordotonal_organ_neuron,hind_leg_club_chordotonal_organ_neuron,sensory_ascending,NA,left,acetylcholine,hind_leg,NA
hind_leg_club_chordotonal_organ_neuron,720575941523231563,SNpp40,chordotonal_organ_neuron,hind_leg_club_chordotonal_organ_neuron,sensory,NA,left,acetylcholine,hind_leg,NA
hind_leg_club_chordotonal_organ_neuron,720575941644431560,SNpp60,chordotonal_organ_neuron,hind_leg_club_chordotonal_organ_neuron,sensory,NA,NA,acetylcholine,hind_leg,NA
hind_leg_club_chordotonal_organ_neuron,720575941564628887,SNpp43,chordotonal_organ_neuron,hind_leg_club_chordotonal_organ_neuron,sensory,NA,right,acetylcholine,hind_leg,NA
hind_leg_club_chordotonal_organ_neuron,720575941541986140,SNpp60,chordotonal_organ_neuron,hind_leg_club_chordotonal_organ_neuron,sensory,NA,left,acetylcholine,hind_leg,NA
WPN,720575941442188223,WED092c,NA,NA,central_brain_intrinsic,NA,left,dopamine,unknown,NA
WPN,720575941640152181,WED092d,NA,NA,central_brain_intrinsic,NA,left,acetylcholine,unknown,NA
WPN,720575941526959949,WED092d,NA,NA,central_brain_intrinsic,NA,left,acetylcholine,unknown,NA
WPN,720575941582636921,WED092c,NA,NA,central_brain_intrinsic,NA,right,dopamine,unknown,NA
WPN,720575941431468536,WED092c,NA,NA,central_brain_intrinsic,NA,right,dopamine,unknown,NA
WPN,720575941587723998,LHPV6q1,lateral_horn_output_neuron,lateral_horn_output_neuron,central_brain_intrinsic,NA,right,FMRFa,unknown,NA
WPN,720575941644329061,WED092c,NA,NA,central_brain_intrinsic,NA,right,dopamine,unknown,NA
WPN,720575941510841360,WED092d,NA,NA,central_brain_intrinsic,NA,right,acetylcholine,unknown,NA
WPN,720575941536178410,LHPV6q1,lateral_horn_output_neuron,lateral_horn_output_neuron,central_brain_intrinsic,NA,left,FMRFa,unknown,NA
IN18B011,720575941691026072,IN18B011,ventral_nerve_cord_centrifugal,ventral_nerve_cord_bilateral_interconnecting,ventral_nerve_cord_intrinsic,NA,left,acetylcholine,unknown,NA
IN18B011,720575941592931112,IN18B011,ventral_nerve_cord_centrifugal,ventral_nerve_cord_bilateral_interconnecting,ventral_nerve_cord_intrinsic,NA,left,acetylcholine,unknown,NA
IN18B011,720575941508299554,IN18B011,ventral_nerve_cord_centrifugal,ventral_nerve_cord_bilateral_interconnecting,ventral_nerve_cord_intrinsic,NA,right,acetylcholine,unknown,NA
IN18B011,720575941527149496,IN18B011,ventral_nerve_cord_centrifugal,ventral_nerve_cord_bilateral_interconnecting,ventral_nerve_cord_intrinsic,NA,right,acetylcholine,unknown,NA
