display_name,root_id,cell_type,cell_class,cell_sub_class,super_class,super_cluster,side,neurotransmitter,body_part_sensory,body_part_effector
DNge104,720575941459823519,DNge104,descending_neuron,descending_neuron,descending,head-leg-tactile,right,gaba,unknown,NA
DNge104,720575941509305182,DNge104,descending_neuron,descending_neuron,descending,head-leg-tactile,left,gaba,unknown,NA
AN09B023,720575941530093752,AN09B023,ascending_neuron,ascending_neuron,ascending,head-leg-tactile,left,acetylcholine,unknown,NA
AN09B023,720575941571900488,AN09B023,ascending_neuron,ascending_neuron,ascending,head-leg-tactile,right,acetylcholine,unknown,NA
AN09B023,720575941463642256,AN09B023,ascending_neuron,ascending_neuron,ascending,wing-leg-tactile,right,acetylcholine,unknown,NA
AN09B023,720575941539118834,AN09B023,ascending_neuron,ascending_neuron,ascending,wing-leg-tactile,left,acetylcholine,unknown,NA
AN09B023,720575941553545278,AN09B023,ascending_neuron,ascending_neuron,ascending,head-leg-tactile,left,acetylcholine,unknown,NA
AN09B023,720575941496095431,AN09B023,ascending_neuron,ascending_neuron,ascending,wing-leg-tactile,left,acetylcholine,unknown,NA
AN09B023,720575941516762515,AN09B023,ascending_neuron,ascending_neuron,ascending,wing-leg-tactile,right,acetylcholine,unknown,NA
AN09B023,720575941631437804,AN09B023,ascending_neuron,ascending_neuron,ascending,head-leg-tactile,right,acetylcholine,unknown,NA
eye_tactile,720575941573620744,DNx02,bristle_neuron,eye_bristle_neuron,sensory_descending,NA,left,acetylcholine,eye,NA
eye_tactile,720575941521111223,DNx02,bristle_neuron,eye_bristle_neuron,sensory_descending,NA,right,acetylcholine,eye,NA
eye_tactile,720575941561659181,DNx02,bristle_neuron,eye_bristle_neuron,sensory_descending,NA,right,acetylcholine,eye,NA
eye_tactile,720575941568835834,DNx02,bristle_neuron,eye_bristle_neuron,sensory_descending,NA,left,acetylcholine,eye,NA
head_tactile,720575941569320186,BM_InOm,bristle_neuron,interommatidial_bristle_neuron,sensory,NA,NA,acetylcholine,head,NA
head_tactile,720575941438364204,BM_InOm,bristle_neuron,interommatidial_bristle_neuron,sensory,NA,NA,NA,head,NA
head_tactile,720575941511233234,BM_InOm,bristle_neuron,interommatidial_bristle_neuron,sensory,NA,NA,gaba,head,NA
head_tactile,720575941409584811,BM_vOcci_vPoOr,bristle_neuron,postorbital_ventral_bristle_neuron,sensory,NA,right,acetylcholine,head,NA
head_tactile,720575941580649809,BM_Vib,bristle_neuron,vibrissa_bristle_neuron,sensory,NA,right,acetylcholine,head,NA
head_tactile,720575941716818987,BM_Vib,bristle_neuron,vibrissa_bristle_neuron,sensory,NA,right,acetylcholine,head,NA
head_tactile,720575941403389552,BM_Taste,bristle_neuron,vibrissa_bristle_neuron,sensory,NA,right,acetylcholine,head,NA
head_tactile,720575941410238123,BM_Or,bristle_neuron,orbital_bristle_neuron,sensory,NA,left,acetylcholine,head,NA
head_tactile,720575941688509423,BM_Or,bristle_neuron,orbital_bristle_neuron,sensory,NA,right,acetylcholine,head,NA
head_tactile,720575941557192531,BM_dOcci,bristle_neuron,occipital_dorsal_bristle_neuron,sensory,NA,right,acetylcholine,head,NA
head_tactile,720575941588611520,BM_Vib,bristle_neuron,vibrissa_bristle_neuron,sensory,NA,right,acetylcholine,head,NA
head_tactile,720575941576767272,BM_Vib,bristle_neuron,vibrissa_bristle_neuron,sensory,NA,right,acetylcholine,head,NA
head_tactile,720575941727167531,BM_vOcci_vPoOr,bristle_neuron,postorbital_ventral_bristle_neuron,sensory,NA,right,acetylcholine,head,NA
head_tactile,720575941573981839,BM_Vib,bristle_neuron,vibrissa_bristle_neuron,sensory,NA,left,acetylcholine,head,NA
head_tactile,720575941557432868,BM_InOm,bristle_neuron,interommatidial_bristle_neuron,sensory,NA,right,acetylcholine,head,NA
head_tactile,720575941483750586,BM_Vib,bristle_neuron,vibrissa_bristle_neuron,sensory,NA,right,acetylcholine,head,NA
head_tactile,720575941412395887,BM_Vib,bristle_neuron,vibrissa_bristle_neuron,sensory,NA,right,acetylcholine,head,NA
head_tactile,720575941541996669,BM_Vib,bristle_neuron,vibrissa_bristle_neuron,sensory,NA,right,acetylcholine,head,NA
head_tactile,720575941716825131,BM_Vib,bristle_neuron,vibrissa_bristle_neuron,sensory,NA,right,acetylcholine,head,NA
head_tactile,720575941638421365,BM_vOcci_vPoOr,bristle_neuron,postorbital_ventral_bristle_neuron,sensory,NA,right,acetylcholine,head,NA
head_tactile,720575941539574989,BM_Vib,bristle_neuron,vibrissa_bristle_neuron,sensory,NA,right,acetylcholine,head,NA
head_tactile,720575941585099486,BM_Vt_PoOc,bristle_neuron,postocellar_bristle_neuron,sensory,NA,right,acetylcholine,head,NA
head_tactile,720575941611429478,BM_Fr,bristle_neuron,frontal_bristle_neuron,sensory,NA,right,acetylcholine,head,NA
head_tactile,720575941657684560,BM_InOm,bristle_neuron,interommatidial_bristle_neuron,sensory,NA,right,acetylcholine,head,NA
head_tactile,720575941392556548,BM_InOm,bristle_neuron,interommatidial_bristle_neuron,sensory,NA,left,gaba,head,NA
head_tactile,720575941658078288,BM_vOcci_vPoOr,bristle_neuron,postorbital_ventral_bristle_neuron,sensory,NA,left,gaba,head,NA
head_tactile,720575941632881605,BM_InOm,bristle_neuron,interommatidial_bristle_neuron,sensory,NA,left,NA,head,NA
head_tactile,720575941559059215,BM_InOm,bristle_neuron,interommatidial_bristle_neuron,sensory,NA,left,NA,head,NA
head_tactile,720575941452751943,BM_InOm,bristle_neuron,postorbital_ventral_bristle_neuron,sensory,NA,left,octopamine,head,NA
head_tactile,720575941639637791,BM_InOm,bristle_neuron,interommatidial_bristle_neuron,sensory,NA,left,gaba,head,NA
head_tactile,720575941462818573,BM_vOcci_vPoOr,bristle_neuron,postorbital_ventral_bristle_neuron,sensory,NA,left,gaba,head,NA
head_tactile,720575941594791126,BM_InOm,bristle_neuron,interommatidial_bristle_neuron,sensory,NA,left,acetylcholine,head,NA
head_tactile,720575941559050767,BM_InOm,bristle_neuron,interommatidial_bristle_neuron,sensory,NA,right,acetylcholine,head,NA
head_tactile,720575941528148868,BM_InOm,bristle_neuron,interommatidial_bristle_neuron,sensory,NA,right,acetylcholine,head,NA
head_tactile,720575941576436918,BM_InOm,bristle_neuron,interommatidial_bristle_neuron,sensory,NA,right,NA,head,NA
head_tactile,720575941573844489,BM_InOm,bristle_neuron,interommatidial_bristle_neuron,sensory,NA,right,acetylcholine,head,NA
head_tactile,720575941658407448,BM_InOm,bristle_neuron,interommatidial_bristle_neuron,sensory,NA,right,acetylcholine,head,NA
head_tactile,720575941479723906,BM_InOm,bristle_neuron,interommatidial_bristle_neuron,sensory,NA,right,octopamine,head,NA
head_tactile,720575941671285671,BM_InOm,bristle_neuron,interommatidial_bristle_neuron,sensory,NA,right,octopamine,head,NA
head_tactile,720575941625861066,BM_InOm,bristle_neuron,interommatidial_bristle_neuron,sensory,NA,right,octopamine,head,NA
head_tactile,720575941593410344,BM_InOm,bristle_neuron,interommatidial_bristle_neuron,sensory,NA,right,NA,head,NA
head_tactile,720575941510466576,BM_InOm,bristle_neuron,interommatidial_bristle_neuron,sensory,NA,right,octopamine,head,NA
head_tactile,720575941663429756,BM_InOm,bristle_neuron,interommatidial_bristle_neuron,sensory,NA,right,acetylcholine,head,NA
head_tactile,720575941350764336,BM_InOm,bristle_neuron,interommatidial_bristle_neuron,sensory,NA,right,acetylcholine,head,NA
head_tactile,720575941351797552,BM_InOm,bristle_neuron,interommatidial_bristle_neuron,sensory,NA,right,acetylcholine,head,NA
head_tactile,720575941564309650,BM_InOm,bristle_neuron,interommatidial_bristle_neuron,sensory,NA,right,acetylcholine,head,NA
head_tactile,720575941431349207,BM_dPoOr,bristle_neuron,postorbital_dorsal_bristle_neuron,sensory,NA,left,acetylcholine,head,NA
head_tactile,720575941559054607,BM_dPoOr,bristle_neuron,postorbital_dorsal_bristle_neuron,sensory,NA,right,acetylcholine,head,NA
head_tactile,720575941555316964,BM_dPoOr,bristle_neuron,postorbital_dorsal_bristle_neuron,sensory,NA,right,acetylcholine,head,NA
head_tactile,720575941626268524,BM_InOm,bristle_neuron,interommatidial_bristle_neuron,sensory,NA,right,acetylcholine,head,NA
head_tactile,720575941491301607,BM_InOm,bristle_neuron,interommatidial_bristle_neuron,sensory,NA,right,acetylcholine,head,NA
head_tactile,720575941392296342,BM_InOm,bristle_neuron,interommatidial_bristle_neuron,sensory,NA,right,acetylcholine,head,NA
head_tactile,720575941476234782,BM_InOm,bristle_neuron,interommatidial_bristle_neuron,sensory,NA,right,octopamine,head,NA
head_tactile,720575941590478334,BM_InOm,bristle_neuron,interommatidial_bristle_neuron,sensory,NA,right,acetylcholine,head,NA
head_tactile,720575941400580899,BM_vOcci_vPoOr,bristle_neuron,postorbital_ventral_bristle_neuron,sensory,NA,right,acetylcholine,head,NA
head_tactile,720575941613080540,BM_InOm,bristle_neuron,interommatidial_bristle_neuron,sensory,NA,right,acetylcholine,head,NA
head_tactile,720575941514255171,BM_InOm,bristle_neuron,interommatidial_bristle_neuron,sensory,NA,right,acetylcholine,head,NA
head_tactile,720575941407255214,BM_vOcci_vPoOr,bristle_neuron,postorbital_ventral_bristle_neuron,sensory,NA,right,acetylcholine,head,NA
head_tactile,720575941563241874,BM_InOm,bristle_neuron,interommatidial_bristle_neuron,sensory,NA,right,acetylcholine,head,NA
head_tactile,720575941440907471,BM_Vt_PoOc,bristle_neuron,postocellar_bristle_neuron,sensory,NA,right,acetylcholine,head,NA
head_tactile,720575941470694519,BM_InOm,bristle_neuron,interommatidial_bristle_neuron,sensory,NA,left,octopamine,head,NA
head_tactile,720575941480272002,BM_InOm,bristle_neuron,interommatidial_bristle_neuron,sensory,NA,right,octopamine,head,NA
head_tactile,720575941525827074,BM_InOm,bristle_neuron,interommatidial_bristle_neuron,sensory,NA,right,acetylcholine,head,NA
head_tactile,720575941411437167,BM_InOm,bristle_neuron,interommatidial_bristle_neuron,sensory,NA,right,acetylcholine,head,NA
head_tactile,720575941612499164,BM_InOm,bristle_neuron,interommatidial_bristle_neuron,sensory,NA,right,acetylcholine,head,NA
head_tactile,720575941449682510,BM_InOm,bristle_neuron,interommatidial_bristle_neuron,sensory,NA,right,acetylcholine,head,NA
head_tactile,720575941625555402,BM_InOm,bristle_neuron,interommatidial_bristle_neuron,sensory,NA,right,acetylcholine,head,NA
head_tactile,720575941658442776,BM_InOm,bristle_neuron,interommatidial_bristle_neuron,sensory,NA,right,acetylcholine,head,NA
head_tactile,720575941611242854,BM_InOm,bristle_neuron,interommatidial_bristle_neuron,sensory,NA,right,acetylcholine,head,NA
head_tactile,720575941612436444,BM_InOm,bristle_neuron,interommatidial_bristle_neuron,sensory,NA,right,octopamine,head,NA
head_tactile,720575941572507464,BM_InOm,bristle_neuron,interommatidial_bristle_neuron,sensory,NA,right,acetylcholine,head,NA
head_tactile,720575941554854913,BM_InOm,bristle_neuron,interommatidial_bristle_neuron,sensory,NA,right,acetylcholine,head,NA
head_tactile,720575941432882702,BM_InOm,bristle_neuron,interommatidial_bristle_neuron,sensory,NA,right,acetylcholine,head,NA
head_tactile,720575941467222550,BM_InOm,bristle_neuron,interommatidial_bristle_neuron,sensory,NA,right,acetylcholine,head,NA
head_tactile,720575941480714659,BM_InOm,bristle_neuron,interommatidial_bristle_neuron,sensory,NA,right,acetylcholine,head,NA
head_tactile,720575941574709769,BM_InOm,bristle_neuron,interommatidial_bristle_neuron,sensory,NA,right,acetylcholine,head,NA
head_tactile,720575941559105039,BM_InOm,bristle_neuron,interommatidial_bristle_neuron,sensory,NA,right,acetylcholine,head,NA
head_tactile,720575941600106793,BM_InOm,bristle_neuron,interommatidial_bristle_neuron,sensory,NA,right,acetylcholine,head,NA
head_tactile,720575941438359314,BM_InOm,bristle_neuron,interommatidial_bristle_neuron,sensory,NA,right,acetylcholine,head,NA
head_tactile,720575941667478259,BM_InOm,bristle_neuron,interommatidial_bristle_neuron,sensory,NA,right,octopamine,head,NA
head_tactile,720575941546367412,BM_InOm,bristle_neuron,interommatidial_bristle_neuron,sensory,NA,right,acetylcholine,head,NA
head_tactile,720575941564283746,BM_vOcci_vPoOr,bristle_neuron,postorbital_ventral_bristle_neuron,sensory,NA,right,acetylcholine,head,NA
head_tactile,720575941589520183,BM_InOm,bristle_neuron,interommatidial_bristle_neuron,sensory,NA,right,acetylcholine,head,NA
head_tactile,720575941435019040,BM_InOm,bristle_neuron,interommatidial_bristle_neuron,sensory,NA,right,acetylcholine,head,NA
head_tactile,720575941440076117,BM_InOm,bristle_neuron,interommatidial_bristle_neuron,sensory,NA,right,acetylcholine,head,NA
head_tactile,720575941589056823,BM_InOm,bristle_neuron,interommatidial_bristle_neuron,sensory,NA,right,acetylcholine,head,NA
head_tactile,720575941580884857,BM_InOm,bristle_neuron,interommatidial_bristle_neuron,sensory,NA,right,acetylcholine,head,NA
head_tactile,720575941480172930,BM_InOm,bristle_neuron,interommatidial_bristle_neuron,sensory,NA,right,acetylcholine,head,NA
head_tactile,720575941562265768,BM_InOm,bristle_neuron,interommatidial_bristle_neuron,sensory,NA,right,acetylcholine,head,NA
head_tactile,720575941644920993,BM_InOm,bristle_neuron,interommatidial_bristle_neuron,sensory,NA,right,acetylcholine,head,NA
head_tactile,720575941661515320,BM_InOm,bristle_neuron,interommatidial_bristle_neuron,sensory,NA,right,acetylcholine,head,NA
head_tactile,720575941453541801,BM_InOm,bristle_neuron,interommatidial_bristle_neuron,sensory,NA,right,acetylcholine,head,NA
head_tactile,720575941554595667,BM_InOm,bristle_neuron,interommatidial_bristle_neuron,sensory,NA,right,acetylcholine,head,NA
head_tactile,720575941690650075,BM_InOm,bristle_neuron,interommatidial_bristle_neuron,sensory,NA,right,acetylcholine,head,NA
head_tactile,720575941631136236,BM_InOm,bristle_neuron,interommatidial_bristle_neuron,sensory,NA,right,acetylcholine,head,NA
head_tactile,720575941489532213,BM_InOm,bristle_neuron,interommatidial_bristle_neuron,sensory,NA,right,acetylcholine,head,NA
head_tactile,720575941426506836,BM_InOm,bristle_neuron,postorbital_ventral_bristle_neuron,sensory,NA,right,acetylcholine,head,NA
head_tactile,720575941428435119,BM_InOm,bristle_neuron,interommatidial_bristle_neuron,sensory,NA,right,acetylcholine,head,NA
head_tactile,720575941583575135,BM_FrOr,bristle_neuron,frontoorbital_bristle_neuron,sensory,NA,left,acetylcholine,head,NA
head_tactile,720575941542385244,BM_InOm,bristle_neuron,interommatidial_bristle_neuron,sensory,NA,right,acetylcholine,head,NA
head_tactile,720575941548033672,BM_InOm,bristle_neuron,interommatidial_bristle_neuron,sensory,NA,right,acetylcholine,head,NA
head_tactile,720575941595527025,BM_InOm,bristle_neuron,interommatidial_bristle_neuron,sensory,NA,right,acetylcholine,head,NA
head_tactile,720575941604147134,BM_InOm,bristle_neuron,interommatidial_bristle_neuron,sensory,NA,right,acetylcholine,head,NA
head_tactile,720575941632495045,BM_InOm,bristle_neuron,interommatidial_bristle_neuron,sensory,NA,right,acetylcholine,head,NA
head_tactile,720575941490118965,BM_InOm,bristle_neuron,interommatidial_bristle_neuron,sensory,NA,right,octopamine,head,NA
head_tactile,720575941430844769,BM_Or,bristle_neuron,orbital_bristle_neuron,sensory,NA,right,acetylcholine,head,NA
head_tactile,720575941549172513,BM_InOm,bristle_neuron,interommatidial_bristle_neuron,sensory,NA,right,histamine,head,NA
head_tactile,720575941583588959,BM_InOm,bristle_neuron,interommatidial_bristle_neuron,sensory,NA,right,acetylcholine,head,NA
head_tactile,720575941434145934,BM_InOm,bristle_neuron,interommatidial_bristle_neuron,sensory,NA,right,acetylcholine,head,NA
head_tactile,720575941400897827,BM_InOm,bristle_neuron,interommatidial_bristle_neuron,sensory,NA,right,acetylcholine,head,NA
head_tactile,720575941538626802,BM_vOcci_vPoOr,bristle_neuron,postorbital_ventral_bristle_neuron,sensory,NA,right,acetylcholine,head,NA
head_tactile,720575941643681106,BM_InOm,bristle_neuron,interommatidial_bristle_neuron,sensory,NA,right,acetylcholine,head,NA
head_tactile,720575941437086764,BM_InOm,bristle_neuron,interommatidial_bristle_neuron,sensory,NA,right,octopamine,head,NA
head_tactile,720575941437138450,BM_InOm,bristle_neuron,interommatidial_bristle_neuron,sensory,NA,right,acetylcholine,head,NA
head_tactile,720575941437141778,BM_InOm,bristle_neuron,interommatidial_bristle_neuron,sensory,NA,right,acetylcholine,head,NA
head_tactile,720575941613447443,BM_InOm,bristle_neuron,interommatidial_bristle_neuron,sensory,NA,left,NA,head,NA
head_tactile,720575941575247286,BM_InOm,bristle_neuron,interommatidial_bristle_neuron,sensory,NA,right,acetylcholine,head,NA
head_tactile,720575941507395166,BM_dPoOr,bristle_neuron,postorbital_dorsal_bristle_neuron,sensory,NA,left,acetylcholine,head,NA
head_tactile,720575941562295720,BM_Vib,bristle_neuron,vibrissa_bristle_neuron,sensory,NA,right,acetylcholine,head,NA
head_tactile,720575941441158079,BM_InOm,bristle_neuron,interommatidial_bristle_neuron,sensory,NA,right,acetylcholine,head,NA
head_tactile,720575941431519073,BM_InOm,bristle_neuron,interommatidial_bristle_neuron,sensory,NA,right,acetylcholine,head,NA
head_tactile,720575941437489964,BM_vOcci_vPoOr,bristle_neuron,postorbital_ventral_bristle_neuron,sensory,NA,right,acetylcholine,head,NA
head_tactile,720575941438333919,BM_InOm,bristle_neuron,interommatidial_bristle_neuron,sensory,NA,right,acetylcholine,head,NA
head_tactile,720575941643065938,BM_Vt_PoOc,bristle_neuron,postocellar_bristle_neuron,sensory,NA,right,acetylcholine,head,NA
head_tactile,720575941594926885,BM_InOm,bristle_neuron,interommatidial_bristle_neuron,sensory,NA,right,acetylcholine,head,NA
head_tactile,720575941611026662,BM_Fr,bristle_neuron,frontal_bristle_neuron,sensory,NA,right,acetylcholine,head,NA
head_tactile,720575941490325198,BM_InOm,bristle_neuron,interommatidial_bristle_neuron,sensory,NA,right,acetylcholine,head,NA
head_tactile,720575941615630745,BM_vOcci_vPoOr,bristle_neuron,postorbital_ventral_bristle_neuron,sensory,NA,right,acetylcholine,head,NA
head_tactile,720575941440290395,BM_InOm,bristle_neuron,interommatidial_bristle_neuron,sensory,NA,right,acetylcholine,head,NA
head_tactile,720575941599604521,BM_InOm,bristle_neuron,interommatidial_bristle_neuron,sensory,NA,right,octopamine,head,NA
head_tactile,720575941507635329,BM_InOm,bristle_neuron,interommatidial_bristle_neuron,sensory,NA,right,acetylcholine,head,NA
head_tactile,720575941602915257,BM_InOm,bristle_neuron,interommatidial_bristle_neuron,sensory,NA,right,octopamine,head,NA
head_tactile,720575941561048109,BM_InOm,bristle_neuron,interommatidial_bristle_neuron,sensory,NA,right,octopamine,head,NA
head_tactile,720575941440179029,BM_InOm,bristle_neuron,interommatidial_bristle_neuron,sensory,NA,left,gaba,head,NA
head_tactile,720575941448469941,BM_InOm,bristle_neuron,interommatidial_bristle_neuron,sensory,NA,right,glutamate,head,NA
head_tactile,720575941551908414,BM_Vib,bristle_neuron,vibrissa_bristle_neuron,sensory,NA,right,acetylcholine,head,NA
head_tactile,720575941408369838,BM_InOm,bristle_neuron,interommatidial_bristle_neuron,sensory,NA,right,acetylcholine,head,NA
head_tactile,720575941448787805,BM_InOm,bristle_neuron,interommatidial_bristle_neuron,sensory,NA,right,acetylcholine,head,NA
head_tactile,720575941448819805,BM_InOm,bristle_neuron,interommatidial_bristle_neuron,sensory,NA,right,octopamine,head,NA
head_tactile,720575941590592254,BM_InOm,bristle_neuron,interommatidial_bristle_neuron,sensory,NA,right,acetylcholine,head,NA
head_tactile,720575941490031817,BM_Vib,bristle_neuron,vibrissa_bristle_neuron,sensory,NA,right,acetylcholine,head,NA
head_tactile,720575941574484744,BM_InOm,bristle_neuron,interommatidial_bristle_neuron,sensory,NA,right,NA,head,NA
head_tactile,720575941654625497,BM_InOm,bristle_neuron,interommatidial_bristle_neuron,sensory,NA,right,acetylcholine,head,NA
head_tactile,720575941471731979,BM_vOcci_vPoOr,bristle_neuron,postorbital_ventral_bristle_neuron,sensory,NA,right,acetylcholine,head,NA
head_tactile,720575941538148338,BM_InOm,bristle_neuron,interommatidial_bristle_neuron,sensory,NA,right,acetylcholine,head,NA
head_tactile,720575941490153781,BM_InOm,bristle_neuron,interommatidial_bristle_neuron,sensory,NA,right,acetylcholine,head,NA
head_tactile,720575941450887849,BM_InOm,bristle_neuron,interommatidial_bristle_neuron,sensory,NA,left,NA,head,NA
head_tactile,720575941650958613,BM_InOm,bristle_neuron,interommatidial_bristle_neuron,sensory,NA,right,acetylcholine,head,NA
head_tactile,720575941668952241,BM_InOm,bristle_neuron,interommatidial_bristle_neuron,sensory,NA,right,acetylcholine,head,NA
head_tactile,720575941604146878,BM_InOm,bristle_neuron,interommatidial_bristle_neuron,sensory,NA,right,acetylcholine,head,NA
head_tactile,720575941643178853,BM_InOm,bristle_neuron,interommatidial_bristle_neuron,sensory,NA,right,acetylcholine,head,NA
head_tactile,720575941485558594,BM_InOm,bristle_neuron,interommatidial_bristle_neuron,sensory,NA,right,acetylcholine,head,NA
head_tactile,720575941494537086,BM_InOm,bristle_neuron,interommatidial_bristle_neuron,sensory,NA,right,acetylcholine,head,NA
head_tactile,720575941452632371,BM_InOm,bristle_neuron,interommatidial_bristle_neuron,sensory,NA,left,acetylcholine,head,NA
head_tactile,720575941452847897,BM_InOm,bristle_neuron,interommatidial_bristle_neuron,sensory,NA,right,acetylcholine,head,NA
head_tactile,720575941640168735,BM_InOm,bristle_neuron,interommatidial_bristle_neuron,sensory,NA,right,acetylcholine,head,NA
head_tactile,720575941536761059,BM_InOm,bristle_neuron,interommatidial_bristle_neuron,sensory,NA,right,acetylcholine,head,NA
head_tactile,720575941476578100,BM_InOm,bristle_neuron,interommatidial_bristle_neuron,sensory,NA,right,acetylcholine,head,NA
head_tactile,720575941595408497,BM_InOm,bristle_neuron,interommatidial_bristle_neuron,sensory,NA,right,acetylcholine,head,NA
head_tactile,720575941498830817,BM_InOm,bristle_neuron,interommatidial_bristle_neuron,sensory,NA,right,octopamine,head,NA
head_tactile,720575941454180633,BM_InOm,bristle_neuron,interommatidial_bristle_neuron,sensory,NA,right,octopamine,head,NA
head_tactile,720575941560285229,BM_InOm,bristle_neuron,interommatidial_bristle_neuron,sensory,NA,right,octopamine,head,NA
head_tactile,720575941521092787,BM_InOm,bristle_neuron,interommatidial_bristle_neuron,sensory,NA,right,octopamine,head,NA
head_tactile,720575941600485673,BM_InOm,bristle_neuron,interommatidial_bristle_neuron,sensory,NA,right,acetylcholine,head,NA
head_tactile,720575941454421529,BM_InOm,bristle_neuron,interommatidial_bristle_neuron,sensory,NA,right,acetylcholine,head,NA
head_tactile,720575941525827330,BM_InOm,bristle_neuron,interommatidial_bristle_neuron,sensory,NA,right,acetylcholine,head,NA
head_tactile,720575941594750678,BM_InOm,bristle_neuron,interommatidial_bristle_neuron,sensory,NA,right,octopamine,head,NA
head_tactile,720575941449683022,BM_InOm,bristle_neuron,interommatidial_bristle_neuron,sensory,NA,right,acetylcholine,head,NA
head_tactile,720575941687750262,BM_InOm,bristle_neuron,interommatidial_bristle_neuron,sensory,NA,right,acetylcholine,head,NA
head_tactile,720575941407568046,BM_InOm,bristle_neuron,interommatidial_bristle_neuron,sensory,NA,right,acetylcholine,head,NA
head_tactile,720575941470950720,BM_InOm,bristle_neuron,interommatidial_bristle_neuron,sensory,NA,right,acetylcholine,head,NA
head_tactile,720575941563639552,BM_InOm,bristle_neuron,interommatidial_bristle_neuron,sensory,NA,right,octopamine,head,NA
head_tactile,720575941458902598,BM_InOm,bristle_neuron,interommatidial_bristle_neuron,sensory,NA,right,acetylcholine,head,NA
head_tactile,720575941440377279,BM_InOm,bristle_neuron,interommatidial_bristle_neuron,sensory,NA,right,acetylcholine,head,NA
head_tactile,720575941477599338,BM_InOm,bristle_neuron,interommatidial_bristle_neuron,sensory,NA,right,octopamine,head,NA
head_tactile,720575941628863526,BM_InOm,bristle_neuron,interommatidial_bristle_neuron,sensory,NA,right,acetylcholine,head,NA
head_tactile,720575941490388169,BM_vOcci_vPoOr,bristle_neuron,postorbital_ventral_bristle_neuron,sensory,NA,right,acetylcholine,head,NA
head_tactile,720575941506523671,BM_vOcci_vPoOr,bristle_neuron,postorbital_ventral_bristle_neuron,sensory,NA,right,acetylcholine,head,NA
head_tactile,720575941466320982,BM_FrOr,bristle_neuron,frontoorbital_bristle_neuron,sensory,NA,left,acetylcholine,head,NA
head_tactile,720575941642620517,BM_InOm,bristle_neuron,interommatidial_bristle_neuron,sensory,NA,right,acetylcholine,head,NA
head_tactile,720575941458551366,BM_vOcci_vPoOr,bristle_neuron,postorbital_ventral_bristle_neuron,sensory,NA,right,acetylcholine,head,NA
head_tactile,720575941603060214,BM_InOm,bristle_neuron,interommatidial_bristle_neuron,sensory,NA,right,acetylcholine,head,NA
head_tactile,720575941630189794,BM_InOm,bristle_neuron,interommatidial_bristle_neuron,sensory,NA,right,NA,head,NA
head_tactile,720575941465867350,BM_InOm,bristle_neuron,interommatidial_bristle_neuron,sensory,NA,right,acetylcholine,head,NA
head_tactile,720575941458795078,BM_InOm,bristle_neuron,interommatidial_bristle_neuron,sensory,NA,right,acetylcholine,head,NA
head_tactile,720575941459988947,BM_InOm,bristle_neuron,interommatidial_bristle_neuron,sensory,NA,right,acetylcholine,head,NA
head_tactile,720575941583590495,BM_InOm,bristle_neuron,interommatidial_bristle_neuron,sensory,NA,right,acetylcholine,head,NA
head_tactile,720575941435153038,BM_InOm,bristle_neuron,interommatidial_bristle_neuron,sensory,NA,left,NA,head,NA
head_tactile,720575941460113348,BM_InOm,bristle_neuron,interommatidial_bristle_neuron,sensory,NA,right,acetylcholine,head,NA
head_tactile,720575941687078895,BM_InOm,bristle_neuron,interommatidial_bristle_neuron,sensory,NA,right,octopamine,head,NA
head_tactile,720575941731708971,BM_InOm,bristle_neuron,interommatidial_bristle_neuron,sensory,NA,left,gaba,head,NA
head_tactile,720575941652790289,BM_Or,bristle_neuron,orbital_bristle_neuron,sensory,NA,left,acetylcholine,head,NA
head_tactile,720575941462495245,BM_InOm,bristle_neuron,interommatidial_bristle_neuron,sensory,NA,right,acetylcholine,head,NA
head_tactile,720575941525991426,BM_Vt_PoOc,bristle_neuron,postocellar_bristle_neuron,sensory,NA,left,acetylcholine,head,NA
head_tactile,720575941658109776,BM_InOm,bristle_neuron,interommatidial_bristle_neuron,sensory,NA,right,acetylcholine,head,NA
head_tactile,720575941603048182,BM_InOc,bristle_neuron,interocellar_bristle_neuron,sensory,NA,right,acetylcholine,head,NA
head_tactile,720575941687874799,BM_InOm,bristle_neuron,interommatidial_bristle_neuron,sensory,NA,right,octopamine,head,NA
head_tactile,720575941687764854,BM_InOm,bristle_neuron,interommatidial_bristle_neuron,sensory,NA,right,acetylcholine,head,NA
head_tactile,720575941591986728,BM_InOm,bristle_neuron,interommatidial_bristle_neuron,sensory,NA,right,acetylcholine,head,NA
head_tactile,720575941470632000,BM_InOm,bristle_neuron,interommatidial_bristle_neuron,sensory,NA,right,octopamine,head,NA
head_tactile,720575941574411165,BM_InOm,bristle_neuron,interommatidial_bristle_neuron,sensory,NA,left,gaba,head,NA
head_tactile,720575941535763649,BM_InOm,bristle_neuron,interommatidial_bristle_neuron,sensory,NA,left,octopamine,head,NA
head_tactile,720575941513461969,BM_InOm,bristle_neuron,interommatidial_bristle_neuron,sensory,NA,right,acetylcholine,head,NA
head_tactile,720575941579363409,BM_InOm,bristle_neuron,interommatidial_bristle_neuron,sensory,NA,left,acetylcholine,head,NA
head_tactile,720575941504258866,BM_vOcci_vPoOr,bristle_neuron,postorbital_ventral_bristle_neuron,sensory,NA,left,acetylcholine,head,NA
head_tactile,720575941589084727,BM_Vib,bristle_neuron,postorbital_ventral_bristle_neuron,sensory,NA,left,acetylcholine,head,NA
head_tactile,720575941553563546,BM_vOcci_vPoOr,bristle_neuron,interommatidial_bristle_neuron,sensory,NA,left,acetylcholine,head,NA
head_tactile,720575941392676758,BM_InOm,bristle_neuron,interommatidial_bristle_neuron,sensory,NA,left,gaba,head,NA
head_tactile,720575941610898506,BM_InOm,bristle_neuron,interommatidial_bristle_neuron,sensory,NA,left,acetylcholine,head,NA
head_tactile,720575941440378047,BM_vOcci_vPoOr,bristle_neuron,postorbital_ventral_bristle_neuron,sensory,NA,left,octopamine,head,NA
head_tactile,720575941653463569,BM_InOm,bristle_neuron,interommatidial_bristle_neuron,sensory,NA,left,acetylcholine,head,NA
head_tactile,720575941513799500,BM_InOm,bristle_neuron,interommatidial_bristle_neuron,sensory,NA,left,gaba,head,NA
head_tactile,720575941472708493,BM_InOm,bristle_neuron,interommatidial_bristle_neuron,sensory,NA,left,octopamine,head,NA
head_tactile,720575941472719501,BM_InOm,bristle_neuron,interommatidial_bristle_neuron,sensory,NA,left,acetylcholine,head,NA
head_tactile,720575941437531410,BM_Vib,bristle_neuron,vibrissa_bristle_neuron,sensory,NA,left,acetylcholine,head,NA
head_tactile,720575941526246221,BM_Vib,bristle_neuron,vibrissa_bristle_neuron,sensory,NA,left,acetylcholine,head,NA
head_tactile,720575941583518815,BM_vOcci_vPoOr,bristle_neuron,postorbital_ventral_bristle_neuron,sensory,NA,left,gaba,head,NA
head_tactile,720575941594396967,BM_InOm,bristle_neuron,interommatidial_bristle_neuron,sensory,NA,left,gaba,head,NA
head_tactile,720575941393191574,BM_vOcci_vPoOr,bristle_neuron,postorbital_ventral_bristle_neuron,sensory,NA,left,NA,head,NA
head_tactile,720575941573651464,BM_vOcci_vPoOr,bristle_neuron,postorbital_ventral_bristle_neuron,sensory,NA,left,gaba,head,NA
head_tactile,720575941680756157,BM_vOcci_vPoOr,bristle_neuron,postorbital_ventral_bristle_neuron,sensory,NA,left,NA,head,NA
head_tactile,720575941431909591,BM_vOcci_vPoOr,bristle_neuron,postorbital_ventral_bristle_neuron,sensory,NA,left,gaba,head,NA
head_tactile,720575941497506939,BM_InOm,bristle_neuron,interommatidial_bristle_neuron,sensory,NA,left,gaba,head,NA
head_tactile,720575941503325675,BM_vOcci_vPoOr,bristle_neuron,postorbital_ventral_bristle_neuron,sensory,NA,left,gaba,head,NA
head_tactile,720575941565819958,BM_vOcci_vPoOr,bristle_neuron,postorbital_ventral_bristle_neuron,sensory,NA,left,octopamine,head,NA
head_tactile,720575941551741439,BM_vOcci_vPoOr,bristle_neuron,postorbital_ventral_bristle_neuron,sensory,NA,left,acetylcholine,head,NA
head_tactile,720575941638436213,BM_vOcci_vPoOr,bristle_neuron,postorbital_ventral_bristle_neuron,sensory,NA,left,NA,head,NA
head_tactile,720575941352816176,BM_vOcci_vPoOr,bristle_neuron,postorbital_ventral_bristle_neuron,sensory,NA,left,gaba,head,NA
head_tactile,720575941580887673,BM_vOcci_vPoOr,bristle_neuron,postorbital_ventral_bristle_neuron,sensory,NA,left,octopamine,head,NA
head_tactile,720575941559104271,BM_InOm,bristle_neuron,interommatidial_bristle_neuron,sensory,NA,left,acetylcholine,head,NA
head_tactile,720575941501142923,BM_InOm,bristle_neuron,interommatidial_bristle_neuron,sensory,NA,left,NA,head,NA
head_tactile,720575941487653840,BM_InOm,bristle_neuron,interommatidial_bristle_neuron,sensory,NA,left,gaba,head,NA
head_tactile,720575941437468716,BM_InOm,bristle_neuron,interommatidial_bristle_neuron,sensory,NA,left,NA,head,NA
head_tactile,720575941472958093,BM_InOm,bristle_neuron,interommatidial_bristle_neuron,sensory,NA,left,gaba,head,NA
head_tactile,720575941506136997,BM_InOm,bristle_neuron,interommatidial_bristle_neuron,sensory,NA,left,acetylcholine,head,NA
head_tactile,720575941474477371,BM_InOm,bristle_neuron,interommatidial_bristle_neuron,sensory,NA,left,acetylcholine,head,NA
head_tactile,720575941651723285,BM_InOm,bristle_neuron,interommatidial_bristle_neuron,sensory,NA,left,octopamine,head,NA
head_tactile,720575941430750968,BM_InOm,bristle_neuron,interommatidial_bristle_neuron,sensory,NA,left,gaba,head,NA
head_tactile,720575941654139609,BM_InOm,bristle_neuron,interommatidial_bristle_neuron,sensory,NA,left,gaba,head,NA
head_tactile,720575941553516698,BM_vOcci_vPoOr,bristle_neuron,postorbital_ventral_bristle_neuron,sensory,NA,left,acetylcholine,head,NA
head_tactile,720575941553110299,BM_vOcci_vPoOr,bristle_neuron,postorbital_ventral_bristle_neuron,sensory,NA,left,gaba,head,NA
head_tactile,720575941486309005,BM_InOm,bristle_neuron,interommatidial_bristle_neuron,sensory,NA,left,acetylcholine,head,NA
head_tactile,720575941493282992,BM_InOm,bristle_neuron,interommatidial_bristle_neuron,sensory,NA,left,gaba,head,NA
head_tactile,720575941611219018,BM_InOm,bristle_neuron,interommatidial_bristle_neuron,sensory,NA,left,acetylcholine,head,NA
head_tactile,720575941731683371,BM_InOm,bristle_neuron,interommatidial_bristle_neuron,sensory,NA,left,gaba,head,NA
head_tactile,720575941472976525,BM_InOm,bristle_neuron,interommatidial_bristle_neuron,sensory,NA,left,acetylcholine,head,NA
head_tactile,720575941549565556,BM_InOm,bristle_neuron,interommatidial_bristle_neuron,sensory,NA,left,acetylcholine,head,NA
head_tactile,720575941415711004,BM_vOcci_vPoOr,bristle_neuron,postorbital_ventral_bristle_neuron,sensory,NA,left,gaba,head,NA
head_tactile,720575941553899291,BM_vOcci_vPoOr,bristle_neuron,postorbital_ventral_bristle_neuron,sensory,NA,left,NA,head,NA
head_tactile,720575941475049770,BM_vOcci_vPoOr,bristle_neuron,postorbital_ventral_bristle_neuron,sensory,NA,left,acetylcholine,head,NA
head_tactile,720575941470258295,BM_vOcci_vPoOr,bristle_neuron,postorbital_ventral_bristle_neuron,sensory,NA,left,octopamine,head,NA
head_tactile,720575941573737885,BM_vOcci_vPoOr,bristle_neuron,postorbital_ventral_bristle_neuron,sensory,NA,left,gaba,head,NA
head_tactile,720575941433463566,BM_vOcci_vPoOr,bristle_neuron,postorbital_ventral_bristle_neuron,sensory,NA,left,octopamine,head,NA
head_tactile,720575941619597439,BM_vOcci_vPoOr,bristle_neuron,postorbital_ventral_bristle_neuron,sensory,NA,left,acetylcholine,head,NA
head_tactile,720575941518936236,BM_vOcci_vPoOr,bristle_neuron,postorbital_ventral_bristle_neuron,sensory,NA,left,NA,head,NA
head_tactile,720575941515079929,BM_vOcci_vPoOr,bristle_neuron,postorbital_ventral_bristle_neuron,sensory,NA,left,acetylcholine,head,NA
head_tactile,720575941505302076,BM_InOm,bristle_neuron,interommatidial_bristle_neuron,sensory,NA,left,acetylcholine,head,NA
head_tactile,720575941549516065,BM_InOm,bristle_neuron,interommatidial_bristle_neuron,sensory,NA,left,NA,head,NA
head_tactile,720575941580041041,BM_InOm,bristle_neuron,interommatidial_bristle_neuron,sensory,NA,left,gaba,head,NA
head_tactile,720575941575846582,BM_InOm,bristle_neuron,interommatidial_bristle_neuron,sensory,NA,left,acetylcholine,head,NA
head_tactile,720575941400899875,BM_InOm,bristle_neuron,interommatidial_bristle_neuron,sensory,NA,left,acetylcholine,head,NA
head_tactile,720575941650962965,BM_InOm,bristle_neuron,interommatidial_bristle_neuron,sensory,NA,left,octopamine,head,NA
head_tactile,720575941554978458,BM_vOcci_vPoOr,bristle_neuron,postorbital_ventral_bristle_neuron,sensory,NA,left,octopamine,head,NA
head_tactile,720575941565052770,BM_vOcci_vPoOr,bristle_neuron,postorbital_ventral_bristle_neuron,sensory,NA,left,gaba,head,NA
head_tactile,720575941496673920,BM_InOm,bristle_neuron,interommatidial_bristle_neuron,sensory,NA,left,octopamine,head,NA
head_tactile,720575941669523633,BM_InOm,bristle_neuron,interommatidial_bristle_neuron,sensory,NA,left,acetylcholine,head,NA
head_tactile,720575941590571774,BM_vOcci_vPoOr,bristle_neuron,postorbital_ventral_bristle_neuron,sensory,NA,left,gaba,head,NA
head_tactile,720575941575782582,BM_vOcci_vPoOr,bristle_neuron,postorbital_ventral_bristle_neuron,sensory,NA,left,gaba,head,NA
head_tactile,720575941602905017,BM_InOm,bristle_neuron,interommatidial_bristle_neuron,sensory,NA,left,gaba,head,NA
head_tactile,720575941437580562,BM_vOcci_vPoOr,bristle_neuron,postorbital_ventral_bristle_neuron,sensory,NA,left,acetylcholine,head,NA
head_tactile,720575941563980690,BM_vOcci_vPoOr,bristle_neuron,postorbital_ventral_bristle_neuron,sensory,NA,left,NA,head,NA
head_tactile,720575941611923814,BM_InOm,bristle_neuron,interommatidial_bristle_neuron,sensory,NA,left,gaba,head,NA
head_tactile,720575941605356734,BM_vOcci_vPoOr,bristle_neuron,postorbital_ventral_bristle_neuron,sensory,NA,left,octopamine,head,NA
head_tactile,720575941644918689,BM_InOm,bristle_neuron,interommatidial_bristle_neuron,sensory,NA,left,histamine,head,NA
head_tactile,720575941681093821,BM_vOcci_vPoOr,bristle_neuron,postorbital_ventral_bristle_neuron,sensory,NA,left,gaba,head,NA
head_tactile,720575941507436311,BM_vOcci_vPoOr,bristle_neuron,postorbital_ventral_bristle_neuron,sensory,NA,left,octopamine,head,NA
head_tactile,720575941475061546,BM_vOcci_vPoOr,bristle_neuron,postorbital_ventral_bristle_neuron,sensory,NA,left,acetylcholine,head,NA
head_tactile,720575941643967352,BM_vOcci_vPoOr,bristle_neuron,postorbital_ventral_bristle_neuron,sensory,NA,left,gaba,head,NA
head_tactile,720575941480787791,BM_vOcci_vPoOr,bristle_neuron,postorbital_ventral_bristle_neuron,sensory,NA,left,acetylcholine,head,NA
head_tactile,720575941611523402,BM_InOm,bristle_neuron,interommatidial_bristle_neuron,sensory,NA,left,acetylcholine,head,NA
head_tactile,720575941526654285,BM_InOm,bristle_neuron,interommatidial_bristle_neuron,sensory,NA,left,gaba,head,NA
head_tactile,720575941600213289,BM_vOcci_vPoOr,bristle_neuron,postorbital_ventral_bristle_neuron,sensory,NA,left,acetylcholine,head,NA
head_tactile,720575941562899112,BM_InOm,bristle_neuron,interommatidial_bristle_neuron,sensory,NA,left,NA,head,NA
head_tactile,720575941512895953,BM_InOm,bristle_neuron,interommatidial_bristle_neuron,sensory,NA,left,serotonin,head,NA
head_tactile,720575941655965652,BM_vOcci_vPoOr,bristle_neuron,postorbital_ventral_bristle_neuron,sensory,NA,left,acetylcholine,head,NA
head_tactile,720575941450535758,BM_vOcci_vPoOr,bristle_neuron,postorbital_ventral_bristle_neuron,sensory,NA,left,NA,head,NA
head_tactile,720575941477355572,BM_vOcci_vPoOr,bristle_neuron,postorbital_ventral_bristle_neuron,sensory,NA,left,gaba,head,NA
head_tactile,720575941523277899,BM_vOcci_vPoOr,bristle_neuron,postorbital_ventral_bristle_neuron,sensory,NA,left,serotonin,head,NA
head_tactile,720575941589599812,BM_vOcci_vPoOr,bristle_neuron,postorbital_ventral_bristle_neuron,sensory,NA,left,NA,head,NA
head_tactile,720575941573168200,BM_InOm,bristle_neuron,interommatidial_bristle_neuron,sensory,NA,left,acetylcholine,head,NA
head_tactile,720575941595659653,BM_vOcci_vPoOr,bristle_neuron,postorbital_ventral_bristle_neuron,sensory,NA,left,gaba,head,NA
head_tactile,720575941592618603,BM_InOm,bristle_neuron,interommatidial_bristle_neuron,sensory,NA,left,gaba,head,NA
head_tactile,720575941569927668,BM_vOcci_vPoOr,bristle_neuron,postorbital_ventral_bristle_neuron,sensory,NA,left,NA,head,NA
head_tactile,720575941590593022,BM_vOcci_vPoOr,bristle_neuron,postorbital_ventral_bristle_neuron,sensory,NA,left,gaba,head,NA
head_tactile,720575941473024141,BM_vOcci_vPoOr,bristle_neuron,postorbital_ventral_bristle_neuron,sensory,NA,left,gaba,head,NA
head_tactile,720575941671250087,BM_InOm,bristle_neuron,interommatidial_bristle_neuron,sensory,NA,left,gaba,head,NA
head_tactile,720575941473024653,BM_vOcci_vPoOr,bristle_neuron,postorbital_ventral_bristle_neuron,sensory,NA,left,octopamine,head,NA
head_tactile,720575941546970036,BM_vOcci_vPoOr,bristle_neuron,postorbital_ventral_bristle_neuron,sensory,NA,left,gaba,head,NA
head_tactile,720575941430261240,BM_vOcci_vPoOr,bristle_neuron,postorbital_ventral_bristle_neuron,sensory,NA,left,serotonin,head,NA
head_tactile,720575941589940279,BM_InOm,bristle_neuron,interommatidial_bristle_neuron,sensory,NA,left,NA,head,NA
head_tactile,720575941506179237,BM_InOm,bristle_neuron,interommatidial_bristle_neuron,sensory,NA,left,gaba,head,NA
head_tactile,720575941566899303,BM_InOm,bristle_neuron,interommatidial_bristle_neuron,sensory,NA,left,gaba,head,NA
head_tactile,720575941579388241,BM_InOm,bristle_neuron,interommatidial_bristle_neuron,sensory,NA,left,acetylcholine,head,NA
head_tactile,720575941498648033,BM_InOm,bristle_neuron,interommatidial_bristle_neuron,sensory,NA,left,acetylcholine,head,NA
head_tactile,720575941605356478,BM_vOcci_vPoOr,bristle_neuron,postorbital_ventral_bristle_neuron,sensory,NA,left,histamine,head,NA
head_tactile,720575941476700737,BM_InOm,bristle_neuron,interommatidial_bristle_neuron,sensory,NA,left,octopamine,head,NA
head_tactile,720575941484154877,BM_vOcci_vPoOr,bristle_neuron,postorbital_ventral_bristle_neuron,sensory,NA,left,gaba,head,NA
head_tactile,720575941480223823,BM_vOcci_vPoOr,bristle_neuron,postorbital_ventral_bristle_neuron,sensory,NA,left,gaba,head,NA
head_tactile,720575941468850909,BM_InOm,bristle_neuron,interommatidial_bristle_neuron,sensory,NA,left,gaba,head,NA
head_tactile,720575941473030541,BM_vOcci_vPoOr,bristle_neuron,postorbital_ventral_bristle_neuron,sensory,NA,left,gaba,head,NA
head_tactile,720575941505987132,BM_vOcci_vPoOr,bristle_neuron,postorbital_ventral_bristle_neuron,sensory,NA,left,acetylcholine,head,NA
head_tactile,720575941594844374,BM_InOm,bristle_neuron,interommatidial_bristle_neuron,sensory,NA,left,NA,head,NA
head_tactile,720575941632768416,BM_vOcci_vPoOr,bristle_neuron,postorbital_ventral_bristle_neuron,sensory,NA,left,octopamine,head,NA
head_tactile,720575941599593001,BM_InOm,bristle_neuron,interommatidial_bristle_neuron,sensory,NA,left,acetylcholine,head,NA
head_tactile,720575941611602918,BM_InOm,bristle_neuron,interommatidial_bristle_neuron,sensory,NA,left,NA,head,NA
head_tactile,720575941520931763,BM_vOcci_vPoOr,bristle_neuron,postorbital_ventral_bristle_neuron,sensory,NA,left,octopamine,head,NA
head_tactile,720575941589773367,BM_InOm,bristle_neuron,interommatidial_bristle_neuron,sensory,NA,left,NA,head,NA
head_tactile,720575941651523861,BM_InOm,bristle_neuron,interommatidial_bristle_neuron,sensory,NA,left,octopamine,head,NA
head_tactile,720575941493043632,BM_InOm,bristle_neuron,interommatidial_bristle_neuron,sensory,NA,left,acetylcholine,head,NA
head_tactile,720575941476868657,BM_vOcci_vPoOr,bristle_neuron,postorbital_ventral_bristle_neuron,sensory,NA,left,gaba,head,NA
head_tactile,720575941625460170,BM_InOm,bristle_neuron,interommatidial_bristle_neuron,sensory,NA,left,gaba,head,NA
head_tactile,720575941470942016,BM_vOcci_vPoOr,bristle_neuron,postorbital_ventral_bristle_neuron,sensory,NA,left,acetylcholine,head,NA
head_tactile,720575941572567880,BM_InOm,bristle_neuron,interommatidial_bristle_neuron,sensory,NA,left,NA,head,NA
head_tactile,720575941470948160,BM_InOm,bristle_neuron,interommatidial_bristle_neuron,sensory,NA,left,acetylcholine,head,NA
head_tactile,720575941536753379,BM_InOm,bristle_neuron,interommatidial_bristle_neuron,sensory,NA,left,acetylcholine,head,NA
head_tactile,720575941669770673,BM_InOm,bristle_neuron,interommatidial_bristle_neuron,sensory,NA,left,gaba,head,NA
head_tactile,720575941439408607,BM_InOm,bristle_neuron,interommatidial_bristle_neuron,sensory,NA,left,gaba,head,NA
head_tactile,720575941471021175,BM_InOm,bristle_neuron,interommatidial_bristle_neuron,sensory,NA,left,gaba,head,NA
head_tactile,720575941474387242,BM_vOcci_vPoOr,bristle_neuron,postorbital_ventral_bristle_neuron,sensory,NA,left,gaba,head,NA
head_tactile,720575941505987388,BM_vOcci_vPoOr,bristle_neuron,postorbital_ventral_bristle_neuron,sensory,NA,left,gaba,head,NA
head_tactile,720575941549829181,BM_InOm,bristle_neuron,interommatidial_bristle_neuron,sensory,NA,left,gaba,head,NA
head_tactile,720575941643295845,BM_InOm,bristle_neuron,interommatidial_bristle_neuron,sensory,NA,left,gaba,head,NA
head_tactile,720575941526084377,BM_vOcci_vPoOr,bristle_neuron,postorbital_ventral_bristle_neuron,sensory,NA,left,octopamine,head,NA
head_tactile,720575941517910700,BM_InOm,bristle_neuron,interommatidial_bristle_neuron,sensory,NA,left,gaba,head,NA
head_tactile,720575941512900049,BM_vOcci_vPoOr,bristle_neuron,postorbital_ventral_bristle_neuron,sensory,NA,left,acetylcholine,head,NA
head_tactile,720575941583525215,BM_vOcci_vPoOr,bristle_neuron,postorbital_ventral_bristle_neuron,sensory,NA,left,acetylcholine,head,NA
head_tactile,720575941415688220,BM_vOcci_vPoOr,bristle_neuron,postorbital_ventral_bristle_neuron,sensory,NA,left,octopamine,head,NA
head_tactile,720575941611747561,BM_InOm,bristle_neuron,interommatidial_bristle_neuron,sensory,NA,left,acetylcholine,head,NA
head_tactile,720575941499344802,BM_vOcci_vPoOr,bristle_neuron,postorbital_ventral_bristle_neuron,sensory,NA,left,gaba,head,NA
head_tactile,720575941595074087,BM_InOm,bristle_neuron,interommatidial_bristle_neuron,sensory,NA,left,acetylcholine,head,NA
head_tactile,720575941643127397,BM_vOcci_vPoOr,bristle_neuron,postorbital_ventral_bristle_neuron,sensory,NA,left,gaba,head,NA
head_tactile,720575941473047693,BM_InOm,bristle_neuron,interommatidial_bristle_neuron,sensory,NA,left,acetylcholine,head,NA
head_tactile,720575941600174889,BM_vOcci_vPoOr,bristle_neuron,postorbital_ventral_bristle_neuron,sensory,NA,left,acetylcholine,head,NA
head_tactile,720575941518251992,BM_dPoOr,bristle_neuron,postorbital_dorsal_bristle_neuron,sensory,NA,left,acetylcholine,head,NA
head_tactile,720575941627138361,BM_dPoOr,bristle_neuron,postorbital_dorsal_bristle_neuron,sensory,NA,left,acetylcholine,head,NA
head_tactile,720575941600585769,BM_InOm,bristle_neuron,interommatidial_bristle_neuron,sensory,NA,left,acetylcholine,head,NA
head_tactile,720575941650961685,BM_InOm,bristle_neuron,interommatidial_bristle_neuron,sensory,NA,right,acetylcholine,head,NA
head_tactile,720575941668079347,BM_InOm,bristle_neuron,interommatidial_bristle_neuron,sensory,NA,right,acetylcholine,head,NA
head_tactile,720575941491045836,BM_Vib,bristle_neuron,vibrissa_bristle_neuron,sensory,NA,left,acetylcholine,head,NA
head_tactile,720575941441012175,BM_Vib,bristle_neuron,vibrissa_bristle_neuron,sensory,NA,left,gaba,head,NA
head_tactile,720575941625714826,BM_InOc,bristle_neuron,interocellar_bristle_neuron,sensory,NA,left,acetylcholine,head,NA
head_tactile,720575941440194389,BM_Vib,bristle_neuron,vibrissa_bristle_neuron,sensory,NA,left,acetylcholine,head,NA
head_tactile,720575941498105929,BM_InOm,bristle_neuron,interommatidial_bristle_neuron,sensory,NA,right,acetylcholine,head,NA
head_tactile,720575941639588639,BM_Vt_PoOc,bristle_neuron,postocellar_bristle_neuron,sensory,NA,left,acetylcholine,head,NA
head_tactile,720575941477422641,BM_InOm,bristle_neuron,interommatidial_bristle_neuron,sensory,NA,left,acetylcholine,head,NA
head_tactile,720575941408209455,BM_InOm,bristle_neuron,interommatidial_bristle_neuron,sensory,NA,right,acetylcholine,head,NA
head_tactile,720575941506184101,BM_vOcci_vPoOr,bristle_neuron,postorbital_ventral_bristle_neuron,sensory,NA,left,acetylcholine,head,NA
head_tactile,720575941506024357,BM_InOm,bristle_neuron,interommatidial_bristle_neuron,sensory,NA,right,acetylcholine,head,NA
head_tactile,720575941687765110,BM_InOm,bristle_neuron,interommatidial_bristle_neuron,sensory,NA,right,acetylcholine,head,NA
head_tactile,720575941604773310,BM_InOm,bristle_neuron,interommatidial_bristle_neuron,sensory,NA,right,acetylcholine,head,NA
head_tactile,720575941551106303,BM_InOm,bristle_neuron,interommatidial_bristle_neuron,sensory,NA,right,acetylcholine,head,NA
head_tactile,720575941414976404,BM_vOcci_vPoOr,bristle_neuron,postorbital_ventral_bristle_neuron,sensory,NA,left,acetylcholine,head,NA
head_tactile,720575941615819795,BM_InOm,bristle_neuron,interommatidial_bristle_neuron,sensory,NA,right,octopamine,head,NA
head_tactile,720575941612439004,BM_InOm,bristle_neuron,interommatidial_bristle_neuron,sensory,NA,right,glutamate,head,NA
head_tactile,720575941503701298,BM_InOm,bristle_neuron,interommatidial_bristle_neuron,sensory,NA,right,acetylcholine,head,NA
head_tactile,720575941413955729,BM_InOm,bristle_neuron,interommatidial_bristle_neuron,sensory,NA,right,acetylcholine,head,NA
head_tactile,720575941631109868,BM_InOm,bristle_neuron,interommatidial_bristle_neuron,sensory,NA,right,acetylcholine,head,NA
head_tactile,720575941610953193,BM_InOm,bristle_neuron,interommatidial_bristle_neuron,sensory,NA,right,acetylcholine,head,NA
head_tactile,720575941564288354,BM_InOm,bristle_neuron,interommatidial_bristle_neuron,sensory,NA,right,octopamine,head,NA
head_tactile,720575941689941400,BM_InOm,bristle_neuron,interommatidial_bristle_neuron,sensory,NA,right,acetylcholine,head,NA
head_tactile,720575941650931221,BM_InOm,bristle_neuron,interommatidial_bristle_neuron,sensory,NA,right,acetylcholine,head,NA
head_tactile,720575941497474683,BM_InOm,bristle_neuron,interommatidial_bristle_neuron,sensory,NA,right,octopamine,head,NA
head_tactile,720575941479064288,BM_InOm,bristle_neuron,interommatidial_bristle_neuron,sensory,NA,right,acetylcholine,head,NA
head_tactile,720575941538729877,BM_InOm,bristle_neuron,interommatidial_bristle_neuron,sensory,NA,right,acetylcholine,head,NA
head_tactile,720575941652872725,BM_InOm,bristle_neuron,interommatidial_bristle_neuron,sensory,NA,right,octopamine,head,NA
head_tactile,720575941559059727,BM_InOm,bristle_neuron,interommatidial_bristle_neuron,sensory,NA,right,acetylcholine,head,NA
head_tactile,720575941537303779,BM_InOm,bristle_neuron,interommatidial_bristle_neuron,sensory,NA,right,acetylcholine,head,NA
head_tactile,720575941548016776,BM_InOm,bristle_neuron,interommatidial_bristle_neuron,sensory,NA,right,acetylcholine,head,NA
head_tactile,720575941632257440,BM_InOm,bristle_neuron,interommatidial_bristle_neuron,sensory,NA,right,acetylcholine,head,NA
head_tactile,720575941538593522,BM_InOm,bristle_neuron,interommatidial_bristle_neuron,sensory,NA,right,acetylcholine,head,NA
head_tactile,720575941507201093,BM_InOm,bristle_neuron,interommatidial_bristle_neuron,sensory,NA,right,acetylcholine,head,NA
head_tactile,720575941467544342,BM_InOm,bristle_neuron,interommatidial_bristle_neuron,sensory,NA,right,acetylcholine,head,NA
head_tactile,720575941515837331,BM_InOm,bristle_neuron,interommatidial_bristle_neuron,sensory,NA,right,acetylcholine,head,NA
head_tactile,720575941633486267,BM_InOm,bristle_neuron,interommatidial_bristle_neuron,sensory,NA,right,octopamine,head,NA
head_tactile,720575941702814170,BM_InOm,bristle_neuron,interommatidial_bristle_neuron,sensory,NA,right,acetylcholine,head,NA
head_tactile,720575941513352913,BM_vOcci_vPoOr,bristle_neuron,postorbital_ventral_bristle_neuron,sensory,NA,right,acetylcholine,head,NA
head_tactile,720575941526678628,BM_InOm,bristle_neuron,interommatidial_bristle_neuron,sensory,NA,right,acetylcholine,head,NA
head_tactile,720575941687050991,BM_InOm,bristle_neuron,interommatidial_bristle_neuron,sensory,NA,right,acetylcholine,head,NA
head_tactile,720575941603569398,BM_InOm,bristle_neuron,interommatidial_bristle_neuron,sensory,NA,right,acetylcholine,head,NA
head_tactile,720575941445205162,BM_InOm,bristle_neuron,interommatidial_bristle_neuron,sensory,NA,right,octopamine,head,NA
head_tactile,720575941479745443,BM_InOm,bristle_neuron,interommatidial_bristle_neuron,sensory,NA,right,acetylcholine,head,NA
head_tactile,720575941628816934,BM_InOm,bristle_neuron,interommatidial_bristle_neuron,sensory,NA,right,acetylcholine,head,NA
head_tactile,720575941479953743,BM_vOcci_vPoOr,bristle_neuron,postorbital_ventral_bristle_neuron,sensory,NA,right,acetylcholine,head,NA
head_tactile,720575941437591058,BM_InOm,bristle_neuron,interommatidial_bristle_neuron,sensory,NA,left,octopamine,head,NA
head_tactile,720575941594074987,BM_vOcci_vPoOr,bristle_neuron,postorbital_ventral_bristle_neuron,sensory,NA,left,acetylcholine,head,NA
head_tactile,720575941506255932,BM_InOm,bristle_neuron,interommatidial_bristle_neuron,sensory,NA,left,NA,head,NA
head_tactile,720575941479653762,BM_InOm,bristle_neuron,interommatidial_bristle_neuron,sensory,NA,left,gaba,head,NA
head_tactile,720575941625853130,BM_vOcci_vPoOr,bristle_neuron,postorbital_ventral_bristle_neuron,sensory,NA,left,gaba,head,NA
head_tactile,720575941462098116,BM_vOcci_vPoOr,bristle_neuron,postorbital_ventral_bristle_neuron,sensory,NA,left,gaba,head,NA
head_tactile,720575941432020439,BM_InOm,bristle_neuron,interommatidial_bristle_neuron,sensory,NA,left,gaba,head,NA
head_tactile,720575941644869496,BM_vOcci_vPoOr,bristle_neuron,postorbital_ventral_bristle_neuron,sensory,NA,left,octopamine,head,NA
head_tactile,720575941526755353,BM_InOm,bristle_neuron,interommatidial_bristle_neuron,sensory,NA,right,acetylcholine,head,NA
head_tactile,720575941490552009,BM_vOcci_vPoOr,bristle_neuron,postorbital_ventral_bristle_neuron,sensory,NA,left,gaba,head,NA
head_tactile,720575941520112567,BM_InOm,bristle_neuron,interommatidial_bristle_neuron,sensory,NA,left,gaba,head,NA
head_tactile,720575941663102844,BM_vOcci_vPoOr,bristle_neuron,postorbital_ventral_bristle_neuron,sensory,NA,left,acetylcholine,head,NA
head_tactile,720575941652745233,BM_InOm,bristle_neuron,interommatidial_bristle_neuron,sensory,NA,left,gaba,head,NA
head_tactile,720575941496133831,BM_InOm,bristle_neuron,interommatidial_bristle_neuron,sensory,NA,left,acetylcholine,head,NA
head_tactile,720575941625752684,BM_vOcci_vPoOr,bristle_neuron,postorbital_ventral_bristle_neuron,sensory,NA,left,acetylcholine,head,NA
head_tactile,720575941495830144,BM_InOm,bristle_neuron,interommatidial_bristle_neuron,sensory,NA,left,gaba,head,NA
head_tactile,720575941576305768,BM_InOm,bristle_neuron,interommatidial_bristle_neuron,sensory,NA,left,gaba,head,NA
head_tactile,720575941625452699,BM_InOm,bristle_neuron,interommatidial_bristle_neuron,sensory,NA,left,acetylcholine,head,NA
head_tactile,720575941590455180,BM_vOcci_vPoOr,bristle_neuron,postorbital_ventral_bristle_neuron,sensory,NA,left,gaba,head,NA
head_tactile,720575941551803391,BM_InOm,bristle_neuron,interommatidial_bristle_neuron,sensory,NA,left,acetylcholine,head,NA
head_tactile,720575941628793126,BM_vOcci_vPoOr,bristle_neuron,postorbital_ventral_bristle_neuron,sensory,NA,left,acetylcholine,head,NA
head_tactile,720575941547707784,BM_vOcci_vPoOr,bristle_neuron,postorbital_ventral_bristle_neuron,sensory,NA,left,NA,head,NA
head_tactile,720575941453292457,BM_vOcci_vPoOr,bristle_neuron,postorbital_ventral_bristle_neuron,sensory,NA,left,gaba,head,NA
head_tactile,720575941575880591,BM_vOcci_vPoOr,bristle_neuron,postorbital_ventral_bristle_neuron,sensory,NA,left,NA,head,NA
head_tactile,720575941574536349,BM_InOm,bristle_neuron,interommatidial_bristle_neuron,sensory,NA,left,NA,head,NA
head_tactile,720575941640969759,BM_vOcci_vPoOr,bristle_neuron,postorbital_ventral_bristle_neuron,sensory,NA,left,acetylcholine,head,NA
head_tactile,720575941476865822,BM_vOcci_vPoOr,bristle_neuron,postorbital_ventral_bristle_neuron,sensory,NA,left,NA,head,NA
head_tactile,720575941661526584,BM_vOcci_vPoOr,bristle_neuron,postorbital_ventral_bristle_neuron,sensory,NA,left,octopamine,head,NA
head_tactile,720575941630753250,BM_InOm,bristle_neuron,interommatidial_bristle_neuron,sensory,NA,left,gaba,head,NA
head_tactile,720575941482334650,BM_InOm,bristle_neuron,interommatidial_bristle_neuron,sensory,NA,right,acetylcholine,head,NA
head_tactile,720575941516656195,BM_InOm,bristle_neuron,interommatidial_bristle_neuron,sensory,NA,right,acetylcholine,head,NA
head_tactile,720575941498040393,BM_dOcci,bristle_neuron,occipital_dorsal_bristle_neuron,sensory,NA,left,acetylcholine,head,NA
head_tactile,720575941487810027,BM_InOm,bristle_neuron,interommatidial_bristle_neuron,sensory,NA,left,gaba,head,NA
head_tactile,720575941488897742,BM_InOm,bristle_neuron,interommatidial_bristle_neuron,sensory,NA,left,gaba,head,NA
head_tactile,720575941431412439,BM_InOm,bristle_neuron,interommatidial_bristle_neuron,sensory,NA,right,acetylcholine,head,NA
head_tactile,720575941476866590,BM_vOcci_vPoOr,bristle_neuron,postorbital_ventral_bristle_neuron,sensory,NA,left,gaba,head,NA
head_tactile,720575941535050433,BM_InOm,bristle_neuron,interommatidial_bristle_neuron,sensory,NA,left,acetylcholine,head,NA
head_tactile,720575941564939783,BM_InOm,bristle_neuron,interommatidial_bristle_neuron,sensory,NA,left,acetylcholine,head,NA
head_tactile,720575941689120886,BM_vOcci_vPoOr,bristle_neuron,postorbital_ventral_bristle_neuron,sensory,NA,left,acetylcholine,head,NA
head_tactile,720575941573906185,BM_vOcci_vPoOr,bristle_neuron,postorbital_ventral_bristle_neuron,sensory,NA,left,NA,head,NA
head_tactile,720575941722278970,BM_InOm,bristle_neuron,interommatidial_bristle_neuron,sensory,NA,left,acetylcholine,head,NA
head_tactile,720575941490543335,BM_InOm,bristle_neuron,interommatidial_bristle_neuron,sensory,NA,right,octopamine,head,NA
head_tactile,720575941492375216,BM_InOm,bristle_neuron,interommatidial_bristle_neuron,sensory,NA,left,gaba,head,NA
head_tactile,720575941690758107,BM_InOm,bristle_neuron,interommatidial_bristle_neuron,sensory,NA,right,acetylcholine,head,NA
head_tactile,720575941585004934,BM_InOm,bristle_neuron,interommatidial_bristle_neuron,sensory,NA,right,acetylcholine,head,NA
head_tactile,720575941687771766,BM_InOm,bristle_neuron,interommatidial_bristle_neuron,sensory,NA,left,NA,head,NA
head_tactile,720575941584257375,BM_InOm,bristle_neuron,interommatidial_bristle_neuron,sensory,NA,right,octopamine,head,NA
head_tactile,720575941440320447,BM_InOm,bristle_neuron,interommatidial_bristle_neuron,sensory,NA,right,acetylcholine,head,NA
head_tactile,720575941628848934,BM_InOm,bristle_neuron,interommatidial_bristle_neuron,sensory,NA,right,acetylcholine,head,NA
head_tactile,720575941604134590,BM_InOm,bristle_neuron,interommatidial_bristle_neuron,sensory,NA,right,acetylcholine,head,NA
head_tactile,720575941569342834,BM_InOm,bristle_neuron,interommatidial_bristle_neuron,sensory,NA,right,acetylcholine,head,NA
head_tactile,720575941430189961,BM_InOm,bristle_neuron,interommatidial_bristle_neuron,sensory,NA,right,acetylcholine,head,NA
head_tactile,720575941498300795,BM_InOm,bristle_neuron,interommatidial_bristle_neuron,sensory,NA,left,acetylcholine,head,NA
head_tactile,720575941496134599,BM_InOm,bristle_neuron,interommatidial_bristle_neuron,sensory,NA,left,acetylcholine,head,NA
head_tactile,720575941499787111,BM_InOm,bristle_neuron,interommatidial_bristle_neuron,sensory,NA,left,acetylcholine,head,NA
head_tactile,720575941594445782,BM_InOm,bristle_neuron,interommatidial_bristle_neuron,sensory,NA,left,NA,head,NA
head_tactile,720575941547647412,BM_InOm,bristle_neuron,interommatidial_bristle_neuron,sensory,NA,left,gaba,head,NA
head_tactile,720575941572573512,BM_InOm,bristle_neuron,interommatidial_bristle_neuron,sensory,NA,left,acetylcholine,head,NA
head_tactile,720575941563707282,BM_InOm,bristle_neuron,interommatidial_bristle_neuron,sensory,NA,left,gaba,head,NA
head_tactile,720575941483660285,BM_InOm,bristle_neuron,interommatidial_bristle_neuron,sensory,NA,left,gaba,head,NA
head_tactile,720575941555958099,BM_InOm,bristle_neuron,interommatidial_bristle_neuron,sensory,NA,left,acetylcholine,head,NA
head_tactile,720575941438276114,BM_InOm,bristle_neuron,interommatidial_bristle_neuron,sensory,NA,left,NA,head,NA
head_tactile,720575941539539698,BM_InOm,bristle_neuron,interommatidial_bristle_neuron,sensory,NA,left,gaba,head,NA
head_tactile,720575941613934867,BM_InOm,bristle_neuron,interommatidial_bristle_neuron,sensory,NA,left,NA,head,NA
head_tactile,720575941562273704,BM_vOcci_vPoOr,bristle_neuron,postorbital_ventral_bristle_neuron,sensory,NA,left,serotonin,head,NA
head_tactile,720575941566840935,BM_InOm,bristle_neuron,interommatidial_bristle_neuron,sensory,NA,left,NA,head,NA
head_tactile,720575941644212385,BM_InOm,bristle_neuron,interommatidial_bristle_neuron,sensory,NA,left,octopamine,head,NA
head_tactile,720575941481429327,BM_vOcci_vPoOr,bristle_neuron,postorbital_ventral_bristle_neuron,sensory,NA,left,NA,head,NA
head_tactile,720575941391943684,BM_InOm,bristle_neuron,interommatidial_bristle_neuron,sensory,NA,left,NA,head,NA
head_tactile,720575941466587478,BM_InOm,bristle_neuron,interommatidial_bristle_neuron,sensory,NA,left,gaba,head,NA
head_tactile,720575941408451375,BM_InOm,bristle_neuron,interommatidial_bristle_neuron,sensory,NA,left,octopamine,head,NA
head_tactile,720575941393102486,BM_InOm,bristle_neuron,interommatidial_bristle_neuron,sensory,NA,left,NA,head,NA
head_tactile,720575941499843175,BM_InOm,bristle_neuron,interommatidial_bristle_neuron,sensory,NA,left,acetylcholine,head,NA
head_tactile,720575941555498323,BM_InOm,bristle_neuron,interommatidial_bristle_neuron,sensory,NA,left,gaba,head,NA
head_tactile,720575941511270098,BM_InOm,bristle_neuron,interommatidial_bristle_neuron,sensory,NA,left,acetylcholine,head,NA
head_tactile,720575941535784897,BM_InOm,bristle_neuron,interommatidial_bristle_neuron,sensory,NA,left,gaba,head,NA
head_tactile,720575941535587594,BM_InOm,bristle_neuron,interommatidial_bristle_neuron,sensory,NA,left,gaba,head,NA
head_tactile,720575941499844455,BM_InOm,bristle_neuron,interommatidial_bristle_neuron,sensory,NA,left,acetylcholine,head,NA
head_tactile,720575941510464528,BM_InOm,bristle_neuron,interommatidial_bristle_neuron,sensory,NA,left,gaba,head,NA
head_tactile,720575941452621895,BM_InOm,bristle_neuron,interommatidial_bristle_neuron,sensory,NA,left,NA,head,NA
head_tactile,720575941610654538,BM_InOm,bristle_neuron,interommatidial_bristle_neuron,sensory,NA,left,acetylcholine,head,NA
head_tactile,720575941430228911,BM_InOm,bristle_neuron,interommatidial_bristle_neuron,sensory,NA,left,NA,head,NA
head_tactile,720575941476963614,BM_InOm,bristle_neuron,interommatidial_bristle_neuron,sensory,NA,left,NA,head,NA
head_tactile,720575941470187741,BM_InOm,bristle_neuron,interommatidial_bristle_neuron,sensory,NA,left,NA,head,NA
head_tactile,720575941504247234,BM_InOm,bristle_neuron,interommatidial_bristle_neuron,sensory,NA,left,gaba,head,NA
head_tactile,720575941610872906,BM_InOm,bristle_neuron,interommatidial_bristle_neuron,sensory,NA,left,acetylcholine,head,NA
head_tactile,720575941702994650,BM_InOm,bristle_neuron,interommatidial_bristle_neuron,sensory,NA,left,acetylcholine,head,NA
head_tactile,720575941546301033,BM_InOm,bristle_neuron,interommatidial_bristle_neuron,sensory,NA,left,NA,head,NA
head_tactile,720575941500347747,BM_InOm,bristle_neuron,interommatidial_bristle_neuron,sensory,NA,left,NA,head,NA
head_tactile,720575941449625437,BM_InOm,bristle_neuron,interommatidial_bristle_neuron,sensory,NA,right,acetylcholine,head,NA
head_tactile,720575941538177685,BM_InOm,bristle_neuron,interommatidial_bristle_neuron,sensory,NA,right,acetylcholine,head,NA
head_tactile,720575941500918411,BM_InOm,bristle_neuron,interommatidial_bristle_neuron,sensory,NA,right,acetylcholine,head,NA
head_tactile,720575941479358688,BM_InOm,bristle_neuron,interommatidial_bristle_neuron,sensory,NA,left,acetylcholine,head,NA
head_tactile,720575941514228291,BM_InOm,bristle_neuron,interommatidial_bristle_neuron,sensory,NA,left,serotonin,head,NA
head_tactile,720575941501026403,BM_vOcci_vPoOr,bristle_neuron,postorbital_ventral_bristle_neuron,sensory,NA,left,gaba,head,NA
head_tactile,720575941590570750,BM_InOm,bristle_neuron,interommatidial_bristle_neuron,sensory,NA,left,NA,head,NA
head_tactile,720575941484068349,BM_InOm,bristle_neuron,interommatidial_bristle_neuron,sensory,NA,left,acetylcholine,head,NA
head_tactile,720575941447577620,BM_InOm,bristle_neuron,interommatidial_bristle_neuron,sensory,NA,left,gaba,head,NA
head_tactile,720575941535645210,BM_vOcci_vPoOr,bristle_neuron,postorbital_ventral_bristle_neuron,sensory,NA,left,gaba,head,NA
head_tactile,720575941473360480,BM_vOcci_vPoOr,bristle_neuron,postorbital_ventral_bristle_neuron,sensory,NA,left,gaba,head,NA
head_tactile,720575941632820677,BM_InOm,bristle_neuron,interommatidial_bristle_neuron,sensory,NA,left,acetylcholine,head,NA
head_tactile,720575941691083739,BM_InOm,bristle_neuron,interommatidial_bristle_neuron,sensory,NA,left,gaba,head,NA
head_tactile,720575941643951736,BM_InOm,bristle_neuron,interommatidial_bristle_neuron,sensory,NA,left,gaba,head,NA
head_tactile,720575941501771619,BM_vOcci_vPoOr,bristle_neuron,postorbital_ventral_bristle_neuron,sensory,NA,left,gaba,head,NA
head_tactile,720575941508141406,BM_InOm,bristle_neuron,interommatidial_bristle_neuron,sensory,NA,left,gaba,head,NA
head_tactile,720575941632766917,BM_InOm,bristle_neuron,interommatidial_bristle_neuron,sensory,NA,left,acetylcholine,head,NA
head_tactile,720575941501838691,BM_InOm,bristle_neuron,interommatidial_bristle_neuron,sensory,NA,left,gaba,head,NA
head_tactile,720575941502408171,BM_InOm,bristle_neuron,interommatidial_bristle_neuron,sensory,NA,right,acetylcholine,head,NA
head_tactile,720575941487003088,BM_InOm,bristle_neuron,interommatidial_bristle_neuron,sensory,NA,right,octopamine,head,NA
head_tactile,720575941507628417,BM_InOm,bristle_neuron,interommatidial_bristle_neuron,sensory,NA,right,acetylcholine,head,NA
head_tactile,720575941549775421,BM_InOm,bristle_neuron,interommatidial_bristle_neuron,sensory,NA,right,acetylcholine,head,NA
head_tactile,720575941502685419,BM_InOm,bristle_neuron,interommatidial_bristle_neuron,sensory,NA,right,histamine,head,NA
head_tactile,720575941573724573,BM_InOm,bristle_neuron,interommatidial_bristle_neuron,sensory,NA,right,acetylcholine,head,NA
head_tactile,720575941612485084,BM_InOm,bristle_neuron,interommatidial_bristle_neuron,sensory,NA,right,octopamine,head,NA
head_tactile,720575941472946528,BM_InOm,bristle_neuron,interommatidial_bristle_neuron,sensory,NA,right,acetylcholine,head,NA
head_tactile,720575941435047456,BM_InOm,bristle_neuron,interommatidial_bristle_neuron,sensory,NA,right,octopamine,head,NA
head_tactile,720575941482834941,BM_InOm,bristle_neuron,interommatidial_bristle_neuron,sensory,NA,right,acetylcholine,head,NA
head_tactile,720575941526998694,BM_InOm,bristle_neuron,interommatidial_bristle_neuron,sensory,NA,right,acetylcholine,head,NA
head_tactile,720575941503297218,BM_vOcci_vPoOr,bristle_neuron,postorbital_ventral_bristle_neuron,sensory,NA,right,acetylcholine,head,NA
head_tactile,720575941591010444,BM_InOm,bristle_neuron,interommatidial_bristle_neuron,sensory,NA,right,acetylcholine,head,NA
head_tactile,720575941532975747,BM_InOm,bristle_neuron,interommatidial_bristle_neuron,sensory,NA,right,acetylcholine,head,NA
head_tactile,720575941504919356,BM_InOm,bristle_neuron,interommatidial_bristle_neuron,sensory,NA,right,acetylcholine,head,NA
head_tactile,720575941432138766,BM_Vib,bristle_neuron,vibrissa_bristle_neuron,sensory,NA,right,acetylcholine,head,NA
head_tactile,720575941504958885,BM_InOm,bristle_neuron,interommatidial_bristle_neuron,sensory,NA,right,glutamate,head,NA
head_tactile,720575941504976956,BM_InOm,bristle_neuron,interommatidial_bristle_neuron,sensory,NA,right,acetylcholine,head,NA
head_tactile,720575941519171438,BM_InOm,bristle_neuron,interommatidial_bristle_neuron,sensory,NA,right,acetylcholine,head,NA
head_tactile,720575941415718428,BM_InOm,bristle_neuron,interommatidial_bristle_neuron,sensory,NA,right,octopamine,head,NA
head_tactile,720575941575746486,BM_InOm,bristle_neuron,interommatidial_bristle_neuron,sensory,NA,left,acetylcholine,head,NA
head_tactile,720575941393333654,BM_InOm,bristle_neuron,interommatidial_bristle_neuron,sensory,NA,left,acetylcholine,head,NA
head_tactile,720575941613900307,BM_InOm,bristle_neuron,interommatidial_bristle_neuron,sensory,NA,left,acetylcholine,head,NA
head_tactile,720575941522277111,BM_InOm,bristle_neuron,interommatidial_bristle_neuron,sensory,NA,left,acetylcholine,head,NA
head_tactile,720575941525831426,BM_InOm,bristle_neuron,interommatidial_bristle_neuron,sensory,NA,left,gaba,head,NA
head_tactile,720575941506110307,BM_InOm,bristle_neuron,interommatidial_bristle_neuron,sensory,NA,left,gaba,head,NA
head_tactile,720575941603621878,BM_InOm,bristle_neuron,interommatidial_bristle_neuron,sensory,NA,left,gaba,head,NA
head_tactile,720575941462788621,BM_InOm,bristle_neuron,interommatidial_bristle_neuron,sensory,NA,left,gaba,head,NA
head_tactile,720575941604636862,BM_InOm,bristle_neuron,interommatidial_bristle_neuron,sensory,NA,left,gaba,head,NA
head_tactile,720575941568501806,BM_InOm,bristle_neuron,interommatidial_bristle_neuron,sensory,NA,left,acetylcholine,head,NA
head_tactile,720575941595161639,BM_InOm,bristle_neuron,interommatidial_bristle_neuron,sensory,NA,left,gaba,head,NA
head_tactile,720575941538819314,BM_InOm,bristle_neuron,interommatidial_bristle_neuron,sensory,NA,left,NA,head,NA
head_tactile,720575941504270274,BM_InOm,bristle_neuron,interommatidial_bristle_neuron,sensory,NA,left,acetylcholine,head,NA
head_tactile,720575941579385681,BM_vOcci_vPoOr,bristle_neuron,postorbital_ventral_bristle_neuron,sensory,NA,left,octopamine,head,NA
head_tactile,720575941702220250,BM_InOm,bristle_neuron,interommatidial_bristle_neuron,sensory,NA,left,NA,head,NA
head_tactile,720575941506285155,BM_InOm,bristle_neuron,interommatidial_bristle_neuron,sensory,NA,left,acetylcholine,head,NA
head_tactile,720575941626189002,BM_InOm,bristle_neuron,interommatidial_bristle_neuron,sensory,NA,left,gaba,head,NA
head_tactile,720575941574262536,BM_InOm,bristle_neuron,interommatidial_bristle_neuron,sensory,NA,left,gaba,head,NA
head_tactile,720575941545588841,BM_InOm,bristle_neuron,interommatidial_bristle_neuron,sensory,NA,left,gaba,head,NA
head_tactile,720575941506517859,BM_InOm,bristle_neuron,interommatidial_bristle_neuron,sensory,NA,left,NA,head,NA
head_tactile,720575941408256047,BM_InOm,bristle_neuron,interommatidial_bristle_neuron,sensory,NA,left,NA,head,NA
head_tactile,720575941483596285,BM_InOm,bristle_neuron,interommatidial_bristle_neuron,sensory,NA,left,NA,head,NA
head_tactile,720575941407570094,BM_InOm,bristle_neuron,interommatidial_bristle_neuron,sensory,NA,left,gaba,head,NA
head_tactile,720575941555293267,BM_InOm,bristle_neuron,interommatidial_bristle_neuron,sensory,NA,left,NA,head,NA
head_tactile,720575941610212682,BM_InOm,bristle_neuron,interommatidial_bristle_neuron,sensory,NA,right,glutamate,head,NA
head_tactile,720575941559512179,BM_InOm,bristle_neuron,interommatidial_bristle_neuron,sensory,NA,right,acetylcholine,head,NA
head_tactile,720575941507171106,BM_vOcci_vPoOr,bristle_neuron,postorbital_ventral_bristle_neuron,sensory,NA,right,acetylcholine,head,NA
head_tactile,720575941702251482,BM_InOm,bristle_neuron,interommatidial_bristle_neuron,sensory,NA,right,acetylcholine,head,NA
head_tactile,720575941553486234,BM_InOm,bristle_neuron,interommatidial_bristle_neuron,sensory,NA,right,octopamine,head,NA
head_tactile,720575941509087760,BM_InOm,bristle_neuron,interommatidial_bristle_neuron,sensory,NA,right,acetylcholine,head,NA
head_tactile,720575941509210128,BM_InOm,bristle_neuron,interommatidial_bristle_neuron,sensory,NA,right,acetylcholine,head,NA
head_tactile,720575941510063314,BM_InOm,bristle_neuron,interommatidial_bristle_neuron,sensory,NA,right,acetylcholine,head,NA
head_tactile,720575941482695354,BM_InOm,bristle_neuron,interommatidial_bristle_neuron,sensory,NA,right,acetylcholine,head,NA
head_tactile,720575941588048350,BM_InOm,bristle_neuron,interommatidial_bristle_neuron,sensory,NA,right,acetylcholine,head,NA
head_tactile,720575941430880248,BM_InOm,bristle_neuron,interommatidial_bristle_neuron,sensory,NA,right,acetylcholine,head,NA
head_tactile,720575941471006272,BM_InOm,bristle_neuron,interommatidial_bristle_neuron,sensory,NA,right,acetylcholine,head,NA
head_tactile,720575941661563960,BM_InOm,bristle_neuron,interommatidial_bristle_neuron,sensory,NA,left,acetylcholine,head,NA
head_tactile,720575941477722218,BM_InOm,bristle_neuron,interommatidial_bristle_neuron,sensory,NA,right,acetylcholine,head,NA
head_tactile,720575941687695855,BM_InOm,bristle_neuron,interommatidial_bristle_neuron,sensory,NA,right,acetylcholine,head,NA
head_tactile,720575941550619252,BM_InOc,bristle_neuron,interocellar_bristle_neuron,sensory,NA,left,acetylcholine,head,NA
head_tactile,720575941625184458,BM_InOc,bristle_neuron,interocellar_bristle_neuron,sensory,NA,left,acetylcholine,head,NA
head_tactile,720575941514375267,BM_InOm,bristle_neuron,interommatidial_bristle_neuron,sensory,NA,right,octopamine,head,NA
head_tactile,720575941514394467,BM_dOcci,bristle_neuron,occipital_dorsal_bristle_neuron,sensory,NA,right,acetylcholine,head,NA
head_tactile,720575941670639271,BM_Or,bristle_neuron,orbital_bristle_neuron,sensory,NA,right,acetylcholine,head,NA
head_tactile,720575941628816678,BM_InOm,bristle_neuron,interommatidial_bristle_neuron,sensory,NA,right,acetylcholine,head,NA
head_tactile,720575941516614035,BM_InOm,bristle_neuron,interommatidial_bristle_neuron,sensory,NA,right,acetylcholine,head,NA
head_tactile,720575941702173658,BM_dOcci,bristle_neuron,occipital_dorsal_bristle_neuron,sensory,NA,left,acetylcholine,head,NA
head_tactile,720575941494677118,BM_InOm,bristle_neuron,interommatidial_bristle_neuron,sensory,NA,right,acetylcholine,head,NA
head_tactile,720575941564198144,BM_InOm,bristle_neuron,interommatidial_bristle_neuron,sensory,NA,right,acetylcholine,head,NA
head_tactile,720575941510344914,BM_Vt_PoOc,bristle_neuron,postocellar_bristle_neuron,sensory,NA,left,acetylcholine,head,NA
head_tactile,720575941449061469,BM_dOcci,bristle_neuron,occipital_dorsal_bristle_neuron,sensory,NA,left,acetylcholine,head,NA
head_tactile,720575941465843286,BM_InOm,bristle_neuron,interommatidial_bristle_neuron,sensory,NA,right,acetylcholine,head,NA
head_tactile,720575941481084355,BM_InOm,bristle_neuron,interommatidial_bristle_neuron,sensory,NA,right,acetylcholine,head,NA
head_tactile,720575941438483263,BM_InOm,bristle_neuron,interommatidial_bristle_neuron,sensory,NA,left,gaba,head,NA
head_tactile,720575941518234222,BM_InOm,bristle_neuron,interommatidial_bristle_neuron,sensory,NA,right,acetylcholine,head,NA
head_tactile,720575941537187304,BM_InOm,bristle_neuron,interommatidial_bristle_neuron,sensory,NA,right,acetylcholine,head,NA
head_tactile,720575941518416750,BM_InOm,bristle_neuron,interommatidial_bristle_neuron,sensory,NA,right,acetylcholine,head,NA
head_tactile,720575941530893259,BM_InOm,bristle_neuron,interommatidial_bristle_neuron,sensory,NA,right,acetylcholine,head,NA
head_tactile,720575941519795379,BM_InOm,bristle_neuron,interommatidial_bristle_neuron,sensory,NA,right,octopamine,head,NA
head_tactile,720575941519891127,BM_InOm,bristle_neuron,interommatidial_bristle_neuron,sensory,NA,right,octopamine,head,NA
head_tactile,720575941639638559,BM_InOm,bristle_neuron,interommatidial_bristle_neuron,sensory,NA,right,acetylcholine,head,NA
head_tactile,720575941517849772,BM_Vt_PoOc,bristle_neuron,postocellar_bristle_neuron,sensory,NA,left,acetylcholine,head,NA
head_tactile,720575941564299618,BM_InOm,bristle_neuron,interommatidial_bristle_neuron,sensory,NA,right,octopamine,head,NA
head_tactile,720575941533044355,BM_InOm,bristle_neuron,interommatidial_bristle_neuron,sensory,NA,right,octopamine,head,NA
head_tactile,720575941523087947,BM_InOm,bristle_neuron,interommatidial_bristle_neuron,sensory,NA,right,acetylcholine,head,NA
head_tactile,720575941526526285,BM_InOm,bristle_neuron,interommatidial_bristle_neuron,sensory,NA,left,NA,head,NA
head_tactile,720575941430750712,BM_InOm,bristle_neuron,interommatidial_bristle_neuron,sensory,NA,left,acetylcholine,head,NA
head_tactile,720575941520613047,BM_InOm,bristle_neuron,interommatidial_bristle_neuron,sensory,NA,left,NA,head,NA
head_tactile,720575941435085198,BM_InOm,bristle_neuron,interommatidial_bristle_neuron,sensory,NA,left,gaba,head,NA
head_tactile,720575941460952275,BM_InOm,bristle_neuron,interommatidial_bristle_neuron,sensory,NA,left,gaba,head,NA
head_tactile,720575941549804916,BM_InOm,bristle_neuron,interommatidial_bristle_neuron,sensory,NA,left,gaba,head,NA
head_tactile,720575941515101177,BM_Fr,bristle_neuron,frontal_bristle_neuron,sensory,NA,right,acetylcholine,head,NA
head_tactile,720575941505321125,BM_dPoOr,bristle_neuron,postorbital_dorsal_bristle_neuron,sensory,NA,left,acetylcholine,head,NA
head_tactile,720575941485556802,BM_vOcci_vPoOr,bristle_neuron,postorbital_ventral_bristle_neuron,sensory,NA,left,acetylcholine,head,NA
head_tactile,720575941438653151,BM_dPoOr,bristle_neuron,postorbital_dorsal_bristle_neuron,sensory,NA,left,acetylcholine,head,NA
head_tactile,720575941438656991,BM_dOcci,bristle_neuron,occipital_dorsal_bristle_neuron,sensory,NA,left,acetylcholine,head,NA
head_tactile,720575941525267944,BM_InOm,bristle_neuron,interommatidial_bristle_neuron,sensory,NA,left,octopamine,head,NA
head_tactile,720575941525269480,BM_InOm,bristle_neuron,interommatidial_bristle_neuron,sensory,NA,left,acetylcholine,head,NA
head_tactile,720575941613769180,BM_vOcci_vPoOr,bristle_neuron,postorbital_ventral_bristle_neuron,sensory,NA,left,acetylcholine,head,NA
head_tactile,720575941574580219,BM_InOm,bristle_neuron,interommatidial_bristle_neuron,sensory,NA,left,acetylcholine,head,NA
head_tactile,720575941551666494,BM_vOcci_vPoOr,bristle_neuron,postorbital_ventral_bristle_neuron,sensory,NA,left,gaba,head,NA
head_tactile,720575941564936199,BM_InOm,bristle_neuron,interommatidial_bristle_neuron,sensory,NA,left,gaba,head,NA
head_tactile,720575941688242444,BM_InOm,bristle_neuron,interommatidial_bristle_neuron,sensory,NA,left,gaba,head,NA
head_tactile,720575941731698731,BM_InOm,bristle_neuron,interommatidial_bristle_neuron,sensory,NA,left,NA,head,NA
head_tactile,720575941408573999,BM_InOm,bristle_neuron,interommatidial_bristle_neuron,sensory,NA,left,NA,head,NA
head_tactile,720575941470291063,BM_vOcci_vPoOr,bristle_neuron,postorbital_ventral_bristle_neuron,sensory,NA,left,octopamine,head,NA
head_tactile,720575941427556436,BM_vOcci_vPoOr,bristle_neuron,postorbital_ventral_bristle_neuron,sensory,NA,left,acetylcholine,head,NA
head_tactile,720575941521468599,BM_vOcci_vPoOr,bristle_neuron,postorbital_ventral_bristle_neuron,sensory,NA,left,gaba,head,NA
head_tactile,720575941574433545,BM_InOm,bristle_neuron,interommatidial_bristle_neuron,sensory,NA,left,acetylcholine,head,NA
head_tactile,720575941574581499,BM_InOm,bristle_neuron,interommatidial_bristle_neuron,sensory,NA,left,NA,head,NA
head_tactile,720575941626523244,BM_InOm,bristle_neuron,interommatidial_bristle_neuron,sensory,NA,left,gaba,head,NA
head_tactile,720575941523087095,BM_InOm,bristle_neuron,interommatidial_bristle_neuron,sensory,NA,left,NA,head,NA
head_tactile,720575941559692270,BM_InOm,bristle_neuron,interommatidial_bristle_neuron,sensory,NA,left,acetylcholine,head,NA
head_tactile,720575941612019814,BM_InOm,bristle_neuron,interommatidial_bristle_neuron,sensory,NA,left,gaba,head,NA
head_tactile,720575941476696129,BM_InOm,bristle_neuron,interommatidial_bristle_neuron,sensory,NA,left,NA,head,NA
head_tactile,720575941493043888,BM_InOm,bristle_neuron,interommatidial_bristle_neuron,sensory,NA,left,NA,head,NA
head_tactile,720575941562751912,BM_InOm,bristle_neuron,interommatidial_bristle_neuron,sensory,NA,left,NA,head,NA
head_tactile,720575941573144392,BM_InOm,bristle_neuron,interommatidial_bristle_neuron,sensory,NA,left,acetylcholine,head,NA
head_tactile,720575941533472643,BM_InOm,bristle_neuron,interommatidial_bristle_neuron,sensory,NA,left,acetylcholine,head,NA
head_tactile,720575941536348186,BM_InOm,bristle_neuron,interommatidial_bristle_neuron,sensory,NA,left,NA,head,NA
head_tactile,720575941515752794,BM_InOm,bristle_neuron,interommatidial_bristle_neuron,sensory,NA,left,NA,head,NA
head_tactile,720575941595617413,BM_vOcci_vPoOr,bristle_neuron,postorbital_ventral_bristle_neuron,sensory,NA,left,NA,head,NA
head_tactile,720575941631130092,BM_vOcci_vPoOr,bristle_neuron,postorbital_ventral_bristle_neuron,sensory,NA,left,gaba,head,NA
head_tactile,720575941391930884,BM_vOcci_vPoOr,bristle_neuron,postorbital_ventral_bristle_neuron,sensory,NA,left,gaba,head,NA
head_tactile,720575941506135973,BM_InOm,bristle_neuron,interommatidial_bristle_neuron,sensory,NA,left,gaba,head,NA
head_tactile,720575941525316072,BM_InOm,bristle_neuron,interommatidial_bristle_neuron,sensory,NA,left,gaba,head,NA
head_tactile,720575941502378891,BM_vOcci_vPoOr,bristle_neuron,postorbital_ventral_bristle_neuron,sensory,NA,left,gaba,head,NA
head_tactile,720575941516359514,BM_InOm,bristle_neuron,interommatidial_bristle_neuron,sensory,NA,left,gaba,head,NA
head_tactile,720575941512931148,BM_InOm,bristle_neuron,interommatidial_bristle_neuron,sensory,NA,left,acetylcholine,head,NA
head_tactile,720575941590968972,BM_InOm,bristle_neuron,interommatidial_bristle_neuron,sensory,NA,left,acetylcholine,head,NA
head_tactile,720575941501154699,BM_InOm,bristle_neuron,interommatidial_bristle_neuron,sensory,NA,left,acetylcholine,head,NA
head_tactile,720575941575695542,BM_InOm,bristle_neuron,interommatidial_bristle_neuron,sensory,NA,left,acetylcholine,head,NA
head_tactile,720575941535049153,BM_InOm,bristle_neuron,interommatidial_bristle_neuron,sensory,NA,right,acetylcholine,head,NA
head_tactile,720575941470947392,BM_InOm,bristle_neuron,interommatidial_bristle_neuron,sensory,NA,right,acetylcholine,head,NA
head_tactile,720575941504645170,BM_InOm,bristle_neuron,interommatidial_bristle_neuron,sensory,NA,right,acetylcholine,head,NA
head_tactile,720575941590457740,BM_InOm,bristle_neuron,interommatidial_bristle_neuron,sensory,NA,right,acetylcholine,head,NA
head_tactile,720575941486230022,BM_InOm,bristle_neuron,interommatidial_bristle_neuron,sensory,NA,right,acetylcholine,head,NA
head_tactile,720575941486498822,BM_InOm,bristle_neuron,interommatidial_bristle_neuron,sensory,NA,right,acetylcholine,head,NA
head_tactile,720575941453957939,BM_dPoOr,bristle_neuron,postorbital_dorsal_bristle_neuron,sensory,NA,left,acetylcholine,head,NA
head_tactile,720575941438374700,BM_InOm,bristle_neuron,interommatidial_bristle_neuron,sensory,NA,right,octopamine,head,NA
head_tactile,720575941439116095,BM_InOm,bristle_neuron,interommatidial_bristle_neuron,sensory,NA,right,acetylcholine,head,NA
head_tactile,720575941523268683,BM_InOm,bristle_neuron,interommatidial_bristle_neuron,sensory,NA,right,octopamine,head,NA
head_tactile,720575941588131652,BM_InOm,bristle_neuron,interommatidial_bristle_neuron,sensory,NA,right,acetylcholine,head,NA
head_tactile,720575941588137028,BM_InOm,bristle_neuron,interommatidial_bristle_neuron,sensory,NA,right,acetylcholine,head,NA
head_tactile,720575941573732253,BM_InOm,bristle_neuron,interommatidial_bristle_neuron,sensory,NA,right,acetylcholine,head,NA
head_tactile,720575941504110274,BM_InOm,bristle_neuron,interommatidial_bristle_neuron,sensory,NA,right,acetylcholine,head,NA
head_tactile,720575941538085914,BM_InOm,bristle_neuron,interommatidial_bristle_neuron,sensory,NA,right,acetylcholine,head,NA
head_tactile,720575941689949592,BM_InOm,bristle_neuron,interommatidial_bristle_neuron,sensory,NA,right,acetylcholine,head,NA
head_tactile,720575941584420191,BM_InOm,bristle_neuron,interommatidial_bristle_neuron,sensory,NA,right,histamine,head,NA
head_tactile,720575941595615621,BM_InOm,bristle_neuron,interommatidial_bristle_neuron,sensory,NA,right,acetylcholine,head,NA
head_tactile,720575941633649595,BM_InOm,bristle_neuron,interommatidial_bristle_neuron,sensory,NA,right,octopamine,head,NA
head_tactile,720575941440321215,BM_InOm,bristle_neuron,interommatidial_bristle_neuron,sensory,NA,right,acetylcholine,head,NA
head_tactile,720575941530195429,BM_InOm,bristle_neuron,interommatidial_bristle_neuron,sensory,NA,right,acetylcholine,head,NA
head_tactile,720575941401329699,BM_dPoOr,bristle_neuron,postorbital_dorsal_bristle_neuron,sensory,NA,right,acetylcholine,head,NA
head_tactile,720575941518301656,BM_InOm,bristle_neuron,interommatidial_bristle_neuron,sensory,NA,right,acetylcholine,head,NA
head_tactile,720575941532870337,BM_vOcci_vPoOr,bristle_neuron,postorbital_ventral_bristle_neuron,sensory,NA,left,gaba,head,NA
head_tactile,720575941604773566,BM_InOm,bristle_neuron,interommatidial_bristle_neuron,sensory,NA,right,acetylcholine,head,NA
head_tactile,720575941528699524,BM_InOm,bristle_neuron,interommatidial_bristle_neuron,sensory,NA,right,octopamine,head,NA
head_tactile,720575941533214759,BM_InOm,bristle_neuron,interommatidial_bristle_neuron,sensory,NA,right,acetylcholine,head,NA
head_tactile,720575941533225767,BM_InOm,bristle_neuron,interommatidial_bristle_neuron,sensory,NA,right,acetylcholine,head,NA
head_tactile,720575941564198656,BM_InOm,bristle_neuron,interommatidial_bristle_neuron,sensory,NA,right,octopamine,head,NA
head_tactile,720575941480144514,BM_Vib,bristle_neuron,vibrissa_bristle_neuron,sensory,NA,right,acetylcholine,head,NA
head_tactile,720575941430284792,BM_InOm,bristle_neuron,interommatidial_bristle_neuron,sensory,NA,right,acetylcholine,head,NA
head_tactile,720575941551675966,BM_InOm,bristle_neuron,interommatidial_bristle_neuron,sensory,NA,right,acetylcholine,head,NA
head_tactile,720575941514242627,BM_InOm,bristle_neuron,interommatidial_bristle_neuron,sensory,NA,right,acetylcholine,head,NA
head_tactile,720575941479370720,BM_InOm,bristle_neuron,interommatidial_bristle_neuron,sensory,NA,right,acetylcholine,head,NA
head_tactile,720575941536436968,BM_InOm,bristle_neuron,interommatidial_bristle_neuron,sensory,NA,right,acetylcholine,head,NA
head_tactile,720575941625382026,BM_InOm,bristle_neuron,interommatidial_bristle_neuron,sensory,NA,right,acetylcholine,head,NA
head_tactile,720575941578205785,BM_InOm,bristle_neuron,interommatidial_bristle_neuron,sensory,NA,right,acetylcholine,head,NA
head_tactile,720575941476858398,BM_InOm,bristle_neuron,interommatidial_bristle_neuron,sensory,NA,right,acetylcholine,head,NA
head_tactile,720575941633225147,BM_vOcci_vPoOr,bristle_neuron,postorbital_ventral_bristle_neuron,sensory,NA,right,acetylcholine,head,NA
head_tactile,720575941480202319,BM_InOm,bristle_neuron,interommatidial_bristle_neuron,sensory,NA,right,acetylcholine,head,NA
head_tactile,720575941490595017,BM_InOm,bristle_neuron,interommatidial_bristle_neuron,sensory,NA,right,octopamine,head,NA
head_tactile,720575941539105741,BM_InOm,bristle_neuron,interommatidial_bristle_neuron,sensory,NA,right,acetylcholine,head,NA
head_tactile,720575941563642624,BM_InOm,bristle_neuron,interommatidial_bristle_neuron,sensory,NA,right,octopamine,head,NA
head_tactile,720575941644575864,BM_InOm,bristle_neuron,interommatidial_bristle_neuron,sensory,NA,right,acetylcholine,head,NA
head_tactile,720575941539435901,BM_InOm,bristle_neuron,interommatidial_bristle_neuron,sensory,NA,right,acetylcholine,head,NA
head_tactile,720575941415724572,BM_InOm,bristle_neuron,interommatidial_bristle_neuron,sensory,NA,right,octopamine,head,NA
head_tactile,720575941565068178,BM_InOm,bristle_neuron,interommatidial_bristle_neuron,sensory,NA,right,acetylcholine,head,NA
head_tactile,720575941432243726,BM_InOm,bristle_neuron,interommatidial_bristle_neuron,sensory,NA,right,acetylcholine,head,NA
head_tactile,720575941352714544,BM_InOm,bristle_neuron,interommatidial_bristle_neuron,sensory,NA,left,gaba,head,NA
head_tactile,720575941618879615,BM_InOm,bristle_neuron,interommatidial_bristle_neuron,sensory,NA,right,acetylcholine,head,NA
head_tactile,720575941495412167,BM_vOcci_vPoOr,bristle_neuron,postorbital_ventral_bristle_neuron,sensory,NA,right,acetylcholine,head,NA
head_tactile,720575941603697593,BM_InOm,bristle_neuron,interommatidial_bristle_neuron,sensory,NA,right,acetylcholine,head,NA
head_tactile,720575941427250260,BM_InOm,bristle_neuron,interommatidial_bristle_neuron,sensory,NA,left,NA,head,NA
head_tactile,720575941504422450,BM_InOm,bristle_neuron,interommatidial_bristle_neuron,sensory,NA,left,acetylcholine,head,NA
head_tactile,720575941467250966,BM_InOm,bristle_neuron,interommatidial_bristle_neuron,sensory,NA,right,acetylcholine,head,NA
head_tactile,720575941477585514,BM_InOm,bristle_neuron,interommatidial_bristle_neuron,sensory,NA,right,acetylcholine,head,NA
head_tactile,720575941513757004,BM_InOm,bristle_neuron,interommatidial_bristle_neuron,sensory,NA,right,octopamine,head,NA
head_tactile,720575941583543135,BM_FrOr,bristle_neuron,frontoorbital_bristle_neuron,sensory,NA,right,acetylcholine,head,NA
head_tactile,720575941527021734,BM_InOm,bristle_neuron,interommatidial_bristle_neuron,sensory,NA,right,acetylcholine,head,NA
head_tactile,720575941487661520,BM_InOm,bristle_neuron,interommatidial_bristle_neuron,sensory,NA,right,acetylcholine,head,NA
head_tactile,720575941546187956,BM_InOm,bristle_neuron,interommatidial_bristle_neuron,sensory,NA,right,acetylcholine,head,NA
head_tactile,720575941546508214,BM_InOm,bristle_neuron,interommatidial_bristle_neuron,sensory,NA,right,acetylcholine,head,NA
head_tactile,720575941559513459,BM_InOm,bristle_neuron,interommatidial_bristle_neuron,sensory,NA,right,acetylcholine,head,NA
head_tactile,720575941546554294,BM_InOm,bristle_neuron,interommatidial_bristle_neuron,sensory,NA,right,acetylcholine,head,NA
head_tactile,720575941663331964,BM_InOm,bristle_neuron,interommatidial_bristle_neuron,sensory,NA,left,NA,head,NA
head_tactile,720575941408251822,BM_InOm,bristle_neuron,interommatidial_bristle_neuron,sensory,NA,left,gaba,head,NA
head_tactile,720575941457868272,BM_InOm,bristle_neuron,interommatidial_bristle_neuron,sensory,NA,left,gaba,head,NA
head_tactile,720575941410732203,BM_InOm,bristle_neuron,interommatidial_bristle_neuron,sensory,NA,right,acetylcholine,head,NA
head_tactile,720575941515804409,BM_InOm,bristle_neuron,interommatidial_bristle_neuron,sensory,NA,right,acetylcholine,head,NA
head_tactile,720575941548478324,BM_InOm,bristle_neuron,interommatidial_bristle_neuron,sensory,NA,right,acetylcholine,head,NA
head_tactile,720575941495647175,BM_InOm,bristle_neuron,interommatidial_bristle_neuron,sensory,NA,right,octopamine,head,NA
head_tactile,720575941444037546,BM_InOm,bristle_neuron,interommatidial_bristle_neuron,sensory,NA,right,acetylcholine,head,NA
head_tactile,720575941572559432,BM_InOm,bristle_neuron,interommatidial_bristle_neuron,sensory,NA,right,acetylcholine,head,NA
head_tactile,720575941652962321,BM_vOcci_vPoOr,bristle_neuron,vibrissa_bristle_neuron,sensory,NA,right,acetylcholine,head,NA
head_tactile,720575941651704049,BM_Vib,bristle_neuron,vibrissa_bristle_neuron,sensory,NA,left,acetylcholine,head,NA
head_tactile,720575941520039351,BM_InOm,bristle_neuron,interommatidial_bristle_neuron,sensory,NA,right,acetylcholine,head,NA
head_tactile,720575941554655414,BM_InOm,bristle_neuron,interommatidial_bristle_neuron,sensory,NA,right,acetylcholine,head,NA
head_tactile,720575941554659254,BM_InOm,bristle_neuron,interommatidial_bristle_neuron,sensory,NA,right,acetylcholine,head,NA
head_tactile,720575941657945936,BM_InOm,bristle_neuron,interommatidial_bristle_neuron,sensory,NA,right,acetylcholine,head,NA
head_tactile,720575941643991160,BM_InOm,bristle_neuron,interommatidial_bristle_neuron,sensory,NA,right,acetylcholine,head,NA
head_tactile,720575941486313734,BM_InOm,bristle_neuron,interommatidial_bristle_neuron,sensory,NA,right,acetylcholine,head,NA
head_tactile,720575941563869586,BM_InOm,bristle_neuron,interommatidial_bristle_neuron,sensory,NA,right,acetylcholine,head,NA
head_tactile,720575941652301809,BM_InOm,bristle_neuron,interommatidial_bristle_neuron,sensory,NA,right,acetylcholine,head,NA
head_tactile,720575941556367012,BM_InOm,bristle_neuron,interommatidial_bristle_neuron,sensory,NA,right,glutamate,head,NA
head_tactile,720575941469564125,BM_InOm,bristle_neuron,interommatidial_bristle_neuron,sensory,NA,right,acetylcholine,head,NA
head_tactile,720575941452411817,BM_InOm,bristle_neuron,interommatidial_bristle_neuron,sensory,NA,right,acetylcholine,head,NA
head_tactile,720575941432880910,BM_InOm,bristle_neuron,interommatidial_bristle_neuron,sensory,NA,right,octopamine,head,NA
head_tactile,720575941543819269,BM_dOcci,bristle_neuron,occipital_dorsal_bristle_neuron,sensory,NA,left,acetylcholine,head,NA
head_tactile,720575941589030199,BM_dPoOr,bristle_neuron,postorbital_dorsal_bristle_neuron,sensory,NA,left,acetylcholine,head,NA
head_tactile,720575941556117220,BM_InOm,bristle_neuron,interommatidial_bristle_neuron,sensory,NA,right,acetylcholine,head,NA
head_tactile,720575941556124836,BM_InOm,bristle_neuron,interommatidial_bristle_neuron,sensory,NA,right,acetylcholine,head,NA
head_tactile,720575941611029165,BM_InOm,bristle_neuron,interommatidial_bristle_neuron,sensory,NA,right,acetylcholine,head,NA
head_tactile,720575941595669125,BM_InOm,bristle_neuron,interommatidial_bristle_neuron,sensory,NA,right,histamine,head,NA
head_tactile,720575941556200886,BM_InOm,bristle_neuron,interommatidial_bristle_neuron,sensory,NA,right,acetylcholine,head,NA
head_tactile,720575941534096728,BM_InOm,bristle_neuron,interommatidial_bristle_neuron,sensory,NA,right,acetylcholine,head,NA
head_tactile,720575941556207542,BM_InOm,bristle_neuron,interommatidial_bristle_neuron,sensory,NA,right,acetylcholine,head,NA
head_tactile,720575941556215716,BM_InOm,bristle_neuron,interommatidial_bristle_neuron,sensory,NA,right,acetylcholine,head,NA
head_tactile,720575941499451042,BM_InOm,bristle_neuron,interommatidial_bristle_neuron,sensory,NA,right,acetylcholine,head,NA
head_tactile,720575941556225206,BM_InOm,bristle_neuron,interommatidial_bristle_neuron,sensory,NA,right,acetylcholine,head,NA
head_tactile,720575941510806226,BM_InOm,bristle_neuron,interommatidial_bristle_neuron,sensory,NA,right,acetylcholine,head,NA
head_tactile,720575941568705394,BM_InOm,bristle_neuron,interommatidial_bristle_neuron,sensory,NA,right,octopamine,head,NA
head_tactile,720575941472963936,BM_InOm,bristle_neuron,interommatidial_bristle_neuron,sensory,NA,right,octopamine,head,NA
head_tactile,720575941556539574,BM_InOm,bristle_neuron,interommatidial_bristle_neuron,sensory,NA,right,acetylcholine,head,NA
head_tactile,720575941556539830,BM_InOm,bristle_neuron,interommatidial_bristle_neuron,sensory,NA,right,acetylcholine,head,NA
head_tactile,720575941583511903,BM_InOm,bristle_neuron,interommatidial_bristle_neuron,sensory,NA,right,acetylcholine,head,NA
head_tactile,720575941556553654,BM_InOm,bristle_neuron,interommatidial_bristle_neuron,sensory,NA,right,glutamate,head,NA
head_tactile,720575941688756492,BM_InOm,bristle_neuron,interommatidial_bristle_neuron,sensory,NA,right,acetylcholine,head,NA
head_tactile,720575941595673477,BM_InOm,bristle_neuron,interommatidial_bristle_neuron,sensory,NA,right,acetylcholine,head,NA
head_tactile,720575941688318582,BM_InOm,bristle_neuron,interommatidial_bristle_neuron,sensory,NA,right,acetylcholine,head,NA
head_tactile,720575941600068905,BM_InOm,bristle_neuron,interommatidial_bristle_neuron,sensory,NA,right,acetylcholine,head,NA
head_tactile,720575941465815126,BM_InOm,bristle_neuron,interommatidial_bristle_neuron,sensory,NA,right,acetylcholine,head,NA
head_tactile,720575941439113535,BM_InOm,bristle_neuron,interommatidial_bristle_neuron,sensory,NA,right,acetylcholine,head,NA
head_tactile,720575941505406373,BM_InOm,bristle_neuron,interommatidial_bristle_neuron,sensory,NA,right,acetylcholine,head,NA
head_tactile,720575941486355341,BM_InOm,bristle_neuron,interommatidial_bristle_neuron,sensory,NA,right,acetylcholine,head,NA
head_tactile,720575941613241820,BM_InOm,bristle_neuron,interommatidial_bristle_neuron,sensory,NA,right,acetylcholine,head,NA
head_tactile,720575941506269253,BM_InOm,bristle_neuron,interommatidial_bristle_neuron,sensory,NA,right,acetylcholine,head,NA
head_tactile,720575941562271400,BM_InOm,bristle_neuron,interommatidial_bristle_neuron,sensory,NA,right,acetylcholine,head,NA
head_tactile,720575941651695601,BM_InOm,bristle_neuron,interommatidial_bristle_neuron,sensory,NA,right,acetylcholine,head,NA
head_tactile,720575941451063930,BM_InOm,bristle_neuron,interommatidial_bristle_neuron,sensory,NA,right,acetylcholine,head,NA
head_tactile,720575941515642105,BM_InOm,bristle_neuron,interommatidial_bristle_neuron,sensory,NA,right,acetylcholine,head,NA
head_tactile,720575941392668566,BM_InOm,bristle_neuron,interommatidial_bristle_neuron,sensory,NA,right,acetylcholine,head,NA
head_tactile,720575941556570550,BM_InOm,bristle_neuron,interommatidial_bristle_neuron,sensory,NA,right,acetylcholine,head,NA
head_tactile,720575941628820518,BM_InOm,bristle_neuron,interommatidial_bristle_neuron,sensory,NA,right,acetylcholine,head,NA
head_tactile,720575941643978360,BM_InOm,bristle_neuron,interommatidial_bristle_neuron,sensory,NA,right,acetylcholine,head,NA
head_tactile,720575941556578486,BM_InOm,bristle_neuron,interommatidial_bristle_neuron,sensory,NA,right,acetylcholine,head,NA
head_tactile,720575941556579254,BM_InOm,bristle_neuron,interommatidial_bristle_neuron,sensory,NA,right,acetylcholine,head,NA
head_tactile,720575941515123290,BM_InOm,bristle_neuron,interommatidial_bristle_neuron,sensory,NA,right,acetylcholine,head,NA
head_tactile,720575941568924404,BM_InOm,bristle_neuron,interommatidial_bristle_neuron,sensory,NA,right,acetylcholine,head,NA
head_tactile,720575941611489965,BM_InOm,bristle_neuron,interommatidial_bristle_neuron,sensory,NA,right,acetylcholine,head,NA
head_tactile,720575941440381631,BM_InOm,bristle_neuron,interommatidial_bristle_neuron,sensory,NA,right,acetylcholine,head,NA
head_tactile,720575941662720124,BM_InOm,bristle_neuron,interommatidial_bristle_neuron,sensory,NA,right,acetylcholine,head,NA
head_tactile,720575941514699363,BM_InOm,bristle_neuron,interommatidial_bristle_neuron,sensory,NA,right,acetylcholine,head,NA
head_tactile,720575941556581814,BM_InOm,bristle_neuron,interommatidial_bristle_neuron,sensory,NA,right,acetylcholine,head,NA
head_tactile,720575941564094464,BM_InOm,bristle_neuron,interommatidial_bristle_neuron,sensory,NA,right,acetylcholine,head,NA
head_tactile,720575941482697658,BM_InOm,bristle_neuron,interommatidial_bristle_neuron,sensory,NA,right,acetylcholine,head,NA
head_tactile,720575941632276128,BM_InOm,bristle_neuron,interommatidial_bristle_neuron,sensory,NA,right,acetylcholine,head,NA
head_tactile,720575941482149318,BM_InOm,bristle_neuron,interommatidial_bristle_neuron,sensory,NA,right,acetylcholine,head,NA
head_tactile,720575941585561054,BM_InOm,bristle_neuron,interommatidial_bristle_neuron,sensory,NA,right,acetylcholine,head,NA
head_tactile,720575941391966212,BM_InOm,bristle_neuron,interommatidial_bristle_neuron,sensory,NA,right,acetylcholine,head,NA
head_tactile,720575941651871253,BM_InOm,bristle_neuron,interommatidial_bristle_neuron,sensory,NA,right,acetylcholine,head,NA
head_tactile,720575941564201472,BM_InOm,bristle_neuron,interommatidial_bristle_neuron,sensory,NA,right,acetylcholine,head,NA
head_tactile,720575941640177183,BM_InOm,bristle_neuron,interommatidial_bristle_neuron,sensory,NA,right,acetylcholine,head,NA
head_tactile,720575941630113762,BM_InOm,bristle_neuron,interommatidial_bristle_neuron,sensory,NA,right,acetylcholine,head,NA
head_tactile,720575941667547123,BM_InOm,bristle_neuron,interommatidial_bristle_neuron,sensory,NA,right,acetylcholine,head,NA
head_tactile,720575941465871702,BM_InOm,bristle_neuron,interommatidial_bristle_neuron,sensory,NA,right,acetylcholine,head,NA
head_tactile,720575941556754102,BM_InOm,bristle_neuron,interommatidial_bristle_neuron,sensory,NA,right,octopamine,head,NA
head_tactile,720575941556767414,BM_InOm,bristle_neuron,interommatidial_bristle_neuron,sensory,NA,right,acetylcholine,head,NA
head_tactile,720575941457878512,BM_InOm,bristle_neuron,interommatidial_bristle_neuron,sensory,NA,right,acetylcholine,head,NA
head_tactile,720575941625924234,BM_InOm,bristle_neuron,interommatidial_bristle_neuron,sensory,NA,right,acetylcholine,head,NA
head_tactile,720575941531044043,BM_InOm,bristle_neuron,interommatidial_bristle_neuron,sensory,NA,right,octopamine,head,NA
head_tactile,720575941556768950,BM_InOm,bristle_neuron,interommatidial_bristle_neuron,sensory,NA,right,acetylcholine,head,NA
head_tactile,720575941556769974,BM_InOm,bristle_neuron,interommatidial_bristle_neuron,sensory,NA,right,acetylcholine,head,NA
head_tactile,720575941444037802,BM_InOm,bristle_neuron,interommatidial_bristle_neuron,sensory,NA,right,acetylcholine,head,NA
head_tactile,720575941589507895,BM_InOm,bristle_neuron,interommatidial_bristle_neuron,sensory,NA,right,octopamine,head,NA
head_tactile,720575941482696122,BM_InOm,bristle_neuron,interommatidial_bristle_neuron,sensory,NA,right,acetylcholine,head,NA
head_tactile,720575941604110782,BM_InOm,bristle_neuron,interommatidial_bristle_neuron,sensory,NA,right,octopamine,head,NA
head_tactile,720575941580226905,BM_InOm,bristle_neuron,interommatidial_bristle_neuron,sensory,NA,right,acetylcholine,head,NA
head_tactile,720575941482834173,BM_InOm,bristle_neuron,interommatidial_bristle_neuron,sensory,NA,right,acetylcholine,head,NA
head_tactile,720575941514223683,BM_InOm,bristle_neuron,interommatidial_bristle_neuron,sensory,NA,right,acetylcholine,head,NA
head_tactile,720575941435054222,BM_InOm,bristle_neuron,interommatidial_bristle_neuron,sensory,NA,right,octopamine,head,NA
head_tactile,720575941401627427,BM_InOm,bristle_neuron,interommatidial_bristle_neuron,sensory,NA,right,acetylcholine,head,NA
head_tactile,720575941556773814,BM_InOm,bristle_neuron,interommatidial_bristle_neuron,sensory,NA,right,acetylcholine,head,NA
head_tactile,720575941628840486,BM_InOm,bristle_neuron,interommatidial_bristle_neuron,sensory,NA,right,octopamine,head,NA
head_tactile,720575941465821014,BM_InOm,bristle_neuron,interommatidial_bristle_neuron,sensory,NA,right,acetylcholine,head,NA
head_tactile,720575941596225905,BM_InOm,bristle_neuron,interommatidial_bristle_neuron,sensory,NA,right,acetylcholine,head,NA
head_tactile,720575941668051187,BM_InOm,bristle_neuron,interommatidial_bristle_neuron,sensory,NA,right,acetylcholine,head,NA
head_tactile,720575941589929726,BM_InOm,bristle_neuron,interommatidial_bristle_neuron,sensory,NA,right,acetylcholine,head,NA
head_tactile,720575941462153360,BM_InOm,bristle_neuron,interommatidial_bristle_neuron,sensory,NA,right,acetylcholine,head,NA
head_tactile,720575941535632906,BM_InOm,bristle_neuron,interommatidial_bristle_neuron,sensory,NA,right,histamine,head,NA
head_tactile,720575941723169338,BM_InOm,bristle_neuron,interommatidial_bristle_neuron,sensory,NA,right,octopamine,head,NA
head_tactile,720575941523861835,BM_InOm,bristle_neuron,interommatidial_bristle_neuron,sensory,NA,right,octopamine,head,NA
head_tactile,720575941579470837,BM_InOm,bristle_neuron,interommatidial_bristle_neuron,sensory,NA,right,glutamate,head,NA
head_tactile,720575941461535888,BM_InOm,bristle_neuron,interommatidial_bristle_neuron,sensory,NA,right,octopamine,head,NA
head_tactile,720575941564051602,BM_InOm,bristle_neuron,interommatidial_bristle_neuron,sensory,NA,right,acetylcholine,head,NA
head_tactile,720575941573659912,BM_InOm,bristle_neuron,interommatidial_bristle_neuron,sensory,NA,right,acetylcholine,head,NA
head_tactile,720575941477586538,BM_InOm,bristle_neuron,interommatidial_bristle_neuron,sensory,NA,right,acetylcholine,head,NA
head_tactile,720575941629700902,BM_InOm,bristle_neuron,interommatidial_bristle_neuron,sensory,NA,right,octopamine,head,NA
head_tactile,720575941564304226,BM_InOm,bristle_neuron,interommatidial_bristle_neuron,sensory,NA,right,acetylcholine,head,NA
head_tactile,720575941599587113,BM_InOm,bristle_neuron,interommatidial_bristle_neuron,sensory,NA,right,acetylcholine,head,NA
head_tactile,720575941688330614,BM_InOm,bristle_neuron,interommatidial_bristle_neuron,sensory,NA,right,octopamine,head,NA
head_tactile,720575941512898513,BM_InOm,bristle_neuron,interommatidial_bristle_neuron,sensory,NA,right,acetylcholine,head,NA
head_tactile,720575941473360736,BM_InOm,bristle_neuron,interommatidial_bristle_neuron,sensory,NA,right,acetylcholine,head,NA
head_tactile,720575941515121754,BM_InOm,bristle_neuron,interommatidial_bristle_neuron,sensory,NA,right,NA,head,NA
head_tactile,720575941574150152,BM_InOm,bristle_neuron,interommatidial_bristle_neuron,sensory,NA,right,histamine,head,NA
head_tactile,720575941503131627,BM_InOm,bristle_neuron,interommatidial_bristle_neuron,sensory,NA,right,acetylcholine,head,NA
head_tactile,720575941652487921,BM_InOm,bristle_neuron,interommatidial_bristle_neuron,sensory,NA,right,acetylcholine,head,NA
head_tactile,720575941507889502,BM_InOm,bristle_neuron,interommatidial_bristle_neuron,sensory,NA,right,acetylcholine,head,NA
head_tactile,720575941481522883,BM_InOm,bristle_neuron,interommatidial_bristle_neuron,sensory,NA,right,acetylcholine,head,NA
head_tactile,720575941580907641,BM_InOm,bristle_neuron,interommatidial_bristle_neuron,sensory,NA,right,acetylcholine,head,NA
head_tactile,720575941556788662,BM_InOm,bristle_neuron,interommatidial_bristle_neuron,sensory,NA,right,acetylcholine,head,NA
head_tactile,720575941541970205,BM_InOm,bristle_neuron,interommatidial_bristle_neuron,sensory,NA,right,acetylcholine,head,NA
head_tactile,720575941556789686,BM_InOm,bristle_neuron,interommatidial_bristle_neuron,sensory,NA,right,acetylcholine,head,NA
head_tactile,720575941722293050,BM_InOm,bristle_neuron,interommatidial_bristle_neuron,sensory,NA,right,acetylcholine,head,NA
head_tactile,720575941680809661,BM_InOm,bristle_neuron,interommatidial_bristle_neuron,sensory,NA,right,acetylcholine,head,NA
head_tactile,720575941687199983,BM_InOm,bristle_neuron,interommatidial_bristle_neuron,sensory,NA,right,octopamine,head,NA
head_tactile,720575941506143767,BM_InOm,bristle_neuron,interommatidial_bristle_neuron,sensory,NA,right,acetylcholine,head,NA
head_tactile,720575941556804022,BM_InOm,bristle_neuron,interommatidial_bristle_neuron,sensory,NA,right,acetylcholine,head,NA
head_tactile,720575941510101776,BM_InOm,bristle_neuron,interommatidial_bristle_neuron,sensory,NA,right,acetylcholine,head,NA
head_tactile,720575941430230191,BM_InOm,bristle_neuron,interommatidial_bristle_neuron,sensory,NA,right,acetylcholine,head,NA
head_tactile,720575941556805814,BM_InOm,bristle_neuron,interommatidial_bristle_neuron,sensory,NA,right,acetylcholine,head,NA
head_tactile,720575941538626290,BM_InOm,bristle_neuron,interommatidial_bristle_neuron,sensory,NA,right,acetylcholine,head,NA
head_tactile,720575941638909045,BM_InOm,bristle_neuron,interommatidial_bristle_neuron,sensory,NA,right,acetylcholine,head,NA
head_tactile,720575941510979538,BM_InOm,bristle_neuron,interommatidial_bristle_neuron,sensory,NA,right,acetylcholine,head,NA
head_tactile,720575941477722474,BM_InOm,bristle_neuron,interommatidial_bristle_neuron,sensory,NA,right,acetylcholine,head,NA
head_tactile,720575941556810934,BM_InOm,bristle_neuron,interommatidial_bristle_neuron,sensory,NA,right,acetylcholine,head,NA
head_tactile,720575941702200538,BM_InOm,bristle_neuron,interommatidial_bristle_neuron,sensory,NA,right,acetylcholine,head,NA
head_tactile,720575941632747168,BM_InOm,bristle_neuron,interommatidial_bristle_neuron,sensory,NA,right,acetylcholine,head,NA
head_tactile,720575941540223437,BM_InOm,bristle_neuron,interommatidial_bristle_neuron,sensory,NA,right,octopamine,head,NA
head_tactile,720575941534448472,BM_InOm,bristle_neuron,interommatidial_bristle_neuron,sensory,NA,right,acetylcholine,head,NA
head_tactile,720575941416282652,BM_InOm,bristle_neuron,interommatidial_bristle_neuron,sensory,NA,right,acetylcholine,head,NA
head_tactile,720575941577632089,BM_InOm,bristle_neuron,interommatidial_bristle_neuron,sensory,NA,right,acetylcholine,head,NA
head_tactile,720575941722249018,BM_InOm,bristle_neuron,interommatidial_bristle_neuron,sensory,NA,right,acetylcholine,head,NA
head_tactile,720575941460889540,BM_InOm,bristle_neuron,interommatidial_bristle_neuron,sensory,NA,right,acetylcholine,head,NA
head_tactile,720575941548576545,BM_InOm,bristle_neuron,interommatidial_bristle_neuron,sensory,NA,right,octopamine,head,NA
head_tactile,720575941476163889,BM_InOm,bristle_neuron,interommatidial_bristle_neuron,sensory,NA,right,acetylcholine,head,NA
head_tactile,720575941392131844,BM_InOm,bristle_neuron,interommatidial_bristle_neuron,sensory,NA,right,acetylcholine,head,NA
head_tactile,720575941577641561,BM_vOcci_vPoOr,bristle_neuron,postorbital_ventral_bristle_neuron,sensory,NA,right,acetylcholine,head,NA
head_tactile,720575941561159469,BM_InOm,bristle_neuron,interommatidial_bristle_neuron,sensory,NA,right,octopamine,head,NA
head_tactile,720575941413921681,BM_InOm,bristle_neuron,interommatidial_bristle_neuron,sensory,NA,right,acetylcholine,head,NA
head_tactile,720575941553558170,BM_InOm,bristle_neuron,interommatidial_bristle_neuron,sensory,NA,right,acetylcholine,head,NA
head_tactile,720575941554223770,BM_InOm,bristle_neuron,interommatidial_bristle_neuron,sensory,NA,left,gaba,head,NA
head_tactile,720575941494676606,BM_InOm,bristle_neuron,interommatidial_bristle_neuron,sensory,NA,left,gaba,head,NA
head_tactile,720575941546375785,BM_InOm,bristle_neuron,interommatidial_bristle_neuron,sensory,NA,left,NA,head,NA
head_tactile,720575941511269330,BM_InOm,bristle_neuron,interommatidial_bristle_neuron,sensory,NA,left,NA,head,NA
head_tactile,720575941536383258,BM_InOm,bristle_neuron,interommatidial_bristle_neuron,sensory,NA,left,gaba,head,NA
head_tactile,720575941595402454,BM_InOm,bristle_neuron,interommatidial_bristle_neuron,sensory,NA,left,octopamine,head,NA
head_tactile,720575941413578132,BM_InOm,bristle_neuron,interommatidial_bristle_neuron,sensory,NA,left,acetylcholine,head,NA
head_tactile,720575941558648889,BM_InOm,bristle_neuron,interommatidial_bristle_neuron,sensory,NA,left,NA,head,NA
head_tactile,720575941431402967,BM_InOm,bristle_neuron,interommatidial_bristle_neuron,sensory,NA,left,NA,head,NA
head_tactile,720575941560377971,BM_InOm,bristle_neuron,interommatidial_bristle_neuron,sensory,NA,left,gaba,head,NA
head_tactile,720575941564936967,BM_InOm,bristle_neuron,interommatidial_bristle_neuron,sensory,NA,left,gaba,head,NA
head_tactile,720575941555326180,BM_InOm,bristle_neuron,interommatidial_bristle_neuron,sensory,NA,left,acetylcholine,head,NA
head_tactile,720575941480369059,BM_InOm,bristle_neuron,interommatidial_bristle_neuron,sensory,NA,left,acetylcholine,head,NA
head_tactile,720575941510440976,BM_InOm,bristle_neuron,interommatidial_bristle_neuron,sensory,NA,left,gaba,head,NA
head_tactile,720575941554600019,BM_vOcci_vPoOr,bristle_neuron,postorbital_ventral_bristle_neuron,sensory,NA,left,NA,head,NA
head_tactile,720575941626152044,BM_vOcci_vPoOr,bristle_neuron,postorbital_ventral_bristle_neuron,sensory,NA,left,acetylcholine,head,NA
head_tactile,720575941440257877,BM_InOm,bristle_neuron,interommatidial_bristle_neuron,sensory,NA,left,NA,head,NA
head_tactile,720575941449808053,BM_InOm,bristle_neuron,interommatidial_bristle_neuron,sensory,NA,left,acetylcholine,head,NA
head_tactile,720575941485540493,BM_vOcci_vPoOr,bristle_neuron,postorbital_ventral_bristle_neuron,sensory,NA,right,acetylcholine,head,NA
head_tactile,720575941553554330,BM_InOm,bristle_neuron,interommatidial_bristle_neuron,sensory,NA,right,acetylcholine,head,NA
head_tactile,720575941534140082,BM_InOm,bristle_neuron,interommatidial_bristle_neuron,sensory,NA,left,NA,head,NA
head_tactile,720575941426772308,BM_InOm,bristle_neuron,interommatidial_bristle_neuron,sensory,NA,left,gaba,head,NA
head_tactile,720575941651697393,BM_InOm,bristle_neuron,interommatidial_bristle_neuron,sensory,NA,right,acetylcholine,head,NA
head_tactile,720575941535644954,BM_InOm,bristle_neuron,interommatidial_bristle_neuron,sensory,NA,right,acetylcholine,head,NA
head_tactile,720575941512900817,BM_InOm,bristle_neuron,interommatidial_bristle_neuron,sensory,NA,right,acetylcholine,head,NA
head_tactile,720575941560090669,BM_InOm,bristle_neuron,interommatidial_bristle_neuron,sensory,NA,right,octopamine,head,NA
head_tactile,720575941585000582,BM_InOm,bristle_neuron,interommatidial_bristle_neuron,sensory,NA,right,acetylcholine,head,NA
head_tactile,720575941586127838,BM_InOm,bristle_neuron,interommatidial_bristle_neuron,sensory,NA,right,acetylcholine,head,NA
head_tactile,720575941589916414,BM_InOm,bristle_neuron,interommatidial_bristle_neuron,sensory,NA,right,octopamine,head,NA
head_tactile,720575941557569316,BM_InOm,bristle_neuron,interommatidial_bristle_neuron,sensory,NA,right,acetylcholine,head,NA
head_tactile,720575941722271034,BM_InOm,bristle_neuron,interommatidial_bristle_neuron,sensory,NA,left,gaba,head,NA
head_tactile,720575941526116121,BM_InOm,bristle_neuron,interommatidial_bristle_neuron,sensory,NA,right,acetylcholine,head,NA
head_tactile,720575941559521139,BM_InOm,bristle_neuron,interommatidial_bristle_neuron,sensory,NA,right,acetylcholine,head,NA
head_tactile,720575941651408149,BM_vOcci_vPoOr,bristle_neuron,postorbital_ventral_bristle_neuron,sensory,NA,right,acetylcholine,head,NA
head_tactile,720575941564018530,BM_InOm,bristle_neuron,interommatidial_bristle_neuron,sensory,NA,right,acetylcholine,head,NA
head_tactile,720575941528684932,BM_InOm,bristle_neuron,interommatidial_bristle_neuron,sensory,NA,right,acetylcholine,head,NA
head_tactile,720575941594806821,BM_InOm,bristle_neuron,interommatidial_bristle_neuron,sensory,NA,right,acetylcholine,head,NA
head_tactile,720575941564480407,BM_InOm,bristle_neuron,interommatidial_bristle_neuron,sensory,NA,right,octopamine,head,NA
head_tactile,720575941413533076,BM_InOm,bristle_neuron,interommatidial_bristle_neuron,sensory,NA,right,acetylcholine,head,NA
head_tactile,720575941504744498,BM_InOm,bristle_neuron,interommatidial_bristle_neuron,sensory,NA,right,acetylcholine,head,NA
head_tactile,720575941564909622,BM_InOm,bristle_neuron,interommatidial_bristle_neuron,sensory,NA,right,acetylcholine,head,NA
head_tactile,720575941565344103,BM_InOm,bristle_neuron,interommatidial_bristle_neuron,sensory,NA,right,acetylcholine,head,NA
head_tactile,720575941628806438,BM_InOm,bristle_neuron,interommatidial_bristle_neuron,sensory,NA,right,acetylcholine,head,NA
head_tactile,720575941568167674,BM_InOm,bristle_neuron,interommatidial_bristle_neuron,sensory,NA,right,acetylcholine,head,NA
head_tactile,720575941432526039,BM_InOm,bristle_neuron,interommatidial_bristle_neuron,sensory,NA,right,acetylcholine,head,NA
head_tactile,720575941571900936,BM_InOm,bristle_neuron,interommatidial_bristle_neuron,sensory,NA,right,acetylcholine,head,NA
head_tactile,720575941571934024,BM_Fr,bristle_neuron,frontal_bristle_neuron,sensory,NA,right,acetylcholine,head,NA
head_tactile,720575941631155692,BM_InOm,bristle_neuron,interommatidial_bristle_neuron,sensory,NA,right,acetylcholine,head,NA
head_tactile,720575941526917657,BM_vOcci_vPoOr,bristle_neuron,postorbital_ventral_bristle_neuron,sensory,NA,left,octopamine,head,NA
head_tactile,720575941572939259,BM_InOm,bristle_neuron,interommatidial_bristle_neuron,sensory,NA,right,acetylcholine,head,NA
head_tactile,720575941619039871,BM_InOm,bristle_neuron,interommatidial_bristle_neuron,sensory,NA,right,octopamine,head,NA
head_tactile,720575941535703489,BM_InOm,bristle_neuron,interommatidial_bristle_neuron,sensory,NA,right,acetylcholine,head,NA
head_tactile,720575941604175038,BM_FrOr,bristle_neuron,frontoorbital_bristle_neuron,sensory,NA,right,acetylcholine,head,NA
head_tactile,720575941573485064,BM_InOm,bristle_neuron,interommatidial_bristle_neuron,sensory,NA,right,acetylcholine,head,NA
head_tactile,720575941612478428,BM_InOm,bristle_neuron,interommatidial_bristle_neuron,sensory,NA,right,octopamine,head,NA
head_tactile,720575941612456156,BM_InOm,bristle_neuron,interommatidial_bristle_neuron,sensory,NA,right,glutamate,head,NA
head_tactile,720575941510374866,BM_InOm,bristle_neuron,interommatidial_bristle_neuron,sensory,NA,left,acetylcholine,head,NA
head_tactile,720575941671201703,BM_InOm,bristle_neuron,interommatidial_bristle_neuron,sensory,NA,right,histamine,head,NA
head_tactile,720575941586700254,BM_Vib,bristle_neuron,vibrissa_bristle_neuron,sensory,NA,right,acetylcholine,head,NA
head_tactile,720575941415721500,BM_InOm,bristle_neuron,interommatidial_bristle_neuron,sensory,NA,right,acetylcholine,head,NA
head_tactile,720575941575321704,BM_InOm,bristle_neuron,interommatidial_bristle_neuron,sensory,NA,right,acetylcholine,head,NA
head_tactile,720575941592436776,BM_InOm,bristle_neuron,interommatidial_bristle_neuron,sensory,NA,right,acetylcholine,head,NA
head_tactile,720575941408139823,BM_InOm,bristle_neuron,interommatidial_bristle_neuron,sensory,NA,right,acetylcholine,head,NA
head_tactile,720575941599595049,BM_InOm,bristle_neuron,interommatidial_bristle_neuron,sensory,NA,right,acetylcholine,head,NA
head_tactile,720575941565633590,BM_vOcci_vPoOr,bristle_neuron,postorbital_ventral_bristle_neuron,sensory,NA,right,acetylcholine,head,NA
head_tactile,720575941576720936,BM_InOm,bristle_neuron,interommatidial_bristle_neuron,sensory,NA,right,acetylcholine,head,NA
head_tactile,720575941462830861,BM_InOm,bristle_neuron,interommatidial_bristle_neuron,sensory,NA,right,acetylcholine,head,NA
head_tactile,720575941456513773,BM_vOcci_vPoOr,bristle_neuron,postorbital_ventral_bristle_neuron,sensory,NA,right,acetylcholine,head,NA
head_tactile,720575941551633151,BM_InOm,bristle_neuron,interommatidial_bristle_neuron,sensory,NA,right,acetylcholine,head,NA
head_tactile,720575941507437858,BM_InOm,bristle_neuron,interommatidial_bristle_neuron,sensory,NA,right,acetylcholine,head,NA
head_tactile,720575941626101147,BM_Vib,bristle_neuron,vibrissa_bristle_neuron,sensory,NA,right,acetylcholine,head,NA
head_tactile,720575941654136281,BM_InOm,bristle_neuron,interommatidial_bristle_neuron,sensory,NA,right,acetylcholine,head,NA
head_tactile,720575941687744118,BM_InOm,bristle_neuron,interommatidial_bristle_neuron,sensory,NA,left,NA,head,NA
head_tactile,720575941611264614,BM_InOm,bristle_neuron,interommatidial_bristle_neuron,sensory,NA,left,gaba,head,NA
head_tactile,720575941556481444,BM_InOm,bristle_neuron,interommatidial_bristle_neuron,sensory,NA,left,NA,head,NA
head_tactile,720575941444563882,BM_InOm,bristle_neuron,interommatidial_bristle_neuron,sensory,NA,left,gaba,head,NA
head_tactile,720575941577672537,BM_InOm,bristle_neuron,interommatidial_bristle_neuron,sensory,NA,left,acetylcholine,head,NA
head_tactile,720575941433128974,BM_InOm,bristle_neuron,interommatidial_bristle_neuron,sensory,NA,left,NA,head,NA
head_tactile,720575941431053487,BM_InOm,bristle_neuron,interommatidial_bristle_neuron,sensory,NA,left,acetylcholine,head,NA
head_tactile,720575941545556329,BM_InOm,bristle_neuron,interommatidial_bristle_neuron,sensory,NA,right,acetylcholine,head,NA
head_tactile,720575941578375505,BM_InOm,bristle_neuron,interommatidial_bristle_neuron,sensory,NA,right,acetylcholine,head,NA
head_tactile,720575941612427228,BM_vOcci_vPoOr,bristle_neuron,postorbital_ventral_bristle_neuron,sensory,NA,left,serotonin,head,NA
head_tactile,720575941591065740,BM_InOm,bristle_neuron,interommatidial_bristle_neuron,sensory,NA,left,gaba,head,NA
head_tactile,720575941613505043,BM_InOm,bristle_neuron,interommatidial_bristle_neuron,sensory,NA,left,acetylcholine,head,NA
head_tactile,720575941507418462,BM_InOm,bristle_neuron,interommatidial_bristle_neuron,sensory,NA,left,acetylcholine,head,NA
head_tactile,720575941474564394,BM_InOm,bristle_neuron,interommatidial_bristle_neuron,sensory,NA,left,NA,head,NA
head_tactile,720575941657779224,BM_InOm,bristle_neuron,interommatidial_bristle_neuron,sensory,NA,right,acetylcholine,head,NA
head_tactile,720575941594012886,BM_vOcci_vPoOr,bristle_neuron,postorbital_ventral_bristle_neuron,sensory,NA,left,NA,head,NA
head_tactile,720575941643170898,BM_InOm,bristle_neuron,interommatidial_bristle_neuron,sensory,NA,left,gaba,head,NA
head_tactile,720575941632263072,BM_InOm,bristle_neuron,interommatidial_bristle_neuron,sensory,NA,left,gaba,head,NA
head_tactile,720575941658886736,BM_InOm,bristle_neuron,interommatidial_bristle_neuron,sensory,NA,left,NA,head,NA
head_tactile,720575941681435325,BM_InOm,bristle_neuron,interommatidial_bristle_neuron,sensory,NA,left,NA,head,NA
head_tactile,720575941499412130,BM_InOm,bristle_neuron,interommatidial_bristle_neuron,sensory,NA,right,acetylcholine,head,NA
head_tactile,720575941474477627,BM_InOm,bristle_neuron,interommatidial_bristle_neuron,sensory,NA,left,NA,head,NA
head_tactile,720575941599543593,BM_InOm,bristle_neuron,interommatidial_bristle_neuron,sensory,NA,left,acetylcholine,head,NA
head_tactile,720575941532301029,BM_InOm,bristle_neuron,interommatidial_bristle_neuron,sensory,NA,left,acetylcholine,head,NA
head_tactile,720575941480626818,BM_InOm,bristle_neuron,interommatidial_bristle_neuron,sensory,NA,left,gaba,head,NA
head_tactile,720575941585469662,BM_InOm,bristle_neuron,interommatidial_bristle_neuron,sensory,NA,left,octopamine,head,NA
head_tactile,720575941645360840,BM_vOcci_vPoOr,bristle_neuron,postorbital_ventral_bristle_neuron,sensory,NA,right,octopamine,head,NA
head_tactile,720575941528969912,BM_InOm,bristle_neuron,interommatidial_bristle_neuron,sensory,NA,left,NA,head,NA
head_tactile,720575941414701201,BM_InOm,bristle_neuron,interommatidial_bristle_neuron,sensory,NA,left,acetylcholine,head,NA
head_tactile,720575941722247482,BM_InOm,bristle_neuron,interommatidial_bristle_neuron,sensory,NA,left,acetylcholine,head,NA
head_tactile,720575941434554510,BM_InOm,bristle_neuron,interommatidial_bristle_neuron,sensory,NA,left,acetylcholine,head,NA
head_tactile,720575941563981458,BM_InOm,bristle_neuron,interommatidial_bristle_neuron,sensory,NA,left,octopamine,head,NA
head_tactile,720575941537210851,BM_vOcci_vPoOr,bristle_neuron,postorbital_ventral_bristle_neuron,sensory,NA,left,NA,head,NA
head_tactile,720575941520104119,BM_InOm,bristle_neuron,interommatidial_bristle_neuron,sensory,NA,left,gaba,head,NA
head_tactile,720575941517874860,BM_InOm,bristle_neuron,interommatidial_bristle_neuron,sensory,NA,left,acetylcholine,head,NA
head_tactile,720575941515667290,BM_vOcci_vPoOr,bristle_neuron,postorbital_ventral_bristle_neuron,sensory,NA,left,gaba,head,NA
head_tactile,720575941517914284,BM_vOcci_vPoOr,bristle_neuron,postorbital_ventral_bristle_neuron,sensory,NA,left,gaba,head,NA
head_tactile,720575941590644734,BM_InOm,bristle_neuron,interommatidial_bristle_neuron,sensory,NA,left,NA,head,NA
head_tactile,720575941632269216,BM_vOcci_vPoOr,bristle_neuron,postorbital_ventral_bristle_neuron,sensory,NA,left,octopamine,head,NA
head_tactile,720575941645791944,BM_InOm,bristle_neuron,interommatidial_bristle_neuron,sensory,NA,left,gaba,head,NA
head_tactile,720575941415687708,BM_InOm,bristle_neuron,interommatidial_bristle_neuron,sensory,NA,left,gaba,head,NA
head_tactile,720575941564310272,BM_InOm,bristle_neuron,interommatidial_bristle_neuron,sensory,NA,left,gaba,head,NA
head_tactile,720575941577613145,BM_vOcci_vPoOr,bristle_neuron,postorbital_ventral_bristle_neuron,sensory,NA,left,serotonin,head,NA
head_tactile,720575941574662045,BM_vOcci_vPoOr,bristle_neuron,postorbital_ventral_bristle_neuron,sensory,NA,left,NA,head,NA
head_tactile,720575941471721280,BM_InOm,bristle_neuron,interommatidial_bristle_neuron,sensory,NA,left,gaba,head,NA
head_tactile,720575941528883332,BM_InOm,bristle_neuron,interommatidial_bristle_neuron,sensory,NA,left,acetylcholine,head,NA
head_tactile,720575941578264153,BM_vOcci_vPoOr,bristle_neuron,postorbital_ventral_bristle_neuron,sensory,NA,left,gaba,head,NA
head_tactile,720575941611013962,BM_vOcci_vPoOr,bristle_neuron,postorbital_ventral_bristle_neuron,sensory,NA,left,gaba,head,NA
head_tactile,720575941535584778,BM_InOm,bristle_neuron,interommatidial_bristle_neuron,sensory,NA,left,gaba,head,NA
head_tactile,720575941537347299,BM_InOm,bristle_neuron,interommatidial_bristle_neuron,sensory,NA,left,NA,head,NA
head_tactile,720575941414702225,BM_InOm,bristle_neuron,interommatidial_bristle_neuron,sensory,NA,left,acetylcholine,head,NA
head_tactile,720575941544613125,BM_vOcci_vPoOr,bristle_neuron,postorbital_ventral_bristle_neuron,sensory,NA,left,acetylcholine,head,NA
head_tactile,720575941447006740,BM_vOcci_vPoOr,bristle_neuron,postorbital_ventral_bristle_neuron,sensory,NA,left,gaba,head,NA
head_tactile,720575941515866259,BM_InOm,bristle_neuron,interommatidial_bristle_neuron,sensory,NA,left,gaba,head,NA
head_tactile,720575941515677177,BM_vOcci_vPoOr,bristle_neuron,postorbital_ventral_bristle_neuron,sensory,NA,left,gaba,head,NA
head_tactile,720575941625563338,BM_vOcci_vPoOr,bristle_neuron,postorbital_ventral_bristle_neuron,sensory,NA,left,gaba,head,NA
head_tactile,720575941449684814,BM_InOm,bristle_neuron,interommatidial_bristle_neuron,sensory,NA,left,NA,head,NA
head_tactile,720575941511020754,BM_vOcci_vPoOr,bristle_neuron,postorbital_ventral_bristle_neuron,sensory,NA,left,NA,head,NA
head_tactile,720575941539938941,BM_vOcci_vPoOr,bristle_neuron,postorbital_ventral_bristle_neuron,sensory,NA,left,gaba,head,NA
head_tactile,720575941469535197,BM_InOm,bristle_neuron,interommatidial_bristle_neuron,sensory,NA,left,gaba,head,NA
head_tactile,720575941440333247,BM_vOcci_vPoOr,bristle_neuron,postorbital_ventral_bristle_neuron,sensory,NA,left,acetylcholine,head,NA
head_tactile,720575941492368048,BM_InOm,bristle_neuron,interommatidial_bristle_neuron,sensory,NA,left,acetylcholine,head,NA
head_tactile,720575941512930892,BM_vOcci_vPoOr,bristle_neuron,postorbital_ventral_bristle_neuron,sensory,NA,left,NA,head,NA
head_tactile,720575941604349686,BM_InOm,bristle_neuron,interommatidial_bristle_neuron,sensory,NA,left,gaba,head,NA
head_tactile,720575941555995108,BM_InOm,bristle_neuron,interommatidial_bristle_neuron,sensory,NA,left,gaba,head,NA
head_tactile,720575941526752793,BM_vOcci_vPoOr,bristle_neuron,postorbital_ventral_bristle_neuron,sensory,NA,left,gaba,head,NA
head_tactile,720575941579841470,BM_InOm,bristle_neuron,interommatidial_bristle_neuron,sensory,NA,left,NA,head,NA
head_tactile,720575941628813350,BM_InOm,bristle_neuron,interommatidial_bristle_neuron,sensory,NA,left,gaba,head,NA
head_tactile,720575941577676633,BM_vOcci_vPoOr,bristle_neuron,postorbital_ventral_bristle_neuron,sensory,NA,left,gaba,head,NA
head_tactile,720575941471982400,BM_vOcci_vPoOr,bristle_neuron,postorbital_ventral_bristle_neuron,sensory,NA,left,gaba,head,NA
head_tactile,720575941612452060,BM_vOcci_vPoOr,bristle_neuron,postorbital_ventral_bristle_neuron,sensory,NA,left,NA,head,NA
head_tactile,720575941528999352,BM_vOcci_vPoOr,bristle_neuron,postorbital_ventral_bristle_neuron,sensory,NA,left,acetylcholine,head,NA
head_tactile,720575941440324799,BM_vOcci_vPoOr,bristle_neuron,postorbital_ventral_bristle_neuron,sensory,NA,left,NA,head,NA
head_tactile,720575941579391825,BM_InOm,bristle_neuron,interommatidial_bristle_neuron,sensory,NA,left,NA,head,NA
head_tactile,720575941579858878,BM_vOcci_vPoOr,bristle_neuron,postorbital_ventral_bristle_neuron,sensory,NA,left,NA,head,NA
head_tactile,720575941489507637,BM_vOcci_vPoOr,bristle_neuron,postorbital_ventral_bristle_neuron,sensory,NA,left,gaba,head,NA
head_tactile,720575941493058736,BM_vOcci_vPoOr,bristle_neuron,postorbital_ventral_bristle_neuron,sensory,NA,left,gaba,head,NA
head_tactile,720575941578889205,BM_InOm,bristle_neuron,interommatidial_bristle_neuron,sensory,NA,left,histamine,head,NA
head_tactile,720575941460728772,BM_InOm,bristle_neuron,interommatidial_bristle_neuron,sensory,NA,left,gaba,head,NA
head_tactile,720575941439370559,BM_InOm,bristle_neuron,interommatidial_bristle_neuron,sensory,NA,left,acetylcholine,head,NA
head_tactile,720575941467087446,BM_InOm,bristle_neuron,interommatidial_bristle_neuron,sensory,NA,left,acetylcholine,head,NA
head_tactile,720575941526524516,BM_InOm,bristle_neuron,interommatidial_bristle_neuron,sensory,NA,left,acetylcholine,head,NA
head_tactile,720575941491081417,BM_vOcci_vPoOr,bristle_neuron,postorbital_ventral_bristle_neuron,sensory,NA,left,octopamine,head,NA
head_tactile,720575941671361703,BM_InOm,bristle_neuron,postorbital_ventral_bristle_neuron,sensory,NA,left,octopamine,head,NA
head_tactile,720575941687643631,BM_InOm,bristle_neuron,interommatidial_bristle_neuron,sensory,NA,left,gaba,head,NA
head_tactile,720575941490990030,BM_InOm,bristle_neuron,interommatidial_bristle_neuron,sensory,NA,left,NA,head,NA
head_tactile,720575941551110399,BM_vOcci_vPoOr,bristle_neuron,postorbital_ventral_bristle_neuron,sensory,NA,left,gaba,head,NA
head_tactile,720575941441805775,BM_vOcci_vPoOr,bristle_neuron,postorbital_ventral_bristle_neuron,sensory,NA,left,gaba,head,NA
head_tactile,720575941668929969,BM_InOm,bristle_neuron,interommatidial_bristle_neuron,sensory,NA,left,acetylcholine,head,NA
head_tactile,720575941591029644,BM_vOcci_vPoOr,bristle_neuron,postorbital_ventral_bristle_neuron,sensory,NA,left,octopamine,head,NA
head_tactile,720575941495820160,BM_vOcci_vPoOr,bristle_neuron,postorbital_ventral_bristle_neuron,sensory,NA,left,octopamine,head,NA
head_tactile,720575941575370639,BM_InOm,bristle_neuron,interommatidial_bristle_neuron,sensory,NA,left,acetylcholine,head,NA
head_tactile,720575941462336656,BM_InOm,bristle_neuron,interommatidial_bristle_neuron,sensory,NA,left,gaba,head,NA
head_tactile,720575941631365090,BM_vOcci_vPoOr,bristle_neuron,postorbital_ventral_bristle_neuron,sensory,NA,left,NA,head,NA
head_tactile,720575941589913854,BM_vOcci_vPoOr,bristle_neuron,postorbital_ventral_bristle_neuron,sensory,NA,left,NA,head,NA
head_tactile,720575941585737094,BM_InOm,bristle_neuron,interommatidial_bristle_neuron,sensory,NA,left,gaba,head,NA
head_tactile,720575941490996942,BM_vOcci_vPoOr,bristle_neuron,postorbital_ventral_bristle_neuron,sensory,NA,left,gaba,head,NA
head_tactile,720575941556453028,BM_InOm,bristle_neuron,interommatidial_bristle_neuron,sensory,NA,left,acetylcholine,head,NA
head_tactile,720575941439428927,BM_InOm,bristle_neuron,interommatidial_bristle_neuron,sensory,NA,left,NA,head,NA
head_tactile,720575941498793185,BM_vOcci_vPoOr,bristle_neuron,postorbital_ventral_bristle_neuron,sensory,NA,left,NA,head,NA
head_tactile,720575941524268875,BM_InOm,bristle_neuron,interommatidial_bristle_neuron,sensory,NA,left,histamine,head,NA
head_tactile,720575941579997886,BM_InOm,bristle_neuron,interommatidial_bristle_neuron,sensory,NA,left,NA,head,NA
head_tactile,720575941549838196,BM_InOm,bristle_neuron,interommatidial_bristle_neuron,sensory,NA,left,acetylcholine,head,NA
head_tactile,720575941413961361,BM_vOcci_vPoOr,bristle_neuron,postorbital_ventral_bristle_neuron,sensory,NA,left,gaba,head,NA
head_tactile,720575941555289089,BM_InOm,bristle_neuron,interommatidial_bristle_neuron,sensory,NA,left,acetylcholine,head,NA
head_tactile,720575941562280104,BM_InOm,bristle_neuron,interommatidial_bristle_neuron,sensory,NA,left,gaba,head,NA
head_tactile,720575941625845898,BM_InOm,bristle_neuron,interommatidial_bristle_neuron,sensory,NA,left,gaba,head,NA
head_tactile,720575941447644948,BM_InOm,bristle_neuron,interommatidial_bristle_neuron,sensory,NA,left,gaba,head,NA
head_tactile,720575941549518113,BM_InOm,bristle_neuron,interommatidial_bristle_neuron,sensory,NA,left,acetylcholine,head,NA
head_tactile,720575941559494003,BM_InOm,bristle_neuron,interommatidial_bristle_neuron,sensory,NA,left,acetylcholine,head,NA
head_tactile,720575941594623702,BM_InOm,bristle_neuron,interommatidial_bristle_neuron,sensory,NA,left,NA,head,NA
head_tactile,720575941438275602,BM_InOm,bristle_neuron,interommatidial_bristle_neuron,sensory,NA,left,acetylcholine,head,NA
head_tactile,720575941515782746,BM_InOm,bristle_neuron,interommatidial_bristle_neuron,sensory,NA,left,gaba,head,NA
head_tactile,720575941625800300,BM_vOcci_vPoOr,bristle_neuron,postorbital_ventral_bristle_neuron,sensory,NA,left,gaba,head,NA
head_tactile,720575941580903289,BM_InOm,bristle_neuron,interommatidial_bristle_neuron,sensory,NA,left,gaba,head,NA
head_tactile,720575941580328638,BM_InOm,bristle_neuron,interommatidial_bristle_neuron,sensory,NA,left,NA,head,NA
head_tactile,720575941436479008,BM_vOcci_vPoOr,bristle_neuron,postorbital_ventral_bristle_neuron,sensory,NA,left,NA,head,NA
head_tactile,720575941658191640,BM_InOm,bristle_neuron,interommatidial_bristle_neuron,sensory,NA,left,gaba,head,NA
head_tactile,720575941480274562,BM_vOcci_vPoOr,bristle_neuron,postorbital_ventral_bristle_neuron,sensory,NA,left,gaba,head,NA
head_tactile,720575941437592594,BM_InOm,bristle_neuron,interommatidial_bristle_neuron,sensory,NA,left,NA,head,NA
head_tactile,720575941413588116,BM_InOm,bristle_neuron,interommatidial_bristle_neuron,sensory,NA,left,acetylcholine,head,NA
head_tactile,720575941460302291,BM_vOcci_vPoOr,bristle_neuron,postorbital_ventral_bristle_neuron,sensory,NA,left,gaba,head,NA
head_tactile,720575941556056292,BM_InOm,bristle_neuron,interommatidial_bristle_neuron,sensory,NA,left,gaba,head,NA
head_tactile,720575941507443294,BM_InOm,bristle_neuron,interommatidial_bristle_neuron,sensory,NA,right,octopamine,head,NA
head_tactile,720575941612493532,BM_InOm,bristle_neuron,interommatidial_bristle_neuron,sensory,NA,right,acetylcholine,head,NA
head_tactile,720575941526408194,BM_vOcci_vPoOr,bristle_neuron,postorbital_ventral_bristle_neuron,sensory,NA,left,acetylcholine,head,NA
head_tactile,720575941580700606,BM_InOm,bristle_neuron,interommatidial_bristle_neuron,sensory,NA,left,acetylcholine,head,NA
head_tactile,720575941553474695,BM_InOm,bristle_neuron,interommatidial_bristle_neuron,sensory,NA,left,gaba,head,NA
head_tactile,720575941581547641,BM_InOm,bristle_neuron,interommatidial_bristle_neuron,sensory,NA,left,NA,head,NA
head_tactile,720575941435014944,BM_InOm,bristle_neuron,interommatidial_bristle_neuron,sensory,NA,left,acetylcholine,head,NA
head_tactile,720575941611266918,BM_InOm,bristle_neuron,interommatidial_bristle_neuron,sensory,NA,left,acetylcholine,head,NA
head_tactile,720575941391964932,BM_InOm,bristle_neuron,interommatidial_bristle_neuron,sensory,NA,left,NA,head,NA
head_tactile,720575941431804375,BM_vOcci_vPoOr,bristle_neuron,postorbital_ventral_bristle_neuron,sensory,NA,left,glutamate,head,NA
head_tactile,720575941490777575,BM_InOm,bristle_neuron,interommatidial_bristle_neuron,sensory,NA,left,gaba,head,NA
head_tactile,720575941551684414,BM_InOm,bristle_neuron,interommatidial_bristle_neuron,sensory,NA,left,octopamine,head,NA
head_tactile,720575941480711843,BM_InOm,bristle_neuron,interommatidial_bristle_neuron,sensory,NA,left,histamine,head,NA
head_tactile,720575941658618704,BM_InOm,bristle_neuron,interommatidial_bristle_neuron,sensory,NA,left,gaba,head,NA
head_tactile,720575941515534585,BM_InOm,bristle_neuron,interommatidial_bristle_neuron,sensory,NA,left,octopamine,head,NA
head_tactile,720575941498963937,BM_InOm,bristle_neuron,interommatidial_bristle_neuron,sensory,NA,left,gaba,head,NA
head_tactile,720575941544889093,BM_InOm,bristle_neuron,interommatidial_bristle_neuron,sensory,NA,left,gaba,head,NA
head_tactile,720575941526689026,BM_InOm,bristle_neuron,interommatidial_bristle_neuron,sensory,NA,left,NA,head,NA
head_tactile,720575941534740658,BM_InOm,bristle_neuron,interommatidial_bristle_neuron,sensory,NA,left,acetylcholine,head,NA
head_tactile,720575941687630348,BM_InOm,bristle_neuron,interommatidial_bristle_neuron,sensory,NA,left,NA,head,NA
head_tactile,720575941530941131,BM_InOm,bristle_neuron,interommatidial_bristle_neuron,sensory,NA,right,acetylcholine,head,NA
head_tactile,720575941574230280,BM_InOm,bristle_neuron,interommatidial_bristle_neuron,sensory,NA,right,octopamine,head,NA
head_tactile,720575941352534576,BM_InOm,bristle_neuron,interommatidial_bristle_neuron,sensory,NA,right,acetylcholine,head,NA
head_tactile,720575941574230792,BM_InOm,bristle_neuron,interommatidial_bristle_neuron,sensory,NA,right,acetylcholine,head,NA
head_tactile,720575941586617536,BM_InOm,bristle_neuron,interommatidial_bristle_neuron,sensory,NA,right,NA,head,NA
head_tactile,720575941586691396,BM_InOm,bristle_neuron,interommatidial_bristle_neuron,sensory,NA,left,octopamine,head,NA
head_tactile,720575941571551902,BM_InOm,bristle_neuron,interommatidial_bristle_neuron,sensory,NA,left,gaba,head,NA
head_tactile,720575941623311612,BM_Fr,bristle_neuron,frontal_bristle_neuron,sensory,NA,right,acetylcholine,head,NA
head_tactile,720575941573887497,BM_vOcci_vPoOr,bristle_neuron,postorbital_ventral_bristle_neuron,sensory,NA,left,octopamine,head,NA
head_tactile,720575941413894289,BM_InOm,bristle_neuron,interommatidial_bristle_neuron,sensory,NA,right,acetylcholine,head,NA
head_tactile,720575941587866692,BM_InOm,bristle_neuron,interommatidial_bristle_neuron,sensory,NA,right,octopamine,head,NA
head_tactile,720575941486489350,BM_InOm,bristle_neuron,interommatidial_bristle_neuron,sensory,NA,right,octopamine,head,NA
head_tactile,720575941533072771,BM_InOm,bristle_neuron,interommatidial_bristle_neuron,sensory,NA,right,acetylcholine,head,NA
head_tactile,720575941652238065,BM_InOm,bristle_neuron,interommatidial_bristle_neuron,sensory,NA,left,gaba,head,NA
head_tactile,720575941510571536,BM_InOm,bristle_neuron,interommatidial_bristle_neuron,sensory,NA,right,acetylcholine,head,NA
head_tactile,720575941594750934,BM_InOm,bristle_neuron,interommatidial_bristle_neuron,sensory,NA,right,octopamine,head,NA
head_tactile,720575941585478110,BM_InOm,bristle_neuron,interommatidial_bristle_neuron,sensory,NA,left,NA,head,NA
head_tactile,720575941574348701,BM_InOm,bristle_neuron,interommatidial_bristle_neuron,sensory,NA,right,acetylcholine,head,NA
head_tactile,720575941526117913,BM_InOm,bristle_neuron,interommatidial_bristle_neuron,sensory,NA,left,gaba,head,NA
head_tactile,720575941508221569,BM_InOm,bristle_neuron,interommatidial_bristle_neuron,sensory,NA,right,acetylcholine,head,NA
head_tactile,720575941639643167,BM_InOm,bristle_neuron,interommatidial_bristle_neuron,sensory,NA,right,acetylcholine,head,NA
head_tactile,720575941592269931,BM_InOm,bristle_neuron,interommatidial_bristle_neuron,sensory,NA,right,acetylcholine,head,NA
head_tactile,720575941453990963,BM_InOm,bristle_neuron,interommatidial_bristle_neuron,sensory,NA,right,acetylcholine,head,NA
head_tactile,720575941502492555,BM_InOm,bristle_neuron,interommatidial_bristle_neuron,sensory,NA,left,serotonin,head,NA
head_tactile,720575941438854674,BM_InOm,bristle_neuron,interommatidial_bristle_neuron,sensory,NA,left,gaba,head,NA
head_tactile,720575941655266260,BM_vOcci_vPoOr,bristle_neuron,postorbital_ventral_bristle_neuron,sensory,NA,left,acetylcholine,head,NA
head_tactile,720575941644871288,BM_InOm,bristle_neuron,interommatidial_bristle_neuron,sensory,NA,left,gaba,head,NA
head_tactile,720575941563234706,BM_InOm,bristle_neuron,interommatidial_bristle_neuron,sensory,NA,left,gaba,head,NA
head_tactile,720575941573869065,BM_InOm,bristle_neuron,interommatidial_bristle_neuron,sensory,NA,left,octopamine,head,NA
head_tactile,720575941411766639,BM_InOm,bristle_neuron,interommatidial_bristle_neuron,sensory,NA,left,gaba,head,NA
head_tactile,720575941413590932,BM_vOcci_vPoOr,bristle_neuron,postorbital_ventral_bristle_neuron,sensory,NA,left,acetylcholine,head,NA
head_tactile,720575941690757851,BM_InOm,bristle_neuron,interommatidial_bristle_neuron,sensory,NA,left,acetylcholine,head,NA
head_tactile,720575941466637846,BM_vOcci_vPoOr,bristle_neuron,postorbital_ventral_bristle_neuron,sensory,NA,left,gaba,head,NA
head_tactile,720575941526525773,BM_InOm,bristle_neuron,interommatidial_bristle_neuron,sensory,NA,left,gaba,head,NA
head_tactile,720575941510981586,BM_InOm,bristle_neuron,interommatidial_bristle_neuron,sensory,NA,left,acetylcholine,head,NA
head_tactile,720575941474566698,BM_InOm,bristle_neuron,interommatidial_bristle_neuron,sensory,NA,left,gaba,head,NA
head_tactile,720575941408034863,BM_Vib,bristle_neuron,vibrissa_bristle_neuron,sensory,NA,left,acetylcholine,head,NA
head_tactile,720575941656459476,BM_InOm,bristle_neuron,interommatidial_bristle_neuron,sensory,NA,right,acetylcholine,head,NA
head_tactile,720575941413956497,BM_InOm,bristle_neuron,interommatidial_bristle_neuron,sensory,NA,right,octopamine,head,NA
head_tactile,720575941593698774,BM_InOm,bristle_neuron,interommatidial_bristle_neuron,sensory,NA,right,octopamine,head,NA
head_tactile,720575941594018853,BM_InOm,bristle_neuron,interommatidial_bristle_neuron,sensory,NA,right,acetylcholine,head,NA
head_tactile,720575941688845686,BM_InOm,bristle_neuron,interommatidial_bristle_neuron,sensory,NA,right,acetylcholine,head,NA
head_tactile,720575941534720946,BM_InOm,bristle_neuron,interommatidial_bristle_neuron,sensory,NA,right,acetylcholine,head,NA
head_tactile,720575941667492339,BM_InOm,bristle_neuron,interommatidial_bristle_neuron,sensory,NA,right,NA,head,NA
head_tactile,720575941631997164,BM_InOm,bristle_neuron,interommatidial_bristle_neuron,sensory,NA,right,histamine,head,NA
head_tactile,720575941466481430,BM_InOm,bristle_neuron,interommatidial_bristle_neuron,sensory,NA,right,acetylcholine,head,NA
head_tactile,720575941514255683,BM_InOm,bristle_neuron,interommatidial_bristle_neuron,sensory,NA,right,acetylcholine,head,NA
head_tactile,720575941518302424,BM_InOc,bristle_neuron,interocellar_bristle_neuron,sensory,NA,left,acetylcholine,head,NA
head_tactile,720575941490062133,BM_InOm,bristle_neuron,interommatidial_bristle_neuron,sensory,NA,right,acetylcholine,head,NA
head_tactile,720575941595358341,BM_InOm,bristle_neuron,interommatidial_bristle_neuron,sensory,NA,right,acetylcholine,head,NA
head_tactile,720575941595562470,BM_InOm,bristle_neuron,interommatidial_bristle_neuron,sensory,NA,left,gaba,head,NA
head_tactile,720575941576169576,BM_InOm,bristle_neuron,interommatidial_bristle_neuron,sensory,NA,left,NA,head,NA
head_tactile,720575941480210255,BM_InOm,bristle_neuron,interommatidial_bristle_neuron,sensory,NA,left,acetylcholine,head,NA
head_tactile,720575941590401164,BM_dPoOr,bristle_neuron,postorbital_dorsal_bristle_neuron,sensory,NA,left,acetylcholine,head,NA
head_tactile,720575941568183086,BM_InOm,bristle_neuron,interommatidial_bristle_neuron,sensory,NA,left,acetylcholine,head,NA
head_tactile,720575941613507548,BM_Vib,bristle_neuron,vibrissa_bristle_neuron,sensory,NA,left,acetylcholine,head,NA
head_tactile,720575941558096676,BM_InOm,bristle_neuron,interommatidial_bristle_neuron,sensory,NA,right,octopamine,head,NA
head_tactile,720575941530456011,BM_InOm,bristle_neuron,interommatidial_bristle_neuron,sensory,NA,right,glutamate,head,NA
head_tactile,720575941446922260,BM_InOm,bristle_neuron,interommatidial_bristle_neuron,sensory,NA,right,acetylcholine,head,NA
head_tactile,720575941611535178,BM_InOm,bristle_neuron,interommatidial_bristle_neuron,sensory,NA,left,acetylcholine,head,NA
head_tactile,720575941526121497,BM_vOcci_vPoOr,bristle_neuron,postorbital_ventral_bristle_neuron,sensory,NA,left,gaba,head,NA
head_tactile,720575941614443417,BM_InOm,bristle_neuron,interommatidial_bristle_neuron,sensory,NA,left,gaba,head,NA
head_tactile,720575941526118937,BM_InOm,bristle_neuron,interommatidial_bristle_neuron,sensory,NA,right,octopamine,head,NA
head_tactile,720575941452397737,BM_InOm,bristle_neuron,interommatidial_bristle_neuron,sensory,NA,right,octopamine,head,NA
head_tactile,720575941514218563,BM_InOm,bristle_neuron,interommatidial_bristle_neuron,sensory,NA,right,octopamine,head,NA
head_tactile,720575941590400254,BM_InOm,bristle_neuron,interommatidial_bristle_neuron,sensory,NA,right,acetylcholine,head,NA
head_tactile,720575941606392685,BM_InOm,bristle_neuron,interommatidial_bristle_neuron,sensory,NA,right,glutamate,head,NA
head_tactile,720575941689998744,BM_InOm,bristle_neuron,interommatidial_bristle_neuron,sensory,NA,right,acetylcholine,head,NA
head_tactile,720575941506925591,BM_vOcci_vPoOr,bristle_neuron,postorbital_ventral_bristle_neuron,sensory,NA,left,histamine,head,NA
head_tactile,720575941526621209,BM_InOm,bristle_neuron,interommatidial_bristle_neuron,sensory,NA,left,NA,head,NA
head_tactile,720575941538726293,BM_InOm,bristle_neuron,interommatidial_bristle_neuron,sensory,NA,left,gaba,head,NA
head_tactile,720575941513770316,BM_vOcci_vPoOr,bristle_neuron,postorbital_ventral_bristle_neuron,sensory,NA,left,gaba,head,NA
head_tactile,720575941614253331,BM_InOm,bristle_neuron,interommatidial_bristle_neuron,sensory,NA,left,gaba,head,NA
head_tactile,720575941595608869,BM_InOm,bristle_neuron,interommatidial_bristle_neuron,sensory,NA,left,NA,head,NA
head_tactile,720575941565938839,BM_InOm,bristle_neuron,interommatidial_bristle_neuron,sensory,NA,left,octopamine,head,NA
head_tactile,720575941475416891,BM_InOm,bristle_neuron,interommatidial_bristle_neuron,sensory,NA,left,NA,head,NA
head_tactile,720575941549802557,BM_InOm,bristle_neuron,interommatidial_bristle_neuron,sensory,NA,right,octopamine,head,NA
head_tactile,720575941644402632,BM_InOm,bristle_neuron,interommatidial_bristle_neuron,sensory,NA,right,acetylcholine,head,NA
head_tactile,720575941625313162,BM_InOm,bristle_neuron,interommatidial_bristle_neuron,sensory,NA,right,acetylcholine,head,NA
head_tactile,720575941520119223,BM_InOm,bristle_neuron,interommatidial_bristle_neuron,sensory,NA,right,acetylcholine,head,NA
head_tactile,720575941610780006,BM_Fr,bristle_neuron,frontal_bristle_neuron,sensory,NA,right,acetylcholine,head,NA
head_tactile,720575941479509634,BM_InOm,bristle_neuron,interommatidial_bristle_neuron,sensory,NA,right,acetylcholine,head,NA
head_tactile,720575941414293652,BM_InOm,bristle_neuron,interommatidial_bristle_neuron,sensory,NA,right,octopamine,head,NA
head_tactile,720575941610946406,BM_InOm,bristle_neuron,interommatidial_bristle_neuron,sensory,NA,right,octopamine,head,NA
head_tactile,720575941469593309,BM_vOcci_vPoOr,bristle_neuron,postorbital_ventral_bristle_neuron,sensory,NA,left,octopamine,head,NA
head_tactile,720575941462226643,BM_InOm,bristle_neuron,interommatidial_bristle_neuron,sensory,NA,right,acetylcholine,head,NA
head_tactile,720575941598044828,BM_InOm,bristle_neuron,interommatidial_bristle_neuron,sensory,NA,right,octopamine,head,NA
head_tactile,720575941470823799,BM_vOcci_vPoOr,bristle_neuron,postorbital_ventral_bristle_neuron,sensory,NA,left,gaba,head,NA
head_tactile,720575941507434334,BM_InOm,bristle_neuron,interommatidial_bristle_neuron,sensory,NA,right,octopamine,head,NA
head_tactile,720575941498712905,BM_InOm,bristle_neuron,interommatidial_bristle_neuron,sensory,NA,right,octopamine,head,NA
head_tactile,720575941563745938,BM_InOm,bristle_neuron,interommatidial_bristle_neuron,sensory,NA,right,acetylcholine,head,NA
head_tactile,720575941603445945,BM_InOm,bristle_neuron,interommatidial_bristle_neuron,sensory,NA,right,acetylcholine,head,NA
head_tactile,720575941626871609,BM_InOm,bristle_neuron,interommatidial_bristle_neuron,sensory,NA,right,acetylcholine,head,NA
head_tactile,720575941490856142,BM_InOm,bristle_neuron,interommatidial_bristle_neuron,sensory,NA,right,octopamine,head,NA
head_tactile,720575941628488742,BM_InOm,bristle_neuron,interommatidial_bristle_neuron,sensory,NA,right,octopamine,head,NA
head_tactile,720575941515305731,BM_InOm,bristle_neuron,interommatidial_bristle_neuron,sensory,NA,right,acetylcholine,head,NA
head_tactile,720575941527006630,BM_InOm,bristle_neuron,interommatidial_bristle_neuron,sensory,NA,right,acetylcholine,head,NA
head_tactile,720575941630763244,BM_InOm,bristle_neuron,interommatidial_bristle_neuron,sensory,NA,right,acetylcholine,head,NA
head_tactile,720575941548589089,BM_vOcci_vPoOr,bristle_neuron,postorbital_ventral_bristle_neuron,sensory,NA,right,acetylcholine,head,NA
head_tactile,720575941407511599,BM_InOm,bristle_neuron,interommatidial_bristle_neuron,sensory,NA,right,octopamine,head,NA
head_tactile,720575941731717419,BM_vOcci_vPoOr,bristle_neuron,interommatidial_bristle_neuron,sensory,NA,right,octopamine,head,NA
head_tactile,720575941630826476,BM_InOm,bristle_neuron,interommatidial_bristle_neuron,sensory,NA,right,acetylcholine,head,NA
head_tactile,720575941392665238,BM_InOm,bristle_neuron,interommatidial_bristle_neuron,sensory,NA,right,octopamine,head,NA
head_tactile,720575941523727947,BM_InOm,bristle_neuron,interommatidial_bristle_neuron,sensory,NA,right,acetylcholine,head,NA
head_tactile,720575941528156804,BM_vOcci_vPoOr,bristle_neuron,postorbital_ventral_bristle_neuron,sensory,NA,left,gaba,head,NA
head_tactile,720575941671263399,BM_InOm,bristle_neuron,interommatidial_bristle_neuron,sensory,NA,right,acetylcholine,head,NA
head_tactile,720575941401511971,BM_InOm,bristle_neuron,interommatidial_bristle_neuron,sensory,NA,right,acetylcholine,head,NA
head_tactile,720575941611031014,BM_Vib,bristle_neuron,vibrissa_bristle_neuron,sensory,NA,right,acetylcholine,head,NA
head_tactile,720575941573307387,BM_InOm,bristle_neuron,interommatidial_bristle_neuron,sensory,NA,right,acetylcholine,head,NA
head_tactile,720575941638316319,BM_InOm,bristle_neuron,interommatidial_bristle_neuron,sensory,NA,right,acetylcholine,head,NA
head_tactile,720575941616679893,BM_InOm,bristle_neuron,interommatidial_bristle_neuron,sensory,NA,right,acetylcholine,head,NA
head_tactile,720575941498114121,BM_InOm,bristle_neuron,interommatidial_bristle_neuron,sensory,NA,right,acetylcholine,head,NA
head_tactile,720575941401648419,BM_FrOr,bristle_neuron,frontoorbital_bristle_neuron,sensory,NA,right,acetylcholine,head,NA
head_tactile,720575941611053542,BM_InOc,bristle_neuron,interocellar_bristle_neuron,sensory,NA,right,acetylcholine,head,NA
head_tactile,720575941628843302,BM_InOm,bristle_neuron,interommatidial_bristle_neuron,sensory,NA,right,acetylcholine,head,NA
head_tactile,720575941572451912,BM_InOm,bristle_neuron,interommatidial_bristle_neuron,sensory,NA,right,acetylcholine,head,NA
head_tactile,720575941565144374,BM_InOm,bristle_neuron,interommatidial_bristle_neuron,sensory,NA,right,acetylcholine,head,NA
head_tactile,720575941612485340,BM_InOm,bristle_neuron,interommatidial_bristle_neuron,sensory,NA,right,acetylcholine,head,NA
head_tactile,720575941632069317,BM_InOm,bristle_neuron,interommatidial_bristle_neuron,sensory,NA,right,acetylcholine,head,NA
head_tactile,720575941560410669,BM_InOm,bristle_neuron,interommatidial_bristle_neuron,sensory,NA,right,acetylcholine,head,NA
head_tactile,720575941506292549,BM_InOm,bristle_neuron,interommatidial_bristle_neuron,sensory,NA,right,acetylcholine,head,NA
head_tactile,720575941413955473,BM_InOm,bristle_neuron,interommatidial_bristle_neuron,sensory,NA,right,acetylcholine,head,NA
head_tactile,720575941449616821,BM_InOm,bristle_neuron,interommatidial_bristle_neuron,sensory,NA,right,octopamine,head,NA
head_tactile,720575941553558682,BM_InOm,bristle_neuron,interommatidial_bristle_neuron,sensory,NA,right,octopamine,head,NA
head_tactile,720575941627172409,BM_InOm,bristle_neuron,interommatidial_bristle_neuron,sensory,NA,right,acetylcholine,head,NA
head_tactile,720575941611028397,BM_InOm,bristle_neuron,interommatidial_bristle_neuron,sensory,NA,right,acetylcholine,head,NA
head_tactile,720575941592628075,BM_InOm,bristle_neuron,interommatidial_bristle_neuron,sensory,NA,right,acetylcholine,head,NA
head_tactile,720575941614887577,BM_InOm,bristle_neuron,interommatidial_bristle_neuron,sensory,NA,right,acetylcholine,head,NA
head_tactile,720575941479379936,BM_InOm,bristle_neuron,interommatidial_bristle_neuron,sensory,NA,right,acetylcholine,head,NA
head_tactile,720575941575168438,BM_InOm,bristle_neuron,interommatidial_bristle_neuron,sensory,NA,right,acetylcholine,head,NA
head_tactile,720575941465822550,BM_InOm,bristle_neuron,interommatidial_bristle_neuron,sensory,NA,right,acetylcholine,head,NA
head_tactile,720575941520988343,BM_InOm,bristle_neuron,interommatidial_bristle_neuron,sensory,NA,left,NA,head,NA
head_tactile,720575941654655956,BM_InOm,bristle_neuron,interommatidial_bristle_neuron,sensory,NA,right,acetylcholine,head,NA
head_tactile,720575941651421937,BM_InOm,bristle_neuron,interommatidial_bristle_neuron,sensory,NA,right,octopamine,head,NA
head_tactile,720575941431124321,BM_vOcci_vPoOr,bristle_neuron,postorbital_ventral_bristle_neuron,sensory,NA,left,acetylcholine,head,NA
head_tactile,720575941575877302,BM_vOcci_vPoOr,bristle_neuron,postorbital_ventral_bristle_neuron,sensory,NA,left,acetylcholine,head,NA
head_tactile,720575941557332260,BM_InOm,bristle_neuron,interommatidial_bristle_neuron,sensory,NA,right,acetylcholine,head,NA
head_tactile,720575941430265080,BM_InOm,bristle_neuron,interommatidial_bristle_neuron,sensory,NA,right,acetylcholine,head,NA
head_tactile,720575941655646232,BM_InOm,bristle_neuron,interommatidial_bristle_neuron,sensory,NA,right,glutamate,head,NA
head_tactile,720575941532969859,BM_InOm,bristle_neuron,interommatidial_bristle_neuron,sensory,NA,right,acetylcholine,head,NA
head_tactile,720575941440708187,BM_vOcci_vPoOr,bristle_neuron,postorbital_ventral_bristle_neuron,sensory,NA,right,acetylcholine,head,NA
head_tactile,720575941656129592,BM_vOcci_vPoOr,bristle_neuron,postorbital_ventral_bristle_neuron,sensory,NA,right,acetylcholine,head,NA
head_tactile,720575941573897481,BM_InOm,bristle_neuron,interommatidial_bristle_neuron,sensory,NA,right,acetylcholine,head,NA
head_tactile,720575941604127678,BM_InOm,bristle_neuron,interommatidial_bristle_neuron,sensory,NA,right,octopamine,head,NA
head_tactile,720575941539939709,BM_vOcci_vPoOr,bristle_neuron,postorbital_ventral_bristle_neuron,sensory,NA,right,acetylcholine,head,NA
head_tactile,720575941656638776,BM_InOm,bristle_neuron,interommatidial_bristle_neuron,sensory,NA,right,acetylcholine,head,NA
head_tactile,720575941575179958,BM_InOm,bristle_neuron,interommatidial_bristle_neuron,sensory,NA,right,acetylcholine,head,NA
head_tactile,720575941449856437,BM_InOm,bristle_neuron,interommatidial_bristle_neuron,sensory,NA,right,acetylcholine,head,NA
head_tactile,720575941546109372,BM_InOm,bristle_neuron,interommatidial_bristle_neuron,sensory,NA,right,octopamine,head,NA
head_tactile,720575941520602295,BM_InOm,bristle_neuron,interommatidial_bristle_neuron,sensory,NA,right,acetylcholine,head,NA
head_tactile,720575941657871696,BM_InOm,bristle_neuron,interommatidial_bristle_neuron,sensory,NA,right,acetylcholine,head,NA
head_tactile,720575941470797175,BM_InOm,bristle_neuron,interommatidial_bristle_neuron,sensory,NA,right,glutamate,head,NA
head_tactile,720575941532981123,BM_InOm,bristle_neuron,interommatidial_bristle_neuron,sensory,NA,right,acetylcholine,head,NA
head_tactile,720575941619003263,BM_vOcci_vPoOr,bristle_neuron,postorbital_ventral_bristle_neuron,sensory,NA,right,acetylcholine,head,NA
head_tactile,720575941574342301,BM_InOm,bristle_neuron,interommatidial_bristle_neuron,sensory,NA,right,acetylcholine,head,NA
head_tactile,720575941407575214,BM_dPoOr,bristle_neuron,postorbital_dorsal_bristle_neuron,sensory,NA,left,acetylcholine,head,NA
head_tactile,720575941437761836,BM_InOm,bristle_neuron,interommatidial_bristle_neuron,sensory,NA,right,acetylcholine,head,NA
head_tactile,720575941667158771,BM_InOm,bristle_neuron,interommatidial_bristle_neuron,sensory,NA,right,acetylcholine,head,NA
head_tactile,720575941536469274,BM_InOm,bristle_neuron,interommatidial_bristle_neuron,sensory,NA,right,acetylcholine,head,NA
head_tactile,720575941473360224,BM_InOm,bristle_neuron,interommatidial_bristle_neuron,sensory,NA,right,octopamine,head,NA
head_tactile,720575941498578249,BM_InOm,bristle_neuron,interommatidial_bristle_neuron,sensory,NA,right,octopamine,head,NA
head_tactile,720575941679800765,BM_InOm,bristle_neuron,interommatidial_bristle_neuron,sensory,NA,right,acetylcholine,head,NA
head_tactile,720575941516883091,BM_InOm,bristle_neuron,interommatidial_bristle_neuron,sensory,NA,right,acetylcholine,head,NA
head_tactile,720575941476143921,BM_InOm,bristle_neuron,interommatidial_bristle_neuron,sensory,NA,right,acetylcholine,head,NA
head_tactile,720575941503850839,BM_InOm,bristle_neuron,interommatidial_bristle_neuron,sensory,NA,right,acetylcholine,head,NA
head_tactile,720575941437490450,BM_InOm,bristle_neuron,interommatidial_bristle_neuron,sensory,NA,right,acetylcholine,head,NA
head_tactile,720575941689579928,BM_InOm,bristle_neuron,interommatidial_bristle_neuron,sensory,NA,right,acetylcholine,head,NA
head_tactile,720575941689612440,BM_InOm,bristle_neuron,interommatidial_bristle_neuron,sensory,NA,right,acetylcholine,head,NA
head_tactile,720575941689666523,BM_InOm,bristle_neuron,interommatidial_bristle_neuron,sensory,NA,right,octopamine,head,NA
head_tactile,720575941515691667,BM_InOm,bristle_neuron,interommatidial_bristle_neuron,sensory,NA,right,acetylcholine,head,NA
head_tactile,720575941590029124,BM_InOm,bristle_neuron,interommatidial_bristle_neuron,sensory,NA,right,acetylcholine,head,NA
head_tactile,720575941479650178,BM_FrOr,bristle_neuron,frontoorbital_bristle_neuron,sensory,NA,left,acetylcholine,head,NA
head_tactile,720575941701962202,BM_InOm,bristle_neuron,interommatidial_bristle_neuron,sensory,NA,right,acetylcholine,head,NA
head_tactile,720575941573750173,BM_InOm,bristle_neuron,interommatidial_bristle_neuron,sensory,NA,right,acetylcholine,head,NA
head_tactile,720575941449667662,BM_InOm,bristle_neuron,interommatidial_bristle_neuron,sensory,NA,right,acetylcholine,head,NA
head_tactile,720575941536043457,BM_InOm,bristle_neuron,interommatidial_bristle_neuron,sensory,NA,right,acetylcholine,head,NA
head_tactile,720575941458975302,BM_vOcci_vPoOr,bristle_neuron,postorbital_ventral_bristle_neuron,sensory,NA,left,gaba,head,NA
head_tactile,720575941525839874,BM_FrOr,bristle_neuron,frontoorbital_bristle_neuron,sensory,NA,right,acetylcholine,head,NA
head_tactile,720575941498917026,BM_Vib,bristle_neuron,vibrissa_bristle_neuron,sensory,NA,right,acetylcholine,head,NA
head_tactile,720575941731270955,BM_InOm,bristle_neuron,interommatidial_bristle_neuron,sensory,NA,right,acetylcholine,head,NA
head_tactile,720575941506023845,BM_InOm,bristle_neuron,interommatidial_bristle_neuron,sensory,NA,right,glutamate,head,NA
head_tactile,720575941505275196,BM_FrOr,bristle_neuron,frontoorbital_bristle_neuron,sensory,NA,right,acetylcholine,head,NA
head_tactile,720575941536680129,BM_FrOr,bristle_neuron,frontoorbital_bristle_neuron,sensory,NA,right,acetylcholine,head,NA
head_tactile,720575941535036353,BM_dPoOr,bristle_neuron,postocellar_bristle_neuron,sensory,NA,right,acetylcholine,head,NA
head_tactile,720575941611026150,BM_dPoOr,bristle_neuron,postocellar_bristle_neuron,sensory,NA,right,acetylcholine,head,NA
head_tactile,720575941476100638,BM_dOcci,bristle_neuron,occipital_dorsal_bristle_neuron,sensory,NA,right,acetylcholine,head,NA
head_tactile,720575941580863097,BM_dOcci,bristle_neuron,occipital_dorsal_bristle_neuron,sensory,NA,right,acetylcholine,head,NA
head_tactile,720575941588116804,BM_dPoOr,bristle_neuron,postorbital_dorsal_bristle_neuron,sensory,NA,right,acetylcholine,head,NA
head_tactile,720575941603038710,BM_dPoOr,bristle_neuron,postorbital_dorsal_bristle_neuron,sensory,NA,right,acetylcholine,head,NA
head_tactile,720575941627179577,BM_dPoOr,bristle_neuron,postorbital_dorsal_bristle_neuron,sensory,NA,right,acetylcholine,head,NA
head_tactile,720575941667483123,BM_dPoOr,bristle_neuron,postorbital_dorsal_bristle_neuron,sensory,NA,right,acetylcholine,head,NA
head_tactile,720575941549037629,BM_dPoOr,bristle_neuron,postorbital_dorsal_bristle_neuron,sensory,NA,right,acetylcholine,head,NA
head_tactile,720575941611230054,BM_dPoOr,bristle_neuron,postorbital_dorsal_bristle_neuron,sensory,NA,right,acetylcholine,head,NA
head_tactile,720575941564319495,BM_dOcci,bristle_neuron,occipital_dorsal_bristle_neuron,sensory,NA,right,acetylcholine,head,NA
head_tactile,720575941577610073,BM_InOm,bristle_neuron,interommatidial_bristle_neuron,sensory,NA,right,acetylcholine,head,NA
head_tactile,720575941507404834,BM_InOm,bristle_neuron,interommatidial_bristle_neuron,sensory,NA,right,acetylcholine,head,NA
head_tactile,720575941499557601,BM_InOm,bristle_neuron,interommatidial_bristle_neuron,sensory,NA,left,acetylcholine,head,NA
head_tactile,720575941566121319,BM_InOm,bristle_neuron,interommatidial_bristle_neuron,sensory,NA,left,octopamine,head,NA
head_tactile,720575941644368840,BM_InOm,bristle_neuron,interommatidial_bristle_neuron,sensory,NA,left,acetylcholine,head,NA
head_tactile,720575941669401265,BM_FrOr,bristle_neuron,frontoorbital_bristle_neuron,sensory,NA,right,acetylcholine,head,NA
head_tactile,720575941435026062,BM_InOm,bristle_neuron,interommatidial_bristle_neuron,sensory,NA,left,acetylcholine,head,NA
head_tactile,720575941574412189,BM_InOm,bristle_neuron,interommatidial_bristle_neuron,sensory,NA,NA,acetylcholine,head,NA
head_tactile,720575941413909393,BM_vOcci_vPoOr,bristle_neuron,postorbital_ventral_bristle_neuron,sensory,NA,NA,serotonin,head,NA
head_tactile,720575941456693997,BM_vOcci_vPoOr,bristle_neuron,postorbital_ventral_bristle_neuron,sensory,NA,NA,acetylcholine,head,NA
head_tactile,720575941449851997,BM_InOm,bristle_neuron,interommatidial_bristle_neuron,sensory,NA,right,acetylcholine,head,NA
head_tactile,720575941569490546,BM_InOm,bristle_neuron,interommatidial_bristle_neuron,sensory,NA,right,acetylcholine,head,NA
head_tactile,720575941452751431,BM_InOm,bristle_neuron,interommatidial_bristle_neuron,sensory,NA,right,acetylcholine,head,NA
head_tactile,720575941655587284,BM_InOm,bristle_neuron,interommatidial_bristle_neuron,sensory,NA,right,octopamine,head,NA
head_tactile,720575941669764017,BM_vOcci_vPoOr,bristle_neuron,postorbital_ventral_bristle_neuron,sensory,NA,left,gaba,head,NA
head_tactile,720575941524107339,BM_InOm,bristle_neuron,interommatidial_bristle_neuron,sensory,NA,left,acetylcholine,head,NA
head_tactile,720575941511185618,BM_InOm,bristle_neuron,interommatidial_bristle_neuron,sensory,NA,right,octopamine,head,NA
head_tactile,720575941541935821,BM_InOm,bristle_neuron,interommatidial_bristle_neuron,sensory,NA,right,acetylcholine,head,NA
head_tactile,720575941576724072,BM_InOc,bristle_neuron,interocellar_bristle_neuron,sensory,NA,NA,acetylcholine,head,NA
head_tactile,720575941438589458,BM_InOm,bristle_neuron,interommatidial_bristle_neuron,sensory,NA,right,acetylcholine,head,NA
head_tactile,720575941502639191,BM_InOm,bristle_neuron,postorbital_ventral_bristle_neuron,sensory,NA,right,acetylcholine,head,NA
head_tactile,720575941642597989,BM_InOm,bristle_neuron,interommatidial_bristle_neuron,sensory,NA,NA,acetylcholine,head,NA
head_tactile,720575941619483263,BM_InOm,bristle_neuron,interommatidial_bristle_neuron,sensory,NA,right,acetylcholine,head,NA
head_tactile,720575941491989479,BM_InOm,bristle_neuron,interommatidial_bristle_neuron,sensory,NA,right,octopamine,head,NA
head_tactile,720575941533058947,BM_InOm,bristle_neuron,interommatidial_bristle_neuron,sensory,NA,right,acetylcholine,head,NA
head_tactile,720575941591607436,BM_InOm,bristle_neuron,interommatidial_bristle_neuron,sensory,NA,right,acetylcholine,head,NA
head_tactile,720575941577334873,BM_InOm,bristle_neuron,interommatidial_bristle_neuron,sensory,NA,right,acetylcholine,head,NA
head_tactile,720575941600477225,BM_InOm,bristle_neuron,interommatidial_bristle_neuron,sensory,NA,right,acetylcholine,head,NA
head_tactile,720575941556783542,BM_InOm,bristle_neuron,interommatidial_bristle_neuron,sensory,NA,NA,NA,head,NA
head_tactile,720575941458928921,BM_InOm,bristle_neuron,interommatidial_bristle_neuron,sensory,NA,NA,serotonin,head,NA
head_tactile,720575941643659384,BM_InOm,bristle_neuron,interommatidial_bristle_neuron,sensory,NA,right,octopamine,head,NA
head_tactile,720575941607297133,BM_InOm,bristle_neuron,interommatidial_bristle_neuron,sensory,NA,NA,acetylcholine,head,NA
head_tactile,720575941602772214,BM_InOm,bristle_neuron,interommatidial_bristle_neuron,sensory,NA,NA,octopamine,head,NA
head_tactile,720575941403617136,BM_InOm,bristle_neuron,interommatidial_bristle_neuron,sensory,NA,right,octopamine,head,NA
head_tactile,720575941556819894,BM_InOm,bristle_neuron,interommatidial_bristle_neuron,sensory,NA,right,octopamine,head,NA
head_tactile,720575941526638246,BM_InOm,bristle_neuron,interommatidial_bristle_neuron,sensory,NA,right,glutamate,head,NA
head_tactile,720575941556769206,BM_InOm,bristle_neuron,interommatidial_bristle_neuron,sensory,NA,right,acetylcholine,head,NA
head_tactile,720575941629333542,BM_InOm,bristle_neuron,interommatidial_bristle_neuron,sensory,NA,right,acetylcholine,head,NA
head_tactile,720575941542619484,BM_InOm,bristle_neuron,interommatidial_bristle_neuron,sensory,NA,right,octopamine,head,NA
head_tactile,720575941456101101,BM_FrOr,bristle_neuron,frontoorbital_bristle_neuron,sensory,NA,left,acetylcholine,head,NA
head_tactile,720575941586891486,BM_FrOr,bristle_neuron,frontoorbital_bristle_neuron,sensory,NA,left,acetylcholine,head,NA
head_tactile,720575941516998393,BM_InOm,bristle_neuron,interommatidial_bristle_neuron,sensory,NA,NA,gaba,head,NA
head_tactile,720575941476601630,BM_FrOr,bristle_neuron,frontoorbital_bristle_neuron,sensory,NA,NA,acetylcholine,head,NA
head_tactile,720575941525252171,BM_Fr,bristle_neuron,frontal_bristle_neuron,sensory,NA,NA,acetylcholine,head,NA
head_tactile,720575941578937845,BM_FrOr,bristle_neuron,frontoorbital_bristle_neuron,sensory,NA,NA,acetylcholine,head,NA
head_tactile,720575941449226004,BM_InOm,bristle_neuron,interommatidial_bristle_neuron,sensory,NA,NA,acetylcholine,head,NA
head_tactile,720575941627656330,BM_vOcci_vPoOr,bristle_neuron,postorbital_ventral_bristle_neuron,sensory,NA,NA,acetylcholine,head,NA
head_tactile,720575941541801085,BM_vOcci_vPoOr,bristle_neuron,postorbital_ventral_bristle_neuron,sensory,NA,NA,gaba,head,NA
head_tactile,720575941557025619,BM_vOcci_vPoOr,bristle_neuron,postorbital_ventral_bristle_neuron,sensory,NA,NA,acetylcholine,head,NA
head_tactile,720575941406262640,BM_Vib,bristle_neuron,vibrissa_bristle_neuron,sensory,NA,left,acetylcholine,head,NA
head_tactile,720575941627271370,BM_InOm,bristle_neuron,interommatidial_bristle_neuron,sensory,NA,NA,acetylcholine,head,NA
head_tactile,720575941592873868,BM_Vib,bristle_neuron,vibrissa_bristle_neuron,sensory,NA,left,gaba,head,NA
head_tactile,720575941480045162,BM_InOm,bristle_neuron,interommatidial_bristle_neuron,sensory,NA,left,gaba,head,NA
head_tactile,720575941501485986,BM_vOcci_vPoOr,bristle_neuron,postorbital_ventral_bristle_neuron,sensory,NA,left,gaba,head,NA
head_tactile,720575941409989038,BM_InOm,bristle_neuron,interommatidial_bristle_neuron,sensory,NA,left,acetylcholine,head,NA
head_tactile,720575941507377698,BM_Fr,bristle_neuron,frontal_bristle_neuron,sensory,NA,left,acetylcholine,head,NA
head_tactile,720575941522153463,BM_InOm,bristle_neuron,interommatidial_bristle_neuron,sensory,NA,left,octopamine,head,NA
head_tactile,720575941449313717,BM_InOm,bristle_neuron,interommatidial_bristle_neuron,sensory,NA,left,acetylcholine,head,NA
head_tactile,720575941536754659,BM_InOm,bristle_neuron,interommatidial_bristle_neuron,sensory,NA,NA,acetylcholine,head,NA
head_tactile,720575941480760544,BM_InOc,bristle_neuron,interocellar_bristle_neuron,sensory,NA,right,acetylcholine,head,NA
head_tactile,720575941513752140,BM_InOm,bristle_neuron,interommatidial_bristle_neuron,sensory,NA,NA,octopamine,head,NA
head_tactile,720575941565681718,BM_Fr,bristle_neuron,frontal_bristle_neuron,sensory,NA,right,acetylcholine,head,NA
head_tactile,720575941470626013,BM_vOcci_vPoOr,bristle_neuron,postorbital_ventral_bristle_neuron,sensory,NA,NA,acetylcholine,head,NA
head_tactile,720575941528149380,BM_InOm,bristle_neuron,interommatidial_bristle_neuron,sensory,NA,NA,serotonin,head,NA
head_tactile,720575941731709739,BM_vOcci_vPoOr,bristle_neuron,postorbital_ventral_bristle_neuron,sensory,NA,left,acetylcholine,head,NA
head_tactile,720575941560388909,BM_InOm,bristle_neuron,interommatidial_bristle_neuron,sensory,NA,NA,NA,head,NA
head_tactile,720575941650907413,BM_vOcci_vPoOr,bristle_neuron,postorbital_ventral_bristle_neuron,sensory,NA,NA,gaba,head,NA
head_tactile,720575941589911806,BM_vOcci_vPoOr,bristle_neuron,postorbital_ventral_bristle_neuron,sensory,NA,NA,gaba,head,NA
head_tactile,720575941482836989,BM_InOm,bristle_neuron,interommatidial_bristle_neuron,sensory,NA,right,acetylcholine,head,NA
head_tactile,720575941391952900,BM_vOcci_vPoOr,bristle_neuron,postorbital_ventral_bristle_neuron,sensory,NA,NA,acetylcholine,head,NA
head_tactile,720575941549035069,BM_InOm,bristle_neuron,interommatidial_bristle_neuron,sensory,NA,NA,octopamine,head,NA
head_tactile,720575941410721195,BM_InOm,bristle_neuron,interommatidial_bristle_neuron,sensory,NA,NA,glutamate,head,NA
head_tactile,720575941518609518,BM_vOcci_vPoOr,bristle_neuron,postorbital_ventral_bristle_neuron,sensory,NA,NA,NA,head,NA
head_tactile,720575941565210678,BM_InOm,bristle_neuron,interommatidial_bristle_neuron,sensory,NA,NA,acetylcholine,head,NA
head_tactile,720575941462452624,BM_InOm,bristle_neuron,interommatidial_bristle_neuron,sensory,NA,NA,NA,head,NA
head_tactile,720575941548548385,BM_InOm,bristle_neuron,interommatidial_bristle_neuron,sensory,NA,NA,acetylcholine,head,NA
head_tactile,720575941476955697,BM_InOm,bristle_neuron,interommatidial_bristle_neuron,sensory,NA,NA,NA,head,NA
head_tactile,720575941535047146,BM_vOcci_vPoOr,bristle_neuron,postorbital_ventral_bristle_neuron,sensory,NA,NA,NA,head,NA
head_tactile,720575941483482042,BM_vOcci_vPoOr,bristle_neuron,postorbital_ventral_bristle_neuron,sensory,NA,NA,NA,head,NA
head_tactile,720575941521018039,BM_InOm,bristle_neuron,interommatidial_bristle_neuron,sensory,NA,NA,gaba,head,NA
head_tactile,720575941623282940,BM_InOm,bristle_neuron,interommatidial_bristle_neuron,sensory,NA,NA,NA,head,NA
head_tactile,720575941507185989,BM_InOm,bristle_neuron,interommatidial_bristle_neuron,sensory,NA,NA,NA,head,NA
head_tactile,720575941471598603,BM_InOm,bristle_neuron,interommatidial_bristle_neuron,sensory,NA,right,acetylcholine,head,NA
head_tactile,720575941644025426,BM_vOcci_vPoOr,bristle_neuron,postorbital_ventral_bristle_neuron,sensory,NA,NA,NA,head,NA
head_tactile,720575941613385180,BM_InOm,bristle_neuron,interommatidial_bristle_neuron,sensory,NA,left,serotonin,head,NA
head_tactile,720575941516714643,BM_vOcci_vPoOr,bristle_neuron,postorbital_ventral_bristle_neuron,sensory,NA,left,gaba,head,NA
head_tactile,720575941490642633,BM_InOm,bristle_neuron,interommatidial_bristle_neuron,sensory,NA,left,acetylcholine,head,NA
head_tactile,720575941495964359,BM_InOm,bristle_neuron,interommatidial_bristle_neuron,sensory,NA,left,NA,head,NA
head_tactile,720575941490623948,BM_InOm,bristle_neuron,interommatidial_bristle_neuron,sensory,NA,right,acetylcholine,head,NA
head_tactile,720575941575068936,BM_vOcci_vPoOr,bristle_neuron,postorbital_ventral_bristle_neuron,sensory,NA,left,acetylcholine,head,NA
head_tactile,720575941650955285,BM_InOm,bristle_neuron,interommatidial_bristle_neuron,sensory,NA,left,acetylcholine,head,NA
head_tactile,720575941439551711,BM_vOcci_vPoOr,bristle_neuron,postorbital_ventral_bristle_neuron,sensory,NA,left,gaba,head,NA
head_tactile,720575941643203922,BM_InOm,bristle_neuron,interommatidial_bristle_neuron,sensory,NA,left,gaba,head,NA
head_tactile,720575941526121753,BM_vOcci_vPoOr,bristle_neuron,postorbital_ventral_bristle_neuron,sensory,NA,left,acetylcholine,head,NA
head_tactile,720575941451924807,BM_InOm,bristle_neuron,interommatidial_bristle_neuron,sensory,NA,left,gaba,head,NA
head_tactile,720575941573742749,BM_InOm,bristle_neuron,interommatidial_bristle_neuron,sensory,NA,left,gaba,head,NA
head_tactile,720575941553127451,BM_InOm,bristle_neuron,interommatidial_bristle_neuron,sensory,NA,left,NA,head,NA
head_tactile,720575941610223946,BM_InOm,bristle_neuron,interommatidial_bristle_neuron,sensory,NA,left,gaba,head,NA
head_tactile,720575941462820877,BM_InOm,bristle_neuron,interommatidial_bristle_neuron,sensory,NA,NA,acetylcholine,head,NA
head_tactile,720575941452424361,BM_vOcci_vPoOr,bristle_neuron,postorbital_ventral_bristle_neuron,sensory,NA,NA,NA,head,NA
head_tactile,720575941413391505,BM_InOm,bristle_neuron,interommatidial_bristle_neuron,sensory,NA,NA,acetylcholine,head,NA
head_tactile,720575941589082935,BM_InOm,bristle_neuron,interommatidial_bristle_neuron,sensory,NA,NA,NA,head,NA
head_tactile,720575941568134190,BM_InOm,bristle_neuron,interommatidial_bristle_neuron,sensory,NA,NA,gaba,head,NA
head_tactile,720575941644852856,BM_InOm,bristle_neuron,interommatidial_bristle_neuron,sensory,NA,NA,gaba,head,NA
head_tactile,720575941556139492,BM_InOm,bristle_neuron,interommatidial_bristle_neuron,sensory,NA,NA,NA,head,NA
head_tactile,720575941568647930,BM_InOm,bristle_neuron,interommatidial_bristle_neuron,sensory,NA,right,acetylcholine,head,NA
head_tactile,720575941477218410,BM_FrOr,bristle_neuron,frontoorbital_bristle_neuron,sensory,NA,NA,acetylcholine,head,NA
head_tactile,720575941505709221,BM_Vib,bristle_neuron,vibrissa_bristle_neuron,sensory,NA,left,acetylcholine,head,NA
head_tactile,720575941496515968,BM_InOm,bristle_neuron,interommatidial_bristle_neuron,sensory,NA,right,octopamine,head,NA
head_tactile,720575941483221245,BM_InOm,bristle_neuron,interommatidial_bristle_neuron,sensory,NA,right,acetylcholine,head,NA
head_tactile,720575941574835599,BM_InOc,bristle_neuron,interocellar_bristle_neuron,sensory,NA,left,acetylcholine,head,NA
head_tactile,720575941408141103,BM_InOm,bristle_neuron,interommatidial_bristle_neuron,sensory,NA,right,acetylcholine,head,NA
head_tactile,720575941654822361,BM_vOcci_vPoOr,bristle_neuron,postorbital_ventral_bristle_neuron,sensory,NA,left,acetylcholine,head,NA
head_tactile,720575941504576050,BM_vOcci_vPoOr,bristle_neuron,postorbital_ventral_bristle_neuron,sensory,NA,left,gaba,head,NA
head_tactile,720575941475091259,BM_vOcci_vPoOr,bristle_neuron,postorbital_ventral_bristle_neuron,sensory,NA,left,NA,head,NA
head_tactile,720575941498853345,BM_InOm,bristle_neuron,interommatidial_bristle_neuron,sensory,NA,left,NA,head,NA
head_tactile,720575941469447389,BM_InOm,bristle_neuron,interommatidial_bristle_neuron,sensory,NA,right,acetylcholine,head,NA
head_tactile,720575941483577853,BM_vOcci_vPoOr,bristle_neuron,postorbital_ventral_bristle_neuron,sensory,NA,left,acetylcholine,head,NA
head_tactile,720575941439485151,BM_InOm,bristle_neuron,interommatidial_bristle_neuron,sensory,NA,left,acetylcholine,head,NA
head_tactile,720575941431680215,BM_vOcci_vPoOr,bristle_neuron,postorbital_ventral_bristle_neuron,sensory,NA,right,acetylcholine,head,NA
head_tactile,720575941576124854,BM_InOm,bristle_neuron,interommatidial_bristle_neuron,sensory,NA,left,NA,head,NA
head_tactile,720575941473097568,BM_InOm,bristle_neuron,interommatidial_bristle_neuron,sensory,NA,right,acetylcholine,head,NA
head_tactile,720575941485715778,BM_InOm,bristle_neuron,interommatidial_bristle_neuron,sensory,NA,right,acetylcholine,head,NA
head_tactile,720575941669108401,BM_InOm,bristle_neuron,interommatidial_bristle_neuron,sensory,NA,right,acetylcholine,head,NA
head_tactile,720575941414086292,BM_InOm,bristle_neuron,interommatidial_bristle_neuron,sensory,NA,left,acetylcholine,head,NA
head_tactile,720575941592950568,BM_InOm,bristle_neuron,interommatidial_bristle_neuron,sensory,NA,left,gaba,head,NA
head_tactile,720575941440230997,BM_InOm,bristle_neuron,interommatidial_bristle_neuron,sensory,NA,left,acetylcholine,head,NA
head_tactile,720575941554118683,BM_InOm,bristle_neuron,interommatidial_bristle_neuron,sensory,NA,left,gaba,head,NA
head_tactile,720575941564350720,BM_InOm,bristle_neuron,interommatidial_bristle_neuron,sensory,NA,left,octopamine,head,NA
head_tactile,720575941459088543,BM_InOm,bristle_neuron,interommatidial_bristle_neuron,sensory,NA,left,octopamine,head,NA
head_tactile,720575941651872533,BM_InOm,bristle_neuron,interommatidial_bristle_neuron,sensory,NA,right,serotonin,head,NA
head_tactile,720575941459469638,BM_dPoOr,bristle_neuron,postorbital_dorsal_bristle_neuron,sensory,NA,right,acetylcholine,head,NA
wing_tactile,720575941484223177,SNta04,bristle_neuron,wing_margin_bristle_neuron,sensory,NA,left,acetylcholine,wing_margin,NA
wing_tactile,720575941437199167,WG3,taste_bristle_gustatory_neuron,wing_margin_taste_bristle_gustatory_neuron,sensory,NA,left,glutamate,wing_margin,NA
wing_tactile,720575941442623323,WG4,taste_bristle_gustatory_neuron,wing_margin_taste_bristle_gustatory_neuron,sensory,NA,left,acetylcholine,wing_margin,NA
wing_tactile,720575941536490901,SNta04,bristle_neuron,wing_margin_bristle_neuron,sensory,NA,left,acetylcholine,wing_margin,NA
wing_tactile,720575941514985036,WG2,taste_bristle_gustatory_neuron,wing_margin_taste_bristle_gustatory_neuron,sensory,NA,left,acetylcholine,wing_margin,NA
wing_tactile,720575941461275536,WG3,taste_bristle_gustatory_neuron,wing_margin_taste_bristle_gustatory_neuron,sensory,NA,left,glutamate,wing_margin,NA
wing_tactile,720575941453311657,SNta04,bristle_neuron,wing_margin_bristle_neuron,sensory,NA,right,acetylcholine,wing_margin,NA
wing_tactile,720575941636673909,SNta11,bristle_neuron,wing_margin_bristle_neuron,sensory,NA,left,acetylcholine,wing_margin,NA
wing_tactile,720575941722075706,WG3,taste_bristle_gustatory_neuron,wing_margin_taste_bristle_gustatory_neuron,sensory,NA,left,acetylcholine,wing_margin,NA
wing_tactile,720575941557491215,WG2,taste_bristle_gustatory_neuron,wing_margin_taste_bristle_gustatory_neuron,sensory,NA,left,acetylcholine,wing_margin,NA
wing_tactile,720575941533990232,WG2,taste_bristle_gustatory_neuron,wing_margin_taste_bristle_gustatory_neuron,sensory,NA,left,acetylcholine,wing_margin,NA
wing_tactile,720575941663749176,WG4,taste_bristle_gustatory_neuron,wing_margin_taste_bristle_gustatory_neuron,sensory,NA,left,acetylcholine,wing_margin,NA
wing_tactile,720575941528173700,WG2,taste_bristle_gustatory_neuron,wing_margin_taste_bristle_gustatory_neuron,sensory,NA,left,acetylcholine,wing_margin,NA
wing_tactile,720575941430902542,WG2,taste_bristle_gustatory_neuron,wing_margin_taste_bristle_gustatory_neuron,sensory,NA,left,acetylcholine,wing_margin,NA
wing_tactile,720575941649987569,SNta08,bristle_neuron,wing_margin_bristle_neuron,sensory,NA,right,acetylcholine,wing_margin,NA
wing_tactile,720575941581801567,SNta11,bristle_neuron,wing_margin_bristle_neuron,sensory,NA,right,acetylcholine,wing_margin,NA
wing_tactile,720575941594255656,SNta11,bristle_neuron,wing_margin_bristle_neuron,sensory,NA,right,acetylcholine,wing_margin,NA
wing_tactile,720575941542681093,WG2,taste_bristle_gustatory_neuron,wing_margin_taste_bristle_gustatory_neuron,sensory,NA,left,acetylcholine,wing_margin,NA
wing_tactile,720575941390787076,WG2,taste_bristle_gustatory_neuron,wing_margin_taste_bristle_gustatory_neuron,sensory,NA,left,acetylcholine,wing_margin,NA
wing_tactile,720575941504617541,WG2,taste_bristle_gustatory_neuron,wing_margin_taste_bristle_gustatory_neuron,sensory,NA,left,acetylcholine,wing_margin,NA
wing_tactile,720575941628790754,WG3,taste_bristle_gustatory_neuron,wing_margin_taste_bristle_gustatory_neuron,sensory,NA,left,glutamate,wing_margin,NA
wing_tactile,720575941582233695,WG4,taste_bristle_gustatory_neuron,wing_margin_taste_bristle_gustatory_neuron,sensory,NA,left,acetylcholine,wing_margin,NA
wing_tactile,720575941443322575,SNta11,bristle_neuron,wing_margin_bristle_neuron,sensory,NA,left,acetylcholine,wing_margin,NA
wing_tactile,720575941515077187,SNta04,bristle_neuron,wing_margin_bristle_neuron,sensory,NA,left,acetylcholine,wing_margin,NA
wing_tactile,720575941548467380,SNta04,bristle_neuron,wing_margin_bristle_neuron,sensory,NA,left,acetylcholine,wing_margin,NA
wing_tactile,720575941628876838,SNta04,bristle_neuron,wing_margin_bristle_neuron,sensory,NA,left,acetylcholine,wing_margin,NA
wing_tactile,720575941410573935,WG3,taste_bristle_gustatory_neuron,wing_margin_taste_bristle_gustatory_neuron,sensory,NA,left,glutamate,wing_margin,NA
wing_tactile,720575941627489388,SNta11,bristle_neuron,wing_margin_bristle_neuron,sensory,NA,left,acetylcholine,wing_margin,NA
wing_tactile,720575941566823319,SNta11,bristle_neuron,wing_margin_bristle_neuron,sensory,NA,left,acetylcholine,wing_margin,NA
wing_tactile,720575941521747787,SNta04,bristle_neuron,wing_margin_bristle_neuron,sensory,NA,left,acetylcholine,wing_margin,NA
wing_tactile,720575941591101751,SNta04,bristle_neuron,wing_margin_bristle_neuron,sensory,NA,left,acetylcholine,wing_margin,NA
wing_tactile,720575941520667608,SNta11,bristle_neuron,wing_margin_bristle_neuron,sensory,NA,left,acetylcholine,wing_margin,NA
wing_tactile,720575941516913923,SNta07,bristle_neuron,wing_margin_bristle_neuron,sensory,NA,left,acetylcholine,wing_margin,NA
wing_tactile,720575941469175830,WG2,taste_bristle_gustatory_neuron,wing_margin_taste_bristle_gustatory_neuron,sensory,NA,left,acetylcholine,wing_margin,NA
wing_tactile,720575941565586734,SNta04,bristle_neuron,wing_margin_bristle_neuron,sensory,NA,left,acetylcholine,wing_margin,NA
wing_tactile,720575941518556343,WG2,taste_bristle_gustatory_neuron,wing_margin_taste_bristle_gustatory_neuron,sensory,NA,left,acetylcholine,wing_margin,NA
wing_tactile,720575941451858345,SNta04,bristle_neuron,wing_margin_bristle_neuron,sensory,NA,left,acetylcholine,wing_margin,NA
wing_tactile,720575941630888864,SNta04,bristle_neuron,wing_margin_bristle_neuron,sensory,NA,left,acetylcholine,wing_margin,NA
wing_tactile,720575941499825019,SNta14,bristle_neuron,wing_margin_bristle_neuron,sensory,NA,left,acetylcholine,wing_margin,NA
wing_tactile,720575941541706189,SNta14,bristle_neuron,wing_margin_bristle_neuron,sensory,NA,left,acetylcholine,wing_margin,NA
wing_tactile,720575941583156089,SNta14,bristle_neuron,wing_margin_bristle_neuron,sensory,NA,left,acetylcholine,wing_margin,NA
wing_tactile,720575941558435855,SNta04,bristle_neuron,wing_margin_bristle_neuron,sensory,NA,left,acetylcholine,wing_margin,NA
wing_tactile,720575941448193614,SNta18,bristle_neuron,wing_margin_bristle_neuron,sensory,NA,left,acetylcholine,wing_margin,NA
wing_tactile,720575941532937304,SNta04,bristle_neuron,wing_margin_bristle_neuron,sensory,NA,left,acetylcholine,wing_margin,NA
wing_tactile,720575941479664490,SNta04,bristle_neuron,wing_margin_bristle_neuron,sensory,NA,left,acetylcholine,wing_margin,NA
wing_tactile,720575941590422340,SNta11,bristle_neuron,wing_margin_bristle_neuron,sensory,NA,left,acetylcholine,wing_margin,NA
wing_tactile,720575941654525396,WG2,taste_bristle_gustatory_neuron,wing_margin_taste_bristle_gustatory_neuron,sensory,NA,left,acetylcholine,wing_margin,NA
wing_tactile,720575941505092695,SNta11,bristle_neuron,wing_margin_bristle_neuron,sensory,NA,left,acetylcholine,wing_margin,NA
wing_tactile,720575941487856134,SNta11,bristle_neuron,wing_margin_bristle_neuron,sensory,NA,left,acetylcholine,wing_margin,NA
wing_tactile,720575941537339841,SNta11,bristle_neuron,wing_margin_bristle_neuron,sensory,NA,left,acetylcholine,wing_margin,NA
wing_tactile,720575941664582780,SNta04,bristle_neuron,wing_margin_bristle_neuron,sensory,NA,left,acetylcholine,wing_margin,NA
wing_tactile,720575941460198384,SNta11,bristle_neuron,wing_margin_bristle_neuron,sensory,NA,left,acetylcholine,wing_margin,NA
wing_tactile,720575941428754936,SNta04,bristle_neuron,wing_margin_bristle_neuron,sensory,NA,left,acetylcholine,wing_margin,NA
wing_tactile,720575941520700120,SNta14,bristle_neuron,wing_margin_bristle_neuron,sensory,NA,left,acetylcholine,wing_margin,NA
wing_tactile,720575941550282558,WG2,taste_bristle_gustatory_neuron,wing_margin_taste_bristle_gustatory_neuron,sensory,NA,left,acetylcholine,wing_margin,NA
wing_tactile,720575941627410214,SNta04,bristle_neuron,wing_margin_bristle_neuron,sensory,NA,left,acetylcholine,wing_margin,NA
wing_tactile,720575941552831233,SNta04,bristle_neuron,wing_margin_bristle_neuron,sensory,NA,left,acetylcholine,wing_margin,NA
wing_tactile,720575941504699671,SNta04,bristle_neuron,wing_margin_bristle_neuron,sensory,NA,left,acetylcholine,wing_margin,NA
wing_tactile,720575941440821983,SNta14,bristle_neuron,wing_margin_bristle_neuron,sensory,NA,left,acetylcholine,wing_margin,NA
wing_tactile,720575941457503046,WG2,taste_bristle_gustatory_neuron,wing_margin_taste_bristle_gustatory_neuron,sensory,NA,left,acetylcholine,wing_margin,NA
wing_tactile,720575941472935008,WG2,taste_bristle_gustatory_neuron,wing_margin_taste_bristle_gustatory_neuron,sensory,NA,left,acetylcholine,wing_margin,NA
wing_tactile,720575941610237258,SNta04,bristle_neuron,wing_margin_bristle_neuron,sensory,NA,left,acetylcholine,wing_margin,NA
wing_tactile,720575941601769718,WG4,taste_bristle_gustatory_neuron,wing_margin_taste_bristle_gustatory_neuron,sensory,NA,left,acetylcholine,wing_margin,NA
wing_tactile,720575941522236663,WG2,taste_bristle_gustatory_neuron,wing_margin_taste_bristle_gustatory_neuron,sensory,NA,left,acetylcholine,wing_margin,NA
wing_tactile,720575941497502587,WG3,taste_bristle_gustatory_neuron,wing_margin_taste_bristle_gustatory_neuron,sensory,NA,left,NA,wing_margin,NA
wing_tactile,720575941570362356,WG3,taste_bristle_gustatory_neuron,wing_margin_taste_bristle_gustatory_neuron,sensory,NA,left,acetylcholine,wing_margin,NA
wing_tactile,720575941562962951,WG2,taste_bristle_gustatory_neuron,wing_margin_taste_bristle_gustatory_neuron,sensory,NA,left,acetylcholine,wing_margin,NA
wing_tactile,720575941476083562,WG4,taste_bristle_gustatory_neuron,wing_margin_taste_bristle_gustatory_neuron,sensory,NA,left,acetylcholine,wing_margin,NA
wing_tactile,720575941540477426,SNta14,bristle_neuron,wing_margin_bristle_neuron,sensory,NA,left,acetylcholine,wing_margin,NA
wing_tactile,720575941442477994,WG4,taste_bristle_gustatory_neuron,wing_margin_taste_bristle_gustatory_neuron,sensory,NA,left,acetylcholine,wing_margin,NA
wing_tactile,720575941494241152,WG4,taste_bristle_gustatory_neuron,wing_margin_taste_bristle_gustatory_neuron,sensory,NA,left,acetylcholine,wing_margin,NA
wing_tactile,720575941536928498,SNta18,bristle_neuron,wing_margin_bristle_neuron,sensory,NA,left,acetylcholine,wing_margin,NA
wing_tactile,720575941490411212,WG4,taste_bristle_gustatory_neuron,wing_margin_taste_bristle_gustatory_neuron,sensory,NA,left,acetylcholine,wing_margin,NA
wing_tactile,720575941440823007,SNta14,bristle_neuron,wing_margin_bristle_neuron,sensory,NA,left,acetylcholine,wing_margin,NA
wing_tactile,720575941507931920,WG3,taste_bristle_gustatory_neuron,wing_margin_taste_bristle_gustatory_neuron,sensory,NA,left,acetylcholine,wing_margin,NA
wing_tactile,720575941439455067,WG2,taste_bristle_gustatory_neuron,wing_margin_taste_bristle_gustatory_neuron,sensory,NA,left,acetylcholine,wing_margin,NA
wing_tactile,720575941485805776,SNta04,bristle_neuron,wing_margin_bristle_neuron,sensory,NA,left,acetylcholine,wing_margin,NA
wing_tactile,720575941631982277,WG2,taste_bristle_gustatory_neuron,wing_margin_taste_bristle_gustatory_neuron,sensory,NA,left,acetylcholine,wing_margin,NA
wing_tactile,720575941629084130,WG4,taste_bristle_gustatory_neuron,wing_margin_taste_bristle_gustatory_neuron,sensory,NA,left,acetylcholine,wing_margin,NA
wing_tactile,720575941547411517,WG2,taste_bristle_gustatory_neuron,wing_margin_taste_bristle_gustatory_neuron,sensory,NA,left,acetylcholine,wing_margin,NA
wing_tactile,720575941623316220,WG4,taste_bristle_gustatory_neuron,wing_margin_taste_bristle_gustatory_neuron,sensory,NA,left,acetylcholine,wing_margin,NA
wing_tactile,720575941505711410,WG2,taste_bristle_gustatory_neuron,wing_margin_taste_bristle_gustatory_neuron,sensory,NA,left,acetylcholine,wing_margin,NA
wing_tactile,720575941565118006,SNta04,bristle_neuron,wing_margin_bristle_neuron,sensory,NA,left,acetylcholine,wing_margin,NA
wing_tactile,720575941592697639,SNta04,bristle_neuron,wing_margin_bristle_neuron,sensory,NA,left,acetylcholine,wing_margin,NA
wing_tactile,720575941626940362,WG3,taste_bristle_gustatory_neuron,wing_margin_taste_bristle_gustatory_neuron,sensory,NA,left,glutamate,wing_margin,NA
wing_tactile,720575941526183449,WG4,taste_bristle_gustatory_neuron,wing_margin_taste_bristle_gustatory_neuron,sensory,NA,left,glutamate,wing_margin,NA
wing_tactile,720575941580825425,SNta04,bristle_neuron,wing_margin_bristle_neuron,sensory,NA,left,acetylcholine,wing_margin,NA
wing_tactile,720575941433754912,WG2,taste_bristle_gustatory_neuron,wing_margin_taste_bristle_gustatory_neuron,sensory,NA,left,acetylcholine,wing_margin,NA
wing_tactile,720575941643079585,WG3,taste_bristle_gustatory_neuron,wing_margin_taste_bristle_gustatory_neuron,sensory,NA,left,glutamate,wing_margin,NA
wing_tactile,720575941461376838,WG3,taste_bristle_gustatory_neuron,wing_margin_taste_bristle_gustatory_neuron,sensory,NA,left,acetylcholine,wing_margin,NA
wing_tactile,720575941439426133,WG2,taste_bristle_gustatory_neuron,wing_margin_taste_bristle_gustatory_neuron,sensory,NA,left,acetylcholine,wing_margin,NA
wing_tactile,720575941604988857,SNta11,bristle_neuron,wing_margin_bristle_neuron,sensory,NA,left,acetylcholine,wing_margin,NA
wing_tactile,720575941415463708,WG2,taste_bristle_gustatory_neuron,wing_margin_taste_bristle_gustatory_neuron,sensory,NA,left,acetylcholine,wing_margin,NA
wing_tactile,720575941649809685,WG2,taste_bristle_gustatory_neuron,wing_margin_taste_bristle_gustatory_neuron,sensory,NA,left,acetylcholine,wing_margin,NA
wing_tactile,720575941520965879,WG2,taste_bristle_gustatory_neuron,wing_margin_taste_bristle_gustatory_neuron,sensory,NA,left,acetylcholine,wing_margin,NA
wing_tactile,720575941442837674,WG4,taste_bristle_gustatory_neuron,wing_margin_taste_bristle_gustatory_neuron,sensory,NA,left,acetylcholine,wing_margin,NA
wing_tactile,720575941506158882,WG2,taste_bristle_gustatory_neuron,wing_margin_taste_bristle_gustatory_neuron,sensory,NA,left,acetylcholine,wing_margin,NA
wing_tactile,720575941604990393,SNta14,bristle_neuron,wing_margin_bristle_neuron,sensory,NA,left,acetylcholine,wing_margin,NA
wing_tactile,720575941500272969,WG2,taste_bristle_gustatory_neuron,wing_margin_taste_bristle_gustatory_neuron,sensory,NA,left,acetylcholine,wing_margin,NA
wing_tactile,720575941543874140,SNta18,bristle_neuron,wing_margin_bristle_neuron,sensory,NA,left,acetylcholine,wing_margin,NA
wing_tactile,720575941508955090,SNta18,bristle_neuron,wing_margin_bristle_neuron,sensory,NA,left,acetylcholine,wing_margin,NA
wing_tactile,720575941556969555,WG4,taste_bristle_gustatory_neuron,wing_margin_taste_bristle_gustatory_neuron,sensory,NA,left,glutamate,wing_margin,NA
wing_tactile,720575941612182602,WG4,taste_bristle_gustatory_neuron,wing_margin_taste_bristle_gustatory_neuron,sensory,NA,left,glutamate,wing_margin,NA
wing_tactile,720575941428888495,WG3,taste_bristle_gustatory_neuron,wing_margin_taste_bristle_gustatory_neuron,sensory,NA,left,glutamate,wing_margin,NA
wing_tactile,720575941498084321,WG2,taste_bristle_gustatory_neuron,wing_margin_taste_bristle_gustatory_neuron,sensory,NA,left,acetylcholine,wing_margin,NA
wing_tactile,720575941506427521,WG3,taste_bristle_gustatory_neuron,wing_margin_taste_bristle_gustatory_neuron,sensory,NA,left,glutamate,wing_margin,NA
wing_tactile,720575941507567420,SNta14,bristle_neuron,wing_margin_bristle_neuron,sensory,NA,left,acetylcholine,wing_margin,NA
wing_tactile,720575941524425207,WG2,taste_bristle_gustatory_neuron,wing_margin_taste_bristle_gustatory_neuron,sensory,NA,left,acetylcholine,wing_margin,NA
wing_tactile,720575941583371142,SNta04,bristle_neuron,wing_margin_bristle_neuron,sensory,NA,left,acetylcholine,wing_margin,NA
wing_tactile,720575941559694884,WG4,taste_bristle_gustatory_neuron,wing_margin_taste_bristle_gustatory_neuron,sensory,NA,left,acetylcholine,wing_margin,NA
wing_tactile,720575941593421425,WG2,taste_bristle_gustatory_neuron,wing_margin_taste_bristle_gustatory_neuron,sensory,NA,left,acetylcholine,wing_margin,NA
wing_tactile,720575941554894727,SNta04,bristle_neuron,wing_margin_bristle_neuron,sensory,NA,left,acetylcholine,wing_margin,NA
wing_tactile,720575941447003573,WG4,taste_bristle_gustatory_neuron,wing_margin_taste_bristle_gustatory_neuron,sensory,NA,right,acetylcholine,wing_margin,NA
wing_tactile,720575941446989749,WG4,taste_bristle_gustatory_neuron,wing_margin_taste_bristle_gustatory_neuron,sensory,NA,right,acetylcholine,wing_margin,NA
wing_tactile,720575941548640436,WG4,taste_bristle_gustatory_neuron,wing_margin_taste_bristle_gustatory_neuron,sensory,NA,right,acetylcholine,wing_margin,NA
wing_tactile,720575941447005365,WG3,taste_bristle_gustatory_neuron,wing_margin_taste_bristle_gustatory_neuron,sensory,NA,right,glutamate,wing_margin,NA
wing_tactile,720575941631698146,WG2,taste_bristle_gustatory_neuron,wing_margin_taste_bristle_gustatory_neuron,sensory,NA,right,acetylcholine,wing_margin,NA
wing_tactile,720575941531020773,SNta04,bristle_neuron,wing_margin_bristle_neuron,sensory,NA,left,acetylcholine,wing_margin,NA
wing_tactile,720575941485449357,WG2,taste_bristle_gustatory_neuron,wing_margin_taste_bristle_gustatory_neuron,sensory,NA,right,acetylcholine,wing_margin,NA
wing_tactile,720575941479737507,WG2,taste_bristle_gustatory_neuron,wing_margin_taste_bristle_gustatory_neuron,sensory,NA,left,acetylcholine,wing_margin,NA
wing_tactile,720575941624478410,SNta04,bristle_neuron,wing_margin_bristle_neuron,sensory,NA,left,acetylcholine,wing_margin,NA
wing_tactile,720575941560550951,SNta04,bristle_neuron,wing_margin_bristle_neuron,sensory,NA,left,acetylcholine,wing_margin,NA
wing_tactile,720575941572214024,WG3,taste_bristle_gustatory_neuron,wing_margin_taste_bristle_gustatory_neuron,sensory,NA,left,glutamate,wing_margin,NA
wing_tactile,720575941536629514,SNta14,bristle_neuron,wing_margin_bristle_neuron,sensory,NA,left,acetylcholine,wing_margin,NA
wing_tactile,720575941516408419,SNta11,bristle_neuron,wing_margin_bristle_neuron,sensory,NA,right,acetylcholine,wing_margin,NA
wing_tactile,720575941435938190,SNta11,bristle_neuron,wing_margin_bristle_neuron,sensory,NA,right,acetylcholine,wing_margin,NA
wing_tactile,720575941515726659,SNta14,bristle_neuron,wing_margin_bristle_neuron,sensory,NA,left,acetylcholine,wing_margin,NA
wing_tactile,720575941613984988,SNta14,bristle_neuron,wing_margin_bristle_neuron,sensory,NA,right,acetylcholine,wing_margin,NA
wing_tactile,720575941497349248,SNta14,bristle_neuron,wing_margin_bristle_neuron,sensory,NA,right,acetylcholine,wing_margin,NA
wing_tactile,720575941516589402,SNta11,bristle_neuron,wing_margin_bristle_neuron,sensory,NA,left,acetylcholine,wing_margin,NA
wing_tactile,720575941508404759,SNta14,bristle_neuron,wing_margin_bristle_neuron,sensory,NA,right,acetylcholine,wing_margin,NA
wing_tactile,720575941498246050,WG2,taste_bristle_gustatory_neuron,wing_margin_taste_bristle_gustatory_neuron,sensory,NA,right,acetylcholine,wing_margin,NA
wing_tactile,720575941600275494,WG3,taste_bristle_gustatory_neuron,wing_margin_taste_bristle_gustatory_neuron,sensory,NA,right,glutamate,wing_margin,NA
wing_tactile,720575941460561860,WG3,taste_bristle_gustatory_neuron,wing_margin_taste_bristle_gustatory_neuron,sensory,NA,right,glutamate,wing_margin,NA
wing_tactile,720575941535716801,SNta04,bristle_neuron,wing_margin_bristle_neuron,sensory,NA,right,acetylcholine,wing_margin,NA
wing_tactile,720575941625458940,SNta14,bristle_neuron,wing_margin_bristle_neuron,sensory,NA,left,acetylcholine,wing_margin,NA
wing_tactile,720575941491271881,SNta18,bristle_neuron,wing_margin_bristle_neuron,sensory,NA,left,acetylcholine,wing_margin,NA
wing_tactile,720575941632870560,WG3,taste_bristle_gustatory_neuron,wing_margin_taste_bristle_gustatory_neuron,sensory,NA,right,glutamate,wing_margin,NA
wing_tactile,720575941605767650,WG3,taste_bristle_gustatory_neuron,wing_margin_taste_bristle_gustatory_neuron,sensory,NA,right,glutamate,wing_margin,NA
wing_tactile,720575941527950468,WG3,taste_bristle_gustatory_neuron,wing_margin_taste_bristle_gustatory_neuron,sensory,NA,right,glutamate,wing_margin,NA
wing_tactile,720575941428843951,SNta04,bristle_neuron,wing_margin_bristle_neuron,sensory,NA,left,acetylcholine,wing_margin,NA
wing_tactile,720575941406945839,WG4,taste_bristle_gustatory_neuron,wing_margin_taste_bristle_gustatory_neuron,sensory,NA,right,glutamate,wing_margin,NA
wing_tactile,720575941553311898,WG2,taste_bristle_gustatory_neuron,wing_margin_taste_bristle_gustatory_neuron,sensory,NA,left,acetylcholine,wing_margin,NA
wing_tactile,720575941434365454,SNta04,bristle_neuron,wing_margin_bristle_neuron,sensory,NA,right,acetylcholine,wing_margin,NA
wing_tactile,720575941504763045,SNta18,bristle_neuron,wing_margin_bristle_neuron,sensory,NA,left,acetylcholine,wing_margin,NA
wing_tactile,720575941443967402,SNta04,bristle_neuron,wing_margin_bristle_neuron,sensory,NA,right,acetylcholine,wing_margin,NA
wing_tactile,720575941536674290,SNta04,bristle_neuron,wing_margin_bristle_neuron,sensory,NA,left,acetylcholine,wing_margin,NA
wing_tactile,720575941452996521,SNta04,bristle_neuron,wing_margin_bristle_neuron,sensory,NA,right,acetylcholine,wing_margin,NA
wing_tactile,720575941588279038,SNta04,bristle_neuron,wing_margin_bristle_neuron,sensory,NA,left,acetylcholine,wing_margin,NA
wing_tactile,720575941614000092,SNta07,bristle_neuron,wing_margin_bristle_neuron,sensory,NA,right,acetylcholine,wing_margin,NA
wing_tactile,720575941566119831,SNta14,bristle_neuron,wing_margin_bristle_neuron,sensory,NA,left,acetylcholine,wing_margin,NA
wing_tactile,720575941457962989,SNta18,bristle_neuron,wing_margin_bristle_neuron,sensory,NA,right,acetylcholine,wing_margin,NA
wing_tactile,720575941515300755,SNta18,bristle_neuron,wing_margin_bristle_neuron,sensory,NA,right,acetylcholine,wing_margin,NA
wing_tactile,720575941639198751,SNta18,bristle_neuron,wing_margin_bristle_neuron,sensory,NA,right,acetylcholine,wing_margin,NA
wing_tactile,720575941551177022,SNta18,bristle_neuron,wing_margin_bristle_neuron,sensory,NA,left,acetylcholine,wing_margin,NA
wing_tactile,720575941560602024,SNta08,bristle_neuron,wing_margin_bristle_neuron,sensory,NA,right,acetylcholine,wing_margin,NA
wing_tactile,720575941476929844,SNta04,bristle_neuron,wing_margin_bristle_neuron,sensory,NA,right,acetylcholine,wing_margin,NA
wing_tactile,720575941404386160,SNta04,bristle_neuron,wing_margin_bristle_neuron,sensory,NA,right,acetylcholine,wing_margin,NA
wing_tactile,720575941448909493,SNta04,bristle_neuron,wing_margin_bristle_neuron,sensory,NA,right,acetylcholine,wing_margin,NA
wing_tactile,720575941484748541,SNta11,bristle_neuron,wing_margin_bristle_neuron,sensory,NA,right,acetylcholine,wing_margin,NA
wing_tactile,720575941696312026,SNta08,bristle_neuron,wing_margin_bristle_neuron,sensory,NA,right,acetylcholine,wing_margin,NA
wing_tactile,720575941470432832,SNta08,bristle_neuron,wing_margin_bristle_neuron,sensory,NA,right,acetylcholine,wing_margin,NA
wing_tactile,720575941618824998,SNta04,bristle_neuron,wing_margin_bristle_neuron,sensory,NA,right,acetylcholine,wing_margin,NA
wing_tactile,720575941583377503,SNta04,bristle_neuron,wing_margin_bristle_neuron,sensory,NA,right,acetylcholine,wing_margin,NA
wing_tactile,720575941555977892,WG2,taste_bristle_gustatory_neuron,wing_margin_taste_bristle_gustatory_neuron,sensory,NA,right,glutamate,wing_margin,NA
wing_tactile,720575941476644929,SNta11,bristle_neuron,wing_margin_bristle_neuron,sensory,NA,right,acetylcholine,wing_margin,NA
wing_tactile,720575941524984651,SNta07,bristle_neuron,wing_margin_bristle_neuron,sensory,NA,right,acetylcholine,wing_margin,NA
wing_tactile,720575941555213722,SNta14,bristle_neuron,wing_margin_bristle_neuron,sensory,NA,right,acetylcholine,wing_margin,NA
wing_tactile,720575941616161237,SNta18,bristle_neuron,wing_margin_bristle_neuron,sensory,NA,right,acetylcholine,wing_margin,NA
wing_tactile,720575941631076332,WG2,taste_bristle_gustatory_neuron,wing_margin_taste_bristle_gustatory_neuron,sensory,NA,right,glutamate,wing_margin,NA
wing_tactile,720575941448681053,SNta08,bristle_neuron,wing_margin_bristle_neuron,sensory,NA,right,acetylcholine,wing_margin,NA
wing_tactile,720575941545863273,SNta11,bristle_neuron,wing_margin_bristle_neuron,sensory,NA,right,acetylcholine,wing_margin,NA
wing_tactile,720575941556080129,SNta11,bristle_neuron,wing_margin_bristle_neuron,sensory,NA,right,acetylcholine,wing_margin,NA
wing_tactile,720575941450425269,SNta14,bristle_neuron,wing_margin_bristle_neuron,sensory,NA,right,acetylcholine,wing_margin,NA
wing_tactile,720575941517461907,SNta14,bristle_neuron,wing_margin_bristle_neuron,sensory,NA,right,acetylcholine,wing_margin,NA
wing_tactile,720575941514375377,SNta14,bristle_neuron,wing_margin_bristle_neuron,sensory,NA,right,acetylcholine,wing_margin,NA
wing_tactile,720575941555215770,SNta07,bristle_neuron,wing_margin_bristle_neuron,sensory,NA,left,acetylcholine,wing_margin,NA
wing_tactile,720575941500662667,SNta18,bristle_neuron,wing_margin_bristle_neuron,sensory,NA,left,acetylcholine,wing_margin,NA
wing_tactile,720575941457373424,WG4,taste_bristle_gustatory_neuron,wing_margin_taste_bristle_gustatory_neuron,sensory,NA,left,acetylcholine,wing_margin,NA
wing_tactile,720575941562262317,SNta11,bristle_neuron,wing_margin_bristle_neuron,sensory,NA,left,acetylcholine,wing_margin,NA
wing_tactile,720575941588710199,WG2,taste_bristle_gustatory_neuron,wing_margin_taste_bristle_gustatory_neuron,sensory,NA,left,acetylcholine,wing_margin,NA
wing_tactile,720575941504656619,SNta04,bristle_neuron,wing_margin_bristle_neuron,sensory,NA,left,acetylcholine,wing_margin,NA
wing_tactile,720575941472730464,WG2,taste_bristle_gustatory_neuron,wing_margin_taste_bristle_gustatory_neuron,sensory,NA,right,acetylcholine,wing_margin,NA
wing_tactile,720575941539056845,SNta04,bristle_neuron,wing_margin_bristle_neuron,sensory,NA,right,acetylcholine,wing_margin,NA
wing_tactile,720575941604343334,SNta04,bristle_neuron,wing_margin_bristle_neuron,sensory,NA,right,acetylcholine,wing_margin,NA
wing_tactile,720575941662531452,SNta18,bristle_neuron,wing_margin_bristle_neuron,sensory,NA,right,acetylcholine,wing_margin,NA
wing_tactile,720575941668905649,WG3,taste_bristle_gustatory_neuron,wing_margin_taste_bristle_gustatory_neuron,sensory,NA,right,glutamate,wing_margin,NA
wing_tactile,720575941439175442,SNta14,bristle_neuron,wing_margin_bristle_neuron,sensory,NA,right,acetylcholine,wing_margin,NA
wing_tactile,720575941662427260,WG2,taste_bristle_gustatory_neuron,wing_margin_taste_bristle_gustatory_neuron,sensory,NA,right,acetylcholine,wing_margin,NA
wing_tactile,720575941682180541,SNta08,bristle_neuron,wing_margin_bristle_neuron,sensory,NA,left,acetylcholine,wing_margin,NA
wing_tactile,720575941575423753,SNta14,bristle_neuron,wing_margin_bristle_neuron,sensory,NA,left,acetylcholine,wing_margin,NA
wing_tactile,720575941487260873,SNta18,bristle_neuron,wing_margin_bristle_neuron,sensory,NA,NA,acetylcholine,wing_margin,NA
wing_tactile,720575941679702205,SNta18,bristle_neuron,wing_margin_bristle_neuron,sensory,NA,left,acetylcholine,wing_margin,NA
wing_tactile,720575941700564186,SNta04,bristle_neuron,wing_margin_bristle_neuron,sensory,NA,left,acetylcholine,wing_margin,NA
wing_tactile,720575941656643408,SNta04,bristle_neuron,wing_margin_bristle_neuron,sensory,NA,left,acetylcholine,wing_margin,NA
wing_tactile,720575941541878813,WG2,taste_bristle_gustatory_neuron,wing_margin_taste_bristle_gustatory_neuron,sensory,NA,NA,acetylcholine,wing_margin,NA
wing_tactile,720575941428400265,WG2,taste_bristle_gustatory_neuron,wing_margin_taste_bristle_gustatory_neuron,sensory,NA,right,acetylcholine,wing_margin,NA
wing_tactile,720575941651635441,SNta04,bristle_neuron,wing_margin_bristle_neuron,sensory,NA,right,acetylcholine,wing_margin,NA
wing_tactile,720575941480836687,SNta18,bristle_neuron,wing_margin_bristle_neuron,sensory,NA,right,acetylcholine,wing_margin,NA
wing_tactile,720575941478267360,WG2,taste_bristle_gustatory_neuron,wing_margin_taste_bristle_gustatory_neuron,sensory,NA,left,acetylcholine,wing_margin,NA
wing_tactile,720575941443620778,WG2,taste_bristle_gustatory_neuron,wing_margin_taste_bristle_gustatory_neuron,sensory,NA,NA,acetylcholine,wing_margin,NA
wing_tactile,720575941533733866,SNta18,bristle_neuron,wing_margin_bristle_neuron,sensory,NA,NA,acetylcholine,wing_margin,NA
wing_tactile,720575941489304629,SNta18,bristle_neuron,wing_margin_bristle_neuron,sensory,NA,left,acetylcholine,wing_margin,NA
wing_tactile,720575941525363970,SNta18,bristle_neuron,wing_margin_bristle_neuron,sensory,NA,NA,acetylcholine,wing_margin,NA
wing_tactile,720575941451921735,WG2,taste_bristle_gustatory_neuron,wing_margin_taste_bristle_gustatory_neuron,sensory,NA,right,acetylcholine,wing_margin,NA
wing_tactile,720575941446935828,SNta04,bristle_neuron,wing_margin_bristle_neuron,sensory,NA,right,acetylcholine,wing_margin,NA
wing_tactile,720575941643102290,WG4,taste_bristle_gustatory_neuron,wing_margin_taste_bristle_gustatory_neuron,sensory,NA,right,glutamate,wing_margin,NA
wing_tactile,720575941538206101,SNta11,bristle_neuron,wing_margin_bristle_neuron,sensory,NA,right,acetylcholine,wing_margin,NA
wing_tactile,720575941352077104,SNta08,bristle_neuron,wing_margin_bristle_neuron,sensory,NA,right,acetylcholine,wing_margin,NA
wing_tactile,720575941733258795,SNta11,bristle_neuron,wing_margin_bristle_neuron,sensory,NA,right,acetylcholine,wing_margin,NA
wing_tactile,720575941554983834,WG3,taste_bristle_gustatory_neuron,wing_margin_taste_bristle_gustatory_neuron,sensory,NA,left,NA,wing_margin,NA
wing_tactile,720575941414947217,SNta11,bristle_neuron,wing_margin_bristle_neuron,sensory,NA,right,acetylcholine,wing_margin,NA
wing_tactile,720575941400580387,WG2,taste_bristle_gustatory_neuron,wing_margin_taste_bristle_gustatory_neuron,sensory,NA,right,acetylcholine,wing_margin,NA
wing_tactile,720575941405810862,WG4,taste_bristle_gustatory_neuron,wing_margin_taste_bristle_gustatory_neuron,sensory,NA,right,acetylcholine,wing_margin,NA
wing_tactile,720575941559243502,SNta04,bristle_neuron,wing_margin_bristle_neuron,sensory,NA,left,acetylcholine,wing_margin,NA
wing_tactile,720575941599005340,WG2,taste_bristle_gustatory_neuron,wing_margin_taste_bristle_gustatory_neuron,sensory,NA,right,acetylcholine,wing_margin,NA
wing_tactile,720575941498781602,SNta18,bristle_neuron,wing_margin_bristle_neuron,sensory,NA,right,acetylcholine,wing_margin,NA
wing_tactile,720575941687533324,WG4,taste_bristle_gustatory_neuron,wing_margin_taste_bristle_gustatory_neuron,sensory,NA,right,acetylcholine,wing_margin,NA
wing_tactile,720575941552780167,SNta04,bristle_neuron,wing_margin_bristle_neuron,sensory,NA,left,acetylcholine,wing_margin,NA
wing_tactile,720575941413878044,WG3,taste_bristle_gustatory_neuron,wing_margin_taste_bristle_gustatory_neuron,sensory,NA,right,glutamate,wing_margin,NA
wing_tactile,720575941476591156,WG4,taste_bristle_gustatory_neuron,wing_margin_taste_bristle_gustatory_neuron,sensory,NA,right,acetylcholine,wing_margin,NA
wing_tactile,720575941466547990,SNta04,bristle_neuron,wing_margin_bristle_neuron,sensory,NA,right,acetylcholine,wing_margin,NA
wing_tactile,720575941430024462,SNta04,bristle_neuron,wing_margin_bristle_neuron,sensory,NA,right,acetylcholine,wing_margin,NA
wing_tactile,720575941559424883,SNta14,bristle_neuron,wing_margin_bristle_neuron,sensory,NA,right,acetylcholine,wing_margin,NA
wing_tactile,720575941538790115,WG3,taste_bristle_gustatory_neuron,wing_margin_taste_bristle_gustatory_neuron,sensory,NA,left,glutamate,wing_margin,NA
wing_tactile,720575941482156998,WG3,taste_bristle_gustatory_neuron,wing_margin_taste_bristle_gustatory_neuron,sensory,NA,left,glutamate,wing_margin,NA
wing_tactile,720575941436156460,WG3,taste_bristle_gustatory_neuron,wing_margin_taste_bristle_gustatory_neuron,sensory,NA,left,acetylcholine,wing_margin,NA
wing_tactile,720575941440428495,SNta04,bristle_neuron,wing_margin_bristle_neuron,sensory,NA,right,acetylcholine,wing_margin,NA
wing_tactile,720575941447023029,WG2,taste_bristle_gustatory_neuron,wing_margin_taste_bristle_gustatory_neuron,sensory,NA,right,acetylcholine,wing_margin,NA
wing_tactile,720575941448819293,WG2,taste_bristle_gustatory_neuron,wing_margin_taste_bristle_gustatory_neuron,sensory,NA,right,acetylcholine,wing_margin,NA
wing_tactile,720575941664811132,SNta08,bristle_neuron,wing_margin_bristle_neuron,sensory,NA,left,acetylcholine,wing_margin,NA
wing_tactile,720575941505314469,SNta04,bristle_neuron,wing_margin_bristle_neuron,sensory,NA,right,acetylcholine,wing_margin,NA
wing_tactile,720575941554246042,SNta04,bristle_neuron,wing_margin_bristle_neuron,sensory,NA,right,acetylcholine,wing_margin,NA
wing_tactile,720575941686976495,SNta04,bristle_neuron,wing_margin_bristle_neuron,sensory,NA,left,acetylcholine,wing_margin,NA
wing_tactile,720575941459681936,SNta11,bristle_neuron,wing_margin_bristle_neuron,sensory,NA,right,acetylcholine,wing_margin,NA
wing_tactile,720575941553181695,SNta11,bristle_neuron,wing_margin_bristle_neuron,sensory,NA,right,acetylcholine,wing_margin,NA
wing_tactile,720575941575697672,SNta04,bristle_neuron,wing_margin_bristle_neuron,sensory,NA,right,acetylcholine,wing_margin,NA
wing_tactile,720575941471225184,WG3,taste_bristle_gustatory_neuron,wing_margin_taste_bristle_gustatory_neuron,sensory,NA,right,glutamate,wing_margin,NA
wing_tactile,720575941556370852,SNta04,bristle_neuron,wing_margin_bristle_neuron,sensory,NA,right,acetylcholine,wing_margin,NA
wing_tactile,720575941631739362,WG4,taste_bristle_gustatory_neuron,wing_margin_taste_bristle_gustatory_neuron,sensory,NA,right,glutamate,wing_margin,NA
wing_tactile,720575941567282478,WG2,taste_bristle_gustatory_neuron,wing_margin_taste_bristle_gustatory_neuron,sensory,NA,right,glutamate,wing_margin,NA
wing_tactile,720575941435147406,WG4,taste_bristle_gustatory_neuron,wing_margin_taste_bristle_gustatory_neuron,sensory,NA,right,acetylcholine,wing_margin,NA
wing_tactile,720575941577641817,SNta04,bristle_neuron,wing_margin_bristle_neuron,sensory,NA,right,acetylcholine,wing_margin,NA
wing_tactile,720575941507564673,WG4,taste_bristle_gustatory_neuron,wing_margin_taste_bristle_gustatory_neuron,sensory,NA,right,acetylcholine,wing_margin,NA
wing_tactile,720575941478061987,WG2,taste_bristle_gustatory_neuron,wing_margin_taste_bristle_gustatory_neuron,sensory,NA,right,glutamate,wing_margin,NA
wing_tactile,720575941439452501,WG2,taste_bristle_gustatory_neuron,wing_margin_taste_bristle_gustatory_neuron,sensory,NA,left,acetylcholine,wing_margin,NA
wing_tactile,720575941546176873,SNta18,bristle_neuron,wing_margin_bristle_neuron,sensory,NA,right,acetylcholine,wing_margin,NA
wing_tactile,720575941481287421,SNta11,bristle_neuron,wing_margin_bristle_neuron,sensory,NA,left,acetylcholine,wing_margin,NA
wing_tactile,720575941433074702,SNta04,bristle_neuron,wing_margin_bristle_neuron,sensory,NA,right,acetylcholine,wing_margin,NA
wing_tactile,720575941484522758,WG3,taste_bristle_gustatory_neuron,wing_margin_taste_bristle_gustatory_neuron,sensory,NA,left,glutamate,wing_margin,NA
wing_tactile,720575941592503147,WG2,taste_bristle_gustatory_neuron,wing_margin_taste_bristle_gustatory_neuron,sensory,NA,right,acetylcholine,wing_margin,NA
wing_tactile,720575941485295824,WG3,taste_bristle_gustatory_neuron,wing_margin_taste_bristle_gustatory_neuron,sensory,NA,right,acetylcholine,wing_margin,NA
wing_tactile,720575941592485995,WG2,taste_bristle_gustatory_neuron,wing_margin_taste_bristle_gustatory_neuron,sensory,NA,right,glutamate,wing_margin,NA
wing_tactile,720575941487761973,WG3,taste_bristle_gustatory_neuron,wing_margin_taste_bristle_gustatory_neuron,sensory,NA,right,acetylcholine,wing_margin,NA
wing_tactile,720575941606689901,WG4,taste_bristle_gustatory_neuron,wing_margin_taste_bristle_gustatory_neuron,sensory,NA,right,acetylcholine,wing_margin,NA
wing_tactile,720575941489388489,SNta14,bristle_neuron,wing_margin_bristle_neuron,sensory,NA,right,acetylcholine,wing_margin,NA
wing_tactile,720575941493438919,SNta04,bristle_neuron,wing_margin_bristle_neuron,sensory,NA,right,acetylcholine,wing_margin,NA
wing_tactile,720575941515139577,SNta04,bristle_neuron,wing_margin_bristle_neuron,sensory,NA,left,acetylcholine,wing_margin,NA
wing_tactile,720575941494084992,WG2,taste_bristle_gustatory_neuron,wing_margin_taste_bristle_gustatory_neuron,sensory,NA,right,acetylcholine,wing_margin,NA
wing_tactile,720575941426794836,WG2,taste_bristle_gustatory_neuron,wing_margin_taste_bristle_gustatory_neuron,sensory,NA,left,acetylcholine,wing_margin,NA
wing_tactile,720575941687885295,WG2,taste_bristle_gustatory_neuron,wing_margin_taste_bristle_gustatory_neuron,sensory,NA,left,acetylcholine,wing_margin,NA
wing_tactile,720575941551459902,WG2,taste_bristle_gustatory_neuron,wing_margin_taste_bristle_gustatory_neuron,sensory,NA,left,acetylcholine,wing_margin,NA
wing_tactile,720575941497471611,WG2,taste_bristle_gustatory_neuron,wing_margin_taste_bristle_gustatory_neuron,sensory,NA,right,acetylcholine,wing_margin,NA
wing_tactile,720575941496935074,WG2,taste_bristle_gustatory_neuron,wing_margin_taste_bristle_gustatory_neuron,sensory,NA,right,acetylcholine,wing_margin,NA
wing_tactile,720575941534049624,WG3,taste_bristle_gustatory_neuron,wing_margin_taste_bristle_gustatory_neuron,sensory,NA,right,acetylcholine,wing_margin,NA
wing_tactile,720575941541789565,SNta04,bristle_neuron,wing_margin_bristle_neuron,sensory,NA,right,acetylcholine,wing_margin,NA
wing_tactile,720575941392556438,WG2,taste_bristle_gustatory_neuron,wing_margin_taste_bristle_gustatory_neuron,sensory,NA,left,acetylcholine,wing_margin,NA
wing_tactile,720575941461390736,SNta11,bristle_neuron,wing_margin_bristle_neuron,sensory,NA,right,acetylcholine,wing_margin,NA
wing_tactile,720575941408453423,WG2,taste_bristle_gustatory_neuron,wing_margin_taste_bristle_gustatory_neuron,sensory,NA,left,acetylcholine,wing_margin,NA
wing_tactile,720575941489741001,SNta18,bristle_neuron,wing_margin_bristle_neuron,sensory,NA,right,acetylcholine,wing_margin,NA
wing_tactile,720575941504776357,WG3,taste_bristle_gustatory_neuron,wing_margin_taste_bristle_gustatory_neuron,sensory,NA,right,glutamate,wing_margin,NA
wing_tactile,720575941504898981,SNta04,bristle_neuron,wing_margin_bristle_neuron,sensory,NA,right,acetylcholine,wing_margin,NA
wing_tactile,720575941505802369,SNta04,bristle_neuron,wing_margin_bristle_neuron,sensory,NA,right,acetylcholine,wing_margin,NA
wing_tactile,720575941430262447,WG2,taste_bristle_gustatory_neuron,wing_margin_taste_bristle_gustatory_neuron,sensory,NA,left,acetylcholine,wing_margin,NA
wing_tactile,720575941505304997,WG3,taste_bristle_gustatory_neuron,wing_margin_taste_bristle_gustatory_neuron,sensory,NA,right,glutamate,wing_margin,NA
wing_tactile,720575941638308725,SNta04,bristle_neuron,wing_margin_bristle_neuron,sensory,NA,right,acetylcholine,wing_margin,NA
wing_tactile,720575941491412937,SNta14,bristle_neuron,wing_margin_bristle_neuron,sensory,NA,right,acetylcholine,wing_margin,NA
wing_tactile,720575941731609643,SNta04,bristle_neuron,wing_margin_bristle_neuron,sensory,NA,right,acetylcholine,wing_margin,NA
wing_tactile,720575941509038096,SNta18,bristle_neuron,wing_margin_bristle_neuron,sensory,NA,right,acetylcholine,wing_margin,NA
wing_tactile,720575941509729234,WG3,taste_bristle_gustatory_neuron,wing_margin_taste_bristle_gustatory_neuron,sensory,NA,right,glutamate,wing_margin,NA
wing_tactile,720575941505316402,SNta11,bristle_neuron,wing_margin_bristle_neuron,sensory,NA,right,acetylcholine,wing_margin,NA
wing_tactile,720575941544489245,SNta04,bristle_neuron,wing_margin_bristle_neuron,sensory,NA,right,acetylcholine,wing_margin,NA
wing_tactile,720575941651639793,WG3,taste_bristle_gustatory_neuron,wing_margin_taste_bristle_gustatory_neuron,sensory,NA,left,glutamate,wing_margin,NA
wing_tactile,720575941623203324,WG2,taste_bristle_gustatory_neuron,wing_margin_taste_bristle_gustatory_neuron,sensory,NA,left,acetylcholine,wing_margin,NA
wing_tactile,720575941513197561,WG2,taste_bristle_gustatory_neuron,wing_margin_taste_bristle_gustatory_neuron,sensory,NA,right,acetylcholine,wing_margin,NA
wing_tactile,720575941516716910,SNta04,bristle_neuron,wing_margin_bristle_neuron,sensory,NA,right,acetylcholine,wing_margin,NA
wing_tactile,720575941479859050,SNta11,bristle_neuron,wing_margin_bristle_neuron,sensory,NA,right,acetylcholine,wing_margin,NA
wing_tactile,720575941392562948,WG3,taste_bristle_gustatory_neuron,wing_margin_taste_bristle_gustatory_neuron,sensory,NA,right,acetylcholine,wing_margin,NA
wing_tactile,720575941521754615,SNta04,bristle_neuron,wing_margin_bristle_neuron,sensory,NA,right,acetylcholine,wing_margin,NA
wing_tactile,720575941524197732,WG4,taste_bristle_gustatory_neuron,wing_margin_taste_bristle_gustatory_neuron,sensory,NA,right,acetylcholine,wing_margin,NA
wing_tactile,720575941527074232,WG3,taste_bristle_gustatory_neuron,wing_margin_taste_bristle_gustatory_neuron,sensory,NA,right,acetylcholine,wing_margin,NA
wing_tactile,720575941613365011,SNta04,bristle_neuron,wing_margin_bristle_neuron,sensory,NA,right,acetylcholine,wing_margin,NA
wing_tactile,720575941528979110,SNta11,bristle_neuron,wing_margin_bristle_neuron,sensory,NA,left,acetylcholine,wing_margin,NA
wing_tactile,720575941619885951,WG3,taste_bristle_gustatory_neuron,wing_margin_taste_bristle_gustatory_neuron,sensory,NA,right,acetylcholine,wing_margin,NA
wing_tactile,720575941663014780,SNta04,bristle_neuron,wing_margin_bristle_neuron,sensory,NA,right,acetylcholine,wing_margin,NA
wing_tactile,720575941591867432,WG3,taste_bristle_gustatory_neuron,wing_margin_taste_bristle_gustatory_neuron,sensory,NA,right,glutamate,wing_margin,NA
wing_tactile,720575941446918676,SNta04,bristle_neuron,wing_margin_bristle_neuron,sensory,NA,left,acetylcholine,wing_margin,NA
wing_tactile,720575941440695643,WG4,taste_bristle_gustatory_neuron,wing_margin_taste_bristle_gustatory_neuron,sensory,NA,left,acetylcholine,wing_margin,NA
wing_tactile,720575941426786388,WG2,taste_bristle_gustatory_neuron,wing_margin_taste_bristle_gustatory_neuron,sensory,NA,right,acetylcholine,wing_margin,NA
wing_tactile,720575941415683100,WG2,taste_bristle_gustatory_neuron,wing_margin_taste_bristle_gustatory_neuron,sensory,NA,right,acetylcholine,wing_margin,NA
wing_tactile,720575941530342859,SNta08,bristle_neuron,wing_margin_bristle_neuron,sensory,NA,right,acetylcholine,wing_margin,NA
wing_tactile,720575941453994803,WG2,taste_bristle_gustatory_neuron,wing_margin_taste_bristle_gustatory_neuron,sensory,NA,right,acetylcholine,wing_margin,NA
wing_tactile,720575941661541944,WG2,taste_bristle_gustatory_neuron,wing_margin_taste_bristle_gustatory_neuron,sensory,NA,right,acetylcholine,wing_margin,NA
wing_tactile,720575941536695528,WG4,taste_bristle_gustatory_neuron,wing_margin_taste_bristle_gustatory_neuron,sensory,NA,right,acetylcholine,wing_margin,NA
wing_tactile,720575941689943448,WG2,taste_bristle_gustatory_neuron,wing_margin_taste_bristle_gustatory_neuron,sensory,NA,right,acetylcholine,wing_margin,NA
wing_tactile,720575941434547854,WG2,taste_bristle_gustatory_neuron,wing_margin_taste_bristle_gustatory_neuron,sensory,NA,right,acetylcholine,wing_margin,NA
wing_tactile,720575941652746001,WG2,taste_bristle_gustatory_neuron,wing_margin_taste_bristle_gustatory_neuron,sensory,NA,right,acetylcholine,wing_margin,NA
wing_tactile,720575941588144196,WG2,taste_bristle_gustatory_neuron,wing_margin_taste_bristle_gustatory_neuron,sensory,NA,right,acetylcholine,wing_margin,NA
wing_tactile,720575941589894142,WG2,taste_bristle_gustatory_neuron,wing_margin_taste_bristle_gustatory_neuron,sensory,NA,right,acetylcholine,wing_margin,NA
wing_tactile,720575941631133420,WG2,taste_bristle_gustatory_neuron,wing_margin_taste_bristle_gustatory_neuron,sensory,NA,right,acetylcholine,wing_margin,NA
wing_tactile,720575941534124632,SNta18,bristle_neuron,wing_margin_bristle_neuron,sensory,NA,right,acetylcholine,wing_margin,NA
wing_tactile,720575941487706374,SNta11,bristle_neuron,wing_margin_bristle_neuron,sensory,NA,right,acetylcholine,wing_margin,NA
wing_tactile,720575941589870078,WG2,taste_bristle_gustatory_neuron,wing_margin_taste_bristle_gustatory_neuron,sensory,NA,right,acetylcholine,wing_margin,NA
wing_tactile,720575941552769671,WG2,taste_bristle_gustatory_neuron,wing_margin_taste_bristle_gustatory_neuron,sensory,NA,right,acetylcholine,wing_margin,NA
wing_tactile,720575941473441120,WG2,taste_bristle_gustatory_neuron,wing_margin_taste_bristle_gustatory_neuron,sensory,NA,right,acetylcholine,wing_margin,NA
wing_tactile,720575941514695523,WG2,taste_bristle_gustatory_neuron,wing_margin_taste_bristle_gustatory_neuron,sensory,NA,right,acetylcholine,wing_margin,NA
wing_tactile,720575941497473659,WG2,taste_bristle_gustatory_neuron,wing_margin_taste_bristle_gustatory_neuron,sensory,NA,right,acetylcholine,wing_margin,NA
wing_tactile,720575941538193301,WG2,taste_bristle_gustatory_neuron,wing_margin_taste_bristle_gustatory_neuron,sensory,NA,right,acetylcholine,wing_margin,NA
wing_tactile,720575941575959816,WG4,taste_bristle_gustatory_neuron,wing_margin_taste_bristle_gustatory_neuron,sensory,NA,right,acetylcholine,wing_margin,NA
wing_tactile,720575941590438540,WG2,taste_bristle_gustatory_neuron,wing_margin_taste_bristle_gustatory_neuron,sensory,NA,right,acetylcholine,wing_margin,NA
wing_tactile,720575941565225526,WG2,taste_bristle_gustatory_neuron,wing_margin_taste_bristle_gustatory_neuron,sensory,NA,right,acetylcholine,wing_margin,NA
wing_tactile,720575941584995206,WG2,taste_bristle_gustatory_neuron,wing_margin_taste_bristle_gustatory_neuron,sensory,NA,right,acetylcholine,wing_margin,NA
wing_tactile,720575941491586357,SNta11,bristle_neuron,wing_margin_bristle_neuron,sensory,NA,right,acetylcholine,wing_margin,NA
wing_tactile,720575941548513313,WG3,taste_bristle_gustatory_neuron,wing_margin_taste_bristle_gustatory_neuron,sensory,NA,right,glutamate,wing_margin,NA
wing_tactile,720575941487714370,SNta04,bristle_neuron,wing_margin_bristle_neuron,sensory,NA,left,acetylcholine,wing_margin,NA
wing_tactile,720575941537643213,SNta08,bristle_neuron,wing_margin_bristle_neuron,sensory,NA,right,acetylcholine,wing_margin,NA
wing_tactile,720575941409945647,SNta11,bristle_neuron,wing_margin_bristle_neuron,sensory,NA,right,acetylcholine,wing_margin,NA
wing_tactile,720575941503516907,SNta04,bristle_neuron,wing_margin_bristle_neuron,sensory,NA,left,NA,wing_margin,NA
wing_tactile,720575941556385444,SNta04,bristle_neuron,wing_margin_bristle_neuron,sensory,NA,right,acetylcholine,wing_margin,NA
wing_tactile,720575941606639981,SNta04,bristle_neuron,wing_margin_bristle_neuron,sensory,NA,right,acetylcholine,wing_margin,NA
wing_tactile,720575941577661800,SNta11,bristle_neuron,wing_margin_bristle_neuron,sensory,NA,right,acetylcholine,wing_margin,NA
wing_tactile,720575941527020710,WG4,taste_bristle_gustatory_neuron,wing_margin_taste_bristle_gustatory_neuron,sensory,NA,left,acetylcholine,wing_margin,NA
wing_tactile,720575941451923015,WG2,taste_bristle_gustatory_neuron,wing_margin_taste_bristle_gustatory_neuron,sensory,NA,right,acetylcholine,wing_margin,NA
wing_tactile,720575941614302227,WG2,taste_bristle_gustatory_neuron,wing_margin_taste_bristle_gustatory_neuron,sensory,NA,right,acetylcholine,wing_margin,NA
wing_tactile,720575941549916927,WG2,taste_bristle_gustatory_neuron,wing_margin_taste_bristle_gustatory_neuron,sensory,NA,left,acetylcholine,wing_margin,NA
wing_tactile,720575941551361307,WG4,taste_bristle_gustatory_neuron,wing_margin_taste_bristle_gustatory_neuron,sensory,NA,right,acetylcholine,wing_margin,NA
wing_tactile,720575941505282213,WG2,taste_bristle_gustatory_neuron,wing_margin_taste_bristle_gustatory_neuron,sensory,NA,right,acetylcholine,wing_margin,NA
wing_tactile,720575941551557786,WG2,taste_bristle_gustatory_neuron,wing_margin_taste_bristle_gustatory_neuron,sensory,NA,right,acetylcholine,wing_margin,NA
wing_tactile,720575941552584731,SNta04,bristle_neuron,wing_margin_bristle_neuron,sensory,NA,right,acetylcholine,wing_margin,NA
wing_tactile,720575941505924668,SNta04,bristle_neuron,wing_margin_bristle_neuron,sensory,NA,right,acetylcholine,wing_margin,NA
wing_tactile,720575941559214125,WG2,taste_bristle_gustatory_neuron,wing_margin_taste_bristle_gustatory_neuron,sensory,NA,left,acetylcholine,wing_margin,NA
wing_tactile,720575941526942374,SNta04,bristle_neuron,wing_margin_bristle_neuron,sensory,NA,right,acetylcholine,wing_margin,NA
wing_tactile,720575941563904871,WG2,taste_bristle_gustatory_neuron,wing_margin_taste_bristle_gustatory_neuron,sensory,NA,right,acetylcholine,wing_margin,NA
wing_tactile,720575941449040221,SNta18,bristle_neuron,wing_margin_bristle_neuron,sensory,NA,right,acetylcholine,wing_margin,NA
wing_tactile,720575941527867236,WG4,taste_bristle_gustatory_neuron,wing_margin_taste_bristle_gustatory_neuron,sensory,NA,left,acetylcholine,wing_margin,NA
wing_tactile,720575941598666176,SNta18,bristle_neuron,wing_margin_bristle_neuron,sensory,NA,left,acetylcholine,wing_margin,NA
wing_tactile,720575941571416059,SNta04,bristle_neuron,wing_margin_bristle_neuron,sensory,NA,right,acetylcholine,wing_margin,NA
wing_tactile,720575941571890077,WG2,taste_bristle_gustatory_neuron,wing_margin_taste_bristle_gustatory_neuron,sensory,NA,right,acetylcholine,wing_margin,NA
wing_tactile,720575941571926344,WG4,taste_bristle_gustatory_neuron,wing_margin_taste_bristle_gustatory_neuron,sensory,NA,right,acetylcholine,wing_margin,NA
wing_tactile,720575941573260189,SNta18,bristle_neuron,wing_margin_bristle_neuron,sensory,NA,right,acetylcholine,wing_margin,NA
wing_tactile,720575941594037462,SNta04,bristle_neuron,wing_margin_bristle_neuron,sensory,NA,right,acetylcholine,wing_margin,NA
wing_tactile,720575941574716342,SNta18,bristle_neuron,wing_margin_bristle_neuron,sensory,NA,right,acetylcholine,wing_margin,NA
wing_tactile,720575941581566303,WG4,taste_bristle_gustatory_neuron,wing_margin_taste_bristle_gustatory_neuron,sensory,NA,right,acetylcholine,wing_margin,NA
wing_tactile,720575941485419661,WG3,taste_bristle_gustatory_neuron,wing_margin_taste_bristle_gustatory_neuron,sensory,NA,right,acetylcholine,wing_margin,NA
wing_tactile,720575941634264517,WG3,taste_bristle_gustatory_neuron,wing_margin_taste_bristle_gustatory_neuron,sensory,NA,left,glutamate,wing_margin,NA
wing_tactile,720575941587241271,WG4,taste_bristle_gustatory_neuron,wing_margin_taste_bristle_gustatory_neuron,sensory,NA,right,glutamate,wing_margin,NA
wing_tactile,720575941517907347,SNta14,bristle_neuron,wing_margin_bristle_neuron,sensory,NA,right,acetylcholine,wing_margin,NA
wing_tactile,720575941643104594,WG3,taste_bristle_gustatory_neuron,wing_margin_taste_bristle_gustatory_neuron,sensory,NA,right,glutamate,wing_margin,NA
wing_tactile,720575941593961255,SNta04,bristle_neuron,wing_margin_bristle_neuron,sensory,NA,left,acetylcholine,wing_margin,NA
wing_tactile,720575941470498315,WG4,taste_bristle_gustatory_neuron,wing_margin_taste_bristle_gustatory_neuron,sensory,NA,right,glutamate,wing_margin,NA
wing_tactile,720575941573243899,WG4,taste_bristle_gustatory_neuron,wing_margin_taste_bristle_gustatory_neuron,sensory,NA,right,glutamate,wing_margin,NA
wing_tactile,720575941543772933,WG4,taste_bristle_gustatory_neuron,wing_margin_taste_bristle_gustatory_neuron,sensory,NA,left,acetylcholine,wing_margin,NA
wing_tactile,720575941616542165,WG4,taste_bristle_gustatory_neuron,wing_margin_taste_bristle_gustatory_neuron,sensory,NA,right,glutamate,wing_margin,NA
wing_tactile,720575941541476444,WG2,taste_bristle_gustatory_neuron,wing_margin_taste_bristle_gustatory_neuron,sensory,NA,right,acetylcholine,wing_margin,NA
wing_tactile,720575941576537743,SNta11,bristle_neuron,wing_margin_bristle_neuron,sensory,NA,right,acetylcholine,wing_margin,NA
wing_tactile,720575941600676646,SNta04,bristle_neuron,wing_margin_bristle_neuron,sensory,NA,right,acetylcholine,wing_margin,NA
wing_tactile,720575941644490341,SNta11,bristle_neuron,wing_margin_bristle_neuron,sensory,NA,right,acetylcholine,wing_margin,NA
wing_tactile,720575941600849702,WG2,taste_bristle_gustatory_neuron,wing_margin_taste_bristle_gustatory_neuron,sensory,NA,right,glutamate,wing_margin,NA
wing_tactile,720575941561127406,SNta11,bristle_neuron,wing_margin_bristle_neuron,sensory,NA,right,acetylcholine,wing_margin,NA
wing_tactile,720575941440613211,WG3,taste_bristle_gustatory_neuron,wing_margin_taste_bristle_gustatory_neuron,sensory,NA,right,glutamate,wing_margin,NA
wing_tactile,720575941601478438,WG4,taste_bristle_gustatory_neuron,wing_margin_taste_bristle_gustatory_neuron,sensory,NA,right,acetylcholine,wing_margin,NA
wing_tactile,720575941601596198,WG4,taste_bristle_gustatory_neuron,wing_margin_taste_bristle_gustatory_neuron,sensory,NA,right,acetylcholine,wing_margin,NA
wing_tactile,720575941440900303,WG4,taste_bristle_gustatory_neuron,wing_margin_taste_bristle_gustatory_neuron,sensory,NA,right,acetylcholine,wing_margin,NA
wing_tactile,720575941601637414,WG2,taste_bristle_gustatory_neuron,wing_margin_taste_bristle_gustatory_neuron,sensory,NA,right,acetylcholine,wing_margin,NA
wing_tactile,720575941643885688,SNta04,bristle_neuron,wing_margin_bristle_neuron,sensory,NA,right,acetylcholine,wing_margin,NA
wing_tactile,720575941391962628,SNta04,bristle_neuron,wing_margin_bristle_neuron,sensory,NA,right,acetylcholine,wing_margin,NA
wing_tactile,720575941547773116,SNta04,bristle_neuron,wing_margin_bristle_neuron,sensory,NA,right,acetylcholine,wing_margin,NA
wing_tactile,720575941602001890,SNta04,bristle_neuron,wing_margin_bristle_neuron,sensory,NA,right,acetylcholine,wing_margin,NA
wing_tactile,720575941565453207,SNta04,bristle_neuron,wing_margin_bristle_neuron,sensory,NA,right,acetylcholine,wing_margin,NA
wing_tactile,720575941448909237,SNta04,bristle_neuron,wing_margin_bristle_neuron,sensory,NA,right,acetylcholine,wing_margin,NA
wing_tactile,720575941496093566,SNta11,bristle_neuron,wing_margin_bristle_neuron,sensory,NA,right,acetylcholine,wing_margin,NA
wing_tactile,720575941602142178,SNta04,bristle_neuron,wing_margin_bristle_neuron,sensory,NA,right,acetylcholine,wing_margin,NA
wing_tactile,720575941602479545,WG4,taste_bristle_gustatory_neuron,wing_margin_taste_bristle_gustatory_neuron,sensory,NA,right,acetylcholine,wing_margin,NA
wing_tactile,720575941448753333,SNta04,bristle_neuron,wing_margin_bristle_neuron,sensory,NA,right,acetylcholine,wing_margin,NA
wing_tactile,720575941451107933,SNta11,bristle_neuron,wing_margin_bristle_neuron,sensory,NA,right,glutamate,wing_margin,NA
wing_tactile,720575941603581734,WG2,taste_bristle_gustatory_neuron,wing_margin_taste_bristle_gustatory_neuron,sensory,NA,right,acetylcholine,wing_margin,NA
wing_tactile,720575941603605030,WG2,taste_bristle_gustatory_neuron,wing_margin_taste_bristle_gustatory_neuron,sensory,NA,right,acetylcholine,wing_margin,NA
wing_tactile,720575941603647166,WG4,taste_bristle_gustatory_neuron,wing_margin_taste_bristle_gustatory_neuron,sensory,NA,right,acetylcholine,wing_margin,NA
wing_tactile,720575941431007073,WG4,taste_bristle_gustatory_neuron,wing_margin_taste_bristle_gustatory_neuron,sensory,NA,right,acetylcholine,wing_margin,NA
wing_tactile,720575941604127458,WG4,taste_bristle_gustatory_neuron,wing_margin_taste_bristle_gustatory_neuron,sensory,NA,right,acetylcholine,wing_margin,NA
wing_tactile,720575941573647773,WG4,taste_bristle_gustatory_neuron,wing_margin_taste_bristle_gustatory_neuron,sensory,NA,right,acetylcholine,wing_margin,NA
wing_tactile,720575941440594779,WG3,taste_bristle_gustatory_neuron,wing_margin_taste_bristle_gustatory_neuron,sensory,NA,right,glutamate,wing_margin,NA
wing_tactile,720575941526177817,WG2,taste_bristle_gustatory_neuron,wing_margin_taste_bristle_gustatory_neuron,sensory,NA,right,acetylcholine,wing_margin,NA
wing_tactile,720575941526924198,WG4,taste_bristle_gustatory_neuron,wing_margin_taste_bristle_gustatory_neuron,sensory,NA,right,acetylcholine,wing_margin,NA
wing_tactile,720575941517818796,SNta04,bristle_neuron,wing_margin_bristle_neuron,sensory,NA,right,acetylcholine,wing_margin,NA
wing_tactile,720575941470582493,SNta04,bristle_neuron,wing_margin_bristle_neuron,sensory,NA,right,acetylcholine,wing_margin,NA
wing_tactile,720575941551036415,WG2,taste_bristle_gustatory_neuron,wing_margin_taste_bristle_gustatory_neuron,sensory,NA,right,acetylcholine,wing_margin,NA
wing_tactile,720575941604856546,WG2,taste_bristle_gustatory_neuron,wing_margin_taste_bristle_gustatory_neuron,sensory,NA,right,acetylcholine,wing_margin,NA
wing_tactile,720575941608819309,SNta11,bristle_neuron,wing_margin_bristle_neuron,sensory,NA,right,acetylcholine,wing_margin,NA
wing_tactile,720575941605559917,WG2,taste_bristle_gustatory_neuron,wing_margin_taste_bristle_gustatory_neuron,sensory,NA,left,acetylcholine,wing_margin,NA
wing_tactile,720575941462764301,WG2,taste_bristle_gustatory_neuron,wing_margin_taste_bristle_gustatory_neuron,sensory,NA,right,acetylcholine,wing_margin,NA
wing_tactile,720575941606239714,WG4,taste_bristle_gustatory_neuron,wing_margin_taste_bristle_gustatory_neuron,sensory,NA,right,glutamate,wing_margin,NA
wing_tactile,720575941461376326,WG2,taste_bristle_gustatory_neuron,wing_margin_taste_bristle_gustatory_neuron,sensory,NA,left,acetylcholine,wing_margin,NA
wing_tactile,720575941406059120,WG4,taste_bristle_gustatory_neuron,wing_margin_taste_bristle_gustatory_neuron,sensory,NA,right,acetylcholine,wing_margin,NA
wing_tactile,720575941610458601,SNta04,bristle_neuron,wing_margin_bristle_neuron,sensory,NA,right,acetylcholine,wing_margin,NA
wing_tactile,720575941610219558,WG2,taste_bristle_gustatory_neuron,wing_margin_taste_bristle_gustatory_neuron,sensory,NA,right,acetylcholine,wing_margin,NA
wing_tactile,720575941610220582,WG2,taste_bristle_gustatory_neuron,wing_margin_taste_bristle_gustatory_neuron,sensory,NA,right,acetylcholine,wing_margin,NA
wing_tactile,720575941440578651,WG4,taste_bristle_gustatory_neuron,wing_margin_taste_bristle_gustatory_neuron,sensory,NA,right,acetylcholine,wing_margin,NA
wing_tactile,720575941610288098,WG4,taste_bristle_gustatory_neuron,wing_margin_taste_bristle_gustatory_neuron,sensory,NA,right,glutamate,wing_margin,NA
wing_tactile,720575941610333666,WG4,taste_bristle_gustatory_neuron,wing_margin_taste_bristle_gustatory_neuron,sensory,NA,right,glutamate,wing_margin,NA
wing_tactile,720575941477488490,WG4,taste_bristle_gustatory_neuron,wing_margin_taste_bristle_gustatory_neuron,sensory,NA,right,acetylcholine,wing_margin,NA
wing_tactile,720575941610350562,WG4,taste_bristle_gustatory_neuron,wing_margin_taste_bristle_gustatory_neuron,sensory,NA,right,acetylcholine,wing_margin,NA
wing_tactile,720575941594296360,WG4,taste_bristle_gustatory_neuron,wing_margin_taste_bristle_gustatory_neuron,sensory,NA,right,acetylcholine,wing_margin,NA
wing_tactile,720575941616395417,SNta11,bristle_neuron,wing_margin_bristle_neuron,sensory,NA,right,acetylcholine,wing_margin,NA
wing_tactile,720575941392289028,WG2,taste_bristle_gustatory_neuron,wing_margin_taste_bristle_gustatory_neuron,sensory,NA,right,acetylcholine,wing_margin,NA
wing_tactile,720575941432027273,SNta11,bristle_neuron,wing_margin_bristle_neuron,sensory,NA,right,acetylcholine,wing_margin,NA
wing_tactile,720575941517809324,SNta04,bristle_neuron,wing_margin_bristle_neuron,sensory,NA,right,acetylcholine,wing_margin,NA
wing_tactile,720575941616573666,WG2,taste_bristle_gustatory_neuron,wing_margin_taste_bristle_gustatory_neuron,sensory,NA,right,acetylcholine,wing_margin,NA
wing_tactile,720575941618269990,WG2,taste_bristle_gustatory_neuron,wing_margin_taste_bristle_gustatory_neuron,sensory,NA,right,acetylcholine,wing_margin,NA
wing_tactile,720575941618450982,WG4,taste_bristle_gustatory_neuron,wing_margin_taste_bristle_gustatory_neuron,sensory,NA,right,acetylcholine,wing_margin,NA
wing_tactile,720575941560295725,SNta04,bristle_neuron,wing_margin_bristle_neuron,sensory,NA,right,acetylcholine,wing_margin,NA
wing_tactile,720575941618736678,SNta04,bristle_neuron,wing_margin_bristle_neuron,sensory,NA,right,acetylcholine,wing_margin,NA
wing_tactile,720575941440231871,SNta04,bristle_neuron,wing_margin_bristle_neuron,sensory,NA,right,acetylcholine,wing_margin,NA
wing_tactile,720575941618797094,SNta04,bristle_neuron,wing_margin_bristle_neuron,sensory,NA,right,acetylcholine,wing_margin,NA
wing_tactile,720575941619075366,WG4,taste_bristle_gustatory_neuron,wing_margin_taste_bristle_gustatory_neuron,sensory,NA,right,glutamate,wing_margin,NA
wing_tactile,720575941619089958,WG3,taste_bristle_gustatory_neuron,wing_margin_taste_bristle_gustatory_neuron,sensory,NA,right,glutamate,wing_margin,NA
wing_tactile,720575941455801581,SNta04,bristle_neuron,wing_margin_bristle_neuron,sensory,NA,right,acetylcholine,wing_margin,NA
wing_tactile,720575941619423714,SNta04,bristle_neuron,wing_margin_bristle_neuron,sensory,NA,right,acetylcholine,wing_margin,NA
wing_tactile,720575941625189484,WG4,taste_bristle_gustatory_neuron,wing_margin_taste_bristle_gustatory_neuron,sensory,NA,right,acetylcholine,wing_margin,NA
wing_tactile,720575941548511265,WG3,taste_bristle_gustatory_neuron,wing_margin_taste_bristle_gustatory_neuron,sensory,NA,right,glutamate,wing_margin,NA
wing_tactile,720575941602933750,WG2,taste_bristle_gustatory_neuron,wing_margin_taste_bristle_gustatory_neuron,sensory,NA,right,acetylcholine,wing_margin,NA
wing_tactile,720575941476089137,WG4,taste_bristle_gustatory_neuron,wing_margin_taste_bristle_gustatory_neuron,sensory,NA,right,acetylcholine,wing_margin,NA
wing_tactile,720575941657716248,WG2,taste_bristle_gustatory_neuron,wing_margin_taste_bristle_gustatory_neuron,sensory,NA,left,acetylcholine,wing_margin,NA
wing_tactile,720575941505288279,SNta14,bristle_neuron,wing_margin_bristle_neuron,sensory,NA,right,acetylcholine,wing_margin,NA
wing_tactile,720575941566203446,WG2,taste_bristle_gustatory_neuron,wing_margin_taste_bristle_gustatory_neuron,sensory,NA,right,acetylcholine,wing_margin,NA
wing_tactile,720575941656154704,WG3,taste_bristle_gustatory_neuron,wing_margin_taste_bristle_gustatory_neuron,sensory,NA,right,acetylcholine,wing_margin,NA
wing_tactile,720575941656383824,WG3,taste_bristle_gustatory_neuron,wing_margin_taste_bristle_gustatory_neuron,sensory,NA,left,glutamate,wing_margin,NA
wing_tactile,720575941552696711,WG3,taste_bristle_gustatory_neuron,wing_margin_taste_bristle_gustatory_neuron,sensory,NA,right,acetylcholine,wing_margin,NA
wing_tactile,720575941561362158,SNta14,bristle_neuron,wing_margin_bristle_neuron,sensory,NA,left,NA,wing_margin,NA
wing_tactile,720575941667115953,WG2,taste_bristle_gustatory_neuron,wing_margin_taste_bristle_gustatory_neuron,sensory,NA,right,acetylcholine,wing_margin,NA
wing_tactile,720575941567187246,WG4,taste_bristle_gustatory_neuron,wing_margin_taste_bristle_gustatory_neuron,sensory,NA,right,acetylcholine,wing_margin,NA
wing_tactile,720575941675440090,WG4,taste_bristle_gustatory_neuron,wing_margin_taste_bristle_gustatory_neuron,sensory,NA,right,acetylcholine,wing_margin,NA
wing_tactile,720575941451788615,WG3,taste_bristle_gustatory_neuron,wing_margin_taste_bristle_gustatory_neuron,sensory,NA,right,glutamate,wing_margin,NA
wing_tactile,720575941722234938,WG3,taste_bristle_gustatory_neuron,wing_margin_taste_bristle_gustatory_neuron,sensory,NA,right,glutamate,wing_margin,NA
wing_tactile,720575941675541210,WG3,taste_bristle_gustatory_neuron,wing_margin_taste_bristle_gustatory_neuron,sensory,NA,right,glutamate,wing_margin,NA
wing_tactile,720575941514697731,WG4,taste_bristle_gustatory_neuron,wing_margin_taste_bristle_gustatory_neuron,sensory,NA,right,acetylcholine,wing_margin,NA
wing_tactile,720575941675611354,WG4,taste_bristle_gustatory_neuron,wing_margin_taste_bristle_gustatory_neuron,sensory,NA,right,acetylcholine,wing_margin,NA
wing_tactile,720575941687954139,WG2,taste_bristle_gustatory_neuron,wing_margin_taste_bristle_gustatory_neuron,sensory,NA,right,acetylcholine,wing_margin,NA
wing_tactile,720575941661600056,SNta14,bristle_neuron,wing_margin_bristle_neuron,sensory,NA,left,acetylcholine,wing_margin,NA
wing_tactile,720575941696303834,WG4,taste_bristle_gustatory_neuron,wing_margin_taste_bristle_gustatory_neuron,sensory,NA,right,acetylcholine,wing_margin,NA
wing_tactile,720575941696304090,SNta04,bristle_neuron,wing_margin_bristle_neuron,sensory,NA,right,acetylcholine,wing_margin,NA
wing_tactile,720575941696304602,SNta08,bristle_neuron,wing_margin_bristle_neuron,sensory,NA,right,acetylcholine,wing_margin,NA
wing_tactile,720575941696304858,SNta11,bristle_neuron,wing_margin_bristle_neuron,sensory,NA,right,acetylcholine,wing_margin,NA
wing_tactile,720575941696305114,SNta04,bristle_neuron,wing_margin_bristle_neuron,sensory,NA,right,acetylcholine,wing_margin,NA
wing_tactile,720575941696305370,WG2,taste_bristle_gustatory_neuron,wing_margin_taste_bristle_gustatory_neuron,sensory,NA,right,glutamate,wing_margin,NA
wing_tactile,720575941696307162,SNta04,bristle_neuron,wing_margin_bristle_neuron,sensory,NA,right,acetylcholine,wing_margin,NA
wing_tactile,720575941696307418,SNta04,bristle_neuron,wing_margin_bristle_neuron,sensory,NA,right,acetylcholine,wing_margin,NA
wing_tactile,720575941696308442,SNta04,bristle_neuron,wing_margin_bristle_neuron,sensory,NA,right,acetylcholine,wing_margin,NA
wing_tactile,720575941696308698,WG2,taste_bristle_gustatory_neuron,wing_margin_taste_bristle_gustatory_neuron,sensory,NA,right,acetylcholine,wing_margin,NA
wing_tactile,720575941696309466,WG3,taste_bristle_gustatory_neuron,wing_margin_taste_bristle_gustatory_neuron,sensory,NA,right,acetylcholine,wing_margin,NA
wing_tactile,720575941696309978,SNta04,bristle_neuron,wing_margin_bristle_neuron,sensory,NA,right,acetylcholine,wing_margin,NA
wing_tactile,720575941489399349,SNta11,bristle_neuron,wing_margin_bristle_neuron,sensory,NA,right,acetylcholine,wing_margin,NA
wing_tactile,720575941696310490,WG2,taste_bristle_gustatory_neuron,wing_margin_taste_bristle_gustatory_neuron,sensory,NA,right,acetylcholine,wing_margin,NA
wing_tactile,720575941440922575,WG2,taste_bristle_gustatory_neuron,wing_margin_taste_bristle_gustatory_neuron,sensory,NA,right,acetylcholine,wing_margin,NA
wing_tactile,720575941631768556,SNta11,bristle_neuron,wing_margin_bristle_neuron,sensory,NA,right,acetylcholine,wing_margin,NA
wing_tactile,720575941696311770,WG3,taste_bristle_gustatory_neuron,wing_margin_taste_bristle_gustatory_neuron,sensory,NA,right,glutamate,wing_margin,NA
wing_tactile,720575941696312794,WG2,taste_bristle_gustatory_neuron,wing_margin_taste_bristle_gustatory_neuron,sensory,NA,right,acetylcholine,wing_margin,NA
wing_tactile,720575941479853475,SNta08,bristle_neuron,wing_margin_bristle_neuron,sensory,NA,right,acetylcholine,wing_margin,NA
wing_tactile,720575941556361892,SNta04,bristle_neuron,wing_margin_bristle_neuron,sensory,NA,right,acetylcholine,wing_margin,NA
wing_tactile,720575941696315610,SNta11,bristle_neuron,wing_margin_bristle_neuron,sensory,NA,right,acetylcholine,wing_margin,NA
wing_tactile,720575941594274341,WG4,taste_bristle_gustatory_neuron,wing_margin_taste_bristle_gustatory_neuron,sensory,NA,right,acetylcholine,wing_margin,NA
wing_tactile,720575941696316122,SNta04,bristle_neuron,wing_margin_bristle_neuron,sensory,NA,right,acetylcholine,wing_margin,NA
wing_tactile,720575941696316378,SNta04,bristle_neuron,wing_margin_bristle_neuron,sensory,NA,right,acetylcholine,wing_margin,NA
wing_tactile,720575941599530281,SNta11,bristle_neuron,wing_margin_bristle_neuron,sensory,NA,right,acetylcholine,wing_margin,NA
wing_tactile,720575941696316890,WG2,taste_bristle_gustatory_neuron,wing_margin_taste_bristle_gustatory_neuron,sensory,NA,right,acetylcholine,wing_margin,NA
wing_tactile,720575941522159863,SNta04,bristle_neuron,wing_margin_bristle_neuron,sensory,NA,right,acetylcholine,wing_margin,NA
wing_tactile,720575941449676110,WG2,taste_bristle_gustatory_neuron,wing_margin_taste_bristle_gustatory_neuron,sensory,NA,right,acetylcholine,wing_margin,NA
wing_tactile,720575941585406174,SNta04,bristle_neuron,wing_margin_bristle_neuron,sensory,NA,right,acetylcholine,wing_margin,NA
wing_tactile,720575941564208391,SNta11,bristle_neuron,wing_margin_bristle_neuron,sensory,NA,right,acetylcholine,wing_margin,NA
wing_tactile,720575941696321498,WG2,taste_bristle_gustatory_neuron,wing_margin_taste_bristle_gustatory_neuron,sensory,NA,right,acetylcholine,wing_margin,NA
wing_tactile,720575941696321754,WG2,taste_bristle_gustatory_neuron,wing_margin_taste_bristle_gustatory_neuron,sensory,NA,right,acetylcholine,wing_margin,NA
wing_tactile,720575941696322010,WG2,taste_bristle_gustatory_neuron,wing_margin_taste_bristle_gustatory_neuron,sensory,NA,right,acetylcholine,wing_margin,NA
wing_tactile,720575941696322266,SNta18,bristle_neuron,wing_margin_bristle_neuron,sensory,NA,right,acetylcholine,wing_margin,NA
wing_tactile,720575941696322778,SNta18,bristle_neuron,wing_margin_bristle_neuron,sensory,NA,right,acetylcholine,wing_margin,NA
wing_tactile,720575941471413312,SNta11,bristle_neuron,wing_margin_bristle_neuron,sensory,NA,right,acetylcholine,wing_margin,NA
wing_tactile,720575941578015577,SNta11,bristle_neuron,wing_margin_bristle_neuron,sensory,NA,right,acetylcholine,wing_margin,NA
wing_tactile,720575941437781036,SNta04,bristle_neuron,wing_margin_bristle_neuron,sensory,NA,right,acetylcholine,wing_margin,NA
wing_tactile,720575941515026522,SNta18,bristle_neuron,wing_margin_bristle_neuron,sensory,NA,right,acetylcholine,wing_margin,NA
wing_tactile,720575941661485112,SNta04,bristle_neuron,wing_margin_bristle_neuron,sensory,NA,right,acetylcholine,wing_margin,NA
wing_tactile,720575941479605378,WG2,taste_bristle_gustatory_neuron,wing_margin_taste_bristle_gustatory_neuron,sensory,NA,right,acetylcholine,wing_margin,NA
wing_tactile,720575941702131674,WG2,taste_bristle_gustatory_neuron,wing_margin_taste_bristle_gustatory_neuron,sensory,NA,right,glutamate,wing_margin,NA
wing_tactile,720575941696326618,WG2,taste_bristle_gustatory_neuron,wing_margin_taste_bristle_gustatory_neuron,sensory,NA,right,acetylcholine,wing_margin,NA
wing_tactile,720575941583557983,WG4,taste_bristle_gustatory_neuron,wing_margin_taste_bristle_gustatory_neuron,sensory,NA,right,acetylcholine,wing_margin,NA
wing_tactile,720575941696327386,SNta04,bristle_neuron,wing_margin_bristle_neuron,sensory,NA,right,acetylcholine,wing_margin,NA
wing_tactile,720575941559439987,SNta11,bristle_neuron,wing_margin_bristle_neuron,sensory,NA,right,acetylcholine,wing_margin,NA
wing_tactile,720575941644312776,WG3,taste_bristle_gustatory_neuron,wing_margin_taste_bristle_gustatory_neuron,sensory,NA,right,acetylcholine,wing_margin,NA
wing_tactile,720575941431686753,SNta04,bristle_neuron,wing_margin_bristle_neuron,sensory,NA,right,acetylcholine,wing_margin,NA
wing_tactile,720575941696328922,WG2,taste_bristle_gustatory_neuron,wing_margin_taste_bristle_gustatory_neuron,sensory,NA,right,acetylcholine,wing_margin,NA
wing_tactile,720575941507640449,WG2,taste_bristle_gustatory_neuron,wing_margin_taste_bristle_gustatory_neuron,sensory,NA,right,acetylcholine,wing_margin,NA
wing_tactile,720575941696329434,WG2,taste_bristle_gustatory_neuron,wing_margin_taste_bristle_gustatory_neuron,sensory,NA,right,acetylcholine,wing_margin,NA
wing_tactile,720575941696329690,WG2,taste_bristle_gustatory_neuron,wing_margin_taste_bristle_gustatory_neuron,sensory,NA,right,acetylcholine,wing_margin,NA
wing_tactile,720575941453919047,SNta04,bristle_neuron,wing_margin_bristle_neuron,sensory,NA,right,acetylcholine,wing_margin,NA
wing_tactile,720575941652642577,SNta11,bristle_neuron,wing_margin_bristle_neuron,sensory,NA,right,acetylcholine,wing_margin,NA
wing_tactile,720575941696353242,WG2,taste_bristle_gustatory_neuron,wing_margin_taste_bristle_gustatory_neuron,sensory,NA,right,acetylcholine,wing_margin,NA
wing_tactile,720575941696353498,WG2,taste_bristle_gustatory_neuron,wing_margin_taste_bristle_gustatory_neuron,sensory,NA,right,acetylcholine,wing_margin,NA
wing_tactile,720575941564663447,SNta11,bristle_neuron,wing_margin_bristle_neuron,sensory,NA,right,acetylcholine,wing_margin,NA
wing_tactile,720575941564332039,SNta11,bristle_neuron,wing_margin_bristle_neuron,sensory,NA,right,acetylcholine,wing_margin,NA
wing_tactile,720575941696355290,WG2,taste_bristle_gustatory_neuron,wing_margin_taste_bristle_gustatory_neuron,sensory,NA,right,acetylcholine,wing_margin,NA
wing_tactile,720575941455750893,SNta08,bristle_neuron,wing_margin_bristle_neuron,sensory,NA,right,acetylcholine,wing_margin,NA
wing_tactile,720575941537702371,WG2,taste_bristle_gustatory_neuron,wing_margin_taste_bristle_gustatory_neuron,sensory,NA,NA,acetylcholine,wing_margin,NA
wing_tactile,720575941585494750,SNta18,bristle_neuron,wing_margin_bristle_neuron,sensory,NA,left,acetylcholine,wing_margin,NA
wing_tactile,720575941438410540,WG2,taste_bristle_gustatory_neuron,wing_margin_taste_bristle_gustatory_neuron,sensory,NA,NA,acetylcholine,wing_margin,NA
wing_tactile,720575941533535320,WG2,taste_bristle_gustatory_neuron,wing_margin_taste_bristle_gustatory_neuron,sensory,NA,NA,acetylcholine,wing_margin,NA
wing_tactile,720575941460420255,SNta14,bristle_neuron,wing_margin_bristle_neuron,sensory,NA,NA,acetylcholine,wing_margin,NA
wing_tactile,720575941611856742,WG4,taste_bristle_gustatory_neuron,wing_margin_taste_bristle_gustatory_neuron,sensory,NA,right,acetylcholine,wing_margin,NA
wing_tactile,720575941434495630,WG4,taste_bristle_gustatory_neuron,wing_margin_taste_bristle_gustatory_neuron,sensory,NA,NA,acetylcholine,wing_margin,NA
wing_tactile,720575941600242982,SNta11,bristle_neuron,wing_margin_bristle_neuron,sensory,NA,right,acetylcholine,wing_margin,NA
wing_tactile,720575941594893270,WG4,taste_bristle_gustatory_neuron,wing_margin_taste_bristle_gustatory_neuron,sensory,NA,NA,acetylcholine,wing_margin,NA
wing_tactile,720575941535919370,WG2,taste_bristle_gustatory_neuron,wing_margin_taste_bristle_gustatory_neuron,sensory,NA,NA,acetylcholine,wing_margin,NA
wing_tactile,720575941519216856,WG2,taste_bristle_gustatory_neuron,wing_margin_taste_bristle_gustatory_neuron,sensory,NA,NA,acetylcholine,wing_margin,NA
wing_tactile,720575941624665570,WG2,taste_bristle_gustatory_neuron,wing_margin_taste_bristle_gustatory_neuron,sensory,NA,right,acetylcholine,wing_margin,NA
wing_tactile,720575941469695453,WG2,taste_bristle_gustatory_neuron,wing_margin_taste_bristle_gustatory_neuron,sensory,NA,NA,acetylcholine,wing_margin,NA
wing_tactile,720575941450530382,SNta04,bristle_neuron,wing_margin_bristle_neuron,sensory,NA,right,acetylcholine,wing_margin,NA
wing_tactile,720575941574188795,WG2,taste_bristle_gustatory_neuron,wing_margin_taste_bristle_gustatory_neuron,sensory,NA,left,acetylcholine,wing_margin,NA
wing_tactile,720575941391991044,WG2,taste_bristle_gustatory_neuron,wing_margin_taste_bristle_gustatory_neuron,sensory,NA,NA,acetylcholine,wing_margin,NA
wing_tactile,720575941452926633,SNta18,bristle_neuron,wing_margin_bristle_neuron,sensory,NA,NA,acetylcholine,wing_margin,NA
wing_tactile,720575941476180766,SNta11,bristle_neuron,wing_margin_bristle_neuron,sensory,NA,NA,acetylcholine,wing_margin,NA
wing_tactile,720575941482186182,WG3,taste_bristle_gustatory_neuron,wing_margin_taste_bristle_gustatory_neuron,sensory,NA,NA,acetylcholine,wing_margin,NA
wing_tactile,720575941508166935,SNta04,bristle_neuron,wing_margin_bristle_neuron,sensory,NA,NA,acetylcholine,wing_margin,NA
wing_tactile,720575941514493433,SNta04,bristle_neuron,wing_margin_bristle_neuron,sensory,NA,NA,acetylcholine,wing_margin,NA
wing_tactile,720575941538018034,SNta18,bristle_neuron,wing_margin_bristle_neuron,sensory,NA,right,acetylcholine,wing_margin,NA
wing_tactile,720575941527796557,WG4,taste_bristle_gustatory_neuron,wing_margin_taste_bristle_gustatory_neuron,sensory,NA,NA,acetylcholine,wing_margin,NA
wing_tactile,720575941461155654,SNta11,bristle_neuron,wing_margin_bristle_neuron,sensory,NA,NA,acetylcholine,wing_margin,NA
wing_tactile,720575941632133602,WG3,taste_bristle_gustatory_neuron,wing_margin_taste_bristle_gustatory_neuron,sensory,NA,NA,glutamate,wing_margin,NA
wing_tactile,720575941547190408,WG4,taste_bristle_gustatory_neuron,wing_margin_taste_bristle_gustatory_neuron,sensory,NA,NA,glutamate,wing_margin,NA
wing_tactile,720575941541695181,WG4,taste_bristle_gustatory_neuron,wing_margin_taste_bristle_gustatory_neuron,sensory,NA,NA,acetylcholine,wing_margin,NA
wing_tactile,720575941578818293,WG4,taste_bristle_gustatory_neuron,wing_margin_taste_bristle_gustatory_neuron,sensory,NA,NA,acetylcholine,wing_margin,NA
wing_tactile,720575941588985655,SNta18,bristle_neuron,wing_margin_bristle_neuron,sensory,NA,left,acetylcholine,wing_margin,NA
wing_tactile,720575941592469867,SNta04,bristle_neuron,wing_margin_bristle_neuron,sensory,NA,NA,acetylcholine,wing_margin,NA
wing_tactile,720575941592504427,WG2,taste_bristle_gustatory_neuron,wing_margin_taste_bristle_gustatory_neuron,sensory,NA,NA,acetylcholine,wing_margin,NA
wing_tactile,720575941610341346,WG3,taste_bristle_gustatory_neuron,wing_margin_taste_bristle_gustatory_neuron,sensory,NA,NA,acetylcholine,wing_margin,NA
wing_tactile,720575941624921243,SNta04,bristle_neuron,wing_margin_bristle_neuron,sensory,NA,NA,acetylcholine,wing_margin,NA
wing_tactile,720575941643956424,SNta11,bristle_neuron,wing_margin_bristle_neuron,sensory,NA,right,acetylcholine,wing_margin,NA
wing_tactile,720575941650872341,WG2,taste_bristle_gustatory_neuron,wing_margin_taste_bristle_gustatory_neuron,sensory,NA,NA,acetylcholine,wing_margin,NA
wing_tactile,720575941654030809,WG4,taste_bristle_gustatory_neuron,wing_margin_taste_bristle_gustatory_neuron,sensory,NA,NA,acetylcholine,wing_margin,NA
wing_tactile,720575941495196615,SNta14,bristle_neuron,wing_margin_bristle_neuron,sensory,NA,NA,acetylcholine,wing_margin,NA
wing_tactile,720575941472847456,WG3,taste_bristle_gustatory_neuron,wing_margin_taste_bristle_gustatory_neuron,sensory,NA,left,glutamate,wing_margin,NA
wing_tactile,720575941551014911,WG2,taste_bristle_gustatory_neuron,wing_margin_taste_bristle_gustatory_neuron,sensory,NA,left,acetylcholine,wing_margin,NA
wing_tactile,720575941530164868,WG4,taste_bristle_gustatory_neuron,wing_margin_taste_bristle_gustatory_neuron,sensory,NA,NA,acetylcholine,wing_margin,NA
wing_tactile,720575941580204153,SNta04,bristle_neuron,wing_margin_bristle_neuron,sensory,NA,NA,acetylcholine,wing_margin,NA
wing_tactile,720575941605749950,SNta11,bristle_neuron,wing_margin_bristle_neuron,sensory,NA,NA,acetylcholine,wing_margin,NA
wing_tactile,720575941409703342,SNta11,bristle_neuron,wing_margin_bristle_neuron,sensory,NA,NA,acetylcholine,wing_margin,NA
wing_tactile,720575941594416491,SNta11,bristle_neuron,wing_margin_bristle_neuron,sensory,NA,NA,acetylcholine,wing_margin,NA
wing_tactile,720575941451535438,SNta14,bristle_neuron,wing_margin_bristle_neuron,sensory,NA,NA,acetylcholine,wing_margin,NA
wing_tactile,720575941522424503,WG4,taste_bristle_gustatory_neuron,wing_margin_taste_bristle_gustatory_neuron,sensory,NA,NA,glutamate,wing_margin,NA
wing_tactile,720575941565211392,SNta14,bristle_neuron,wing_margin_bristle_neuron,sensory,NA,right,acetylcholine,wing_margin,NA
wing_tactile,720575941461206724,SNta04,bristle_neuron,wing_margin_bristle_neuron,sensory,NA,right,acetylcholine,wing_margin,NA
wing_tactile,720575941497407611,SNta04,bristle_neuron,wing_margin_bristle_neuron,sensory,NA,right,acetylcholine,wing_margin,NA
wing_tactile,720575941589064759,SNta04,bristle_neuron,wing_margin_bristle_neuron,sensory,NA,right,acetylcholine,wing_margin,NA
wing_tactile,720575941559487347,WG4,taste_bristle_gustatory_neuron,wing_margin_taste_bristle_gustatory_neuron,sensory,NA,right,acetylcholine,wing_margin,NA
wing_tactile,720575941437416736,SNta04,bristle_neuron,wing_margin_bristle_neuron,sensory,NA,right,acetylcholine,wing_margin,NA
wing_tactile,720575941531668453,SNta04,bristle_neuron,wing_margin_bristle_neuron,sensory,NA,right,acetylcholine,wing_margin,NA
wing_tactile,720575941650851093,WG3,taste_bristle_gustatory_neuron,wing_margin_taste_bristle_gustatory_neuron,sensory,NA,right,glutamate,wing_margin,NA
wing_tactile,720575941652640017,SNta04,bristle_neuron,wing_margin_bristle_neuron,sensory,NA,right,acetylcholine,wing_margin,NA
wing_tactile,720575941501166475,WG3,taste_bristle_gustatory_neuron,wing_margin_taste_bristle_gustatory_neuron,sensory,NA,right,acetylcholine,wing_margin,NA
wing_tactile,720575941658132560,WG2,taste_bristle_gustatory_neuron,wing_margin_taste_bristle_gustatory_neuron,sensory,NA,right,acetylcholine,wing_margin,NA
wing_tactile,720575941600297766,WG3,taste_bristle_gustatory_neuron,wing_margin_taste_bristle_gustatory_neuron,sensory,NA,right,glutamate,wing_margin,NA
wing_tactile,720575941490893518,SNta18,bristle_neuron,wing_margin_bristle_neuron,sensory,NA,right,acetylcholine,wing_margin,NA
wing_tactile,720575941644684961,SNta04,bristle_neuron,wing_margin_bristle_neuron,sensory,NA,right,acetylcholine,wing_margin,NA
wing_tactile,720575941522299127,WG3,taste_bristle_gustatory_neuron,wing_margin_taste_bristle_gustatory_neuron,sensory,NA,right,glutamate,wing_margin,NA
wing_tactile,720575941690696667,WG4,taste_bristle_gustatory_neuron,wing_margin_taste_bristle_gustatory_neuron,sensory,NA,right,acetylcholine,wing_margin,NA
wing_tactile,720575941440414911,WG2,taste_bristle_gustatory_neuron,wing_margin_taste_bristle_gustatory_neuron,sensory,NA,right,acetylcholine,wing_margin,NA
wing_tactile,720575941487025104,WG2,taste_bristle_gustatory_neuron,wing_margin_taste_bristle_gustatory_neuron,sensory,NA,right,acetylcholine,wing_margin,NA
wing_tactile,720575941658018640,WG4,taste_bristle_gustatory_neuron,wing_margin_taste_bristle_gustatory_neuron,sensory,NA,right,acetylcholine,wing_margin,NA
wing_tactile,720575941534107992,SNta11,bristle_neuron,wing_margin_bristle_neuron,sensory,NA,right,acetylcholine,wing_margin,NA
wing_tactile,720575941477360180,SNta04,bristle_neuron,wing_margin_bristle_neuron,sensory,NA,left,acetylcholine,wing_margin,NA
wing_tactile,720575941696355034,WG2,taste_bristle_gustatory_neuron,wing_margin_taste_bristle_gustatory_neuron,sensory,NA,right,acetylcholine,wing_margin,NA
wing_tactile,720575941627317659,SNta04,bristle_neuron,wing_margin_bristle_neuron,sensory,NA,left,acetylcholine,wing_margin,NA
wing_tactile,720575941481962147,SNta14,bristle_neuron,wing_margin_bristle_neuron,sensory,NA,right,acetylcholine,wing_margin,NA
wing_tactile,720575941507418940,SNta07,bristle_neuron,wing_margin_bristle_neuron,sensory,NA,right,acetylcholine,wing_margin,NA
wing_tactile,720575941515127642,SNta04,bristle_neuron,wing_margin_bristle_neuron,sensory,NA,left,acetylcholine,wing_margin,NA
wing_tactile,720575941689437558,SNta14,bristle_neuron,wing_margin_bristle_neuron,sensory,NA,right,acetylcholine,wing_margin,NA
wing_tactile,720575941599490972,WG3,taste_bristle_gustatory_neuron,wing_margin_taste_bristle_gustatory_neuron,sensory,NA,left,glutamate,wing_margin,NA
wing_tactile,720575941476589620,SNta04,bristle_neuron,wing_margin_bristle_neuron,sensory,NA,left,acetylcholine,wing_margin,NA
wing_tactile,720575941410219179,SNta11,bristle_neuron,wing_margin_bristle_neuron,sensory,NA,left,acetylcholine,wing_margin,NA
wing_tactile,720575941531657701,WG2,taste_bristle_gustatory_neuron,wing_margin_taste_bristle_gustatory_neuron,sensory,NA,left,acetylcholine,wing_margin,NA
wing_tactile,720575941391859716,SNta04,bristle_neuron,wing_margin_bristle_neuron,sensory,NA,right,acetylcholine,wing_margin,NA
wing_tactile,720575941580758137,WG4,taste_bristle_gustatory_neuron,wing_margin_taste_bristle_gustatory_neuron,sensory,NA,right,acetylcholine,wing_margin,NA
wing_tactile,720575941619763170,WG4,taste_bristle_gustatory_neuron,wing_margin_taste_bristle_gustatory_neuron,sensory,NA,right,acetylcholine,wing_margin,NA
wing_tactile,720575941601490982,WG2,taste_bristle_gustatory_neuron,wing_margin_taste_bristle_gustatory_neuron,sensory,NA,right,glutamate,wing_margin,NA
thorax_tactile,720575941457274694,SNta01,bristle_neuron,thorax_bristle_neuron,sensory,NA,right,acetylcholine,thorax,NA
thorax_tactile,720575941501974210,SNta09,bristle_neuron,thorax_bristle_neuron,sensory,NA,right,acetylcholine,thorax,NA
thorax_tactile,720575941432171512,SNta09,bristle_neuron,thorax_bristle_neuron,sensory,NA,right,acetylcholine,thorax,NA
thorax_tactile,720575941480511430,SNta02,bristle_neuron,thorax_bristle_neuron,sensory,NA,right,acetylcholine,thorax,NA
thorax_tactile,720575941567141620,SNta02,bristle_neuron,thorax_bristle_neuron,sensory,NA,right,acetylcholine,thorax,NA
thorax_tactile,720575941411872660,SNta09,bristle_neuron,thorax_bristle_neuron,sensory,NA,right,acetylcholine,thorax,NA
thorax_tactile,720575941575603464,SNta02,bristle_neuron,thorax_bristle_neuron,sensory,NA,right,acetylcholine,thorax,NA
thorax_tactile,720575941609578342,SNta05,bristle_neuron,thorax_bristle_neuron,sensory,NA,right,acetylcholine,thorax,NA
thorax_tactile,720575941542366469,SNta09,bristle_neuron,thorax_bristle_neuron,sensory,NA,right,acetylcholine,thorax,NA
thorax_tactile,720575941550933988,SNta09,bristle_neuron,thorax_bristle_neuron,sensory,NA,right,acetylcholine,thorax,NA
thorax_tactile,720575941605262326,SNta10,bristle_neuron,thorax_bristle_neuron,sensory,NA,right,acetylcholine,thorax,NA
thorax_tactile,720575941589878839,SNta09,bristle_neuron,thorax_bristle_neuron,sensory,NA,right,acetylcholine,thorax,NA
thorax_tactile,720575941454089453,SNta09,bristle_neuron,thorax_bristle_neuron,sensory,NA,right,acetylcholine,thorax,NA
thorax_tactile,720575941518492343,SNta09,bristle_neuron,thorax_bristle_neuron,sensory,NA,right,acetylcholine,thorax,NA
thorax_tactile,720575941505584418,SNta09,bristle_neuron,thorax_bristle_neuron,sensory,NA,right,acetylcholine,thorax,NA
thorax_tactile,720575941493451207,SNta09,bristle_neuron,thorax_bristle_neuron,sensory,NA,right,acetylcholine,thorax,NA
thorax_tactile,720575941524424473,SNta09,bristle_neuron,thorax_bristle_neuron,sensory,NA,right,acetylcholine,thorax,NA
thorax_tactile,720575941592647973,SNta09,bristle_neuron,thorax_bristle_neuron,sensory,NA,right,acetylcholine,thorax,NA
thorax_tactile,720575941615320339,SNta02,bristle_neuron,thorax_bristle_neuron,sensory,NA,right,acetylcholine,thorax,NA
thorax_tactile,720575941479290819,SNta09,bristle_neuron,thorax_bristle_neuron,sensory,NA,right,acetylcholine,thorax,NA
thorax_tactile,720575941447893582,SNta09,bristle_neuron,thorax_bristle_neuron,sensory,NA,right,acetylcholine,thorax,NA
thorax_tactile,720575941628698082,SNta09,bristle_neuron,thorax_bristle_neuron,sensory,NA,right,acetylcholine,thorax,NA
thorax_tactile,720575941394531478,SNta02,bristle_neuron,thorax_bristle_neuron,sensory,NA,right,acetylcholine,thorax,NA
thorax_tactile,720575941445349908,SNta09,bristle_neuron,thorax_bristle_neuron,sensory,NA,right,acetylcholine,thorax,NA
thorax_tactile,720575941477878580,SNta02,bristle_neuron,thorax_bristle_neuron,sensory,NA,right,acetylcholine,thorax,NA
thorax_tactile,720575941632659436,SNta02,bristle_neuron,thorax_bristle_neuron,sensory,NA,right,acetylcholine,thorax,NA
thorax_tactile,720575941516159660,SNta09,bristle_neuron,thorax_bristle_neuron,sensory,NA,right,acetylcholine,thorax,NA
thorax_tactile,720575941480754400,SNta02,bristle_neuron,thorax_bristle_neuron,sensory,NA,right,acetylcholine,thorax,NA
thorax_tactile,720575941459671440,SNta09,bristle_neuron,thorax_bristle_neuron,sensory,NA,right,acetylcholine,thorax,NA
thorax_tactile,720575941550601076,SNta02,bristle_neuron,thorax_bristle_neuron,sensory,NA,right,acetylcholine,thorax,NA
thorax_tactile,720575941407335727,SNta09,bristle_neuron,thorax_bristle_neuron,sensory,NA,right,acetylcholine,thorax,NA
thorax_tactile,720575941649992177,SNta09,bristle_neuron,thorax_bristle_neuron,sensory,NA,right,acetylcholine,thorax,NA
thorax_tactile,720575941595979712,SNta09,bristle_neuron,thorax_bristle_neuron,sensory,NA,right,acetylcholine,thorax,NA
thorax_tactile,720575941601377014,SNta09,bristle_neuron,thorax_bristle_neuron,sensory,NA,right,acetylcholine,thorax,NA
thorax_tactile,720575941452356147,SNta09,bristle_neuron,thorax_bristle_neuron,sensory,NA,right,acetylcholine,thorax,NA
thorax_tactile,720575941475824746,SNta09,bristle_neuron,thorax_bristle_neuron,sensory,NA,right,acetylcholine,thorax,NA
thorax_tactile,720575941557375247,SNta09,bristle_neuron,thorax_bristle_neuron,sensory,NA,right,acetylcholine,thorax,NA
thorax_tactile,720575941608997097,SNta09,bristle_neuron,thorax_bristle_neuron,sensory,NA,right,acetylcholine,thorax,NA
thorax_tactile,720575941451304270,SNta02,bristle_neuron,thorax_bristle_neuron,sensory,NA,right,acetylcholine,thorax,NA
thorax_tactile,720575941588114174,SNta09,bristle_neuron,thorax_bristle_neuron,sensory,NA,right,acetylcholine,thorax,NA
thorax_tactile,720575941530910851,SNta09,bristle_neuron,thorax_bristle_neuron,sensory,NA,right,acetylcholine,thorax,NA
thorax_tactile,720575941392111254,SNta09,bristle_neuron,thorax_bristle_neuron,sensory,NA,right,acetylcholine,thorax,NA
thorax_tactile,720575941525354918,SNta09,bristle_neuron,thorax_bristle_neuron,sensory,NA,right,acetylcholine,thorax,NA
thorax_tactile,720575941433509408,SNta09,bristle_neuron,thorax_bristle_neuron,sensory,NA,right,acetylcholine,thorax,NA
thorax_tactile,720575941590969195,SNta09,bristle_neuron,thorax_bristle_neuron,sensory,NA,right,acetylcholine,thorax,NA
thorax_tactile,720575941549471231,SNta02,bristle_neuron,thorax_bristle_neuron,sensory,NA,right,acetylcholine,thorax,NA
thorax_tactile,720575941623475611,SNta09,bristle_neuron,thorax_bristle_neuron,sensory,NA,right,acetylcholine,thorax,NA
thorax_tactile,720575941410107503,SNta09,bristle_neuron,thorax_bristle_neuron,sensory,NA,right,acetylcholine,thorax,NA
thorax_tactile,720575941575772264,SNta09,bristle_neuron,thorax_bristle_neuron,sensory,NA,right,acetylcholine,thorax,NA
thorax_tactile,720575941513377529,SNta09,bristle_neuron,thorax_bristle_neuron,sensory,NA,right,acetylcholine,thorax,NA
thorax_tactile,720575941513378041,SNta09,bristle_neuron,thorax_bristle_neuron,sensory,NA,right,acetylcholine,thorax,NA
thorax_tactile,720575941547440500,SNta09,bristle_neuron,thorax_bristle_neuron,sensory,NA,right,acetylcholine,thorax,NA
thorax_tactile,720575941492527822,SNta10,bristle_neuron,thorax_bristle_neuron,sensory,NA,right,acetylcholine,thorax,NA
thorax_tactile,720575941630701984,SNta09,bristle_neuron,thorax_bristle_neuron,sensory,NA,right,acetylcholine,thorax,NA
thorax_tactile,720575941572289289,SNta02,bristle_neuron,thorax_bristle_neuron,sensory,NA,right,acetylcholine,thorax,NA
thorax_tactile,720575941652397273,SNta09,bristle_neuron,thorax_bristle_neuron,sensory,NA,right,acetylcholine,thorax,NA
thorax_tactile,720575941608769513,SNta09,bristle_neuron,thorax_bristle_neuron,sensory,NA,right,acetylcholine,thorax,NA
thorax_tactile,720575941532534616,SNta09,bristle_neuron,thorax_bristle_neuron,sensory,NA,right,acetylcholine,thorax,NA
thorax_tactile,720575941720600122,SNta09,bristle_neuron,thorax_bristle_neuron,sensory,NA,right,acetylcholine,thorax,NA
thorax_tactile,720575941574931451,SNta02,bristle_neuron,thorax_bristle_neuron,sensory,NA,right,acetylcholine,thorax,NA
thorax_tactile,720575941350550320,SNta09,bristle_neuron,thorax_bristle_neuron,sensory,NA,right,acetylcholine,thorax,NA
thorax_tactile,720575941541041021,SNta09,bristle_neuron,thorax_bristle_neuron,sensory,NA,right,acetylcholine,thorax,NA
thorax_tactile,720575941459060932,SNta09,bristle_neuron,thorax_bristle_neuron,sensory,NA,right,acetylcholine,thorax,NA
thorax_tactile,720575941530492619,SNta01,bristle_neuron,thorax_bristle_neuron,sensory,NA,right,acetylcholine,thorax,NA
thorax_tactile,720575941405939118,SNta09,bristle_neuron,thorax_bristle_neuron,sensory,NA,right,acetylcholine,thorax,NA
thorax_tactile,720575941505255986,SNta02,bristle_neuron,thorax_bristle_neuron,sensory,NA,right,acetylcholine,thorax,NA
thorax_tactile,720575941552935507,SNta02,bristle_neuron,thorax_bristle_neuron,sensory,NA,right,acetylcholine,thorax,NA
thorax_tactile,720575941405872431,SNta09,bristle_neuron,thorax_bristle_neuron,sensory,NA,right,acetylcholine,thorax,NA
thorax_tactile,720575941549006984,SNta02,bristle_neuron,thorax_bristle_neuron,sensory,NA,right,acetylcholine,thorax,NA
thorax_tactile,720575941583734238,SNta09,bristle_neuron,thorax_bristle_neuron,sensory,NA,right,acetylcholine,thorax,NA
thorax_tactile,720575941551473947,SNta01,bristle_neuron,thorax_bristle_neuron,sensory,NA,right,acetylcholine,thorax,NA
thorax_tactile,720575941537774029,SNta09,bristle_neuron,thorax_bristle_neuron,sensory,NA,right,acetylcholine,thorax,NA
thorax_tactile,720575941399378979,SNta09,bristle_neuron,thorax_bristle_neuron,sensory,NA,right,acetylcholine,thorax,NA
thorax_tactile,720575941492340967,SNta02,bristle_neuron,thorax_bristle_neuron,sensory,NA,right,acetylcholine,thorax,NA
thorax_tactile,720575941428518319,SNta09,bristle_neuron,thorax_bristle_neuron,sensory,NA,right,acetylcholine,thorax,NA
thorax_tactile,720575941499862651,SNta05,bristle_neuron,thorax_bristle_neuron,sensory,NA,right,acetylcholine,thorax,NA
thorax_tactile,720575941536730817,SNta02,bristle_neuron,thorax_bristle_neuron,sensory,NA,right,acetylcholine,thorax,NA
thorax_tactile,720575941532546392,SNta09,bristle_neuron,thorax_bristle_neuron,sensory,NA,right,acetylcholine,thorax,NA
thorax_tactile,720575941687583606,SNta01,bristle_neuron,thorax_bristle_neuron,sensory,NA,right,acetylcholine,thorax,NA
thorax_tactile,720575941505265829,SNta09,bristle_neuron,thorax_bristle_neuron,sensory,NA,right,acetylcholine,thorax,NA
thorax_tactile,720575941501280855,SNta09,bristle_neuron,thorax_bristle_neuron,sensory,NA,right,acetylcholine,thorax,NA
thorax_tactile,720575941430567182,SNta09,bristle_neuron,thorax_bristle_neuron,sensory,NA,right,acetylcholine,thorax,NA
thorax_tactile,720575941650890257,SNta09,bristle_neuron,thorax_bristle_neuron,sensory,NA,right,acetylcholine,thorax,NA
thorax_tactile,720575941417202460,SNta02,bristle_neuron,thorax_bristle_neuron,sensory,NA,right,acetylcholine,thorax,NA
thorax_tactile,720575941477689824,SNta09,bristle_neuron,thorax_bristle_neuron,sensory,NA,right,acetylcholine,thorax,NA
thorax_tactile,720575941415159188,SNta02,bristle_neuron,thorax_bristle_neuron,sensory,NA,right,acetylcholine,thorax,NA
thorax_tactile,720575941577056501,SNta02,bristle_neuron,thorax_bristle_neuron,sensory,NA,right,acetylcholine,thorax,NA
thorax_tactile,720575941493535943,SNta09,bristle_neuron,thorax_bristle_neuron,sensory,NA,right,acetylcholine,thorax,NA
thorax_tactile,720575941567181682,SNta09,bristle_neuron,thorax_bristle_neuron,sensory,NA,right,acetylcholine,thorax,NA
thorax_tactile,720575941624790012,SNta02,bristle_neuron,thorax_bristle_neuron,sensory,NA,right,acetylcholine,thorax,NA
thorax_tactile,720575941537915005,SNta09,bristle_neuron,thorax_bristle_neuron,sensory,NA,right,acetylcholine,thorax,NA
thorax_tactile,720575941532543107,SNta09,bristle_neuron,thorax_bristle_neuron,sensory,NA,right,acetylcholine,thorax,NA
thorax_tactile,720575941605104749,SNta09,bristle_neuron,thorax_bristle_neuron,sensory,NA,right,acetylcholine,thorax,NA
thorax_tactile,720575941689780120,SNta09,bristle_neuron,thorax_bristle_neuron,sensory,NA,right,acetylcholine,thorax,NA
thorax_tactile,720575941571713800,SNta09,bristle_neuron,thorax_bristle_neuron,sensory,NA,right,acetylcholine,thorax,NA
thorax_tactile,720575941461168653,SNta09,bristle_neuron,thorax_bristle_neuron,sensory,NA,right,acetylcholine,thorax,NA
thorax_tactile,720575941497078946,SNta09,bristle_neuron,thorax_bristle_neuron,sensory,NA,right,acetylcholine,thorax,NA
thorax_tactile,720575941641614418,SNta09,bristle_neuron,thorax_bristle_neuron,sensory,NA,right,acetylcholine,thorax,NA
thorax_tactile,720575941549742142,SNta09,bristle_neuron,thorax_bristle_neuron,sensory,NA,right,acetylcholine,thorax,NA
thorax_tactile,720575941450131271,SNta09,bristle_neuron,thorax_bristle_neuron,sensory,NA,right,acetylcholine,thorax,NA
thorax_tactile,720575941681025469,SNta09,bristle_neuron,thorax_bristle_neuron,sensory,NA,right,acetylcholine,thorax,NA
thorax_tactile,720575941508594130,SNta09,bristle_neuron,thorax_bristle_neuron,sensory,NA,right,acetylcholine,thorax,NA
thorax_tactile,720575941564038503,SNta09,bristle_neuron,thorax_bristle_neuron,sensory,NA,right,acetylcholine,thorax,NA
thorax_tactile,720575941439013467,SNta09,bristle_neuron,thorax_bristle_neuron,sensory,NA,right,acetylcholine,thorax,NA
thorax_tactile,720575941439021403,SNta09,bristle_neuron,thorax_bristle_neuron,sensory,NA,right,acetylcholine,thorax,NA
thorax_tactile,720575941495736007,SNta09,bristle_neuron,thorax_bristle_neuron,sensory,NA,right,acetylcholine,thorax,NA
thorax_tactile,720575941543713724,SNta09,bristle_neuron,thorax_bristle_neuron,sensory,NA,right,acetylcholine,thorax,NA
thorax_tactile,720575941596679719,SNta02,bristle_neuron,thorax_bristle_neuron,sensory,NA,left,acetylcholine,thorax,NA
thorax_tactile,720575941527984461,SNta09,bristle_neuron,thorax_bristle_neuron,sensory,NA,left,acetylcholine,thorax,NA
thorax_tactile,720575941561673075,SNta09,bristle_neuron,thorax_bristle_neuron,sensory,NA,left,acetylcholine,thorax,NA
thorax_tactile,720575941402188400,SNta09,bristle_neuron,thorax_bristle_neuron,sensory,NA,right,acetylcholine,thorax,NA
thorax_tactile,720575941614929884,SNta10,bristle_neuron,thorax_bristle_neuron,sensory,NA,right,acetylcholine,thorax,NA
thorax_tactile,720575941520415991,SNta09,bristle_neuron,thorax_bristle_neuron,sensory,NA,right,acetylcholine,thorax,NA
thorax_tactile,720575941649321237,SNta09,bristle_neuron,thorax_bristle_neuron,sensory,NA,right,acetylcholine,thorax,NA
thorax_tactile,720575941408437934,SNta09,bristle_neuron,thorax_bristle_neuron,sensory,NA,right,acetylcholine,thorax,NA
thorax_tactile,720575941561485714,SNta09,bristle_neuron,thorax_bristle_neuron,sensory,NA,right,acetylcholine,thorax,NA
thorax_tactile,720575941532524978,SNta09,bristle_neuron,thorax_bristle_neuron,sensory,NA,right,acetylcholine,thorax,NA
thorax_tactile,720575941516726232,SNta01,bristle_neuron,thorax_bristle_neuron,sensory,NA,right,acetylcholine,thorax,NA
thorax_tactile,720575941513081187,SNta09,bristle_neuron,thorax_bristle_neuron,sensory,NA,right,acetylcholine,thorax,NA
thorax_tactile,720575941581739615,SNta09,bristle_neuron,thorax_bristle_neuron,sensory,NA,right,acetylcholine,thorax,NA
thorax_tactile,720575941549844542,SNta09,bristle_neuron,thorax_bristle_neuron,sensory,NA,right,acetylcholine,thorax,NA
thorax_tactile,720575941517342201,SNta02,bristle_neuron,thorax_bristle_neuron,sensory,NA,right,acetylcholine,thorax,NA
thorax_tactile,720575941478649423,SNta09,bristle_neuron,thorax_bristle_neuron,sensory,NA,right,acetylcholine,thorax,NA
thorax_tactile,720575941690721688,SNta09,bristle_neuron,thorax_bristle_neuron,sensory,NA,right,acetylcholine,thorax,NA
thorax_tactile,720575941660582992,SNta09,bristle_neuron,thorax_bristle_neuron,sensory,NA,left,acetylcholine,thorax,NA
thorax_tactile,720575941605011641,SNta02,bristle_neuron,thorax_bristle_neuron,sensory,NA,left,acetylcholine,thorax,NA
thorax_tactile,720575941588520076,SNta09,bristle_neuron,thorax_bristle_neuron,sensory,NA,left,acetylcholine,thorax,NA
thorax_tactile,720575941554249729,SNta09,bristle_neuron,thorax_bristle_neuron,sensory,NA,left,acetylcholine,thorax,NA
thorax_tactile,720575941572468382,SNta13,bristle_neuron,thorax_bristle_neuron,sensory,NA,right,acetylcholine,thorax,NA
thorax_tactile,720575941517342969,SNta02,bristle_neuron,thorax_bristle_neuron,sensory,NA,left,acetylcholine,thorax,NA
thorax_tactile,720575941503374652,SNta09,bristle_neuron,thorax_bristle_neuron,sensory,NA,left,acetylcholine,thorax,NA
thorax_tactile,720575941644805970,SNta13,bristle_neuron,thorax_bristle_neuron,sensory,NA,right,acetylcholine,thorax,NA
thorax_tactile,720575941665372147,SNta09,bristle_neuron,thorax_bristle_neuron,sensory,NA,left,acetylcholine,thorax,NA
thorax_tactile,720575941505770369,SNta02,bristle_neuron,thorax_bristle_neuron,sensory,NA,left,acetylcholine,thorax,NA
thorax_tactile,720575941482430799,SNta05,bristle_neuron,thorax_bristle_neuron,sensory,NA,left,acetylcholine,thorax,NA
thorax_tactile,720575941535133667,SNta10,bristle_neuron,thorax_bristle_neuron,sensory,NA,left,acetylcholine,thorax,NA
thorax_tactile,720575941558434093,SNta09,bristle_neuron,thorax_bristle_neuron,sensory,NA,left,acetylcholine,thorax,NA
thorax_tactile,720575941437067538,SNta09,bristle_neuron,thorax_bristle_neuron,sensory,NA,left,acetylcholine,thorax,NA
thorax_tactile,720575941454200135,SNta02,bristle_neuron,thorax_bristle_neuron,sensory,NA,right,acetylcholine,thorax,NA
thorax_tactile,720575941587172230,SNta09,bristle_neuron,thorax_bristle_neuron,sensory,NA,left,acetylcholine,thorax,NA
thorax_tactile,720575941601147833,SNta09,bristle_neuron,thorax_bristle_neuron,sensory,NA,left,acetylcholine,thorax,NA
thorax_tactile,720575941680136125,SNta09,bristle_neuron,thorax_bristle_neuron,sensory,NA,left,acetylcholine,thorax,NA
thorax_tactile,720575941408296875,SNta09,bristle_neuron,thorax_bristle_neuron,sensory,NA,left,acetylcholine,thorax,NA
thorax_tactile,720575941491995852,SNta02,bristle_neuron,thorax_bristle_neuron,sensory,NA,left,acetylcholine,thorax,NA
thorax_tactile,720575941409788783,SNta09,bristle_neuron,thorax_bristle_neuron,sensory,NA,left,acetylcholine,thorax,NA
thorax_tactile,720575941409864303,SNta09,bristle_neuron,thorax_bristle_neuron,sensory,NA,left,acetylcholine,thorax,NA
thorax_tactile,720575941401782307,SNta09,bristle_neuron,thorax_bristle_neuron,sensory,NA,right,acetylcholine,thorax,NA
thorax_tactile,720575941411791508,SNta09,bristle_neuron,thorax_bristle_neuron,sensory,NA,right,acetylcholine,thorax,NA
thorax_tactile,720575941428294025,SNta09,bristle_neuron,thorax_bristle_neuron,sensory,NA,left,acetylcholine,thorax,NA
thorax_tactile,720575941428484015,SNta09,bristle_neuron,thorax_bristle_neuron,sensory,NA,left,acetylcholine,thorax,NA
thorax_tactile,720575941485401741,SNta01,bristle_neuron,thorax_bristle_neuron,sensory,NA,left,acetylcholine,thorax,NA
thorax_tactile,720575941564236807,SNta09,bristle_neuron,thorax_bristle_neuron,sensory,NA,left,acetylcholine,thorax,NA
thorax_tactile,720575941592043660,SNta02,bristle_neuron,thorax_bristle_neuron,sensory,NA,left,acetylcholine,thorax,NA
thorax_tactile,720575941435575596,SNta02,bristle_neuron,thorax_bristle_neuron,sensory,NA,left,acetylcholine,thorax,NA
thorax_tactile,720575941438802779,SNta09,bristle_neuron,thorax_bristle_neuron,sensory,NA,left,acetylcholine,thorax,NA
thorax_tactile,720575941438814299,SNta09,bristle_neuron,thorax_bristle_neuron,sensory,NA,left,acetylcholine,thorax,NA
thorax_tactile,720575941354264368,SNta09,bristle_neuron,thorax_bristle_neuron,sensory,NA,right,acetylcholine,thorax,NA
thorax_tactile,720575941529868676,SNta02,bristle_neuron,thorax_bristle_neuron,sensory,NA,left,acetylcholine,thorax,NA
thorax_tactile,720575941452123443,SNta09,bristle_neuron,thorax_bristle_neuron,sensory,NA,left,acetylcholine,thorax,NA
thorax_tactile,720575941460105939,SNta12,bristle_neuron,thorax_bristle_neuron,sensory,NA,left,acetylcholine,thorax,NA
thorax_tactile,720575941517969299,SNta02,bristle_neuron,thorax_bristle_neuron,sensory,NA,left,acetylcholine,thorax,NA
thorax_tactile,720575941464779798,SNta01,bristle_neuron,thorax_bristle_neuron,sensory,NA,left,acetylcholine,thorax,NA
thorax_tactile,720575941464860182,SNta09,bristle_neuron,thorax_bristle_neuron,sensory,NA,left,acetylcholine,thorax,NA
thorax_tactile,720575941517802668,SNta09,bristle_neuron,thorax_bristle_neuron,sensory,NA,right,acetylcholine,thorax,NA
thorax_tactile,720575941571428254,SNta02,bristle_neuron,thorax_bristle_neuron,sensory,NA,left,acetylcholine,thorax,NA
thorax_tactile,720575941468590347,SNta09,bristle_neuron,thorax_bristle_neuron,sensory,NA,left,acetylcholine,thorax,NA
thorax_tactile,720575941447815700,SNta13,bristle_neuron,thorax_bristle_neuron,sensory,NA,left,acetylcholine,thorax,NA
thorax_tactile,720575941470220663,SNta09,bristle_neuron,thorax_bristle_neuron,sensory,NA,left,acetylcholine,thorax,NA
thorax_tactile,720575941472518459,SNta01,bristle_neuron,thorax_bristle_neuron,sensory,NA,left,acetylcholine,thorax,NA
thorax_tactile,720575941431299543,SNta09,bristle_neuron,thorax_bristle_neuron,sensory,NA,right,acetylcholine,thorax,NA
thorax_tactile,720575941480913338,SNta02,bristle_neuron,thorax_bristle_neuron,sensory,NA,left,acetylcholine,thorax,NA
thorax_tactile,720575941488171721,SNta09,bristle_neuron,thorax_bristle_neuron,sensory,NA,left,acetylcholine,thorax,NA
thorax_tactile,720575941488307662,SNta02,bristle_neuron,thorax_bristle_neuron,sensory,NA,left,acetylcholine,thorax,NA
thorax_tactile,720575941488370382,SNta09,bristle_neuron,thorax_bristle_neuron,sensory,NA,left,acetylcholine,thorax,NA
thorax_tactile,720575941489091815,SNta09,bristle_neuron,thorax_bristle_neuron,sensory,NA,right,acetylcholine,thorax,NA
thorax_tactile,720575941489099751,SNta01,bristle_neuron,thorax_bristle_neuron,sensory,NA,right,acetylcholine,thorax,NA
thorax_tactile,720575941536609729,SNta09,bristle_neuron,thorax_bristle_neuron,sensory,NA,right,acetylcholine,thorax,NA
thorax_tactile,720575941548978721,SNta01,bristle_neuron,thorax_bristle_neuron,sensory,NA,right,acetylcholine,thorax,NA
thorax_tactile,720575941496189409,SNta09,bristle_neuron,thorax_bristle_neuron,sensory,NA,left,acetylcholine,thorax,NA
thorax_tactile,720575941434351630,SNta09,bristle_neuron,thorax_bristle_neuron,sensory,NA,right,acetylcholine,thorax,NA
thorax_tactile,720575941476020795,SNta02,bristle_neuron,thorax_bristle_neuron,sensory,NA,left,acetylcholine,thorax,NA
thorax_tactile,720575941610538729,SNta09,bristle_neuron,thorax_bristle_neuron,sensory,NA,right,acetylcholine,thorax,NA
thorax_tactile,720575941500925419,SNta02,bristle_neuron,thorax_bristle_neuron,sensory,NA,left,acetylcholine,thorax,NA
thorax_tactile,720575941501757122,SNta09,bristle_neuron,thorax_bristle_neuron,sensory,NA,left,acetylcholine,thorax,NA
thorax_tactile,720575941503372092,SNta01,bristle_neuron,thorax_bristle_neuron,sensory,NA,left,acetylcholine,thorax,NA
thorax_tactile,720575941505593378,SNta09,bristle_neuron,thorax_bristle_neuron,sensory,NA,right,acetylcholine,thorax,NA
thorax_tactile,720575941512932195,SNta09,bristle_neuron,thorax_bristle_neuron,sensory,NA,right,acetylcholine,thorax,NA
thorax_tactile,720575941513303898,SNta09,bristle_neuron,thorax_bristle_neuron,sensory,NA,left,acetylcholine,thorax,NA
thorax_tactile,720575941516093612,SNta09,bristle_neuron,thorax_bristle_neuron,sensory,NA,left,acetylcholine,thorax,NA
thorax_tactile,720575941516578926,SNta09,bristle_neuron,thorax_bristle_neuron,sensory,NA,left,acetylcholine,thorax,NA
thorax_tactile,720575941516667246,SNta01,bristle_neuron,thorax_bristle_neuron,sensory,NA,left,acetylcholine,thorax,NA
thorax_tactile,720575941517304057,SNta02,bristle_neuron,thorax_bristle_neuron,sensory,NA,left,acetylcholine,thorax,NA
thorax_tactile,720575941517493932,SNta09,bristle_neuron,thorax_bristle_neuron,sensory,NA,right,acetylcholine,thorax,NA
thorax_tactile,720575941682325693,SNta02,bristle_neuron,thorax_bristle_neuron,sensory,NA,left,acetylcholine,thorax,NA
thorax_tactile,720575941524064184,SNta09,bristle_neuron,thorax_bristle_neuron,sensory,NA,left,acetylcholine,thorax,NA
thorax_tactile,720575941524297241,SNta09,bristle_neuron,thorax_bristle_neuron,sensory,NA,left,acetylcholine,thorax,NA
thorax_tactile,720575941689900918,SNta02,bristle_neuron,thorax_bristle_neuron,sensory,NA,right,acetylcholine,thorax,NA
thorax_tactile,720575941557326884,SNta02,bristle_neuron,thorax_bristle_neuron,sensory,NA,left,acetylcholine,thorax,NA
thorax_tactile,720575941407529390,SNta09,bristle_neuron,thorax_bristle_neuron,sensory,NA,right,acetylcholine,thorax,NA
thorax_tactile,720575941475953450,SNta02,bristle_neuron,thorax_bristle_neuron,sensory,NA,right,acetylcholine,thorax,NA
thorax_tactile,720575941573582600,SNta09,bristle_neuron,thorax_bristle_neuron,sensory,NA,left,acetylcholine,thorax,NA
thorax_tactile,720575941533657114,SNta09,bristle_neuron,thorax_bristle_neuron,sensory,NA,left,acetylcholine,thorax,NA
thorax_tactile,720575941533660186,SNta02,bristle_neuron,thorax_bristle_neuron,sensory,NA,left,acetylcholine,thorax,NA
thorax_tactile,720575941533664538,SNta09,bristle_neuron,thorax_bristle_neuron,sensory,NA,left,acetylcholine,thorax,NA
thorax_tactile,720575941562747437,SNta02,bristle_neuron,thorax_bristle_neuron,sensory,NA,left,acetylcholine,thorax,NA
thorax_tactile,720575941533688858,SNta09,bristle_neuron,thorax_bristle_neuron,sensory,NA,left,acetylcholine,thorax,NA
thorax_tactile,720575941476066090,SNta10,bristle_neuron,thorax_bristle_neuron,sensory,NA,left,acetylcholine,thorax,NA
thorax_tactile,720575941574585672,SNta02,bristle_neuron,thorax_bristle_neuron,sensory,NA,left,acetylcholine,thorax,NA
thorax_tactile,720575941537643925,SNta09,bristle_neuron,thorax_bristle_neuron,sensory,NA,left,acetylcholine,thorax,NA
thorax_tactile,720575941458005741,SNta02,bristle_neuron,thorax_bristle_neuron,sensory,NA,left,acetylcholine,thorax,NA
thorax_tactile,720575941627336859,SNta09,bristle_neuron,thorax_bristle_neuron,sensory,NA,left,acetylcholine,thorax,NA
thorax_tactile,720575941663439672,SNta02,bristle_neuron,thorax_bristle_neuron,sensory,NA,left,acetylcholine,thorax,NA
thorax_tactile,720575941577508185,SNta09,bristle_neuron,thorax_bristle_neuron,sensory,NA,left,acetylcholine,thorax,NA
thorax_tactile,720575941543396969,SNta09,bristle_neuron,thorax_bristle_neuron,sensory,NA,left,acetylcholine,thorax,NA
thorax_tactile,720575941432807009,SNta02,bristle_neuron,thorax_bristle_neuron,sensory,NA,left,acetylcholine,thorax,NA
thorax_tactile,720575941543550140,SNta09,bristle_neuron,thorax_bristle_neuron,sensory,NA,left,acetylcholine,thorax,NA
thorax_tactile,720575941544537780,SNta09,bristle_neuron,thorax_bristle_neuron,sensory,NA,left,acetylcholine,thorax,NA
thorax_tactile,720575941530816952,SNta02,bristle_neuron,thorax_bristle_neuron,sensory,NA,left,acetylcholine,thorax,NA
thorax_tactile,720575941545919412,SNta09,bristle_neuron,thorax_bristle_neuron,sensory,NA,left,acetylcholine,thorax,NA
thorax_tactile,720575941516679779,SNta02,bristle_neuron,thorax_bristle_neuron,sensory,NA,left,acetylcholine,thorax,NA
thorax_tactile,720575941518203352,SNta09,bristle_neuron,thorax_bristle_neuron,sensory,NA,left,acetylcholine,thorax,NA
thorax_tactile,720575941577628249,SNta09,bristle_neuron,thorax_bristle_neuron,sensory,NA,right,acetylcholine,thorax,NA
thorax_tactile,720575941550879367,SNta09,bristle_neuron,thorax_bristle_neuron,sensory,NA,left,acetylcholine,thorax,NA
thorax_tactile,720575941557157903,SNta09,bristle_neuron,thorax_bristle_neuron,sensory,NA,left,acetylcholine,thorax,NA
thorax_tactile,720575941557485550,SNta09,bristle_neuron,thorax_bristle_neuron,sensory,NA,left,acetylcholine,thorax,NA
thorax_tactile,720575941558353709,SNta02,bristle_neuron,thorax_bristle_neuron,sensory,NA,left,acetylcholine,thorax,NA
thorax_tactile,720575941548510241,SNta09,bristle_neuron,thorax_bristle_neuron,sensory,NA,left,acetylcholine,thorax,NA
thorax_tactile,720575941558667309,SNta01,bristle_neuron,thorax_bristle_neuron,sensory,NA,right,acetylcholine,thorax,NA
thorax_tactile,720575941560600744,SNta09,bristle_neuron,thorax_bristle_neuron,sensory,NA,left,acetylcholine,thorax,NA
thorax_tactile,720575941476185374,SNta09,bristle_neuron,thorax_bristle_neuron,sensory,NA,right,acetylcholine,thorax,NA
thorax_tactile,720575941591807742,SNta02,bristle_neuron,thorax_bristle_neuron,sensory,NA,left,acetylcholine,thorax,NA
thorax_tactile,720575941559135214,SNta09,bristle_neuron,thorax_bristle_neuron,sensory,NA,left,acetylcholine,thorax,NA
thorax_tactile,720575941614499292,SNta02,bristle_neuron,thorax_bristle_neuron,sensory,NA,left,acetylcholine,thorax,NA
thorax_tactile,720575941614499036,SNta02,bristle_neuron,thorax_bristle_neuron,sensory,NA,left,acetylcholine,thorax,NA
thorax_tactile,720575941570749256,SNta02,bristle_neuron,thorax_bristle_neuron,sensory,NA,left,acetylcholine,thorax,NA
thorax_tactile,720575941526919078,SNta09,bristle_neuron,thorax_bristle_neuron,sensory,NA,left,acetylcholine,thorax,NA
thorax_tactile,720575941572799119,SNta09,bristle_neuron,thorax_bristle_neuron,sensory,NA,left,acetylcholine,thorax,NA
thorax_tactile,720575941573198262,SNta09,bristle_neuron,thorax_bristle_neuron,sensory,NA,left,acetylcholine,thorax,NA
thorax_tactile,720575941575640409,SNta09,bristle_neuron,thorax_bristle_neuron,sensory,NA,left,acetylcholine,thorax,NA
thorax_tactile,720575941492111566,SNta02,bristle_neuron,thorax_bristle_neuron,sensory,NA,left,acetylcholine,thorax,NA
thorax_tactile,720575941612299484,SNta09,bristle_neuron,thorax_bristle_neuron,sensory,NA,left,acetylcholine,thorax,NA
thorax_tactile,720575941631960546,SNta02,bristle_neuron,thorax_bristle_neuron,sensory,NA,left,acetylcholine,thorax,NA
thorax_tactile,720575941535028234,SNta09,bristle_neuron,thorax_bristle_neuron,sensory,NA,left,acetylcholine,thorax,NA
thorax_tactile,720575941588524428,SNta09,bristle_neuron,thorax_bristle_neuron,sensory,NA,left,acetylcholine,thorax,NA
thorax_tactile,720575941588545932,SNta09,bristle_neuron,thorax_bristle_neuron,sensory,NA,left,acetylcholine,thorax,NA
thorax_tactile,720575941460757956,SNta09,bristle_neuron,thorax_bristle_neuron,sensory,NA,right,acetylcholine,thorax,NA
thorax_tactile,720575941608811629,SNta02,bristle_neuron,thorax_bristle_neuron,sensory,NA,left,acetylcholine,thorax,NA
thorax_tactile,720575941476428091,SNta02,bristle_neuron,thorax_bristle_neuron,sensory,NA,left,acetylcholine,thorax,NA
thorax_tactile,720575941492854759,SNta12,bristle_neuron,thorax_bristle_neuron,sensory,NA,right,acetylcholine,thorax,NA
thorax_tactile,720575941494410928,SNta09,bristle_neuron,thorax_bristle_neuron,sensory,NA,right,acetylcholine,thorax,NA
thorax_tactile,720575941618958975,SNta01,bristle_neuron,thorax_bristle_neuron,sensory,NA,left,acetylcholine,thorax,NA
thorax_tactile,720575941527877634,SNta02,bristle_neuron,thorax_bristle_neuron,sensory,NA,left,acetylcholine,thorax,NA
thorax_tactile,720575941453924935,SNta02,bristle_neuron,thorax_bristle_neuron,sensory,NA,left,acetylcholine,thorax,NA
thorax_tactile,720575941481125088,SNta02,bristle_neuron,thorax_bristle_neuron,sensory,NA,left,acetylcholine,thorax,NA
thorax_tactile,720575941477649258,SNta09,bristle_neuron,thorax_bristle_neuron,sensory,NA,left,acetylcholine,thorax,NA
thorax_tactile,720575941462412243,SNta02,bristle_neuron,thorax_bristle_neuron,sensory,NA,left,acetylcholine,thorax,NA
thorax_tactile,720575941609194413,SNta09,bristle_neuron,thorax_bristle_neuron,sensory,NA,left,acetylcholine,thorax,NA
thorax_tactile,720575941609298022,SNta09,bristle_neuron,thorax_bristle_neuron,sensory,NA,left,acetylcholine,thorax,NA
thorax_tactile,720575941548990324,SNta09,bristle_neuron,thorax_bristle_neuron,sensory,NA,left,acetylcholine,thorax,NA
thorax_tactile,720575941497760128,SNta02,bristle_neuron,thorax_bristle_neuron,sensory,NA,left,acetylcholine,thorax,NA
thorax_tactile,720575941617175935,SNta09,bristle_neuron,thorax_bristle_neuron,sensory,NA,left,acetylcholine,thorax,NA
thorax_tactile,720575941623340426,SNta09,bristle_neuron,thorax_bristle_neuron,sensory,NA,left,acetylcholine,thorax,NA
thorax_tactile,720575941626807334,SNta02,bristle_neuron,thorax_bristle_neuron,sensory,NA,left,acetylcholine,thorax,NA
thorax_tactile,720575941626812966,SNta02,bristle_neuron,thorax_bristle_neuron,sensory,NA,left,acetylcholine,thorax,NA
thorax_tactile,720575941632317154,SNta09,bristle_neuron,thorax_bristle_neuron,sensory,NA,left,acetylcholine,thorax,NA
thorax_tactile,720575941629165804,SNta09,bristle_neuron,thorax_bristle_neuron,sensory,NA,left,acetylcholine,thorax,NA
thorax_tactile,720575941630500000,SNta09,bristle_neuron,thorax_bristle_neuron,sensory,NA,left,acetylcholine,thorax,NA
thorax_tactile,720575941636285045,SNta09,bristle_neuron,thorax_bristle_neuron,sensory,NA,left,acetylcholine,thorax,NA
thorax_tactile,720575941592747916,SNta02,bristle_neuron,thorax_bristle_neuron,sensory,NA,left,acetylcholine,thorax,NA
thorax_tactile,720575941640847461,SNta02,bristle_neuron,thorax_bristle_neuron,sensory,NA,left,acetylcholine,thorax,NA
thorax_tactile,720575941566786146,SNta02,bristle_neuron,thorax_bristle_neuron,sensory,NA,left,acetylcholine,thorax,NA
thorax_tactile,720575941615704083,SNta02,bristle_neuron,thorax_bristle_neuron,sensory,NA,left,acetylcholine,thorax,NA
thorax_tactile,720575941642474657,SNta09,bristle_neuron,thorax_bristle_neuron,sensory,NA,left,acetylcholine,thorax,NA
thorax_tactile,720575941642689441,SNta09,bristle_neuron,thorax_bristle_neuron,sensory,NA,left,acetylcholine,thorax,NA
thorax_tactile,720575941651307249,SNta09,bristle_neuron,thorax_bristle_neuron,sensory,NA,right,acetylcholine,thorax,NA
thorax_tactile,720575941652076505,SNta09,bristle_neuron,thorax_bristle_neuron,sensory,NA,left,acetylcholine,thorax,NA
thorax_tactile,720575941652089049,SNta09,bristle_neuron,thorax_bristle_neuron,sensory,NA,left,acetylcholine,thorax,NA
thorax_tactile,720575941652158425,SNta02,bristle_neuron,thorax_bristle_neuron,sensory,NA,left,acetylcholine,thorax,NA
thorax_tactile,720575941652852692,SNta09,bristle_neuron,thorax_bristle_neuron,sensory,NA,left,acetylcholine,thorax,NA
thorax_tactile,720575941656119376,SNta09,bristle_neuron,thorax_bristle_neuron,sensory,NA,left,acetylcholine,thorax,NA
thorax_tactile,720575941656137552,SNta13,bristle_neuron,thorax_bristle_neuron,sensory,NA,left,acetylcholine,thorax,NA
thorax_tactile,720575941502024587,SNta09,bristle_neuron,thorax_bristle_neuron,sensory,NA,right,acetylcholine,thorax,NA
thorax_tactile,720575941611413737,SNta05,bristle_neuron,thorax_bristle_neuron,sensory,NA,left,acetylcholine,thorax,NA
thorax_tactile,720575941665341171,SNta09,bristle_neuron,thorax_bristle_neuron,sensory,NA,left,acetylcholine,thorax,NA
thorax_tactile,720575941665469683,SNta02,bristle_neuron,thorax_bristle_neuron,sensory,NA,left,acetylcholine,thorax,NA
thorax_tactile,720575941667024817,SNta09,bristle_neuron,thorax_bristle_neuron,sensory,NA,left,acetylcholine,thorax,NA
thorax_tactile,720575941670311130,SNta02,bristle_neuron,thorax_bristle_neuron,sensory,NA,left,acetylcholine,thorax,NA
thorax_tactile,720575941505975063,SNta02,bristle_neuron,thorax_bristle_neuron,sensory,NA,left,acetylcholine,thorax,NA
thorax_tactile,720575941505281445,SNta09,bristle_neuron,thorax_bristle_neuron,sensory,NA,left,acetylcholine,thorax,NA
thorax_tactile,720575941684753903,SNta09,bristle_neuron,thorax_bristle_neuron,sensory,NA,left,acetylcholine,thorax,NA
thorax_tactile,720575941685977718,SNta09,bristle_neuron,thorax_bristle_neuron,sensory,NA,left,acetylcholine,thorax,NA
thorax_tactile,720575941687836635,SNta09,bristle_neuron,thorax_bristle_neuron,sensory,NA,left,acetylcholine,thorax,NA
thorax_tactile,720575941687881691,SNta09,bristle_neuron,thorax_bristle_neuron,sensory,NA,left,acetylcholine,thorax,NA
thorax_tactile,720575941720333626,SNta09,bristle_neuron,thorax_bristle_neuron,sensory,NA,left,acetylcholine,thorax,NA
thorax_tactile,720575941539345021,SNta09,bristle_neuron,thorax_bristle_neuron,sensory,NA,left,acetylcholine,thorax,NA
thorax_tactile,720575941434473102,SNta09,bristle_neuron,thorax_bristle_neuron,sensory,NA,left,acetylcholine,thorax,NA
thorax_tactile,720575941551699455,SNta09,bristle_neuron,thorax_bristle_neuron,sensory,NA,left,acetylcholine,thorax,NA
leg_tactile,720575941437486866,SNta38,bristle_neuron,front_leg_bristle_neuron,sensory,NA,NA,acetylcholine,front_leg,NA
leg_tactile,720575941495108551,SAch01,taste_bristle_gustatory_neuron,hind_leg_taste_bristle_gustatory_neuron,sensory_ascending,wing-leg-tactile,NA,acetylcholine,hind_leg,NA
leg_tactile,720575941480245327,SAch01,taste_bristle_gustatory_neuron,hind_leg_taste_bristle_gustatory_neuron,sensory_ascending,wing-leg-tactile,right,acetylcholine,hind_leg,NA
leg_tactile,720575941551115775,SAch01,taste_bristle_gustatory_neuron,hind_leg_taste_bristle_gustatory_neuron,sensory_ascending,wing-leg-tactile,NA,acetylcholine,hind_leg,NA
leg_tactile,720575941625603995,SAch01,taste_bristle_gustatory_neuron,hind_leg_taste_bristle_gustatory_neuron,sensory_ascending,wing-leg-tactile,right,acetylcholine,hind_leg,NA
leg_tactile,720575941669591217,SAch01,taste_bristle_gustatory_neuron,hind_leg_taste_bristle_gustatory_neuron,sensory_ascending,wing-leg-tactile,right,acetylcholine,hind_leg,NA
leg_tactile,720575941602753782,LgAG6,taste_bristle_gustatory_neuron,front_leg_taste_bristle_gustatory_neuron,sensory_ascending,NA,right,acetylcholine,front_leg,NA
leg_tactile,720575941571691165,SAch01,taste_bristle_gustatory_neuron,hind_leg_taste_bristle_gustatory_neuron,sensory_ascending,wing-leg-tactile,right,acetylcholine,hind_leg,NA
leg_tactile,720575941492003559,SAch02,taste_bristle_gustatory_neuron,hind_leg_taste_bristle_gustatory_neuron,sensory_ascending,NA,left,acetylcholine,hind_leg,NA
leg_tactile,720575941592898341,SAch02,taste_bristle_gustatory_neuron,hind_leg_taste_bristle_gustatory_neuron,sensory_ascending,NA,right,glutamate,hind_leg,NA
leg_tactile,720575941611136614,SAchxx,taste_bristle_gustatory_neuron,hind_leg_taste_bristle_gustatory_neuron,sensory_ascending,NA,left,acetylcholine,hind_leg,NA
leg_tactile,720575941721635130,SAch02,taste_bristle_gustatory_neuron,middle_leg_taste_bristle_gustatory_neuron,sensory_ascending,NA,left,acetylcholine,middle_leg,NA
leg_tactile,720575941653788633,SAchxx,taste_bristle_gustatory_neuron,hind_leg_taste_bristle_gustatory_neuron,sensory_ascending,NA,NA,acetylcholine,hind_leg,NA
leg_tactile,720575941616199637,SAchxx,taste_bristle_gustatory_neuron,hind_leg_taste_bristle_gustatory_neuron,sensory_ascending,NA,left,acetylcholine,hind_leg,NA
leg_tactile,720575941534995994,SAch02,taste_bristle_gustatory_neuron,front_leg_taste_bristle_gustatory_neuron,sensory_ascending,NA,right,acetylcholine,front_leg,NA
leg_tactile,720575941686614511,SAch01,taste_bristle_gustatory_neuron,middle_leg_taste_bristle_gustatory_neuron,sensory_ascending,wing-leg-tactile,left,acetylcholine,middle_leg,NA
leg_tactile,720575941454037811,SAchxx,taste_bristle_gustatory_neuron,hind_leg_taste_bristle_gustatory_neuron,sensory_ascending,NA,left,acetylcholine,hind_leg,NA
leg_tactile,720575941465046550,SAch02,taste_bristle_gustatory_neuron,middle_leg_taste_bristle_gustatory_neuron,sensory_ascending,NA,left,acetylcholine,middle_leg,NA
leg_tactile,720575941690343576,LgAG7,taste_bristle_gustatory_neuron,front_leg_taste_bristle_gustatory_neuron,sensory_ascending,NA,left,acetylcholine,front_leg,NA
leg_tactile,720575941514415875,SAchxx,taste_bristle_gustatory_neuron,hind_leg_taste_bristle_gustatory_neuron,sensory_ascending,NA,left,acetylcholine,hind_leg,NA
leg_tactile,720575941595204229,SAch01,taste_bristle_gustatory_neuron,front_leg_taste_bristle_gustatory_neuron,sensory_ascending,wing-leg-tactile,left,serotonin,front_leg,NA
leg_tactile,720575941553078938,SAch02,taste_bristle_gustatory_neuron,hind_leg_taste_bristle_gustatory_neuron,sensory_ascending,NA,NA,glutamate,hind_leg,NA
leg_tactile,720575941621460476,SAch01,taste_bristle_gustatory_neuron,front_leg_taste_bristle_gustatory_neuron,sensory_ascending,wing-leg-tactile,left,acetylcholine,front_leg,NA
leg_tactile,720575941649412885,SAch01,taste_bristle_gustatory_neuron,middle_leg_taste_bristle_gustatory_neuron,sensory_ascending,wing-leg-tactile,right,acetylcholine,middle_leg,NA
leg_tactile,720575941543379644,SAch02,taste_bristle_gustatory_neuron,front_leg_taste_bristle_gustatory_neuron,sensory_ascending,NA,right,acetylcholine,front_leg,NA
leg_tactile,720575941510064594,LgAG3,taste_bristle_gustatory_neuron,front_leg_taste_bristle_gustatory_neuron,sensory_ascending,feeding-ingestion,right,acetylcholine,front_leg,NA
leg_tactile,720575941535228353,SAch02,taste_bristle_gustatory_neuron,hind_leg_taste_bristle_gustatory_neuron,sensory_ascending,NA,left,acetylcholine,hind_leg,NA
leg_tactile,720575941436757804,SAch02,taste_bristle_gustatory_neuron,front_leg_taste_bristle_gustatory_neuron,sensory_ascending,NA,right,acetylcholine,front_leg,NA
leg_tactile,720575941553332708,SAch01,taste_bristle_gustatory_neuron,front_leg_taste_bristle_gustatory_neuron,sensory_ascending,wing-leg-tactile,left,serotonin,front_leg,NA
leg_tactile,720575941435787052,SAch01,taste_bristle_gustatory_neuron,middle_leg_taste_bristle_gustatory_neuron,sensory_ascending,wing-leg-tactile,left,acetylcholine,middle_leg,NA
leg_tactile,720575941569197426,SAch02,taste_bristle_gustatory_neuron,middle_leg_taste_bristle_gustatory_neuron,sensory_ascending,NA,right,acetylcholine,middle_leg,NA
leg_tactile,720575941552267777,SAch02,taste_bristle_gustatory_neuron,middle_leg_taste_bristle_gustatory_neuron,sensory_ascending,NA,right,acetylcholine,middle_leg,NA
leg_tactile,720575941608538954,SAch01,taste_bristle_gustatory_neuron,middle_leg_taste_bristle_gustatory_neuron,sensory_ascending,wing-leg-tactile,left,acetylcholine,middle_leg,NA
leg_tactile,720575941435493164,LgAG2,taste_bristle_gustatory_neuron,middle_leg_taste_bristle_gustatory_neuron,sensory_ascending,feeding-ingestion,right,acetylcholine,middle_leg,NA
leg_tactile,720575941549011060,SAch02,taste_bristle_gustatory_neuron,front_leg_taste_bristle_gustatory_neuron,sensory_ascending,NA,right,acetylcholine,front_leg,NA
leg_tactile,720575941679772605,SAch01,taste_bristle_gustatory_neuron,front_leg_taste_bristle_gustatory_neuron,sensory_ascending,wing-leg-tactile,left,acetylcholine,front_leg,NA
leg_tactile,720575941636577909,SAch01,taste_bristle_gustatory_neuron,front_leg_taste_bristle_gustatory_neuron,sensory_ascending,wing-leg-tactile,right,acetylcholine,front_leg,NA
leg_tactile,720575941668521137,SAch01,taste_bristle_gustatory_neuron,middle_leg_taste_bristle_gustatory_neuron,sensory_ascending,wing-leg-tactile,right,glutamate,middle_leg,NA
leg_tactile,720575941508580562,SAch01,taste_bristle_gustatory_neuron,middle_leg_taste_bristle_gustatory_neuron,sensory_ascending,wing-leg-tactile,right,acetylcholine,middle_leg,NA
leg_tactile,720575941563760552,SAch01,taste_bristle_gustatory_neuron,middle_leg_taste_bristle_gustatory_neuron,sensory_ascending,wing-leg-tactile,left,acetylcholine,middle_leg,NA
leg_tactile,720575941566927610,LgAG3,taste_bristle_gustatory_neuron,front_leg_taste_bristle_gustatory_neuron,sensory_ascending,wing-leg-tactile,right,acetylcholine,front_leg,NA
leg_tactile,720575941592612903,SAch02,taste_bristle_gustatory_neuron,front_leg_taste_bristle_gustatory_neuron,sensory_ascending,NA,NA,acetylcholine,front_leg,NA
leg_tactile,720575941474880308,SAch02,taste_bristle_gustatory_neuron,front_leg_taste_bristle_gustatory_neuron,sensory_ascending,NA,NA,glutamate,front_leg,NA
leg_tactile,720575941526609689,SAch02,taste_bristle_gustatory_neuron,hind_leg_taste_bristle_gustatory_neuron,sensory_ascending,NA,left,acetylcholine,hind_leg,NA
leg_tactile,720575941569405342,SAch01,taste_bristle_gustatory_neuron,front_leg_taste_bristle_gustatory_neuron,sensory_ascending,wing-leg-tactile,left,acetylcholine,front_leg,NA
leg_tactile,720575941514337626,SAch01,taste_bristle_gustatory_neuron,front_leg_taste_bristle_gustatory_neuron,sensory_ascending,wing-leg-tactile,right,serotonin,front_leg,NA
leg_tactile,720575941503597116,SAch01,taste_bristle_gustatory_neuron,front_leg_taste_bristle_gustatory_neuron,sensory_ascending,wing-leg-tactile,right,acetylcholine,front_leg,NA
leg_tactile,720575941657683024,SAch02,taste_bristle_gustatory_neuron,front_leg_taste_bristle_gustatory_neuron,sensory_ascending,NA,left,acetylcholine,front_leg,NA
leg_tactile,720575941689930648,SAch01,taste_bristle_gustatory_neuron,front_leg_taste_bristle_gustatory_neuron,sensory_ascending,wing-leg-tactile,left,acetylcholine,front_leg,NA
leg_tactile,720575941487560757,SAch01,taste_bristle_gustatory_neuron,front_leg_taste_bristle_gustatory_neuron,sensory_ascending,wing-leg-tactile,NA,acetylcholine,front_leg,NA
leg_tactile,720575941584770014,SAch01,taste_bristle_gustatory_neuron,middle_leg_taste_bristle_gustatory_neuron,sensory_ascending,wing-leg-tactile,left,glutamate,middle_leg,NA
leg_tactile,720575941649765141,SAch01,taste_bristle_gustatory_neuron,front_leg_taste_bristle_gustatory_neuron,sensory_ascending,wing-leg-tactile,right,acetylcholine,front_leg,NA
leg_tactile,720575941525946724,SAch01,taste_bristle_gustatory_neuron,front_leg_taste_bristle_gustatory_neuron,sensory_ascending,wing-leg-tactile,NA,glutamate,front_leg,NA
leg_tactile,720575941405005168,SAchxx,taste_bristle_gustatory_neuron,hind_leg_taste_bristle_gustatory_neuron,sensory_ascending,NA,NA,glutamate,hind_leg,NA
leg_tactile,720575941552359303,SAch01,taste_bristle_gustatory_neuron,middle_leg_taste_bristle_gustatory_neuron,sensory_ascending,wing-leg-tactile,right,acetylcholine,middle_leg,NA
leg_tactile,720575941668520881,SAch01,taste_bristle_gustatory_neuron,middle_leg_taste_bristle_gustatory_neuron,sensory_ascending,wing-leg-tactile,right,acetylcholine,middle_leg,NA
leg_tactile,720575941575751784,SAch01,taste_bristle_gustatory_neuron,front_leg_taste_bristle_gustatory_neuron,sensory_ascending,wing-leg-tactile,right,acetylcholine,front_leg,NA
leg_tactile,720575941594807921,SAchxx,taste_bristle_gustatory_neuron,middle_leg_taste_bristle_gustatory_neuron,sensory_ascending,NA,right,glutamate,middle_leg,NA
leg_tactile,720575941488498892,SAch01,taste_bristle_gustatory_neuron,front_leg_taste_bristle_gustatory_neuron,sensory_ascending,wing-leg-tactile,NA,serotonin,front_leg,NA
leg_tactile,720575941400910115,SAch01,taste_bristle_gustatory_neuron,hind_leg_taste_bristle_gustatory_neuron,sensory_ascending,wing-leg-tactile,right,acetylcholine,hind_leg,NA
leg_tactile,720575941639069471,SAch01,taste_bristle_gustatory_neuron,front_leg_taste_bristle_gustatory_neuron,sensory_ascending,wing-leg-tactile,left,acetylcholine,front_leg,NA
leg_tactile,720575941509737682,SAch01,taste_bristle_gustatory_neuron,front_leg_taste_bristle_gustatory_neuron,sensory_ascending,wing-leg-tactile,left,acetylcholine,front_leg,NA
leg_tactile,720575941573117341,SAch02,taste_bristle_gustatory_neuron,front_leg_taste_bristle_gustatory_neuron,sensory_ascending,NA,left,acetylcholine,front_leg,NA
leg_tactile,720575941590130174,SAch01,taste_bristle_gustatory_neuron,front_leg_taste_bristle_gustatory_neuron,sensory_ascending,wing-leg-tactile,right,acetylcholine,front_leg,NA
leg_tactile,720575941643574392,SAch01,taste_bristle_gustatory_neuron,front_leg_taste_bristle_gustatory_neuron,sensory_ascending,wing-leg-tactile,right,acetylcholine,front_leg,NA
leg_tactile,720575941502323435,SAch01,taste_bristle_gustatory_neuron,front_leg_taste_bristle_gustatory_neuron,sensory_ascending,wing-leg-tactile,left,glutamate,front_leg,NA
leg_tactile,720575941407397294,SAch01,taste_bristle_gustatory_neuron,hind_leg_taste_bristle_gustatory_neuron,sensory_ascending,wing-leg-tactile,left,glutamate,hind_leg,NA
leg_tactile,720575941555323108,SNta44,bristle_neuron,middle_leg_bristle_neuron,sensory,NA,right,acetylcholine,middle_leg,NA
leg_tactile,720575941528700875,SNta34,bristle_neuron,middle_leg_bristle_neuron,sensory,NA,right,acetylcholine,middle_leg,NA
leg_tactile,720575941573445046,SNta28,bristle_neuron,middle_leg_bristle_neuron,sensory,NA,right,acetylcholine,middle_leg,NA
leg_tactile,720575941503298108,LgLG3,taste_bristle_gustatory_neuron,front_leg_taste_bristle_gustatory_neuron,sensory,NA,right,acetylcholine,front_leg,NA
leg_tactile,720575941595989617,SNta38,bristle_neuron,middle_leg_bristle_neuron,sensory,NA,right,acetylcholine,middle_leg,NA
leg_tactile,720575941513021955,SNta26,bristle_neuron,front_leg_bristle_neuron,sensory,NA,right,acetylcholine,front_leg,NA
leg_tactile,720575941468546167,SNta29,bristle_neuron,middle_leg_bristle_neuron,sensory,NA,right,acetylcholine,middle_leg,NA
leg_tactile,720575941482202275,SNta20,bristle_neuron,middle_leg_bristle_neuron,sensory,NA,right,acetylcholine,middle_leg,NA
leg_tactile,720575941530367876,SNta29,bristle_neuron,middle_leg_bristle_neuron,sensory,NA,right,acetylcholine,middle_leg,NA
leg_tactile,720575941608498506,SNta29,bristle_neuron,middle_leg_bristle_neuron,sensory,NA,right,acetylcholine,middle_leg,NA
leg_tactile,720575941483912258,SNta29,bristle_neuron,middle_leg_bristle_neuron,sensory,NA,right,acetylcholine,middle_leg,NA
leg_tactile,720575941439243349,SNta35,bristle_neuron,middle_leg_bristle_neuron,sensory,NA,right,acetylcholine,middle_leg,NA
leg_tactile,720575941583726558,SNta42,bristle_neuron,middle_leg_bristle_neuron,sensory,NA,right,acetylcholine,middle_leg,NA
leg_tactile,720575941467303133,SNta34,bristle_neuron,middle_leg_bristle_neuron,sensory,NA,right,acetylcholine,middle_leg,NA
leg_tactile,720575941449554298,SNta45,bristle_neuron,middle_leg_bristle_neuron,sensory,NA,right,gaba,middle_leg,NA
leg_tactile,720575941516396204,SNta29,bristle_neuron,middle_leg_bristle_neuron,sensory,NA,right,acetylcholine,middle_leg,NA
leg_tactile,720575941552974163,SNta41,bristle_neuron,middle_leg_bristle_neuron,sensory,NA,right,acetylcholine,middle_leg,NA
leg_tactile,720575941479553987,SNta25,bristle_neuron,hind_leg_bristle_neuron,sensory,NA,right,acetylcholine,hind_leg,NA
leg_tactile,720575941405296752,SNta33,bristle_neuron,middle_leg_bristle_neuron,sensory,NA,right,acetylcholine,middle_leg,NA
leg_tactile,720575941524544793,SNta25,bristle_neuron,middle_leg_bristle_neuron,sensory,NA,right,acetylcholine,middle_leg,NA
leg_tactile,720575941516817880,SNta43,bristle_neuron,middle_leg_bristle_neuron,sensory,NA,right,acetylcholine,middle_leg,NA
leg_tactile,720575941552945235,SNta38,bristle_neuron,middle_leg_bristle_neuron,sensory,NA,right,acetylcholine,middle_leg,NA
leg_tactile,720575941601244918,SNta42,bristle_neuron,middle_leg_bristle_neuron,sensory,NA,right,acetylcholine,middle_leg,NA
leg_tactile,720575941402225008,SNta43,bristle_neuron,middle_leg_bristle_neuron,sensory,NA,right,acetylcholine,middle_leg,NA
leg_tactile,720575941516789720,SNta30,bristle_neuron,middle_leg_bristle_neuron,sensory,NA,right,acetylcholine,middle_leg,NA
leg_tactile,720575941514165651,SNta37,bristle_neuron,middle_leg_bristle_neuron,sensory,NA,right,acetylcholine,middle_leg,NA
leg_tactile,720575941469244992,SNta35,bristle_neuron,middle_leg_bristle_neuron,sensory,NA,right,acetylcholine,middle_leg,NA
leg_tactile,720575941530120933,SNta35,bristle_neuron,middle_leg_bristle_neuron,sensory,NA,right,acetylcholine,middle_leg,NA
leg_tactile,720575941623696522,SNta35,bristle_neuron,middle_leg_bristle_neuron,sensory,NA,right,acetylcholine,middle_leg,NA
leg_tactile,720575941595321895,SNta29,bristle_neuron,hind_leg_bristle_neuron,sensory,NA,right,acetylcholine,hind_leg,NA
leg_tactile,720575941504153067,SNta20,bristle_neuron,middle_leg_bristle_neuron,sensory,NA,right,acetylcholine,middle_leg,NA
leg_tactile,720575941562178304,SNta22,bristle_neuron,middle_leg_bristle_neuron,sensory,NA,right,acetylcholine,middle_leg,NA
leg_tactile,720575941496397129,SNta22,bristle_neuron,middle_leg_bristle_neuron,sensory,NA,right,acetylcholine,middle_leg,NA
leg_tactile,720575941478002818,SNta42,bristle_neuron,middle_leg_bristle_neuron,sensory,NA,right,acetylcholine,middle_leg,NA
leg_tactile,720575941551961599,SNta33,bristle_neuron,middle_leg_bristle_neuron,sensory,NA,right,acetylcholine,middle_leg,NA
leg_tactile,720575941527947908,SNta43,bristle_neuron,middle_leg_bristle_neuron,sensory,NA,right,acetylcholine,middle_leg,NA
leg_tactile,720575941499641227,SNta43,bristle_neuron,middle_leg_bristle_neuron,sensory,NA,right,acetylcholine,middle_leg,NA
leg_tactile,720575941608557130,SNta43,bristle_neuron,middle_leg_bristle_neuron,sensory,NA,right,acetylcholine,middle_leg,NA
leg_tactile,720575941623585644,SNta43,bristle_neuron,middle_leg_bristle_neuron,sensory,NA,right,acetylcholine,middle_leg,NA
leg_tactile,720575941542169349,SNta34,bristle_neuron,middle_leg_bristle_neuron,sensory,NA,right,acetylcholine,middle_leg,NA
leg_tactile,720575941527345922,SNta20,bristle_neuron,middle_leg_bristle_neuron,sensory,NA,right,acetylcholine,middle_leg,NA
leg_tactile,720575941633070240,SNta42,bristle_neuron,middle_leg_bristle_neuron,sensory,NA,right,acetylcholine,middle_leg,NA
leg_tactile,720575941459224516,SNta41,bristle_neuron,middle_leg_bristle_neuron,sensory,NA,right,acetylcholine,middle_leg,NA
leg_tactile,720575941511368012,SNta41,bristle_neuron,middle_leg_bristle_neuron,sensory,NA,right,acetylcholine,middle_leg,NA
leg_tactile,720575941642789793,SNta42,bristle_neuron,middle_leg_bristle_neuron,sensory,NA,right,acetylcholine,middle_leg,NA
leg_tactile,720575941478281602,SNta43,bristle_neuron,middle_leg_bristle_neuron,sensory,NA,right,acetylcholine,middle_leg,NA
leg_tactile,720575941553870820,SNta31,bristle_neuron,middle_leg_bristle_neuron,sensory,NA,right,acetylcholine,middle_leg,NA
leg_tactile,720575941506057566,SNta31,bristle_neuron,middle_leg_bristle_neuron,sensory,NA,right,acetylcholine,middle_leg,NA
leg_tactile,720575941409226158,SNta20,bristle_neuron,middle_leg_bristle_neuron,sensory,NA,right,acetylcholine,middle_leg,NA
leg_tactile,720575941596139164,SNta34,bristle_neuron,middle_leg_bristle_neuron,sensory,NA,right,acetylcholine,middle_leg,NA
leg_tactile,720575941560805032,SNta34,bristle_neuron,middle_leg_bristle_neuron,sensory,NA,right,acetylcholine,middle_leg,NA
leg_tactile,720575941629486572,SNta20,bristle_neuron,middle_leg_bristle_neuron,sensory,NA,right,acetylcholine,middle_leg,NA
leg_tactile,720575941642795169,SNta34,bristle_neuron,middle_leg_bristle_neuron,sensory,NA,right,acetylcholine,middle_leg,NA
leg_tactile,720575941459136708,SNta41,bristle_neuron,middle_leg_bristle_neuron,sensory,NA,right,acetylcholine,middle_leg,NA
leg_tactile,720575941451341134,SNta20,bristle_neuron,middle_leg_bristle_neuron,sensory,NA,right,acetylcholine,middle_leg,NA
leg_tactile,720575941429907927,SNta43,bristle_neuron,middle_leg_bristle_neuron,sensory,NA,right,acetylcholine,middle_leg,NA
leg_tactile,720575941434322446,LgLG3,taste_bristle_gustatory_neuron,middle_leg_taste_bristle_gustatory_neuron,sensory,NA,right,acetylcholine,middle_leg,NA
leg_tactile,720575941568788526,SNta20,bristle_neuron,middle_leg_bristle_neuron,sensory,NA,right,acetylcholine,middle_leg,NA
leg_tactile,720575941472829243,SNta41,bristle_neuron,middle_leg_bristle_neuron,sensory,NA,right,acetylcholine,middle_leg,NA
leg_tactile,720575941655663065,SNta20,bristle_neuron,middle_leg_bristle_neuron,sensory,NA,right,acetylcholine,middle_leg,NA
leg_tactile,720575941730150187,SNta31,bristle_neuron,middle_leg_bristle_neuron,sensory,NA,right,acetylcholine,middle_leg,NA
leg_tactile,720575941579670617,SNta20,bristle_neuron,middle_leg_bristle_neuron,sensory,NA,right,acetylcholine,middle_leg,NA
leg_tactile,720575941518619575,SNta41,bristle_neuron,middle_leg_bristle_neuron,sensory,NA,right,acetylcholine,middle_leg,NA
leg_tactile,720575941521640267,SNta35,bristle_neuron,middle_leg_bristle_neuron,sensory,NA,right,acetylcholine,middle_leg,NA
leg_tactile,720575941570960968,SNta28,bristle_neuron,middle_leg_bristle_neuron,sensory,NA,right,acetylcholine,middle_leg,NA
leg_tactile,720575941521640011,SNta35,bristle_neuron,middle_leg_bristle_neuron,sensory,NA,right,acetylcholine,middle_leg,NA
leg_tactile,720575941467786326,SNta20,bristle_neuron,middle_leg_bristle_neuron,sensory,NA,right,acetylcholine,middle_leg,NA
leg_tactile,720575941539891804,SNta29,bristle_neuron,middle_leg_bristle_neuron,sensory,NA,right,acetylcholine,middle_leg,NA
leg_tactile,720575941492338380,SNta20,bristle_neuron,middle_leg_bristle_neuron,sensory,NA,right,acetylcholine,middle_leg,NA
leg_tactile,720575941641776210,SNta20,bristle_neuron,middle_leg_bristle_neuron,sensory,NA,right,acetylcholine,middle_leg,NA
leg_tactile,720575941543472233,SNta20,bristle_neuron,middle_leg_bristle_neuron,sensory,NA,right,acetylcholine,middle_leg,NA
leg_tactile,720575941650095857,SNta29,bristle_neuron,middle_leg_bristle_neuron,sensory,NA,right,acetylcholine,middle_leg,NA
leg_tactile,720575941461248525,SNta28,bristle_neuron,middle_leg_bristle_neuron,sensory,NA,right,acetylcholine,middle_leg,NA
leg_tactile,720575941491461429,SNta20,bristle_neuron,middle_leg_bristle_neuron,sensory,NA,right,acetylcholine,middle_leg,NA
leg_tactile,720575941533976090,SNta23,bristle_neuron,middle_leg_bristle_neuron,sensory,NA,right,acetylcholine,middle_leg,NA
leg_tactile,720575941557665774,SNta28,bristle_neuron,middle_leg_bristle_neuron,sensory,NA,right,acetylcholine,middle_leg,NA
leg_tactile,720575941537666842,SNta20,bristle_neuron,middle_leg_bristle_neuron,sensory,NA,right,acetylcholine,middle_leg,NA
leg_tactile,720575941537667098,SNta20,bristle_neuron,middle_leg_bristle_neuron,sensory,NA,right,acetylcholine,middle_leg,NA
leg_tactile,720575941481190330,SNta35,bristle_neuron,middle_leg_bristle_neuron,sensory,NA,right,acetylcholine,middle_leg,NA
leg_tactile,720575941687456780,SNta29,bristle_neuron,middle_leg_bristle_neuron,sensory,NA,right,acetylcholine,middle_leg,NA
leg_tactile,720575941497088162,SNta34,bristle_neuron,middle_leg_bristle_neuron,sensory,NA,right,acetylcholine,middle_leg,NA
leg_tactile,720575941499859323,SNta35,bristle_neuron,middle_leg_bristle_neuron,sensory,NA,right,acetylcholine,middle_leg,NA
leg_tactile,720575941573444534,SNta28,bristle_neuron,middle_leg_bristle_neuron,sensory,NA,right,acetylcholine,middle_leg,NA
leg_tactile,720575941592811045,SNta43,bristle_neuron,middle_leg_bristle_neuron,sensory,NA,right,acetylcholine,middle_leg,NA
leg_tactile,720575941724402234,LgLG1b,taste_bristle_gustatory_neuron,middle_leg_taste_bristle_gustatory_neuron,sensory,NA,right,glutamate,middle_leg,NA
leg_tactile,720575941652961748,SNta35,bristle_neuron,middle_leg_bristle_neuron,sensory,NA,right,acetylcholine,middle_leg,NA
leg_tactile,720575941410121327,SNta20,bristle_neuron,middle_leg_bristle_neuron,sensory,NA,right,acetylcholine,middle_leg,NA
leg_tactile,720575941390787478,SNta26,bristle_neuron,middle_leg_bristle_neuron,sensory,NA,right,acetylcholine,middle_leg,NA
leg_tactile,720575941524345700,SNta35,bristle_neuron,middle_leg_bristle_neuron,sensory,NA,right,acetylcholine,middle_leg,NA
leg_tactile,720575941483899277,LgLG3,taste_bristle_gustatory_neuron,middle_leg_taste_bristle_gustatory_neuron,sensory,NA,right,acetylcholine,middle_leg,NA
leg_tactile,720575941472316458,SNta26,bristle_neuron,middle_leg_bristle_neuron,sensory,NA,right,acetylcholine,middle_leg,NA
leg_tactile,720575941350569776,SNta37,bristle_neuron,middle_leg_bristle_neuron,sensory,NA,right,acetylcholine,middle_leg,NA
leg_tactile,720575941542392837,LgLG3,taste_bristle_gustatory_neuron,middle_leg_taste_bristle_gustatory_neuron,sensory,NA,right,acetylcholine,middle_leg,NA
leg_tactile,720575941594135941,SNta35,bristle_neuron,middle_leg_bristle_neuron,sensory,NA,right,acetylcholine,middle_leg,NA
leg_tactile,720575941652943572,SNta28,bristle_neuron,middle_leg_bristle_neuron,sensory,NA,right,acetylcholine,middle_leg,NA
leg_tactile,720575941555319780,SNta35,bristle_neuron,middle_leg_bristle_neuron,sensory,NA,right,acetylcholine,middle_leg,NA
leg_tactile,720575941514220179,SNta35,bristle_neuron,middle_leg_bristle_neuron,sensory,NA,right,acetylcholine,middle_leg,NA
leg_tactile,720575941462818244,SNta20,bristle_neuron,middle_leg_bristle_neuron,sensory,NA,right,acetylcholine,middle_leg,NA
leg_tactile,720575941408588203,SNta35,bristle_neuron,middle_leg_bristle_neuron,sensory,NA,right,acetylcholine,middle_leg,NA
leg_tactile,720575941479697770,SNta20,bristle_neuron,middle_leg_bristle_neuron,sensory,NA,right,acetylcholine,middle_leg,NA
leg_tactile,720575941406119342,SNta35,bristle_neuron,middle_leg_bristle_neuron,sensory,NA,right,acetylcholine,middle_leg,NA
leg_tactile,720575941539856732,SNta35,bristle_neuron,middle_leg_bristle_neuron,sensory,NA,right,acetylcholine,middle_leg,NA
leg_tactile,720575941652961492,SNta35,bristle_neuron,middle_leg_bristle_neuron,sensory,NA,right,acetylcholine,middle_leg,NA
leg_tactile,720575941609481133,SNta29,bristle_neuron,middle_leg_bristle_neuron,sensory,NA,right,acetylcholine,middle_leg,NA
leg_tactile,720575941550899967,SNta43,bristle_neuron,middle_leg_bristle_neuron,sensory,NA,right,acetylcholine,middle_leg,NA
leg_tactile,720575941552587009,SNta35,bristle_neuron,middle_leg_bristle_neuron,sensory,NA,right,acetylcholine,middle_leg,NA
leg_tactile,720575941439082587,SNta26,bristle_neuron,middle_leg_bristle_neuron,sensory,NA,right,acetylcholine,middle_leg,NA
leg_tactile,720575941503698341,SNta29,bristle_neuron,middle_leg_bristle_neuron,sensory,NA,right,acetylcholine,middle_leg,NA
leg_tactile,720575941475211616,SNta20,bristle_neuron,middle_leg_bristle_neuron,sensory,NA,right,acetylcholine,middle_leg,NA
leg_tactile,720575941475972145,SNta28,bristle_neuron,middle_leg_bristle_neuron,sensory,NA,right,acetylcholine,middle_leg,NA
leg_tactile,720575941617495423,SNta28,bristle_neuron,middle_leg_bristle_neuron,sensory,NA,right,acetylcholine,middle_leg,NA
leg_tactile,720575941646304673,SNta26,bristle_neuron,middle_leg_bristle_neuron,sensory,NA,right,acetylcholine,middle_leg,NA
leg_tactile,720575941479419843,SNta35,bristle_neuron,middle_leg_bristle_neuron,sensory,NA,right,acetylcholine,middle_leg,NA
leg_tactile,720575941592645415,SNta29,bristle_neuron,middle_leg_bristle_neuron,sensory,NA,right,acetylcholine,middle_leg,NA
leg_tactile,720575941570567924,SNta44,bristle_neuron,middle_leg_bristle_neuron,sensory,NA,right,acetylcholine,middle_leg,NA
leg_tactile,720575941601768233,LgLG1b,taste_bristle_gustatory_neuron,middle_leg_taste_bristle_gustatory_neuron,sensory,NA,right,glutamate,middle_leg,NA
leg_tactile,720575941467323613,SNta35,bristle_neuron,middle_leg_bristle_neuron,sensory,NA,right,acetylcholine,middle_leg,NA
leg_tactile,720575941399364899,SNta26,bristle_neuron,middle_leg_bristle_neuron,sensory,NA,right,acetylcholine,middle_leg,NA
leg_tactile,720575941641792799,SNta20,bristle_neuron,middle_leg_bristle_neuron,sensory,NA,right,acetylcholine,middle_leg,NA
leg_tactile,720575941638121247,SNta28,bristle_neuron,middle_leg_bristle_neuron,sensory,NA,right,acetylcholine,middle_leg,NA
leg_tactile,720575941688336280,SNta35,bristle_neuron,middle_leg_bristle_neuron,sensory,NA,right,acetylcholine,middle_leg,NA
leg_tactile,720575941476105265,SNta28,bristle_neuron,middle_leg_bristle_neuron,sensory,NA,right,acetylcholine,middle_leg,NA
leg_tactile,720575941406099886,SNta29,bristle_neuron,middle_leg_bristle_neuron,sensory,NA,right,acetylcholine,middle_leg,NA
leg_tactile,720575941468448375,SNta38,bristle_neuron,middle_leg_bristle_neuron,sensory,NA,right,acetylcholine,middle_leg,NA
leg_tactile,720575941504445207,SNta42,bristle_neuron,middle_leg_bristle_neuron,sensory,NA,right,acetylcholine,middle_leg,NA
leg_tactile,720575941460269727,SNta20,bristle_neuron,middle_leg_bristle_neuron,sensory,NA,right,acetylcholine,middle_leg,NA
leg_tactile,720575941493737415,SNta29,bristle_neuron,middle_leg_bristle_neuron,sensory,NA,right,acetylcholine,middle_leg,NA
leg_tactile,720575941447712861,SNta29,bristle_neuron,middle_leg_bristle_neuron,sensory,NA,right,acetylcholine,middle_leg,NA
leg_tactile,720575941413833071,SNta21,bristle_neuron,middle_leg_bristle_neuron,sensory,NA,right,acetylcholine,middle_leg,NA
leg_tactile,720575941505608482,SNta29,bristle_neuron,middle_leg_bristle_neuron,sensory,NA,right,acetylcholine,middle_leg,NA
leg_tactile,720575941521903435,SNta26,bristle_neuron,middle_leg_bristle_neuron,sensory,NA,right,acetylcholine,middle_leg,NA
leg_tactile,720575941539978332,SNta29,bristle_neuron,middle_leg_bristle_neuron,sensory,NA,right,acetylcholine,middle_leg,NA
leg_tactile,720575941471425632,SNta38,bristle_neuron,middle_leg_bristle_neuron,sensory,NA,right,acetylcholine,middle_leg,NA
leg_tactile,720575941479419331,SNta35,bristle_neuron,middle_leg_bristle_neuron,sensory,NA,right,acetylcholine,middle_leg,NA
leg_tactile,720575941408587435,SNta43,bristle_neuron,middle_leg_bristle_neuron,sensory,NA,right,acetylcholine,middle_leg,NA
leg_tactile,720575941552596737,LgLG2,taste_bristle_gustatory_neuron,middle_leg_taste_bristle_gustatory_neuron,sensory,NA,right,acetylcholine,middle_leg,NA
leg_tactile,720575941467374045,SNta42,bristle_neuron,middle_leg_bristle_neuron,sensory,NA,right,acetylcholine,middle_leg,NA
leg_tactile,720575941350568496,SNta35,bristle_neuron,middle_leg_bristle_neuron,sensory,NA,right,acetylcholine,middle_leg,NA
leg_tactile,720575941558878253,SNta28,bristle_neuron,middle_leg_bristle_neuron,sensory,NA,right,acetylcholine,middle_leg,NA
leg_tactile,720575941410180207,SNta26,bristle_neuron,middle_leg_bristle_neuron,sensory,NA,right,acetylcholine,middle_leg,NA
leg_tactile,720575941637822581,SNta29,bristle_neuron,middle_leg_bristle_neuron,sensory,NA,right,acetylcholine,middle_leg,NA
leg_tactile,720575941447208117,SNta35,bristle_neuron,middle_leg_bristle_neuron,sensory,NA,right,acetylcholine,middle_leg,NA
leg_tactile,720575941506107265,SNta35,bristle_neuron,middle_leg_bristle_neuron,sensory,NA,right,acetylcholine,middle_leg,NA
leg_tactile,720575941629512172,SNta37,bristle_neuron,middle_leg_bristle_neuron,sensory,NA,right,acetylcholine,middle_leg,NA
leg_tactile,720575941570649850,SNta20,bristle_neuron,middle_leg_bristle_neuron,sensory,NA,right,acetylcholine,middle_leg,NA
leg_tactile,720575941638110495,SNta29,bristle_neuron,middle_leg_bristle_neuron,sensory,NA,right,acetylcholine,middle_leg,NA
leg_tactile,720575941467323357,SNta19,bristle_neuron,middle_leg_bristle_neuron,sensory,NA,right,acetylcholine,middle_leg,NA
leg_tactile,720575941538116989,SNta42,bristle_neuron,middle_leg_bristle_neuron,sensory,NA,right,acetylcholine,middle_leg,NA
leg_tactile,720575941501358679,SNta38,bristle_neuron,middle_leg_bristle_neuron,sensory,NA,right,acetylcholine,middle_leg,NA
leg_tactile,720575941517118307,LgLG1a,taste_bristle_gustatory_neuron,middle_leg_taste_bristle_gustatory_neuron,sensory,NA,right,glutamate,middle_leg,NA
leg_tactile,720575941436804927,SNta37,bristle_neuron,middle_leg_bristle_neuron,sensory,NA,right,acetylcholine,middle_leg,NA
leg_tactile,720575941457845488,SNta29,bristle_neuron,middle_leg_bristle_neuron,sensory,NA,right,acetylcholine,middle_leg,NA
leg_tactile,720575941390812566,SNta37,bristle_neuron,middle_leg_bristle_neuron,sensory,NA,right,acetylcholine,middle_leg,NA
leg_tactile,720575941567142906,SNta29,bristle_neuron,middle_leg_bristle_neuron,sensory,NA,right,acetylcholine,middle_leg,NA
leg_tactile,720575941411966868,SNta38,bristle_neuron,middle_leg_bristle_neuron,sensory,NA,right,acetylcholine,middle_leg,NA
leg_tactile,720575941433546272,SNta29,bristle_neuron,middle_leg_bristle_neuron,sensory,NA,right,acetylcholine,middle_leg,NA
leg_tactile,720575941561345551,SNta21,bristle_neuron,middle_leg_bristle_neuron,sensory,NA,right,gaba,middle_leg,NA
leg_tactile,720575941563569718,SNta26,bristle_neuron,middle_leg_bristle_neuron,sensory,NA,right,acetylcholine,middle_leg,NA
leg_tactile,720575941447414197,SNta29,bristle_neuron,middle_leg_bristle_neuron,sensory,NA,right,acetylcholine,middle_leg,NA
leg_tactile,720575941594258216,LgLG1a,taste_bristle_gustatory_neuron,middle_leg_taste_bristle_gustatory_neuron,sensory,NA,right,acetylcholine,middle_leg,NA
leg_tactile,720575941587511095,SNta37,bristle_neuron,middle_leg_bristle_neuron,sensory,NA,right,acetylcholine,middle_leg,NA
leg_tactile,720575941487661634,LgLG1b,taste_bristle_gustatory_neuron,middle_leg_taste_bristle_gustatory_neuron,sensory,NA,right,acetylcholine,middle_leg,NA
leg_tactile,720575941411985556,SNta26,bristle_neuron,middle_leg_bristle_neuron,sensory,NA,right,acetylcholine,middle_leg,NA
leg_tactile,720575941506054434,SNta38,bristle_neuron,middle_leg_bristle_neuron,sensory,NA,right,acetylcholine,middle_leg,NA
leg_tactile,720575941535391459,LgLG4,taste_bristle_gustatory_neuron,middle_leg_taste_bristle_gustatory_neuron,sensory,NA,right,glutamate,middle_leg,NA
leg_tactile,720575941496381921,SNta29,bristle_neuron,middle_leg_bristle_neuron,sensory,NA,right,acetylcholine,middle_leg,NA
leg_tactile,720575941468841995,SNta45,bristle_neuron,middle_leg_bristle_neuron,sensory,NA,right,acetylcholine,middle_leg,NA
leg_tactile,720575941573477558,SNta37,bristle_neuron,middle_leg_bristle_neuron,sensory,NA,right,acetylcholine,middle_leg,NA
leg_tactile,720575941573125533,SNta29,bristle_neuron,middle_leg_bristle_neuron,sensory,NA,right,acetylcholine,middle_leg,NA
leg_tactile,720575941650124529,LgLG3,taste_bristle_gustatory_neuron,middle_leg_taste_bristle_gustatory_neuron,sensory,NA,right,glutamate,middle_leg,NA
leg_tactile,720575941461385286,SNta38,bristle_neuron,middle_leg_bristle_neuron,sensory,NA,right,acetylcholine,middle_leg,NA
leg_tactile,720575941547010081,SNta28,bristle_neuron,middle_leg_bristle_neuron,sensory,NA,right,acetylcholine,middle_leg,NA
leg_tactile,720575941612552937,SNta43,bristle_neuron,middle_leg_bristle_neuron,sensory,NA,right,acetylcholine,middle_leg,NA
leg_tactile,720575941577446225,LgLG2,taste_bristle_gustatory_neuron,middle_leg_taste_bristle_gustatory_neuron,sensory,NA,right,acetylcholine,middle_leg,NA
leg_tactile,720575941476024362,SNta20,bristle_neuron,middle_leg_bristle_neuron,sensory,NA,right,acetylcholine,middle_leg,NA
leg_tactile,720575941668960679,LgLG3,taste_bristle_gustatory_neuron,middle_leg_taste_bristle_gustatory_neuron,sensory,NA,right,acetylcholine,middle_leg,NA
leg_tactile,720575941532567384,SNta37,bristle_neuron,middle_leg_bristle_neuron,sensory,NA,right,acetylcholine,middle_leg,NA
leg_tactile,720575941579283577,SNta38,bristle_neuron,middle_leg_bristle_neuron,sensory,NA,right,acetylcholine,middle_leg,NA
leg_tactile,720575941512619218,SNta26,bristle_neuron,middle_leg_bristle_neuron,sensory,NA,right,acetylcholine,middle_leg,NA
leg_tactile,720575941552690055,SNta28,bristle_neuron,middle_leg_bristle_neuron,sensory,NA,right,acetylcholine,middle_leg,NA
leg_tactile,720575941598316329,SNta28,bristle_neuron,middle_leg_bristle_neuron,sensory,NA,right,acetylcholine,middle_leg,NA
leg_tactile,720575941652297177,SNta37,bristle_neuron,middle_leg_bristle_neuron,sensory,NA,right,acetylcholine,middle_leg,NA
leg_tactile,720575941505889218,SNta21,bristle_neuron,middle_leg_bristle_neuron,sensory,NA,right,acetylcholine,middle_leg,NA
leg_tactile,720575941514168723,SNta45,bristle_neuron,middle_leg_bristle_neuron,sensory,NA,right,acetylcholine,middle_leg,NA
leg_tactile,720575941415737489,LgLG3,taste_bristle_gustatory_neuron,middle_leg_taste_bristle_gustatory_neuron,sensory,NA,right,acetylcholine,middle_leg,NA
leg_tactile,720575941627147558,LgLG3,taste_bristle_gustatory_neuron,middle_leg_taste_bristle_gustatory_neuron,sensory,NA,right,acetylcholine,middle_leg,NA
leg_tactile,720575941734030379,LgLG1b,taste_bristle_gustatory_neuron,middle_leg_taste_bristle_gustatory_neuron,sensory,NA,right,acetylcholine,middle_leg,NA
leg_tactile,720575941452612659,LgLG3,taste_bristle_gustatory_neuron,middle_leg_taste_bristle_gustatory_neuron,sensory,NA,right,acetylcholine,middle_leg,NA
leg_tactile,720575941596701479,SNta26,bristle_neuron,middle_leg_bristle_neuron,sensory,NA,right,acetylcholine,middle_leg,NA
leg_tactile,720575941561505170,SNta43,bristle_neuron,middle_leg_bristle_neuron,sensory,NA,right,acetylcholine,middle_leg,NA
leg_tactile,720575941350604336,SNta29,bristle_neuron,middle_leg_bristle_neuron,sensory,NA,right,acetylcholine,middle_leg,NA
leg_tactile,720575941577111541,SNta43,bristle_neuron,middle_leg_bristle_neuron,sensory,NA,right,acetylcholine,middle_leg,NA
leg_tactile,720575941572054024,SNta37,bristle_neuron,middle_leg_bristle_neuron,sensory,NA,right,acetylcholine,middle_leg,NA
leg_tactile,720575941435996704,SNta26,bristle_neuron,middle_leg_bristle_neuron,sensory,NA,right,acetylcholine,middle_leg,NA
leg_tactile,720575941572623369,LgLG2,taste_bristle_gustatory_neuron,middle_leg_taste_bristle_gustatory_neuron,sensory,NA,right,acetylcholine,middle_leg,NA
leg_tactile,720575941429618273,SNta37,bristle_neuron,middle_leg_bristle_neuron,sensory,NA,right,acetylcholine,middle_leg,NA
leg_tactile,720575941439762706,SNta20,bristle_neuron,middle_leg_bristle_neuron,sensory,NA,right,acetylcholine,middle_leg,NA
leg_tactile,720575941689220079,LgLG1a,taste_bristle_gustatory_neuron,middle_leg_taste_bristle_gustatory_neuron,sensory,NA,right,glutamate,middle_leg,NA
leg_tactile,720575941496726857,LgLG4,taste_bristle_gustatory_neuron,middle_leg_taste_bristle_gustatory_neuron,sensory,NA,right,acetylcholine,middle_leg,NA
leg_tactile,720575941507215710,SNta37,bristle_neuron,middle_leg_bristle_neuron,sensory,NA,right,acetylcholine,middle_leg,NA
leg_tactile,720575941628778210,SNta38,bristle_neuron,middle_leg_bristle_neuron,sensory,NA,right,acetylcholine,middle_leg,NA
leg_tactile,720575941439759634,SNta20,bristle_neuron,middle_leg_bristle_neuron,sensory,NA,right,acetylcholine,middle_leg,NA
leg_tactile,720575941559953935,SNta29,bristle_neuron,middle_leg_bristle_neuron,sensory,NA,right,acetylcholine,middle_leg,NA
leg_tactile,720575941570725490,SNta21,bristle_neuron,middle_leg_bristle_neuron,sensory,NA,right,acetylcholine,middle_leg,NA
leg_tactile,720575941454137069,SNta37,bristle_neuron,middle_leg_bristle_neuron,sensory,NA,right,acetylcholine,middle_leg,NA
leg_tactile,720575941569906846,SNta26,bristle_neuron,middle_leg_bristle_neuron,sensory,NA,right,acetylcholine,middle_leg,NA
leg_tactile,720575941671198641,LgLG1b,taste_bristle_gustatory_neuron,middle_leg_taste_bristle_gustatory_neuron,sensory,NA,right,glutamate,middle_leg,NA
leg_tactile,720575941686230646,LgLG2,taste_bristle_gustatory_neuron,middle_leg_taste_bristle_gustatory_neuron,sensory,NA,right,acetylcholine,middle_leg,NA
leg_tactile,720575941534044394,SNta37,bristle_neuron,middle_leg_bristle_neuron,sensory,NA,right,acetylcholine,middle_leg,NA
leg_tactile,720575941412536491,LgLG1a,taste_bristle_gustatory_neuron,middle_leg_taste_bristle_gustatory_neuron,sensory,NA,right,acetylcholine,middle_leg,NA
leg_tactile,720575941571783688,SNta26,bristle_neuron,middle_leg_bristle_neuron,sensory,NA,right,acetylcholine,middle_leg,NA
leg_tactile,720575941428529839,SNta37,bristle_neuron,middle_leg_bristle_neuron,sensory,NA,right,acetylcholine,middle_leg,NA
leg_tactile,720575941532554072,SNta29,bristle_neuron,middle_leg_bristle_neuron,sensory,NA,right,acetylcholine,middle_leg,NA
leg_tactile,720575941482120355,LgLG1b,taste_bristle_gustatory_neuron,middle_leg_taste_bristle_gustatory_neuron,sensory,NA,right,acetylcholine,middle_leg,NA
leg_tactile,720575941633373932,LgLG1a,taste_bristle_gustatory_neuron,middle_leg_taste_bristle_gustatory_neuron,sensory,NA,right,acetylcholine,middle_leg,NA
leg_tactile,720575941551712154,SNta37,bristle_neuron,middle_leg_bristle_neuron,sensory,NA,right,acetylcholine,middle_leg,NA
leg_tactile,720575941571582203,SNta37,bristle_neuron,middle_leg_bristle_neuron,sensory,NA,right,acetylcholine,middle_leg,NA
leg_tactile,720575941655995160,SNta28,bristle_neuron,middle_leg_bristle_neuron,sensory,NA,right,acetylcholine,middle_leg,NA
leg_tactile,720575941660485968,LgLG1a,taste_bristle_gustatory_neuron,middle_leg_taste_bristle_gustatory_neuron,sensory,NA,right,acetylcholine,middle_leg,NA
leg_tactile,720575941414017820,SNta27,bristle_neuron,middle_leg_bristle_neuron,sensory,NA,right,acetylcholine,middle_leg,NA
leg_tactile,720575941472219690,SNta30,bristle_neuron,middle_leg_bristle_neuron,sensory,NA,right,acetylcholine,middle_leg,NA
leg_tactile,720575941631223788,SNta44,bristle_neuron,middle_leg_bristle_neuron,sensory,NA,right,acetylcholine,middle_leg,NA
leg_tactile,720575941537898189,LgLG3,taste_bristle_gustatory_neuron,middle_leg_taste_bristle_gustatory_neuron,sensory,NA,right,acetylcholine,middle_leg,NA
leg_tactile,720575941515081425,SNta26,bristle_neuron,middle_leg_bristle_neuron,sensory,NA,right,acetylcholine,middle_leg,NA
leg_tactile,720575941481935811,SNta28,bristle_neuron,middle_leg_bristle_neuron,sensory,NA,right,acetylcholine,middle_leg,NA
leg_tactile,720575941576006489,LgLG3,taste_bristle_gustatory_neuron,middle_leg_taste_bristle_gustatory_neuron,sensory,NA,right,acetylcholine,middle_leg,NA
leg_tactile,720575941437347360,SNta20,bristle_neuron,middle_leg_bristle_neuron,sensory,NA,right,acetylcholine,middle_leg,NA
leg_tactile,720575941497375138,SNta28,bristle_neuron,middle_leg_bristle_neuron,sensory,NA,right,acetylcholine,middle_leg,NA
leg_tactile,720575941476658491,LgLG3,taste_bristle_gustatory_neuron,middle_leg_taste_bristle_gustatory_neuron,sensory,NA,right,acetylcholine,middle_leg,NA
leg_tactile,720575941579354233,SNta28,bristle_neuron,middle_leg_bristle_neuron,sensory,NA,right,acetylcholine,middle_leg,NA
leg_tactile,720575941456760735,SNta35,bristle_neuron,middle_leg_bristle_neuron,sensory,NA,right,acetylcholine,middle_leg,NA
leg_tactile,720575941472218154,SNta37,bristle_neuron,middle_leg_bristle_neuron,sensory,NA,right,acetylcholine,middle_leg,NA
leg_tactile,720575941536624362,SNta37,bristle_neuron,middle_leg_bristle_neuron,sensory,NA,right,acetylcholine,middle_leg,NA
leg_tactile,720575941457923231,SNta28,bristle_neuron,middle_leg_bristle_neuron,sensory,NA,right,acetylcholine,middle_leg,NA
leg_tactile,720575941574388040,LgLG3,taste_bristle_gustatory_neuron,middle_leg_taste_bristle_gustatory_neuron,sensory,NA,right,acetylcholine,middle_leg,NA
leg_tactile,720575941562599687,SNta44,bristle_neuron,middle_leg_bristle_neuron,sensory,NA,right,acetylcholine,middle_leg,NA
leg_tactile,720575941408586923,SNta37,bristle_neuron,middle_leg_bristle_neuron,sensory,NA,right,acetylcholine,middle_leg,NA
leg_tactile,720575941440800223,SNta20,bristle_neuron,middle_leg_bristle_neuron,sensory,NA,right,acetylcholine,middle_leg,NA
leg_tactile,720575941623576458,SNta29,bristle_neuron,middle_leg_bristle_neuron,sensory,NA,right,acetylcholine,middle_leg,NA
leg_tactile,720575941505660706,SNta19,bristle_neuron,middle_leg_bristle_neuron,sensory,NA,right,acetylcholine,middle_leg,NA
leg_tactile,720575941555810970,SNta20,bristle_neuron,middle_leg_bristle_neuron,sensory,NA,right,acetylcholine,middle_leg,NA
leg_tactile,720575941458086125,SNta38,bristle_neuron,middle_leg_bristle_neuron,sensory,NA,right,acetylcholine,middle_leg,NA
leg_tactile,720575941609060205,LgLG3,taste_bristle_gustatory_neuron,middle_leg_taste_bristle_gustatory_neuron,sensory,NA,right,acetylcholine,middle_leg,NA
leg_tactile,720575941488647886,SNta37,bristle_neuron,middle_leg_bristle_neuron,sensory,NA,right,acetylcholine,middle_leg,NA
leg_tactile,720575941656380496,SNta25,bristle_neuron,hind_leg_bristle_neuron,sensory,NA,right,acetylcholine,hind_leg,NA
leg_tactile,720575941457380906,SNta45,bristle_neuron,middle_leg_bristle_neuron,sensory,NA,right,acetylcholine,middle_leg,NA
leg_tactile,720575941463001540,LgLG1a,taste_bristle_gustatory_neuron,middle_leg_taste_bristle_gustatory_neuron,sensory,NA,right,acetylcholine,middle_leg,NA
leg_tactile,720575941617438335,SNta19,bristle_neuron,middle_leg_bristle_neuron,sensory,NA,right,acetylcholine,middle_leg,NA
leg_tactile,720575941508346135,LgLG1a,taste_bristle_gustatory_neuron,middle_leg_taste_bristle_gustatory_neuron,sensory,NA,right,acetylcholine,middle_leg,NA
leg_tactile,720575941534015125,SNta29,bristle_neuron,middle_leg_bristle_neuron,sensory,NA,right,acetylcholine,middle_leg,NA
leg_tactile,720575941571117044,LgLG1a,taste_bristle_gustatory_neuron,middle_leg_taste_bristle_gustatory_neuron,sensory,NA,right,acetylcholine,middle_leg,NA
leg_tactile,720575941597208945,SNta21,bristle_neuron,middle_leg_bristle_neuron,sensory,NA,right,acetylcholine,middle_leg,NA
leg_tactile,720575941656389200,SNta37,bristle_neuron,middle_leg_bristle_neuron,sensory,NA,right,acetylcholine,middle_leg,NA
leg_tactile,720575941555797540,SNta19,bristle_neuron,middle_leg_bristle_neuron,sensory,NA,right,acetylcholine,middle_leg,NA
leg_tactile,720575941429575777,SNta25,bristle_neuron,middle_leg_bristle_neuron,sensory,NA,right,acetylcholine,middle_leg,NA
leg_tactile,720575941545572232,SNta30,bristle_neuron,middle_leg_bristle_neuron,sensory,NA,right,acetylcholine,middle_leg,NA
leg_tactile,720575941560400173,SNta25,bristle_neuron,middle_leg_bristle_neuron,sensory,NA,right,acetylcholine,middle_leg,NA
leg_tactile,720575941491683381,LgLG1a,taste_bristle_gustatory_neuron,middle_leg_taste_bristle_gustatory_neuron,sensory,NA,right,acetylcholine,middle_leg,NA
leg_tactile,720575941496417761,SNta37,bristle_neuron,middle_leg_bristle_neuron,sensory,NA,right,acetylcholine,middle_leg,NA
leg_tactile,720575941461313094,LgLG1a,taste_bristle_gustatory_neuron,middle_leg_taste_bristle_gustatory_neuron,sensory,NA,right,acetylcholine,middle_leg,NA
leg_tactile,720575941668771239,SNta25,bristle_neuron,hind_leg_bristle_neuron,sensory,NA,right,acetylcholine,hind_leg,NA
leg_tactile,720575941491684149,LgLG1b,taste_bristle_gustatory_neuron,middle_leg_taste_bristle_gustatory_neuron,sensory,NA,right,glutamate,middle_leg,NA
leg_tactile,720575941631124972,SNta37,bristle_neuron,middle_leg_bristle_neuron,sensory,NA,right,acetylcholine,middle_leg,NA
leg_tactile,720575941405965486,SNta37,bristle_neuron,middle_leg_bristle_neuron,sensory,NA,right,acetylcholine,middle_leg,NA
leg_tactile,720575941572190621,SNta25,bristle_neuron,middle_leg_bristle_neuron,sensory,NA,right,acetylcholine,middle_leg,NA
leg_tactile,720575941507910928,SNta19,bristle_neuron,hind_leg_bristle_neuron,sensory,NA,right,acetylcholine,hind_leg,NA
leg_tactile,720575941558603172,LgLG1a,taste_bristle_gustatory_neuron,middle_leg_taste_bristle_gustatory_neuron,sensory,NA,right,acetylcholine,middle_leg,NA
leg_tactile,720575941390819222,SNta37,bristle_neuron,middle_leg_bristle_neuron,sensory,NA,right,acetylcholine,middle_leg,NA
leg_tactile,720575941564485032,SNta21,bristle_neuron,middle_leg_bristle_neuron,sensory,NA,right,acetylcholine,middle_leg,NA
leg_tactile,720575941504709957,SNta38,bristle_neuron,middle_leg_bristle_neuron,sensory,NA,right,acetylcholine,middle_leg,NA
leg_tactile,720575941640525685,LgLG1b,taste_bristle_gustatory_neuron,middle_leg_taste_bristle_gustatory_neuron,sensory,NA,right,acetylcholine,middle_leg,NA
leg_tactile,720575941534186218,LgLG2,taste_bristle_gustatory_neuron,middle_leg_taste_bristle_gustatory_neuron,sensory,NA,right,acetylcholine,middle_leg,NA
leg_tactile,720575941612397386,SNta37,bristle_neuron,middle_leg_bristle_neuron,sensory,NA,right,acetylcholine,middle_leg,NA
leg_tactile,720575941544826804,SNta37,bristle_neuron,middle_leg_bristle_neuron,sensory,NA,right,acetylcholine,middle_leg,NA
leg_tactile,720575941623283146,LgLG3,taste_bristle_gustatory_neuron,middle_leg_taste_bristle_gustatory_neuron,sensory,NA,right,acetylcholine,middle_leg,NA
leg_tactile,720575941678392765,LgLG4,taste_bristle_gustatory_neuron,middle_leg_taste_bristle_gustatory_neuron,sensory,NA,right,acetylcholine,middle_leg,NA
leg_tactile,720575941454133485,SNta37,bristle_neuron,middle_leg_bristle_neuron,sensory,NA,right,acetylcholine,middle_leg,NA
leg_tactile,720575941641037413,SNta25,bristle_neuron,hind_leg_bristle_neuron,sensory,NA,right,acetylcholine,hind_leg,NA
leg_tactile,720575941469158464,SNta30,bristle_neuron,hind_leg_bristle_neuron,sensory,NA,right,acetylcholine,hind_leg,NA
leg_tactile,720575941612786585,LgLG4,taste_bristle_gustatory_neuron,middle_leg_taste_bristle_gustatory_neuron,sensory,NA,right,glutamate,middle_leg,NA
leg_tactile,720575941492608382,SNta30,bristle_neuron,middle_leg_bristle_neuron,sensory,NA,right,acetylcholine,middle_leg,NA
leg_tactile,720575941497187490,SNta30,bristle_neuron,middle_leg_bristle_neuron,sensory,NA,right,acetylcholine,middle_leg,NA
leg_tactile,720575941496414689,SNta30,bristle_neuron,middle_leg_bristle_neuron,sensory,NA,right,acetylcholine,middle_leg,NA
leg_tactile,720575941587611703,LgLG4,taste_bristle_gustatory_neuron,middle_leg_taste_bristle_gustatory_neuron,sensory,NA,right,acetylcholine,middle_leg,NA
leg_tactile,720575941665667571,LgLG2,taste_bristle_gustatory_neuron,middle_leg_taste_bristle_gustatory_neuron,sensory,NA,right,glutamate,middle_leg,NA
leg_tactile,720575941458551507,SNta25,bristle_neuron,middle_leg_bristle_neuron,sensory,NA,right,acetylcholine,middle_leg,NA
leg_tactile,720575941478054786,SNta37,bristle_neuron,middle_leg_bristle_neuron,sensory,NA,right,gaba,middle_leg,NA
leg_tactile,720575941504614981,SNch11,taste_bristle_neuron,middle_leg_taste_bristle_neuron,sensory,NA,right,acetylcholine,middle_leg,NA
leg_tactile,720575941445456916,SNta25,bristle_neuron,middle_leg_bristle_neuron,sensory,NA,right,acetylcholine,middle_leg,NA
leg_tactile,720575941432953486,SNta45,bristle_neuron,middle_leg_bristle_neuron,sensory,NA,right,acetylcholine,middle_leg,NA
leg_tactile,720575941540249373,LgLG3,taste_bristle_gustatory_neuron,middle_leg_taste_bristle_gustatory_neuron,sensory,NA,right,acetylcholine,middle_leg,NA
leg_tactile,720575941572339209,SNta25,bristle_neuron,hind_leg_bristle_neuron,sensory,NA,right,acetylcholine,hind_leg,NA
leg_tactile,720575941561318638,SNta21,bristle_neuron,middle_leg_bristle_neuron,sensory,NA,right,acetylcholine,middle_leg,NA
leg_tactile,720575941447215797,SNta25,bristle_neuron,middle_leg_bristle_neuron,sensory,NA,right,acetylcholine,middle_leg,NA
leg_tactile,720575941552942163,SNta37,bristle_neuron,middle_leg_bristle_neuron,sensory,NA,right,acetylcholine,middle_leg,NA
leg_tactile,720575941559275379,SNta37,bristle_neuron,middle_leg_bristle_neuron,sensory,NA,right,acetylcholine,middle_leg,NA
leg_tactile,720575941517114979,LgLG1b,taste_bristle_gustatory_neuron,middle_leg_taste_bristle_gustatory_neuron,sensory,NA,right,glutamate,middle_leg,NA
leg_tactile,720575941571861256,SNta37,bristle_neuron,middle_leg_bristle_neuron,sensory,NA,right,acetylcholine,middle_leg,NA
leg_tactile,720575941649443349,SNta37,bristle_neuron,middle_leg_bristle_neuron,sensory,NA,right,acetylcholine,middle_leg,NA
leg_tactile,720575941437701973,LgLG3,taste_bristle_gustatory_neuron,middle_leg_taste_bristle_gustatory_neuron,sensory,NA,right,acetylcholine,middle_leg,NA
leg_tactile,720575941533402634,SNta38,bristle_neuron,hind_leg_bristle_neuron,sensory,NA,right,acetylcholine,hind_leg,NA
leg_tactile,720575941642441592,SNta25,bristle_neuron,middle_leg_bristle_neuron,sensory,NA,right,acetylcholine,middle_leg,NA
leg_tactile,720575941468834827,LgLG3,taste_bristle_gustatory_neuron,middle_leg_taste_bristle_gustatory_neuron,sensory,NA,right,acetylcholine,middle_leg,NA
leg_tactile,720575941508668370,SNta25,bristle_neuron,middle_leg_bristle_neuron,sensory,NA,right,acetylcholine,middle_leg,NA
leg_tactile,720575941500840939,LgLG4,taste_bristle_gustatory_neuron,middle_leg_taste_bristle_gustatory_neuron,sensory,NA,right,glutamate,middle_leg,NA
leg_tactile,720575941537397731,SNta25,bristle_neuron,middle_leg_bristle_neuron,sensory,NA,right,acetylcholine,middle_leg,NA
leg_tactile,720575941488639182,LgLG3,taste_bristle_gustatory_neuron,middle_leg_taste_bristle_gustatory_neuron,sensory,NA,right,acetylcholine,middle_leg,NA
leg_tactile,720575941589260073,SNta38,bristle_neuron,middle_leg_bristle_neuron,sensory,NA,right,acetylcholine,middle_leg,NA
leg_tactile,720575941487843590,SNta26,bristle_neuron,middle_leg_bristle_neuron,sensory,NA,right,acetylcholine,middle_leg,NA
leg_tactile,720575941608509002,SNta30,bristle_neuron,middle_leg_bristle_neuron,sensory,NA,right,acetylcholine,middle_leg,NA
leg_tactile,720575941612735641,SNta38,bristle_neuron,middle_leg_bristle_neuron,sensory,NA,right,acetylcholine,middle_leg,NA
leg_tactile,720575941611095370,SNta25,bristle_neuron,middle_leg_bristle_neuron,sensory,NA,right,acetylcholine,middle_leg,NA
leg_tactile,720575941609567462,SNta30,bristle_neuron,middle_leg_bristle_neuron,sensory,NA,right,acetylcholine,middle_leg,NA
leg_tactile,720575941459764880,SNta30,bristle_neuron,middle_leg_bristle_neuron,sensory,NA,right,acetylcholine,middle_leg,NA
leg_tactile,720575941478334513,LgLG1a,taste_bristle_gustatory_neuron,middle_leg_taste_bristle_gustatory_neuron,sensory,NA,right,acetylcholine,middle_leg,NA
leg_tactile,720575941513479417,SNta37,bristle_neuron,middle_leg_bristle_neuron,sensory,NA,right,acetylcholine,middle_leg,NA
leg_tactile,720575941445494548,SNta25,bristle_neuron,middle_leg_bristle_neuron,sensory,NA,right,acetylcholine,middle_leg,NA
leg_tactile,720575941554989732,SNta30,bristle_neuron,middle_leg_bristle_neuron,sensory,NA,right,acetylcholine,middle_leg,NA
leg_tactile,720575941479428035,SNta25,bristle_neuron,middle_leg_bristle_neuron,sensory,NA,right,acetylcholine,middle_leg,NA
leg_tactile,720575941518610615,SNta30,bristle_neuron,middle_leg_bristle_neuron,sensory,NA,right,acetylcholine,middle_leg,NA
leg_tactile,720575941563502646,SNta25,bristle_neuron,middle_leg_bristle_neuron,sensory,NA,right,acetylcholine,middle_leg,NA
leg_tactile,720575941502076866,LgLG2,taste_bristle_gustatory_neuron,middle_leg_taste_bristle_gustatory_neuron,sensory,NA,right,acetylcholine,middle_leg,NA
leg_tactile,720575941586636356,SNta37,bristle_neuron,middle_leg_bristle_neuron,sensory,NA,right,acetylcholine,middle_leg,NA
leg_tactile,720575941551123335,SNta38,bristle_neuron,middle_leg_bristle_neuron,sensory,NA,right,acetylcholine,middle_leg,NA
leg_tactile,720575941597491904,SNta25,bristle_neuron,middle_leg_bristle_neuron,sensory,NA,right,acetylcholine,middle_leg,NA
leg_tactile,720575941547721916,SNta21,bristle_neuron,front_leg_bristle_neuron,sensory,NA,right,acetylcholine,front_leg,NA
leg_tactile,720575941642946248,SNta37,bristle_neuron,middle_leg_bristle_neuron,sensory,NA,right,acetylcholine,middle_leg,NA
leg_tactile,720575941429581527,SNta37,bristle_neuron,middle_leg_bristle_neuron,sensory,NA,right,acetylcholine,middle_leg,NA
leg_tactile,720575941472213034,SNta37,bristle_neuron,middle_leg_bristle_neuron,sensory,NA,right,acetylcholine,middle_leg,NA
leg_tactile,720575941579556473,SNta28,bristle_neuron,middle_leg_bristle_neuron,sensory,NA,right,acetylcholine,middle_leg,NA
leg_tactile,720575941552476673,SNta42,bristle_neuron,middle_leg_bristle_neuron,sensory,NA,right,acetylcholine,middle_leg,NA
leg_tactile,720575941501961666,SNta34,bristle_neuron,middle_leg_bristle_neuron,sensory,NA,right,acetylcholine,middle_leg,NA
leg_tactile,720575941547214964,SNta25,bristle_neuron,front_leg_bristle_neuron,sensory,NA,right,gaba,front_leg,NA
leg_tactile,720575941601173494,SNta30,bristle_neuron,front_leg_bristle_neuron,sensory,NA,right,acetylcholine,front_leg,NA
leg_tactile,720575941533068810,SNta25,bristle_neuron,front_leg_bristle_neuron,sensory,NA,right,acetylcholine,front_leg,NA
leg_tactile,720575941455829744,SNxxxx,bristle_neuron,front_leg_bristle_neuron,sensory,NA,right,acetylcholine,front_leg,NA
leg_tactile,720575941581754719,SNta34,bristle_neuron,middle_leg_bristle_neuron,sensory,NA,right,acetylcholine,middle_leg,NA
leg_tactile,720575941556243108,SNxxxx,bristle_neuron,front_leg_bristle_neuron,sensory,NA,right,acetylcholine,front_leg,NA
leg_tactile,720575941533171466,SNta38,bristle_neuron,middle_leg_bristle_neuron,sensory,NA,right,acetylcholine,middle_leg,NA
leg_tactile,720575941516474979,SNta21,bristle_neuron,front_leg_bristle_neuron,sensory,NA,right,acetylcholine,front_leg,NA
leg_tactile,720575941527008184,SNta30,bristle_neuron,front_leg_bristle_neuron,sensory,NA,right,acetylcholine,front_leg,NA
leg_tactile,720575941553324543,SNta20,bristle_neuron,middle_leg_bristle_neuron,sensory,NA,right,acetylcholine,middle_leg,NA
leg_tactile,720575941608807657,SNta30,bristle_neuron,front_leg_bristle_neuron,sensory,NA,right,acetylcholine,front_leg,NA
leg_tactile,720575941546518305,LgLG4,taste_bristle_gustatory_neuron,front_leg_taste_bristle_gustatory_neuron,sensory,NA,right,acetylcholine,front_leg,NA
leg_tactile,720575941636252277,SNxxxx,bristle_neuron,front_leg_bristle_neuron,sensory,NA,right,acetylcholine,front_leg,NA
leg_tactile,720575941590411844,SNta20,bristle_neuron,middle_leg_bristle_neuron,sensory,NA,right,acetylcholine,middle_leg,NA
leg_tactile,720575941627302555,SNta20,bristle_neuron,middle_leg_bristle_neuron,sensory,NA,right,acetylcholine,middle_leg,NA
leg_tactile,720575941453198714,SNta20,bristle_neuron,middle_leg_bristle_neuron,sensory,NA,right,acetylcholine,middle_leg,NA
leg_tactile,720575941602429118,SNta42,bristle_neuron,middle_leg_bristle_neuron,sensory,NA,right,acetylcholine,middle_leg,NA
leg_tactile,720575941470922538,LgLG2,taste_bristle_gustatory_neuron,middle_leg_taste_bristle_gustatory_neuron,sensory,NA,right,acetylcholine,middle_leg,NA
leg_tactile,720575941563293494,SNta42,bristle_neuron,middle_leg_bristle_neuron,sensory,NA,right,acetylcholine,middle_leg,NA
leg_tactile,720575941595643269,SNta30,bristle_neuron,front_leg_bristle_neuron,sensory,NA,right,acetylcholine,front_leg,NA
leg_tactile,720575941429017172,LgLG1b,taste_bristle_gustatory_neuron,front_leg_taste_bristle_gustatory_neuron,sensory,NA,right,acetylcholine,front_leg,NA
leg_tactile,720575941549896510,SNta42,bristle_neuron,middle_leg_bristle_neuron,sensory,NA,right,acetylcholine,middle_leg,NA
leg_tactile,720575941586312260,SNxxxx,bristle_neuron,front_leg_bristle_neuron,sensory,NA,right,acetylcholine,front_leg,NA
leg_tactile,720575941561195791,SNta29,bristle_neuron,front_leg_bristle_neuron,sensory,NA,right,acetylcholine,front_leg,NA
leg_tactile,720575941640539765,LgLG1a,taste_bristle_gustatory_neuron,middle_leg_taste_bristle_gustatory_neuron,sensory,NA,right,acetylcholine,middle_leg,NA
leg_tactile,720575941493277383,LgLG7,taste_bristle_gustatory_neuron,front_leg_taste_bristle_gustatory_neuron,sensory,NA,right,acetylcholine,front_leg,NA
leg_tactile,720575941594262056,LgLG1a,taste_bristle_gustatory_neuron,middle_leg_taste_bristle_gustatory_neuron,sensory,NA,right,acetylcholine,middle_leg,NA
leg_tactile,720575941534038165,LgLG3,taste_bristle_gustatory_neuron,middle_leg_taste_bristle_gustatory_neuron,sensory,NA,right,acetylcholine,middle_leg,NA
leg_tactile,720575941480945917,LgLG3,taste_bristle_gustatory_neuron,front_leg_taste_bristle_gustatory_neuron,sensory,NA,right,acetylcholine,front_leg,NA
leg_tactile,720575941494063232,SNxxxx,bristle_neuron,front_leg_bristle_neuron,sensory,NA,right,acetylcholine,front_leg,NA
leg_tactile,720575941571787933,LgLG7,taste_bristle_gustatory_neuron,front_leg_taste_bristle_gustatory_neuron,sensory,NA,right,acetylcholine,front_leg,NA
leg_tactile,720575941440598079,LgLG3,taste_bristle_gustatory_neuron,middle_leg_taste_bristle_gustatory_neuron,sensory,NA,left,acetylcholine,middle_leg,NA
leg_tactile,720575941433402912,LgLG3,taste_bristle_gustatory_neuron,middle_leg_taste_bristle_gustatory_neuron,sensory,NA,left,acetylcholine,middle_leg,NA
leg_tactile,720575941557241871,SNta29,bristle_neuron,middle_leg_bristle_neuron,sensory,NA,left,acetylcholine,middle_leg,NA
leg_tactile,720575941645458770,SNta28,bristle_neuron,middle_leg_bristle_neuron,sensory,NA,left,acetylcholine,middle_leg,NA
leg_tactile,720575941410014319,SNta29,bristle_neuron,middle_leg_bristle_neuron,sensory,NA,left,acetylcholine,middle_leg,NA
leg_tactile,720575941621660924,SNta29,bristle_neuron,middle_leg_bristle_neuron,sensory,NA,left,acetylcholine,middle_leg,NA
leg_tactile,720575941576750479,SNta20,bristle_neuron,middle_leg_bristle_neuron,sensory,NA,left,acetylcholine,middle_leg,NA
leg_tactile,720575941645458258,LgLG2,taste_bristle_gustatory_neuron,middle_leg_taste_bristle_gustatory_neuron,sensory,NA,left,acetylcholine,middle_leg,NA
leg_tactile,720575941488734156,SNta29,bristle_neuron,middle_leg_bristle_neuron,sensory,NA,left,acetylcholine,middle_leg,NA
leg_tactile,720575941590456716,SNta34,bristle_neuron,hind_leg_bristle_neuron,sensory,NA,left,acetylcholine,hind_leg,NA
leg_tactile,720575941574258427,SNta20,bristle_neuron,hind_leg_bristle_neuron,sensory,NA,left,acetylcholine,hind_leg,NA
leg_tactile,720575941434563214,SNta44,bristle_neuron,hind_leg_bristle_neuron,sensory,NA,left,acetylcholine,hind_leg,NA
leg_tactile,720575941489286631,SNta23,bristle_neuron,middle_leg_bristle_neuron,sensory,NA,right,acetylcholine,middle_leg,NA
leg_tactile,720575941547542132,SNta35,bristle_neuron,middle_leg_bristle_neuron,sensory,NA,right,acetylcholine,middle_leg,NA
leg_tactile,720575941548611764,SNta20,bristle_neuron,hind_leg_bristle_neuron,sensory,NA,left,acetylcholine,hind_leg,NA
leg_tactile,720575941601391862,SNta38,bristle_neuron,middle_leg_bristle_neuron,sensory,NA,right,acetylcholine,middle_leg,NA
leg_tactile,720575941636231029,SNta23,bristle_neuron,middle_leg_bristle_neuron,sensory,NA,left,acetylcholine,middle_leg,NA
leg_tactile,720575941605006521,SNta20,bristle_neuron,middle_leg_bristle_neuron,sensory,NA,right,acetylcholine,middle_leg,NA
leg_tactile,720575941503402149,SNta44,bristle_neuron,front_leg_bristle_neuron,sensory,NA,right,acetylcholine,front_leg,NA
leg_tactile,720575941551257661,SNta20,bristle_neuron,middle_leg_bristle_neuron,sensory,NA,left,acetylcholine,middle_leg,NA
leg_tactile,720575941477557313,LgLG4,taste_bristle_gustatory_neuron,front_leg_taste_bristle_gustatory_neuron,sensory,NA,right,acetylcholine,front_leg,NA
leg_tactile,720575941551838618,SNta29,bristle_neuron,middle_leg_bristle_neuron,sensory,NA,right,acetylcholine,middle_leg,NA
leg_tactile,720575941447039157,SNta29,bristle_neuron,middle_leg_bristle_neuron,sensory,NA,left,acetylcholine,middle_leg,NA
leg_tactile,720575941508823134,SNta29,bristle_neuron,middle_leg_bristle_neuron,sensory,NA,left,acetylcholine,middle_leg,NA
leg_tactile,720575941446820628,SNta45,bristle_neuron,middle_leg_bristle_neuron,sensory,NA,left,acetylcholine,middle_leg,NA
leg_tactile,720575941505064261,SNta29,bristle_neuron,hind_leg_bristle_neuron,sensory,NA,left,acetylcholine,hind_leg,NA
leg_tactile,720575941402690160,SNta31,bristle_neuron,hind_leg_bristle_neuron,sensory,NA,left,acetylcholine,hind_leg,NA
leg_tactile,720575941645260232,SNta31,bristle_neuron,hind_leg_bristle_neuron,sensory,NA,left,acetylcholine,hind_leg,NA
leg_tactile,720575941550977671,SNta29,bristle_neuron,front_leg_bristle_neuron,sensory,NA,left,acetylcholine,front_leg,NA
leg_tactile,720575941491345584,SNta44,bristle_neuron,hind_leg_bristle_neuron,sensory,NA,left,acetylcholine,hind_leg,NA
leg_tactile,720575941596670364,SNta42,bristle_neuron,hind_leg_bristle_neuron,sensory,NA,left,acetylcholine,hind_leg,NA
leg_tactile,720575941412717716,SNta37,bristle_neuron,hind_leg_bristle_neuron,sensory,NA,left,acetylcholine,hind_leg,NA
leg_tactile,720575941472204896,SNta44,bristle_neuron,hind_leg_bristle_neuron,sensory,NA,left,acetylcholine,hind_leg,NA
leg_tactile,720575941664807292,SNta20,bristle_neuron,hind_leg_bristle_neuron,sensory,NA,left,acetylcholine,hind_leg,NA
leg_tactile,720575941481082554,LgLG3,taste_bristle_gustatory_neuron,middle_leg_taste_bristle_gustatory_neuron,sensory,NA,right,acetylcholine,middle_leg,NA
leg_tactile,720575941471747114,LgLG3,taste_bristle_gustatory_neuron,middle_leg_taste_bristle_gustatory_neuron,sensory,NA,right,acetylcholine,middle_leg,NA
leg_tactile,720575941547508924,SNta44,bristle_neuron,middle_leg_bristle_neuron,sensory,NA,left,acetylcholine,middle_leg,NA
leg_tactile,720575941670297818,LgLG4,taste_bristle_gustatory_neuron,front_leg_taste_bristle_gustatory_neuron,sensory,NA,left,glutamate,front_leg,NA
leg_tactile,720575941460111556,LgLG3,taste_bristle_gustatory_neuron,front_leg_taste_bristle_gustatory_neuron,sensory,NA,left,acetylcholine,front_leg,NA
leg_tactile,720575941486870736,LgLG4,taste_bristle_gustatory_neuron,front_leg_taste_bristle_gustatory_neuron,sensory,NA,right,glutamate,front_leg,NA
leg_tactile,720575941615851673,LgLG1b,taste_bristle_gustatory_neuron,front_leg_taste_bristle_gustatory_neuron,sensory,NA,left,acetylcholine,front_leg,NA
leg_tactile,720575941437883455,LgLG4,taste_bristle_gustatory_neuron,front_leg_taste_bristle_gustatory_neuron,sensory,NA,left,acetylcholine,front_leg,NA
leg_tactile,720575941723918138,LgLG1b,taste_bristle_gustatory_neuron,front_leg_taste_bristle_gustatory_neuron,sensory,NA,left,acetylcholine,front_leg,NA
leg_tactile,720575941432571640,SNta29,bristle_neuron,middle_leg_bristle_neuron,sensory,NA,left,acetylcholine,middle_leg,NA
leg_tactile,720575941476972138,SNch08,taste_bristle_gustatory_neuron,front_leg_taste_bristle_gustatory_neuron,sensory,NA,right,glutamate,front_leg,NA
leg_tactile,720575941579056249,SNxxxx,bristle_neuron,front_leg_bristle_neuron,sensory,NA,left,glutamate,front_leg,NA
leg_tactile,720575941429636233,LgLG3,taste_bristle_gustatory_neuron,front_leg_taste_bristle_gustatory_neuron,sensory,NA,left,acetylcholine,front_leg,NA
leg_tactile,720575941564567862,LgLG3,taste_bristle_gustatory_neuron,hind_leg_taste_bristle_gustatory_neuron,sensory,NA,left,acetylcholine,hind_leg,NA
leg_tactile,720575941470931242,LgLG2,taste_bristle_gustatory_neuron,middle_leg_taste_bristle_gustatory_neuron,sensory,NA,right,acetylcholine,middle_leg,NA
leg_tactile,720575941548496756,LgLG3,taste_bristle_gustatory_neuron,front_leg_taste_bristle_gustatory_neuron,sensory,NA,left,acetylcholine,front_leg,NA
leg_tactile,720575941479664719,LgLG4,taste_bristle_gustatory_neuron,front_leg_taste_bristle_gustatory_neuron,sensory,NA,left,acetylcholine,front_leg,NA
leg_tactile,720575941685008602,SNta30,bristle_neuron,hind_leg_bristle_neuron,sensory,NA,right,acetylcholine,hind_leg,NA
leg_tactile,720575941471805559,LgLG3,taste_bristle_gustatory_neuron,hind_leg_taste_bristle_gustatory_neuron,sensory,NA,right,acetylcholine,hind_leg,NA
leg_tactile,720575941528443814,LgLG1a,taste_bristle_gustatory_neuron,middle_leg_taste_bristle_gustatory_neuron,sensory,NA,left,acetylcholine,middle_leg,NA
leg_tactile,720575941457595039,LgLG4,taste_bristle_gustatory_neuron,hind_leg_taste_bristle_gustatory_neuron,sensory,NA,right,acetylcholine,hind_leg,NA
leg_tactile,720575941552778039,SNxxxx,bristle_neuron,front_leg_bristle_neuron,sensory,NA,left,acetylcholine,front_leg,NA
leg_tactile,720575941591429672,SNta42,bristle_neuron,middle_leg_bristle_neuron,sensory,NA,left,acetylcholine,middle_leg,NA
leg_tactile,720575941480419267,LgLG3,taste_bristle_gustatory_neuron,middle_leg_taste_bristle_gustatory_neuron,sensory,NA,left,acetylcholine,middle_leg,NA
leg_tactile,720575941575670361,LgLG1b,taste_bristle_gustatory_neuron,front_leg_taste_bristle_gustatory_neuron,sensory,NA,right,acetylcholine,front_leg,NA
leg_tactile,720575941548626568,LgLG1b,taste_bristle_gustatory_neuron,middle_leg_taste_bristle_gustatory_neuron,sensory,NA,right,glutamate,middle_leg,NA
leg_tactile,720575941525723138,LgLG3,taste_bristle_gustatory_neuron,front_leg_taste_bristle_gustatory_neuron,sensory,NA,right,acetylcholine,front_leg,NA
leg_tactile,720575941470939178,SNta37,bristle_neuron,middle_leg_bristle_neuron,sensory,NA,right,acetylcholine,middle_leg,NA
leg_tactile,720575941530464203,SNta33,bristle_neuron,front_leg_bristle_neuron,sensory,NA,right,acetylcholine,front_leg,NA
leg_tactile,720575941609624138,SNta42,bristle_neuron,front_leg_bristle_neuron,sensory,NA,left,acetylcholine,front_leg,NA
leg_tactile,720575941454061481,SNta33,bristle_neuron,middle_leg_bristle_neuron,sensory,NA,right,acetylcholine,middle_leg,NA
leg_tactile,720575941632674796,SNta33,bristle_neuron,middle_leg_bristle_neuron,sensory,NA,left,acetylcholine,middle_leg,NA
leg_tactile,720575941505076674,SNta33,bristle_neuron,middle_leg_bristle_neuron,sensory,NA,left,acetylcholine,middle_leg,NA
leg_tactile,720575941624479178,SNch10,taste_bristle_tactile_neuron,front_leg_taste_bristle_tactile_neuron,sensory,NA,left,acetylcholine,front_leg,NA
leg_tactile,720575941597505948,LgLG3,taste_bristle_gustatory_neuron,hind_leg_taste_bristle_gustatory_neuron,sensory,NA,right,glutamate,hind_leg,NA
leg_tactile,720575941411188395,SNch10,taste_bristle_tactile_neuron,hind_leg_taste_bristle_tactile_neuron,sensory,NA,right,serotonin,hind_leg,NA
leg_tactile,720575941421131735,SNta29,bristle_neuron,middle_leg_bristle_neuron,sensory,NA,left,acetylcholine,middle_leg,NA
leg_tactile,720575941354261808,SNta29,bristle_neuron,front_leg_bristle_neuron,sensory,NA,left,acetylcholine,front_leg,NA
leg_tactile,720575941515201612,LgLG1a,taste_bristle_gustatory_neuron,hind_leg_taste_bristle_gustatory_neuron,sensory,NA,left,acetylcholine,hind_leg,NA
leg_tactile,720575941668296179,SNta42,bristle_neuron,middle_leg_bristle_neuron,sensory,NA,right,acetylcholine,middle_leg,NA
leg_tactile,720575941619733218,SNta32,bristle_neuron,front_leg_bristle_neuron,sensory,NA,right,acetylcholine,front_leg,NA
leg_tactile,720575941507210565,SNxx29,bristle_neuron,front_leg_bristle_neuron,sensory,NA,left,serotonin,front_leg,NA
leg_tactile,720575941515726403,LgLG1b,taste_bristle_gustatory_neuron,hind_leg_taste_bristle_gustatory_neuron,sensory,NA,right,acetylcholine,hind_leg,NA
leg_tactile,720575941610573130,SNta29,bristle_neuron,hind_leg_bristle_neuron,sensory,NA,right,acetylcholine,hind_leg,NA
leg_tactile,720575941496095364,SNta41,bristle_neuron,front_leg_bristle_neuron,sensory,NA,left,acetylcholine,front_leg,NA
leg_tactile,720575941558985252,LgLG1b,taste_bristle_gustatory_neuron,front_leg_taste_bristle_gustatory_neuron,sensory,NA,left,acetylcholine,front_leg,NA
leg_tactile,720575941614968028,SNta29,bristle_neuron,front_leg_bristle_neuron,sensory,NA,left,acetylcholine,front_leg,NA
leg_tactile,720575941603485174,SNta29,bristle_neuron,middle_leg_bristle_neuron,sensory,NA,left,acetylcholine,middle_leg,NA
leg_tactile,720575941703752154,LgLG3,taste_bristle_gustatory_neuron,hind_leg_taste_bristle_gustatory_neuron,sensory,NA,right,acetylcholine,hind_leg,NA
leg_tactile,720575941482165667,SNta22,bristle_neuron,middle_leg_bristle_neuron,sensory,NA,left,acetylcholine,middle_leg,NA
leg_tactile,720575941583568862,LgLG1a,taste_bristle_gustatory_neuron,middle_leg_taste_bristle_gustatory_neuron,sensory,NA,left,glutamate,middle_leg,NA
leg_tactile,720575941653161713,LgLG1b,taste_bristle_gustatory_neuron,front_leg_taste_bristle_gustatory_neuron,sensory,NA,left,glutamate,front_leg,NA
leg_tactile,720575941439260972,LgLG1b,taste_bristle_gustatory_neuron,front_leg_taste_bristle_gustatory_neuron,sensory,NA,left,glutamate,front_leg,NA
leg_tactile,720575941556026625,LgLG3,taste_bristle_gustatory_neuron,hind_leg_taste_bristle_gustatory_neuron,sensory,NA,right,acetylcholine,hind_leg,NA
leg_tactile,720575941509732306,LgLG4,taste_bristle_gustatory_neuron,front_leg_taste_bristle_gustatory_neuron,sensory,NA,right,acetylcholine,front_leg,NA
leg_tactile,720575941611861225,LgLG1b,taste_bristle_gustatory_neuron,front_leg_taste_bristle_gustatory_neuron,sensory,NA,left,acetylcholine,front_leg,NA
leg_tactile,720575941609413606,SNta29,bristle_neuron,middle_leg_bristle_neuron,sensory,NA,left,acetylcholine,middle_leg,NA
leg_tactile,720575941527849638,SNta29,bristle_neuron,front_leg_bristle_neuron,sensory,NA,right,serotonin,front_leg,NA
leg_tactile,720575941499543675,LgLG1b,taste_bristle_gustatory_neuron,hind_leg_taste_bristle_gustatory_neuron,sensory,NA,right,glutamate,hind_leg,NA
leg_tactile,720575941556270675,LgLG1a,taste_bristle_gustatory_neuron,front_leg_taste_bristle_gustatory_neuron,sensory,NA,left,glutamate,front_leg,NA
leg_tactile,720575941605907390,LgLG3,taste_bristle_gustatory_neuron,hind_leg_taste_bristle_gustatory_neuron,sensory,NA,right,acetylcholine,hind_leg,NA
leg_tactile,720575941591303422,LgLG1a,taste_bristle_gustatory_neuron,hind_leg_taste_bristle_gustatory_neuron,sensory,NA,right,glutamate,hind_leg,NA
leg_tactile,720575941457922719,LgLG4,taste_bristle_gustatory_neuron,hind_leg_taste_bristle_gustatory_neuron,sensory,NA,right,acetylcholine,hind_leg,NA
leg_tactile,720575941496342398,LgLG1b,taste_bristle_gustatory_neuron,hind_leg_taste_bristle_gustatory_neuron,sensory,NA,left,glutamate,hind_leg,NA
leg_tactile,720575941636446069,SNta26,bristle_neuron,middle_leg_bristle_neuron,sensory,NA,left,acetylcholine,middle_leg,NA
leg_tactile,720575941562515207,LgLG1b,taste_bristle_gustatory_neuron,middle_leg_taste_bristle_gustatory_neuron,sensory,NA,right,glutamate,middle_leg,NA
leg_tactile,720575941469980427,LgLG4,taste_bristle_gustatory_neuron,front_leg_taste_bristle_gustatory_neuron,sensory,NA,left,acetylcholine,front_leg,NA
leg_tactile,720575941491144935,SNta29,bristle_neuron,middle_leg_bristle_neuron,sensory,NA,left,acetylcholine,middle_leg,NA
leg_tactile,720575941589410642,LgLG1b,taste_bristle_gustatory_neuron,hind_leg_taste_bristle_gustatory_neuron,sensory,NA,left,acetylcholine,hind_leg,NA
leg_tactile,720575941564662423,SNta44,bristle_neuron,hind_leg_bristle_neuron,sensory,NA,right,acetylcholine,hind_leg,NA
leg_tactile,720575941407437871,LgLG3,taste_bristle_gustatory_neuron,middle_leg_taste_bristle_gustatory_neuron,sensory,NA,right,glutamate,middle_leg,NA
leg_tactile,720575941519658884,LgLG3,taste_bristle_gustatory_neuron,hind_leg_taste_bristle_gustatory_neuron,sensory,NA,left,acetylcholine,hind_leg,NA
leg_tactile,720575941533303525,LgLG1b,taste_bristle_gustatory_neuron,front_leg_taste_bristle_gustatory_neuron,sensory,NA,left,glutamate,front_leg,NA
leg_tactile,720575941493093058,LgLG3,taste_bristle_gustatory_neuron,front_leg_taste_bristle_gustatory_neuron,sensory,NA,left,acetylcholine,front_leg,NA
leg_tactile,720575941562918295,LgLG3,taste_bristle_gustatory_neuron,middle_leg_taste_bristle_gustatory_neuron,sensory,NA,left,acetylcholine,middle_leg,NA
leg_tactile,720575941630297894,LgLG3,taste_bristle_gustatory_neuron,front_leg_taste_bristle_gustatory_neuron,sensory,NA,left,acetylcholine,front_leg,NA
leg_tactile,720575941521662135,SNta21,bristle_neuron,front_leg_bristle_neuron,sensory,NA,right,acetylcholine,front_leg,NA
leg_tactile,720575941558427663,LgLG4,taste_bristle_gustatory_neuron,front_leg_taste_bristle_gustatory_neuron,sensory,NA,left,acetylcholine,front_leg,NA
leg_tactile,720575941439094802,LgLG1b,taste_bristle_gustatory_neuron,front_leg_taste_bristle_gustatory_neuron,sensory,NA,left,acetylcholine,front_leg,NA
leg_tactile,720575941430639319,LgLG3,taste_bristle_gustatory_neuron,middle_leg_taste_bristle_gustatory_neuron,sensory,NA,right,glutamate,middle_leg,NA
leg_tactile,720575941538892925,SNxxxx,bristle_neuron,front_leg_bristle_neuron,sensory,NA,left,glutamate,front_leg,NA
leg_tactile,720575941632665324,LgLG1b,taste_bristle_gustatory_neuron,front_leg_taste_bristle_gustatory_neuron,sensory,NA,left,glutamate,front_leg,NA
leg_tactile,720575941497335168,LgLG1b,taste_bristle_gustatory_neuron,middle_leg_taste_bristle_gustatory_neuron,sensory,NA,left,acetylcholine,middle_leg,NA
leg_tactile,720575941538179816,LgLG1b,taste_bristle_gustatory_neuron,middle_leg_taste_bristle_gustatory_neuron,sensory,NA,left,acetylcholine,middle_leg,NA
leg_tactile,720575941538178280,LgLG1b,taste_bristle_gustatory_neuron,front_leg_taste_bristle_gustatory_neuron,sensory,NA,left,acetylcholine,front_leg,NA
leg_tactile,720575941440756127,SNta26,bristle_neuron,front_leg_bristle_neuron,sensory,NA,left,acetylcholine,front_leg,NA
leg_tactile,720575941457596063,LgLG4,taste_bristle_gustatory_neuron,middle_leg_taste_bristle_gustatory_neuron,sensory,NA,right,acetylcholine,middle_leg,NA
leg_tactile,720575941455839213,LgLG7,taste_bristle_gustatory_neuron,front_leg_taste_bristle_gustatory_neuron,sensory,NA,right,glutamate,front_leg,NA
leg_tactile,720575941594303857,LgLG7,taste_bristle_gustatory_neuron,front_leg_taste_bristle_gustatory_neuron,sensory,NA,right,acetylcholine,front_leg,NA
leg_tactile,720575941493259714,LgLG3,taste_bristle_gustatory_neuron,front_leg_taste_bristle_gustatory_neuron,sensory,NA,left,glutamate,front_leg,NA
leg_tactile,720575941620673151,LgLG1b,taste_bristle_gustatory_neuron,front_leg_taste_bristle_gustatory_neuron,sensory,NA,left,acetylcholine,front_leg,NA
leg_tactile,720575941593704488,SNta20,bristle_neuron,front_leg_bristle_neuron,sensory,NA,left,acetylcholine,front_leg,NA
leg_tactile,720575941573117853,LgLG3,taste_bristle_gustatory_neuron,front_leg_taste_bristle_gustatory_neuron,sensory,NA,left,acetylcholine,front_leg,NA
leg_tactile,720575941644745810,LgLG1a,taste_bristle_gustatory_neuron,middle_leg_taste_bristle_gustatory_neuron,sensory,NA,right,acetylcholine,middle_leg,NA
leg_tactile,720575941538229987,LgLG1a,taste_bristle_gustatory_neuron,front_leg_taste_bristle_gustatory_neuron,sensory,NA,left,glutamate,front_leg,NA
leg_tactile,720575941626511818,LgLG1b,taste_bristle_gustatory_neuron,hind_leg_taste_bristle_gustatory_neuron,sensory,NA,left,glutamate,hind_leg,NA
leg_tactile,720575941733166635,LgLG1b,taste_bristle_gustatory_neuron,front_leg_taste_bristle_gustatory_neuron,sensory,NA,right,glutamate,front_leg,NA
leg_tactile,720575941733165611,LgLG3,taste_bristle_gustatory_neuron,front_leg_taste_bristle_gustatory_neuron,sensory,NA,left,acetylcholine,front_leg,NA
leg_tactile,720575941606092653,LgLG4,taste_bristle_gustatory_neuron,front_leg_taste_bristle_gustatory_neuron,sensory,NA,left,acetylcholine,front_leg,NA
leg_tactile,720575941583239301,LgLG3,taste_bristle_gustatory_neuron,front_leg_taste_bristle_gustatory_neuron,sensory,NA,left,acetylcholine,front_leg,NA
leg_tactile,720575941639834997,LgLG3,taste_bristle_gustatory_neuron,middle_leg_taste_bristle_gustatory_neuron,sensory,NA,left,acetylcholine,middle_leg,NA
leg_tactile,720575941426165588,LgLG3,taste_bristle_gustatory_neuron,front_leg_taste_bristle_gustatory_neuron,sensory,NA,left,acetylcholine,front_leg,NA
leg_tactile,720575941431116897,LgLG3,taste_bristle_gustatory_neuron,hind_leg_taste_bristle_gustatory_neuron,sensory,NA,left,acetylcholine,hind_leg,NA
leg_tactile,720575941615150293,LgLG3,taste_bristle_gustatory_neuron,middle_leg_taste_bristle_gustatory_neuron,sensory,NA,right,acetylcholine,middle_leg,NA
leg_tactile,720575941612619878,LgLG1b,taste_bristle_gustatory_neuron,middle_leg_taste_bristle_gustatory_neuron,sensory,NA,left,acetylcholine,middle_leg,NA
leg_tactile,720575941552775223,LgLG4,taste_bristle_gustatory_neuron,front_leg_taste_bristle_gustatory_neuron,sensory,NA,left,acetylcholine,front_leg,NA
leg_tactile,720575941503006658,LgLG3,taste_bristle_gustatory_neuron,front_leg_taste_bristle_gustatory_neuron,sensory,NA,right,acetylcholine,front_leg,NA
leg_tactile,720575941525191682,LgLG4,taste_bristle_gustatory_neuron,hind_leg_taste_bristle_gustatory_neuron,sensory,NA,left,acetylcholine,hind_leg,NA
leg_tactile,720575941503667762,LgLG7,taste_bristle_gustatory_neuron,front_leg_taste_bristle_gustatory_neuron,sensory,NA,right,acetylcholine,front_leg,NA
leg_tactile,720575941593699624,LgLG1b,taste_bristle_gustatory_neuron,front_leg_taste_bristle_gustatory_neuron,sensory,NA,right,acetylcholine,front_leg,NA
leg_tactile,720575941439329183,SNta28,bristle_neuron,front_leg_bristle_neuron,sensory,NA,left,acetylcholine,front_leg,NA
leg_tactile,720575941533999765,SNta29,bristle_neuron,middle_leg_bristle_neuron,sensory,NA,right,acetylcholine,middle_leg,NA
leg_tactile,720575941565145191,LgLG3,taste_bristle_gustatory_neuron,front_leg_taste_bristle_gustatory_neuron,sensory,NA,left,acetylcholine,front_leg,NA
leg_tactile,720575941560827431,LgLG3,taste_bristle_gustatory_neuron,front_leg_taste_bristle_gustatory_neuron,sensory,NA,left,acetylcholine,front_leg,NA
leg_tactile,720575941475558449,LgLG3,taste_bristle_gustatory_neuron,hind_leg_taste_bristle_gustatory_neuron,sensory,NA,left,acetylcholine,hind_leg,NA
leg_tactile,720575941409581483,LgLG7,taste_bristle_gustatory_neuron,front_leg_taste_bristle_gustatory_neuron,sensory,NA,right,acetylcholine,front_leg,NA
leg_tactile,720575941559084559,LgLG3,taste_bristle_gustatory_neuron,front_leg_taste_bristle_gustatory_neuron,sensory,NA,right,acetylcholine,front_leg,NA
leg_tactile,720575941491725518,LgLG3,taste_bristle_gustatory_neuron,middle_leg_taste_bristle_gustatory_neuron,sensory,NA,left,acetylcholine,middle_leg,NA
leg_tactile,720575941448133045,LgLG4,taste_bristle_gustatory_neuron,front_leg_taste_bristle_gustatory_neuron,sensory,NA,right,glutamate,front_leg,NA
leg_tactile,720575941505405861,LgLG3,taste_bristle_gustatory_neuron,front_leg_taste_bristle_gustatory_neuron,sensory,NA,right,acetylcholine,front_leg,NA
leg_tactile,720575941578131701,LgLG1b,taste_bristle_gustatory_neuron,front_leg_taste_bristle_gustatory_neuron,sensory,NA,right,acetylcholine,front_leg,NA
leg_tactile,720575941592926248,LgLG4,taste_bristle_gustatory_neuron,front_leg_taste_bristle_gustatory_neuron,sensory,NA,left,acetylcholine,front_leg,NA
leg_tactile,720575941480492483,LgLG3,taste_bristle_gustatory_neuron,front_leg_taste_bristle_gustatory_neuron,sensory,NA,right,acetylcholine,front_leg,NA
leg_tactile,720575941533768228,LgLG4,taste_bristle_gustatory_neuron,front_leg_taste_bristle_gustatory_neuron,sensory,NA,right,acetylcholine,front_leg,NA
leg_tactile,720575941410790315,LgLG2,taste_bristle_gustatory_neuron,middle_leg_taste_bristle_gustatory_neuron,sensory,NA,left,acetylcholine,middle_leg,NA
leg_tactile,720575941526759096,LgLG2,taste_bristle_gustatory_neuron,front_leg_taste_bristle_gustatory_neuron,sensory,NA,right,acetylcholine,front_leg,NA
leg_tactile,720575941619749602,LgLG3,taste_bristle_gustatory_neuron,front_leg_taste_bristle_gustatory_neuron,sensory,NA,right,acetylcholine,front_leg,NA
leg_tactile,720575941512369873,LgLG4,taste_bristle_gustatory_neuron,middle_leg_taste_bristle_gustatory_neuron,sensory,NA,left,glutamate,middle_leg,NA
leg_tactile,720575941488886066,SNta38,bristle_neuron,front_leg_bristle_neuron,sensory,NA,left,acetylcholine,front_leg,NA
leg_tactile,720575941509294721,LgLG1b,taste_bristle_gustatory_neuron,hind_leg_taste_bristle_gustatory_neuron,sensory,NA,right,glutamate,hind_leg,NA
leg_tactile,720575941504132843,LgLG1a,taste_bristle_gustatory_neuron,middle_leg_taste_bristle_gustatory_neuron,sensory,NA,left,glutamate,middle_leg,NA
leg_tactile,720575941451147591,SNta29,bristle_neuron,front_leg_bristle_neuron,sensory,NA,left,acetylcholine,front_leg,NA
leg_tactile,720575941674215151,LgLG3,taste_bristle_gustatory_neuron,front_leg_taste_bristle_gustatory_neuron,sensory,NA,left,acetylcholine,front_leg,NA
leg_tactile,720575941546210228,LgLG3,taste_bristle_gustatory_neuron,front_leg_taste_bristle_gustatory_neuron,sensory,NA,left,acetylcholine,front_leg,NA
leg_tactile,720575941563276702,SNta40,bristle_neuron,front_leg_bristle_neuron,sensory,NA,left,acetylcholine,front_leg,NA
leg_tactile,720575941440584795,LgLG3,taste_bristle_gustatory_neuron,front_leg_taste_bristle_gustatory_neuron,sensory,NA,right,acetylcholine,front_leg,NA
leg_tactile,720575941636318581,SNta29,bristle_neuron,middle_leg_bristle_neuron,sensory,NA,left,acetylcholine,middle_leg,NA
leg_tactile,720575941461910227,LgLG1a,taste_bristle_gustatory_neuron,middle_leg_taste_bristle_gustatory_neuron,sensory,NA,left,glutamate,middle_leg,NA
leg_tactile,720575941400480803,SAchxx,taste_bristle_gustatory_neuron,hind_leg_taste_bristle_gustatory_neuron,sensory_ascending,NA,left,acetylcholine,hind_leg,NA
leg_tactile,720575941533587122,LgLG1b,taste_bristle_gustatory_neuron,front_leg_taste_bristle_gustatory_neuron,sensory,NA,right,acetylcholine,front_leg,NA
leg_tactile,720575941442560207,LgLG1b,taste_bristle_gustatory_neuron,front_leg_taste_bristle_gustatory_neuron,sensory,NA,left,glutamate,front_leg,NA
leg_tactile,720575941598003753,SNta33,bristle_neuron,middle_leg_bristle_neuron,sensory,NA,right,acetylcholine,middle_leg,NA
leg_tactile,720575941629339193,SNta33,bristle_neuron,middle_leg_bristle_neuron,sensory,NA,left,acetylcholine,middle_leg,NA
leg_tactile,720575941672286631,SNta33,bristle_neuron,middle_leg_bristle_neuron,sensory,NA,NA,acetylcholine,middle_leg,NA
leg_tactile,720575941462473171,SNta33,bristle_neuron,front_leg_bristle_neuron,sensory,NA,right,acetylcholine,front_leg,NA
leg_tactile,720575941525327362,SNta29,bristle_neuron,hind_leg_bristle_neuron,sensory,NA,right,acetylcholine,hind_leg,NA
leg_tactile,720575941525606914,SNta38,bristle_neuron,hind_leg_bristle_neuron,sensory,NA,right,acetylcholine,hind_leg,NA
leg_tactile,720575941654397908,SNta42,bristle_neuron,front_leg_bristle_neuron,sensory,NA,right,acetylcholine,front_leg,NA
leg_tactile,720575941452394963,SNta29,bristle_neuron,hind_leg_bristle_neuron,sensory,NA,left,acetylcholine,hind_leg,NA
leg_tactile,720575941646349432,SNta23,bristle_neuron,hind_leg_bristle_neuron,sensory,NA,right,acetylcholine,hind_leg,NA
leg_tactile,720575941560833575,SNta19,bristle_neuron,front_leg_bristle_neuron,sensory,NA,left,acetylcholine,front_leg,NA
leg_tactile,720575941488505038,SNta42,bristle_neuron,middle_leg_bristle_neuron,sensory,NA,left,acetylcholine,middle_leg,NA
leg_tactile,720575941490167246,SNta28,bristle_neuron,hind_leg_bristle_neuron,sensory,NA,left,acetylcholine,hind_leg,NA
leg_tactile,720575941480145131,SNta39,bristle_neuron,hind_leg_bristle_neuron,sensory,NA,right,acetylcholine,hind_leg,NA
leg_tactile,720575941558310180,SNta26,bristle_neuron,middle_leg_bristle_neuron,sensory,NA,left,acetylcholine,middle_leg,NA
leg_tactile,720575941492626892,SNta38,bristle_neuron,middle_leg_bristle_neuron,sensory,NA,left,acetylcholine,middle_leg,NA
leg_tactile,720575941536369330,SNta34,bristle_neuron,middle_leg_bristle_neuron,sensory,NA,left,acetylcholine,middle_leg,NA
leg_tactile,720575941525340674,SNta28,bristle_neuron,hind_leg_bristle_neuron,sensory,NA,right,acetylcholine,hind_leg,NA
leg_tactile,720575941442686415,SNta21,bristle_neuron,hind_leg_bristle_neuron,sensory,NA,right,acetylcholine,hind_leg,NA
leg_tactile,720575941629722150,SNta25,bristle_neuron,hind_leg_bristle_neuron,sensory,NA,right,acetylcholine,hind_leg,NA
leg_tactile,720575941505499927,SNta42,bristle_neuron,middle_leg_bristle_neuron,sensory,NA,right,acetylcholine,middle_leg,NA
leg_tactile,720575941428920148,SNta27,bristle_neuron,hind_leg_bristle_neuron,sensory,NA,right,acetylcholine,hind_leg,NA
leg_tactile,720575941586435806,SNta37,bristle_neuron,hind_leg_bristle_neuron,sensory,NA,right,acetylcholine,hind_leg,NA
leg_tactile,720575941559047539,SNta42,bristle_neuron,front_leg_bristle_neuron,sensory,NA,left,acetylcholine,front_leg,NA
leg_tactile,720575941587656772,SNta30,bristle_neuron,hind_leg_bristle_neuron,sensory,NA,left,acetylcholine,hind_leg,NA
leg_tactile,720575941514539610,SNta25,bristle_neuron,front_leg_bristle_neuron,sensory,NA,left,acetylcholine,front_leg,NA
leg_tactile,720575941616042278,SNta43,bristle_neuron,front_leg_bristle_neuron,sensory,NA,right,acetylcholine,front_leg,NA
leg_tactile,720575941454965866,SNta38,bristle_neuron,hind_leg_bristle_neuron,sensory,NA,right,acetylcholine,hind_leg,NA
leg_tactile,720575941455311597,SNta29,bristle_neuron,hind_leg_bristle_neuron,sensory,NA,right,acetylcholine,hind_leg,NA
leg_tactile,720575941671986855,SNta20,bristle_neuron,middle_leg_bristle_neuron,sensory,NA,left,acetylcholine,middle_leg,NA
leg_tactile,720575941449613390,SNta43,bristle_neuron,front_leg_bristle_neuron,sensory,NA,right,acetylcholine,front_leg,NA
leg_tactile,720575941434065806,SNta43,bristle_neuron,hind_leg_bristle_neuron,sensory,NA,right,acetylcholine,hind_leg,NA
leg_tactile,720575941535154458,SNta30,bristle_neuron,hind_leg_bristle_neuron,sensory,NA,right,acetylcholine,hind_leg,NA
leg_tactile,720575941489387977,SNta24,bristle_neuron,front_leg_bristle_neuron,sensory,NA,left,acetylcholine,front_leg,NA
leg_tactile,720575941441635931,SNta34,bristle_neuron,middle_leg_bristle_neuron,sensory,NA,left,acetylcholine,middle_leg,NA
leg_tactile,720575941580375889,SNta25,bristle_neuron,hind_leg_bristle_neuron,sensory,NA,right,acetylcholine,hind_leg,NA
leg_tactile,720575941480100843,SNta37,bristle_neuron,hind_leg_bristle_neuron,sensory,NA,right,acetylcholine,hind_leg,NA
leg_tactile,720575941460659652,SNta25,bristle_neuron,front_leg_bristle_neuron,sensory,NA,right,acetylcholine,front_leg,NA
leg_tactile,720575941534664970,SNta37,bristle_neuron,hind_leg_bristle_neuron,sensory,NA,right,acetylcholine,hind_leg,NA
leg_tactile,720575941527330404,SNta20,bristle_neuron,middle_leg_bristle_neuron,sensory,NA,left,acetylcholine,middle_leg,NA
leg_tactile,720575941641092709,SNta37,bristle_neuron,middle_leg_bristle_neuron,sensory,NA,right,acetylcholine,middle_leg,NA
leg_tactile,720575941521763319,SNta27,bristle_neuron,hind_leg_bristle_neuron,sensory,NA,right,acetylcholine,hind_leg,NA
leg_tactile,720575941546850184,SNta30,bristle_neuron,hind_leg_bristle_neuron,sensory,NA,right,acetylcholine,hind_leg,NA
leg_tactile,720575941558634511,SNta41,bristle_neuron,front_leg_bristle_neuron,sensory,NA,right,acetylcholine,front_leg,NA
leg_tactile,720575941415494940,LgLG2,taste_bristle_gustatory_neuron,middle_leg_taste_bristle_gustatory_neuron,sensory,NA,right,acetylcholine,middle_leg,NA
leg_tactile,720575941686541039,SNta26,bristle_neuron,middle_leg_bristle_neuron,sensory,NA,right,acetylcholine,middle_leg,NA
leg_tactile,720575941600040640,SNta44,bristle_neuron,front_leg_bristle_neuron,sensory,NA,left,acetylcholine,front_leg,NA
leg_tactile,720575941431664910,SNta44,bristle_neuron,front_leg_bristle_neuron,sensory,NA,right,acetylcholine,front_leg,NA
leg_tactile,720575941489804750,SNch10,taste_bristle_tactile_neuron,hind_leg_taste_bristle_tactile_neuron,sensory,NA,left,acetylcholine,hind_leg,NA
leg_tactile,720575941533382117,SNta20,bristle_neuron,middle_leg_bristle_neuron,sensory,NA,left,acetylcholine,middle_leg,NA
leg_tactile,720575941585022598,SNta32,bristle_neuron,front_leg_bristle_neuron,sensory,NA,right,acetylcholine,front_leg,NA
leg_tactile,720575941670016679,SNta30,bristle_neuron,hind_leg_bristle_neuron,sensory,NA,right,acetylcholine,hind_leg,NA
leg_tactile,720575941670280154,SNta42,bristle_neuron,front_leg_bristle_neuron,sensory,NA,left,acetylcholine,front_leg,NA
leg_tactile,720575941688550383,SNta20,bristle_neuron,front_leg_bristle_neuron,sensory,NA,left,acetylcholine,front_leg,NA
leg_tactile,720575941679702461,SNta45,bristle_neuron,front_leg_bristle_neuron,sensory,NA,right,acetylcholine,front_leg,NA
leg_tactile,720575941624817148,SNta20,bristle_neuron,front_leg_bristle_neuron,sensory,NA,left,acetylcholine,front_leg,NA
leg_tactile,720575941492127614,SNta29,bristle_neuron,middle_leg_bristle_neuron,sensory,NA,left,acetylcholine,middle_leg,NA
leg_tactile,720575941423472087,SNta37,bristle_neuron,middle_leg_bristle_neuron,sensory,NA,left,acetylcholine,middle_leg,NA
leg_tactile,720575941413384849,SNta37,bristle_neuron,middle_leg_bristle_neuron,sensory,NA,left,acetylcholine,middle_leg,NA
leg_tactile,720575941588625029,SNta44,bristle_neuron,front_leg_bristle_neuron,sensory,NA,left,acetylcholine,front_leg,NA
leg_tactile,720575941554163539,SNta38,bristle_neuron,hind_leg_bristle_neuron,sensory,NA,left,acetylcholine,hind_leg,NA
leg_tactile,720575941521758647,SNta21,bristle_neuron,hind_leg_bristle_neuron,sensory,NA,left,acetylcholine,hind_leg,NA
leg_tactile,720575941594420081,SNta27,bristle_neuron,hind_leg_bristle_neuron,sensory,NA,right,acetylcholine,hind_leg,NA
leg_tactile,720575941498376324,SNta25,bristle_neuron,front_leg_bristle_neuron,sensory,NA,left,acetylcholine,front_leg,NA
leg_tactile,720575941451009973,SNta23,bristle_neuron,middle_leg_bristle_neuron,sensory,NA,left,acetylcholine,middle_leg,NA
leg_tactile,720575941527706980,SNta21,bristle_neuron,middle_leg_bristle_neuron,sensory,NA,left,acetylcholine,middle_leg,NA
leg_tactile,720575941562222887,SNta44,bristle_neuron,front_leg_bristle_neuron,sensory,NA,left,acetylcholine,front_leg,NA
leg_tactile,720575941616157909,SNta34,bristle_neuron,front_leg_bristle_neuron,sensory,NA,right,acetylcholine,front_leg,NA
leg_tactile,720575941552358199,SNta29,bristle_neuron,front_leg_bristle_neuron,sensory,NA,left,acetylcholine,front_leg,NA
leg_tactile,720575941511341521,SNta44,bristle_neuron,middle_leg_bristle_neuron,sensory,NA,left,acetylcholine,middle_leg,NA
leg_tactile,720575941692324760,SNta30,bristle_neuron,middle_leg_bristle_neuron,sensory,NA,right,acetylcholine,middle_leg,NA
leg_tactile,720575941472460640,SNta25,bristle_neuron,front_leg_bristle_neuron,sensory,NA,left,acetylcholine,front_leg,NA
leg_tactile,720575941574636957,SNta37,bristle_neuron,hind_leg_bristle_neuron,sensory,NA,left,acetylcholine,hind_leg,NA
leg_tactile,720575941480527413,SNta38,bristle_neuron,hind_leg_bristle_neuron,sensory,NA,left,acetylcholine,hind_leg,NA
leg_tactile,720575941520710616,SNta21,bristle_neuron,middle_leg_bristle_neuron,sensory,NA,left,acetylcholine,middle_leg,NA
leg_tactile,720575941556858881,SNta29,bristle_neuron,front_leg_bristle_neuron,sensory,NA,left,acetylcholine,front_leg,NA
leg_tactile,720575941594285681,SNta29,bristle_neuron,hind_leg_bristle_neuron,sensory,NA,left,acetylcholine,hind_leg,NA
leg_tactile,720575941659861528,SNta21,bristle_neuron,middle_leg_bristle_neuron,sensory,NA,left,acetylcholine,middle_leg,NA
leg_tactile,720575941451333710,SNta21,bristle_neuron,hind_leg_bristle_neuron,sensory,NA,right,acetylcholine,hind_leg,NA
leg_tactile,720575941533629476,SNxxxx,bristle_neuron,front_leg_bristle_neuron,sensory,NA,right,acetylcholine,front_leg,NA
leg_tactile,720575941455317741,SNta29,bristle_neuron,front_leg_bristle_neuron,sensory,NA,left,acetylcholine,front_leg,NA
leg_tactile,720575941588611461,SNta38,bristle_neuron,front_leg_bristle_neuron,sensory,NA,left,acetylcholine,front_leg,NA
leg_tactile,720575941615637523,SNta28,bristle_neuron,middle_leg_bristle_neuron,sensory,NA,left,acetylcholine,middle_leg,NA
leg_tactile,720575941555208193,SNta21,bristle_neuron,middle_leg_bristle_neuron,sensory,NA,right,acetylcholine,middle_leg,NA
leg_tactile,720575941432182665,SNta21,bristle_neuron,front_leg_bristle_neuron,sensory,NA,left,gaba,front_leg,NA
leg_tactile,720575941497443809,SNta44,bristle_neuron,middle_leg_bristle_neuron,sensory,NA,left,acetylcholine,middle_leg,NA
leg_tactile,720575941428332884,SNta30,bristle_neuron,front_leg_bristle_neuron,sensory,NA,right,acetylcholine,front_leg,NA
leg_tactile,720575941441301203,SNta38,bristle_neuron,hind_leg_bristle_neuron,sensory,NA,left,acetylcholine,hind_leg,NA
leg_tactile,720575941644880466,SNta21,bristle_neuron,middle_leg_bristle_neuron,sensory,NA,right,acetylcholine,middle_leg,NA
leg_tactile,720575941451369038,SNta20,bristle_neuron,middle_leg_bristle_neuron,sensory,NA,left,acetylcholine,middle_leg,NA
leg_tactile,720575941686540527,SNta38,bristle_neuron,middle_leg_bristle_neuron,sensory,NA,left,acetylcholine,middle_leg,NA
leg_tactile,720575941588611205,SNta38,bristle_neuron,front_leg_bristle_neuron,sensory,NA,left,acetylcholine,front_leg,NA
leg_tactile,720575941487702925,SNta29,bristle_neuron,middle_leg_bristle_neuron,sensory,NA,right,acetylcholine,middle_leg,NA
leg_tactile,720575941583182213,SNxxxx,bristle_neuron,front_leg_bristle_neuron,sensory,NA,left,acetylcholine,front_leg,NA
leg_tactile,720575941533968277,SNta28,bristle_neuron,middle_leg_bristle_neuron,sensory,NA,right,acetylcholine,middle_leg,NA
leg_tactile,720575941589470290,SNta38,bristle_neuron,hind_leg_bristle_neuron,sensory,NA,left,acetylcholine,hind_leg,NA
leg_tactile,720575941573260027,SNta41,bristle_neuron,front_leg_bristle_neuron,sensory,NA,left,acetylcholine,front_leg,NA
leg_tactile,720575941632687596,SNta21,bristle_neuron,hind_leg_bristle_neuron,sensory,NA,left,acetylcholine,hind_leg,NA
leg_tactile,720575941643945160,SNta29,bristle_neuron,hind_leg_bristle_neuron,sensory,NA,left,acetylcholine,hind_leg,NA
leg_tactile,720575941411961771,SNta21,bristle_neuron,front_leg_bristle_neuron,sensory,NA,left,acetylcholine,front_leg,NA
leg_tactile,720575941599486656,SNta21,bristle_neuron,middle_leg_bristle_neuron,sensory,NA,left,acetylcholine,middle_leg,NA
leg_tactile,720575941614015964,SNta21,bristle_neuron,middle_leg_bristle_neuron,sensory,NA,left,acetylcholine,middle_leg,NA
leg_tactile,720575941687441420,SNta45,bristle_neuron,middle_leg_bristle_neuron,sensory,NA,left,acetylcholine,middle_leg,NA
leg_tactile,720575941455320301,SNta44,bristle_neuron,front_leg_bristle_neuron,sensory,NA,left,acetylcholine,front_leg,NA
leg_tactile,720575941468128854,SNta26,bristle_neuron,middle_leg_bristle_neuron,sensory,NA,right,acetylcholine,middle_leg,NA
leg_tactile,720575941564147858,SNta21,bristle_neuron,front_leg_bristle_neuron,sensory,NA,right,acetylcholine,front_leg,NA
leg_tactile,720575941496739015,SNta21,bristle_neuron,front_leg_bristle_neuron,sensory,NA,left,acetylcholine,front_leg,NA
leg_tactile,720575941632079813,SNta32,bristle_neuron,hind_leg_bristle_neuron,sensory,NA,right,acetylcholine,hind_leg,NA
leg_tactile,720575941653561361,LgLG3,taste_bristle_gustatory_neuron,hind_leg_taste_bristle_gustatory_neuron,sensory,NA,right,acetylcholine,hind_leg,NA
leg_tactile,720575941573101576,SNta37,bristle_neuron,hind_leg_bristle_neuron,sensory,NA,right,acetylcholine,hind_leg,NA
leg_tactile,720575941539017597,SNta27,bristle_neuron,hind_leg_bristle_neuron,sensory,NA,right,acetylcholine,hind_leg,NA
leg_tactile,720575941670006951,SNta45,bristle_neuron,hind_leg_bristle_neuron,sensory,NA,right,acetylcholine,hind_leg,NA
leg_tactile,720575941563196562,SNta23,bristle_neuron,hind_leg_bristle_neuron,sensory,NA,right,acetylcholine,hind_leg,NA
leg_tactile,720575941599240489,SNta45,bristle_neuron,hind_leg_bristle_neuron,sensory,NA,right,acetylcholine,hind_leg,NA
leg_tactile,720575941689463960,SNta29,bristle_neuron,hind_leg_bristle_neuron,sensory,NA,right,acetylcholine,hind_leg,NA
leg_tactile,720575941542009373,SNta37,bristle_neuron,hind_leg_bristle_neuron,sensory,NA,right,acetylcholine,hind_leg,NA
leg_tactile,720575941622900220,SNta26,bristle_neuron,hind_leg_bristle_neuron,sensory,NA,right,acetylcholine,hind_leg,NA
leg_tactile,720575941480172523,SNta28,bristle_neuron,hind_leg_bristle_neuron,sensory,NA,right,acetylcholine,hind_leg,NA
leg_tactile,720575941480134635,SNta38,bristle_neuron,hind_leg_bristle_neuron,sensory,NA,right,acetylcholine,hind_leg,NA
leg_tactile,720575941580382073,SNta30,bristle_neuron,hind_leg_bristle_neuron,sensory,NA,right,acetylcholine,hind_leg,NA
leg_tactile,720575941580609657,SNta25,bristle_neuron,hind_leg_bristle_neuron,sensory,NA,right,acetylcholine,hind_leg,NA
leg_tactile,720575941452590458,SNta33,bristle_neuron,middle_leg_bristle_neuron,sensory,NA,right,acetylcholine,middle_leg,NA
leg_tactile,720575941440434623,SNta45,bristle_neuron,hind_leg_bristle_neuron,sensory,NA,right,acetylcholine,hind_leg,NA
leg_tactile,720575941645973960,SNta21,bristle_neuron,hind_leg_bristle_neuron,sensory,NA,right,acetylcholine,hind_leg,NA
leg_tactile,720575941466998493,SNta26,bristle_neuron,hind_leg_bristle_neuron,sensory,NA,right,acetylcholine,hind_leg,NA
leg_tactile,720575941505118658,SNta21,bristle_neuron,hind_leg_bristle_neuron,sensory,NA,NA,NA,hind_leg,NA
leg_tactile,720575941431670542,SNta38,bristle_neuron,hind_leg_bristle_neuron,sensory,NA,right,acetylcholine,hind_leg,NA
leg_tactile,720575941539442301,SNta26,bristle_neuron,hind_leg_bristle_neuron,sensory,NA,right,acetylcholine,hind_leg,NA
leg_tactile,720575941461998547,SNta21,bristle_neuron,hind_leg_bristle_neuron,sensory,NA,right,acetylcholine,hind_leg,NA
leg_tactile,720575941610678502,SNta38,bristle_neuron,hind_leg_bristle_neuron,sensory,NA,right,acetylcholine,hind_leg,NA
leg_tactile,720575941551673242,SNta42,bristle_neuron,middle_leg_bristle_neuron,sensory,NA,right,acetylcholine,middle_leg,NA
leg_tactile,720575941687961051,SNta38,bristle_neuron,hind_leg_bristle_neuron,sensory,NA,right,acetylcholine,hind_leg,NA
leg_tactile,720575941626618425,SNta37,bristle_neuron,hind_leg_bristle_neuron,sensory,NA,right,acetylcholine,hind_leg,NA
leg_tactile,720575941498749051,SNta38,bristle_neuron,hind_leg_bristle_neuron,sensory,NA,right,acetylcholine,hind_leg,NA
leg_tactile,720575941690791387,SNta25,bristle_neuron,hind_leg_bristle_neuron,sensory,NA,right,acetylcholine,hind_leg,NA
leg_tactile,720575941496737223,SNta21,bristle_neuron,hind_leg_bristle_neuron,sensory,NA,right,acetylcholine,hind_leg,NA
leg_tactile,720575941564184327,SNta29,bristle_neuron,hind_leg_bristle_neuron,sensory,NA,right,acetylcholine,hind_leg,NA
leg_tactile,720575941682250685,SNta29,bristle_neuron,hind_leg_bristle_neuron,sensory,NA,right,acetylcholine,hind_leg,NA
leg_tactile,720575941524241227,SNta38,bristle_neuron,hind_leg_bristle_neuron,sensory,NA,left,acetylcholine,hind_leg,NA
leg_tactile,720575941500658571,SNta26,bristle_neuron,hind_leg_bristle_neuron,sensory,NA,right,acetylcholine,hind_leg,NA
leg_tactile,720575941550993287,LgLG2,taste_bristle_gustatory_neuron,hind_leg_taste_bristle_gustatory_neuron,sensory,NA,right,acetylcholine,hind_leg,NA
leg_tactile,720575941618475989,SNta21,bristle_neuron,hind_leg_bristle_neuron,sensory,NA,right,acetylcholine,hind_leg,NA
leg_tactile,720575941640190325,SNta29,bristle_neuron,hind_leg_bristle_neuron,sensory,NA,right,acetylcholine,hind_leg,NA
leg_tactile,720575941612486620,SNta27,bristle_neuron,hind_leg_bristle_neuron,sensory,NA,right,acetylcholine,hind_leg,NA
leg_tactile,720575941449959517,SNta43,bristle_neuron,front_leg_bristle_neuron,sensory,NA,right,acetylcholine,front_leg,NA
leg_tactile,720575941662125692,SNch10,taste_bristle_tactile_neuron,hind_leg_taste_bristle_tactile_neuron,sensory,NA,left,acetylcholine,hind_leg,NA
leg_tactile,720575941599433408,SNta20,bristle_neuron,middle_leg_bristle_neuron,sensory,NA,right,acetylcholine,middle_leg,NA
leg_tactile,720575941480163563,SNta29,bristle_neuron,hind_leg_bristle_neuron,sensory,NA,right,acetylcholine,hind_leg,NA
leg_tactile,720575941596152022,SNta34,bristle_neuron,middle_leg_bristle_neuron,sensory,NA,right,acetylcholine,middle_leg,NA
leg_tactile,720575941528454584,SNta37,bristle_neuron,hind_leg_bristle_neuron,sensory,NA,right,acetylcholine,hind_leg,NA
leg_tactile,720575941467260381,LgLG3,taste_bristle_gustatory_neuron,hind_leg_taste_bristle_gustatory_neuron,sensory,NA,right,acetylcholine,hind_leg,NA
leg_tactile,720575941563888231,SNta29,bristle_neuron,hind_leg_bristle_neuron,sensory,NA,right,acetylcholine,hind_leg,NA
leg_tactile,720575941400417827,SNta29,bristle_neuron,hind_leg_bristle_neuron,sensory,NA,right,acetylcholine,hind_leg,NA
leg_tactile,720575941556314451,LgLG1b,taste_bristle_gustatory_neuron,front_leg_taste_bristle_gustatory_neuron,sensory,NA,right,acetylcholine,front_leg,NA
leg_tactile,720575941430779863,SNta37,bristle_neuron,hind_leg_bristle_neuron,sensory,NA,right,acetylcholine,hind_leg,NA
leg_tactile,720575941479082090,SNta20,bristle_neuron,middle_leg_bristle_neuron,sensory,NA,right,acetylcholine,middle_leg,NA
leg_tactile,720575941589560402,SNta43,bristle_neuron,hind_leg_bristle_neuron,sensory,NA,left,acetylcholine,hind_leg,NA
leg_tactile,720575941588930615,LgLG4,taste_bristle_gustatory_neuron,hind_leg_taste_bristle_gustatory_neuron,sensory,NA,right,acetylcholine,hind_leg,NA
leg_tactile,720575941507242625,SNta37,bristle_neuron,hind_leg_bristle_neuron,sensory,NA,right,acetylcholine,hind_leg,NA
leg_tactile,720575941513553242,SNta38,bristle_neuron,middle_leg_bristle_neuron,sensory,NA,right,acetylcholine,middle_leg,NA
leg_tactile,720575941589555794,SNta37,bristle_neuron,hind_leg_bristle_neuron,sensory,NA,left,acetylcholine,hind_leg,NA
leg_tactile,720575941592355286,SNta25,bristle_neuron,middle_leg_bristle_neuron,sensory,NA,right,acetylcholine,middle_leg,NA
leg_tactile,720575941551491390,SNta43,bristle_neuron,hind_leg_bristle_neuron,sensory,NA,left,gaba,hind_leg,NA
leg_tactile,720575941491903408,SNta45,bristle_neuron,front_leg_bristle_neuron,sensory,NA,right,acetylcholine,front_leg,NA
leg_tactile,720575941498642338,SNta37,bristle_neuron,hind_leg_bristle_neuron,sensory,NA,right,acetylcholine,hind_leg,NA
leg_tactile,720575941532636452,SNta21,bristle_neuron,front_leg_bristle_neuron,sensory,NA,right,acetylcholine,front_leg,NA
leg_tactile,720575941637821045,SNta38,bristle_neuron,middle_leg_bristle_neuron,sensory,NA,right,gaba,middle_leg,NA
leg_tactile,720575941528441528,SNta29,bristle_neuron,middle_leg_bristle_neuron,sensory,NA,right,acetylcholine,middle_leg,NA
leg_tactile,720575941533704484,SNta29,bristle_neuron,front_leg_bristle_neuron,sensory,NA,right,acetylcholine,front_leg,NA
leg_tactile,720575941702203610,SNta37,bristle_neuron,hind_leg_bristle_neuron,sensory,NA,right,acetylcholine,hind_leg,NA
leg_tactile,720575941578322257,SNta29,bristle_neuron,front_leg_bristle_neuron,sensory,NA,right,acetylcholine,front_leg,NA
leg_tactile,720575941533629988,SNta30,bristle_neuron,front_leg_bristle_neuron,sensory,NA,right,acetylcholine,front_leg,NA
leg_tactile,720575941565810695,LgLG1b,taste_bristle_gustatory_neuron,middle_leg_taste_bristle_gustatory_neuron,sensory,NA,right,glutamate,middle_leg,NA
leg_tactile,720575941432941527,SNta21,bristle_neuron,front_leg_bristle_neuron,sensory,NA,right,acetylcholine,front_leg,NA
leg_tactile,720575941535167770,SNta43,bristle_neuron,hind_leg_bristle_neuron,sensory,NA,left,acetylcholine,hind_leg,NA
leg_tactile,720575941576013711,LgLG1b,taste_bristle_gustatory_neuron,hind_leg_taste_bristle_gustatory_neuron,sensory,NA,left,acetylcholine,hind_leg,NA
leg_tactile,720575941533707556,SNta21,bristle_neuron,front_leg_bristle_neuron,sensory,NA,right,acetylcholine,front_leg,NA
leg_tactile,720575941604802342,SNta44,bristle_neuron,front_leg_bristle_neuron,sensory,NA,right,acetylcholine,front_leg,NA
leg_tactile,720575941434882487,SNxxxx,bristle_neuron,front_leg_bristle_neuron,sensory,NA,right,acetylcholine,front_leg,NA
leg_tactile,720575941674964442,SNta37,bristle_neuron,front_leg_bristle_neuron,sensory,NA,right,acetylcholine,front_leg,NA
leg_tactile,720575941434540430,SNta30,bristle_neuron,front_leg_bristle_neuron,sensory,NA,right,acetylcholine,front_leg,NA
leg_tactile,720575941611365414,SNta30,bristle_neuron,front_leg_bristle_neuron,sensory,NA,right,acetylcholine,front_leg,NA
leg_tactile,720575941639370452,SNta38,bristle_neuron,hind_leg_bristle_neuron,sensory,NA,left,acetylcholine,hind_leg,NA
leg_tactile,720575941457413613,SNta21,bristle_neuron,front_leg_bristle_neuron,sensory,NA,right,acetylcholine,front_leg,NA
leg_tactile,720575941672033703,SNta21,bristle_neuron,front_leg_bristle_neuron,sensory,NA,right,acetylcholine,front_leg,NA
leg_tactile,720575941580389241,SNta30,bristle_neuron,front_leg_bristle_neuron,sensory,NA,right,acetylcholine,front_leg,NA
leg_tactile,720575941533733156,LgLG4,taste_bristle_gustatory_neuron,front_leg_taste_bristle_gustatory_neuron,sensory,NA,right,acetylcholine,front_leg,NA
leg_tactile,720575941392594070,SNxxxx,bristle_neuron,front_leg_bristle_neuron,sensory,NA,right,acetylcholine,front_leg,NA
leg_tactile,720575941589464914,SNta37,bristle_neuron,hind_leg_bristle_neuron,sensory,NA,left,acetylcholine,hind_leg,NA
leg_tactile,720575941399392291,SNta37,bristle_neuron,middle_leg_bristle_neuron,sensory,NA,right,acetylcholine,middle_leg,NA
leg_tactile,720575941635558757,SNch10,taste_bristle_tactile_neuron,hind_leg_taste_bristle_tactile_neuron,sensory,NA,left,acetylcholine,hind_leg,NA
leg_tactile,720575941685877004,SNta45,bristle_neuron,middle_leg_bristle_neuron,sensory,NA,right,acetylcholine,middle_leg,NA
leg_tactile,720575941656021784,SNta43,bristle_neuron,middle_leg_bristle_neuron,sensory,NA,right,acetylcholine,middle_leg,NA
leg_tactile,720575941563139986,SNta28,bristle_neuron,middle_leg_bristle_neuron,sensory,NA,right,acetylcholine,middle_leg,NA
leg_tactile,720575941669949105,SNta28,bristle_neuron,hind_leg_bristle_neuron,sensory,NA,left,acetylcholine,hind_leg,NA
leg_tactile,720575941573859877,SNta30,bristle_neuron,hind_leg_bristle_neuron,sensory,NA,right,acetylcholine,hind_leg,NA
leg_tactile,720575941616247590,SNta43,bristle_neuron,front_leg_bristle_neuron,sensory,NA,right,acetylcholine,front_leg,NA
leg_tactile,720575941493708414,SNta29,bristle_neuron,middle_leg_bristle_neuron,sensory,NA,right,acetylcholine,middle_leg,NA
leg_tactile,720575941652391385,SNta29,bristle_neuron,middle_leg_bristle_neuron,sensory,NA,right,acetylcholine,middle_leg,NA
leg_tactile,720575941653624537,SNta29,bristle_neuron,hind_leg_bristle_neuron,sensory,NA,left,acetylcholine,hind_leg,NA
leg_tactile,720575941617174133,SNta38,bristle_neuron,hind_leg_bristle_neuron,sensory,NA,left,acetylcholine,hind_leg,NA
leg_tactile,720575941507004962,LgLG3,taste_bristle_gustatory_neuron,front_leg_taste_bristle_gustatory_neuron,sensory,NA,right,acetylcholine,front_leg,NA
leg_tactile,720575941440969301,SNta21,bristle_neuron,middle_leg_bristle_neuron,sensory,NA,right,acetylcholine,middle_leg,NA
leg_tactile,720575941570091002,LgLG1b,taste_bristle_gustatory_neuron,hind_leg_taste_bristle_gustatory_neuron,sensory,NA,left,acetylcholine,hind_leg,NA
leg_tactile,720575941455312621,SNta25,bristle_neuron,middle_leg_bristle_neuron,sensory,NA,right,acetylcholine,middle_leg,NA
leg_tactile,720575941413950097,SNta30,bristle_neuron,middle_leg_bristle_neuron,sensory,NA,right,acetylcholine,middle_leg,NA
leg_tactile,720575941459537296,SNta29,bristle_neuron,hind_leg_bristle_neuron,sensory,NA,left,acetylcholine,hind_leg,NA
leg_tactile,720575941403544944,LgLG3,taste_bristle_gustatory_neuron,front_leg_taste_bristle_gustatory_neuron,sensory,NA,right,acetylcholine,front_leg,NA
leg_tactile,720575941619409525,SNta29,bristle_neuron,hind_leg_bristle_neuron,sensory,NA,left,acetylcholine,hind_leg,NA
leg_tactile,720575941602967286,SNta29,bristle_neuron,hind_leg_bristle_neuron,sensory,NA,left,acetylcholine,hind_leg,NA
leg_tactile,720575941589816658,SNta38,bristle_neuron,hind_leg_bristle_neuron,sensory,NA,left,acetylcholine,hind_leg,NA
leg_tactile,720575941602568182,SNta29,bristle_neuron,hind_leg_bristle_neuron,sensory,NA,left,acetylcholine,hind_leg,NA
leg_tactile,720575941470943018,SNta37,bristle_neuron,middle_leg_bristle_neuron,sensory,NA,right,acetylcholine,middle_leg,NA
leg_tactile,720575941644063826,SNta29,bristle_neuron,middle_leg_bristle_neuron,sensory,NA,right,acetylcholine,middle_leg,NA
leg_tactile,720575941670027175,SNta28,bristle_neuron,hind_leg_bristle_neuron,sensory,NA,left,acetylcholine,hind_leg,NA
leg_tactile,720575941519647876,SNta29,bristle_neuron,hind_leg_bristle_neuron,sensory,NA,left,acetylcholine,hind_leg,NA
leg_tactile,720575941494929534,SNta30,bristle_neuron,middle_leg_bristle_neuron,sensory,NA,right,acetylcholine,middle_leg,NA
leg_tactile,720575941560719272,SNta37,bristle_neuron,middle_leg_bristle_neuron,sensory,NA,right,acetylcholine,middle_leg,NA
leg_tactile,720575941453644201,SNta41,bristle_neuron,front_leg_bristle_neuron,sensory,NA,right,acetylcholine,front_leg,NA
leg_tactile,720575941437599317,SNta29,bristle_neuron,front_leg_bristle_neuron,sensory,NA,right,acetylcholine,front_leg,NA
leg_tactile,720575941593377393,SNta37,bristle_neuron,middle_leg_bristle_neuron,sensory,NA,right,acetylcholine,middle_leg,NA
leg_tactile,720575941605010878,SNta29,bristle_neuron,hind_leg_bristle_neuron,sensory,NA,left,acetylcholine,hind_leg,NA
leg_tactile,720575941533640484,SNta29,bristle_neuron,front_leg_bristle_neuron,sensory,NA,right,acetylcholine,front_leg,NA
leg_tactile,720575941533616420,SNta34,bristle_neuron,front_leg_bristle_neuron,sensory,NA,right,acetylcholine,front_leg,NA
leg_tactile,720575941551176510,SNta44,bristle_neuron,hind_leg_bristle_neuron,sensory,NA,left,acetylcholine,hind_leg,NA
leg_tactile,720575941589807954,SNta44,bristle_neuron,hind_leg_bristle_neuron,sensory,NA,left,acetylcholine,hind_leg,NA
leg_tactile,720575941408521007,SNta30,bristle_neuron,front_leg_bristle_neuron,sensory,NA,right,acetylcholine,front_leg,NA
leg_tactile,720575941561776552,SNta34,bristle_neuron,hind_leg_bristle_neuron,sensory,NA,left,acetylcholine,hind_leg,NA
leg_tactile,720575941528972932,SNta42,bristle_neuron,hind_leg_bristle_neuron,sensory,NA,left,acetylcholine,hind_leg,NA
leg_tactile,720575941579245657,SNta21,bristle_neuron,front_leg_bristle_neuron,sensory,NA,right,acetylcholine,front_leg,NA
leg_tactile,720575941578354933,SNta36,bristle_neuron,hind_leg_bristle_neuron,sensory,NA,left,acetylcholine,hind_leg,NA
leg_tactile,720575941533655332,SNta29,bristle_neuron,front_leg_bristle_neuron,sensory,NA,right,acetylcholine,front_leg,NA
leg_tactile,720575941624760428,SNta29,bristle_neuron,front_leg_bristle_neuron,sensory,NA,right,acetylcholine,front_leg,NA
leg_tactile,720575941548982845,SNta19,bristle_neuron,middle_leg_bristle_neuron,sensory,NA,left,acetylcholine,middle_leg,NA
leg_tactile,720575941592637547,SNta30,bristle_neuron,middle_leg_bristle_neuron,sensory,NA,left,acetylcholine,middle_leg,NA
leg_tactile,720575941530148555,SNta30,bristle_neuron,middle_leg_bristle_neuron,sensory,NA,left,acetylcholine,middle_leg,NA
leg_tactile,720575941489885132,LgLG4,taste_bristle_gustatory_neuron,middle_leg_taste_bristle_gustatory_neuron,sensory,NA,left,acetylcholine,middle_leg,NA
leg_tactile,720575941593341398,LgLG2,taste_bristle_gustatory_neuron,middle_leg_taste_bristle_gustatory_neuron,sensory,NA,left,acetylcholine,middle_leg,NA
leg_tactile,720575941443635370,LgLG3,taste_bristle_gustatory_neuron,middle_leg_taste_bristle_gustatory_neuron,sensory,NA,left,acetylcholine,middle_leg,NA
leg_tactile,720575941409747115,SNta30,bristle_neuron,middle_leg_bristle_neuron,sensory,NA,left,acetylcholine,middle_leg,NA
leg_tactile,720575941514603513,SNta29,bristle_neuron,middle_leg_bristle_neuron,sensory,NA,left,acetylcholine,middle_leg,NA
leg_tactile,720575941489388233,LgLG3,taste_bristle_gustatory_neuron,middle_leg_taste_bristle_gustatory_neuron,sensory,NA,left,acetylcholine,middle_leg,NA
leg_tactile,720575941590548222,SNta45,bristle_neuron,middle_leg_bristle_neuron,sensory,NA,left,acetylcholine,middle_leg,NA
leg_tactile,720575941514184291,LgLG4,taste_bristle_gustatory_neuron,middle_leg_taste_bristle_gustatory_neuron,sensory,NA,left,acetylcholine,middle_leg,NA
leg_tactile,720575941407048239,LgLG4,taste_bristle_gustatory_neuron,middle_leg_taste_bristle_gustatory_neuron,sensory,NA,left,acetylcholine,middle_leg,NA
leg_tactile,720575941611793482,SNta21,bristle_neuron,middle_leg_bristle_neuron,sensory,NA,left,acetylcholine,middle_leg,NA
leg_tactile,720575941564892050,SNta21,bristle_neuron,middle_leg_bristle_neuron,sensory,NA,left,acetylcholine,middle_leg,NA
leg_tactile,720575941597279168,SNta45,bristle_neuron,middle_leg_bristle_neuron,sensory,NA,left,acetylcholine,middle_leg,NA
leg_tactile,720575941626634809,SNta42,bristle_neuron,middle_leg_bristle_neuron,sensory,NA,left,acetylcholine,middle_leg,NA
leg_tactile,720575941464372276,SNta28,bristle_neuron,middle_leg_bristle_neuron,sensory,NA,left,acetylcholine,middle_leg,NA
leg_tactile,720575941472168715,SNta21,bristle_neuron,middle_leg_bristle_neuron,sensory,NA,left,acetylcholine,middle_leg,NA
leg_tactile,720575941539760789,SNta20,bristle_neuron,middle_leg_bristle_neuron,sensory,NA,left,acetylcholine,middle_leg,NA
leg_tactile,720575941633810037,SNta29,bristle_neuron,middle_leg_bristle_neuron,sensory,NA,left,acetylcholine,middle_leg,NA
leg_tactile,720575941465817174,SNta38,bristle_neuron,middle_leg_bristle_neuron,sensory,NA,left,acetylcholine,middle_leg,NA
leg_tactile,720575941587805150,SNta44,bristle_neuron,middle_leg_bristle_neuron,sensory,NA,left,acetylcholine,middle_leg,NA
leg_tactile,720575941533668696,SNta26,bristle_neuron,middle_leg_bristle_neuron,sensory,NA,left,acetylcholine,middle_leg,NA
leg_tactile,720575941512019410,SNta20,bristle_neuron,middle_leg_bristle_neuron,sensory,NA,left,acetylcholine,middle_leg,NA
leg_tactile,720575941612621289,SNta20,bristle_neuron,middle_leg_bristle_neuron,sensory,NA,left,acetylcholine,middle_leg,NA
leg_tactile,720575941491904432,SNta26,bristle_neuron,middle_leg_bristle_neuron,sensory,NA,left,acetylcholine,middle_leg,NA
leg_tactile,720575941452628858,SNta20,bristle_neuron,middle_leg_bristle_neuron,sensory,NA,left,acetylcholine,middle_leg,NA
leg_tactile,720575941440178523,SNta45,bristle_neuron,middle_leg_bristle_neuron,sensory,NA,left,acetylcholine,middle_leg,NA
leg_tactile,720575941618563199,SNta31,bristle_neuron,middle_leg_bristle_neuron,sensory,NA,left,acetylcholine,middle_leg,NA
leg_tactile,720575941580604537,SNta31,bristle_neuron,middle_leg_bristle_neuron,sensory,NA,left,acetylcholine,middle_leg,NA
leg_tactile,720575941443628714,SNta30,bristle_neuron,middle_leg_bristle_neuron,sensory,NA,left,acetylcholine,middle_leg,NA
leg_tactile,720575941525339650,SNta29,bristle_neuron,front_leg_bristle_neuron,sensory,NA,left,acetylcholine,front_leg,NA
leg_tactile,720575941408355499,SNta44,bristle_neuron,middle_leg_bristle_neuron,sensory,NA,left,acetylcholine,middle_leg,NA
leg_tactile,720575941476174657,LgLG4,taste_bristle_gustatory_neuron,middle_leg_taste_bristle_gustatory_neuron,sensory,NA,left,acetylcholine,middle_leg,NA
leg_tactile,720575941534652938,SNta29,bristle_neuron,front_leg_bristle_neuron,sensory,NA,left,acetylcholine,front_leg,NA
leg_tactile,720575941580373881,SNta44,bristle_neuron,middle_leg_bristle_neuron,sensory,NA,left,acetylcholine,middle_leg,NA
leg_tactile,720575941587213278,SNta21,bristle_neuron,middle_leg_bristle_neuron,sensory,NA,left,acetylcholine,middle_leg,NA
leg_tactile,720575941580377721,LgLG3,taste_bristle_gustatory_neuron,middle_leg_taste_bristle_gustatory_neuron,sensory,NA,left,acetylcholine,middle_leg,NA
leg_tactile,720575941670317530,SNta29,bristle_neuron,front_leg_bristle_neuron,sensory,NA,left,acetylcholine,front_leg,NA
leg_tactile,720575941574703881,SNta38,bristle_neuron,middle_leg_bristle_neuron,sensory,NA,left,acetylcholine,middle_leg,NA
leg_tactile,720575941734097451,SNta44,bristle_neuron,middle_leg_bristle_neuron,sensory,NA,left,acetylcholine,middle_leg,NA
leg_tactile,720575941551343219,SNta44,bristle_neuron,middle_leg_bristle_neuron,sensory,NA,left,acetylcholine,middle_leg,NA
leg_tactile,720575941573277622,SNta19,bristle_neuron,front_leg_bristle_neuron,sensory,NA,left,acetylcholine,front_leg,NA
leg_tactile,720575941560859431,SNta29,bristle_neuron,front_leg_bristle_neuron,sensory,NA,left,acetylcholine,front_leg,NA
leg_tactile,720575941497991803,SNta28,bristle_neuron,middle_leg_bristle_neuron,sensory,NA,left,acetylcholine,middle_leg,NA
leg_tactile,720575941507355230,SNta42,bristle_neuron,middle_leg_bristle_neuron,sensory,NA,left,acetylcholine,middle_leg,NA
leg_tactile,720575941535939521,SNta23,bristle_neuron,middle_leg_bristle_neuron,sensory,NA,left,acetylcholine,middle_leg,NA
leg_tactile,720575941541465725,LgLG1b,taste_bristle_gustatory_neuron,front_leg_taste_bristle_gustatory_neuron,sensory,NA,left,acetylcholine,front_leg,NA
leg_tactile,720575941552461111,SNta30,bristle_neuron,front_leg_bristle_neuron,sensory,NA,left,acetylcholine,front_leg,NA
leg_tactile,720575941503477564,SNta44,bristle_neuron,middle_leg_bristle_neuron,sensory,NA,left,acetylcholine,middle_leg,NA
leg_tactile,720575941453318313,SNta23,bristle_neuron,middle_leg_bristle_neuron,sensory,NA,left,acetylcholine,middle_leg,NA
leg_tactile,720575941555215514,SNta20,bristle_neuron,middle_leg_bristle_neuron,sensory,NA,left,acetylcholine,middle_leg,NA
leg_tactile,720575941573418505,LgLG3,taste_bristle_gustatory_neuron,front_leg_taste_bristle_gustatory_neuron,sensory,NA,left,acetylcholine,front_leg,NA
leg_tactile,720575941437396895,SNta29,bristle_neuron,front_leg_bristle_neuron,sensory,NA,left,acetylcholine,front_leg,NA
leg_tactile,720575941439351967,SNta29,bristle_neuron,front_leg_bristle_neuron,sensory,NA,left,acetylcholine,front_leg,NA
leg_tactile,720575941544977340,LgLG4,taste_bristle_gustatory_neuron,front_leg_taste_bristle_gustatory_neuron,sensory,NA,left,acetylcholine,front_leg,NA
leg_tactile,720575941614029977,SNxxxx,bristle_neuron,front_leg_bristle_neuron,sensory,NA,left,acetylcholine,front_leg,NA
leg_tactile,720575941615638803,SNta30,bristle_neuron,front_leg_bristle_neuron,sensory,NA,left,acetylcholine,front_leg,NA
leg_tactile,720575941560892711,SNta38,bristle_neuron,front_leg_bristle_neuron,sensory,NA,left,acetylcholine,front_leg,NA
leg_tactile,720575941430442510,LgLG3,taste_bristle_gustatory_neuron,front_leg_taste_bristle_gustatory_neuron,sensory,NA,left,acetylcholine,front_leg,NA
leg_tactile,720575941571037854,LgLG3,taste_bristle_gustatory_neuron,front_leg_taste_bristle_gustatory_neuron,sensory,NA,left,acetylcholine,front_leg,NA
leg_tactile,720575941563277726,SNta28,bristle_neuron,front_leg_bristle_neuron,sensory,NA,left,acetylcholine,front_leg,NA
leg_tactile,720575941574107023,LgLG3,taste_bristle_gustatory_neuron,front_leg_taste_bristle_gustatory_neuron,sensory,NA,left,acetylcholine,front_leg,NA
leg_tactile,720575941563248542,SNta38,bristle_neuron,front_leg_bristle_neuron,sensory,NA,left,acetylcholine,front_leg,NA
leg_tactile,720575941519645100,SNta21,bristle_neuron,front_leg_bristle_neuron,sensory,NA,left,acetylcholine,front_leg,NA
leg_tactile,720575941461993683,SNta21,bristle_neuron,front_leg_bristle_neuron,sensory,NA,left,acetylcholine,front_leg,NA
leg_tactile,720575941548454068,SNta21,bristle_neuron,front_leg_bristle_neuron,sensory,NA,left,acetylcholine,front_leg,NA
leg_tactile,720575941439870143,SNta24,bristle_neuron,front_leg_bristle_neuron,sensory,NA,left,acetylcholine,front_leg,NA
leg_tactile,720575941535779506,SNta21,bristle_neuron,front_leg_bristle_neuron,sensory,NA,left,acetylcholine,front_leg,NA
leg_tactile,720575941417261340,SNta21,bristle_neuron,front_leg_bristle_neuron,sensory,NA,left,acetylcholine,front_leg,NA
leg_tactile,720575941596039207,SNta21,bristle_neuron,front_leg_bristle_neuron,sensory,NA,left,acetylcholine,front_leg,NA
leg_tactile,720575941588545157,SNta38,bristle_neuron,front_leg_bristle_neuron,sensory,NA,left,acetylcholine,front_leg,NA
leg_tactile,720575941674181871,SNta38,bristle_neuron,front_leg_bristle_neuron,sensory,NA,left,acetylcholine,front_leg,NA
leg_tactile,720575941533737706,SNta37,bristle_neuron,front_leg_bristle_neuron,sensory,NA,left,acetylcholine,front_leg,NA
leg_tactile,720575941488892978,SNta44,bristle_neuron,front_leg_bristle_neuron,sensory,NA,left,acetylcholine,front_leg,NA
leg_tactile,720575941554058039,SNta40,bristle_neuron,front_leg_bristle_neuron,sensory,NA,left,acetylcholine,front_leg,NA
leg_tactile,720575941576036253,SNta44,bristle_neuron,front_leg_bristle_neuron,sensory,NA,left,acetylcholine,front_leg,NA
leg_tactile,720575941497985920,SNta21,bristle_neuron,front_leg_bristle_neuron,sensory,NA,left,gaba,front_leg,NA
leg_tactile,720575941590045836,SNta19,bristle_neuron,front_leg_bristle_neuron,sensory,NA,left,acetylcholine,front_leg,NA
leg_tactile,720575941405890928,SNta21,bristle_neuron,front_leg_bristle_neuron,sensory,NA,left,acetylcholine,front_leg,NA
leg_tactile,720575941588695941,SNta25,bristle_neuron,front_leg_bristle_neuron,sensory,NA,left,acetylcholine,front_leg,NA
leg_tactile,720575941496089732,SNta31,bristle_neuron,front_leg_bristle_neuron,sensory,NA,left,acetylcholine,front_leg,NA
leg_tactile,720575941470390493,SNta20,bristle_neuron,front_leg_bristle_neuron,sensory,NA,left,acetylcholine,front_leg,NA
leg_tactile,720575941443624362,SNta38,bristle_neuron,front_leg_bristle_neuron,sensory,NA,left,acetylcholine,front_leg,NA
leg_tactile,720575941507349564,SNta24,bristle_neuron,front_leg_bristle_neuron,sensory,NA,left,acetylcholine,front_leg,NA
leg_tactile,720575941525522276,SNta25,bristle_neuron,hind_leg_bristle_neuron,sensory,NA,left,acetylcholine,hind_leg,NA
leg_tactile,720575941436942239,SNta38,bristle_neuron,front_leg_bristle_neuron,sensory,NA,left,acetylcholine,front_leg,NA
leg_tactile,720575941562671506,SNta44,bristle_neuron,front_leg_bristle_neuron,sensory,NA,left,acetylcholine,front_leg,NA
leg_tactile,720575941449154382,SNta28,bristle_neuron,front_leg_bristle_neuron,sensory,NA,left,acetylcholine,front_leg,NA
leg_tactile,720575941681716925,SNta38,bristle_neuron,front_leg_bristle_neuron,sensory,NA,left,gaba,front_leg,NA
leg_tactile,720575941498221700,SNta25,bristle_neuron,front_leg_bristle_neuron,sensory,NA,left,acetylcholine,front_leg,NA
leg_tactile,720575941514187363,SNta38,bristle_neuron,front_leg_bristle_neuron,sensory,NA,left,gaba,front_leg,NA
leg_tactile,720575941498354564,SNta25,bristle_neuron,front_leg_bristle_neuron,sensory,NA,left,acetylcholine,front_leg,NA
leg_tactile,720575941571036062,SNxxxx,bristle_neuron,front_leg_bristle_neuron,sensory,NA,left,acetylcholine,front_leg,NA
leg_tactile,720575941558636815,SNta42,bristle_neuron,front_leg_bristle_neuron,sensory,NA,left,acetylcholine,front_leg,NA
leg_tactile,720575941676807663,SNta43,bristle_neuron,front_leg_bristle_neuron,sensory,NA,left,acetylcholine,front_leg,NA
leg_tactile,720575941500644491,SNch10,taste_bristle_tactile_neuron,front_leg_taste_bristle_tactile_neuron,sensory,NA,left,acetylcholine,front_leg,NA
leg_tactile,720575941514912346,SNta44,bristle_neuron,hind_leg_bristle_neuron,sensory,NA,right,acetylcholine,hind_leg,NA
leg_tactile,720575941624899722,SNta27,bristle_neuron,hind_leg_bristle_neuron,sensory,NA,right,acetylcholine,hind_leg,NA
leg_tactile,720575941651578097,SNta27,bristle_neuron,hind_leg_bristle_neuron,sensory,NA,right,acetylcholine,hind_leg,NA
leg_tactile,720575941558324004,SNta38,bristle_neuron,hind_leg_bristle_neuron,sensory,NA,right,acetylcholine,hind_leg,NA
leg_tactile,720575941507241089,SNta27,bristle_neuron,hind_leg_bristle_neuron,sensory,NA,right,acetylcholine,hind_leg,NA
leg_tactile,720575941588948791,SNta32,bristle_neuron,hind_leg_bristle_neuron,sensory,NA,right,acetylcholine,hind_leg,NA
leg_tactile,720575941466652438,SNta37,bristle_neuron,hind_leg_bristle_neuron,sensory,NA,right,acetylcholine,hind_leg,NA
leg_tactile,720575941520761454,SNta28,bristle_neuron,hind_leg_bristle_neuron,sensory,NA,right,acetylcholine,hind_leg,NA
leg_tactile,720575941487031504,SNta37,bristle_neuron,hind_leg_bristle_neuron,sensory,NA,right,acetylcholine,hind_leg,NA
leg_tactile,720575941496170977,SNta45,bristle_neuron,hind_leg_bristle_neuron,sensory,NA,right,acetylcholine,hind_leg,NA
leg_tactile,720575941415154460,SNta37,bristle_neuron,hind_leg_bristle_neuron,sensory,NA,right,acetylcholine,hind_leg,NA
leg_tactile,720575941409753003,LgLG1b,taste_bristle_gustatory_neuron,hind_leg_taste_bristle_gustatory_neuron,sensory,NA,right,acetylcholine,hind_leg,NA
leg_tactile,720575941468409110,LgLG1b,taste_bristle_gustatory_neuron,hind_leg_taste_bristle_gustatory_neuron,sensory,NA,right,glutamate,hind_leg,NA
leg_tactile,720575941411954347,SNta21,bristle_neuron,hind_leg_bristle_neuron,sensory,NA,right,acetylcholine,hind_leg,NA
leg_tactile,720575941437445408,SNch10,taste_bristle_tactile_neuron,hind_leg_taste_bristle_tactile_neuron,sensory,NA,right,acetylcholine,hind_leg,NA
leg_tactile,720575941489745609,SNta37,bristle_neuron,hind_leg_bristle_neuron,sensory,NA,right,acetylcholine,hind_leg,NA
leg_tactile,720575941500637858,LgLG1b,taste_bristle_gustatory_neuron,hind_leg_taste_bristle_gustatory_neuron,sensory,NA,right,acetylcholine,hind_leg,NA
leg_tactile,720575941431290839,SNta29,bristle_neuron,hind_leg_bristle_neuron,sensory,NA,right,acetylcholine,hind_leg,NA
leg_tactile,720575941554160211,SNta29,bristle_neuron,hind_leg_bristle_neuron,sensory,NA,right,acetylcholine,hind_leg,NA
leg_tactile,720575941480154091,SNta45,bristle_neuron,hind_leg_bristle_neuron,sensory,NA,right,acetylcholine,hind_leg,NA
leg_tactile,720575941642287480,SNta29,bristle_neuron,hind_leg_bristle_neuron,sensory,NA,right,acetylcholine,hind_leg,NA
leg_tactile,720575941610611117,SNta43,bristle_neuron,hind_leg_bristle_neuron,sensory,NA,right,acetylcholine,hind_leg,NA
leg_tactile,720575941470482443,SNta29,bristle_neuron,hind_leg_bristle_neuron,sensory,NA,right,acetylcholine,hind_leg,NA
leg_tactile,720575941537672853,SNta37,bristle_neuron,hind_leg_bristle_neuron,sensory,NA,right,acetylcholine,hind_leg,NA
leg_tactile,720575941533954482,SNta37,bristle_neuron,hind_leg_bristle_neuron,sensory,NA,right,acetylcholine,hind_leg,NA
leg_tactile,720575941480100587,SNta45,bristle_neuron,hind_leg_bristle_neuron,sensory,NA,right,acetylcholine,hind_leg,NA
leg_tactile,720575941480172267,SNta45,bristle_neuron,hind_leg_bristle_neuron,sensory,NA,right,acetylcholine,hind_leg,NA
leg_tactile,720575941466695190,SNta26,bristle_neuron,hind_leg_bristle_neuron,sensory,NA,right,acetylcholine,hind_leg,NA
leg_tactile,720575941431275223,SNta37,bristle_neuron,hind_leg_bristle_neuron,sensory,NA,right,acetylcholine,hind_leg,NA
leg_tactile,720575941480168171,SNta38,bristle_neuron,hind_leg_bristle_neuron,sensory,NA,right,acetylcholine,hind_leg,NA
leg_tactile,720575941624765036,SNta28,bristle_neuron,hind_leg_bristle_neuron,sensory,NA,right,acetylcholine,hind_leg,NA
leg_tactile,720575941632315067,SNta39,bristle_neuron,hind_leg_bristle_neuron,sensory,NA,right,acetylcholine,hind_leg,NA
leg_tactile,720575941488346574,SNta37,bristle_neuron,hind_leg_bristle_neuron,sensory,NA,right,acetylcholine,hind_leg,NA
leg_tactile,720575941528446136,SNta45,bristle_neuron,hind_leg_bristle_neuron,sensory,NA,right,acetylcholine,hind_leg,NA
leg_tactile,720575941460225008,SNta38,bristle_neuron,hind_leg_bristle_neuron,sensory,NA,right,acetylcholine,hind_leg,NA
leg_tactile,720575941440423887,SNta29,bristle_neuron,hind_leg_bristle_neuron,sensory,NA,right,acetylcholine,hind_leg,NA
leg_tactile,720575941480180203,SNta29,bristle_neuron,hind_leg_bristle_neuron,sensory,NA,right,acetylcholine,hind_leg,NA
leg_tactile,720575941480183531,SNta43,bristle_neuron,hind_leg_bristle_neuron,sensory,NA,right,acetylcholine,hind_leg,NA
leg_tactile,720575941656511188,SNta37,bristle_neuron,hind_leg_bristle_neuron,sensory,NA,right,acetylcholine,hind_leg,NA
leg_tactile,720575941645695649,LgLG1a,taste_bristle_gustatory_neuron,hind_leg_taste_bristle_gustatory_neuron,sensory,NA,right,acetylcholine,hind_leg,NA
leg_tactile,720575941473561440,SNta37,bristle_neuron,hind_leg_bristle_neuron,sensory,NA,right,acetylcholine,hind_leg,NA
leg_tactile,720575941485088397,SNta38,bristle_neuron,hind_leg_bristle_neuron,sensory,NA,right,acetylcholine,hind_leg,NA
leg_tactile,720575941504978308,SNta32,bristle_neuron,hind_leg_bristle_neuron,sensory,NA,left,acetylcholine,hind_leg,NA
leg_tactile,720575941563776146,SNta42,bristle_neuron,hind_leg_bristle_neuron,sensory,NA,left,acetylcholine,hind_leg,NA
leg_tactile,720575941533501220,SNta32,bristle_neuron,front_leg_bristle_neuron,sensory,NA,right,acetylcholine,front_leg,NA
leg_tactile,720575941485402178,SNta30,bristle_neuron,hind_leg_bristle_neuron,sensory,NA,right,acetylcholine,hind_leg,NA
leg_tactile,720575941532402866,SNta29,bristle_neuron,hind_leg_bristle_neuron,sensory,NA,right,acetylcholine,hind_leg,NA
leg_tactile,720575941545550780,SNta37,bristle_neuron,hind_leg_bristle_neuron,sensory,NA,right,acetylcholine,hind_leg,NA
leg_tactile,720575941537184538,LgLG1a,taste_bristle_gustatory_neuron,hind_leg_taste_bristle_gustatory_neuron,sensory,NA,left,glutamate,hind_leg,NA
leg_tactile,720575941594855793,SNta25,bristle_neuron,hind_leg_bristle_neuron,sensory,NA,left,acetylcholine,hind_leg,NA
leg_tactile,720575941633097888,SNta38,bristle_neuron,hind_leg_bristle_neuron,sensory,NA,left,acetylcholine,hind_leg,NA
leg_tactile,720575941690014838,SNta25,bristle_neuron,hind_leg_bristle_neuron,sensory,NA,left,acetylcholine,hind_leg,NA
leg_tactile,720575941558638607,SNta28,bristle_neuron,hind_leg_bristle_neuron,sensory,NA,left,acetylcholine,hind_leg,NA
leg_tactile,720575941450874746,LgLG4,taste_bristle_gustatory_neuron,middle_leg_taste_bristle_gustatory_neuron,sensory,NA,right,acetylcholine,middle_leg,NA
leg_tactile,720575941564933218,SNta29,bristle_neuron,hind_leg_bristle_neuron,sensory,NA,right,acetylcholine,hind_leg,NA
leg_tactile,720575941452389703,SNta38,bristle_neuron,hind_leg_bristle_neuron,sensory,NA,left,acetylcholine,hind_leg,NA
leg_tactile,720575941674153690,SNta30,bristle_neuron,front_leg_bristle_neuron,sensory,NA,right,acetylcholine,front_leg,NA
leg_tactile,720575941639334100,SNta38,bristle_neuron,hind_leg_bristle_neuron,sensory,NA,left,acetylcholine,hind_leg,NA
leg_tactile,720575941481040975,SNta34,bristle_neuron,front_leg_bristle_neuron,sensory,NA,right,acetylcholine,front_leg,NA
leg_tactile,720575941527076377,SNta38,bristle_neuron,hind_leg_bristle_neuron,sensory,NA,left,acetylcholine,hind_leg,NA
leg_tactile,720575941491969740,SNta21,bristle_neuron,front_leg_bristle_neuron,sensory,NA,right,acetylcholine,front_leg,NA
leg_tactile,720575941461589392,SNta23,bristle_neuron,hind_leg_bristle_neuron,sensory,NA,left,acetylcholine,hind_leg,NA
leg_tactile,720575941555869476,SNta28,bristle_neuron,middle_leg_bristle_neuron,sensory,NA,right,acetylcholine,middle_leg,NA
leg_tactile,720575941439868863,SNta42,bristle_neuron,front_leg_bristle_neuron,sensory,NA,right,acetylcholine,front_leg,NA
leg_tactile,720575941540986829,SNta21,bristle_neuron,front_leg_bristle_neuron,sensory,NA,right,acetylcholine,front_leg,NA
leg_tactile,720575941482858947,SNta21,bristle_neuron,front_leg_bristle_neuron,sensory,NA,right,acetylcholine,front_leg,NA
leg_tactile,720575941493955248,LgLG1a,taste_bristle_gustatory_neuron,front_leg_taste_bristle_gustatory_neuron,sensory,NA,right,acetylcholine,front_leg,NA
leg_tactile,720575941519646852,SNta29,bristle_neuron,hind_leg_bristle_neuron,sensory,NA,left,acetylcholine,hind_leg,NA
leg_tactile,720575941394162582,SNta21,bristle_neuron,middle_leg_bristle_neuron,sensory,NA,right,acetylcholine,middle_leg,NA
leg_tactile,720575941575231592,SNxxxx,bristle_neuron,front_leg_bristle_neuron,sensory,NA,right,acetylcholine,front_leg,NA
leg_tactile,720575941538776213,SNta37,bristle_neuron,hind_leg_bristle_neuron,sensory,NA,left,acetylcholine,hind_leg,NA
leg_tactile,720575941584584326,SNta20,bristle_neuron,middle_leg_bristle_neuron,sensory,NA,right,acetylcholine,middle_leg,NA
leg_tactile,720575941617325429,SNta26,bristle_neuron,hind_leg_bristle_neuron,sensory,NA,left,acetylcholine,hind_leg,NA
leg_tactile,720575941429722031,SNta40,bristle_neuron,hind_leg_bristle_neuron,sensory,NA,left,acetylcholine,hind_leg,NA
leg_tactile,720575941519647364,SNta29,bristle_neuron,hind_leg_bristle_neuron,sensory,NA,left,acetylcholine,hind_leg,NA
leg_tactile,720575941683842200,SNta44,bristle_neuron,hind_leg_bristle_neuron,sensory,NA,left,acetylcholine,hind_leg,NA
leg_tactile,720575941519755908,SNta29,bristle_neuron,hind_leg_bristle_neuron,sensory,NA,left,acetylcholine,hind_leg,NA
leg_tactile,720575941524126466,SNta37,bristle_neuron,middle_leg_bristle_neuron,sensory,NA,right,acetylcholine,middle_leg,NA
leg_tactile,720575941564717207,SNta29,bristle_neuron,front_leg_bristle_neuron,sensory,NA,right,acetylcholine,front_leg,NA
leg_tactile,720575941450629545,SNta37,bristle_neuron,middle_leg_bristle_neuron,sensory,NA,right,acetylcholine,middle_leg,NA
leg_tactile,720575941477936436,SNta20,bristle_neuron,hind_leg_bristle_neuron,sensory,NA,left,acetylcholine,hind_leg,NA
leg_tactile,720575941480184655,SNta29,bristle_neuron,front_leg_bristle_neuron,sensory,NA,right,acetylcholine,front_leg,NA
leg_tactile,720575941533540900,SNta29,bristle_neuron,front_leg_bristle_neuron,sensory,NA,right,acetylcholine,front_leg,NA
leg_tactile,720575941505162405,SNta30,bristle_neuron,middle_leg_bristle_neuron,sensory,NA,left,acetylcholine,middle_leg,NA
leg_tactile,720575941609414246,SNta29,bristle_neuron,middle_leg_bristle_neuron,sensory,NA,left,acetylcholine,middle_leg,NA
leg_tactile,720575941574006344,SNta21,bristle_neuron,middle_leg_bristle_neuron,sensory,NA,left,acetylcholine,middle_leg,NA
leg_tactile,720575941413203567,SNta20,bristle_neuron,middle_leg_bristle_neuron,sensory,NA,left,acetylcholine,middle_leg,NA
leg_tactile,720575941591403262,SNta21,bristle_neuron,middle_leg_bristle_neuron,sensory,NA,left,acetylcholine,middle_leg,NA
leg_tactile,720575941595205253,SNta44,bristle_neuron,middle_leg_bristle_neuron,sensory,NA,left,acetylcholine,middle_leg,NA
leg_tactile,720575941628619577,SNta20,bristle_neuron,middle_leg_bristle_neuron,sensory,NA,left,acetylcholine,middle_leg,NA
leg_tactile,720575941475956283,SNta21,bristle_neuron,middle_leg_bristle_neuron,sensory,NA,left,acetylcholine,middle_leg,NA
leg_tactile,720575941461372486,SNta37,bristle_neuron,middle_leg_bristle_neuron,sensory,NA,left,acetylcholine,middle_leg,NA
leg_tactile,720575941502993602,LgLG2,taste_bristle_gustatory_neuron,middle_leg_taste_bristle_gustatory_neuron,sensory,NA,left,glutamate,middle_leg,NA
leg_tactile,720575941457382896,SNta44,bristle_neuron,middle_leg_bristle_neuron,sensory,NA,left,acetylcholine,middle_leg,NA
leg_tactile,720575941583156869,SNta29,bristle_neuron,front_leg_bristle_neuron,sensory,NA,left,acetylcholine,front_leg,NA
leg_tactile,720575941433316896,SNta29,bristle_neuron,middle_leg_bristle_neuron,sensory,NA,left,acetylcholine,middle_leg,NA
leg_tactile,720575941467765300,SNta26,bristle_neuron,middle_leg_bristle_neuron,sensory,NA,left,acetylcholine,middle_leg,NA
leg_tactile,720575941525381634,SNta30,bristle_neuron,front_leg_bristle_neuron,sensory,NA,left,acetylcholine,front_leg,NA
leg_tactile,720575941519745203,SNta38,bristle_neuron,front_leg_bristle_neuron,sensory,NA,left,acetylcholine,front_leg,NA
leg_tactile,720575941610720330,SNta28,bristle_neuron,front_leg_bristle_neuron,sensory,NA,left,acetylcholine,front_leg,NA
leg_tactile,720575941474641194,SNta19,bristle_neuron,front_leg_bristle_neuron,sensory,NA,left,acetylcholine,front_leg,NA
leg_tactile,720575941479959715,SNta38,bristle_neuron,front_leg_bristle_neuron,sensory,NA,left,acetylcholine,front_leg,NA
leg_tactile,720575941554044727,SNta38,bristle_neuron,hind_leg_bristle_neuron,sensory,NA,left,acetylcholine,hind_leg,NA
leg_tactile,720575941488887858,SNta44,bristle_neuron,front_leg_bristle_neuron,sensory,NA,left,acetylcholine,front_leg,NA
leg_tactile,720575941429713400,SNta44,bristle_neuron,front_leg_bristle_neuron,sensory,NA,left,acetylcholine,front_leg,NA
leg_tactile,720575941569548276,SNxxxx,bristle_neuron,front_leg_bristle_neuron,sensory,NA,left,acetylcholine,front_leg,NA
leg_tactile,720575941431671566,SNta42,bristle_neuron,front_leg_bristle_neuron,sensory,NA,left,acetylcholine,front_leg,NA
leg_tactile,720575941446901524,SNta30,bristle_neuron,front_leg_bristle_neuron,sensory,NA,left,acetylcholine,front_leg,NA
leg_tactile,720575941670317274,SNta29,bristle_neuron,front_leg_bristle_neuron,sensory,NA,left,acetylcholine,front_leg,NA
leg_tactile,720575941407101870,SNta28,bristle_neuron,hind_leg_bristle_neuron,sensory,NA,right,acetylcholine,hind_leg,NA
leg_tactile,720575941414313617,SNta26,bristle_neuron,hind_leg_bristle_neuron,sensory,NA,right,acetylcholine,hind_leg,NA
leg_tactile,720575941513883027,SNta45,bristle_neuron,hind_leg_bristle_neuron,sensory,NA,right,acetylcholine,hind_leg,NA
leg_tactile,720575941552583303,SNta29,bristle_neuron,hind_leg_bristle_neuron,sensory,NA,right,acetylcholine,hind_leg,NA
leg_tactile,720575941541592924,SNta37,bristle_neuron,hind_leg_bristle_neuron,sensory,NA,right,acetylcholine,hind_leg,NA
leg_tactile,720575941644868257,SNta27,bristle_neuron,hind_leg_bristle_neuron,sensory,NA,right,acetylcholine,hind_leg,NA
leg_tactile,720575941534738008,SNta37,bristle_neuron,hind_leg_bristle_neuron,sensory,NA,right,acetylcholine,hind_leg,NA
leg_tactile,720575941490412775,SNta19,bristle_neuron,hind_leg_bristle_neuron,sensory,NA,right,acetylcholine,hind_leg,NA
leg_tactile,720575941545912500,SNta37,bristle_neuron,hind_leg_bristle_neuron,sensory,NA,right,acetylcholine,hind_leg,NA
leg_tactile,720575941558969871,LgLG2,taste_bristle_gustatory_neuron,hind_leg_taste_bristle_gustatory_neuron,sensory,NA,right,acetylcholine,hind_leg,NA
leg_tactile,720575941631520236,SNta24,bristle_neuron,front_leg_bristle_neuron,sensory,NA,left,acetylcholine,front_leg,NA
leg_tactile,720575941491144423,SNta44,bristle_neuron,middle_leg_bristle_neuron,sensory,NA,left,acetylcholine,middle_leg,NA
leg_tactile,720575941524369741,SNta35,bristle_neuron,middle_leg_bristle_neuron,sensory,NA,right,acetylcholine,middle_leg,NA
leg_tactile,720575941469863543,SNtaxx,bristle_neuron,hind_leg_bristle_neuron,sensory,NA,left,acetylcholine,hind_leg,NA
leg_tactile,720575941450422965,SNta20,bristle_neuron,front_leg_bristle_neuron,sensory,NA,left,acetylcholine,front_leg,NA
leg_tactile,720575941431905016,SNta20,bristle_neuron,middle_leg_bristle_neuron,sensory,NA,left,acetylcholine,middle_leg,NA
leg_tactile,720575941401556771,LgLG3,taste_bristle_gustatory_neuron,hind_leg_taste_bristle_gustatory_neuron,sensory,NA,left,acetylcholine,hind_leg,NA
leg_tactile,720575941560198003,SNta35,bristle_neuron,middle_leg_bristle_neuron,sensory,NA,left,acetylcholine,middle_leg,NA
leg_tactile,720575941523120631,SNta27,bristle_neuron,hind_leg_bristle_neuron,sensory,NA,right,acetylcholine,hind_leg,NA
leg_tactile,720575941548059681,SNta43,bristle_neuron,hind_leg_bristle_neuron,sensory,NA,right,acetylcholine,hind_leg,NA
leg_tactile,720575941569002490,SNta32,bristle_neuron,hind_leg_bristle_neuron,sensory,NA,left,acetylcholine,hind_leg,NA
leg_tactile,720575941571962526,SNta42,bristle_neuron,hind_leg_bristle_neuron,sensory,NA,right,acetylcholine,hind_leg,NA
leg_tactile,720575941506004540,SNta25,bristle_neuron,middle_leg_bristle_neuron,sensory,NA,right,acetylcholine,middle_leg,NA
leg_tactile,720575941505698620,LgLG3,taste_bristle_gustatory_neuron,front_leg_taste_bristle_gustatory_neuron,sensory,NA,right,acetylcholine,front_leg,NA
leg_tactile,720575941540252109,SNta29,bristle_neuron,front_leg_bristle_neuron,sensory,NA,right,acetylcholine,front_leg,NA
leg_tactile,720575941441112155,SNta29,bristle_neuron,middle_leg_bristle_neuron,sensory,NA,left,acetylcholine,middle_leg,NA
leg_tactile,720575941556193508,SNta39,bristle_neuron,hind_leg_bristle_neuron,sensory,NA,left,acetylcholine,hind_leg,NA
leg_tactile,720575941454037555,SAch01,taste_bristle_gustatory_neuron,front_leg_taste_bristle_gustatory_neuron,sensory_ascending,wing-leg-tactile,left,acetylcholine,front_leg,NA
leg_tactile,720575941573996872,SNta33,bristle_neuron,front_leg_bristle_neuron,sensory,NA,left,acetylcholine,front_leg,NA
leg_tactile,720575941553883163,SNta42,bristle_neuron,hind_leg_bristle_neuron,sensory,NA,right,acetylcholine,hind_leg,NA
leg_tactile,720575941431400151,SNta27,bristle_neuron,hind_leg_bristle_neuron,sensory,NA,NA,acetylcholine,hind_leg,NA
leg_tactile,720575941555188378,LgLG1b,taste_bristle_gustatory_neuron,middle_leg_taste_bristle_gustatory_neuron,sensory,NA,right,acetylcholine,middle_leg,NA
leg_tactile,720575941675192794,SNta19,bristle_neuron,front_leg_bristle_neuron,sensory,NA,right,acetylcholine,front_leg,NA
leg_tactile,720575941551323763,SNta34,bristle_neuron,middle_leg_bristle_neuron,sensory,NA,left,acetylcholine,middle_leg,NA
leg_tactile,720575941455590762,SNta29,bristle_neuron,hind_leg_bristle_neuron,sensory,NA,right,acetylcholine,hind_leg,NA
leg_tactile,720575941637948959,SNta39,bristle_neuron,hind_leg_bristle_neuron,sensory,NA,right,acetylcholine,hind_leg,NA
leg_tactile,720575941599470889,SNta37,bristle_neuron,hind_leg_bristle_neuron,sensory,NA,right,acetylcholine,hind_leg,NA
leg_tactile,720575941536395413,SNta37,bristle_neuron,middle_leg_bristle_neuron,sensory,NA,right,acetylcholine,middle_leg,NA
leg_tactile,720575941447865194,LgLG3,taste_bristle_gustatory_neuron,hind_leg_taste_bristle_gustatory_neuron,sensory,NA,right,acetylcholine,hind_leg,NA
leg_tactile,720575941624189180,SNta29,bristle_neuron,middle_leg_bristle_neuron,sensory,NA,right,acetylcholine,middle_leg,NA
leg_tactile,720575941464859926,SNta38,bristle_neuron,middle_leg_bristle_neuron,sensory,NA,left,acetylcholine,middle_leg,NA
leg_tactile,720575941700684762,SNta43,bristle_neuron,middle_leg_bristle_neuron,sensory,NA,right,acetylcholine,middle_leg,NA
leg_tactile,720575941409240367,SNta21,bristle_neuron,front_leg_bristle_neuron,sensory,NA,NA,acetylcholine,front_leg,NA
leg_tactile,720575941687941595,SNta38,bristle_neuron,middle_leg_bristle_neuron,sensory,NA,left,acetylcholine,middle_leg,NA
leg_tactile,720575941437390751,SNta29,bristle_neuron,front_leg_bristle_neuron,sensory,NA,NA,acetylcholine,front_leg,NA
leg_tactile,720575941639234772,SNta37,bristle_neuron,hind_leg_bristle_neuron,sensory,NA,left,acetylcholine,hind_leg,NA
leg_tactile,720575941553635226,SNta19,bristle_neuron,hind_leg_bristle_neuron,sensory,NA,right,acetylcholine,hind_leg,NA
leg_tactile,720575941515777091,SNta21,bristle_neuron,middle_leg_bristle_neuron,sensory,NA,right,acetylcholine,middle_leg,NA
leg_tactile,720575941400423459,SNxxxx,bristle_neuron,front_leg_bristle_neuron,sensory,NA,right,acetylcholine,front_leg,NA
leg_tactile,720575941462004435,SNta21,bristle_neuron,middle_leg_bristle_neuron,sensory,NA,left,acetylcholine,middle_leg,NA
leg_tactile,720575941537635826,SNta42,bristle_neuron,front_leg_bristle_neuron,sensory,NA,left,acetylcholine,front_leg,NA
leg_tactile,720575941440318655,SNta41,bristle_neuron,front_leg_bristle_neuron,sensory,NA,NA,acetylcholine,front_leg,NA
leg_tactile,720575941588673669,SNta25,bristle_neuron,front_leg_bristle_neuron,sensory,NA,NA,acetylcholine,front_leg,NA
leg_tactile,720575941518438060,SNch10,taste_bristle_tactile_neuron,hind_leg_taste_bristle_tactile_neuron,sensory,NA,left,serotonin,hind_leg,NA
leg_tactile,720575941430104713,SNch10,taste_bristle_tactile_neuron,hind_leg_taste_bristle_tactile_neuron,sensory,NA,right,acetylcholine,hind_leg,NA
leg_tactile,720575941518801836,LgLG1b,taste_bristle_gustatory_neuron,hind_leg_taste_bristle_gustatory_neuron,sensory,NA,right,glutamate,hind_leg,NA
leg_tactile,720575941534175978,SNta33,bristle_neuron,front_leg_bristle_neuron,sensory,NA,left,acetylcholine,front_leg,NA
leg_tactile,720575941430257839,SNta29,bristle_neuron,front_leg_bristle_neuron,sensory,NA,right,acetylcholine,front_leg,NA
leg_tactile,720575941527005465,LgLG7,taste_bristle_gustatory_neuron,front_leg_taste_bristle_gustatory_neuron,sensory,NA,right,acetylcholine,front_leg,NA
leg_tactile,720575941507452254,SNta41,bristle_neuron,front_leg_bristle_neuron,sensory,NA,right,acetylcholine,front_leg,NA
leg_tactile,720575941577608025,LgLG2,taste_bristle_gustatory_neuron,front_leg_taste_bristle_gustatory_neuron,sensory,NA,right,acetylcholine,front_leg,NA
leg_tactile,720575941592510571,SNta41,bristle_neuron,front_leg_bristle_neuron,sensory,NA,right,acetylcholine,front_leg,NA
leg_tactile,720575941564741271,SNta29,bristle_neuron,front_leg_bristle_neuron,sensory,NA,right,acetylcholine,front_leg,NA
leg_tactile,720575941639570207,SNta31,bristle_neuron,front_leg_bristle_neuron,sensory,NA,right,acetylcholine,front_leg,NA
leg_tactile,720575941629572134,SNch10,taste_bristle_tactile_neuron,hind_leg_taste_bristle_tactile_neuron,sensory,NA,left,acetylcholine,hind_leg,NA
leg_tactile,720575941489454389,SNta38,bristle_neuron,hind_leg_bristle_neuron,sensory,NA,left,acetylcholine,hind_leg,NA
leg_tactile,720575941565015296,LgLG1b,taste_bristle_gustatory_neuron,hind_leg_taste_bristle_gustatory_neuron,sensory,NA,left,acetylcholine,hind_leg,NA
leg_tactile,720575941506015255,SNta37,bristle_neuron,hind_leg_bristle_neuron,sensory,NA,left,acetylcholine,hind_leg,NA
leg_tactile,720575941441992399,LgLG3,taste_bristle_gustatory_neuron,hind_leg_taste_bristle_gustatory_neuron,sensory,NA,left,acetylcholine,hind_leg,NA
leg_tactile,720575941470782583,SNta38,bristle_neuron,hind_leg_bristle_neuron,sensory,NA,left,acetylcholine,hind_leg,NA
leg_tactile,720575941510383570,SNta39,bristle_neuron,hind_leg_bristle_neuron,sensory,NA,left,acetylcholine,hind_leg,NA
leg_tactile,720575941576038031,SNta20,bristle_neuron,hind_leg_bristle_neuron,sensory,NA,left,acetylcholine,hind_leg,NA
leg_tactile,720575941596548389,SNta32,bristle_neuron,middle_leg_bristle_neuron,sensory,NA,left,acetylcholine,middle_leg,NA
leg_tactile,720575941616512921,SNta37,bristle_neuron,front_leg_bristle_neuron,sensory,NA,left,acetylcholine,front_leg,NA
leg_tactile,720575941470833472,SNta41,bristle_neuron,middle_leg_bristle_neuron,sensory,NA,left,acetylcholine,middle_leg,NA
leg_tactile,720575941644226465,SNta29,bristle_neuron,hind_leg_bristle_neuron,sensory,NA,left,acetylcholine,hind_leg,NA
leg_tactile,720575941495799424,SNta42,bristle_neuron,middle_leg_bristle_neuron,sensory,NA,right,acetylcholine,middle_leg,NA
leg_tactile,720575941526999718,LgLG4,taste_bristle_gustatory_neuron,front_leg_taste_bristle_gustatory_neuron,sensory,NA,right,acetylcholine,front_leg,NA
leg_tactile,720575941365796976,SNta38,bristle_neuron,middle_leg_bristle_neuron,sensory,NA,left,acetylcholine,middle_leg,NA
leg_tactile,720575941595277607,SNta45,bristle_neuron,middle_leg_bristle_neuron,sensory,NA,left,acetylcholine,middle_leg,NA
leg_tactile,720575941366999190,SNta37,bristle_neuron,middle_leg_bristle_neuron,sensory,NA,left,acetylcholine,middle_leg,NA
leg_tactile,720575941657783320,SNta45,bristle_neuron,middle_leg_bristle_neuron,sensory,NA,left,acetylcholine,middle_leg,NA
leg_tactile,720575941366999702,SNta45,bristle_neuron,middle_leg_bristle_neuron,sensory,NA,left,acetylcholine,middle_leg,NA
leg_tactile,720575941563635712,SNta25,bristle_neuron,middle_leg_bristle_neuron,sensory,NA,left,acetylcholine,middle_leg,NA
leg_tactile,720575941611014630,SNta19,bristle_neuron,middle_leg_bristle_neuron,sensory,NA,left,acetylcholine,middle_leg,NA
leg_tactile,720575941689217654,SNta37,bristle_neuron,hind_leg_bristle_neuron,sensory,NA,left,acetylcholine,hind_leg,NA
leg_tactile,720575941596303237,SNxxxx,bristle_neuron,front_leg_bristle_neuron,sensory,NA,right,acetylcholine,front_leg,NA
leg_tactile,720575941563205010,LgLG1b,taste_bristle_gustatory_neuron,front_leg_taste_bristle_gustatory_neuron,sensory,NA,right,acetylcholine,front_leg,NA
leg_tactile,720575941639647519,SNta30,bristle_neuron,front_leg_bristle_neuron,sensory,NA,right,acetylcholine,front_leg,NA
leg_tactile,720575941687609868,LgLG7,taste_bristle_gustatory_neuron,front_leg_taste_bristle_gustatory_neuron,sensory,NA,right,acetylcholine,front_leg,NA
leg_tactile,720575941432203278,SNxxxx,bristle_neuron,front_leg_bristle_neuron,sensory,NA,right,acetylcholine,front_leg,NA
leg_tactile,720575941638337653,SNta43,bristle_neuron,front_leg_bristle_neuron,sensory,NA,right,acetylcholine,front_leg,NA
leg_tactile,720575941498128201,SNta37,bristle_neuron,front_leg_bristle_neuron,sensory,NA,left,acetylcholine,front_leg,NA
leg_tactile,720575941582317177,SNta33,bristle_neuron,front_leg_bristle_neuron,sensory,NA,right,acetylcholine,front_leg,NA
leg_tactile,720575941464399373,LgLG4,taste_bristle_gustatory_neuron,front_leg_taste_bristle_gustatory_neuron,sensory,NA,right,acetylcholine,front_leg,NA
leg_tactile,720575941536717800,LgLG3,taste_bristle_gustatory_neuron,hind_leg_taste_bristle_gustatory_neuron,sensory,NA,right,acetylcholine,hind_leg,NA
leg_tactile,720575941390521750,SNta35,bristle_neuron,middle_leg_bristle_neuron,sensory,NA,left,acetylcholine,middle_leg,NA
leg_tactile,720575941536699658,SNta20,bristle_neuron,middle_leg_bristle_neuron,sensory,NA,left,acetylcholine,middle_leg,NA
leg_tactile,720575941515654243,LgLG3,taste_bristle_gustatory_neuron,middle_leg_taste_bristle_gustatory_neuron,sensory,NA,left,acetylcholine,middle_leg,NA
leg_tactile,720575941518634606,LgLG2,taste_bristle_gustatory_neuron,hind_leg_taste_bristle_gustatory_neuron,sensory,NA,right,acetylcholine,hind_leg,NA
leg_tactile,720575941492320944,SNta42,bristle_neuron,front_leg_bristle_neuron,sensory,NA,right,acetylcholine,front_leg,NA
leg_tactile,720575941474647850,SNta42,bristle_neuron,hind_leg_bristle_neuron,sensory,NA,left,acetylcholine,hind_leg,NA
leg_tactile,720575941559432563,SNta38,bristle_neuron,front_leg_bristle_neuron,sensory,NA,left,acetylcholine,front_leg,NA
leg_tactile,720575941574147323,SNta34,bristle_neuron,hind_leg_bristle_neuron,sensory,NA,right,acetylcholine,hind_leg,NA
leg_tactile,720575941573782344,SNta23,bristle_neuron,hind_leg_bristle_neuron,sensory,NA,right,acetylcholine,hind_leg,NA
leg_tactile,720575941500282786,SNta31,bristle_neuron,hind_leg_bristle_neuron,sensory,NA,right,acetylcholine,hind_leg,NA
leg_tactile,720575941407520559,SNta42,bristle_neuron,hind_leg_bristle_neuron,sensory,NA,right,acetylcholine,hind_leg,NA
leg_tactile,720575941446937876,SNta42,bristle_neuron,hind_leg_bristle_neuron,sensory,NA,right,acetylcholine,hind_leg,NA
leg_tactile,720575941586372830,SNta34,bristle_neuron,hind_leg_bristle_neuron,sensory,NA,right,acetylcholine,hind_leg,NA
leg_tactile,720575941638318453,SNta42,bristle_neuron,hind_leg_bristle_neuron,sensory,NA,right,acetylcholine,hind_leg,NA
leg_tactile,720575941669123315,SNta20,bristle_neuron,hind_leg_bristle_neuron,sensory,NA,right,acetylcholine,hind_leg,NA
leg_tactile,720575941522297591,SNta32,bristle_neuron,hind_leg_bristle_neuron,sensory,NA,right,acetylcholine,hind_leg,NA
leg_tactile,720575941514728291,SNta31,bristle_neuron,hind_leg_bristle_neuron,sensory,NA,right,acetylcholine,hind_leg,NA
leg_tactile,720575941661558584,SNta34,bristle_neuron,hind_leg_bristle_neuron,sensory,NA,right,acetylcholine,hind_leg,NA
leg_tactile,720575941508068190,SNta42,bristle_neuron,hind_leg_bristle_neuron,sensory,NA,right,acetylcholine,hind_leg,NA
leg_tactile,720575941567275822,SNta34,bristle_neuron,hind_leg_bristle_neuron,sensory,NA,right,acetylcholine,hind_leg,NA
leg_tactile,720575941500608162,SNta20,bristle_neuron,hind_leg_bristle_neuron,sensory,NA,right,acetylcholine,hind_leg,NA
leg_tactile,720575941466672150,SNta31,bristle_neuron,hind_leg_bristle_neuron,sensory,NA,right,acetylcholine,hind_leg,NA
leg_tactile,720575941687810166,SNta23,bristle_neuron,hind_leg_bristle_neuron,sensory,NA,right,acetylcholine,hind_leg,NA
leg_tactile,720575941490354636,SNta34,bristle_neuron,hind_leg_bristle_neuron,sensory,NA,right,acetylcholine,hind_leg,NA
leg_tactile,720575941574206971,SNta42,bristle_neuron,hind_leg_bristle_neuron,sensory,NA,right,acetylcholine,hind_leg,NA
leg_tactile,720575941670560167,LgLG7,taste_bristle_gustatory_neuron,front_leg_taste_bristle_gustatory_neuron,sensory,NA,right,acetylcholine,front_leg,NA
leg_tactile,720575941399363107,SNta21,bristle_neuron,middle_leg_bristle_neuron,sensory,NA,right,acetylcholine,middle_leg,NA
leg_tactile,720575941590444940,SNta42,bristle_neuron,hind_leg_bristle_neuron,sensory,NA,right,acetylcholine,hind_leg,NA
leg_tactile,720575941616545749,SNta34,bristle_neuron,hind_leg_bristle_neuron,sensory,NA,right,acetylcholine,hind_leg,NA
leg_tactile,720575941536695784,SNta42,bristle_neuron,hind_leg_bristle_neuron,sensory,NA,right,acetylcholine,hind_leg,NA
leg_tactile,720575941494144126,SNta39,bristle_neuron,hind_leg_bristle_neuron,sensory,NA,left,acetylcholine,hind_leg,NA
leg_tactile,720575941525960548,SNta29,bristle_neuron,front_leg_bristle_neuron,sensory,NA,left,acetylcholine,front_leg,NA
leg_tactile,720575941400434979,SNta44,bristle_neuron,middle_leg_bristle_neuron,sensory,NA,left,acetylcholine,middle_leg,NA
leg_tactile,720575941523161419,SNch10,taste_bristle_tactile_neuron,hind_leg_taste_bristle_tactile_neuron,sensory,NA,right,acetylcholine,hind_leg,NA
leg_tactile,720575941514272067,SNch10,taste_bristle_tactile_neuron,hind_leg_taste_bristle_tactile_neuron,sensory,NA,right,acetylcholine,hind_leg,NA
leg_tactile,720575941577673305,LgLG2,taste_bristle_gustatory_neuron,hind_leg_taste_bristle_gustatory_neuron,sensory,NA,right,acetylcholine,hind_leg,NA
leg_tactile,720575941470279543,SNta44,bristle_neuron,middle_leg_bristle_neuron,sensory,NA,left,acetylcholine,middle_leg,NA
leg_tactile,720575941535700250,SNta43,bristle_neuron,hind_leg_bristle_neuron,sensory,NA,right,acetylcholine,hind_leg,NA
leg_tactile,720575941552763527,LgLG2,taste_bristle_gustatory_neuron,hind_leg_taste_bristle_gustatory_neuron,sensory,NA,right,acetylcholine,hind_leg,NA
leg_tactile,720575941523270731,LgLG2,taste_bristle_gustatory_neuron,hind_leg_taste_bristle_gustatory_neuron,sensory,NA,right,acetylcholine,hind_leg,NA
leg_tactile,720575941431432407,SNta32,bristle_neuron,hind_leg_bristle_neuron,sensory,NA,right,acetylcholine,hind_leg,NA
leg_tactile,720575941465819478,SNta27,bristle_neuron,hind_leg_bristle_neuron,sensory,NA,right,acetylcholine,hind_leg,NA
leg_tactile,720575941551721278,SNch10,taste_bristle_tactile_neuron,hind_leg_taste_bristle_tactile_neuron,sensory,NA,right,acetylcholine,hind_leg,NA
leg_tactile,720575941644732577,LgLG2,taste_bristle_gustatory_neuron,hind_leg_taste_bristle_gustatory_neuron,sensory,NA,right,acetylcholine,hind_leg,NA
leg_tactile,720575941559102223,SNta39,bristle_neuron,hind_leg_bristle_neuron,sensory,NA,right,acetylcholine,hind_leg,NA
leg_tactile,720575941548924989,SNch10,taste_bristle_tactile_neuron,hind_leg_taste_bristle_tactile_neuron,sensory,NA,right,acetylcholine,hind_leg,NA
leg_tactile,720575941459042886,SNch10,taste_bristle_tactile_neuron,hind_leg_taste_bristle_tactile_neuron,sensory,NA,right,acetylcholine,hind_leg,NA
leg_tactile,720575941687611660,LgLG2,taste_bristle_gustatory_neuron,hind_leg_taste_bristle_gustatory_neuron,sensory,NA,right,acetylcholine,hind_leg,NA
leg_tactile,720575941476725825,SNta43,bristle_neuron,hind_leg_bristle_neuron,sensory,NA,right,acetylcholine,hind_leg,NA
leg_tactile,720575941470929728,SNch10,taste_bristle_tactile_neuron,hind_leg_taste_bristle_tactile_neuron,sensory,NA,right,acetylcholine,hind_leg,NA
leg_tactile,720575941448842165,SNch10,taste_bristle_tactile_neuron,hind_leg_taste_bristle_tactile_neuron,sensory,NA,right,acetylcholine,hind_leg,NA
leg_tactile,720575941454024243,SNch10,taste_bristle_tactile_neuron,hind_leg_taste_bristle_tactile_neuron,sensory,NA,right,acetylcholine,hind_leg,NA
leg_tactile,720575941452382889,LgLG2,taste_bristle_gustatory_neuron,hind_leg_taste_bristle_gustatory_neuron,sensory,NA,right,acetylcholine,hind_leg,NA
leg_tactile,720575941534226154,SNch10,taste_bristle_tactile_neuron,hind_leg_taste_bristle_tactile_neuron,sensory,NA,right,acetylcholine,hind_leg,NA
leg_tactile,720575941561487342,SNta21,bristle_neuron,front_leg_bristle_neuron,sensory,NA,left,acetylcholine,front_leg,NA
leg_tactile,720575941567669351,SNta34,bristle_neuron,hind_leg_bristle_neuron,sensory,NA,left,acetylcholine,hind_leg,NA
leg_tactile,720575941548935741,SNta38,bristle_neuron,hind_leg_bristle_neuron,sensory,NA,left,acetylcholine,hind_leg,NA
leg_tactile,720575941407050287,SNta44,bristle_neuron,front_leg_bristle_neuron,sensory,NA,right,acetylcholine,front_leg,NA
leg_tactile,720575941460353491,LgLG4,taste_bristle_gustatory_neuron,hind_leg_taste_bristle_gustatory_neuron,sensory,NA,right,acetylcholine,hind_leg,NA
leg_tactile,720575941461999059,SNta20,bristle_neuron,hind_leg_bristle_neuron,sensory,NA,right,acetylcholine,hind_leg,NA
leg_tactile,720575941611021030,SNta29,bristle_neuron,hind_leg_bristle_neuron,sensory,NA,left,acetylcholine,hind_leg,NA
leg_tactile,720575941552815239,SNta45,bristle_neuron,hind_leg_bristle_neuron,sensory,NA,right,acetylcholine,hind_leg,NA
leg_tactile,720575941434486926,SNta43,bristle_neuron,front_leg_bristle_neuron,sensory,NA,right,acetylcholine,front_leg,NA
leg_tactile,720575941575745896,LgLG4,taste_bristle_gustatory_neuron,front_leg_taste_bristle_gustatory_neuron,sensory,NA,left,acetylcholine,front_leg,NA
leg_tactile,720575941631120620,LgLG7,taste_bristle_gustatory_neuron,front_leg_taste_bristle_gustatory_neuron,sensory,NA,left,acetylcholine,front_leg,NA
leg_tactile,720575941583546975,SNta30,bristle_neuron,front_leg_bristle_neuron,sensory,NA,left,acetylcholine,front_leg,NA
leg_tactile,720575941548943165,SNta29,bristle_neuron,hind_leg_bristle_neuron,sensory,NA,right,acetylcholine,hind_leg,NA
leg_tactile,720575941440437951,SNta38,bristle_neuron,hind_leg_bristle_neuron,sensory,NA,right,acetylcholine,hind_leg,NA
leg_tactile,720575941409992619,SNta43,bristle_neuron,middle_leg_bristle_neuron,sensory,NA,left,acetylcholine,middle_leg,NA
leg_tactile,720575941534050904,SNta35,bristle_neuron,middle_leg_bristle_neuron,sensory,NA,right,acetylcholine,middle_leg,NA
leg_tactile,720575941411564143,SNta45,bristle_neuron,middle_leg_bristle_neuron,sensory,NA,left,acetylcholine,middle_leg,NA
leg_tactile,720575941578904053,SNta23,bristle_neuron,hind_leg_bristle_neuron,sensory,NA,right,acetylcholine,hind_leg,NA
leg_tactile,720575941412676055,SNta29,bristle_neuron,front_leg_bristle_neuron,sensory,NA,right,acetylcholine,front_leg,NA
leg_tactile,720575941463771536,SNta29,bristle_neuron,front_leg_bristle_neuron,sensory,NA,right,acetylcholine,front_leg,NA
leg_tactile,720575941412948369,LgLG3,taste_bristle_gustatory_neuron,front_leg_taste_bristle_gustatory_neuron,sensory,NA,right,acetylcholine,front_leg,NA
leg_tactile,720575941611052362,SNta42,bristle_neuron,front_leg_bristle_neuron,sensory,NA,left,acetylcholine,front_leg,NA
leg_tactile,720575941509286017,SNta20,bristle_neuron,hind_leg_bristle_neuron,sensory,NA,right,acetylcholine,hind_leg,NA
leg_tactile,720575941498045312,LgLG3,taste_bristle_gustatory_neuron,middle_leg_taste_bristle_gustatory_neuron,sensory,NA,left,acetylcholine,middle_leg,NA
leg_tactile,720575941421365719,SNta37,bristle_neuron,middle_leg_bristle_neuron,sensory,NA,left,acetylcholine,middle_leg,NA
leg_tactile,720575941423705815,SNta37,bristle_neuron,middle_leg_bristle_neuron,sensory,NA,left,acetylcholine,middle_leg,NA
leg_tactile,720575941423707351,SNta45,bristle_neuron,middle_leg_bristle_neuron,sensory,NA,left,acetylcholine,middle_leg,NA
leg_tactile,720575941423723479,SNta37,bristle_neuron,middle_leg_bristle_neuron,sensory,NA,left,acetylcholine,middle_leg,NA
leg_tactile,720575941599515433,SNxxxx,bristle_neuron,front_leg_bristle_neuron,sensory,NA,right,acetylcholine,front_leg,NA
leg_tactile,720575941530739384,LgLG3,taste_bristle_gustatory_neuron,middle_leg_taste_bristle_gustatory_neuron,sensory,NA,left,glutamate,middle_leg,NA
leg_tactile,720575941502840663,SNta23,bristle_neuron,middle_leg_bristle_neuron,sensory,NA,left,acetylcholine,middle_leg,NA
leg_tactile,720575941534384472,SNta29,bristle_neuron,middle_leg_bristle_neuron,sensory,NA,left,acetylcholine,middle_leg,NA
leg_tactile,720575941486912976,SNta38,bristle_neuron,hind_leg_bristle_neuron,sensory,NA,right,acetylcholine,hind_leg,NA
leg_tactile,720575941599470528,SNta21,bristle_neuron,hind_leg_bristle_neuron,sensory,NA,right,acetylcholine,hind_leg,NA
leg_tactile,720575941477654890,SNta29,bristle_neuron,hind_leg_bristle_neuron,sensory,NA,right,acetylcholine,hind_leg,NA
leg_tactile,720575941592631659,SNta23,bristle_neuron,middle_leg_bristle_neuron,sensory,NA,right,acetylcholine,middle_leg,NA
leg_tactile,720575941413645204,SNta27,bristle_neuron,hind_leg_bristle_neuron,sensory,NA,right,acetylcholine,hind_leg,NA
leg_tactile,720575941428522488,SNta37,bristle_neuron,middle_leg_bristle_neuron,sensory,NA,right,acetylcholine,middle_leg,NA
leg_tactile,720575941575206326,LgLG4,taste_bristle_gustatory_neuron,hind_leg_taste_bristle_gustatory_neuron,sensory,NA,left,glutamate,hind_leg,NA
leg_tactile,720575941468427542,SNta20,bristle_neuron,hind_leg_bristle_neuron,sensory,NA,right,acetylcholine,hind_leg,NA
leg_tactile,720575941426840148,SNta42,bristle_neuron,middle_leg_bristle_neuron,sensory,NA,left,acetylcholine,middle_leg,NA
leg_tactile,720575941522116855,SNta44,bristle_neuron,front_leg_bristle_neuron,sensory,NA,right,acetylcholine,front_leg,NA
leg_tactile,720575941577491801,SNta38,bristle_neuron,hind_leg_bristle_neuron,sensory,NA,right,acetylcholine,hind_leg,NA
leg_tactile,720575941594398503,SNta26,bristle_neuron,middle_leg_bristle_neuron,sensory,NA,left,acetylcholine,middle_leg,NA
leg_tactile,720575941430390030,SNta34,bristle_neuron,middle_leg_bristle_neuron,sensory,NA,left,acetylcholine,middle_leg,NA
leg_tactile,720575941430461710,SNta44,bristle_neuron,middle_leg_bristle_neuron,sensory,NA,left,acetylcholine,middle_leg,NA
leg_tactile,720575941400827171,LgLG3,taste_bristle_gustatory_neuron,hind_leg_taste_bristle_gustatory_neuron,sensory,NA,left,acetylcholine,hind_leg,NA
leg_tactile,720575941632281504,SNta45,bristle_neuron,hind_leg_bristle_neuron,sensory,NA,right,acetylcholine,hind_leg,NA
leg_tactile,720575941497962313,SNta20,bristle_neuron,middle_leg_bristle_neuron,sensory,NA,left,acetylcholine,middle_leg,NA
leg_tactile,720575941491061708,SNta37,bristle_neuron,middle_leg_bristle_neuron,sensory,NA,left,acetylcholine,middle_leg,NA
leg_tactile,720575941502880855,SNta38,bristle_neuron,front_leg_bristle_neuron,sensory,NA,right,acetylcholine,front_leg,NA
leg_tactile,720575941432374967,SNta44,bristle_neuron,front_leg_bristle_neuron,sensory,NA,right,acetylcholine,front_leg,NA
leg_tactile,720575941702161370,SNta44,bristle_neuron,front_leg_bristle_neuron,sensory,NA,right,acetylcholine,front_leg,NA
leg_tactile,720575941611297382,SNta38,bristle_neuron,hind_leg_bristle_neuron,sensory,NA,left,acetylcholine,hind_leg,NA
leg_tactile,720575941573256955,SNta35,bristle_neuron,middle_leg_bristle_neuron,sensory,NA,left,acetylcholine,middle_leg,NA
leg_tactile,720575941629181753,LgLG1b,taste_bristle_gustatory_neuron,front_leg_taste_bristle_gustatory_neuron,sensory,NA,left,acetylcholine,front_leg,NA
leg_tactile,720575941593905366,SNta44,bristle_neuron,front_leg_bristle_neuron,sensory,NA,right,acetylcholine,front_leg,NA
leg_tactile,720575941588986679,SNta44,bristle_neuron,front_leg_bristle_neuron,sensory,NA,right,acetylcholine,front_leg,NA
leg_tactile,720575941558985999,SNta44,bristle_neuron,front_leg_bristle_neuron,sensory,NA,right,acetylcholine,front_leg,NA
leg_tactile,720575941485560386,SNta40,bristle_neuron,front_leg_bristle_neuron,sensory,NA,right,acetylcholine,front_leg,NA
leg_tactile,720575941624941211,SNta40,bristle_neuron,front_leg_bristle_neuron,sensory,NA,right,acetylcholine,front_leg,NA
leg_tactile,720575941434259127,SNta44,bristle_neuron,front_leg_bristle_neuron,sensory,NA,right,acetylcholine,front_leg,NA
leg_tactile,720575941689876120,SNta44,bristle_neuron,front_leg_bristle_neuron,sensory,NA,right,acetylcholine,front_leg,NA
leg_tactile,720575941658129744,SNta44,bristle_neuron,front_leg_bristle_neuron,sensory,NA,right,acetylcholine,front_leg,NA
leg_tactile,720575941688502796,SNta44,bristle_neuron,front_leg_bristle_neuron,sensory,NA,right,acetylcholine,front_leg,NA
leg_tactile,720575941680129213,SNch10,taste_bristle_tactile_neuron,hind_leg_taste_bristle_tactile_neuron,sensory,NA,right,acetylcholine,hind_leg,NA
leg_tactile,720575941599588649,SNch10,taste_bristle_tactile_neuron,hind_leg_taste_bristle_tactile_neuron,sensory,NA,right,acetylcholine,hind_leg,NA
leg_tactile,720575941431314647,SNch10,taste_bristle_tactile_neuron,hind_leg_taste_bristle_tactile_neuron,sensory,NA,right,acetylcholine,hind_leg,NA
leg_tactile,720575941517926828,SNta30,bristle_neuron,hind_leg_bristle_neuron,sensory,NA,right,acetylcholine,hind_leg,NA
leg_tactile,720575941551567934,LgLG2,taste_bristle_gustatory_neuron,hind_leg_taste_bristle_gustatory_neuron,sensory,NA,right,glutamate,hind_leg,NA
leg_tactile,720575941663763256,SNch10,taste_bristle_tactile_neuron,hind_leg_taste_bristle_tactile_neuron,sensory,NA,right,acetylcholine,hind_leg,NA
leg_tactile,720575941530313931,LgLG4,taste_bristle_gustatory_neuron,hind_leg_taste_bristle_gustatory_neuron,sensory,NA,right,glutamate,hind_leg,NA
leg_tactile,720575941512947276,LgLG2,taste_bristle_gustatory_neuron,hind_leg_taste_bristle_gustatory_neuron,sensory,NA,right,acetylcholine,hind_leg,NA
leg_tactile,720575941594399271,SNta32,bristle_neuron,hind_leg_bristle_neuron,sensory,NA,right,acetylcholine,hind_leg,NA
leg_tactile,720575941461181395,SNta20,bristle_neuron,hind_leg_bristle_neuron,sensory,NA,right,acetylcholine,hind_leg,NA
leg_tactile,720575941541715917,SNta29,bristle_neuron,hind_leg_bristle_neuron,sensory,NA,right,acetylcholine,hind_leg,NA
leg_tactile,720575941597735360,SNta39,bristle_neuron,hind_leg_bristle_neuron,sensory,NA,right,acetylcholine,hind_leg,NA
leg_tactile,720575941577660249,LgLG2,taste_bristle_gustatory_neuron,hind_leg_taste_bristle_gustatory_neuron,sensory,NA,right,acetylcholine,hind_leg,NA
leg_tactile,720575941556059620,SNta20,bristle_neuron,hind_leg_bristle_neuron,sensory,NA,right,acetylcholine,hind_leg,NA
leg_tactile,720575941434583223,SNta29,bristle_neuron,front_leg_bristle_neuron,sensory,NA,right,acetylcholine,front_leg,NA
leg_tactile,720575941569431284,SNta28,bristle_neuron,hind_leg_bristle_neuron,sensory,NA,left,acetylcholine,hind_leg,NA
leg_tactile,720575941478798366,LgLG1b,taste_bristle_gustatory_neuron,front_leg_taste_bristle_gustatory_neuron,sensory,NA,left,acetylcholine,front_leg,NA
leg_tactile,720575941477607786,SNta40,bristle_neuron,front_leg_bristle_neuron,sensory,NA,right,acetylcholine,front_leg,NA
leg_tactile,720575941530335435,SNta44,bristle_neuron,front_leg_bristle_neuron,sensory,NA,right,acetylcholine,front_leg,NA
leg_tactile,720575941602838201,SNta44,bristle_neuron,front_leg_bristle_neuron,sensory,NA,right,acetylcholine,front_leg,NA
leg_tactile,720575941435393439,LgLG3,taste_bristle_gustatory_neuron,front_leg_taste_bristle_gustatory_neuron,sensory,NA,left,gaba,front_leg,NA
leg_tactile,720575941435717164,SNta45,bristle_neuron,front_leg_bristle_neuron,sensory,NA,left,acetylcholine,front_leg,NA
leg_tactile,720575941476145182,SNta43,bristle_neuron,front_leg_bristle_neuron,sensory,NA,right,acetylcholine,front_leg,NA
leg_tactile,720575941526116633,SNta43,bristle_neuron,front_leg_bristle_neuron,sensory,NA,right,acetylcholine,front_leg,NA
leg_tactile,720575941435910583,SNta35,bristle_neuron,middle_leg_bristle_neuron,sensory,NA,right,acetylcholine,middle_leg,NA
leg_tactile,720575941621626495,LgLG1b,taste_bristle_gustatory_neuron,front_leg_taste_bristle_gustatory_neuron,sensory,NA,left,glutamate,front_leg,NA
leg_tactile,720575941436639807,SNta30,bristle_neuron,middle_leg_bristle_neuron,sensory,NA,left,acetylcholine,middle_leg,NA
leg_tactile,720575941581292113,SNta20,bristle_neuron,hind_leg_bristle_neuron,sensory,NA,right,acetylcholine,hind_leg,NA
leg_tactile,720575941411694447,LgLG1b,taste_bristle_gustatory_neuron,middle_leg_taste_bristle_gustatory_neuron,sensory,NA,left,glutamate,middle_leg,NA
leg_tactile,720575941573672456,SNta39,bristle_neuron,middle_leg_bristle_neuron,sensory,NA,left,acetylcholine,middle_leg,NA
leg_tactile,720575941619886719,LgLG2,taste_bristle_gustatory_neuron,front_leg_taste_bristle_gustatory_neuron,sensory,NA,left,acetylcholine,front_leg,NA
leg_tactile,720575941461571216,SNta44,bristle_neuron,front_leg_bristle_neuron,sensory,NA,right,acetylcholine,front_leg,NA
leg_tactile,720575941537210394,SNta21,bristle_neuron,middle_leg_bristle_neuron,sensory,NA,left,acetylcholine,middle_leg,NA
leg_tactile,720575941437067026,SNta37,bristle_neuron,hind_leg_bristle_neuron,sensory,NA,right,acetylcholine,hind_leg,NA
leg_tactile,720575941543791109,SNta37,bristle_neuron,middle_leg_bristle_neuron,sensory,NA,left,acetylcholine,middle_leg,NA
leg_tactile,720575941426853204,SNta37,bristle_neuron,hind_leg_bristle_neuron,sensory,NA,right,acetylcholine,hind_leg,NA
leg_tactile,720575941437703765,SNta28,bristle_neuron,middle_leg_bristle_neuron,sensory,NA,right,acetylcholine,middle_leg,NA
leg_tactile,720575941555485779,SNta19,bristle_neuron,middle_leg_bristle_neuron,sensory,NA,right,acetylcholine,middle_leg,NA
leg_tactile,720575941437833301,SNta29,bristle_neuron,middle_leg_bristle_neuron,sensory,NA,right,acetylcholine,middle_leg,NA
leg_tactile,720575941438023999,SNta41,bristle_neuron,front_leg_bristle_neuron,sensory,NA,right,acetylcholine,front_leg,NA
leg_tactile,720575941440704603,SNta37,bristle_neuron,hind_leg_bristle_neuron,sensory,NA,left,acetylcholine,hind_leg,NA
leg_tactile,720575941671121063,SNta39,bristle_neuron,hind_leg_bristle_neuron,sensory,NA,left,gaba,hind_leg,NA
leg_tactile,720575941645722017,SNta20,bristle_neuron,hind_leg_bristle_neuron,sensory,NA,right,acetylcholine,hind_leg,NA
leg_tactile,720575941453645481,SNta44,bristle_neuron,front_leg_bristle_neuron,sensory,NA,right,acetylcholine,front_leg,NA
leg_tactile,720575941618109909,SNta33,bristle_neuron,front_leg_bristle_neuron,sensory,NA,left,acetylcholine,front_leg,NA
leg_tactile,720575941602833593,SNta29,bristle_neuron,front_leg_bristle_neuron,sensory,NA,left,acetylcholine,front_leg,NA
leg_tactile,720575941628879910,SNta35,bristle_neuron,middle_leg_bristle_neuron,sensory,NA,left,acetylcholine,middle_leg,NA
leg_tactile,720575941430966625,SNta41,bristle_neuron,front_leg_bristle_neuron,sensory,NA,left,acetylcholine,front_leg,NA
leg_tactile,720575941479587714,LgLG3,taste_bristle_gustatory_neuron,middle_leg_taste_bristle_gustatory_neuron,sensory,NA,left,acetylcholine,middle_leg,NA
leg_tactile,720575941479136618,SNta20,bristle_neuron,middle_leg_bristle_neuron,sensory,NA,right,acetylcholine,middle_leg,NA
leg_tactile,720575941514126915,SNta29,bristle_neuron,front_leg_bristle_neuron,sensory,NA,left,acetylcholine,front_leg,NA
leg_tactile,720575941495078599,SNta40,bristle_neuron,front_leg_bristle_neuron,sensory,NA,left,acetylcholine,front_leg,NA
leg_tactile,720575941611037414,LgLG3,taste_bristle_gustatory_neuron,hind_leg_taste_bristle_gustatory_neuron,sensory,NA,left,acetylcholine,hind_leg,NA
leg_tactile,720575941528902072,SNta38,bristle_neuron,hind_leg_bristle_neuron,sensory,NA,right,acetylcholine,hind_leg,NA
leg_tactile,720575941545482428,SNch10,taste_bristle_tactile_neuron,hind_leg_taste_bristle_tactile_neuron,sensory,NA,right,acetylcholine,hind_leg,NA
leg_tactile,720575941440175707,SNta28,bristle_neuron,hind_leg_bristle_neuron,sensory,NA,left,acetylcholine,hind_leg,NA
leg_tactile,720575941440182363,SNta29,bristle_neuron,front_leg_bristle_neuron,sensory,NA,left,acetylcholine,front_leg,NA
leg_tactile,720575941680229565,SNta43,bristle_neuron,hind_leg_bristle_neuron,sensory,NA,left,acetylcholine,hind_leg,NA
leg_tactile,720575941506296389,SNta43,bristle_neuron,hind_leg_bristle_neuron,sensory,NA,left,acetylcholine,hind_leg,NA
leg_tactile,720575941466527510,SNta43,bristle_neuron,hind_leg_bristle_neuron,sensory,NA,left,acetylcholine,hind_leg,NA
leg_tactile,720575941515750291,SNta43,bristle_neuron,hind_leg_bristle_neuron,sensory,NA,left,acetylcholine,hind_leg,NA
leg_tactile,720575941564187655,SNta29,bristle_neuron,front_leg_bristle_neuron,sensory,NA,left,acetylcholine,front_leg,NA
leg_tactile,720575941543241564,LgLG1b,taste_bristle_gustatory_neuron,front_leg_taste_bristle_gustatory_neuron,sensory,NA,left,glutamate,front_leg,NA
leg_tactile,720575941482887875,LgLG1b,taste_bristle_gustatory_neuron,front_leg_taste_bristle_gustatory_neuron,sensory,NA,left,acetylcholine,front_leg,NA
leg_tactile,720575941497992673,SNta34,bristle_neuron,hind_leg_bristle_neuron,sensory,NA,right,acetylcholine,hind_leg,NA
leg_tactile,720575941573305851,SNta27,bristle_neuron,hind_leg_bristle_neuron,sensory,NA,left,acetylcholine,hind_leg,NA
leg_tactile,720575941573697544,SNta39,bristle_neuron,hind_leg_bristle_neuron,sensory,NA,left,acetylcholine,hind_leg,NA
leg_tactile,720575941470484747,SNta37,bristle_neuron,hind_leg_bristle_neuron,sensory,NA,left,acetylcholine,hind_leg,NA
leg_tactile,720575941482705082,SNta23,bristle_neuron,hind_leg_bristle_neuron,sensory,NA,right,acetylcholine,hind_leg,NA
leg_tactile,720575941652250865,SNta27,bristle_neuron,hind_leg_bristle_neuron,sensory,NA,left,acetylcholine,hind_leg,NA
leg_tactile,720575941437268524,SNta39,bristle_neuron,hind_leg_bristle_neuron,sensory,NA,left,acetylcholine,hind_leg,NA
leg_tactile,720575941441924563,SNta43,bristle_neuron,hind_leg_bristle_neuron,sensory,NA,left,acetylcholine,hind_leg,NA
leg_tactile,720575941442297514,SNta25,bristle_neuron,middle_leg_bristle_neuron,sensory,NA,left,acetylcholine,middle_leg,NA
leg_tactile,720575941604626678,SNta20,bristle_neuron,middle_leg_bristle_neuron,sensory,NA,left,acetylcholine,middle_leg,NA
leg_tactile,720575941430198665,SNta42,bristle_neuron,hind_leg_bristle_neuron,sensory,NA,left,acetylcholine,hind_leg,NA
leg_tactile,720575941503657922,SNta32,bristle_neuron,hind_leg_bristle_neuron,sensory,NA,right,acetylcholine,hind_leg,NA
leg_tactile,720575941482745085,SNta45,bristle_neuron,front_leg_bristle_neuron,sensory,NA,left,acetylcholine,front_leg,NA
leg_tactile,720575941535122922,SNta28,bristle_neuron,hind_leg_bristle_neuron,sensory,NA,left,acetylcholine,hind_leg,NA
leg_tactile,720575941498815906,SNta32,bristle_neuron,hind_leg_bristle_neuron,sensory,NA,right,acetylcholine,hind_leg,NA
leg_tactile,720575941686962159,SNta44,bristle_neuron,middle_leg_bristle_neuron,sensory,NA,left,acetylcholine,middle_leg,NA
leg_tactile,720575941574174280,SNta20,bristle_neuron,middle_leg_bristle_neuron,sensory,NA,left,acetylcholine,middle_leg,NA
leg_tactile,720575941432248078,SNch10,taste_bristle_tactile_neuron,hind_leg_taste_bristle_tactile_neuron,sensory,NA,right,acetylcholine,hind_leg,NA
leg_tactile,720575941430209417,SNch10,taste_bristle_tactile_neuron,hind_leg_taste_bristle_tactile_neuron,sensory,NA,right,acetylcholine,hind_leg,NA
leg_tactile,720575941458896454,SNta37,bristle_neuron,middle_leg_bristle_neuron,sensory,NA,left,acetylcholine,middle_leg,NA
leg_tactile,720575941413640596,SNta45,bristle_neuron,hind_leg_bristle_neuron,sensory,NA,right,acetylcholine,hind_leg,NA
leg_tactile,720575941568145454,SNta32,bristle_neuron,hind_leg_bristle_neuron,sensory,NA,right,acetylcholine,hind_leg,NA
leg_tactile,720575941446575380,LgLG1b,taste_bristle_gustatory_neuron,hind_leg_taste_bristle_gustatory_neuron,sensory,NA,left,glutamate,hind_leg,NA
leg_tactile,720575941476154142,SNch10,taste_bristle_tactile_neuron,hind_leg_taste_bristle_tactile_neuron,sensory,NA,left,acetylcholine,hind_leg,NA
leg_tactile,720575941536700387,SNta41,bristle_neuron,front_leg_bristle_neuron,sensory,NA,left,acetylcholine,front_leg,NA
leg_tactile,720575941604164798,SNch10,taste_bristle_tactile_neuron,hind_leg_taste_bristle_tactile_neuron,sensory,NA,left,acetylcholine,hind_leg,NA
leg_tactile,720575941507658625,SNta37,bristle_neuron,hind_leg_bristle_neuron,sensory,NA,right,acetylcholine,hind_leg,NA
leg_tactile,720575941564292450,LgLG3,taste_bristle_gustatory_neuron,middle_leg_taste_bristle_gustatory_neuron,sensory,NA,left,acetylcholine,middle_leg,NA
leg_tactile,720575941440302303,SNta33,bristle_neuron,front_leg_bristle_neuron,sensory,NA,right,acetylcholine,front_leg,NA
leg_tactile,720575941530028472,SNta30,bristle_neuron,hind_leg_bristle_neuron,sensory,NA,left,acetylcholine,hind_leg,NA
leg_tactile,720575941539022741,SNta29,bristle_neuron,hind_leg_bristle_neuron,sensory,NA,left,acetylcholine,hind_leg,NA
leg_tactile,720575941522443447,SNta44,bristle_neuron,middle_leg_bristle_neuron,sensory,NA,left,acetylcholine,middle_leg,NA
leg_tactile,720575941613439452,SNta23,bristle_neuron,hind_leg_bristle_neuron,sensory,NA,right,acetylcholine,hind_leg,NA
leg_tactile,720575941573224699,LgLG4,taste_bristle_gustatory_neuron,hind_leg_taste_bristle_gustatory_neuron,sensory,NA,left,glutamate,hind_leg,NA
leg_tactile,720575941515137370,SNta28,bristle_neuron,hind_leg_bristle_neuron,sensory,NA,left,acetylcholine,hind_leg,NA
leg_tactile,720575941523084535,SNta29,bristle_neuron,hind_leg_bristle_neuron,sensory,NA,right,acetylcholine,hind_leg,NA
leg_tactile,720575941470973248,SNta28,bristle_neuron,hind_leg_bristle_neuron,sensory,NA,right,acetylcholine,hind_leg,NA
leg_tactile,720575941412028331,SNta20,bristle_neuron,hind_leg_bristle_neuron,sensory,NA,right,acetylcholine,hind_leg,NA
leg_tactile,720575941573613981,SNta45,bristle_neuron,hind_leg_bristle_neuron,sensory,NA,right,acetylcholine,hind_leg,NA
leg_tactile,720575941631204844,SNta37,bristle_neuron,hind_leg_bristle_neuron,sensory,NA,right,acetylcholine,hind_leg,NA
leg_tactile,720575941632687035,SNta38,bristle_neuron,hind_leg_bristle_neuron,sensory,NA,right,acetylcholine,hind_leg,NA
leg_tactile,720575941596402821,SNta37,bristle_neuron,hind_leg_bristle_neuron,sensory,NA,right,acetylcholine,hind_leg,NA
leg_tactile,720575941531571685,SNta26,bristle_neuron,hind_leg_bristle_neuron,sensory,NA,right,acetylcholine,hind_leg,NA
leg_tactile,720575941631985349,LgLG1b,taste_bristle_gustatory_neuron,hind_leg_taste_bristle_gustatory_neuron,sensory,NA,right,acetylcholine,hind_leg,NA
leg_tactile,720575941536693731,SNta27,bristle_neuron,hind_leg_bristle_neuron,sensory,NA,right,acetylcholine,hind_leg,NA
leg_tactile,720575941549124468,SNta27,bristle_neuron,hind_leg_bristle_neuron,sensory,NA,right,acetylcholine,hind_leg,NA
leg_tactile,720575941516869219,SNta21,bristle_neuron,front_leg_bristle_neuron,sensory,NA,right,acetylcholine,front_leg,NA
leg_tactile,720575941506130455,SNta44,bristle_neuron,hind_leg_bristle_neuron,sensory,NA,right,acetylcholine,hind_leg,NA
leg_tactile,720575941569308974,LgLG1b,taste_bristle_gustatory_neuron,hind_leg_taste_bristle_gustatory_neuron,sensory,NA,right,glutamate,hind_leg,NA
leg_tactile,720575941534574979,SNta29,bristle_neuron,hind_leg_bristle_neuron,sensory,NA,right,acetylcholine,hind_leg,NA
leg_tactile,720575941352076848,SNta27,bristle_neuron,hind_leg_bristle_neuron,sensory,NA,right,acetylcholine,hind_leg,NA
leg_tactile,720575941562280872,LgLG1b,taste_bristle_gustatory_neuron,hind_leg_taste_bristle_gustatory_neuron,sensory,NA,right,acetylcholine,hind_leg,NA
leg_tactile,720575941563247506,LgLG2,taste_bristle_gustatory_neuron,hind_leg_taste_bristle_gustatory_neuron,sensory,NA,right,acetylcholine,hind_leg,NA
leg_tactile,720575941447837546,LgLG2,taste_bristle_gustatory_neuron,hind_leg_taste_bristle_gustatory_neuron,sensory,NA,right,acetylcholine,hind_leg,NA
leg_tactile,720575941527750989,SNta21,bristle_neuron,hind_leg_bristle_neuron,sensory,NA,right,acetylcholine,hind_leg,NA
leg_tactile,720575941514794499,SNch10,taste_bristle_tactile_neuron,hind_leg_taste_bristle_tactile_neuron,sensory,NA,right,acetylcholine,hind_leg,NA
leg_tactile,720575941535731032,LgLG1a,taste_bristle_gustatory_neuron,hind_leg_taste_bristle_gustatory_neuron,sensory,NA,right,acetylcholine,hind_leg,NA
leg_tactile,720575941482080454,SNch10,taste_bristle_tactile_neuron,hind_leg_taste_bristle_tactile_neuron,sensory,NA,right,acetylcholine,hind_leg,NA
leg_tactile,720575941687768182,SNta27,bristle_neuron,hind_leg_bristle_neuron,sensory,NA,right,acetylcholine,hind_leg,NA
leg_tactile,720575941545476796,SNta37,bristle_neuron,hind_leg_bristle_neuron,sensory,NA,right,acetylcholine,hind_leg,NA
leg_tactile,720575941503614258,SNta27,bristle_neuron,hind_leg_bristle_neuron,sensory,NA,right,acetylcholine,hind_leg,NA
leg_tactile,720575941505312677,SNch10,taste_bristle_tactile_neuron,hind_leg_taste_bristle_tactile_neuron,sensory,NA,right,acetylcholine,hind_leg,NA
leg_tactile,720575941623302396,SNta38,bristle_neuron,hind_leg_bristle_neuron,sensory,NA,right,acetylcholine,hind_leg,NA
leg_tactile,720575941568512250,SNta37,bristle_neuron,hind_leg_bristle_neuron,sensory,NA,right,acetylcholine,hind_leg,NA
leg_tactile,720575941547208124,LgLG1b,taste_bristle_gustatory_neuron,hind_leg_taste_bristle_gustatory_neuron,sensory,NA,right,acetylcholine,hind_leg,NA
leg_tactile,720575941577707353,SNch10,taste_bristle_tactile_neuron,hind_leg_taste_bristle_tactile_neuron,sensory,NA,right,acetylcholine,hind_leg,NA
leg_tactile,720575941440429247,SNta25,bristle_neuron,hind_leg_bristle_neuron,sensory,NA,right,acetylcholine,hind_leg,NA
leg_tactile,720575941588134724,SNch10,taste_bristle_tactile_neuron,hind_leg_taste_bristle_tactile_neuron,sensory,NA,right,acetylcholine,hind_leg,NA
leg_tactile,720575941518522990,SNta25,bristle_neuron,hind_leg_bristle_neuron,sensory,NA,right,acetylcholine,hind_leg,NA
leg_tactile,720575941403926128,SNta39,bristle_neuron,hind_leg_bristle_neuron,sensory,NA,right,acetylcholine,hind_leg,NA
leg_tactile,720575941518167768,SNta38,bristle_neuron,hind_leg_bristle_neuron,sensory,NA,right,acetylcholine,hind_leg,NA
leg_tactile,720575941560408621,SNta38,bristle_neuron,hind_leg_bristle_neuron,sensory,NA,right,acetylcholine,hind_leg,NA
leg_tactile,720575941563234194,SNta39,bristle_neuron,hind_leg_bristle_neuron,sensory,NA,right,acetylcholine,hind_leg,NA
leg_tactile,720575941394514326,LgLG4,taste_bristle_gustatory_neuron,hind_leg_taste_bristle_gustatory_neuron,sensory,NA,right,acetylcholine,hind_leg,NA
leg_tactile,720575941578190937,SNta29,bristle_neuron,hind_leg_bristle_neuron,sensory,NA,right,acetylcholine,hind_leg,NA
leg_tactile,720575941535725912,SNta20,bristle_neuron,hind_leg_bristle_neuron,sensory,NA,right,acetylcholine,hind_leg,NA
leg_tactile,720575941441880271,SNta44,bristle_neuron,hind_leg_bristle_neuron,sensory,NA,right,acetylcholine,hind_leg,NA
leg_tactile,720575941562193576,SNta28,bristle_neuron,hind_leg_bristle_neuron,sensory,NA,right,acetylcholine,hind_leg,NA
leg_tactile,720575941545613417,SNta44,bristle_neuron,hind_leg_bristle_neuron,sensory,NA,right,acetylcholine,hind_leg,NA
leg_tactile,720575941403893360,SNta44,bristle_neuron,hind_leg_bristle_neuron,sensory,NA,right,acetylcholine,hind_leg,NA
leg_tactile,720575941559563379,SNch10,taste_bristle_tactile_neuron,hind_leg_taste_bristle_tactile_neuron,sensory,NA,left,acetylcholine,hind_leg,NA
leg_tactile,720575941490715879,SNta23,bristle_neuron,middle_leg_bristle_neuron,sensory,NA,right,acetylcholine,middle_leg,NA
leg_tactile,720575941574374557,LgLG3,taste_bristle_gustatory_neuron,hind_leg_taste_bristle_gustatory_neuron,sensory,NA,left,glutamate,hind_leg,NA
leg_tactile,720575941545456233,SNta38,bristle_neuron,hind_leg_bristle_neuron,sensory,NA,left,acetylcholine,hind_leg,NA
leg_tactile,720575941603608310,SNta29,bristle_neuron,hind_leg_bristle_neuron,sensory,NA,left,acetylcholine,hind_leg,NA
leg_tactile,720575941573777309,SNta34,bristle_neuron,hind_leg_bristle_neuron,sensory,NA,right,acetylcholine,hind_leg,NA
leg_tactile,720575941470197623,SNta27,bristle_neuron,hind_leg_bristle_neuron,sensory,NA,right,acetylcholine,hind_leg,NA
leg_tactile,720575941661562936,SNta23,bristle_neuron,hind_leg_bristle_neuron,sensory,NA,right,acetylcholine,hind_leg,NA
leg_tactile,720575941472200715,LgLG1b,taste_bristle_gustatory_neuron,hind_leg_taste_bristle_gustatory_neuron,sensory,NA,right,glutamate,hind_leg,NA
leg_tactile,720575941606675565,SNta45,bristle_neuron,hind_leg_bristle_neuron,sensory,NA,right,acetylcholine,hind_leg,NA
leg_tactile,720575941430999649,SNta19,bristle_neuron,hind_leg_bristle_neuron,sensory,NA,right,acetylcholine,hind_leg,NA
leg_tactile,720575941451826042,SNta25,bristle_neuron,middle_leg_bristle_neuron,sensory,NA,left,acetylcholine,middle_leg,NA
leg_tactile,720575941594944113,SNta44,bristle_neuron,hind_leg_bristle_neuron,sensory,NA,right,acetylcholine,hind_leg,NA
leg_tactile,720575941450591866,SNta45,bristle_neuron,hind_leg_bristle_neuron,sensory,NA,right,acetylcholine,hind_leg,NA
leg_tactile,720575941723620154,SNta44,bristle_neuron,front_leg_bristle_neuron,sensory,NA,right,acetylcholine,front_leg,NA
leg_tactile,720575941457770480,SNta38,bristle_neuron,middle_leg_bristle_neuron,sensory,NA,left,acetylcholine,middle_leg,NA
leg_tactile,720575941639513631,SNta28,bristle_neuron,hind_leg_bristle_neuron,sensory,NA,left,acetylcholine,hind_leg,NA
leg_tactile,720575941658019920,SNta44,bristle_neuron,hind_leg_bristle_neuron,sensory,NA,left,acetylcholine,hind_leg,NA
leg_tactile,720575941413620628,SNta44,bristle_neuron,hind_leg_bristle_neuron,sensory,NA,left,acetylcholine,hind_leg,NA
leg_tactile,720575941689638156,SNta20,bristle_neuron,hind_leg_bristle_neuron,sensory,NA,left,acetylcholine,hind_leg,NA
leg_tactile,720575941589093431,SNta42,bristle_neuron,hind_leg_bristle_neuron,sensory,NA,left,acetylcholine,hind_leg,NA
leg_tactile,720575941458982726,SNta34,bristle_neuron,middle_leg_bristle_neuron,sensory,NA,left,acetylcholine,middle_leg,NA
leg_tactile,720575941408447535,SNta29,bristle_neuron,hind_leg_bristle_neuron,sensory,NA,left,acetylcholine,hind_leg,NA
leg_tactile,720575941565440658,SNta29,bristle_neuron,hind_leg_bristle_neuron,sensory,NA,left,acetylcholine,hind_leg,NA
leg_tactile,720575941596367141,SNta20,bristle_neuron,hind_leg_bristle_neuron,sensory,NA,left,acetylcholine,hind_leg,NA
leg_tactile,720575941452404275,SNta38,bristle_neuron,middle_leg_bristle_neuron,sensory,NA,right,acetylcholine,middle_leg,NA
leg_tactile,720575941415717404,SNta23,bristle_neuron,hind_leg_bristle_neuron,sensory,NA,left,acetylcholine,hind_leg,NA
leg_tactile,720575941497823616,LgLG1b,taste_bristle_gustatory_neuron,front_leg_taste_bristle_gustatory_neuron,sensory,NA,left,gaba,front_leg,NA
leg_tactile,720575941572564040,SNch10,taste_bristle_tactile_neuron,front_leg_taste_bristle_tactile_neuron,sensory,NA,left,acetylcholine,front_leg,NA
leg_tactile,720575941393356694,SNch10,taste_bristle_tactile_neuron,front_leg_taste_bristle_tactile_neuron,sensory,NA,left,acetylcholine,front_leg,NA
leg_tactile,720575941553446042,LgLG2,taste_bristle_gustatory_neuron,front_leg_taste_bristle_gustatory_neuron,sensory,NA,left,gaba,front_leg,NA
leg_tactile,720575941401735203,SNch10,taste_bristle_tactile_neuron,front_leg_taste_bristle_tactile_neuron,sensory,NA,left,acetylcholine,front_leg,NA
leg_tactile,720575941645268818,SNta20,bristle_neuron,hind_leg_bristle_neuron,sensory,NA,right,acetylcholine,hind_leg,NA
leg_tactile,720575941563654912,SNta27,bristle_neuron,hind_leg_bristle_neuron,sensory,NA,right,acetylcholine,hind_leg,NA
leg_tactile,720575941578932213,SNta38,bristle_neuron,hind_leg_bristle_neuron,sensory,NA,right,acetylcholine,hind_leg,NA
leg_tactile,720575941430247343,SNta43,bristle_neuron,hind_leg_bristle_neuron,sensory,NA,right,acetylcholine,hind_leg,NA
leg_tactile,720575941548992884,SNta34,bristle_neuron,hind_leg_bristle_neuron,sensory,NA,right,acetylcholine,hind_leg,NA
leg_tactile,720575941506010903,SNta28,bristle_neuron,hind_leg_bristle_neuron,sensory,NA,right,acetylcholine,hind_leg,NA
leg_tactile,720575941557375268,SNta32,bristle_neuron,hind_leg_bristle_neuron,sensory,NA,right,acetylcholine,hind_leg,NA
leg_tactile,720575941606778989,LgLG2,taste_bristle_gustatory_neuron,front_leg_taste_bristle_gustatory_neuron,sensory,NA,left,acetylcholine,front_leg,NA
leg_tactile,720575941560423469,SNch10,taste_bristle_tactile_neuron,hind_leg_taste_bristle_tactile_neuron,sensory,NA,left,acetylcholine,hind_leg,NA
leg_tactile,720575941455912176,SNta43,bristle_neuron,front_leg_bristle_neuron,sensory,NA,right,acetylcholine,front_leg,NA
leg_tactile,720575941461539984,SNta23,bristle_neuron,hind_leg_bristle_neuron,sensory,NA,left,acetylcholine,hind_leg,NA
leg_tactile,720575941485530509,SNxxxx,bristle_neuron,front_leg_bristle_neuron,sensory,NA,left,acetylcholine,front_leg,NA
leg_tactile,720575941522210551,SNxxxx,bristle_neuron,front_leg_bristle_neuron,sensory,NA,left,acetylcholine,front_leg,NA
leg_tactile,720575941519403374,SNch10,taste_bristle_tactile_neuron,front_leg_taste_bristle_tactile_neuron,sensory,NA,left,acetylcholine,front_leg,NA
leg_tactile,720575941470307959,SNta23,bristle_neuron,middle_leg_bristle_neuron,sensory,NA,left,acetylcholine,middle_leg,NA
leg_tactile,720575941627173177,SNxxxx,bristle_neuron,front_leg_bristle_neuron,sensory,NA,left,gaba,front_leg,NA
leg_tactile,720575941470807671,LgLG7,taste_bristle_gustatory_neuron,front_leg_taste_bristle_gustatory_neuron,sensory,NA,left,acetylcholine,front_leg,NA
leg_tactile,720575941461574544,SNch10,taste_bristle_tactile_neuron,front_leg_taste_bristle_tactile_neuron,sensory,NA,left,acetylcholine,front_leg,NA
leg_tactile,720575941552793479,LgLG2,taste_bristle_gustatory_neuron,front_leg_taste_bristle_gustatory_neuron,sensory,NA,left,acetylcholine,front_leg,NA
leg_tactile,720575941596141445,SNta40,bristle_neuron,front_leg_bristle_neuron,sensory,NA,left,acetylcholine,front_leg,NA
leg_tactile,720575941585593695,SNta21,bristle_neuron,front_leg_bristle_neuron,sensory,NA,left,acetylcholine,front_leg,NA
leg_tactile,720575941585029254,SNta28,bristle_neuron,front_leg_bristle_neuron,sensory,NA,left,acetylcholine,front_leg,NA
leg_tactile,720575941482748925,SNch10,taste_bristle_tactile_neuron,front_leg_taste_bristle_tactile_neuron,sensory,NA,left,acetylcholine,front_leg,NA
leg_tactile,720575941592464235,SNta45,bristle_neuron,hind_leg_bristle_neuron,sensory,NA,right,acetylcholine,hind_leg,NA
leg_tactile,720575941454576947,SNta29,bristle_neuron,front_leg_bristle_neuron,sensory,NA,left,acetylcholine,front_leg,NA
leg_tactile,720575941654155737,SNta43,bristle_neuron,hind_leg_bristle_neuron,sensory,NA,left,acetylcholine,hind_leg,NA
leg_tactile,720575941456335315,SNta43,bristle_neuron,hind_leg_bristle_neuron,sensory,NA,left,acetylcholine,hind_leg,NA
leg_tactile,720575941667504371,LgLG2,taste_bristle_gustatory_neuron,middle_leg_taste_bristle_gustatory_neuron,sensory,NA,left,acetylcholine,middle_leg,NA
leg_tactile,720575941526148633,SNta32,bristle_neuron,hind_leg_bristle_neuron,sensory,NA,left,gaba,hind_leg,NA
leg_tactile,720575941449737397,SNtaxx,bristle_neuron,hind_leg_bristle_neuron,sensory,NA,left,gaba,hind_leg,NA
leg_tactile,720575941553588122,SNta37,bristle_neuron,hind_leg_bristle_neuron,sensory,NA,left,acetylcholine,hind_leg,NA
leg_tactile,720575941431337687,LgLG1b,taste_bristle_gustatory_neuron,hind_leg_taste_bristle_gustatory_neuron,sensory,NA,right,glutamate,hind_leg,NA
leg_tactile,720575941586072030,SNta29,bristle_neuron,front_leg_bristle_neuron,sensory,NA,right,acetylcholine,front_leg,NA
leg_tactile,720575941455764717,SNta30,bristle_neuron,middle_leg_bristle_neuron,sensory,NA,left,acetylcholine,middle_leg,NA
leg_tactile,720575941663859256,SNta42,bristle_neuron,hind_leg_bristle_neuron,sensory,NA,left,acetylcholine,hind_leg,NA
leg_tactile,720575941552699015,SNta42,bristle_neuron,front_leg_bristle_neuron,sensory,NA,right,acetylcholine,front_leg,NA
leg_tactile,720575941644421832,SNta29,bristle_neuron,hind_leg_bristle_neuron,sensory,NA,left,acetylcholine,hind_leg,NA
leg_tactile,720575941531552229,SNta38,bristle_neuron,middle_leg_bristle_neuron,sensory,NA,left,acetylcholine,middle_leg,NA
leg_tactile,720575941644524389,LgLG3,taste_bristle_gustatory_neuron,middle_leg_taste_bristle_gustatory_neuron,sensory,NA,left,acetylcholine,middle_leg,NA
leg_tactile,720575941541443277,LgLG1a,taste_bristle_gustatory_neuron,middle_leg_taste_bristle_gustatory_neuron,sensory,NA,right,acetylcholine,middle_leg,NA
leg_tactile,720575941491762377,SNta20,bristle_neuron,hind_leg_bristle_neuron,sensory,NA,right,acetylcholine,hind_leg,NA
leg_tactile,720575941548069512,SNta27,bristle_neuron,hind_leg_bristle_neuron,sensory,NA,right,acetylcholine,hind_leg,NA
leg_tactile,720575941595541873,SNta27,bristle_neuron,hind_leg_bristle_neuron,sensory,NA,right,acetylcholine,hind_leg,NA
leg_tactile,720575941440626523,SNta29,bristle_neuron,front_leg_bristle_neuron,sensory,NA,left,acetylcholine,front_leg,NA
leg_tactile,720575941538080242,SNta38,bristle_neuron,front_leg_bristle_neuron,sensory,NA,left,acetylcholine,front_leg,NA
leg_tactile,720575941656106457,LgLG3,taste_bristle_gustatory_neuron,middle_leg_taste_bristle_gustatory_neuron,sensory,NA,right,acetylcholine,middle_leg,NA
leg_tactile,720575941662366520,SNta23,bristle_neuron,middle_leg_bristle_neuron,sensory,NA,left,acetylcholine,middle_leg,NA
leg_tactile,720575941439296597,SNta33,bristle_neuron,front_leg_bristle_neuron,sensory,NA,left,acetylcholine,front_leg,NA
leg_tactile,720575941565241495,SNta41,bristle_neuron,front_leg_bristle_neuron,sensory,NA,left,acetylcholine,front_leg,NA
leg_tactile,720575941510374098,SNta19,bristle_neuron,hind_leg_bristle_neuron,sensory,NA,left,acetylcholine,hind_leg,NA
leg_tactile,720575941474402875,SNta43,bristle_neuron,middle_leg_bristle_neuron,sensory,NA,left,acetylcholine,middle_leg,NA
leg_tactile,720575941460217920,SNta37,bristle_neuron,middle_leg_bristle_neuron,sensory,NA,left,acetylcholine,middle_leg,NA
leg_tactile,720575941529511352,SNta37,bristle_neuron,middle_leg_bristle_neuron,sensory,NA,left,acetylcholine,middle_leg,NA
leg_tactile,720575941616709077,SNta19,bristle_neuron,middle_leg_bristle_neuron,sensory,NA,left,acetylcholine,middle_leg,NA
leg_tactile,720575941460232256,SNta37,bristle_neuron,middle_leg_bristle_neuron,sensory,NA,left,acetylcholine,middle_leg,NA
leg_tactile,720575941573554952,SNta27,bristle_neuron,middle_leg_bristle_neuron,sensory,NA,left,acetylcholine,middle_leg,NA
leg_tactile,720575941574606749,SNta37,bristle_neuron,middle_leg_bristle_neuron,sensory,NA,left,acetylcholine,middle_leg,NA
leg_tactile,720575941472846176,SNta37,bristle_neuron,middle_leg_bristle_neuron,sensory,NA,left,acetylcholine,middle_leg,NA
leg_tactile,720575941458166175,SNta19,bristle_neuron,middle_leg_bristle_neuron,sensory,NA,left,acetylcholine,middle_leg,NA
leg_tactile,720575941460410688,LgLG7,taste_bristle_gustatory_neuron,front_leg_taste_bristle_gustatory_neuron,sensory,NA,right,acetylcholine,front_leg,NA
leg_tactile,720575941460572480,LgLG7,taste_bristle_gustatory_neuron,front_leg_taste_bristle_gustatory_neuron,sensory,NA,right,acetylcholine,front_leg,NA
leg_tactile,720575941503584194,SNta35,bristle_neuron,middle_leg_bristle_neuron,sensory,NA,left,acetylcholine,middle_leg,NA
leg_tactile,720575941535946945,SNta32,bristle_neuron,middle_leg_bristle_neuron,sensory,NA,left,acetylcholine,middle_leg,NA
leg_tactile,720575941548977213,SNta35,bristle_neuron,middle_leg_bristle_neuron,sensory,NA,left,acetylcholine,middle_leg,NA
leg_tactile,720575941460740672,SNta35,bristle_neuron,middle_leg_bristle_neuron,sensory,NA,left,acetylcholine,middle_leg,NA
leg_tactile,720575941460740928,SNta35,bristle_neuron,middle_leg_bristle_neuron,sensory,NA,left,acetylcholine,middle_leg,NA
leg_tactile,720575941544483101,SNta35,bristle_neuron,middle_leg_bristle_neuron,sensory,NA,left,acetylcholine,middle_leg,NA
leg_tactile,720575941523156043,SNta37,bristle_neuron,middle_leg_bristle_neuron,sensory,NA,left,acetylcholine,middle_leg,NA
leg_tactile,720575941476060465,SNxxxx,bristle_neuron,front_leg_bristle_neuron,sensory,NA,right,acetylcholine,front_leg,NA
leg_tactile,720575941507325986,SNta37,bristle_neuron,hind_leg_bristle_neuron,sensory,NA,right,acetylcholine,hind_leg,NA
leg_tactile,720575941461206541,SNta21,bristle_neuron,hind_leg_bristle_neuron,sensory,NA,right,gaba,hind_leg,NA
leg_tactile,720575941462454580,SNta25,bristle_neuron,middle_leg_bristle_neuron,sensory,NA,left,acetylcholine,middle_leg,NA
leg_tactile,720575941462527540,SNta25,bristle_neuron,middle_leg_bristle_neuron,sensory,NA,left,acetylcholine,middle_leg,NA
leg_tactile,720575941547703913,SNta21,bristle_neuron,middle_leg_bristle_neuron,sensory,NA,left,acetylcholine,middle_leg,NA
leg_tactile,720575941462542388,SNta38,bristle_neuron,middle_leg_bristle_neuron,sensory,NA,left,acetylcholine,middle_leg,NA
leg_tactile,720575941428854868,SNta21,bristle_neuron,middle_leg_bristle_neuron,sensory,NA,left,acetylcholine,middle_leg,NA
leg_tactile,720575941481985955,SNta21,bristle_neuron,middle_leg_bristle_neuron,sensory,NA,left,acetylcholine,middle_leg,NA
leg_tactile,720575941515756691,SNta38,bristle_neuron,middle_leg_bristle_neuron,sensory,NA,left,acetylcholine,middle_leg,NA
leg_tactile,720575941510305234,SNta45,bristle_neuron,middle_leg_bristle_neuron,sensory,NA,left,acetylcholine,middle_leg,NA
leg_tactile,720575941584950150,SNta45,bristle_neuron,middle_leg_bristle_neuron,sensory,NA,left,acetylcholine,middle_leg,NA
leg_tactile,720575941585757830,SNta25,bristle_neuron,hind_leg_bristle_neuron,sensory,NA,left,acetylcholine,hind_leg,NA
leg_tactile,720575941462980916,SNta45,bristle_neuron,middle_leg_bristle_neuron,sensory,NA,left,acetylcholine,middle_leg,NA
leg_tactile,720575941554641747,SNta38,bristle_neuron,middle_leg_bristle_neuron,sensory,NA,left,acetylcholine,middle_leg,NA
leg_tactile,720575941463289664,LgLG2,taste_bristle_gustatory_neuron,middle_leg_taste_bristle_gustatory_neuron,sensory,NA,left,acetylcholine,middle_leg,NA
leg_tactile,720575941464186454,SNta41,bristle_neuron,front_leg_bristle_neuron,sensory,NA,left,acetylcholine,front_leg,NA
leg_tactile,720575941482827005,SNta37,bristle_neuron,middle_leg_bristle_neuron,sensory,NA,left,acetylcholine,middle_leg,NA
leg_tactile,720575941464336692,SNta38,bristle_neuron,middle_leg_bristle_neuron,sensory,NA,left,acetylcholine,middle_leg,NA
leg_tactile,720575941501002123,SNta38,bristle_neuron,middle_leg_bristle_neuron,sensory,NA,left,acetylcholine,middle_leg,NA
leg_tactile,720575941545463401,SNta23,bristle_neuron,middle_leg_bristle_neuron,sensory,NA,left,acetylcholine,middle_leg,NA
leg_tactile,720575941537386762,LgLG3,taste_bristle_gustatory_neuron,middle_leg_taste_bristle_gustatory_neuron,sensory,NA,left,acetylcholine,middle_leg,NA
leg_tactile,720575941478207025,SNta21,bristle_neuron,middle_leg_bristle_neuron,sensory,NA,left,acetylcholine,middle_leg,NA
leg_tactile,720575941432221143,SNta37,bristle_neuron,hind_leg_bristle_neuron,sensory,NA,right,acetylcholine,hind_leg,NA
leg_tactile,720575941479377120,SNta23,bristle_neuron,middle_leg_bristle_neuron,sensory,NA,left,acetylcholine,middle_leg,NA
leg_tactile,720575941490355404,SNta34,bristle_neuron,middle_leg_bristle_neuron,sensory,NA,left,acetylcholine,middle_leg,NA
leg_tactile,720575941731695915,SNta22,bristle_neuron,middle_leg_bristle_neuron,sensory,NA,left,acetylcholine,middle_leg,NA
leg_tactile,720575941568945652,SNta42,bristle_neuron,middle_leg_bristle_neuron,sensory,NA,left,acetylcholine,middle_leg,NA
leg_tactile,720575941690745051,SNta42,bristle_neuron,middle_leg_bristle_neuron,sensory,NA,right,acetylcholine,middle_leg,NA
leg_tactile,720575941472835936,SNta42,bristle_neuron,middle_leg_bristle_neuron,sensory,NA,left,acetylcholine,middle_leg,NA
leg_tactile,720575941512823505,SNta42,bristle_neuron,middle_leg_bristle_neuron,sensory,NA,left,acetylcholine,middle_leg,NA
leg_tactile,720575941514722563,SNta31,bristle_neuron,middle_leg_bristle_neuron,sensory,NA,left,acetylcholine,middle_leg,NA
leg_tactile,720575941545551036,SNta21,bristle_neuron,middle_leg_bristle_neuron,sensory,NA,left,acetylcholine,middle_leg,NA
leg_tactile,720575941427396692,SNta27,bristle_neuron,hind_leg_bristle_neuron,sensory,NA,left,acetylcholine,hind_leg,NA
leg_tactile,720575941632280224,SNta38,bristle_neuron,hind_leg_bristle_neuron,sensory,NA,left,acetylcholine,hind_leg,NA
leg_tactile,720575941467345204,SNta21,bristle_neuron,middle_leg_bristle_neuron,sensory,NA,left,acetylcholine,middle_leg,NA
leg_tactile,720575941451073146,SNta21,bristle_neuron,middle_leg_bristle_neuron,sensory,NA,left,acetylcholine,middle_leg,NA
leg_tactile,720575941644013176,LgLG2,taste_bristle_gustatory_neuron,front_leg_taste_bristle_gustatory_neuron,sensory,NA,right,acetylcholine,front_leg,NA
leg_tactile,720575941440411839,SNta42,bristle_neuron,middle_leg_bristle_neuron,sensory,NA,right,acetylcholine,middle_leg,NA
leg_tactile,720575941576757391,LgLG1a,taste_bristle_gustatory_neuron,hind_leg_taste_bristle_gustatory_neuron,sensory,NA,right,glutamate,hind_leg,NA
leg_tactile,720575941560404595,SNta35,bristle_neuron,middle_leg_bristle_neuron,sensory,NA,left,acetylcholine,middle_leg,NA
leg_tactile,720575941606658413,SNta44,bristle_neuron,hind_leg_bristle_neuron,sensory,NA,right,acetylcholine,hind_leg,NA
leg_tactile,720575941643194213,SNta25,bristle_neuron,middle_leg_bristle_neuron,sensory,NA,right,acetylcholine,middle_leg,NA
leg_tactile,720575941541895965,SNta37,bristle_neuron,hind_leg_bristle_neuron,sensory,NA,right,acetylcholine,hind_leg,NA
leg_tactile,720575941658291224,SNta37,bristle_neuron,hind_leg_bristle_neuron,sensory,NA,right,acetylcholine,hind_leg,NA
leg_tactile,720575941631106284,LgLG2,taste_bristle_gustatory_neuron,hind_leg_taste_bristle_gustatory_neuron,sensory,NA,right,acetylcholine,hind_leg,NA
leg_tactile,720575941479957923,SNta32,bristle_neuron,hind_leg_bristle_neuron,sensory,NA,right,acetylcholine,hind_leg,NA
leg_tactile,720575941415677468,SNta41,bristle_neuron,front_leg_bristle_neuron,sensory,NA,right,acetylcholine,front_leg,NA
leg_tactile,720575941430245039,SNta31,bristle_neuron,hind_leg_bristle_neuron,sensory,NA,right,acetylcholine,hind_leg,NA
leg_tactile,720575941470429504,SNta37,bristle_neuron,hind_leg_bristle_neuron,sensory,NA,left,acetylcholine,hind_leg,NA
leg_tactile,720575941470430016,SNta29,bristle_neuron,front_leg_bristle_neuron,sensory,NA,right,acetylcholine,front_leg,NA
leg_tactile,720575941542087004,LgLG2,taste_bristle_gustatory_neuron,middle_leg_taste_bristle_gustatory_neuron,sensory,NA,left,acetylcholine,middle_leg,NA
leg_tactile,720575941470988842,SNta25,bristle_neuron,middle_leg_bristle_neuron,sensory,NA,right,acetylcholine,middle_leg,NA
leg_tactile,720575941473770538,SNta43,bristle_neuron,middle_leg_bristle_neuron,sensory,NA,right,acetylcholine,middle_leg,NA
leg_tactile,720575941471656490,SNta35,bristle_neuron,middle_leg_bristle_neuron,sensory,NA,right,acetylcholine,middle_leg,NA
leg_tactile,720575941471734570,SNta35,bristle_neuron,middle_leg_bristle_neuron,sensory,NA,right,acetylcholine,middle_leg,NA
leg_tactile,720575941472378427,SNta29,bristle_neuron,hind_leg_bristle_neuron,sensory,NA,right,acetylcholine,hind_leg,NA
leg_tactile,720575941505288101,SNta24,bristle_neuron,front_leg_bristle_neuron,sensory,NA,left,acetylcholine,front_leg,NA
leg_tactile,720575941515844755,SNta19,bristle_neuron,front_leg_bristle_neuron,sensory,NA,left,acetylcholine,front_leg,NA
leg_tactile,720575941439208210,SNta33,bristle_neuron,front_leg_bristle_neuron,sensory,NA,right,acetylcholine,front_leg,NA
leg_tactile,720575941507886405,SNta42,bristle_neuron,hind_leg_bristle_neuron,sensory,NA,right,acetylcholine,hind_leg,NA
leg_tactile,720575941458097567,LgLG3,taste_bristle_gustatory_neuron,middle_leg_taste_bristle_gustatory_neuron,sensory,NA,left,acetylcholine,middle_leg,NA
leg_tactile,720575941460662980,SNta44,bristle_neuron,front_leg_bristle_neuron,sensory,NA,left,acetylcholine,front_leg,NA
leg_tactile,720575941436034958,LgLG3,taste_bristle_gustatory_neuron,middle_leg_taste_bristle_gustatory_neuron,sensory,NA,left,acetylcholine,middle_leg,NA
leg_tactile,720575941452449961,LgLG3,taste_bristle_gustatory_neuron,hind_leg_taste_bristle_gustatory_neuron,sensory,NA,left,acetylcholine,hind_leg,NA
leg_tactile,720575941658121296,SNta30,bristle_neuron,front_leg_bristle_neuron,sensory,NA,right,acetylcholine,front_leg,NA
leg_tactile,720575941638982773,LgLG7,taste_bristle_gustatory_neuron,front_leg_taste_bristle_gustatory_neuron,sensory,NA,right,acetylcholine,front_leg,NA
leg_tactile,720575941515129593,SNta29,bristle_neuron,hind_leg_bristle_neuron,sensory,NA,right,acetylcholine,hind_leg,NA
leg_tactile,720575941475899242,LgLG1a,taste_bristle_gustatory_neuron,middle_leg_taste_bristle_gustatory_neuron,sensory,NA,right,acetylcholine,middle_leg,NA
leg_tactile,720575941680222653,SNta36,bristle_neuron,hind_leg_bristle_neuron,sensory,NA,left,acetylcholine,hind_leg,NA
leg_tactile,720575941625189228,SNta39,bristle_neuron,hind_leg_bristle_neuron,sensory,NA,left,acetylcholine,hind_leg,NA
leg_tactile,720575941519699372,SNta33,bristle_neuron,front_leg_bristle_neuron,sensory,NA,right,acetylcholine,front_leg,NA
leg_tactile,720575941477895843,LgLG2,taste_bristle_gustatory_neuron,hind_leg_taste_bristle_gustatory_neuron,sensory,NA,right,acetylcholine,hind_leg,NA
leg_tactile,720575941587238622,SNta20,bristle_neuron,middle_leg_bristle_neuron,sensory,NA,right,acetylcholine,middle_leg,NA
leg_tactile,720575941604607734,LgLG1a,taste_bristle_gustatory_neuron,middle_leg_taste_bristle_gustatory_neuron,sensory,NA,left,glutamate,middle_leg,NA
leg_tactile,720575941639650335,SNta39,bristle_neuron,hind_leg_bristle_neuron,sensory,NA,left,acetylcholine,hind_leg,NA
leg_tactile,720575941523297099,SNta37,bristle_neuron,hind_leg_bristle_neuron,sensory,NA,left,acetylcholine,hind_leg,NA
leg_tactile,720575941478257827,SNta45,bristle_neuron,middle_leg_bristle_neuron,sensory,NA,right,acetylcholine,middle_leg,NA
leg_tactile,720575941478404687,LgLG7,taste_bristle_gustatory_neuron,front_leg_taste_bristle_gustatory_neuron,sensory,NA,right,acetylcholine,front_leg,NA
leg_tactile,720575941559067151,SNta45,bristle_neuron,front_leg_bristle_neuron,sensory,NA,left,acetylcholine,front_leg,NA
leg_tactile,720575941641754655,SNta24,bristle_neuron,front_leg_bristle_neuron,sensory,NA,left,acetylcholine,front_leg,NA
leg_tactile,720575941689857688,SNta38,bristle_neuron,hind_leg_bristle_neuron,sensory,NA,right,acetylcholine,hind_leg,NA
leg_tactile,720575941561203438,LgLG1b,taste_bristle_gustatory_neuron,hind_leg_taste_bristle_gustatory_neuron,sensory,NA,right,acetylcholine,hind_leg,NA
leg_tactile,720575941439449941,SNta37,bristle_neuron,hind_leg_bristle_neuron,sensory,NA,right,acetylcholine,hind_leg,NA
leg_tactile,720575941478969568,LgLG3,taste_bristle_gustatory_neuron,hind_leg_taste_bristle_gustatory_neuron,sensory,NA,left,glutamate,hind_leg,NA
leg_tactile,720575941554308762,SNta28,bristle_neuron,middle_leg_bristle_neuron,sensory,NA,left,acetylcholine,middle_leg,NA
leg_tactile,720575941597696645,SNta26,bristle_neuron,middle_leg_bristle_neuron,sensory,NA,left,acetylcholine,middle_leg,NA
leg_tactile,720575941520127411,SNta29,bristle_neuron,hind_leg_bristle_neuron,sensory,NA,right,acetylcholine,hind_leg,NA
leg_tactile,720575941606087870,SNta21,bristle_neuron,hind_leg_bristle_neuron,sensory,NA,left,acetylcholine,hind_leg,NA
leg_tactile,720575941579788121,SNta21,bristle_neuron,hind_leg_bristle_neuron,sensory,NA,left,acetylcholine,hind_leg,NA
leg_tactile,720575941523172171,LgLG3,taste_bristle_gustatory_neuron,hind_leg_taste_bristle_gustatory_neuron,sensory,NA,left,acetylcholine,hind_leg,NA
leg_tactile,720575941646541768,SNta21,bristle_neuron,hind_leg_bristle_neuron,sensory,NA,left,acetylcholine,hind_leg,NA
leg_tactile,720575941440317887,SNta29,bristle_neuron,front_leg_bristle_neuron,sensory,NA,right,acetylcholine,front_leg,NA
leg_tactile,720575941535660314,SNta41,bristle_neuron,front_leg_bristle_neuron,sensory,NA,right,acetylcholine,front_leg,NA
leg_tactile,720575941594013654,SNta29,bristle_neuron,front_leg_bristle_neuron,sensory,NA,right,acetylcholine,front_leg,NA
leg_tactile,720575941430295032,SNta38,bristle_neuron,hind_leg_bristle_neuron,sensory,NA,right,acetylcholine,hind_leg,NA
leg_tactile,720575941466639126,SNta31,bristle_neuron,front_leg_bristle_neuron,sensory,NA,right,acetylcholine,front_leg,NA
leg_tactile,720575941497075328,SNta44,bristle_neuron,front_leg_bristle_neuron,sensory,NA,right,acetylcholine,front_leg,NA
leg_tactile,720575941451132238,SNta42,bristle_neuron,hind_leg_bristle_neuron,sensory,NA,right,acetylcholine,hind_leg,NA
leg_tactile,720575941526696292,SNta39,bristle_neuron,hind_leg_bristle_neuron,sensory,NA,right,acetylcholine,hind_leg,NA
leg_tactile,720575941559552371,SNta32,bristle_neuron,hind_leg_bristle_neuron,sensory,NA,right,acetylcholine,hind_leg,NA
leg_tactile,720575941528064132,SNch10,taste_bristle_tactile_neuron,hind_leg_taste_bristle_tactile_neuron,sensory,NA,right,acetylcholine,hind_leg,NA
leg_tactile,720575941548951613,SNta38,bristle_neuron,hind_leg_bristle_neuron,sensory,NA,right,acetylcholine,hind_leg,NA
leg_tactile,720575941476491323,LgLG1b,taste_bristle_gustatory_neuron,hind_leg_taste_bristle_gustatory_neuron,sensory,NA,right,glutamate,hind_leg,NA
leg_tactile,720575941505718722,LgLG1a,taste_bristle_gustatory_neuron,hind_leg_taste_bristle_gustatory_neuron,sensory,NA,right,acetylcholine,hind_leg,NA
leg_tactile,720575941687688566,SNch10,taste_bristle_tactile_neuron,hind_leg_taste_bristle_tactile_neuron,sensory,NA,right,acetylcholine,hind_leg,NA
leg_tactile,720575941495187655,LgLG1b,taste_bristle_gustatory_neuron,hind_leg_taste_bristle_gustatory_neuron,sensory,NA,right,glutamate,hind_leg,NA
leg_tactile,720575941613455635,SNta45,bristle_neuron,hind_leg_bristle_neuron,sensory,NA,right,acetylcholine,hind_leg,NA
leg_tactile,720575941638432117,SNta43,bristle_neuron,hind_leg_bristle_neuron,sensory,NA,right,acetylcholine,hind_leg,NA
leg_tactile,720575941585496030,SNta37,bristle_neuron,hind_leg_bristle_neuron,sensory,NA,right,acetylcholine,hind_leg,NA
leg_tactile,720575941501180811,SNta32,bristle_neuron,hind_leg_bristle_neuron,sensory,NA,right,acetylcholine,hind_leg,NA
leg_tactile,720575941517163610,LgLG1b,taste_bristle_gustatory_neuron,hind_leg_taste_bristle_gustatory_neuron,sensory,NA,right,acetylcholine,hind_leg,NA
leg_tactile,720575941575166902,LgLG2,taste_bristle_gustatory_neuron,hind_leg_taste_bristle_gustatory_neuron,sensory,NA,right,acetylcholine,hind_leg,NA
leg_tactile,720575941559499123,SNta39,bristle_neuron,hind_leg_bristle_neuron,sensory,NA,right,acetylcholine,hind_leg,NA
leg_tactile,720575941458925126,SNta29,bristle_neuron,hind_leg_bristle_neuron,sensory,NA,right,acetylcholine,hind_leg,NA
leg_tactile,720575941575778664,SNta37,bristle_neuron,hind_leg_bristle_neuron,sensory,NA,right,acetylcholine,hind_leg,NA
leg_tactile,720575941536717544,LgLG4,taste_bristle_gustatory_neuron,hind_leg_taste_bristle_gustatory_neuron,sensory,NA,right,glutamate,hind_leg,NA
leg_tactile,720575941451810119,SNta37,bristle_neuron,hind_leg_bristle_neuron,sensory,NA,right,acetylcholine,hind_leg,NA
leg_tactile,720575941704151258,SNta32,bristle_neuron,hind_leg_bristle_neuron,sensory,NA,right,acetylcholine,hind_leg,NA
leg_tactile,720575941591868456,SNta38,bristle_neuron,hind_leg_bristle_neuron,sensory,NA,right,acetylcholine,hind_leg,NA
leg_tactile,720575941668978865,SNta37,bristle_neuron,hind_leg_bristle_neuron,sensory,NA,right,acetylcholine,hind_leg,NA
leg_tactile,720575941580753785,SNch10,taste_bristle_tactile_neuron,hind_leg_taste_bristle_tactile_neuron,sensory,NA,right,acetylcholine,hind_leg,NA
leg_tactile,720575941400947747,SNta43,bristle_neuron,hind_leg_bristle_neuron,sensory,NA,right,acetylcholine,hind_leg,NA
leg_tactile,720575941625046218,SNch10,taste_bristle_tactile_neuron,hind_leg_taste_bristle_tactile_neuron,sensory,NA,right,acetylcholine,hind_leg,NA
leg_tactile,720575941485450893,SNch10,taste_bristle_tactile_neuron,hind_leg_taste_bristle_tactile_neuron,sensory,NA,right,acetylcholine,hind_leg,NA
leg_tactile,720575941392711684,SNta23,bristle_neuron,hind_leg_bristle_neuron,sensory,NA,right,acetylcholine,hind_leg,NA
leg_tactile,720575941554534739,SNta43,bristle_neuron,hind_leg_bristle_neuron,sensory,NA,right,acetylcholine,hind_leg,NA
leg_tactile,720575941597743296,SNta43,bristle_neuron,hind_leg_bristle_neuron,sensory,NA,right,acetylcholine,hind_leg,NA
leg_tactile,720575941667522291,SNtaxx,bristle_neuron,hind_leg_bristle_neuron,sensory,NA,right,acetylcholine,hind_leg,NA
leg_tactile,720575941594311463,SNta43,bristle_neuron,hind_leg_bristle_neuron,sensory,NA,right,acetylcholine,hind_leg,NA
leg_tactile,720575941534221546,SNta42,bristle_neuron,hind_leg_bristle_neuron,sensory,NA,right,acetylcholine,hind_leg,NA
leg_tactile,720575941589951486,SNta32,bristle_neuron,hind_leg_bristle_neuron,sensory,NA,right,acetylcholine,hind_leg,NA
leg_tactile,720575941722194746,SNta20,bristle_neuron,hind_leg_bristle_neuron,sensory,NA,right,acetylcholine,hind_leg,NA
leg_tactile,720575941585035398,SNtaxx,bristle_neuron,hind_leg_bristle_neuron,sensory,NA,right,acetylcholine,hind_leg,NA
leg_tactile,720575941523208011,SNta42,bristle_neuron,hind_leg_bristle_neuron,sensory,NA,right,acetylcholine,hind_leg,NA
leg_tactile,720575941413651092,SNta42,bristle_neuron,hind_leg_bristle_neuron,sensory,NA,right,acetylcholine,hind_leg,NA
leg_tactile,720575941632085445,SNta42,bristle_neuron,hind_leg_bristle_neuron,sensory,NA,right,acetylcholine,hind_leg,NA
leg_tactile,720575941595963606,SNta20,bristle_neuron,hind_leg_bristle_neuron,sensory,NA,right,acetylcholine,hind_leg,NA
leg_tactile,720575941515112185,LgLG1b,taste_bristle_gustatory_neuron,hind_leg_taste_bristle_gustatory_neuron,sensory,NA,right,acetylcholine,hind_leg,NA
leg_tactile,720575941656138969,LgLG1b,taste_bristle_gustatory_neuron,hind_leg_taste_bristle_gustatory_neuron,sensory,NA,right,acetylcholine,hind_leg,NA
leg_tactile,720575941532572035,SNta44,bristle_neuron,hind_leg_bristle_neuron,sensory,NA,right,acetylcholine,hind_leg,NA
leg_tactile,720575941550629921,SNta20,bristle_neuron,hind_leg_bristle_neuron,sensory,NA,right,acetylcholine,hind_leg,NA
leg_tactile,720575941480093163,SNta45,bristle_neuron,hind_leg_bristle_neuron,sensory,NA,right,acetylcholine,hind_leg,NA
leg_tactile,720575941586727814,LgLG3,taste_bristle_gustatory_neuron,hind_leg_taste_bristle_gustatory_neuron,sensory,NA,right,acetylcholine,hind_leg,NA
leg_tactile,720575941505888933,LgLG3,taste_bristle_gustatory_neuron,hind_leg_taste_bristle_gustatory_neuron,sensory,NA,right,acetylcholine,hind_leg,NA
leg_tactile,720575941506998693,LgLG3,taste_bristle_gustatory_neuron,hind_leg_taste_bristle_gustatory_neuron,sensory,NA,right,acetylcholine,hind_leg,NA
leg_tactile,720575941610452457,SNta39,bristle_neuron,hind_leg_bristle_neuron,sensory,NA,right,acetylcholine,hind_leg,NA
leg_tactile,720575941490808295,SNta27,bristle_neuron,hind_leg_bristle_neuron,sensory,NA,right,acetylcholine,hind_leg,NA
leg_tactile,720575941606821229,SNta30,bristle_neuron,hind_leg_bristle_neuron,sensory,NA,right,acetylcholine,hind_leg,NA
leg_tactile,720575941545562044,SNta37,bristle_neuron,hind_leg_bristle_neuron,sensory,NA,right,acetylcholine,hind_leg,NA
leg_tactile,720575941520248499,SNta45,bristle_neuron,hind_leg_bristle_neuron,sensory,NA,right,acetylcholine,hind_leg,NA
leg_tactile,720575941402625059,LgLG1b,taste_bristle_gustatory_neuron,hind_leg_taste_bristle_gustatory_neuron,sensory,NA,right,glutamate,hind_leg,NA
leg_tactile,720575941551012351,SNta37,bristle_neuron,hind_leg_bristle_neuron,sensory,NA,right,acetylcholine,hind_leg,NA
leg_tactile,720575941413300881,SNta39,bristle_neuron,hind_leg_bristle_neuron,sensory,NA,right,acetylcholine,hind_leg,NA
leg_tactile,720575941492377776,SNta27,bristle_neuron,hind_leg_bristle_neuron,sensory,NA,right,acetylcholine,hind_leg,NA
leg_tactile,720575941568513274,SNta19,bristle_neuron,hind_leg_bristle_neuron,sensory,NA,right,acetylcholine,hind_leg,NA
leg_tactile,720575941563652096,SNta39,bristle_neuron,hind_leg_bristle_neuron,sensory,NA,right,acetylcholine,hind_leg,NA
leg_tactile,720575941632137888,SNta19,bristle_neuron,hind_leg_bristle_neuron,sensory,NA,right,acetylcholine,hind_leg,NA
leg_tactile,720575941581672313,SNta37,bristle_neuron,hind_leg_bristle_neuron,sensory,NA,right,acetylcholine,hind_leg,NA
leg_tactile,720575941668286707,SNta39,bristle_neuron,hind_leg_bristle_neuron,sensory,NA,right,acetylcholine,hind_leg,NA
leg_tactile,720575941411775343,SNta44,bristle_neuron,hind_leg_bristle_neuron,sensory,NA,right,acetylcholine,hind_leg,NA
leg_tactile,720575941554608723,SNta42,bristle_neuron,hind_leg_bristle_neuron,sensory,NA,right,acetylcholine,hind_leg,NA
leg_tactile,720575941563251090,SNta19,bristle_neuron,hind_leg_bristle_neuron,sensory,NA,right,acetylcholine,hind_leg,NA
leg_tactile,720575941680262333,SNta39,bristle_neuron,hind_leg_bristle_neuron,sensory,NA,right,acetylcholine,hind_leg,NA
leg_tactile,720575941722955322,SNta43,bristle_neuron,hind_leg_bristle_neuron,sensory,NA,right,acetylcholine,hind_leg,NA
leg_tactile,720575941652769041,SNta38,bristle_neuron,hind_leg_bristle_neuron,sensory,NA,left,acetylcholine,hind_leg,NA
leg_tactile,720575941514277955,SNta43,bristle_neuron,hind_leg_bristle_neuron,sensory,NA,right,acetylcholine,hind_leg,NA
leg_tactile,720575941534053298,SNta32,bristle_neuron,hind_leg_bristle_neuron,sensory,NA,right,acetylcholine,hind_leg,NA
leg_tactile,720575941668867761,SNta43,bristle_neuron,hind_leg_bristle_neuron,sensory,NA,right,acetylcholine,hind_leg,NA
leg_tactile,720575941564200455,SNta26,bristle_neuron,hind_leg_bristle_neuron,sensory,NA,right,acetylcholine,hind_leg,NA
leg_tactile,720575941626586826,LgLG1b,taste_bristle_gustatory_neuron,hind_leg_taste_bristle_gustatory_neuron,sensory,NA,right,glutamate,hind_leg,NA
leg_tactile,720575941449053277,LgLG2,taste_bristle_gustatory_neuron,hind_leg_taste_bristle_gustatory_neuron,sensory,NA,right,acetylcholine,hind_leg,NA
leg_tactile,720575941466551830,SNta29,bristle_neuron,hind_leg_bristle_neuron,sensory,NA,right,NA,hind_leg,NA
leg_tactile,720575941440857807,SNta28,bristle_neuron,hind_leg_bristle_neuron,sensory,NA,right,acetylcholine,hind_leg,NA
leg_tactile,720575941491443401,SNta20,bristle_neuron,hind_leg_bristle_neuron,sensory,NA,right,acetylcholine,hind_leg,NA
leg_tactile,720575941509501200,SNta28,bristle_neuron,hind_leg_bristle_neuron,sensory,NA,right,acetylcholine,hind_leg,NA
leg_tactile,720575941426821204,SNta28,bristle_neuron,hind_leg_bristle_neuron,sensory,NA,right,acetylcholine,hind_leg,NA
leg_tactile,720575941502873995,SNta20,bristle_neuron,hind_leg_bristle_neuron,sensory,NA,right,acetylcholine,hind_leg,NA
leg_tactile,720575941545568700,SNta20,bristle_neuron,hind_leg_bristle_neuron,sensory,NA,right,acetylcholine,hind_leg,NA
leg_tactile,720575941485398669,SNta38,bristle_neuron,hind_leg_bristle_neuron,sensory,NA,right,acetylcholine,hind_leg,NA
leg_tactile,720575941662629500,SNta38,bristle_neuron,hind_leg_bristle_neuron,sensory,NA,right,acetylcholine,hind_leg,NA
leg_tactile,720575941525853698,SNta39,bristle_neuron,hind_leg_bristle_neuron,sensory,NA,right,acetylcholine,hind_leg,NA
leg_tactile,720575941482723514,SNta37,bristle_neuron,hind_leg_bristle_neuron,sensory,NA,right,acetylcholine,hind_leg,NA
leg_tactile,720575941502839383,SNta27,bristle_neuron,hind_leg_bristle_neuron,sensory,NA,right,acetylcholine,hind_leg,NA
leg_tactile,720575941541987357,SNta39,bristle_neuron,hind_leg_bristle_neuron,sensory,NA,right,acetylcholine,hind_leg,NA
leg_tactile,720575941577571176,SNta21,bristle_neuron,hind_leg_bristle_neuron,sensory,NA,right,gaba,hind_leg,NA
leg_tactile,720575941661422392,SNta38,bristle_neuron,hind_leg_bristle_neuron,sensory,NA,right,acetylcholine,hind_leg,NA
leg_tactile,720575941520248243,SNta37,bristle_neuron,hind_leg_bristle_neuron,sensory,NA,right,acetylcholine,hind_leg,NA
leg_tactile,720575941495193287,SNta37,bristle_neuron,hind_leg_bristle_neuron,sensory,NA,right,acetylcholine,hind_leg,NA
leg_tactile,720575941526927270,SNta37,bristle_neuron,hind_leg_bristle_neuron,sensory,NA,right,acetylcholine,hind_leg,NA
leg_tactile,720575941644144229,SNta21,bristle_neuron,hind_leg_bristle_neuron,sensory,NA,right,acetylcholine,hind_leg,NA
leg_tactile,720575941447043604,SNta27,bristle_neuron,hind_leg_bristle_neuron,sensory,NA,right,acetylcholine,hind_leg,NA
leg_tactile,720575941687684214,SNta27,bristle_neuron,hind_leg_bristle_neuron,sensory,NA,right,acetylcholine,hind_leg,NA
leg_tactile,720575941548978292,SNta27,bristle_neuron,hind_leg_bristle_neuron,sensory,NA,right,acetylcholine,hind_leg,NA
leg_tactile,720575941482847485,LgLG2,taste_bristle_gustatory_neuron,hind_leg_taste_bristle_gustatory_neuron,sensory,NA,right,acetylcholine,hind_leg,NA
leg_tactile,720575941573702664,SNta26,bristle_neuron,hind_leg_bristle_neuron,sensory,NA,right,acetylcholine,hind_leg,NA
leg_tactile,720575941415271060,SNta20,bristle_neuron,hind_leg_bristle_neuron,sensory,NA,right,acetylcholine,hind_leg,NA
leg_tactile,720575941501171851,SNta29,bristle_neuron,hind_leg_bristle_neuron,sensory,NA,right,acetylcholine,hind_leg,NA
leg_tactile,720575941497960521,SNta26,bristle_neuron,hind_leg_bristle_neuron,sensory,NA,right,acetylcholine,hind_leg,NA
leg_tactile,720575941485538701,SNta29,bristle_neuron,hind_leg_bristle_neuron,sensory,NA,right,acetylcholine,hind_leg,NA
leg_tactile,720575941485540237,SNta29,bristle_neuron,hind_leg_bristle_neuron,sensory,NA,right,acetylcholine,hind_leg,NA
leg_tactile,720575941501207179,LgLG1b,taste_bristle_gustatory_neuron,hind_leg_taste_bristle_gustatory_neuron,sensory,NA,right,acetylcholine,hind_leg,NA
leg_tactile,720575941480157675,LgLG2,taste_bristle_gustatory_neuron,hind_leg_taste_bristle_gustatory_neuron,sensory,NA,right,acetylcholine,hind_leg,NA
leg_tactile,720575941515126777,LgLG1b,taste_bristle_gustatory_neuron,hind_leg_taste_bristle_gustatory_neuron,sensory,NA,right,glutamate,hind_leg,NA
leg_tactile,720575941556210689,SNta21,bristle_neuron,hind_leg_bristle_neuron,sensory,NA,right,acetylcholine,hind_leg,NA
leg_tactile,720575941595860517,SNta21,bristle_neuron,hind_leg_bristle_neuron,sensory,NA,right,acetylcholine,hind_leg,NA
leg_tactile,720575941654712276,SNta29,bristle_neuron,hind_leg_bristle_neuron,sensory,NA,right,acetylcholine,hind_leg,NA
leg_tactile,720575941644145509,SNta21,bristle_neuron,hind_leg_bristle_neuron,sensory,NA,right,acetylcholine,hind_leg,NA
leg_tactile,720575941576125071,LgLG1a,taste_bristle_gustatory_neuron,hind_leg_taste_bristle_gustatory_neuron,sensory,NA,right,acetylcholine,hind_leg,NA
leg_tactile,720575941553625242,SNta37,bristle_neuron,hind_leg_bristle_neuron,sensory,NA,right,acetylcholine,hind_leg,NA
leg_tactile,720575941432247054,SNta37,bristle_neuron,hind_leg_bristle_neuron,sensory,NA,right,acetylcholine,hind_leg,NA
leg_tactile,720575941567185710,SNta37,bristle_neuron,hind_leg_bristle_neuron,sensory,NA,right,acetylcholine,hind_leg,NA
leg_tactile,720575941662622588,SNta45,bristle_neuron,hind_leg_bristle_neuron,sensory,NA,right,acetylcholine,hind_leg,NA
leg_tactile,720575941476268574,SNta30,bristle_neuron,hind_leg_bristle_neuron,sensory,NA,right,acetylcholine,hind_leg,NA
leg_tactile,720575941520242099,SNta37,bristle_neuron,hind_leg_bristle_neuron,sensory,NA,right,acetylcholine,hind_leg,NA
leg_tactile,720575941439295829,SNta37,bristle_neuron,hind_leg_bristle_neuron,sensory,NA,right,acetylcholine,hind_leg,NA
leg_tactile,720575941542001437,SNta25,bristle_neuron,hind_leg_bristle_neuron,sensory,NA,right,acetylcholine,hind_leg,NA
leg_tactile,720575941494144382,SNta44,bristle_neuron,hind_leg_bristle_neuron,sensory,NA,right,acetylcholine,hind_leg,NA
leg_tactile,720575941585202015,LgLG1a,taste_bristle_gustatory_neuron,hind_leg_taste_bristle_gustatory_neuron,sensory,NA,right,acetylcholine,hind_leg,NA
leg_tactile,720575941481899855,LgLG3,taste_bristle_gustatory_neuron,hind_leg_taste_bristle_gustatory_neuron,sensory,NA,right,glutamate,hind_leg,NA
leg_tactile,720575941480171755,SNta29,bristle_neuron,hind_leg_bristle_neuron,sensory,NA,right,acetylcholine,hind_leg,NA
leg_tactile,720575941450770781,LgLG1b,taste_bristle_gustatory_neuron,hind_leg_taste_bristle_gustatory_neuron,sensory,NA,right,acetylcholine,hind_leg,NA
leg_tactile,720575941482752765,SNta26,bristle_neuron,hind_leg_bristle_neuron,sensory,NA,right,acetylcholine,hind_leg,NA
leg_tactile,720575941625272202,SNta29,bristle_neuron,hind_leg_bristle_neuron,sensory,NA,right,acetylcholine,hind_leg,NA
leg_tactile,720575941575504393,LgLG1b,taste_bristle_gustatory_neuron,hind_leg_taste_bristle_gustatory_neuron,sensory,NA,right,glutamate,hind_leg,NA
leg_tactile,720575941502717931,SNta26,bristle_neuron,hind_leg_bristle_neuron,sensory,NA,right,acetylcholine,hind_leg,NA
leg_tactile,720575941539343229,LgLG2,taste_bristle_gustatory_neuron,hind_leg_taste_bristle_gustatory_neuron,sensory,NA,right,acetylcholine,hind_leg,NA
leg_tactile,720575941480175595,SNta28,bristle_neuron,hind_leg_bristle_neuron,sensory,NA,right,acetylcholine,hind_leg,NA
leg_tactile,720575941473842218,SNta39,bristle_neuron,hind_leg_bristle_neuron,sensory,NA,right,acetylcholine,hind_leg,NA
leg_tactile,720575941483775686,LgLG1a,taste_bristle_gustatory_neuron,hind_leg_taste_bristle_gustatory_neuron,sensory,NA,right,acetylcholine,hind_leg,NA
leg_tactile,720575941602923705,SNta38,bristle_neuron,hind_leg_bristle_neuron,sensory,NA,right,acetylcholine,hind_leg,NA
leg_tactile,720575941632907717,SNta43,bristle_neuron,hind_leg_bristle_neuron,sensory,NA,right,acetylcholine,hind_leg,NA
leg_tactile,720575941473852458,SNtaxx,bristle_neuron,hind_leg_bristle_neuron,sensory,NA,right,acetylcholine,hind_leg,NA
leg_tactile,720575941477624938,SNta42,bristle_neuron,hind_leg_bristle_neuron,sensory,NA,right,acetylcholine,hind_leg,NA
leg_tactile,720575941439548639,SNta44,bristle_neuron,hind_leg_bristle_neuron,sensory,NA,right,acetylcholine,hind_leg,NA
leg_tactile,720575941479381472,SNta32,bristle_neuron,hind_leg_bristle_neuron,sensory,NA,right,acetylcholine,hind_leg,NA
leg_tactile,720575941498155081,SNta36,bristle_neuron,hind_leg_bristle_neuron,sensory,NA,right,acetylcholine,hind_leg,NA
leg_tactile,720575941632693435,SNta37,bristle_neuron,hind_leg_bristle_neuron,sensory,NA,right,acetylcholine,hind_leg,NA
leg_tactile,720575941551729214,SNta37,bristle_neuron,hind_leg_bristle_neuron,sensory,NA,right,acetylcholine,hind_leg,NA
leg_tactile,720575941522291959,SNta39,bristle_neuron,hind_leg_bristle_neuron,sensory,NA,right,acetylcholine,hind_leg,NA
leg_tactile,720575941480226357,SNta38,bristle_neuron,hind_leg_bristle_neuron,sensory,NA,left,acetylcholine,hind_leg,NA
leg_tactile,720575941503149451,SNta21,bristle_neuron,hind_leg_bristle_neuron,sensory,NA,left,gaba,hind_leg,NA
leg_tactile,720575941480372934,LgLG1a,taste_bristle_gustatory_neuron,middle_leg_taste_bristle_gustatory_neuron,sensory,NA,left,acetylcholine,middle_leg,NA
leg_tactile,720575941528061316,SNta43,bristle_neuron,front_leg_bristle_neuron,sensory,NA,right,acetylcholine,front_leg,NA
leg_tactile,720575941643980664,SNta21,bristle_neuron,hind_leg_bristle_neuron,sensory,NA,left,acetylcholine,hind_leg,NA
leg_tactile,720575941663119484,LgLG4,taste_bristle_gustatory_neuron,hind_leg_taste_bristle_gustatory_neuron,sensory,NA,left,acetylcholine,hind_leg,NA
leg_tactile,720575941536224434,LgLG1b,taste_bristle_gustatory_neuron,front_leg_taste_bristle_gustatory_neuron,sensory,NA,right,gaba,front_leg,NA
leg_tactile,720575941470783095,SNta38,bristle_neuron,hind_leg_bristle_neuron,sensory,NA,left,acetylcholine,hind_leg,NA
leg_tactile,720575941625913994,SNta37,bristle_neuron,hind_leg_bristle_neuron,sensory,NA,right,acetylcholine,hind_leg,NA
leg_tactile,720575941604994233,SNta21,bristle_neuron,middle_leg_bristle_neuron,sensory,NA,right,acetylcholine,middle_leg,NA
leg_tactile,720575941643680594,SNta38,bristle_neuron,hind_leg_bristle_neuron,sensory,NA,left,acetylcholine,hind_leg,NA
leg_tactile,720575941534127338,SNta36,bristle_neuron,hind_leg_bristle_neuron,sensory,NA,left,acetylcholine,hind_leg,NA
leg_tactile,720575941499385250,LgLG2,taste_bristle_gustatory_neuron,hind_leg_taste_bristle_gustatory_neuron,sensory,NA,right,acetylcholine,hind_leg,NA
leg_tactile,720575941482768381,SNta21,bristle_neuron,hind_leg_bristle_neuron,sensory,NA,left,acetylcholine,hind_leg,NA
leg_tactile,720575941506309701,SNta38,bristle_neuron,hind_leg_bristle_neuron,sensory,NA,left,acetylcholine,hind_leg,NA
leg_tactile,720575941451805255,SNta37,bristle_neuron,hind_leg_bristle_neuron,sensory,NA,right,acetylcholine,hind_leg,NA
leg_tactile,720575941577513305,SNta28,bristle_neuron,middle_leg_bristle_neuron,sensory,NA,left,acetylcholine,middle_leg,NA
leg_tactile,720575941456665069,SNta43,bristle_neuron,hind_leg_bristle_neuron,sensory,NA,right,acetylcholine,hind_leg,NA
leg_tactile,720575941534121194,SNta32,bristle_neuron,hind_leg_bristle_neuron,sensory,NA,right,acetylcholine,hind_leg,NA
leg_tactile,720575941481128445,SNta31,bristle_neuron,middle_leg_bristle_neuron,sensory,NA,right,acetylcholine,middle_leg,NA
leg_tactile,720575941481166266,SNta37,bristle_neuron,hind_leg_bristle_neuron,sensory,NA,right,acetylcholine,hind_leg,NA
leg_tactile,720575941499637410,SNta44,bristle_neuron,front_leg_bristle_neuron,sensory,NA,right,acetylcholine,front_leg,NA
leg_tactile,720575941573315323,SNta34,bristle_neuron,hind_leg_bristle_neuron,sensory,NA,right,acetylcholine,hind_leg,NA
leg_tactile,720575941507325218,SNta20,bristle_neuron,middle_leg_bristle_neuron,sensory,NA,left,acetylcholine,middle_leg,NA
leg_tactile,720575941459588934,SNta34,bristle_neuron,front_leg_bristle_neuron,sensory,NA,right,acetylcholine,front_leg,NA
leg_tactile,720575941494130046,SNta42,bristle_neuron,front_leg_bristle_neuron,sensory,NA,right,acetylcholine,front_leg,NA
leg_tactile,720575941574183419,SNta20,bristle_neuron,middle_leg_bristle_neuron,sensory,NA,left,acetylcholine,middle_leg,NA
leg_tactile,720575941680228541,SNta30,bristle_neuron,front_leg_bristle_neuron,sensory,NA,right,acetylcholine,front_leg,NA
leg_tactile,720575941545558972,LgLG1b,taste_bristle_gustatory_neuron,front_leg_taste_bristle_gustatory_neuron,sensory,NA,right,acetylcholine,front_leg,NA
leg_tactile,720575941611260006,SNxxxx,bristle_neuron,front_leg_bristle_neuron,sensory,NA,right,acetylcholine,front_leg,NA
leg_tactile,720575941498133577,SNta43,bristle_neuron,front_leg_bristle_neuron,sensory,NA,right,acetylcholine,front_leg,NA
leg_tactile,720575941564254562,SNtaxx,bristle_neuron,front_leg_bristle_neuron,sensory,NA,right,acetylcholine,front_leg,NA
leg_tactile,720575941556457636,LgLG7,taste_bristle_gustatory_neuron,front_leg_taste_bristle_gustatory_neuron,sensory,NA,right,acetylcholine,front_leg,NA
leg_tactile,720575941539505101,LgLG7,taste_bristle_gustatory_neuron,front_leg_taste_bristle_gustatory_neuron,sensory,NA,right,acetylcholine,front_leg,NA
leg_tactile,720575941543857157,LgLG4,taste_bristle_gustatory_neuron,front_leg_taste_bristle_gustatory_neuron,sensory,NA,right,acetylcholine,front_leg,NA
leg_tactile,720575941430992993,SNch10,taste_bristle_tactile_neuron,hind_leg_taste_bristle_tactile_neuron,sensory,NA,right,acetylcholine,hind_leg,NA
leg_tactile,720575941483904066,SNta38,bristle_neuron,middle_leg_bristle_neuron,sensory,NA,right,acetylcholine,middle_leg,NA
leg_tactile,720575941545463657,LgLG4,taste_bristle_gustatory_neuron,middle_leg_taste_bristle_gustatory_neuron,sensory,NA,right,acetylcholine,middle_leg,NA
leg_tactile,720575941484334598,SNta35,bristle_neuron,middle_leg_bristle_neuron,sensory,NA,right,acetylcholine,middle_leg,NA
leg_tactile,720575941595613317,SNta35,bristle_neuron,middle_leg_bristle_neuron,sensory,NA,left,acetylcholine,middle_leg,NA
leg_tactile,720575941458985286,LgLG2,taste_bristle_gustatory_neuron,middle_leg_taste_bristle_gustatory_neuron,sensory,NA,left,acetylcholine,middle_leg,NA
leg_tactile,720575941485007938,LgLG3,taste_bristle_gustatory_neuron,middle_leg_taste_bristle_gustatory_neuron,sensory,NA,left,gaba,middle_leg,NA
leg_tactile,720575941551731518,SNta20,bristle_neuron,middle_leg_bristle_neuron,sensory,NA,right,acetylcholine,middle_leg,NA
leg_tactile,720575941485089421,SNta20,bristle_neuron,middle_leg_bristle_neuron,sensory,NA,left,acetylcholine,middle_leg,NA
leg_tactile,720575941627441209,SNta42,bristle_neuron,middle_leg_bristle_neuron,sensory,NA,left,acetylcholine,middle_leg,NA
leg_tactile,720575941434573710,LgLG2,taste_bristle_gustatory_neuron,hind_leg_taste_bristle_gustatory_neuron,sensory,NA,left,acetylcholine,hind_leg,NA
leg_tactile,720575941643997048,SNta35,bristle_neuron,front_leg_bristle_neuron,sensory,NA,left,acetylcholine,front_leg,NA
leg_tactile,720575941470967104,SNta35,bristle_neuron,middle_leg_bristle_neuron,sensory,NA,left,acetylcholine,middle_leg,NA
leg_tactile,720575941522244855,SNta42,bristle_neuron,front_leg_bristle_neuron,sensory,NA,left,acetylcholine,front_leg,NA
leg_tactile,720575941568807156,SNta28,bristle_neuron,hind_leg_bristle_neuron,sensory,NA,right,acetylcholine,hind_leg,NA
leg_tactile,720575941477600106,SNta37,bristle_neuron,middle_leg_bristle_neuron,sensory,NA,left,acetylcholine,middle_leg,NA
leg_tactile,720575941407560239,SNta23,bristle_neuron,hind_leg_bristle_neuron,sensory,NA,right,acetylcholine,hind_leg,NA
leg_tactile,720575941526376962,SNta23,bristle_neuron,hind_leg_bristle_neuron,sensory,NA,left,acetylcholine,hind_leg,NA
leg_tactile,720575941488605390,SNta20,bristle_neuron,middle_leg_bristle_neuron,sensory,NA,right,acetylcholine,middle_leg,NA
leg_tactile,720575941565227574,SNta30,bristle_neuron,front_leg_bristle_neuron,sensory,NA,right,acetylcholine,front_leg,NA
leg_tactile,720575941430095352,SNta44,bristle_neuron,front_leg_bristle_neuron,sensory,NA,left,acetylcholine,front_leg,NA
leg_tactile,720575941487859718,SNta21,bristle_neuron,middle_leg_bristle_neuron,sensory,NA,left,acetylcholine,middle_leg,NA
leg_tactile,720575941623313660,SNta29,bristle_neuron,hind_leg_bristle_neuron,sensory,NA,left,acetylcholine,hind_leg,NA
leg_tactile,720575941489402316,SNta44,bristle_neuron,hind_leg_bristle_neuron,sensory,NA,left,acetylcholine,hind_leg,NA
leg_tactile,720575941575193782,SNta45,bristle_neuron,middle_leg_bristle_neuron,sensory,NA,left,acetylcholine,middle_leg,NA
leg_tactile,720575941489694914,LgLG3,taste_bristle_gustatory_neuron,front_leg_taste_bristle_gustatory_neuron,sensory,NA,left,acetylcholine,front_leg,NA
leg_tactile,720575941489742018,SNta24,bristle_neuron,front_leg_bristle_neuron,sensory,NA,left,acetylcholine,front_leg,NA
leg_tactile,720575941489760962,SNta24,bristle_neuron,front_leg_bristle_neuron,sensory,NA,left,acetylcholine,front_leg,NA
leg_tactile,720575941489801422,SNta29,bristle_neuron,hind_leg_bristle_neuron,sensory,NA,left,acetylcholine,hind_leg,NA
leg_tactile,720575941654155225,SNta25,bristle_neuron,middle_leg_bristle_neuron,sensory,NA,left,acetylcholine,middle_leg,NA
leg_tactile,720575941440260543,SNta45,bristle_neuron,middle_leg_bristle_neuron,sensory,NA,left,acetylcholine,middle_leg,NA
leg_tactile,720575941393202326,SNta20,bristle_neuron,hind_leg_bristle_neuron,sensory,NA,left,acetylcholine,hind_leg,NA
leg_tactile,720575941668962993,SNta31,bristle_neuron,hind_leg_bristle_neuron,sensory,NA,left,acetylcholine,hind_leg,NA
leg_tactile,720575941546243177,SNta20,bristle_neuron,hind_leg_bristle_neuron,sensory,NA,left,acetylcholine,hind_leg,NA
leg_tactile,720575941689844443,SNta34,bristle_neuron,hind_leg_bristle_neuron,sensory,NA,left,acetylcholine,hind_leg,NA
leg_tactile,720575941668911281,SNta42,bristle_neuron,hind_leg_bristle_neuron,sensory,NA,left,acetylcholine,hind_leg,NA
leg_tactile,720575941470966592,SNta34,bristle_neuron,hind_leg_bristle_neuron,sensory,NA,left,acetylcholine,hind_leg,NA
leg_tactile,720575941632048837,SNta34,bristle_neuron,hind_leg_bristle_neuron,sensory,NA,left,acetylcholine,hind_leg,NA
leg_tactile,720575941490807728,SNta44,bristle_neuron,middle_leg_bristle_neuron,sensory,NA,left,acetylcholine,middle_leg,NA
leg_tactile,720575941594047190,SNtaxx,bristle_neuron,hind_leg_bristle_neuron,sensory,NA,left,acetylcholine,hind_leg,NA
leg_tactile,720575941549171572,SNta34,bristle_neuron,hind_leg_bristle_neuron,sensory,NA,left,acetylcholine,hind_leg,NA
leg_tactile,720575941440998863,SNta34,bristle_neuron,hind_leg_bristle_neuron,sensory,NA,left,acetylcholine,hind_leg,NA
leg_tactile,720575941446081962,SNta24,bristle_neuron,front_leg_bristle_neuron,sensory,NA,left,gaba,front_leg,NA
leg_tactile,720575941562262184,SNta37,bristle_neuron,hind_leg_bristle_neuron,sensory,NA,left,acetylcholine,hind_leg,NA
leg_tactile,720575941563198610,SNta34,bristle_neuron,hind_leg_bristle_neuron,sensory,NA,left,acetylcholine,hind_leg,NA
leg_tactile,720575941449041501,SNxxxx,bristle_neuron,front_leg_bristle_neuron,sensory,NA,left,acetylcholine,front_leg,NA
leg_tactile,720575941573610654,SNta24,bristle_neuron,front_leg_bristle_neuron,sensory,NA,left,gaba,front_leg,NA
leg_tactile,720575941492695746,SNta43,bristle_neuron,front_leg_bristle_neuron,sensory,NA,left,acetylcholine,front_leg,NA
leg_tactile,720575941548424481,SNta24,bristle_neuron,front_leg_bristle_neuron,sensory,NA,left,acetylcholine,front_leg,NA
leg_tactile,720575941642544741,SNta37,bristle_neuron,front_leg_bristle_neuron,sensory,NA,left,acetylcholine,front_leg,NA
leg_tactile,720575941539365581,SNta37,bristle_neuron,front_leg_bristle_neuron,sensory,NA,left,acetylcholine,front_leg,NA
leg_tactile,720575941548374708,SNta19,bristle_neuron,front_leg_bristle_neuron,sensory,NA,left,acetylcholine,front_leg,NA
leg_tactile,720575941461334928,SNta19,bristle_neuron,front_leg_bristle_neuron,sensory,NA,left,acetylcholine,front_leg,NA
leg_tactile,720575941611164006,LgLG3,taste_bristle_gustatory_neuron,front_leg_taste_bristle_gustatory_neuron,sensory,NA,left,acetylcholine,front_leg,NA
leg_tactile,720575941415571228,LgLG7,taste_bristle_gustatory_neuron,front_leg_taste_bristle_gustatory_neuron,sensory,NA,left,acetylcholine,front_leg,NA
leg_tactile,720575941493257154,LgLG1b,taste_bristle_gustatory_neuron,front_leg_taste_bristle_gustatory_neuron,sensory,NA,left,acetylcholine,front_leg,NA
leg_tactile,720575941595561093,LgLG7,taste_bristle_gustatory_neuron,front_leg_taste_bristle_gustatory_neuron,sensory,NA,left,acetylcholine,front_leg,NA
leg_tactile,720575941605242870,SNta20,bristle_neuron,hind_leg_bristle_neuron,sensory,NA,right,acetylcholine,hind_leg,NA
leg_tactile,720575941493399490,LgLG3,taste_bristle_gustatory_neuron,front_leg_taste_bristle_gustatory_neuron,sensory,NA,left,acetylcholine,front_leg,NA
leg_tactile,720575941493409986,LgLG1b,taste_bristle_gustatory_neuron,front_leg_taste_bristle_gustatory_neuron,sensory,NA,left,glutamate,front_leg,NA
leg_tactile,720575941548491297,LgLG1b,taste_bristle_gustatory_neuron,front_leg_taste_bristle_gustatory_neuron,sensory,NA,left,acetylcholine,front_leg,NA
leg_tactile,720575941493433538,LgLG3,taste_bristle_gustatory_neuron,front_leg_taste_bristle_gustatory_neuron,sensory,NA,left,acetylcholine,front_leg,NA
leg_tactile,720575941573563144,LgLG3,taste_bristle_gustatory_neuron,front_leg_taste_bristle_gustatory_neuron,sensory,NA,left,acetylcholine,front_leg,NA
leg_tactile,720575941460227795,SNta44,bristle_neuron,hind_leg_bristle_neuron,sensory,NA,right,acetylcholine,hind_leg,NA
leg_tactile,720575941493476290,LgLG3,taste_bristle_gustatory_neuron,front_leg_taste_bristle_gustatory_neuron,sensory,NA,left,acetylcholine,front_leg,NA
leg_tactile,720575941493514946,LgLG3,taste_bristle_gustatory_neuron,front_leg_taste_bristle_gustatory_neuron,sensory,NA,left,acetylcholine,front_leg,NA
leg_tactile,720575941612525020,SNta30,bristle_neuron,front_leg_bristle_neuron,sensory,NA,left,acetylcholine,front_leg,NA
leg_tactile,720575941575708168,SNta43,bristle_neuron,front_leg_bristle_neuron,sensory,NA,left,acetylcholine,front_leg,NA
leg_tactile,720575941493622727,SNta37,bristle_neuron,middle_leg_bristle_neuron,sensory,NA,right,acetylcholine,middle_leg,NA
leg_tactile,720575941493712254,SNta42,bristle_neuron,front_leg_bristle_neuron,sensory,NA,right,acetylcholine,front_leg,NA
leg_tactile,720575941494026628,LgLG3,taste_bristle_gustatory_neuron,front_leg_taste_bristle_gustatory_neuron,sensory,NA,left,gaba,front_leg,NA
leg_tactile,720575941461532816,SNta45,bristle_neuron,front_leg_bristle_neuron,sensory,NA,left,acetylcholine,front_leg,NA
leg_tactile,720575941482831869,SNta45,bristle_neuron,front_leg_bristle_neuron,sensory,NA,left,acetylcholine,front_leg,NA
leg_tactile,720575941594312999,SNta19,bristle_neuron,front_leg_bristle_neuron,sensory,NA,left,acetylcholine,front_leg,NA
leg_tactile,720575941470313847,SNxxxx,bristle_neuron,front_leg_bristle_neuron,sensory,NA,left,acetylcholine,front_leg,NA
leg_tactile,720575941625200236,SNta37,bristle_neuron,hind_leg_bristle_neuron,sensory,NA,left,acetylcholine,hind_leg,NA
leg_tactile,720575941597734592,SNta24,bristle_neuron,front_leg_bristle_neuron,sensory,NA,left,acetylcholine,front_leg,NA
leg_tactile,720575941625229564,SNta24,bristle_neuron,front_leg_bristle_neuron,sensory,NA,left,acetylcholine,front_leg,NA
leg_tactile,720575941484695994,SNta24,bristle_neuron,front_leg_bristle_neuron,sensory,NA,left,acetylcholine,front_leg,NA
leg_tactile,720575941559689508,LgLG3,taste_bristle_gustatory_neuron,front_leg_taste_bristle_gustatory_neuron,sensory,NA,left,acetylcholine,front_leg,NA
leg_tactile,720575941494794439,SNta29,bristle_neuron,front_leg_bristle_neuron,sensory,NA,left,acetylcholine,front_leg,NA
leg_tactile,720575941430114552,SNta45,bristle_neuron,middle_leg_bristle_neuron,sensory,NA,left,acetylcholine,middle_leg,NA
leg_tactile,720575941627950905,SNta33,bristle_neuron,front_leg_bristle_neuron,sensory,NA,left,acetylcholine,front_leg,NA
leg_tactile,720575941495388800,LgLG1b,taste_bristle_gustatory_neuron,hind_leg_taste_bristle_gustatory_neuron,sensory,NA,right,glutamate,hind_leg,NA
leg_tactile,720575941549066045,SNta29,bristle_neuron,front_leg_bristle_neuron,sensory,NA,left,acetylcholine,front_leg,NA
leg_tactile,720575941496089988,SNta35,bristle_neuron,front_leg_bristle_neuron,sensory,NA,left,acetylcholine,front_leg,NA
leg_tactile,720575941643096146,SNta42,bristle_neuron,front_leg_bristle_neuron,sensory,NA,left,acetylcholine,front_leg,NA
leg_tactile,720575941606662509,SNxxxx,bristle_neuron,front_leg_bristle_neuron,sensory,NA,left,acetylcholine,front_leg,NA
leg_tactile,720575941562290600,SNta42,bristle_neuron,front_leg_bristle_neuron,sensory,NA,left,acetylcholine,front_leg,NA
leg_tactile,720575941496093060,SNta41,bristle_neuron,front_leg_bristle_neuron,sensory,NA,left,acetylcholine,front_leg,NA
leg_tactile,720575941437511954,SNta41,bristle_neuron,front_leg_bristle_neuron,sensory,NA,left,acetylcholine,front_leg,NA
leg_tactile,720575941476624961,SNta41,bristle_neuron,front_leg_bristle_neuron,sensory,NA,left,acetylcholine,front_leg,NA
leg_tactile,720575941667394291,SNta41,bristle_neuron,front_leg_bristle_neuron,sensory,NA,left,acetylcholine,front_leg,NA
leg_tactile,720575941496094596,SNta41,bristle_neuron,front_leg_bristle_neuron,sensory,NA,left,acetylcholine,front_leg,NA
leg_tactile,720575941632020677,SNta41,bristle_neuron,front_leg_bristle_neuron,sensory,NA,left,acetylcholine,front_leg,NA
leg_tactile,720575941534033586,SNta41,bristle_neuron,front_leg_bristle_neuron,sensory,NA,left,acetylcholine,front_leg,NA
leg_tactile,720575941457521389,LgLG1b,taste_bristle_gustatory_neuron,hind_leg_taste_bristle_gustatory_neuron,sensory,NA,right,acetylcholine,hind_leg,NA
leg_tactile,720575941492298416,SNta29,bristle_neuron,hind_leg_bristle_neuron,sensory,NA,right,acetylcholine,hind_leg,NA
leg_tactile,720575941449640885,SNta45,bristle_neuron,middle_leg_bristle_neuron,sensory,NA,left,acetylcholine,middle_leg,NA
leg_tactile,720575941496878203,LgLG3,taste_bristle_gustatory_neuron,hind_leg_taste_bristle_gustatory_neuron,sensory,NA,left,acetylcholine,hind_leg,NA
leg_tactile,720575941392327428,SNta30,bristle_neuron,middle_leg_bristle_neuron,sensory,NA,left,acetylcholine,middle_leg,NA
leg_tactile,720575941541470044,SNta20,bristle_neuron,middle_leg_bristle_neuron,sensory,NA,right,acetylcholine,middle_leg,NA
leg_tactile,720575941497394505,LgLG4,taste_bristle_gustatory_neuron,front_leg_taste_bristle_gustatory_neuron,sensory,NA,left,glutamate,front_leg,NA
leg_tactile,720575941497641185,SNta29,bristle_neuron,hind_leg_bristle_neuron,sensory,NA,left,acetylcholine,hind_leg,NA
leg_tactile,720575941597169541,SNta21,bristle_neuron,middle_leg_bristle_neuron,sensory,NA,right,acetylcholine,middle_leg,NA
leg_tactile,720575941520107955,SNta39,bristle_neuron,hind_leg_bristle_neuron,sensory,NA,left,acetylcholine,hind_leg,NA
leg_tactile,720575941497863300,SNta24,bristle_neuron,front_leg_bristle_neuron,sensory,NA,left,gaba,front_leg,NA
leg_tactile,720575941436047758,LgLG2,taste_bristle_gustatory_neuron,middle_leg_taste_bristle_gustatory_neuron,sensory,NA,left,glutamate,middle_leg,NA
leg_tactile,720575941630120418,SNta31,bristle_neuron,middle_leg_bristle_neuron,sensory,NA,left,acetylcholine,middle_leg,NA
leg_tactile,720575941489821641,SNta31,bristle_neuron,middle_leg_bristle_neuron,sensory,NA,left,acetylcholine,middle_leg,NA
leg_tactile,720575941528062084,SNta23,bristle_neuron,middle_leg_bristle_neuron,sensory,NA,left,acetylcholine,middle_leg,NA
leg_tactile,720575941506017815,SNta35,bristle_neuron,middle_leg_bristle_neuron,sensory,NA,left,acetylcholine,middle_leg,NA
leg_tactile,720575941438662111,SNxxxx,bristle_neuron,front_leg_bristle_neuron,sensory,NA,left,acetylcholine,front_leg,NA
leg_tactile,720575941498210948,SNta30,bristle_neuron,front_leg_bristle_neuron,sensory,NA,left,acetylcholine,front_leg,NA
leg_tactile,720575941490228686,SNxxxx,bristle_neuron,front_leg_bristle_neuron,sensory,NA,left,acetylcholine,front_leg,NA
leg_tactile,720575941449030237,SNta45,bristle_neuron,front_leg_bristle_neuron,sensory,NA,left,acetylcholine,front_leg,NA
leg_tactile,720575941452277673,SNta29,bristle_neuron,front_leg_bristle_neuron,sensory,NA,right,acetylcholine,front_leg,NA
leg_tactile,720575941498403716,SNta45,bristle_neuron,front_leg_bristle_neuron,sensory,NA,left,acetylcholine,front_leg,NA
leg_tactile,720575941618422485,SNxxxx,bristle_neuron,front_leg_bristle_neuron,sensory,NA,left,acetylcholine,front_leg,NA
leg_tactile,720575941509737601,SNta24,bristle_neuron,front_leg_bristle_neuron,sensory,NA,left,acetylcholine,front_leg,NA
leg_tactile,720575941479552642,SNta44,bristle_neuron,middle_leg_bristle_neuron,sensory,NA,left,acetylcholine,middle_leg,NA
leg_tactile,720575941616572885,SNta24,bristle_neuron,front_leg_bristle_neuron,sensory,NA,left,acetylcholine,front_leg,NA
leg_tactile,720575941582911097,SNta37,bristle_neuron,front_leg_bristle_neuron,sensory,NA,left,acetylcholine,front_leg,NA
leg_tactile,720575941526953894,SNta24,bristle_neuron,front_leg_bristle_neuron,sensory,NA,left,acetylcholine,front_leg,NA
leg_tactile,720575941507383902,SNta24,bristle_neuron,front_leg_bristle_neuron,sensory,NA,left,acetylcholine,front_leg,NA
leg_tactile,720575941654706388,SNta23,bristle_neuron,middle_leg_bristle_neuron,sensory,NA,left,acetylcholine,middle_leg,NA
leg_tactile,720575941498997251,LgLG3,taste_bristle_gustatory_neuron,front_leg_taste_bristle_gustatory_neuron,sensory,NA,left,acetylcholine,front_leg,NA
leg_tactile,720575941499081731,SNxxxx,bristle_neuron,front_leg_bristle_neuron,sensory,NA,left,acetylcholine,front_leg,NA
leg_tactile,720575941578910453,LgLG3,taste_bristle_gustatory_neuron,front_leg_taste_bristle_gustatory_neuron,sensory,NA,left,acetylcholine,front_leg,NA
leg_tactile,720575941646448584,SNta27,bristle_neuron,front_leg_bristle_neuron,sensory,NA,right,acetylcholine,front_leg,NA
leg_tactile,720575941514240579,SNta19,bristle_neuron,front_leg_bristle_neuron,sensory,NA,left,gaba,front_leg,NA
leg_tactile,720575941403910000,SNxxxx,bristle_neuron,front_leg_bristle_neuron,sensory,NA,left,acetylcholine,front_leg,NA
leg_tactile,720575941499716611,LgLG1b,taste_bristle_gustatory_neuron,front_leg_taste_bristle_gustatory_neuron,sensory,NA,left,acetylcholine,front_leg,NA
leg_tactile,720575941500449464,SNta40,bristle_neuron,front_leg_bristle_neuron,sensory,NA,left,acetylcholine,front_leg,NA
leg_tactile,720575941458891590,SNta30,bristle_neuron,front_leg_bristle_neuron,sensory,NA,right,acetylcholine,front_leg,NA
leg_tactile,720575941498798498,SNta37,bristle_neuron,hind_leg_bristle_neuron,sensory,NA,right,acetylcholine,hind_leg,NA
leg_tactile,720575941558936079,SNta29,bristle_neuron,hind_leg_bristle_neuron,sensory,NA,right,acetylcholine,hind_leg,NA
leg_tactile,720575941440548443,LgLG4,taste_bristle_gustatory_neuron,hind_leg_taste_bristle_gustatory_neuron,sensory,NA,right,acetylcholine,hind_leg,NA
leg_tactile,720575941435931936,LgLG1b,taste_bristle_gustatory_neuron,hind_leg_taste_bristle_gustatory_neuron,sensory,NA,left,acetylcholine,hind_leg,NA
leg_tactile,720575941511171282,SNta37,bristle_neuron,hind_leg_bristle_neuron,sensory,NA,right,acetylcholine,hind_leg,NA
leg_tactile,720575941567170862,SNta29,bristle_neuron,hind_leg_bristle_neuron,sensory,NA,right,acetylcholine,hind_leg,NA
leg_tactile,720575941500891883,SNta29,bristle_neuron,front_leg_bristle_neuron,sensory,NA,left,acetylcholine,front_leg,NA
leg_tactile,720575941501248343,SNta43,bristle_neuron,hind_leg_bristle_neuron,sensory,NA,left,acetylcholine,hind_leg,NA
leg_tactile,720575941409879214,SNta33,bristle_neuron,front_leg_bristle_neuron,sensory,NA,right,acetylcholine,front_leg,NA
leg_tactile,720575941527311949,LgLG1b,taste_bristle_gustatory_neuron,hind_leg_taste_bristle_gustatory_neuron,sensory,NA,right,glutamate,hind_leg,NA
leg_tactile,720575941568515322,LgLG1b,taste_bristle_gustatory_neuron,hind_leg_taste_bristle_gustatory_neuron,sensory,NA,right,acetylcholine,hind_leg,NA
leg_tactile,720575941515759763,SNxxxx,bristle_neuron,front_leg_bristle_neuron,sensory,NA,right,acetylcholine,front_leg,NA
leg_tactile,720575941585214047,LgLG1a,taste_bristle_gustatory_neuron,middle_leg_taste_bristle_gustatory_neuron,sensory,NA,left,glutamate,middle_leg,NA
leg_tactile,720575941501783746,SNta44,bristle_neuron,hind_leg_bristle_neuron,sensory,NA,right,acetylcholine,hind_leg,NA
leg_tactile,720575941568508154,SNta21,bristle_neuron,hind_leg_bristle_neuron,sensory,NA,left,acetylcholine,hind_leg,NA
leg_tactile,720575941476577585,SNta29,bristle_neuron,middle_leg_bristle_neuron,sensory,NA,left,acetylcholine,middle_leg,NA
leg_tactile,720575941527046566,SNta38,bristle_neuron,hind_leg_bristle_neuron,sensory,NA,right,acetylcholine,hind_leg,NA
leg_tactile,720575941466500374,SNta42,bristle_neuron,middle_leg_bristle_neuron,sensory,NA,left,acetylcholine,middle_leg,NA
leg_tactile,720575941452297385,SNta42,bristle_neuron,middle_leg_bristle_neuron,sensory,NA,left,acetylcholine,middle_leg,NA
leg_tactile,720575941670545063,SNta37,bristle_neuron,hind_leg_bristle_neuron,sensory,NA,left,acetylcholine,hind_leg,NA
leg_tactile,720575941518174680,LgLG1b,taste_bristle_gustatory_neuron,hind_leg_taste_bristle_gustatory_neuron,sensory,NA,right,acetylcholine,hind_leg,NA
leg_tactile,720575941502993858,LgLG4,taste_bristle_gustatory_neuron,middle_leg_taste_bristle_gustatory_neuron,sensory,NA,left,glutamate,middle_leg,NA
leg_tactile,720575941479555714,SNta30,bristle_neuron,front_leg_bristle_neuron,sensory,NA,right,acetylcholine,front_leg,NA
leg_tactile,720575941503187506,SNch10,taste_bristle_tactile_neuron,front_leg_taste_bristle_tactile_neuron,sensory,NA,left,acetylcholine,front_leg,NA
leg_tactile,720575941503188018,SNta38,bristle_neuron,middle_leg_bristle_neuron,sensory,NA,left,acetylcholine,middle_leg,NA
leg_tactile,720575941525796098,SAch01,taste_bristle_gustatory_neuron,front_leg_taste_bristle_gustatory_neuron,sensory_ascending,wing-leg-tactile,right,acetylcholine,front_leg,NA
leg_tactile,720575941573345608,SNta44,bristle_neuron,middle_leg_bristle_neuron,sensory,NA,left,acetylcholine,middle_leg,NA
leg_tactile,720575941503773955,SNta43,bristle_neuron,front_leg_bristle_neuron,sensory,NA,left,acetylcholine,front_leg,NA
leg_tactile,720575941456491757,SNta28,bristle_neuron,hind_leg_bristle_neuron,sensory,NA,right,acetylcholine,hind_leg,NA
leg_tactile,720575941479381984,SNta43,bristle_neuron,hind_leg_bristle_neuron,sensory,NA,left,acetylcholine,hind_leg,NA
leg_tactile,720575941460223443,LgLG4,taste_bristle_gustatory_neuron,front_leg_taste_bristle_gustatory_neuron,sensory,NA,left,acetylcholine,front_leg,NA
leg_tactile,720575941631173868,SNta34,bristle_neuron,hind_leg_bristle_neuron,sensory,NA,left,acetylcholine,hind_leg,NA
leg_tactile,720575941517968044,SNta23,bristle_neuron,hind_leg_bristle_neuron,sensory,NA,left,acetylcholine,hind_leg,NA
leg_tactile,720575941430252536,SNta42,bristle_neuron,hind_leg_bristle_neuron,sensory,NA,left,acetylcholine,hind_leg,NA
leg_tactile,720575941558964751,SNta23,bristle_neuron,hind_leg_bristle_neuron,sensory,NA,left,acetylcholine,hind_leg,NA
leg_tactile,720575941631215596,SNta27,bristle_neuron,hind_leg_bristle_neuron,sensory,NA,right,acetylcholine,hind_leg,NA
leg_tactile,720575941504911013,SNta27,bristle_neuron,hind_leg_bristle_neuron,sensory,NA,right,acetylcholine,hind_leg,NA
leg_tactile,720575941568803572,SNta41,bristle_neuron,front_leg_bristle_neuron,sensory,NA,left,acetylcholine,front_leg,NA
leg_tactile,720575941466649366,SNta31,bristle_neuron,hind_leg_bristle_neuron,sensory,NA,left,acetylcholine,hind_leg,NA
leg_tactile,720575941444049578,SNta23,bristle_neuron,hind_leg_bristle_neuron,sensory,NA,left,acetylcholine,hind_leg,NA
leg_tactile,720575941515893139,SNta23,bristle_neuron,hind_leg_bristle_neuron,sensory,NA,left,acetylcholine,hind_leg,NA
leg_tactile,720575941654234897,SNta23,bristle_neuron,hind_leg_bristle_neuron,sensory,NA,left,acetylcholine,hind_leg,NA
leg_tactile,720575941556189185,SNta20,bristle_neuron,hind_leg_bristle_neuron,sensory,NA,left,acetylcholine,hind_leg,NA
leg_tactile,720575941604988350,SNta34,bristle_neuron,hind_leg_bristle_neuron,sensory,NA,left,acetylcholine,hind_leg,NA
leg_tactile,720575941598549952,SNta34,bristle_neuron,hind_leg_bristle_neuron,sensory,NA,left,acetylcholine,hind_leg,NA
leg_tactile,720575941502871127,SNta34,bristle_neuron,hind_leg_bristle_neuron,sensory,NA,left,acetylcholine,hind_leg,NA
leg_tactile,720575941590451084,SNta42,bristle_neuron,hind_leg_bristle_neuron,sensory,NA,left,acetylcholine,hind_leg,NA
leg_tactile,720575941687804022,SNta40,bristle_neuron,hind_leg_bristle_neuron,sensory,NA,left,acetylcholine,hind_leg,NA
leg_tactile,720575941529435832,SNta44,bristle_neuron,hind_leg_bristle_neuron,sensory,NA,left,acetylcholine,hind_leg,NA
leg_tactile,720575941448821941,SNta26,bristle_neuron,hind_leg_bristle_neuron,sensory,NA,left,acetylcholine,hind_leg,NA
leg_tactile,720575941687627020,SNta44,bristle_neuron,hind_leg_bristle_neuron,sensory,NA,left,acetylcholine,hind_leg,NA
leg_tactile,720575941573240392,SNta29,bristle_neuron,hind_leg_bristle_neuron,sensory,NA,left,gaba,hind_leg,NA
leg_tactile,720575941529000888,SNta23,bristle_neuron,hind_leg_bristle_neuron,sensory,NA,left,acetylcholine,hind_leg,NA
leg_tactile,720575941547272584,SNta23,bristle_neuron,hind_leg_bristle_neuron,sensory,NA,left,acetylcholine,hind_leg,NA
leg_tactile,720575941565998434,LgLG1b,taste_bristle_gustatory_neuron,hind_leg_taste_bristle_gustatory_neuron,sensory,NA,left,acetylcholine,hind_leg,NA
leg_tactile,720575941642637925,SNta44,bristle_neuron,hind_leg_bristle_neuron,sensory,NA,left,acetylcholine,hind_leg,NA
leg_tactile,720575941594293031,SNta29,bristle_neuron,hind_leg_bristle_neuron,sensory,NA,left,acetylcholine,hind_leg,NA
leg_tactile,720575941548962932,SNta30,bristle_neuron,front_leg_bristle_neuron,sensory,NA,left,acetylcholine,front_leg,NA
leg_tactile,720575941558001956,LgLG2,taste_bristle_gustatory_neuron,middle_leg_taste_bristle_gustatory_neuron,sensory,NA,left,acetylcholine,middle_leg,NA
leg_tactile,720575941493303216,SNxxxx,bristle_neuron,front_leg_bristle_neuron,sensory,NA,right,acetylcholine,front_leg,NA
leg_tactile,720575941505903710,SNta41,bristle_neuron,middle_leg_bristle_neuron,sensory,NA,right,acetylcholine,middle_leg,NA
leg_tactile,720575941535524890,SNta30,bristle_neuron,front_leg_bristle_neuron,sensory,NA,right,acetylcholine,front_leg,NA
leg_tactile,720575941575199414,SNta44,bristle_neuron,front_leg_bristle_neuron,sensory,NA,right,acetylcholine,front_leg,NA
leg_tactile,720575941437474604,SNta40,bristle_neuron,front_leg_bristle_neuron,sensory,NA,right,acetylcholine,front_leg,NA
leg_tactile,720575941612418012,SNch10,taste_bristle_tactile_neuron,hind_leg_taste_bristle_tactile_neuron,sensory,NA,right,acetylcholine,hind_leg,NA
leg_tactile,720575941481100623,SNta40,bristle_neuron,front_leg_bristle_neuron,sensory,NA,right,acetylcholine,front_leg,NA
leg_tactile,720575941495700862,LgLG1b,taste_bristle_gustatory_neuron,front_leg_taste_bristle_gustatory_neuron,sensory,NA,right,glutamate,front_leg,NA
leg_tactile,720575941504217323,LgLG2,taste_bristle_gustatory_neuron,hind_leg_taste_bristle_gustatory_neuron,sensory,NA,left,acetylcholine,hind_leg,NA
leg_tactile,720575941496344190,LgLG1b,taste_bristle_gustatory_neuron,hind_leg_taste_bristle_gustatory_neuron,sensory,NA,left,acetylcholine,hind_leg,NA
leg_tactile,720575941532581323,LgLG4,taste_bristle_gustatory_neuron,hind_leg_taste_bristle_gustatory_neuron,sensory,NA,left,acetylcholine,hind_leg,NA
leg_tactile,720575941615579667,SNta44,bristle_neuron,front_leg_bristle_neuron,sensory,NA,right,NA,front_leg,NA
leg_tactile,720575941460317139,SNta40,bristle_neuron,front_leg_bristle_neuron,sensory,NA,right,acetylcholine,front_leg,NA
leg_tactile,720575941568367610,SNta30,bristle_neuron,front_leg_bristle_neuron,sensory,NA,right,acetylcholine,front_leg,NA
leg_tactile,720575941506927710,SNta37,bristle_neuron,middle_leg_bristle_neuron,sensory,NA,right,acetylcholine,middle_leg,NA
leg_tactile,720575941479653250,SNta34,bristle_neuron,hind_leg_bristle_neuron,sensory,NA,left,acetylcholine,hind_leg,NA
leg_tactile,720575941435776032,SNta32,bristle_neuron,hind_leg_bristle_neuron,sensory,NA,right,acetylcholine,hind_leg,NA
leg_tactile,720575941507085697,SNxxxx,bristle_neuron,front_leg_bristle_neuron,sensory,NA,right,glutamate,front_leg,NA
leg_tactile,720575941460257747,SNta43,bristle_neuron,front_leg_bristle_neuron,sensory,NA,right,acetylcholine,front_leg,NA
leg_tactile,720575941457441773,SNta20,bristle_neuron,middle_leg_bristle_neuron,sensory,NA,left,acetylcholine,middle_leg,NA
leg_tactile,720575941520049079,SNta44,bristle_neuron,front_leg_bristle_neuron,sensory,NA,right,acetylcholine,front_leg,NA
leg_tactile,720575941608385645,LgLG1b,taste_bristle_gustatory_neuron,hind_leg_taste_bristle_gustatory_neuron,sensory,NA,right,acetylcholine,hind_leg,NA
leg_tactile,720575941507551416,SNta44,bristle_neuron,front_leg_bristle_neuron,sensory,NA,left,acetylcholine,front_leg,NA
leg_tactile,720575941631143660,LgLG2,taste_bristle_gustatory_neuron,hind_leg_taste_bristle_gustatory_neuron,sensory,NA,right,acetylcholine,hind_leg,NA
leg_tactile,720575941476714561,SNta30,bristle_neuron,front_leg_bristle_neuron,sensory,NA,right,acetylcholine,front_leg,NA
leg_tactile,720575941457716717,LgLG1b,taste_bristle_gustatory_neuron,hind_leg_taste_bristle_gustatory_neuron,sensory,NA,right,acetylcholine,hind_leg,NA
leg_tactile,720575941511103185,SNta43,bristle_neuron,front_leg_bristle_neuron,sensory,NA,right,acetylcholine,front_leg,NA
leg_tactile,720575941573643677,SNta42,bristle_neuron,middle_leg_bristle_neuron,sensory,NA,right,acetylcholine,middle_leg,NA
leg_tactile,720575941511159505,SNta44,bristle_neuron,front_leg_bristle_neuron,sensory,NA,left,acetylcholine,front_leg,NA
leg_tactile,720575941400803875,SNta44,bristle_neuron,front_leg_bristle_neuron,sensory,NA,right,acetylcholine,front_leg,NA
leg_tactile,720575941559236078,LgLG2,taste_bristle_gustatory_neuron,hind_leg_taste_bristle_gustatory_neuron,sensory,NA,left,acetylcholine,hind_leg,NA
leg_tactile,720575941522247671,SNta45,bristle_neuron,middle_leg_bristle_neuron,sensory,NA,left,acetylcholine,middle_leg,NA
leg_tactile,720575941455793901,SNta37,bristle_neuron,middle_leg_bristle_neuron,sensory,NA,left,acetylcholine,middle_leg,NA
leg_tactile,720575941443979946,SNta35,bristle_neuron,middle_leg_bristle_neuron,sensory,NA,left,acetylcholine,middle_leg,NA
leg_tactile,720575941440308053,SNta43,bristle_neuron,middle_leg_bristle_neuron,sensory,NA,left,acetylcholine,middle_leg,NA
leg_tactile,720575941430986593,SNta26,bristle_neuron,middle_leg_bristle_neuron,sensory,NA,left,acetylcholine,middle_leg,NA
leg_tactile,720575941611036589,SNta44,bristle_neuron,middle_leg_bristle_neuron,sensory,NA,left,acetylcholine,middle_leg,NA
leg_tactile,720575941534696835,SNta43,bristle_neuron,middle_leg_bristle_neuron,sensory,NA,left,acetylcholine,middle_leg,NA
leg_tactile,720575941551715646,SNta35,bristle_neuron,middle_leg_bristle_neuron,sensory,NA,left,acetylcholine,middle_leg,NA
leg_tactile,720575941534088792,SNta45,bristle_neuron,middle_leg_bristle_neuron,sensory,NA,left,acetylcholine,middle_leg,NA
leg_tactile,720575941565206582,LgLG2,taste_bristle_gustatory_neuron,middle_leg_taste_bristle_gustatory_neuron,sensory,NA,left,acetylcholine,middle_leg,NA
leg_tactile,720575941498022985,SNta24,bristle_neuron,front_leg_bristle_neuron,sensory,NA,right,acetylcholine,front_leg,NA
leg_tactile,720575941460095135,SNta21,bristle_neuron,hind_leg_bristle_neuron,sensory,NA,left,gaba,hind_leg,NA
leg_tactile,720575941538143986,SNta28,bristle_neuron,hind_leg_bristle_neuron,sensory,NA,right,acetylcholine,hind_leg,NA
leg_tactile,720575941499781282,SNch10,taste_bristle_tactile_neuron,hind_leg_taste_bristle_tactile_neuron,sensory,NA,right,acetylcholine,hind_leg,NA
leg_tactile,720575941599575593,LgLG2,taste_bristle_gustatory_neuron,middle_leg_taste_bristle_gustatory_neuron,sensory,NA,left,acetylcholine,middle_leg,NA
leg_tactile,720575941505288613,SNta31,bristle_neuron,middle_leg_bristle_neuron,sensory,NA,left,acetylcholine,middle_leg,NA
leg_tactile,720575941597643712,SNta42,bristle_neuron,middle_leg_bristle_neuron,sensory,NA,left,acetylcholine,middle_leg,NA
leg_tactile,720575941507337762,SNta23,bristle_neuron,middle_leg_bristle_neuron,sensory,NA,left,acetylcholine,middle_leg,NA
leg_tactile,720575941603700409,LgLG2,taste_bristle_gustatory_neuron,middle_leg_taste_bristle_gustatory_neuron,sensory,NA,left,acetylcholine,middle_leg,NA
leg_tactile,720575941553414554,SNta29,bristle_neuron,middle_leg_bristle_neuron,sensory,NA,left,acetylcholine,middle_leg,NA
leg_tactile,720575941505871042,SNta26,bristle_neuron,middle_leg_bristle_neuron,sensory,NA,left,acetylcholine,middle_leg,NA
leg_tactile,720575941514220099,SNta29,bristle_neuron,middle_leg_bristle_neuron,sensory,NA,left,acetylcholine,middle_leg,NA
leg_tactile,720575941638425461,LgLG2,taste_bristle_gustatory_neuron,middle_leg_taste_bristle_gustatory_neuron,sensory,NA,left,acetylcholine,middle_leg,NA
leg_tactile,720575941492625356,SNta26,bristle_neuron,middle_leg_bristle_neuron,sensory,NA,left,acetylcholine,middle_leg,NA
leg_tactile,720575941554667547,SNta38,bristle_neuron,middle_leg_bristle_neuron,sensory,NA,left,acetylcholine,middle_leg,NA
leg_tactile,720575941594050518,SNch10,taste_bristle_tactile_neuron,hind_leg_taste_bristle_tactile_neuron,sensory,NA,right,acetylcholine,hind_leg,NA
leg_tactile,720575941507354206,SNta44,bristle_neuron,middle_leg_bristle_neuron,sensory,NA,left,acetylcholine,middle_leg,NA
leg_tactile,720575941625072027,SNta32,bristle_neuron,hind_leg_bristle_neuron,sensory,NA,right,acetylcholine,hind_leg,NA
leg_tactile,720575941599578409,SNch10,taste_bristle_tactile_neuron,hind_leg_taste_bristle_tactile_neuron,sensory,NA,right,acetylcholine,hind_leg,NA
leg_tactile,720575941616487381,SNta29,bristle_neuron,front_leg_bristle_neuron,sensory,NA,left,acetylcholine,front_leg,NA
leg_tactile,720575941661430072,SNta45,bristle_neuron,hind_leg_bristle_neuron,sensory,NA,right,acetylcholine,hind_leg,NA
leg_tactile,720575941722167098,SNta45,bristle_neuron,hind_leg_bristle_neuron,sensory,NA,right,acetylcholine,hind_leg,NA
leg_tactile,720575941413537135,SNta20,bristle_neuron,middle_leg_bristle_neuron,sensory,NA,left,acetylcholine,middle_leg,NA
leg_tactile,720575941513121123,SNta37,bristle_neuron,middle_leg_bristle_neuron,sensory,NA,right,acetylcholine,middle_leg,NA
leg_tactile,720575941567239222,LgLG1b,taste_bristle_gustatory_neuron,middle_leg_taste_bristle_gustatory_neuron,sensory,NA,right,glutamate,middle_leg,NA
leg_tactile,720575941555236068,LgLG3,taste_bristle_gustatory_neuron,front_leg_taste_bristle_gustatory_neuron,sensory,NA,left,acetylcholine,front_leg,NA
leg_tactile,720575941352087344,SNta44,bristle_neuron,hind_leg_bristle_neuron,sensory,NA,right,acetylcholine,hind_leg,NA
leg_tactile,720575941513348601,SNta42,bristle_neuron,middle_leg_bristle_neuron,sensory,NA,right,acetylcholine,middle_leg,NA
leg_tactile,720575941462469520,SNta42,bristle_neuron,hind_leg_bristle_neuron,sensory,NA,right,acetylcholine,hind_leg,NA
leg_tactile,720575941541251533,SNta33,bristle_neuron,front_leg_bristle_neuron,sensory,NA,right,acetylcholine,front_leg,NA
leg_tactile,720575941479376096,SNta37,bristle_neuron,hind_leg_bristle_neuron,sensory,NA,right,acetylcholine,hind_leg,NA
leg_tactile,720575941435441184,SNta29,bristle_neuron,hind_leg_bristle_neuron,sensory,NA,right,acetylcholine,hind_leg,NA
leg_tactile,720575941513739843,SNta29,bristle_neuron,front_leg_bristle_neuron,sensory,NA,right,acetylcholine,front_leg,NA
leg_tactile,720575941432096014,SNta29,bristle_neuron,front_leg_bristle_neuron,sensory,NA,left,acetylcholine,front_leg,NA
leg_tactile,720575941393147140,SNxxxx,bristle_neuron,front_leg_bristle_neuron,sensory,NA,right,acetylcholine,front_leg,NA
leg_tactile,720575941506318917,SNta40,bristle_neuron,hind_leg_bristle_neuron,sensory,NA,left,acetylcholine,hind_leg,NA
leg_tactile,720575941508206721,SNta23,bristle_neuron,middle_leg_bristle_neuron,sensory,NA,left,acetylcholine,middle_leg,NA
leg_tactile,720575941556630611,SNta21,bristle_neuron,front_leg_bristle_neuron,sensory,NA,right,acetylcholine,front_leg,NA
leg_tactile,720575941470281335,SNta42,bristle_neuron,hind_leg_bristle_neuron,sensory,NA,right,acetylcholine,hind_leg,NA
leg_tactile,720575941431329239,SNta27,bristle_neuron,hind_leg_bristle_neuron,sensory,NA,right,acetylcholine,hind_leg,NA
leg_tactile,720575941460681156,SNch10,taste_bristle_tactile_neuron,hind_leg_taste_bristle_tactile_neuron,sensory,NA,right,acetylcholine,hind_leg,NA
leg_tactile,720575941526195481,SNta32,bristle_neuron,hind_leg_bristle_neuron,sensory,NA,right,acetylcholine,hind_leg,NA
leg_tactile,720575941409557295,LgLG3,taste_bristle_gustatory_neuron,hind_leg_taste_bristle_gustatory_neuron,sensory,NA,right,acetylcholine,hind_leg,NA
leg_tactile,720575941410209195,SNta43,bristle_neuron,hind_leg_bristle_neuron,sensory,NA,left,acetylcholine,hind_leg,NA
leg_tactile,720575941560419373,SNta39,bristle_neuron,hind_leg_bristle_neuron,sensory,NA,left,acetylcholine,hind_leg,NA
leg_tactile,720575941514951417,SNta43,bristle_neuron,front_leg_bristle_neuron,sensory,NA,right,acetylcholine,front_leg,NA
leg_tactile,720575941593960232,SNta33,bristle_neuron,front_leg_bristle_neuron,sensory,NA,left,acetylcholine,front_leg,NA
leg_tactile,720575941689848539,LgLG4,taste_bristle_gustatory_neuron,hind_leg_taste_bristle_gustatory_neuron,sensory,NA,right,glutamate,hind_leg,NA
leg_tactile,720575941438501183,SNta43,bristle_neuron,hind_leg_bristle_neuron,sensory,NA,right,acetylcholine,hind_leg,NA
leg_tactile,720575941504409282,SNta32,bristle_neuron,hind_leg_bristle_neuron,sensory,NA,right,acetylcholine,hind_leg,NA
leg_tactile,720575941515969452,SNta40,bristle_neuron,front_leg_bristle_neuron,sensory,NA,right,acetylcholine,front_leg,NA
leg_tactile,720575941459899974,SNch10,taste_bristle_tactile_neuron,hind_leg_taste_bristle_tactile_neuron,sensory,NA,right,acetylcholine,hind_leg,NA
leg_tactile,720575941515030009,SNta23,bristle_neuron,middle_leg_bristle_neuron,sensory,NA,left,acetylcholine,middle_leg,NA
leg_tactile,720575941472444791,LgLG1b,taste_bristle_gustatory_neuron,hind_leg_taste_bristle_gustatory_neuron,sensory,NA,right,acetylcholine,hind_leg,NA
leg_tactile,720575941689121263,SNta26,bristle_neuron,front_leg_bristle_neuron,sensory,NA,right,acetylcholine,front_leg,NA
leg_tactile,720575941614001171,SNta26,bristle_neuron,middle_leg_bristle_neuron,sensory,NA,left,acetylcholine,middle_leg,NA
leg_tactile,720575941446282154,LgLG3,taste_bristle_gustatory_neuron,hind_leg_taste_bristle_gustatory_neuron,sensory,NA,left,acetylcholine,hind_leg,NA
leg_tactile,720575941517086819,SNta20,bristle_neuron,middle_leg_bristle_neuron,sensory,NA,right,acetylcholine,middle_leg,NA
leg_tactile,720575941476127518,SNta28,bristle_neuron,hind_leg_bristle_neuron,sensory,NA,left,acetylcholine,hind_leg,NA
leg_tactile,720575941433504471,SNta20,bristle_neuron,hind_leg_bristle_neuron,sensory,NA,left,acetylcholine,hind_leg,NA
leg_tactile,720575941500363593,LgLG1b,taste_bristle_gustatory_neuron,middle_leg_taste_bristle_gustatory_neuron,sensory,NA,left,acetylcholine,middle_leg,NA
leg_tactile,720575941497495163,SNta37,bristle_neuron,middle_leg_bristle_neuron,sensory,NA,left,acetylcholine,middle_leg,NA
leg_tactile,720575941590358084,LgLG1b,taste_bristle_gustatory_neuron,middle_leg_taste_bristle_gustatory_neuron,sensory,NA,left,acetylcholine,middle_leg,NA
leg_tactile,720575941611369449,SNta35,bristle_neuron,middle_leg_bristle_neuron,sensory,NA,left,acetylcholine,middle_leg,NA
leg_tactile,720575941519168388,SNta34,bristle_neuron,hind_leg_bristle_neuron,sensory,NA,left,acetylcholine,hind_leg,NA
leg_tactile,720575941590357060,LgLG1b,taste_bristle_gustatory_neuron,middle_leg_taste_bristle_gustatory_neuron,sensory,NA,left,glutamate,middle_leg,NA
leg_tactile,720575941465894230,SNtaxx,bristle_neuron,hind_leg_bristle_neuron,sensory,NA,left,acetylcholine,hind_leg,NA
leg_tactile,720575941568516602,SNta32,bristle_neuron,hind_leg_bristle_neuron,sensory,NA,left,acetylcholine,hind_leg,NA
leg_tactile,720575941435038752,LgLG2,taste_bristle_gustatory_neuron,middle_leg_taste_bristle_gustatory_neuron,sensory,NA,left,acetylcholine,middle_leg,NA
leg_tactile,720575941536703208,SNta43,bristle_neuron,hind_leg_bristle_neuron,sensory,NA,left,acetylcholine,hind_leg,NA
leg_tactile,720575941573636509,SNta37,bristle_neuron,middle_leg_bristle_neuron,sensory,NA,left,acetylcholine,middle_leg,NA
leg_tactile,720575941519433144,SNta34,bristle_neuron,front_leg_bristle_neuron,sensory,NA,right,acetylcholine,front_leg,NA
leg_tactile,720575941562294440,SNta35,bristle_neuron,middle_leg_bristle_neuron,sensory,NA,left,acetylcholine,middle_leg,NA
leg_tactile,720575941548470561,SNta34,bristle_neuron,front_leg_bristle_neuron,sensory,NA,right,acetylcholine,front_leg,NA
leg_tactile,720575941625170796,SNxxxx,bristle_neuron,front_leg_bristle_neuron,sensory,NA,right,acetylcholine,front_leg,NA
leg_tactile,720575941434136846,LgLG3,taste_bristle_gustatory_neuron,hind_leg_taste_bristle_gustatory_neuron,sensory,NA,left,glutamate,hind_leg,NA
leg_tactile,720575941687769718,LgLG2,taste_bristle_gustatory_neuron,hind_leg_taste_bristle_gustatory_neuron,sensory,NA,left,acetylcholine,hind_leg,NA
leg_tactile,720575941432259287,LgLG2,taste_bristle_gustatory_neuron,hind_leg_taste_bristle_gustatory_neuron,sensory,NA,left,acetylcholine,hind_leg,NA
leg_tactile,720575941473819178,LgLG2,taste_bristle_gustatory_neuron,hind_leg_taste_bristle_gustatory_neuron,sensory,NA,left,acetylcholine,hind_leg,NA
leg_tactile,720575941554318081,SNta30,bristle_neuron,hind_leg_bristle_neuron,sensory,NA,left,acetylcholine,hind_leg,NA
leg_tactile,720575941476177950,LgLG3,taste_bristle_gustatory_neuron,hind_leg_taste_bristle_gustatory_neuron,sensory,NA,left,acetylcholine,hind_leg,NA
leg_tactile,720575941559538547,SNta29,bristle_neuron,hind_leg_bristle_neuron,sensory,NA,left,acetylcholine,hind_leg,NA
leg_tactile,720575941656245721,LgLG1b,taste_bristle_gustatory_neuron,hind_leg_taste_bristle_gustatory_neuron,sensory,NA,left,glutamate,hind_leg,NA
leg_tactile,720575941448740277,LgLG3,taste_bristle_gustatory_neuron,hind_leg_taste_bristle_gustatory_neuron,sensory,NA,left,glutamate,hind_leg,NA
leg_tactile,720575941576687759,LgLG1a,taste_bristle_gustatory_neuron,hind_leg_taste_bristle_gustatory_neuron,sensory,NA,left,glutamate,hind_leg,NA
leg_tactile,720575941499531170,LgLG3,taste_bristle_gustatory_neuron,hind_leg_taste_bristle_gustatory_neuron,sensory,NA,left,acetylcholine,hind_leg,NA
leg_tactile,720575941549064253,LgLG3,taste_bristle_gustatory_neuron,hind_leg_taste_bristle_gustatory_neuron,sensory,NA,left,acetylcholine,hind_leg,NA
leg_tactile,720575941625401226,LgLG3,taste_bristle_gustatory_neuron,hind_leg_taste_bristle_gustatory_neuron,sensory,NA,left,acetylcholine,hind_leg,NA
leg_tactile,720575941645367378,LgLG1b,taste_bristle_gustatory_neuron,hind_leg_taste_bristle_gustatory_neuron,sensory,NA,left,glutamate,hind_leg,NA
leg_tactile,720575941519685764,LgLG3,taste_bristle_gustatory_neuron,hind_leg_taste_bristle_gustatory_neuron,sensory,NA,left,glutamate,hind_leg,NA
leg_tactile,720575941597142385,LgLG3,taste_bristle_gustatory_neuron,hind_leg_taste_bristle_gustatory_neuron,sensory,NA,left,acetylcholine,hind_leg,NA
leg_tactile,720575941509852289,LgLG1b,taste_bristle_gustatory_neuron,hind_leg_taste_bristle_gustatory_neuron,sensory,NA,left,glutamate,hind_leg,NA
leg_tactile,720575941643069778,SNxxxx,bristle_neuron,front_leg_bristle_neuron,sensory,NA,right,acetylcholine,front_leg,NA
leg_tactile,720575941654161625,SNta19,bristle_neuron,hind_leg_bristle_neuron,sensory,NA,right,acetylcholine,hind_leg,NA
leg_tactile,720575941657968976,SNta42,bristle_neuron,front_leg_bristle_neuron,sensory,NA,right,acetylcholine,front_leg,NA
leg_tactile,720575941519763384,SNta42,bristle_neuron,front_leg_bristle_neuron,sensory,NA,right,acetylcholine,front_leg,NA
leg_tactile,720575941431128417,SNta31,bristle_neuron,hind_leg_bristle_neuron,sensory,NA,left,acetylcholine,hind_leg,NA
leg_tactile,720575941610237770,SNta44,bristle_neuron,hind_leg_bristle_neuron,sensory,NA,left,acetylcholine,hind_leg,NA
leg_tactile,720575941610157386,SNta36,bristle_neuron,hind_leg_bristle_neuron,sensory,NA,left,acetylcholine,hind_leg,NA
leg_tactile,720575941526032409,SNta28,bristle_neuron,hind_leg_bristle_neuron,sensory,NA,left,acetylcholine,hind_leg,NA
leg_tactile,720575941562163368,SNta42,bristle_neuron,front_leg_bristle_neuron,sensory,NA,right,acetylcholine,front_leg,NA
leg_tactile,720575941519897016,SNxxxx,bristle_neuron,front_leg_bristle_neuron,sensory,NA,right,acetylcholine,front_leg,NA
leg_tactile,720575941519908791,SNta29,bristle_neuron,front_leg_bristle_neuron,sensory,NA,right,acetylcholine,front_leg,NA
leg_tactile,720575941391874052,SNta34,bristle_neuron,front_leg_bristle_neuron,sensory,NA,right,acetylcholine,front_leg,NA
leg_tactile,720575941538039026,SNta42,bristle_neuron,front_leg_bristle_neuron,sensory,NA,right,acetylcholine,front_leg,NA
leg_tactile,720575941437298220,SNta42,bristle_neuron,front_leg_bristle_neuron,sensory,NA,right,acetylcholine,front_leg,NA
leg_tactile,720575941437266988,SNta42,bristle_neuron,front_leg_bristle_neuron,sensory,NA,left,acetylcholine,front_leg,NA
leg_tactile,720575941520036536,SNta34,bristle_neuron,front_leg_bristle_neuron,sensory,NA,right,acetylcholine,front_leg,NA
leg_tactile,720575941612319050,SNta20,bristle_neuron,hind_leg_bristle_neuron,sensory,NA,right,acetylcholine,hind_leg,NA
leg_tactile,720575941490732775,SNta25,bristle_neuron,middle_leg_bristle_neuron,sensory,NA,left,acetylcholine,middle_leg,NA
leg_tactile,720575941444968106,SNxxxx,bristle_neuron,front_leg_bristle_neuron,sensory,NA,right,acetylcholine,front_leg,NA
leg_tactile,720575941589768190,SNta43,bristle_neuron,front_leg_bristle_neuron,sensory,NA,left,acetylcholine,front_leg,NA
leg_tactile,720575941521576779,SNta34,bristle_neuron,front_leg_bristle_neuron,sensory,NA,right,acetylcholine,front_leg,NA
leg_tactile,720575941515702163,LgLG3,taste_bristle_gustatory_neuron,hind_leg_taste_bristle_gustatory_neuron,sensory,NA,left,acetylcholine,hind_leg,NA
leg_tactile,720575941611059942,SNta37,bristle_neuron,middle_leg_bristle_neuron,sensory,NA,left,acetylcholine,middle_leg,NA
leg_tactile,720575941484945594,SNta37,bristle_neuron,middle_leg_bristle_neuron,sensory,NA,left,acetylcholine,middle_leg,NA
leg_tactile,720575941522340024,SNta25,bristle_neuron,hind_leg_bristle_neuron,sensory,NA,left,acetylcholine,hind_leg,NA
leg_tactile,720575941602921462,SNta37,bristle_neuron,middle_leg_bristle_neuron,sensory,NA,left,acetylcholine,middle_leg,NA
leg_tactile,720575941505998615,SNta37,bristle_neuron,middle_leg_bristle_neuron,sensory,NA,left,acetylcholine,middle_leg,NA
leg_tactile,720575941522374840,SNta43,bristle_neuron,middle_leg_bristle_neuron,sensory,NA,left,acetylcholine,middle_leg,NA
leg_tactile,720575941522375608,SNta35,bristle_neuron,middle_leg_bristle_neuron,sensory,NA,left,acetylcholine,middle_leg,NA
leg_tactile,720575941503552962,SNta37,bristle_neuron,middle_leg_bristle_neuron,sensory,NA,left,acetylcholine,middle_leg,NA
leg_tactile,720575941522525624,SNta35,bristle_neuron,middle_leg_bristle_neuron,sensory,NA,left,acetylcholine,middle_leg,NA
leg_tactile,720575941522526136,SNta35,bristle_neuron,middle_leg_bristle_neuron,sensory,NA,left,acetylcholine,middle_leg,NA
leg_tactile,720575941507357790,SNta35,bristle_neuron,middle_leg_bristle_neuron,sensory,NA,left,acetylcholine,middle_leg,NA
leg_tactile,720575941523774797,SNta43,bristle_neuron,front_leg_bristle_neuron,sensory,NA,right,acetylcholine,front_leg,NA
leg_tactile,720575941508572741,LgLG1b,taste_bristle_gustatory_neuron,front_leg_taste_bristle_gustatory_neuron,sensory,NA,right,acetylcholine,front_leg,NA
leg_tactile,720575941524096077,SNta25,bristle_neuron,front_leg_bristle_neuron,sensory,NA,right,acetylcholine,front_leg,NA
leg_tactile,720575941524123650,SNta28,bristle_neuron,middle_leg_bristle_neuron,sensory,NA,right,acetylcholine,middle_leg,NA
leg_tactile,720575941524124674,SNta30,bristle_neuron,middle_leg_bristle_neuron,sensory,NA,right,acetylcholine,middle_leg,NA
leg_tactile,720575941524145508,LgLG4,taste_bristle_gustatory_neuron,front_leg_taste_bristle_gustatory_neuron,sensory,NA,left,acetylcholine,front_leg,NA
leg_tactile,720575941596044246,LgLG1b,taste_bristle_gustatory_neuron,front_leg_taste_bristle_gustatory_neuron,sensory,NA,right,acetylcholine,front_leg,NA
leg_tactile,720575941527698532,SNta33,bristle_neuron,front_leg_bristle_neuron,sensory,NA,right,acetylcholine,front_leg,NA
leg_tactile,720575941687781238,SNta28,bristle_neuron,hind_leg_bristle_neuron,sensory,NA,left,acetylcholine,hind_leg,NA
leg_tactile,720575941518640494,SNta29,bristle_neuron,front_leg_bristle_neuron,sensory,NA,right,acetylcholine,front_leg,NA
leg_tactile,720575941532514251,SNta20,bristle_neuron,hind_leg_bristle_neuron,sensory,NA,right,acetylcholine,hind_leg,NA
leg_tactile,720575941474396987,SNta38,bristle_neuron,hind_leg_bristle_neuron,sensory,NA,left,acetylcholine,hind_leg,NA
leg_tactile,720575941525373350,SNta25,bristle_neuron,middle_leg_bristle_neuron,sensory,NA,right,acetylcholine,middle_leg,NA
leg_tactile,720575941548966516,SNta25,bristle_neuron,front_leg_bristle_neuron,sensory,NA,right,acetylcholine,front_leg,NA
leg_tactile,720575941631122924,LgLG2,taste_bristle_gustatory_neuron,middle_leg_taste_bristle_gustatory_neuron,sensory,NA,left,acetylcholine,middle_leg,NA
leg_tactile,720575941628732966,SNta45,bristle_neuron,middle_leg_bristle_neuron,sensory,NA,left,acetylcholine,middle_leg,NA
leg_tactile,720575941610898349,SNta37,bristle_neuron,hind_leg_bristle_neuron,sensory,NA,right,acetylcholine,hind_leg,NA
leg_tactile,720575941526317240,SNta28,bristle_neuron,front_leg_bristle_neuron,sensory,NA,right,acetylcholine,front_leg,NA
leg_tactile,720575941680144573,SNta29,bristle_neuron,front_leg_bristle_neuron,sensory,NA,right,acetylcholine,front_leg,NA
leg_tactile,720575941526343096,SNta29,bristle_neuron,front_leg_bristle_neuron,sensory,NA,right,acetylcholine,front_leg,NA
leg_tactile,720575941526343352,SNta29,bristle_neuron,front_leg_bristle_neuron,sensory,NA,right,acetylcholine,front_leg,NA
leg_tactile,720575941612330972,SNta34,bristle_neuron,front_leg_bristle_neuron,sensory,NA,right,acetylcholine,front_leg,NA
leg_tactile,720575941568802292,SNta42,bristle_neuron,front_leg_bristle_neuron,sensory,NA,right,acetylcholine,front_leg,NA
leg_tactile,720575941475957546,SNta20,bristle_neuron,hind_leg_bristle_neuron,sensory,NA,left,acetylcholine,hind_leg,NA
leg_tactile,720575941526624184,SNta35,bristle_neuron,middle_leg_bristle_neuron,sensory,NA,left,acetylcholine,middle_leg,NA
leg_tactile,720575941409870254,SNta35,bristle_neuron,middle_leg_bristle_neuron,sensory,NA,left,acetylcholine,middle_leg,NA
leg_tactile,720575941526629816,SNta35,bristle_neuron,middle_leg_bristle_neuron,sensory,NA,left,acetylcholine,middle_leg,NA
leg_tactile,720575941449063188,SNta33,bristle_neuron,front_leg_bristle_neuron,sensory,NA,left,acetylcholine,front_leg,NA
leg_tactile,720575941476131614,SNch10,taste_bristle_tactile_neuron,hind_leg_taste_bristle_tactile_neuron,sensory,NA,right,acetylcholine,hind_leg,NA
leg_tactile,720575941475946794,SNta21,bristle_neuron,hind_leg_bristle_neuron,sensory,NA,right,acetylcholine,hind_leg,NA
leg_tactile,720575941627075274,LgLG1b,taste_bristle_gustatory_neuron,hind_leg_taste_bristle_gustatory_neuron,sensory,NA,right,acetylcholine,hind_leg,NA
leg_tactile,720575941454118727,SNta20,bristle_neuron,middle_leg_bristle_neuron,sensory,NA,left,acetylcholine,middle_leg,NA
leg_tactile,720575941430264824,SNta37,bristle_neuron,middle_leg_bristle_neuron,sensory,NA,left,acetylcholine,middle_leg,NA
leg_tactile,720575941517967788,SNta38,bristle_neuron,hind_leg_bristle_neuron,sensory,NA,right,acetylcholine,hind_leg,NA
leg_tactile,720575941573778077,SNta42,bristle_neuron,front_leg_bristle_neuron,sensory,NA,left,acetylcholine,front_leg,NA
leg_tactile,720575941553633178,SNta30,bristle_neuron,hind_leg_bristle_neuron,sensory,NA,right,acetylcholine,hind_leg,NA
leg_tactile,720575941663790136,LgLG3,taste_bristle_gustatory_neuron,hind_leg_taste_bristle_gustatory_neuron,sensory,NA,right,acetylcholine,hind_leg,NA
leg_tactile,720575941646617800,SNta20,bristle_neuron,hind_leg_bristle_neuron,sensory,NA,left,acetylcholine,hind_leg,NA
leg_tactile,720575941529186507,SNta40,bristle_neuron,front_leg_bristle_neuron,sensory,NA,right,acetylcholine,front_leg,NA
leg_tactile,720575941639346293,SNta32,bristle_neuron,hind_leg_bristle_neuron,sensory,NA,right,acetylcholine,hind_leg,NA
leg_tactile,720575941600036288,SNta30,bristle_neuron,middle_leg_bristle_neuron,sensory,NA,left,acetylcholine,middle_leg,NA
leg_tactile,720575941526034969,SNta29,bristle_neuron,hind_leg_bristle_neuron,sensory,NA,right,acetylcholine,hind_leg,NA
leg_tactile,720575941475349563,SNta32,bristle_neuron,hind_leg_bristle_neuron,sensory,NA,left,acetylcholine,hind_leg,NA
leg_tactile,720575941537392906,SNta30,bristle_neuron,middle_leg_bristle_neuron,sensory,NA,left,acetylcholine,middle_leg,NA
leg_tactile,720575941534071896,SNta42,bristle_neuron,hind_leg_bristle_neuron,sensory,NA,right,acetylcholine,hind_leg,NA
leg_tactile,720575941530827651,SNta42,bristle_neuron,middle_leg_bristle_neuron,sensory,NA,right,acetylcholine,middle_leg,NA
leg_tactile,720575941531010532,SNta30,bristle_neuron,middle_leg_bristle_neuron,sensory,NA,left,acetylcholine,middle_leg,NA
leg_tactile,720575941531031012,SNta30,bristle_neuron,middle_leg_bristle_neuron,sensory,NA,left,acetylcholine,middle_leg,NA
leg_tactile,720575941472840288,SNta30,bristle_neuron,middle_leg_bristle_neuron,sensory,NA,left,acetylcholine,middle_leg,NA
leg_tactile,720575941531591652,SNta30,bristle_neuron,middle_leg_bristle_neuron,sensory,NA,left,acetylcholine,middle_leg,NA
leg_tactile,720575941495120071,SNxxxx,bristle_neuron,front_leg_bristle_neuron,sensory,NA,right,acetylcholine,front_leg,NA
leg_tactile,720575941484908285,SNta21,bristle_neuron,front_leg_bristle_neuron,sensory,NA,right,acetylcholine,front_leg,NA
leg_tactile,720575941529023398,SNta25,bristle_neuron,middle_leg_bristle_neuron,sensory,NA,left,acetylcholine,middle_leg,NA
leg_tactile,720575941571422622,SNta24,bristle_neuron,front_leg_bristle_neuron,sensory,NA,left,acetylcholine,front_leg,NA
leg_tactile,720575941536706019,LgLG3,taste_bristle_gustatory_neuron,middle_leg_taste_bristle_gustatory_neuron,sensory,NA,left,acetylcholine,middle_leg,NA
leg_tactile,720575941576638863,SNta20,bristle_neuron,hind_leg_bristle_neuron,sensory,NA,left,acetylcholine,hind_leg,NA
leg_tactile,720575941472738315,SNta20,bristle_neuron,hind_leg_bristle_neuron,sensory,NA,right,acetylcholine,hind_leg,NA
leg_tactile,720575941460314323,SNta38,bristle_neuron,hind_leg_bristle_neuron,sensory,NA,left,acetylcholine,hind_leg,NA
leg_tactile,720575941541552589,LgLG1a,taste_bristle_gustatory_neuron,middle_leg_taste_bristle_gustatory_neuron,sensory,NA,right,acetylcholine,middle_leg,NA
leg_tactile,720575941532553394,SNta37,bristle_neuron,middle_leg_bristle_neuron,sensory,NA,right,acetylcholine,middle_leg,NA
leg_tactile,720575941591868968,SNta37,bristle_neuron,middle_leg_bristle_neuron,sensory,NA,right,acetylcholine,middle_leg,NA
leg_tactile,720575941515667802,SNta37,bristle_neuron,middle_leg_bristle_neuron,sensory,NA,left,acetylcholine,middle_leg,NA
leg_tactile,720575941643995000,SNxxxx,bristle_neuron,front_leg_bristle_neuron,sensory,NA,right,acetylcholine,front_leg,NA
leg_tactile,720575941565352082,SNta20,bristle_neuron,hind_leg_bristle_neuron,sensory,NA,right,acetylcholine,hind_leg,NA
leg_tactile,720575941413767279,LgLG1b,taste_bristle_gustatory_neuron,middle_leg_taste_bristle_gustatory_neuron,sensory,NA,left,acetylcholine,middle_leg,NA
leg_tactile,720575941533174564,SNxxxx,bristle_neuron,front_leg_bristle_neuron,sensory,NA,right,acetylcholine,front_leg,NA
leg_tactile,720575941533206282,SNta29,bristle_neuron,hind_leg_bristle_neuron,sensory,NA,left,acetylcholine,hind_leg,NA
leg_tactile,720575941481247456,SNta21,bristle_neuron,front_leg_bristle_neuron,sensory,NA,right,acetylcholine,front_leg,NA
leg_tactile,720575941514149187,SNta24,bristle_neuron,front_leg_bristle_neuron,sensory,NA,left,acetylcholine,front_leg,NA
leg_tactile,720575941534448216,LgLG3,taste_bristle_gustatory_neuron,front_leg_taste_bristle_gustatory_neuron,sensory,NA,right,acetylcholine,front_leg,NA
leg_tactile,720575941533301514,SNta32,bristle_neuron,front_leg_bristle_neuron,sensory,NA,right,acetylcholine,front_leg,NA
leg_tactile,720575941597091441,SNta20,bristle_neuron,middle_leg_bristle_neuron,sensory,NA,right,acetylcholine,middle_leg,NA
leg_tactile,720575941533341194,SNta42,bristle_neuron,middle_leg_bristle_neuron,sensory,NA,right,acetylcholine,middle_leg,NA
leg_tactile,720575941497993801,SNta29,bristle_neuron,front_leg_bristle_neuron,sensory,NA,right,acetylcholine,front_leg,NA
leg_tactile,720575941431909335,SNta32,bristle_neuron,front_leg_bristle_neuron,sensory,NA,right,acetylcholine,front_leg,NA
leg_tactile,720575941638329205,SNxxxx,bristle_neuron,front_leg_bristle_neuron,sensory,NA,right,acetylcholine,front_leg,NA
leg_tactile,720575941533422116,SNxxxx,bristle_neuron,front_leg_bristle_neuron,sensory,NA,right,acetylcholine,front_leg,NA
leg_tactile,720575941549124724,SNta32,bristle_neuron,hind_leg_bristle_neuron,sensory,NA,right,acetylcholine,hind_leg,NA
leg_tactile,720575941414245777,SNta41,bristle_neuron,front_leg_bristle_neuron,sensory,NA,right,acetylcholine,front_leg,NA
leg_tactile,720575941619007615,SNta35,bristle_neuron,middle_leg_bristle_neuron,sensory,NA,right,acetylcholine,middle_leg,NA
leg_tactile,720575941533426980,SNta32,bristle_neuron,front_leg_bristle_neuron,sensory,NA,right,acetylcholine,front_leg,NA
leg_tactile,720575941462506707,LgLG1b,taste_bristle_gustatory_neuron,front_leg_taste_bristle_gustatory_neuron,sensory,NA,right,glutamate,front_leg,NA
leg_tactile,720575941533451812,SNta40,bristle_neuron,front_leg_bristle_neuron,sensory,NA,right,acetylcholine,front_leg,NA
leg_tactile,720575941533455396,SNxxxx,bristle_neuron,front_leg_bristle_neuron,sensory,NA,right,acetylcholine,front_leg,NA
leg_tactile,720575941448739509,SNxxxx,bristle_neuron,front_leg_bristle_neuron,sensory,NA,right,acetylcholine,front_leg,NA
leg_tactile,720575941430113455,SNta41,bristle_neuron,front_leg_bristle_neuron,sensory,NA,right,acetylcholine,front_leg,NA
leg_tactile,720575941559134190,SNta32,bristle_neuron,front_leg_bristle_neuron,sensory,NA,right,acetylcholine,front_leg,NA
leg_tactile,720575941611348457,SNta35,bristle_neuron,middle_leg_bristle_neuron,sensory,NA,right,acetylcholine,middle_leg,NA
leg_tactile,720575941476060721,SNxxxx,bristle_neuron,front_leg_bristle_neuron,sensory,NA,right,acetylcholine,front_leg,NA
leg_tactile,720575941528902840,SNta29,bristle_neuron,front_leg_bristle_neuron,sensory,NA,right,acetylcholine,front_leg,NA
leg_tactile,720575941407435823,SNta44,bristle_neuron,front_leg_bristle_neuron,sensory,NA,right,acetylcholine,front_leg,NA
leg_tactile,720575941533516580,SNta41,bristle_neuron,front_leg_bristle_neuron,sensory,NA,right,acetylcholine,front_leg,NA
leg_tactile,720575941533516836,SNta44,bristle_neuron,front_leg_bristle_neuron,sensory,NA,right,acetylcholine,front_leg,NA
leg_tactile,720575941564826466,SNta42,bristle_neuron,front_leg_bristle_neuron,sensory,NA,right,acetylcholine,front_leg,NA
leg_tactile,720575941533517604,SNta31,bristle_neuron,front_leg_bristle_neuron,sensory,NA,right,acetylcholine,front_leg,NA
leg_tactile,720575941587725278,LgLG1b,taste_bristle_gustatory_neuron,front_leg_taste_bristle_gustatory_neuron,sensory,NA,right,acetylcholine,front_leg,NA
leg_tactile,720575941533518372,SNta29,bristle_neuron,front_leg_bristle_neuron,sensory,NA,right,acetylcholine,front_leg,NA
leg_tactile,720575941502831959,SNta29,bristle_neuron,front_leg_bristle_neuron,sensory,NA,right,acetylcholine,front_leg,NA
leg_tactile,720575941687778166,SNta32,bristle_neuron,front_leg_bristle_neuron,sensory,NA,right,acetylcholine,front_leg,NA
leg_tactile,720575941515744403,SNta44,bristle_neuron,front_leg_bristle_neuron,sensory,NA,right,acetylcholine,front_leg,NA
leg_tactile,720575941612336604,SNta32,bristle_neuron,front_leg_bristle_neuron,sensory,NA,right,acetylcholine,front_leg,NA
leg_tactile,720575941451866439,SNta32,bristle_neuron,front_leg_bristle_neuron,sensory,NA,right,acetylcholine,front_leg,NA
leg_tactile,720575941533521700,SNta29,bristle_neuron,front_leg_bristle_neuron,sensory,NA,right,acetylcholine,front_leg,NA
leg_tactile,720575941533521956,SNta44,bristle_neuron,front_leg_bristle_neuron,sensory,NA,right,acetylcholine,front_leg,NA
leg_tactile,720575941702140890,SNta44,bristle_neuron,front_leg_bristle_neuron,sensory,NA,right,acetylcholine,front_leg,NA
leg_tactile,720575941533522980,SNta44,bristle_neuron,front_leg_bristle_neuron,sensory,NA,right,acetylcholine,front_leg,NA
leg_tactile,720575941533559274,LgLG3,taste_bristle_gustatory_neuron,middle_leg_taste_bristle_gustatory_neuron,sensory,NA,left,acetylcholine,middle_leg,NA
leg_tactile,720575941561384237,SNta29,bristle_neuron,front_leg_bristle_neuron,sensory,NA,right,acetylcholine,front_leg,NA
leg_tactile,720575941431145569,LgLG2,taste_bristle_gustatory_neuron,hind_leg_taste_bristle_gustatory_neuron,sensory,NA,right,acetylcholine,hind_leg,NA
leg_tactile,720575941589829118,SNxxxx,bristle_neuron,front_leg_bristle_neuron,sensory,NA,right,acetylcholine,front_leg,NA
leg_tactile,720575941533628708,LgLG3,taste_bristle_gustatory_neuron,front_leg_taste_bristle_gustatory_neuron,sensory,NA,right,acetylcholine,front_leg,NA
leg_tactile,720575941465763670,SNta43,bristle_neuron,front_leg_bristle_neuron,sensory,NA,right,acetylcholine,front_leg,NA
leg_tactile,720575941564300386,SNta43,bristle_neuron,front_leg_bristle_neuron,sensory,NA,right,acetylcholine,front_leg,NA
leg_tactile,720575941430194569,SNxxxx,bristle_neuron,front_leg_bristle_neuron,sensory,NA,right,acetylcholine,front_leg,NA
leg_tactile,720575941533641252,SNta44,bristle_neuron,front_leg_bristle_neuron,sensory,NA,right,acetylcholine,front_leg,NA
leg_tactile,720575941643990392,SNta40,bristle_neuron,front_leg_bristle_neuron,sensory,NA,right,acetylcholine,front_leg,NA
leg_tactile,720575941497996361,SNxxxx,bristle_neuron,front_leg_bristle_neuron,sensory,NA,right,acetylcholine,front_leg,NA
leg_tactile,720575941533657636,SNxxxx,bristle_neuron,front_leg_bristle_neuron,sensory,NA,right,acetylcholine,front_leg,NA
leg_tactile,720575941559441779,SNta44,bristle_neuron,front_leg_bristle_neuron,sensory,NA,right,acetylcholine,front_leg,NA
leg_tactile,720575941533658148,SNta44,bristle_neuron,front_leg_bristle_neuron,sensory,NA,right,acetylcholine,front_leg,NA
leg_tactile,720575941533660708,SNta29,bristle_neuron,front_leg_bristle_neuron,sensory,NA,right,acetylcholine,front_leg,NA
leg_tactile,720575941659483416,SNta21,bristle_neuron,front_leg_bristle_neuron,sensory,NA,right,acetylcholine,front_leg,NA
leg_tactile,720575941657985872,SNta45,bristle_neuron,front_leg_bristle_neuron,sensory,NA,right,acetylcholine,front_leg,NA
leg_tactile,720575941629365561,SNta29,bristle_neuron,front_leg_bristle_neuron,sensory,NA,left,acetylcholine,front_leg,NA
leg_tactile,720575941485442370,SNta29,bristle_neuron,front_leg_bristle_neuron,sensory,NA,right,acetylcholine,front_leg,NA
leg_tactile,720575941433458391,SNta20,bristle_neuron,middle_leg_bristle_neuron,sensory,NA,left,acetylcholine,middle_leg,NA
leg_tactile,720575941533707300,SNxxxx,bristle_neuron,front_leg_bristle_neuron,sensory,NA,right,acetylcholine,front_leg,NA
leg_tactile,720575941432098062,SNta26,bristle_neuron,hind_leg_bristle_neuron,sensory,NA,right,acetylcholine,hind_leg,NA
leg_tactile,720575941565554791,LgLG4,taste_bristle_gustatory_neuron,front_leg_taste_bristle_gustatory_neuron,sensory,NA,right,acetylcholine,front_leg,NA
leg_tactile,720575941483371459,LgLG1b,taste_bristle_gustatory_neuron,front_leg_taste_bristle_gustatory_neuron,sensory,NA,right,gaba,front_leg,NA
leg_tactile,720575941565229366,SNxxxx,bristle_neuron,front_leg_bristle_neuron,sensory,NA,right,acetylcholine,front_leg,NA
leg_tactile,720575941461545104,LgLG7,taste_bristle_gustatory_neuron,front_leg_taste_bristle_gustatory_neuron,sensory,NA,right,acetylcholine,front_leg,NA
leg_tactile,720575941432414200,LgLG1b,taste_bristle_gustatory_neuron,front_leg_taste_bristle_gustatory_neuron,sensory,NA,right,acetylcholine,front_leg,NA
leg_tactile,720575941559114767,SNch14f,taste_bristle_neuron,front_leg_taste_bristle_neuron,sensory,NA,right,acetylcholine,front_leg,NA
leg_tactile,720575941533714212,SNta29,bristle_neuron,front_leg_bristle_neuron,sensory,NA,right,acetylcholine,front_leg,NA
leg_tactile,720575941536223922,LgLG1b,taste_bristle_gustatory_neuron,front_leg_taste_bristle_gustatory_neuron,sensory,NA,right,acetylcholine,front_leg,NA
leg_tactile,720575941733884971,SNta21,bristle_neuron,front_leg_bristle_neuron,sensory,NA,right,acetylcholine,front_leg,NA
leg_tactile,720575941457943533,SNta21,bristle_neuron,front_leg_bristle_neuron,sensory,NA,right,acetylcholine,front_leg,NA
leg_tactile,720575941621274239,SNta21,bristle_neuron,front_leg_bristle_neuron,sensory,NA,right,acetylcholine,front_leg,NA
leg_tactile,720575941576617103,SNta33,bristle_neuron,front_leg_bristle_neuron,sensory,NA,left,acetylcholine,front_leg,NA
leg_tactile,720575941413613716,SNxxxx,bristle_neuron,front_leg_bristle_neuron,sensory,NA,right,acetylcholine,front_leg,NA
leg_tactile,720575941523286091,SNtaxx,bristle_neuron,hind_leg_bristle_neuron,sensory,NA,left,acetylcholine,hind_leg,NA
leg_tactile,720575941613282662,SNta21,bristle_neuron,front_leg_bristle_neuron,sensory,NA,left,acetylcholine,front_leg,NA
leg_tactile,720575941482677434,LgLG2,taste_bristle_gustatory_neuron,hind_leg_taste_bristle_gustatory_neuron,sensory,NA,right,acetylcholine,hind_leg,NA
leg_tactile,720575941533736682,SNta44,bristle_neuron,hind_leg_bristle_neuron,sensory,NA,right,acetylcholine,hind_leg,NA
leg_tactile,720575941437257516,SNch10,taste_bristle_tactile_neuron,hind_leg_taste_bristle_tactile_neuron,sensory,NA,right,acetylcholine,hind_leg,NA
leg_tactile,720575941533911269,LgLG1b,taste_bristle_gustatory_neuron,front_leg_taste_bristle_gustatory_neuron,sensory,NA,right,acetylcholine,front_leg,NA
leg_tactile,720575941452443561,SNta34,bristle_neuron,hind_leg_bristle_neuron,sensory,NA,right,acetylcholine,hind_leg,NA
leg_tactile,720575941520112819,SNta45,bristle_neuron,hind_leg_bristle_neuron,sensory,NA,right,acetylcholine,hind_leg,NA
leg_tactile,720575941536724968,SNta27,bristle_neuron,hind_leg_bristle_neuron,sensory,NA,right,acetylcholine,hind_leg,NA
leg_tactile,720575941391879172,SNta44,bristle_neuron,middle_leg_bristle_neuron,sensory,NA,left,acetylcholine,middle_leg,NA
leg_tactile,720575941575975176,SNta21,bristle_neuron,middle_leg_bristle_neuron,sensory,NA,left,acetylcholine,middle_leg,NA
leg_tactile,720575941654789393,SNta21,bristle_neuron,front_leg_bristle_neuron,sensory,NA,right,acetylcholine,front_leg,NA
leg_tactile,720575941446919956,SNta26,bristle_neuron,middle_leg_bristle_neuron,sensory,NA,right,acetylcholine,middle_leg,NA
leg_tactile,720575941538115221,SNta29,bristle_neuron,middle_leg_bristle_neuron,sensory,NA,right,acetylcholine,middle_leg,NA
leg_tactile,720575941654789649,SNta20,bristle_neuron,middle_leg_bristle_neuron,sensory,NA,right,acetylcholine,middle_leg,NA
leg_tactile,720575941472878432,SNta28,bristle_neuron,middle_leg_bristle_neuron,sensory,NA,right,acetylcholine,middle_leg,NA
leg_tactile,720575941506754071,LgLG4,taste_bristle_gustatory_neuron,middle_leg_taste_bristle_gustatory_neuron,sensory,NA,left,glutamate,middle_leg,NA
leg_tactile,720575941508197761,SNta42,bristle_neuron,hind_leg_bristle_neuron,sensory,NA,left,acetylcholine,hind_leg,NA
leg_tactile,720575941650821909,SNta29,bristle_neuron,front_leg_bristle_neuron,sensory,NA,right,acetylcholine,front_leg,NA
leg_tactile,720575941534647562,LgLG2,taste_bristle_gustatory_neuron,hind_leg_taste_bristle_gustatory_neuron,sensory,NA,left,acetylcholine,hind_leg,NA
leg_tactile,720575941617126869,SNta43,bristle_neuron,middle_leg_bristle_neuron,sensory,NA,right,acetylcholine,middle_leg,NA
leg_tactile,720575941522296567,SNta29,bristle_neuron,hind_leg_bristle_neuron,sensory,NA,left,acetylcholine,hind_leg,NA
leg_tactile,720575941541632893,LgLG1b,taste_bristle_gustatory_neuron,middle_leg_taste_bristle_gustatory_neuron,sensory,NA,left,acetylcholine,middle_leg,NA
leg_tactile,720575941500998795,SNta45,bristle_neuron,middle_leg_bristle_neuron,sensory,NA,right,acetylcholine,middle_leg,NA
leg_tactile,720575941535410714,LgLG1a,taste_bristle_gustatory_neuron,hind_leg_taste_bristle_gustatory_neuron,sensory,NA,right,acetylcholine,hind_leg,NA
leg_tactile,720575941426670420,SNta38,bristle_neuron,hind_leg_bristle_neuron,sensory,NA,right,acetylcholine,hind_leg,NA
leg_tactile,720575941480218787,LgLG2,taste_bristle_gustatory_neuron,hind_leg_taste_bristle_gustatory_neuron,sensory,NA,right,acetylcholine,hind_leg,NA
leg_tactile,720575941527870541,SNta20,bristle_neuron,middle_leg_bristle_neuron,sensory,NA,left,acetylcholine,middle_leg,NA
leg_tactile,720575941354188848,SNta20,bristle_neuron,middle_leg_bristle_neuron,sensory,NA,left,acetylcholine,middle_leg,NA
leg_tactile,720575941536568725,SNta38,bristle_neuron,middle_leg_bristle_neuron,sensory,NA,right,acetylcholine,middle_leg,NA
leg_tactile,720575941537648021,SNta26,bristle_neuron,middle_leg_bristle_neuron,sensory,NA,left,acetylcholine,middle_leg,NA
leg_tactile,720575941541893149,SNta30,bristle_neuron,hind_leg_bristle_neuron,sensory,NA,right,acetylcholine,hind_leg,NA
leg_tactile,720575941656264665,SNta21,bristle_neuron,hind_leg_bristle_neuron,sensory,NA,right,acetylcholine,hind_leg,NA
leg_tactile,720575941537796045,SNta37,bristle_neuron,middle_leg_bristle_neuron,sensory,NA,right,acetylcholine,middle_leg,NA
leg_tactile,720575941589982775,SNta32,bristle_neuron,hind_leg_bristle_neuron,sensory,NA,right,acetylcholine,hind_leg,NA
leg_tactile,720575941440530495,LgLG3,taste_bristle_gustatory_neuron,hind_leg_taste_bristle_gustatory_neuron,sensory,NA,left,acetylcholine,hind_leg,NA
leg_tactile,720575941572447816,SNta44,bristle_neuron,front_leg_bristle_neuron,sensory,NA,left,acetylcholine,front_leg,NA
leg_tactile,720575941539343997,SNta32,bristle_neuron,front_leg_bristle_neuron,sensory,NA,left,acetylcholine,front_leg,NA
leg_tactile,720575941522247159,SNch10,taste_bristle_tactile_neuron,front_leg_taste_bristle_tactile_neuron,sensory,NA,left,acetylcholine,front_leg,NA
leg_tactile,720575941573694216,SNta23,bristle_neuron,hind_leg_bristle_neuron,sensory,NA,left,acetylcholine,hind_leg,NA
leg_tactile,720575941535973569,SNch10,taste_bristle_tactile_neuron,front_leg_taste_bristle_tactile_neuron,sensory,NA,left,acetylcholine,front_leg,NA
leg_tactile,720575941572425800,SNta37,bristle_neuron,hind_leg_bristle_neuron,sensory,NA,right,acetylcholine,hind_leg,NA
leg_tactile,720575941534647939,SNta20,bristle_neuron,middle_leg_bristle_neuron,sensory,NA,right,acetylcholine,middle_leg,NA
leg_tactile,720575941498146889,SNta38,bristle_neuron,hind_leg_bristle_neuron,sensory,NA,right,acetylcholine,hind_leg,NA
leg_tactile,720575941541290781,LgLG3,taste_bristle_gustatory_neuron,hind_leg_taste_bristle_gustatory_neuron,sensory,NA,left,acetylcholine,hind_leg,NA
leg_tactile,720575941547111092,SNta32,bristle_neuron,hind_leg_bristle_neuron,sensory,NA,right,acetylcholine,hind_leg,NA
leg_tactile,720575941541452829,SNta24,bristle_neuron,front_leg_bristle_neuron,sensory,NA,left,acetylcholine,front_leg,NA
leg_tactile,720575941541459485,SNta19,bristle_neuron,front_leg_bristle_neuron,sensory,NA,left,acetylcholine,front_leg,NA
leg_tactile,720575941577516377,SNta34,bristle_neuron,middle_leg_bristle_neuron,sensory,NA,left,acetylcholine,middle_leg,NA
leg_tactile,720575941555195620,SNta29,bristle_neuron,middle_leg_bristle_neuron,sensory,NA,left,acetylcholine,middle_leg,NA
leg_tactile,720575941543431868,SNta21,bristle_neuron,front_leg_bristle_neuron,sensory,NA,right,acetylcholine,front_leg,NA
leg_tactile,720575941546266804,SNta28,bristle_neuron,middle_leg_bristle_neuron,sensory,NA,left,acetylcholine,middle_leg,NA
leg_tactile,720575941543709628,SNta23,bristle_neuron,middle_leg_bristle_neuron,sensory,NA,right,acetylcholine,middle_leg,NA
leg_tactile,720575941541129597,LgLG1b,taste_bristle_gustatory_neuron,middle_leg_taste_bristle_gustatory_neuron,sensory,NA,left,glutamate,middle_leg,NA
leg_tactile,720575941544677556,LgLG4,taste_bristle_gustatory_neuron,front_leg_taste_bristle_gustatory_neuron,sensory,NA,left,acetylcholine,front_leg,NA
leg_tactile,720575941611469229,LgLG1b,taste_bristle_gustatory_neuron,front_leg_taste_bristle_gustatory_neuron,sensory,NA,right,acetylcholine,front_leg,NA
leg_tactile,720575941544841188,LgLG2,taste_bristle_gustatory_neuron,middle_leg_taste_bristle_gustatory_neuron,sensory,NA,left,acetylcholine,middle_leg,NA
leg_tactile,720575941556488868,SNta37,bristle_neuron,middle_leg_bristle_neuron,sensory,NA,left,acetylcholine,middle_leg,NA
leg_tactile,720575941644260040,SNta28,bristle_neuron,hind_leg_bristle_neuron,sensory,NA,right,acetylcholine,hind_leg,NA
leg_tactile,720575941544978916,LgLG2,taste_bristle_gustatory_neuron,middle_leg_taste_bristle_gustatory_neuron,sensory,NA,left,acetylcholine,middle_leg,NA
leg_tactile,720575941502596587,LgLG4,taste_bristle_gustatory_neuron,hind_leg_taste_bristle_gustatory_neuron,sensory,NA,right,acetylcholine,hind_leg,NA
leg_tactile,720575941503563714,SNta37,bristle_neuron,hind_leg_bristle_neuron,sensory,NA,right,acetylcholine,hind_leg,NA
leg_tactile,720575941499441531,LgLG1b,taste_bristle_gustatory_neuron,middle_leg_taste_bristle_gustatory_neuron,sensory,NA,left,acetylcholine,middle_leg,NA
leg_tactile,720575941490210766,LgLG2,taste_bristle_gustatory_neuron,middle_leg_taste_bristle_gustatory_neuron,sensory,NA,left,acetylcholine,middle_leg,NA
leg_tactile,720575941509343361,LgLG1a,taste_bristle_gustatory_neuron,middle_leg_taste_bristle_gustatory_neuron,sensory,NA,left,acetylcholine,middle_leg,NA
leg_tactile,720575941645745272,LgLG1b,taste_bristle_gustatory_neuron,middle_leg_taste_bristle_gustatory_neuron,sensory,NA,left,glutamate,middle_leg,NA
leg_tactile,720575941574099272,LgLG1b,taste_bristle_gustatory_neuron,middle_leg_taste_bristle_gustatory_neuron,sensory,NA,left,glutamate,middle_leg,NA
leg_tactile,720575941533411301,LgLG1a,taste_bristle_gustatory_neuron,middle_leg_taste_bristle_gustatory_neuron,sensory,NA,left,acetylcholine,middle_leg,NA
leg_tactile,720575941502982283,LgLG1b,taste_bristle_gustatory_neuron,middle_leg_taste_bristle_gustatory_neuron,sensory,NA,left,glutamate,middle_leg,NA
leg_tactile,720575941483951046,LgLG1a,taste_bristle_gustatory_neuron,middle_leg_taste_bristle_gustatory_neuron,sensory,NA,left,acetylcholine,middle_leg,NA
leg_tactile,720575941530817208,LgLG1b,taste_bristle_gustatory_neuron,middle_leg_taste_bristle_gustatory_neuron,sensory,NA,left,glutamate,middle_leg,NA
leg_tactile,720575941478213684,LgLG3,taste_bristle_gustatory_neuron,middle_leg_taste_bristle_gustatory_neuron,sensory,NA,left,acetylcholine,middle_leg,NA
leg_tactile,720575941545352584,SNxxxx,bristle_neuron,front_leg_bristle_neuron,sensory,NA,right,acetylcholine,front_leg,NA
leg_tactile,720575941545369961,SNta23,bristle_neuron,hind_leg_bristle_neuron,sensory,NA,left,acetylcholine,hind_leg,NA
leg_tactile,720575941589058103,SNta34,bristle_neuron,hind_leg_bristle_neuron,sensory,NA,left,acetylcholine,hind_leg,NA
leg_tactile,720575941592582251,SNta43,bristle_neuron,hind_leg_bristle_neuron,sensory,NA,left,acetylcholine,hind_leg,NA
leg_tactile,720575941573680136,SNta20,bristle_neuron,hind_leg_bristle_neuron,sensory,NA,left,acetylcholine,hind_leg,NA
leg_tactile,720575941580878969,SNta31,bristle_neuron,hind_leg_bristle_neuron,sensory,NA,left,acetylcholine,hind_leg,NA
leg_tactile,720575941507295301,SNta23,bristle_neuron,hind_leg_bristle_neuron,sensory,NA,left,acetylcholine,hind_leg,NA
leg_tactile,720575941545917876,SNta44,bristle_neuron,front_leg_bristle_neuron,sensory,NA,right,acetylcholine,front_leg,NA
leg_tactile,720575941479670914,SNta40,bristle_neuron,hind_leg_bristle_neuron,sensory,NA,left,acetylcholine,hind_leg,NA
leg_tactile,720575941507434274,SNta38,bristle_neuron,hind_leg_bristle_neuron,sensory,NA,left,acetylcholine,hind_leg,NA
leg_tactile,720575941612518108,SNtaxx,bristle_neuron,hind_leg_bristle_neuron,sensory,NA,left,acetylcholine,hind_leg,NA
leg_tactile,720575941570239476,LgLG4,taste_bristle_gustatory_neuron,hind_leg_taste_bristle_gustatory_neuron,sensory,NA,left,acetylcholine,hind_leg,NA
leg_tactile,720575941443982506,SNta34,bristle_neuron,hind_leg_bristle_neuron,sensory,NA,left,acetylcholine,hind_leg,NA
leg_tactile,720575941535932760,SNta20,bristle_neuron,hind_leg_bristle_neuron,sensory,NA,right,acetylcholine,hind_leg,NA
leg_tactile,720575941435504160,SNta24,bristle_neuron,front_leg_bristle_neuron,sensory,NA,left,acetylcholine,front_leg,NA
leg_tactile,720575941510387666,LgLG3,taste_bristle_gustatory_neuron,hind_leg_taste_bristle_gustatory_neuron,sensory,NA,left,acetylcholine,hind_leg,NA
leg_tactile,720575941560437805,SNta39,bristle_neuron,hind_leg_bristle_neuron,sensory,NA,right,acetylcholine,hind_leg,NA
leg_tactile,720575941546858632,SNta37,bristle_neuron,hind_leg_bristle_neuron,sensory,NA,right,acetylcholine,hind_leg,NA
leg_tactile,720575941664362108,SNta20,bristle_neuron,middle_leg_bristle_neuron,sensory,NA,right,acetylcholine,middle_leg,NA
leg_tactile,720575941575386511,SNta38,bristle_neuron,middle_leg_bristle_neuron,sensory,NA,right,acetylcholine,middle_leg,NA
leg_tactile,720575941413326737,SNch10,taste_bristle_tactile_neuron,front_leg_taste_bristle_tactile_neuron,sensory,NA,left,acetylcholine,front_leg,NA
leg_tactile,720575941616517333,SNch10,taste_bristle_tactile_neuron,front_leg_taste_bristle_tactile_neuron,sensory,NA,left,acetylcholine,front_leg,NA
leg_tactile,720575941410238635,SNta37,bristle_neuron,hind_leg_bristle_neuron,sensory,NA,right,acetylcholine,hind_leg,NA
leg_tactile,720575941547398515,SNta31,bristle_neuron,middle_leg_bristle_neuron,sensory,NA,left,acetylcholine,middle_leg,NA
leg_tactile,720575941482068934,SNta44,bristle_neuron,middle_leg_bristle_neuron,sensory,NA,right,acetylcholine,middle_leg,NA
leg_tactile,720575941547419763,SNta31,bristle_neuron,middle_leg_bristle_neuron,sensory,NA,left,acetylcholine,middle_leg,NA
leg_tactile,720575941547596148,LgLG2,taste_bristle_gustatory_neuron,middle_leg_taste_bristle_gustatory_neuron,sensory,NA,right,acetylcholine,middle_leg,NA
leg_tactile,720575941519923628,SNta33,bristle_neuron,front_leg_bristle_neuron,sensory,NA,right,acetylcholine,front_leg,NA
leg_tactile,720575941547924769,LgLG3,taste_bristle_gustatory_neuron,hind_leg_taste_bristle_gustatory_neuron,sensory,NA,left,acetylcholine,hind_leg,NA
leg_tactile,720575941461950864,SNta30,bristle_neuron,middle_leg_bristle_neuron,sensory,NA,left,acetylcholine,middle_leg,NA
leg_tactile,720575941439416594,SNta20,bristle_neuron,hind_leg_bristle_neuron,sensory,NA,left,acetylcholine,hind_leg,NA
leg_tactile,720575941626496364,SNta31,bristle_neuron,hind_leg_bristle_neuron,sensory,NA,right,acetylcholine,hind_leg,NA
leg_tactile,720575941550077502,SNta35,bristle_neuron,middle_leg_bristle_neuron,sensory,NA,right,acetylcholine,middle_leg,NA
leg_tactile,720575941644574840,SNta40,bristle_neuron,hind_leg_bristle_neuron,sensory,NA,left,acetylcholine,hind_leg,NA
leg_tactile,720575941550725747,SNta45,bristle_neuron,middle_leg_bristle_neuron,sensory,NA,left,acetylcholine,middle_leg,NA
leg_tactile,720575941536309994,SNta21,bristle_neuron,middle_leg_bristle_neuron,sensory,NA,left,acetylcholine,middle_leg,NA
leg_tactile,720575941550763123,SNta38,bristle_neuron,middle_leg_bristle_neuron,sensory,NA,left,acetylcholine,middle_leg,NA
leg_tactile,720575941559425139,SNta26,bristle_neuron,middle_leg_bristle_neuron,sensory,NA,left,acetylcholine,middle_leg,NA
leg_tactile,720575941561387635,SNta20,bristle_neuron,middle_leg_bristle_neuron,sensory,NA,left,acetylcholine,middle_leg,NA
leg_tactile,720575941550835059,SNta28,bristle_neuron,middle_leg_bristle_neuron,sensory,NA,left,acetylcholine,middle_leg,NA
leg_tactile,720575941550859575,LgLG8,taste_bristle_gustatory_neuron,front_leg_taste_bristle_gustatory_neuron,sensory,NA,left,acetylcholine,front_leg,NA
leg_tactile,720575941566353506,SNta20,bristle_neuron,middle_leg_bristle_neuron,sensory,NA,left,acetylcholine,middle_leg,NA
leg_tactile,720575941573595806,SNta20,bristle_neuron,middle_leg_bristle_neuron,sensory,NA,left,acetylcholine,middle_leg,NA
leg_tactile,720575941550883955,SNta44,bristle_neuron,middle_leg_bristle_neuron,sensory,NA,left,acetylcholine,middle_leg,NA
leg_tactile,720575941472298359,SNta20,bristle_neuron,middle_leg_bristle_neuron,sensory,NA,left,acetylcholine,middle_leg,NA
leg_tactile,720575941503636418,SNta26,bristle_neuron,middle_leg_bristle_neuron,sensory,NA,left,acetylcholine,middle_leg,NA
leg_tactile,720575941505973042,SNta34,bristle_neuron,middle_leg_bristle_neuron,sensory,NA,left,acetylcholine,middle_leg,NA
leg_tactile,720575941530285259,SNta28,bristle_neuron,middle_leg_bristle_neuron,sensory,NA,left,acetylcholine,middle_leg,NA
leg_tactile,720575941573241083,SNta44,bristle_neuron,middle_leg_bristle_neuron,sensory,NA,left,acetylcholine,middle_leg,NA
leg_tactile,720575941550934919,SNta32,bristle_neuron,hind_leg_bristle_neuron,sensory,NA,right,acetylcholine,hind_leg,NA
leg_tactile,720575941564651159,LgLG3,taste_bristle_gustatory_neuron,front_leg_taste_bristle_gustatory_neuron,sensory,NA,left,acetylcholine,front_leg,NA
leg_tactile,720575941403879792,SNta44,bristle_neuron,middle_leg_bristle_neuron,sensory,NA,left,acetylcholine,middle_leg,NA
leg_tactile,720575941526940326,SNta28,bristle_neuron,middle_leg_bristle_neuron,sensory,NA,left,acetylcholine,middle_leg,NA
leg_tactile,720575941563570176,SNta44,bristle_neuron,middle_leg_bristle_neuron,sensory,NA,left,acetylcholine,middle_leg,NA
leg_tactile,720575941550959219,SNta44,bristle_neuron,middle_leg_bristle_neuron,sensory,NA,left,acetylcholine,middle_leg,NA
leg_tactile,720575941550959475,SNta44,bristle_neuron,middle_leg_bristle_neuron,sensory,NA,left,acetylcholine,middle_leg,NA
leg_tactile,720575941550959731,SNta20,bristle_neuron,hind_leg_bristle_neuron,sensory,NA,left,acetylcholine,hind_leg,NA
leg_tactile,720575941446919444,SNta44,bristle_neuron,middle_leg_bristle_neuron,sensory,NA,left,acetylcholine,middle_leg,NA
leg_tactile,720575941469189910,SNta44,bristle_neuron,middle_leg_bristle_neuron,sensory,NA,left,acetylcholine,middle_leg,NA
leg_tactile,720575941439302485,SNta29,bristle_neuron,front_leg_bristle_neuron,sensory,NA,left,acetylcholine,front_leg,NA
leg_tactile,720575941551125619,SNta41,bristle_neuron,middle_leg_bristle_neuron,sensory,NA,left,acetylcholine,middle_leg,NA
leg_tactile,720575941551126131,SNta44,bristle_neuron,middle_leg_bristle_neuron,sensory,NA,left,acetylcholine,middle_leg,NA
leg_tactile,720575941551127155,SNta23,bristle_neuron,middle_leg_bristle_neuron,sensory,NA,left,acetylcholine,middle_leg,NA
leg_tactile,720575941460668612,SNta44,bristle_neuron,middle_leg_bristle_neuron,sensory,NA,left,acetylcholine,middle_leg,NA
leg_tactile,720575941595302439,SNta22,bristle_neuron,middle_leg_bristle_neuron,sensory,NA,left,acetylcholine,middle_leg,NA
leg_tactile,720575941596553509,SNta23,bristle_neuron,middle_leg_bristle_neuron,sensory,NA,left,acetylcholine,middle_leg,NA
leg_tactile,720575941522099191,SNta23,bristle_neuron,middle_leg_bristle_neuron,sensory,NA,left,acetylcholine,middle_leg,NA
leg_tactile,720575941458208927,SNta31,bristle_neuron,middle_leg_bristle_neuron,sensory,NA,left,acetylcholine,middle_leg,NA
leg_tactile,720575941490229710,SNta23,bristle_neuron,middle_leg_bristle_neuron,sensory,NA,left,acetylcholine,middle_leg,NA
leg_tactile,720575941551185267,SNta31,bristle_neuron,middle_leg_bristle_neuron,sensory,NA,left,acetylcholine,middle_leg,NA
leg_tactile,720575941610960870,SNta23,bristle_neuron,middle_leg_bristle_neuron,sensory,NA,left,acetylcholine,middle_leg,NA
leg_tactile,720575941551186547,SNta23,bristle_neuron,middle_leg_bristle_neuron,sensory,NA,left,acetylcholine,middle_leg,NA
leg_tactile,720575941489436213,SNta34,bristle_neuron,middle_leg_bristle_neuron,sensory,NA,left,acetylcholine,middle_leg,NA
leg_tactile,720575941551188851,SNta31,bristle_neuron,middle_leg_bristle_neuron,sensory,NA,left,acetylcholine,middle_leg,NA
leg_tactile,720575941498795938,SNta23,bristle_neuron,middle_leg_bristle_neuron,sensory,NA,left,acetylcholine,middle_leg,NA
leg_tactile,720575941462391763,SNta20,bristle_neuron,middle_leg_bristle_neuron,sensory,NA,left,acetylcholine,middle_leg,NA
leg_tactile,720575941551190387,SNta34,bristle_neuron,middle_leg_bristle_neuron,sensory,NA,left,acetylcholine,middle_leg,NA
leg_tactile,720575941551191155,SNta31,bristle_neuron,middle_leg_bristle_neuron,sensory,NA,left,acetylcholine,middle_leg,NA
leg_tactile,720575941532346315,SNta20,bristle_neuron,middle_leg_bristle_neuron,sensory,NA,left,acetylcholine,middle_leg,NA
leg_tactile,720575941537681946,SNta20,bristle_neuron,middle_leg_bristle_neuron,sensory,NA,left,acetylcholine,middle_leg,NA
leg_tactile,720575941551193971,SNta23,bristle_neuron,middle_leg_bristle_neuron,sensory,NA,left,acetylcholine,middle_leg,NA
leg_tactile,720575941551194227,SNta34,bristle_neuron,middle_leg_bristle_neuron,sensory,NA,left,acetylcholine,middle_leg,NA
leg_tactile,720575941614370969,SNta23,bristle_neuron,middle_leg_bristle_neuron,sensory,NA,left,acetylcholine,middle_leg,NA
leg_tactile,720575941551323507,SNta23,bristle_neuron,middle_leg_bristle_neuron,sensory,NA,left,acetylcholine,middle_leg,NA
leg_tactile,720575941555561626,SNta20,bristle_neuron,middle_leg_bristle_neuron,sensory,NA,left,acetylcholine,middle_leg,NA
leg_tactile,720575941472851552,SNta44,bristle_neuron,middle_leg_bristle_neuron,sensory,NA,left,acetylcholine,middle_leg,NA
leg_tactile,720575941551332723,SNta23,bristle_neuron,middle_leg_bristle_neuron,sensory,NA,left,acetylcholine,middle_leg,NA
leg_tactile,720575941489411637,SNta34,bristle_neuron,middle_leg_bristle_neuron,sensory,NA,left,acetylcholine,middle_leg,NA
leg_tactile,720575941409731631,SNta20,bristle_neuron,middle_leg_bristle_neuron,sensory,NA,left,acetylcholine,middle_leg,NA
leg_tactile,720575941553449626,SNta34,bristle_neuron,middle_leg_bristle_neuron,sensory,NA,left,acetylcholine,middle_leg,NA
leg_tactile,720575941517795756,SNta31,bristle_neuron,middle_leg_bristle_neuron,sensory,NA,left,acetylcholine,middle_leg,NA
leg_tactile,720575941489455669,SNta23,bristle_neuron,middle_leg_bristle_neuron,sensory,NA,left,acetylcholine,middle_leg,NA
leg_tactile,720575941530269643,SNta41,bristle_neuron,middle_leg_bristle_neuron,sensory,NA,left,acetylcholine,middle_leg,NA
leg_tactile,720575941489440053,SNta44,bristle_neuron,middle_leg_bristle_neuron,sensory,NA,left,acetylcholine,middle_leg,NA
leg_tactile,720575941514137155,SNta23,bristle_neuron,middle_leg_bristle_neuron,sensory,NA,left,acetylcholine,middle_leg,NA
leg_tactile,720575941551342707,SNta44,bristle_neuron,middle_leg_bristle_neuron,sensory,NA,left,acetylcholine,middle_leg,NA
leg_tactile,720575941613154150,SNta20,bristle_neuron,middle_leg_bristle_neuron,sensory,NA,left,acetylcholine,middle_leg,NA
leg_tactile,720575941518527086,SNta41,bristle_neuron,middle_leg_bristle_neuron,sensory,NA,left,acetylcholine,middle_leg,NA
leg_tactile,720575941489752265,SNta41,bristle_neuron,middle_leg_bristle_neuron,sensory,NA,left,acetylcholine,middle_leg,NA
leg_tactile,720575941576485263,SNta33,bristle_neuron,front_leg_bristle_neuron,sensory,NA,right,acetylcholine,front_leg,NA
leg_tactile,720575941492355532,SNta20,bristle_neuron,middle_leg_bristle_neuron,sensory,NA,right,acetylcholine,middle_leg,NA
leg_tactile,720575941724314938,LgLG1b,taste_bristle_gustatory_neuron,front_leg_taste_bristle_gustatory_neuron,sensory,NA,left,acetylcholine,front_leg,NA
leg_tactile,720575941458160799,LgLG3,taste_bristle_gustatory_neuron,middle_leg_taste_bristle_gustatory_neuron,sensory,NA,left,acetylcholine,middle_leg,NA
leg_tactile,720575941559152622,SNta27,bristle_neuron,hind_leg_bristle_neuron,sensory,NA,right,acetylcholine,hind_leg,NA
leg_tactile,720575941552521271,SNxxxx,bristle_neuron,front_leg_bristle_neuron,sensory,NA,left,acetylcholine,front_leg,NA
leg_tactile,720575941492818919,LgLG1a,taste_bristle_gustatory_neuron,middle_leg_taste_bristle_gustatory_neuron,sensory,NA,left,glutamate,middle_leg,NA
leg_tactile,720575941526640386,SNta43,bristle_neuron,hind_leg_bristle_neuron,sensory,NA,right,acetylcholine,hind_leg,NA
leg_tactile,720575941527681636,LgLG1b,taste_bristle_gustatory_neuron,front_leg_taste_bristle_gustatory_neuron,sensory,NA,left,glutamate,front_leg,NA
leg_tactile,720575941415674140,LgLG7,taste_bristle_gustatory_neuron,front_leg_taste_bristle_gustatory_neuron,sensory,NA,right,acetylcholine,front_leg,NA
leg_tactile,720575941472965984,LgLG3,taste_bristle_gustatory_neuron,front_leg_taste_bristle_gustatory_neuron,sensory,NA,left,acetylcholine,front_leg,NA
leg_tactile,720575941616354969,SNta20,bristle_neuron,middle_leg_bristle_neuron,sensory,NA,right,acetylcholine,middle_leg,NA
leg_tactile,720575941553028435,LgLG1b,taste_bristle_gustatory_neuron,middle_leg_taste_bristle_gustatory_neuron,sensory,NA,right,acetylcholine,middle_leg,NA
leg_tactile,720575941441280347,SNta29,bristle_neuron,front_leg_bristle_neuron,sensory,NA,left,acetylcholine,front_leg,NA
leg_tactile,720575941561395471,SNta30,bristle_neuron,middle_leg_bristle_neuron,sensory,NA,left,acetylcholine,middle_leg,NA
leg_tactile,720575941639118197,SNta38,bristle_neuron,hind_leg_bristle_neuron,sensory,NA,right,acetylcholine,hind_leg,NA
leg_tactile,720575941481470594,SNta33,bristle_neuron,front_leg_bristle_neuron,sensory,NA,left,acetylcholine,front_leg,NA
leg_tactile,720575941615301785,SNta38,bristle_neuron,front_leg_bristle_neuron,sensory,NA,left,acetylcholine,front_leg,NA
leg_tactile,720575941438398015,SNta44,bristle_neuron,front_leg_bristle_neuron,sensory,NA,left,acetylcholine,front_leg,NA
leg_tactile,720575941440692571,SNta31,bristle_neuron,front_leg_bristle_neuron,sensory,NA,left,acetylcholine,front_leg,NA
leg_tactile,720575941580785785,SNta30,bristle_neuron,front_leg_bristle_neuron,sensory,NA,right,acetylcholine,front_leg,NA
leg_tactile,720575941554158931,SNta35,bristle_neuron,middle_leg_bristle_neuron,sensory,NA,left,acetylcholine,middle_leg,NA
leg_tactile,720575941554175031,SNxxxx,bristle_neuron,front_leg_bristle_neuron,sensory,NA,left,acetylcholine,front_leg,NA
leg_tactile,720575941443974826,SNta44,bristle_neuron,front_leg_bristle_neuron,sensory,NA,left,acetylcholine,front_leg,NA
leg_tactile,720575941644437605,SNta21,bristle_neuron,hind_leg_bristle_neuron,sensory,NA,right,acetylcholine,hind_leg,NA
leg_tactile,720575941554970340,SNch10,taste_bristle_tactile_neuron,front_leg_taste_bristle_tactile_neuron,sensory,NA,left,acetylcholine,front_leg,NA
leg_tactile,720575941556736804,LgLG3,taste_bristle_gustatory_neuron,front_leg_taste_bristle_gustatory_neuron,sensory,NA,right,acetylcholine,front_leg,NA
leg_tactile,720575941476404283,SNta20,bristle_neuron,middle_leg_bristle_neuron,sensory,NA,left,acetylcholine,middle_leg,NA
leg_tactile,720575941612346332,SNta29,bristle_neuron,front_leg_bristle_neuron,sensory,NA,left,acetylcholine,front_leg,NA
leg_tactile,720575941451072605,LgLG1a,taste_bristle_gustatory_neuron,hind_leg_taste_bristle_gustatory_neuron,sensory,NA,right,acetylcholine,hind_leg,NA
leg_tactile,720575941416636956,SNta34,bristle_neuron,hind_leg_bristle_neuron,sensory,NA,left,acetylcholine,hind_leg,NA
leg_tactile,720575941570619250,SNta43,bristle_neuron,front_leg_bristle_neuron,sensory,NA,right,acetylcholine,front_leg,NA
leg_tactile,720575941557515246,SNta35,bristle_neuron,middle_leg_bristle_neuron,sensory,NA,left,acetylcholine,middle_leg,NA
leg_tactile,720575941557564142,SNta44,bristle_neuron,front_leg_bristle_neuron,sensory,NA,right,acetylcholine,front_leg,NA
leg_tactile,720575941557623923,SNta30,bristle_neuron,middle_leg_bristle_neuron,sensory,NA,left,acetylcholine,middle_leg,NA
leg_tactile,720575941594035414,SNta37,bristle_neuron,hind_leg_bristle_neuron,sensory,NA,left,acetylcholine,hind_leg,NA
leg_tactile,720575941551386484,LgLG1b,taste_bristle_gustatory_neuron,middle_leg_taste_bristle_gustatory_neuron,sensory,NA,right,acetylcholine,middle_leg,NA
leg_tactile,720575941644427208,SNta29,bristle_neuron,hind_leg_bristle_neuron,sensory,NA,right,acetylcholine,hind_leg,NA
leg_tactile,720575941558677549,SNta24,bristle_neuron,front_leg_bristle_neuron,sensory,NA,left,acetylcholine,front_leg,NA
leg_tactile,720575941467773782,SNta33,bristle_neuron,front_leg_bristle_neuron,sensory,NA,left,acetylcholine,front_leg,NA
leg_tactile,720575941558743853,SNta40,bristle_neuron,front_leg_bristle_neuron,sensory,NA,left,acetylcholine,front_leg,NA
leg_tactile,720575941551725630,SNta37,bristle_neuron,hind_leg_bristle_neuron,sensory,NA,right,acetylcholine,hind_leg,NA
leg_tactile,720575941558962547,SNxxxx,bristle_neuron,front_leg_bristle_neuron,sensory,NA,right,acetylcholine,front_leg,NA
leg_tactile,720575941558963827,SNta37,bristle_neuron,hind_leg_bristle_neuron,sensory,NA,right,acetylcholine,hind_leg,NA
leg_tactile,720575941494341552,SNta20,bristle_neuron,hind_leg_bristle_neuron,sensory,NA,left,acetylcholine,hind_leg,NA
leg_tactile,720575941536066136,LgLG1a,taste_bristle_gustatory_neuron,hind_leg_taste_bristle_gustatory_neuron,sensory,NA,right,glutamate,hind_leg,NA
leg_tactile,720575941668805041,SNta37,bristle_neuron,middle_leg_bristle_neuron,sensory,NA,right,acetylcholine,middle_leg,NA
leg_tactile,720575941476540212,LgLG3,taste_bristle_gustatory_neuron,front_leg_taste_bristle_gustatory_neuron,sensory,NA,left,acetylcholine,front_leg,NA
leg_tactile,720575941460756676,LgLG3,taste_bristle_gustatory_neuron,front_leg_taste_bristle_gustatory_neuron,sensory,NA,left,acetylcholine,front_leg,NA
leg_tactile,720575941560833831,SNta19,bristle_neuron,front_leg_bristle_neuron,sensory,NA,left,acetylcholine,front_leg,NA
leg_tactile,720575941560839207,LgLG3,taste_bristle_gustatory_neuron,front_leg_taste_bristle_gustatory_neuron,sensory,NA,left,acetylcholine,front_leg,NA
leg_tactile,720575941477512810,LgLG3,taste_bristle_gustatory_neuron,front_leg_taste_bristle_gustatory_neuron,sensory,NA,left,glutamate,front_leg,NA
leg_tactile,720575941560844327,SNxxxx,bristle_neuron,front_leg_bristle_neuron,sensory,NA,left,acetylcholine,front_leg,NA
leg_tactile,720575941572430664,SNta19,bristle_neuron,front_leg_bristle_neuron,sensory,NA,left,acetylcholine,front_leg,NA
leg_tactile,720575941560855591,LgLG8,taste_bristle_gustatory_neuron,front_leg_taste_bristle_gustatory_neuron,sensory,NA,left,acetylcholine,front_leg,NA
leg_tactile,720575941661408312,SNta29,bristle_neuron,front_leg_bristle_neuron,sensory,NA,left,acetylcholine,front_leg,NA
leg_tactile,720575941597990044,SNch10,taste_bristle_tactile_neuron,front_leg_taste_bristle_tactile_neuron,sensory,NA,left,acetylcholine,front_leg,NA
leg_tactile,720575941613020902,SNta29,bristle_neuron,front_leg_bristle_neuron,sensory,NA,left,acetylcholine,front_leg,NA
leg_tactile,720575941515743635,SNta29,bristle_neuron,front_leg_bristle_neuron,sensory,NA,left,acetylcholine,front_leg,NA
leg_tactile,720575941610920109,SNta41,bristle_neuron,front_leg_bristle_neuron,sensory,NA,left,acetylcholine,front_leg,NA
leg_tactile,720575941460226544,SNta29,bristle_neuron,front_leg_bristle_neuron,sensory,NA,left,acetylcholine,front_leg,NA
leg_tactile,720575941560886311,SNta41,bristle_neuron,front_leg_bristle_neuron,sensory,NA,left,acetylcholine,front_leg,NA
leg_tactile,720575941603770041,SNta41,bristle_neuron,front_leg_bristle_neuron,sensory,NA,left,acetylcholine,front_leg,NA
leg_tactile,720575941560886823,SNta44,bristle_neuron,front_leg_bristle_neuron,sensory,NA,left,acetylcholine,front_leg,NA
leg_tactile,720575941588993591,SNta29,bristle_neuron,front_leg_bristle_neuron,sensory,NA,left,acetylcholine,front_leg,NA
leg_tactile,720575941553455514,SNta44,bristle_neuron,front_leg_bristle_neuron,sensory,NA,left,acetylcholine,front_leg,NA
leg_tactile,720575941485462850,SNta29,bristle_neuron,front_leg_bristle_neuron,sensory,NA,left,acetylcholine,front_leg,NA
leg_tactile,720575941580757113,SNta29,bristle_neuron,front_leg_bristle_neuron,sensory,NA,left,acetylcholine,front_leg,NA
leg_tactile,720575941560891687,SNta29,bristle_neuron,front_leg_bristle_neuron,sensory,NA,left,acetylcholine,front_leg,NA
leg_tactile,720575941560891943,SNta29,bristle_neuron,front_leg_bristle_neuron,sensory,NA,left,acetylcholine,front_leg,NA
leg_tactile,720575941644433096,SNta45,bristle_neuron,hind_leg_bristle_neuron,sensory,NA,right,acetylcholine,hind_leg,NA
leg_tactile,720575941561777064,SNta37,bristle_neuron,hind_leg_bristle_neuron,sensory,NA,right,acetylcholine,hind_leg,NA
leg_tactile,720575941435067424,SNta19,bristle_neuron,hind_leg_bristle_neuron,sensory,NA,left,acetylcholine,hind_leg,NA
leg_tactile,720575941562111271,SNta41,bristle_neuron,front_leg_bristle_neuron,sensory,NA,left,acetylcholine,front_leg,NA
leg_tactile,720575941466546710,SNta29,bristle_neuron,front_leg_bristle_neuron,sensory,NA,left,acetylcholine,front_leg,NA
leg_tactile,720575941562112551,SNta41,bristle_neuron,front_leg_bristle_neuron,sensory,NA,left,acetylcholine,front_leg,NA
leg_tactile,720575941667430643,SNta29,bristle_neuron,front_leg_bristle_neuron,sensory,NA,left,acetylcholine,front_leg,NA
leg_tactile,720575941537634330,SNta20,bristle_neuron,front_leg_bristle_neuron,sensory,NA,left,acetylcholine,front_leg,NA
leg_tactile,720575941534046949,SNta44,bristle_neuron,front_leg_bristle_neuron,sensory,NA,left,acetylcholine,front_leg,NA
leg_tactile,720575941625296266,SNta29,bristle_neuron,front_leg_bristle_neuron,sensory,NA,left,acetylcholine,front_leg,NA
leg_tactile,720575941568845812,SNta29,bristle_neuron,front_leg_bristle_neuron,sensory,NA,left,acetylcholine,front_leg,NA
leg_tactile,720575941589788414,SNta41,bristle_neuron,front_leg_bristle_neuron,sensory,NA,left,acetylcholine,front_leg,NA
leg_tactile,720575941562115367,SNta29,bristle_neuron,front_leg_bristle_neuron,sensory,NA,left,acetylcholine,front_leg,NA
leg_tactile,720575941594869462,SNta29,bristle_neuron,front_leg_bristle_neuron,sensory,NA,left,acetylcholine,front_leg,NA
leg_tactile,720575941564311650,SNta44,bristle_neuron,front_leg_bristle_neuron,sensory,NA,left,acetylcholine,front_leg,NA
leg_tactile,720575941482742781,LgLG3,taste_bristle_gustatory_neuron,front_leg_taste_bristle_gustatory_neuron,sensory,NA,left,acetylcholine,front_leg,NA
leg_tactile,720575941562169383,SNxxxx,bristle_neuron,front_leg_bristle_neuron,sensory,NA,left,acetylcholine,front_leg,NA
leg_tactile,720575941562169895,SNxxxx,bristle_neuron,front_leg_bristle_neuron,sensory,NA,left,acetylcholine,front_leg,NA
leg_tactile,720575941562170407,SNta30,bristle_neuron,front_leg_bristle_neuron,sensory,NA,left,acetylcholine,front_leg,NA
leg_tactile,720575941562178599,LgLG1b,taste_bristle_gustatory_neuron,front_leg_taste_bristle_gustatory_neuron,sensory,NA,left,glutamate,front_leg,NA
leg_tactile,720575941562179367,LgLG3,taste_bristle_gustatory_neuron,front_leg_taste_bristle_gustatory_neuron,sensory,NA,left,acetylcholine,front_leg,NA
leg_tactile,720575941672363431,LgLG1b,taste_bristle_gustatory_neuron,front_leg_taste_bristle_gustatory_neuron,sensory,NA,left,acetylcholine,front_leg,NA
leg_tactile,720575941555521178,LgLG1b,taste_bristle_gustatory_neuron,front_leg_taste_bristle_gustatory_neuron,sensory,NA,left,acetylcholine,front_leg,NA
leg_tactile,720575941575787273,LgLG1b,taste_bristle_gustatory_neuron,front_leg_taste_bristle_gustatory_neuron,sensory,NA,left,acetylcholine,front_leg,NA
leg_tactile,720575941704201178,LgLG1b,taste_bristle_gustatory_neuron,front_leg_taste_bristle_gustatory_neuron,sensory,NA,left,acetylcholine,front_leg,NA
leg_tactile,720575941505574338,LgLG1b,taste_bristle_gustatory_neuron,front_leg_taste_bristle_gustatory_neuron,sensory,NA,left,acetylcholine,front_leg,NA
leg_tactile,720575941436359310,LgLG1b,taste_bristle_gustatory_neuron,front_leg_taste_bristle_gustatory_neuron,sensory,NA,left,acetylcholine,front_leg,NA
leg_tactile,720575941491707081,LgLG1b,taste_bristle_gustatory_neuron,front_leg_taste_bristle_gustatory_neuron,sensory,NA,left,acetylcholine,front_leg,NA
leg_tactile,720575941499040891,LgLG3,taste_bristle_gustatory_neuron,front_leg_taste_bristle_gustatory_neuron,sensory,NA,left,glutamate,front_leg,NA
leg_tactile,720575941430151928,LgLG3,taste_bristle_gustatory_neuron,front_leg_taste_bristle_gustatory_neuron,sensory,NA,left,acetylcholine,front_leg,NA
leg_tactile,720575941573904649,LgLG5,taste_bristle_gustatory_neuron,front_leg_taste_bristle_gustatory_neuron,sensory,NA,left,acetylcholine,front_leg,NA
leg_tactile,720575941562206503,LgLG7,taste_bristle_gustatory_neuron,front_leg_taste_bristle_gustatory_neuron,sensory,NA,left,glutamate,front_leg,NA
leg_tactile,720575941562206759,SNch14f,taste_bristle_neuron,front_leg_taste_bristle_neuron,sensory,NA,left,gaba,front_leg,NA
leg_tactile,720575941522114551,LgLG7,taste_bristle_gustatory_neuron,front_leg_taste_bristle_gustatory_neuron,sensory,NA,left,acetylcholine,front_leg,NA
leg_tactile,720575941562208807,SNta30,bristle_neuron,front_leg_bristle_neuron,sensory,NA,left,acetylcholine,front_leg,NA
leg_tactile,720575941643074386,LgLG4,taste_bristle_gustatory_neuron,front_leg_taste_bristle_gustatory_neuron,sensory,NA,left,acetylcholine,front_leg,NA
leg_tactile,720575941562210855,LgLG3,taste_bristle_gustatory_neuron,front_leg_taste_bristle_gustatory_neuron,sensory,NA,left,acetylcholine,front_leg,NA
leg_tactile,720575941562221607,SNta40,bristle_neuron,front_leg_bristle_neuron,sensory,NA,left,acetylcholine,front_leg,NA
leg_tactile,720575941492366055,SNta44,bristle_neuron,front_leg_bristle_neuron,sensory,NA,left,acetylcholine,front_leg,NA
leg_tactile,720575941562222375,SNta44,bristle_neuron,front_leg_bristle_neuron,sensory,NA,left,acetylcholine,front_leg,NA
leg_tactile,720575941476149022,SNta44,bristle_neuron,front_leg_bristle_neuron,sensory,NA,left,acetylcholine,front_leg,NA
leg_tactile,720575941515009529,SNta38,bristle_neuron,front_leg_bristle_neuron,sensory,NA,left,acetylcholine,front_leg,NA
leg_tactile,720575941632271264,SNta44,bristle_neuron,front_leg_bristle_neuron,sensory,NA,left,acetylcholine,front_leg,NA
leg_tactile,720575941562224167,SNta44,bristle_neuron,front_leg_bristle_neuron,sensory,NA,left,acetylcholine,front_leg,NA
leg_tactile,720575941503649330,SNta44,bristle_neuron,front_leg_bristle_neuron,sensory,NA,left,acetylcholine,front_leg,NA
leg_tactile,720575941551595070,SNxxxx,bristle_neuron,front_leg_bristle_neuron,sensory,NA,left,acetylcholine,front_leg,NA
leg_tactile,720575941440267455,SNxxxx,bristle_neuron,front_leg_bristle_neuron,sensory,NA,left,acetylcholine,front_leg,NA
leg_tactile,720575941612337628,SNta44,bristle_neuron,front_leg_bristle_neuron,sensory,NA,left,acetylcholine,front_leg,NA
leg_tactile,720575941489443893,SNta38,bristle_neuron,front_leg_bristle_neuron,sensory,NA,left,acetylcholine,front_leg,NA
leg_tactile,720575941527012774,SNta44,bristle_neuron,front_leg_bristle_neuron,sensory,NA,left,acetylcholine,front_leg,NA
leg_tactile,720575941580761465,SNta45,bristle_neuron,front_leg_bristle_neuron,sensory,NA,left,acetylcholine,front_leg,NA
leg_tactile,720575941562227239,SNta45,bristle_neuron,front_leg_bristle_neuron,sensory,NA,left,acetylcholine,front_leg,NA
leg_tactile,720575941687765878,SNta44,bristle_neuron,front_leg_bristle_neuron,sensory,NA,left,acetylcholine,front_leg,NA
leg_tactile,720575941590460556,SNta44,bristle_neuron,front_leg_bristle_neuron,sensory,NA,left,acetylcholine,front_leg,NA
leg_tactile,720575941652621073,SNta45,bristle_neuron,front_leg_bristle_neuron,sensory,NA,left,acetylcholine,front_leg,NA
leg_tactile,720575941534948289,SNta43,bristle_neuron,hind_leg_bristle_neuron,sensory,NA,right,acetylcholine,hind_leg,NA
leg_tactile,720575941594346277,SNta39,bristle_neuron,hind_leg_bristle_neuron,sensory,NA,left,acetylcholine,hind_leg,NA
leg_tactile,720575941563294110,SNta38,bristle_neuron,front_leg_bristle_neuron,sensory,NA,left,acetylcholine,front_leg,NA
leg_tactile,720575941507335458,SNta38,bristle_neuron,front_leg_bristle_neuron,sensory,NA,left,gaba,front_leg,NA
leg_tactile,720575941722278202,SNch10,taste_bristle_tactile_neuron,front_leg_taste_bristle_tactile_neuron,sensory,NA,left,acetylcholine,front_leg,NA
leg_tactile,720575941439676716,SNta20,bristle_neuron,hind_leg_bristle_neuron,sensory,NA,left,acetylcholine,hind_leg,NA
leg_tactile,720575941485576002,LgLG1a,taste_bristle_gustatory_neuron,hind_leg_taste_bristle_gustatory_neuron,sensory,NA,right,acetylcholine,hind_leg,NA
leg_tactile,720575941594859633,LgLG3,taste_bristle_gustatory_neuron,middle_leg_taste_bristle_gustatory_neuron,sensory,NA,left,acetylcholine,middle_leg,NA
leg_tactile,720575941443951530,SNta29,bristle_neuron,hind_leg_bristle_neuron,sensory,NA,right,acetylcholine,hind_leg,NA
leg_tactile,720575941472813664,SNta38,bristle_neuron,front_leg_bristle_neuron,sensory,NA,left,acetylcholine,front_leg,NA
leg_tactile,720575941568374010,SNta37,bristle_neuron,hind_leg_bristle_neuron,sensory,NA,right,acetylcholine,hind_leg,NA
leg_tactile,720575941437487122,SNxxxx,bristle_neuron,front_leg_bristle_neuron,sensory,NA,right,acetylcholine,front_leg,NA
leg_tactile,720575941564191639,SNta29,bristle_neuron,middle_leg_bristle_neuron,sensory,NA,left,acetylcholine,middle_leg,NA
leg_tactile,720575941632660411,LgLG2,taste_bristle_gustatory_neuron,hind_leg_taste_bristle_gustatory_neuron,sensory,NA,right,acetylcholine,hind_leg,NA
leg_tactile,720575941431246295,SNta29,bristle_neuron,middle_leg_bristle_neuron,sensory,NA,right,acetylcholine,middle_leg,NA
leg_tactile,720575941540262093,SNta29,bristle_neuron,front_leg_bristle_neuron,sensory,NA,right,acetylcholine,front_leg,NA
leg_tactile,720575941501048459,LgLG3,taste_bristle_gustatory_neuron,hind_leg_taste_bristle_gustatory_neuron,sensory,NA,left,glutamate,hind_leg,NA
leg_tactile,720575941432184495,SNta40,bristle_neuron,front_leg_bristle_neuron,sensory,NA,right,acetylcholine,front_leg,NA
leg_tactile,720575941537081098,SNta21,bristle_neuron,hind_leg_bristle_neuron,sensory,NA,right,acetylcholine,hind_leg,NA
leg_tactile,720575941570396410,LgLG1a,taste_bristle_gustatory_neuron,middle_leg_taste_bristle_gustatory_neuron,sensory,NA,left,acetylcholine,middle_leg,NA
leg_tactile,720575941604723385,SNta20,bristle_neuron,hind_leg_bristle_neuron,sensory,NA,left,acetylcholine,hind_leg,NA
leg_tactile,720575941489408565,SNta30,bristle_neuron,front_leg_bristle_neuron,sensory,NA,right,acetylcholine,front_leg,NA
leg_tactile,720575941566978036,SNta34,bristle_neuron,middle_leg_bristle_neuron,sensory,NA,left,acetylcholine,middle_leg,NA
leg_tactile,720575941520482158,LgLG1a,taste_bristle_gustatory_neuron,middle_leg_taste_bristle_gustatory_neuron,sensory,NA,right,glutamate,middle_leg,NA
leg_tactile,720575941567026676,SNta30,bristle_neuron,middle_leg_bristle_neuron,sensory,NA,left,acetylcholine,middle_leg,NA
leg_tactile,720575941567032052,LgLG2,taste_bristle_gustatory_neuron,middle_leg_taste_bristle_gustatory_neuron,sensory,NA,left,acetylcholine,middle_leg,NA
leg_tactile,720575941572517192,SNxxxx,bristle_neuron,front_leg_bristle_neuron,sensory,NA,right,acetylcholine,front_leg,NA
leg_tactile,720575941616762837,SNta25,bristle_neuron,front_leg_bristle_neuron,sensory,NA,left,acetylcholine,front_leg,NA
leg_tactile,720575941550813473,SNta25,bristle_neuron,front_leg_bristle_neuron,sensory,NA,left,acetylcholine,front_leg,NA
leg_tactile,720575941553708954,SNta19,bristle_neuron,middle_leg_bristle_neuron,sensory,NA,left,acetylcholine,middle_leg,NA
leg_tactile,720575941554560666,LgLG1b,taste_bristle_gustatory_neuron,hind_leg_taste_bristle_gustatory_neuron,sensory,NA,right,acetylcholine,hind_leg,NA
leg_tactile,720575941548955197,SNta19,bristle_neuron,hind_leg_bristle_neuron,sensory,NA,right,acetylcholine,hind_leg,NA
leg_tactile,720575941541610076,SNta37,bristle_neuron,hind_leg_bristle_neuron,sensory,NA,right,acetylcholine,hind_leg,NA
leg_tactile,720575941545857212,SNta28,bristle_neuron,hind_leg_bristle_neuron,sensory,NA,left,acetylcholine,hind_leg,NA
leg_tactile,720575941619243135,SNta44,bristle_neuron,hind_leg_bristle_neuron,sensory,NA,left,acetylcholine,hind_leg,NA
leg_tactile,720575941475862058,SNta25,bristle_neuron,middle_leg_bristle_neuron,sensory,NA,left,acetylcholine,middle_leg,NA
leg_tactile,720575941571020702,SNta42,bristle_neuron,front_leg_bristle_neuron,sensory,NA,left,acetylcholine,front_leg,NA
leg_tactile,720575941434926112,SNta28,bristle_neuron,hind_leg_bristle_neuron,sensory,NA,right,acetylcholine,hind_leg,NA
leg_tactile,720575941510486544,SNta42,bristle_neuron,hind_leg_bristle_neuron,sensory,NA,right,acetylcholine,hind_leg,NA
leg_tactile,720575941574564495,SNta44,bristle_neuron,middle_leg_bristle_neuron,sensory,NA,left,acetylcholine,middle_leg,NA
leg_tactile,720575941498808994,SNta30,bristle_neuron,middle_leg_bristle_neuron,sensory,NA,left,acetylcholine,middle_leg,NA
leg_tactile,720575941470930496,SNta45,bristle_neuron,middle_leg_bristle_neuron,sensory,NA,left,acetylcholine,middle_leg,NA
leg_tactile,720575941577508953,LgLG3,taste_bristle_gustatory_neuron,middle_leg_taste_bristle_gustatory_neuron,sensory,NA,left,acetylcholine,middle_leg,NA
leg_tactile,720575941510308818,SNta45,bristle_neuron,middle_leg_bristle_neuron,sensory,NA,left,acetylcholine,middle_leg,NA
leg_tactile,720575941572010397,SNta40,bristle_neuron,front_leg_bristle_neuron,sensory,NA,right,acetylcholine,front_leg,NA
leg_tactile,720575941451628878,LgLG1b,taste_bristle_gustatory_neuron,middle_leg_taste_bristle_gustatory_neuron,sensory,NA,right,acetylcholine,middle_leg,NA
leg_tactile,720575941487014864,SNta40,bristle_neuron,hind_leg_bristle_neuron,sensory,NA,left,acetylcholine,hind_leg,NA
leg_tactile,720575941572423177,SNta35,bristle_neuron,middle_leg_bristle_neuron,sensory,NA,right,acetylcholine,middle_leg,NA
leg_tactile,720575941541492572,SNta38,bristle_neuron,middle_leg_bristle_neuron,sensory,NA,left,acetylcholine,middle_leg,NA
leg_tactile,720575941669289649,SNta29,bristle_neuron,middle_leg_bristle_neuron,sensory,NA,left,acetylcholine,middle_leg,NA
leg_tactile,720575941497988681,SNta29,bristle_neuron,front_leg_bristle_neuron,sensory,NA,right,acetylcholine,front_leg,NA
leg_tactile,720575941594354981,SNta28,bristle_neuron,hind_leg_bristle_neuron,sensory,NA,right,acetylcholine,hind_leg,NA
leg_tactile,720575941503508162,SNta28,bristle_neuron,hind_leg_bristle_neuron,sensory,NA,left,acetylcholine,hind_leg,NA
leg_tactile,720575941640184437,SNta21,bristle_neuron,hind_leg_bristle_neuron,sensory,NA,right,acetylcholine,hind_leg,NA
leg_tactile,720575941644426184,SNta27,bristle_neuron,hind_leg_bristle_neuron,sensory,NA,right,acetylcholine,hind_leg,NA
leg_tactile,720575941573240733,SNta44,bristle_neuron,front_leg_bristle_neuron,sensory,NA,right,acetylcholine,front_leg,NA
leg_tactile,720575941487020496,SNch10,taste_bristle_tactile_neuron,hind_leg_taste_bristle_tactile_neuron,sensory,NA,left,acetylcholine,hind_leg,NA
leg_tactile,720575941573354166,SNta44,bristle_neuron,front_leg_bristle_neuron,sensory,NA,right,gaba,front_leg,NA
leg_tactile,720575941573438501,SNta44,bristle_neuron,front_leg_bristle_neuron,sensory,NA,right,acetylcholine,front_leg,NA
leg_tactile,720575941573513765,SNta44,bristle_neuron,front_leg_bristle_neuron,sensory,NA,right,acetylcholine,front_leg,NA
leg_tactile,720575941658113616,SNta32,bristle_neuron,front_leg_bristle_neuron,sensory,NA,right,acetylcholine,front_leg,NA
leg_tactile,720575941625344394,SNta35,bristle_neuron,middle_leg_bristle_neuron,sensory,NA,left,acetylcholine,middle_leg,NA
leg_tactile,720575941573656631,SNta35,bristle_neuron,middle_leg_bristle_neuron,sensory,NA,left,acetylcholine,middle_leg,NA
leg_tactile,720575941573874231,SNta35,bristle_neuron,middle_leg_bristle_neuron,sensory,NA,left,acetylcholine,middle_leg,NA
leg_tactile,720575941543766533,SNta34,bristle_neuron,front_leg_bristle_neuron,sensory,NA,right,acetylcholine,front_leg,NA
leg_tactile,720575941580804473,SNxxxx,bristle_neuron,front_leg_bristle_neuron,sensory,NA,right,acetylcholine,front_leg,NA
leg_tactile,720575941494149502,SNta28,bristle_neuron,hind_leg_bristle_neuron,sensory,NA,right,acetylcholine,hind_leg,NA
leg_tactile,720575941574518821,SNta25,bristle_neuron,front_leg_bristle_neuron,sensory,NA,right,acetylcholine,front_leg,NA
leg_tactile,720575941442066111,SNta21,bristle_neuron,hind_leg_bristle_neuron,sensory,NA,right,acetylcholine,hind_leg,NA
leg_tactile,720575941575224936,SNta30,bristle_neuron,front_leg_bristle_neuron,sensory,NA,right,acetylcholine,front_leg,NA
leg_tactile,720575941507460446,SNta37,bristle_neuron,hind_leg_bristle_neuron,sensory,NA,right,acetylcholine,hind_leg,NA
leg_tactile,720575941569046266,SNta32,bristle_neuron,hind_leg_bristle_neuron,sensory,NA,right,acetylcholine,hind_leg,NA
leg_tactile,720575941485561922,SNta41,bristle_neuron,front_leg_bristle_neuron,sensory,NA,right,gaba,front_leg,NA
leg_tactile,720575941575691353,SNta32,bristle_neuron,hind_leg_bristle_neuron,sensory,NA,right,acetylcholine,hind_leg,NA
leg_tactile,720575941575722073,SNta23,bristle_neuron,middle_leg_bristle_neuron,sensory,NA,right,acetylcholine,middle_leg,NA
leg_tactile,720575941534106968,SNta41,bristle_neuron,front_leg_bristle_neuron,sensory,NA,right,acetylcholine,front_leg,NA
leg_tactile,720575941538042610,SNta42,bristle_neuron,middle_leg_bristle_neuron,sensory,NA,right,acetylcholine,middle_leg,NA
leg_tactile,720575941576828241,SNta28,bristle_neuron,hind_leg_bristle_neuron,sensory,NA,right,acetylcholine,hind_leg,NA
leg_tactile,720575941426694996,SNta26,bristle_neuron,hind_leg_bristle_neuron,sensory,NA,right,acetylcholine,hind_leg,NA
leg_tactile,720575941577008465,SNta44,bristle_neuron,front_leg_bristle_neuron,sensory,NA,right,acetylcholine,front_leg,NA
leg_tactile,720575941625528731,SNta25,bristle_neuron,middle_leg_bristle_neuron,sensory,NA,right,acetylcholine,middle_leg,NA
leg_tactile,720575941497620608,SNta20,bristle_neuron,middle_leg_bristle_neuron,sensory,NA,left,acetylcholine,middle_leg,NA
leg_tactile,720575941460764868,LgLG4,taste_bristle_gustatory_neuron,hind_leg_taste_bristle_gustatory_neuron,sensory,NA,right,acetylcholine,hind_leg,NA
leg_tactile,720575941680275389,SNta25,bristle_neuron,hind_leg_bristle_neuron,sensory,NA,right,acetylcholine,hind_leg,NA
leg_tactile,720575941569107758,LgLG1b,taste_bristle_gustatory_neuron,hind_leg_taste_bristle_gustatory_neuron,sensory,NA,right,glutamate,hind_leg,NA
leg_tactile,720575941451958087,SNta30,bristle_neuron,hind_leg_bristle_neuron,sensory,NA,right,acetylcholine,hind_leg,NA
leg_tactile,720575941538543346,SNta38,bristle_neuron,front_leg_bristle_neuron,sensory,NA,right,acetylcholine,front_leg,NA
leg_tactile,720575941580388473,SNta30,bristle_neuron,front_leg_bristle_neuron,sensory,NA,left,acetylcholine,front_leg,NA
leg_tactile,720575941538525416,SNta20,bristle_neuron,hind_leg_bristle_neuron,sensory,NA,right,acetylcholine,hind_leg,NA
leg_tactile,720575941557318692,SNta45,bristle_neuron,middle_leg_bristle_neuron,sensory,NA,left,acetylcholine,middle_leg,NA
leg_tactile,720575941438593503,SNta23,bristle_neuron,middle_leg_bristle_neuron,sensory,NA,left,acetylcholine,middle_leg,NA
leg_tactile,720575941554610771,SNta26,bristle_neuron,middle_leg_bristle_neuron,sensory,NA,left,acetylcholine,middle_leg,NA
leg_tactile,720575941530419147,SNxxxx,bristle_neuron,front_leg_bristle_neuron,sensory,NA,right,acetylcholine,front_leg,NA
leg_tactile,720575941632024517,SNxxxx,bristle_neuron,front_leg_bristle_neuron,sensory,NA,right,acetylcholine,front_leg,NA
leg_tactile,720575941582539909,SNta30,bristle_neuron,front_leg_bristle_neuron,sensory,NA,left,acetylcholine,front_leg,NA
leg_tactile,720575941578901493,SNta30,bristle_neuron,hind_leg_bristle_neuron,sensory,NA,left,acetylcholine,hind_leg,NA
leg_tactile,720575941434465934,SNta44,bristle_neuron,front_leg_bristle_neuron,sensory,NA,right,acetylcholine,front_leg,NA
leg_tactile,720575941582662277,SNta24,bristle_neuron,front_leg_bristle_neuron,sensory,NA,left,acetylcholine,front_leg,NA
leg_tactile,720575941582688901,SNta24,bristle_neuron,front_leg_bristle_neuron,sensory,NA,left,acetylcholine,front_leg,NA
leg_tactile,720575941582695301,SNta24,bristle_neuron,front_leg_bristle_neuron,sensory,NA,left,acetylcholine,front_leg,NA
leg_tactile,720575941594331941,LgLG7,taste_bristle_gustatory_neuron,front_leg_taste_bristle_gustatory_neuron,sensory,NA,right,acetylcholine,front_leg,NA
leg_tactile,720575941454277289,LgLG1a,taste_bristle_gustatory_neuron,front_leg_taste_bristle_gustatory_neuron,sensory,NA,right,gaba,front_leg,NA
leg_tactile,720575941523272011,SNtaxx,bristle_neuron,front_leg_bristle_neuron,sensory,NA,right,acetylcholine,front_leg,NA
leg_tactile,720575941495113671,SNta40,bristle_neuron,front_leg_bristle_neuron,sensory,NA,left,acetylcholine,front_leg,NA
leg_tactile,720575941539438461,SNta41,bristle_neuron,front_leg_bristle_neuron,sensory,NA,left,acetylcholine,front_leg,NA
leg_tactile,720575941583193733,SNta44,bristle_neuron,front_leg_bristle_neuron,sensory,NA,left,acetylcholine,front_leg,NA
leg_tactile,720575941612454364,LgLG7,taste_bristle_gustatory_neuron,front_leg_taste_bristle_gustatory_neuron,sensory,NA,left,acetylcholine,front_leg,NA
leg_tactile,720575941583223391,SNta29,bristle_neuron,front_leg_bristle_neuron,sensory,NA,left,acetylcholine,front_leg,NA
leg_tactile,720575941461358992,SNta29,bristle_neuron,front_leg_bristle_neuron,sensory,NA,left,acetylcholine,front_leg,NA
leg_tactile,720575941583333766,SNta41,bristle_neuron,middle_leg_bristle_neuron,sensory,NA,right,acetylcholine,middle_leg,NA
leg_tactile,720575941583348063,SNta45,bristle_neuron,middle_leg_bristle_neuron,sensory,NA,left,acetylcholine,middle_leg,NA
leg_tactile,720575941448773908,SNta21,bristle_neuron,middle_leg_bristle_neuron,sensory,NA,left,acetylcholine,middle_leg,NA
leg_tactile,720575941548614433,SNta32,bristle_neuron,hind_leg_bristle_neuron,sensory,NA,right,acetylcholine,hind_leg,NA
leg_tactile,720575941515120889,SNta28,bristle_neuron,hind_leg_bristle_neuron,sensory,NA,right,acetylcholine,hind_leg,NA
leg_tactile,720575941454278057,LgLG3,taste_bristle_gustatory_neuron,hind_leg_taste_bristle_gustatory_neuron,sensory,NA,right,acetylcholine,hind_leg,NA
leg_tactile,720575941460767428,SNta36,bristle_neuron,hind_leg_bristle_neuron,sensory,NA,right,acetylcholine,hind_leg,NA
leg_tactile,720575941507438882,LgLG2,taste_bristle_gustatory_neuron,hind_leg_taste_bristle_gustatory_neuron,sensory,NA,right,acetylcholine,hind_leg,NA
leg_tactile,720575941447826452,LgLG2,taste_bristle_gustatory_neuron,hind_leg_taste_bristle_gustatory_neuron,sensory,NA,right,gaba,hind_leg,NA
leg_tactile,720575941428578900,LgLG1b,taste_bristle_gustatory_neuron,hind_leg_taste_bristle_gustatory_neuron,sensory,NA,right,acetylcholine,hind_leg,NA
leg_tactile,720575941536766947,SNta28,bristle_neuron,hind_leg_bristle_neuron,sensory,NA,right,acetylcholine,hind_leg,NA
leg_tactile,720575941552794247,SNta28,bristle_neuron,hind_leg_bristle_neuron,sensory,NA,right,acetylcholine,hind_leg,NA
leg_tactile,720575941391879940,SNta40,bristle_neuron,hind_leg_bristle_neuron,sensory,NA,right,acetylcholine,hind_leg,NA
leg_tactile,720575941606812525,SNta34,bristle_neuron,hind_leg_bristle_neuron,sensory,NA,right,acetylcholine,hind_leg,NA
leg_tactile,720575941672263847,LgLG1b,taste_bristle_gustatory_neuron,hind_leg_taste_bristle_gustatory_neuron,sensory,NA,right,acetylcholine,hind_leg,NA
leg_tactile,720575941633249723,SNta28,bristle_neuron,hind_leg_bristle_neuron,sensory,NA,right,acetylcholine,hind_leg,NA
leg_tactile,720575941551701310,SNta37,bristle_neuron,hind_leg_bristle_neuron,sensory,NA,right,acetylcholine,hind_leg,NA
leg_tactile,720575941610550249,SNta39,bristle_neuron,hind_leg_bristle_neuron,sensory,NA,right,acetylcholine,hind_leg,NA
leg_tactile,720575941612076518,SNta45,bristle_neuron,hind_leg_bristle_neuron,sensory,NA,right,acetylcholine,hind_leg,NA
leg_tactile,720575941657710104,SNta32,bristle_neuron,hind_leg_bristle_neuron,sensory,NA,right,acetylcholine,hind_leg,NA
leg_tactile,720575941687650060,SNta39,bristle_neuron,hind_leg_bristle_neuron,sensory,NA,right,acetylcholine,hind_leg,NA
leg_tactile,720575941522297523,LgLG1b,taste_bristle_gustatory_neuron,hind_leg_taste_bristle_gustatory_neuron,sensory,NA,right,glutamate,hind_leg,NA
leg_tactile,720575941503602226,SNta45,bristle_neuron,hind_leg_bristle_neuron,sensory,NA,right,acetylcholine,hind_leg,NA
leg_tactile,720575941438498623,SNta39,bristle_neuron,hind_leg_bristle_neuron,sensory,NA,right,acetylcholine,hind_leg,NA
leg_tactile,720575941505404581,SNta39,bristle_neuron,hind_leg_bristle_neuron,sensory,NA,right,acetylcholine,hind_leg,NA
leg_tactile,720575941430303736,LgLG3,taste_bristle_gustatory_neuron,hind_leg_taste_bristle_gustatory_neuron,sensory,NA,right,acetylcholine,hind_leg,NA
leg_tactile,720575941534939841,SNta37,bristle_neuron,hind_leg_bristle_neuron,sensory,NA,right,acetylcholine,hind_leg,NA
leg_tactile,720575941652780049,SNta43,bristle_neuron,hind_leg_bristle_neuron,sensory,NA,right,acetylcholine,hind_leg,NA
leg_tactile,720575941632002501,SNta31,bristle_neuron,front_leg_bristle_neuron,sensory,NA,left,acetylcholine,front_leg,NA
leg_tactile,720575941628821798,SNta38,bristle_neuron,middle_leg_bristle_neuron,sensory,NA,left,acetylcholine,middle_leg,NA
leg_tactile,720575941527685378,LgLG1b,taste_bristle_gustatory_neuron,middle_leg_taste_bristle_gustatory_neuron,sensory,NA,left,glutamate,middle_leg,NA
leg_tactile,720575941433556695,SNta29,bristle_neuron,front_leg_bristle_neuron,sensory,NA,left,acetylcholine,front_leg,NA
leg_tactile,720575941613370131,SNta24,bristle_neuron,front_leg_bristle_neuron,sensory,NA,left,acetylcholine,front_leg,NA
leg_tactile,720575941583989637,SNta24,bristle_neuron,front_leg_bristle_neuron,sensory,NA,left,acetylcholine,front_leg,NA
leg_tactile,720575941584024887,SNta37,bristle_neuron,middle_leg_bristle_neuron,sensory,NA,left,acetylcholine,middle_leg,NA
leg_tactile,720575941440579419,SNxxxx,bristle_neuron,front_leg_bristle_neuron,sensory,NA,left,acetylcholine,front_leg,NA
leg_tactile,720575941472330359,SNta19,bristle_neuron,front_leg_bristle_neuron,sensory,NA,left,acetylcholine,front_leg,NA
leg_tactile,720575941505214268,SNta19,bristle_neuron,front_leg_bristle_neuron,sensory,NA,left,acetylcholine,front_leg,NA
leg_tactile,720575941534028978,SNta23,bristle_neuron,middle_leg_bristle_neuron,sensory,NA,left,acetylcholine,middle_leg,NA
leg_tactile,720575941556493732,LgLG4,taste_bristle_gustatory_neuron,hind_leg_taste_bristle_gustatory_neuron,sensory,NA,left,acetylcholine,hind_leg,NA
leg_tactile,720575941584810206,LgLG7,taste_bristle_gustatory_neuron,front_leg_taste_bristle_gustatory_neuron,sensory,NA,right,acetylcholine,front_leg,NA
leg_tactile,720575941546371764,LgLG3,taste_bristle_gustatory_neuron,front_leg_taste_bristle_gustatory_neuron,sensory,NA,right,acetylcholine,front_leg,NA
leg_tactile,720575941499347106,SNta26,bristle_neuron,middle_leg_bristle_neuron,sensory,NA,right,acetylcholine,middle_leg,NA
leg_tactile,720575941584967390,SNta19,bristle_neuron,front_leg_bristle_neuron,sensory,NA,left,acetylcholine,front_leg,NA
leg_tactile,720575941590575358,SNta37,bristle_neuron,hind_leg_bristle_neuron,sensory,NA,right,acetylcholine,hind_leg,NA
leg_tactile,720575941500320225,SNta26,bristle_neuron,middle_leg_bristle_neuron,sensory,NA,left,acetylcholine,middle_leg,NA
leg_tactile,720575941413641620,SNta34,bristle_neuron,hind_leg_bristle_neuron,sensory,NA,right,acetylcholine,hind_leg,NA
leg_tactile,720575941501182091,SNta31,bristle_neuron,hind_leg_bristle_neuron,sensory,NA,right,acetylcholine,hind_leg,NA
leg_tactile,720575941551127551,SNta23,bristle_neuron,hind_leg_bristle_neuron,sensory,NA,right,acetylcholine,hind_leg,NA
leg_tactile,720575941604172478,SNta23,bristle_neuron,hind_leg_bristle_neuron,sensory,NA,right,acetylcholine,hind_leg,NA
leg_tactile,720575941557301156,SNta34,bristle_neuron,hind_leg_bristle_neuron,sensory,NA,right,acetylcholine,hind_leg,NA
leg_tactile,720575941432246542,SNta28,bristle_neuron,hind_leg_bristle_neuron,sensory,NA,right,acetylcholine,hind_leg,NA
leg_tactile,720575941476723521,SNta42,bristle_neuron,hind_leg_bristle_neuron,sensory,NA,right,acetylcholine,hind_leg,NA
leg_tactile,720575941431139425,SNta42,bristle_neuron,hind_leg_bristle_neuron,sensory,NA,right,acetylcholine,hind_leg,NA
leg_tactile,720575941479990691,SNta42,bristle_neuron,hind_leg_bristle_neuron,sensory,NA,right,acetylcholine,hind_leg,NA
leg_tactile,720575941540850381,SNta42,bristle_neuron,hind_leg_bristle_neuron,sensory,NA,right,acetylcholine,hind_leg,NA
leg_tactile,720575941535042241,LgLG2,taste_bristle_gustatory_neuron,middle_leg_taste_bristle_gustatory_neuron,sensory,NA,left,acetylcholine,middle_leg,NA
leg_tactile,720575941457882096,SNta31,bristle_neuron,hind_leg_bristle_neuron,sensory,NA,right,acetylcholine,hind_leg,NA
leg_tactile,720575941604025790,SNta36,bristle_neuron,hind_leg_bristle_neuron,sensory,NA,right,acetylcholine,hind_leg,NA
leg_tactile,720575941448829877,SNta32,bristle_neuron,hind_leg_bristle_neuron,sensory,NA,right,acetylcholine,hind_leg,NA
leg_tactile,720575941426807124,SNta23,bristle_neuron,hind_leg_bristle_neuron,sensory,NA,right,acetylcholine,hind_leg,NA
leg_tactile,720575941585901446,SNta23,bristle_neuron,hind_leg_bristle_neuron,sensory,NA,right,acetylcholine,hind_leg,NA
leg_tactile,720575941612513756,SNta34,bristle_neuron,hind_leg_bristle_neuron,sensory,NA,right,acetylcholine,hind_leg,NA
leg_tactile,720575941481030083,SNta23,bristle_neuron,hind_leg_bristle_neuron,sensory,NA,right,acetylcholine,hind_leg,NA
leg_tactile,720575941594351909,SNta34,bristle_neuron,hind_leg_bristle_neuron,sensory,NA,right,acetylcholine,hind_leg,NA
leg_tactile,720575941414502292,LgLG2,taste_bristle_gustatory_neuron,middle_leg_taste_bristle_gustatory_neuron,sensory,NA,left,acetylcholine,middle_leg,NA
leg_tactile,720575941587625253,SNta28,bristle_neuron,front_leg_bristle_neuron,sensory,NA,right,acetylcholine,front_leg,NA
leg_tactile,720575941558898959,SNta28,bristle_neuron,hind_leg_bristle_neuron,sensory,NA,left,acetylcholine,hind_leg,NA
leg_tactile,720575941470823543,SNxxxx,bristle_neuron,front_leg_bristle_neuron,sensory,NA,left,acetylcholine,front_leg,NA
leg_tactile,720575941536633576,SNta29,bristle_neuron,front_leg_bristle_neuron,sensory,NA,left,acetylcholine,front_leg,NA
leg_tactile,720575941476177438,SNta44,bristle_neuron,front_leg_bristle_neuron,sensory,NA,left,acetylcholine,front_leg,NA
leg_tactile,720575941588545925,SNta44,bristle_neuron,front_leg_bristle_neuron,sensory,NA,left,acetylcholine,front_leg,NA
leg_tactile,720575941588546437,SNta45,bristle_neuron,front_leg_bristle_neuron,sensory,NA,left,acetylcholine,front_leg,NA
leg_tactile,720575941610132042,SNta35,bristle_neuron,front_leg_bristle_neuron,sensory,NA,left,acetylcholine,front_leg,NA
leg_tactile,720575941565252150,SNta32,bristle_neuron,hind_leg_bristle_neuron,sensory,NA,right,acetylcholine,hind_leg,NA
leg_tactile,720575941506045207,SNta35,bristle_neuron,front_leg_bristle_neuron,sensory,NA,left,acetylcholine,front_leg,NA
leg_tactile,720575941439717932,SNta32,bristle_neuron,front_leg_bristle_neuron,sensory,NA,left,acetylcholine,front_leg,NA
leg_tactile,720575941632280736,SNta32,bristle_neuron,hind_leg_bristle_neuron,sensory,NA,left,acetylcholine,hind_leg,NA
leg_tactile,720575941482797309,SNta35,bristle_neuron,front_leg_bristle_neuron,sensory,NA,left,acetylcholine,front_leg,NA
leg_tactile,720575941462823949,SNta43,bristle_neuron,hind_leg_bristle_neuron,sensory,NA,right,acetylcholine,hind_leg,NA
leg_tactile,720575941689857944,SNta45,bristle_neuron,front_leg_bristle_neuron,sensory,NA,left,acetylcholine,front_leg,NA
leg_tactile,720575941487026640,SNta37,bristle_neuron,hind_leg_bristle_neuron,sensory,NA,right,acetylcholine,hind_leg,NA
leg_tactile,720575941588566661,SNta45,bristle_neuron,front_leg_bristle_neuron,sensory,NA,left,acetylcholine,front_leg,NA
leg_tactile,720575941594035670,SNta35,bristle_neuron,front_leg_bristle_neuron,sensory,NA,left,acetylcholine,front_leg,NA
leg_tactile,720575941687070447,SNta43,bristle_neuron,hind_leg_bristle_neuron,sensory,NA,right,acetylcholine,hind_leg,NA
leg_tactile,720575941476504628,SNta19,bristle_neuron,hind_leg_bristle_neuron,sensory,NA,right,acetylcholine,hind_leg,NA
leg_tactile,720575941417522204,SNta21,bristle_neuron,front_leg_bristle_neuron,sensory,NA,left,acetylcholine,front_leg,NA
leg_tactile,720575941588575365,SNta38,bristle_neuron,front_leg_bristle_neuron,sensory,NA,left,acetylcholine,front_leg,NA
leg_tactile,720575941669361907,SNta21,bristle_neuron,front_leg_bristle_neuron,sensory,NA,left,gaba,front_leg,NA
leg_tactile,720575941596180517,SNta21,bristle_neuron,front_leg_bristle_neuron,sensory,NA,left,acetylcholine,front_leg,NA
leg_tactile,720575941497358791,SNta21,bristle_neuron,front_leg_bristle_neuron,sensory,NA,left,gaba,front_leg,NA
leg_tactile,720575941574570127,SNta38,bristle_neuron,front_leg_bristle_neuron,sensory,NA,left,acetylcholine,front_leg,NA
leg_tactile,720575941451657038,SNta21,bristle_neuron,front_leg_bristle_neuron,sensory,NA,left,acetylcholine,front_leg,NA
leg_tactile,720575941566193303,SNta45,bristle_neuron,front_leg_bristle_neuron,sensory,NA,left,acetylcholine,front_leg,NA
leg_tactile,720575941454007859,SNch10,taste_bristle_tactile_neuron,front_leg_taste_bristle_tactile_neuron,sensory,NA,left,acetylcholine,front_leg,NA
leg_tactile,720575941588581253,SNta38,bristle_neuron,front_leg_bristle_neuron,sensory,NA,left,acetylcholine,front_leg,NA
leg_tactile,720575941722158650,SNch10,taste_bristle_tactile_neuron,front_leg_taste_bristle_tactile_neuron,sensory,NA,left,acetylcholine,front_leg,NA
leg_tactile,720575941415396497,SNta21,bristle_neuron,front_leg_bristle_neuron,sensory,NA,left,acetylcholine,front_leg,NA
leg_tactile,720575941588610437,SNta38,bristle_neuron,front_leg_bristle_neuron,sensory,NA,left,acetylcholine,front_leg,NA
leg_tactile,720575941588610693,SNta38,bristle_neuron,front_leg_bristle_neuron,sensory,NA,left,acetylcholine,front_leg,NA
leg_tactile,720575941505199420,SNta35,bristle_neuron,front_leg_bristle_neuron,sensory,NA,left,acetylcholine,front_leg,NA
leg_tactile,720575941522294263,SNta35,bristle_neuron,front_leg_bristle_neuron,sensory,NA,left,acetylcholine,front_leg,NA
leg_tactile,720575941643098962,SNta35,bristle_neuron,front_leg_bristle_neuron,sensory,NA,left,acetylcholine,front_leg,NA
leg_tactile,720575941546389940,SNta32,bristle_neuron,hind_leg_bristle_neuron,sensory,NA,left,acetylcholine,hind_leg,NA
leg_tactile,720575941588624005,SNta44,bristle_neuron,hind_leg_bristle_neuron,sensory,NA,left,acetylcholine,hind_leg,NA
leg_tactile,720575941588624261,SNta45,bristle_neuron,front_leg_bristle_neuron,sensory,NA,left,acetylcholine,front_leg,NA
leg_tactile,720575941588624517,SNta32,bristle_neuron,front_leg_bristle_neuron,sensory,NA,left,acetylcholine,front_leg,NA
leg_tactile,720575941588624773,SNta32,bristle_neuron,front_leg_bristle_neuron,sensory,NA,left,acetylcholine,front_leg,NA
leg_tactile,720575941549014900,SNta44,bristle_neuron,front_leg_bristle_neuron,sensory,NA,left,acetylcholine,front_leg,NA
leg_tactile,720575941588661381,SNta40,bristle_neuron,front_leg_bristle_neuron,sensory,NA,left,acetylcholine,front_leg,NA
leg_tactile,720575941588661637,SNta40,bristle_neuron,front_leg_bristle_neuron,sensory,NA,left,acetylcholine,front_leg,NA
leg_tactile,720575941588661893,SNxxxx,bristle_neuron,front_leg_bristle_neuron,sensory,NA,left,acetylcholine,front_leg,NA
leg_tactile,720575941588664197,SNta19,bristle_neuron,front_leg_bristle_neuron,sensory,NA,left,acetylcholine,front_leg,NA
leg_tactile,720575941588672901,SNta25,bristle_neuron,front_leg_bristle_neuron,sensory,NA,left,acetylcholine,front_leg,NA
leg_tactile,720575941553057307,LgLG3,taste_bristle_gustatory_neuron,front_leg_taste_bristle_gustatory_neuron,sensory,NA,left,acetylcholine,front_leg,NA
leg_tactile,720575941588674181,SNta30,bristle_neuron,front_leg_bristle_neuron,sensory,NA,left,acetylcholine,front_leg,NA
leg_tactile,720575941587039366,SNta35,bristle_neuron,front_leg_bristle_neuron,sensory,NA,left,acetylcholine,front_leg,NA
leg_tactile,720575941588691589,SNta35,bristle_neuron,front_leg_bristle_neuron,sensory,NA,left,acetylcholine,front_leg,NA
leg_tactile,720575941490774247,SNta35,bristle_neuron,front_leg_bristle_neuron,sensory,NA,left,acetylcholine,front_leg,NA
leg_tactile,720575941493269936,SNta38,bristle_neuron,front_leg_bristle_neuron,sensory,NA,left,gaba,front_leg,NA
leg_tactile,720575941563572736,SNta25,bristle_neuron,front_leg_bristle_neuron,sensory,NA,left,acetylcholine,front_leg,NA
leg_tactile,720575941588710021,SNta25,bristle_neuron,front_leg_bristle_neuron,sensory,NA,left,acetylcholine,front_leg,NA
leg_tactile,720575941625169516,SNta25,bristle_neuron,front_leg_bristle_neuron,sensory,NA,left,acetylcholine,front_leg,NA
leg_tactile,720575941472330871,SNxxxx,bristle_neuron,front_leg_bristle_neuron,sensory,NA,left,acetylcholine,front_leg,NA
leg_tactile,720575941515782291,SNta30,bristle_neuron,front_leg_bristle_neuron,sensory,NA,left,acetylcholine,front_leg,NA
leg_tactile,720575941547182728,SNta30,bristle_neuron,front_leg_bristle_neuron,sensory,NA,left,acetylcholine,front_leg,NA
leg_tactile,720575941535543066,LgLG3,taste_bristle_gustatory_neuron,front_leg_taste_bristle_gustatory_neuron,sensory,NA,left,acetylcholine,front_leg,NA
leg_tactile,720575941494050430,SNta30,bristle_neuron,front_leg_bristle_neuron,sensory,NA,left,acetylcholine,front_leg,NA
leg_tactile,720575941588740741,SNta45,bristle_neuron,front_leg_bristle_neuron,sensory,NA,left,acetylcholine,front_leg,NA
leg_tactile,720575941588741509,SNta45,bristle_neuron,front_leg_bristle_neuron,sensory,NA,left,acetylcholine,front_leg,NA
leg_tactile,720575941588743813,SNta45,bristle_neuron,front_leg_bristle_neuron,sensory,NA,left,acetylcholine,front_leg,NA
leg_tactile,720575941654030297,SNta35,bristle_neuron,front_leg_bristle_neuron,sensory,NA,left,acetylcholine,front_leg,NA
leg_tactile,720575941506231621,SNta35,bristle_neuron,front_leg_bristle_neuron,sensory,NA,left,acetylcholine,front_leg,NA
leg_tactile,720575941614637276,SNta35,bristle_neuron,front_leg_bristle_neuron,sensory,NA,left,acetylcholine,front_leg,NA
leg_tactile,720575941431305943,LgLG3,taste_bristle_gustatory_neuron,front_leg_taste_bristle_gustatory_neuron,sensory,NA,left,acetylcholine,front_leg,NA
leg_tactile,720575941432182959,LgLG7,taste_bristle_gustatory_neuron,front_leg_taste_bristle_gustatory_neuron,sensory,NA,left,acetylcholine,front_leg,NA
leg_tactile,720575941522254327,LgLG3,taste_bristle_gustatory_neuron,front_leg_taste_bristle_gustatory_neuron,sensory,NA,left,glutamate,front_leg,NA
leg_tactile,720575941588752517,SNta45,bristle_neuron,front_leg_bristle_neuron,sensory,NA,left,acetylcholine,front_leg,NA
leg_tactile,720575941475127648,SNta43,bristle_neuron,front_leg_bristle_neuron,sensory,NA,left,acetylcholine,front_leg,NA
leg_tactile,720575941588758405,SNta45,bristle_neuron,front_leg_bristle_neuron,sensory,NA,left,gaba,front_leg,NA
leg_tactile,720575941553162239,SNta24,bristle_neuron,front_leg_bristle_neuron,sensory,NA,left,acetylcholine,front_leg,NA
leg_tactile,720575941652758289,LgLG7,taste_bristle_gustatory_neuron,front_leg_taste_bristle_gustatory_neuron,sensory,NA,left,acetylcholine,front_leg,NA
leg_tactile,720575941612483036,SNta24,bristle_neuron,front_leg_bristle_neuron,sensory,NA,left,acetylcholine,front_leg,NA
leg_tactile,720575941574566543,SNta37,bristle_neuron,front_leg_bristle_neuron,sensory,NA,left,acetylcholine,front_leg,NA
leg_tactile,720575941610213194,SNta37,bristle_neuron,front_leg_bristle_neuron,sensory,NA,left,gaba,front_leg,NA
leg_tactile,720575941543676508,SNta37,bristle_neuron,front_leg_bristle_neuron,sensory,NA,left,gaba,front_leg,NA
leg_tactile,720575941625555658,SNta35,bristle_neuron,front_leg_bristle_neuron,sensory,NA,left,gaba,front_leg,NA
leg_tactile,720575941413600660,SNxxxx,bristle_neuron,front_leg_bristle_neuron,sensory,NA,left,acetylcholine,front_leg,NA
leg_tactile,720575941468972310,SNta35,bristle_neuron,front_leg_bristle_neuron,sensory,NA,left,acetylcholine,front_leg,NA
leg_tactile,720575941722217018,SNta38,bristle_neuron,front_leg_bristle_neuron,sensory,NA,left,gaba,front_leg,NA
leg_tactile,720575941611287654,SNta38,bristle_neuron,hind_leg_bristle_neuron,sensory,NA,left,acetylcholine,hind_leg,NA
leg_tactile,720575941589379838,SNta27,bristle_neuron,hind_leg_bristle_neuron,sensory,NA,right,acetylcholine,hind_leg,NA
leg_tactile,720575941610545385,SNta37,bristle_neuron,middle_leg_bristle_neuron,sensory,NA,right,acetylcholine,middle_leg,NA
leg_tactile,720575941589387006,SNta44,bristle_neuron,front_leg_bristle_neuron,sensory,NA,right,acetylcholine,front_leg,NA
leg_tactile,720575941505403557,SNta23,bristle_neuron,hind_leg_bristle_neuron,sensory,NA,left,acetylcholine,hind_leg,NA
leg_tactile,720575941482966726,SNta42,bristle_neuron,hind_leg_bristle_neuron,sensory,NA,left,acetylcholine,hind_leg,NA
leg_tactile,720575941417584156,LgLG1b,taste_bristle_gustatory_neuron,hind_leg_taste_bristle_gustatory_neuron,sensory,NA,left,acetylcholine,hind_leg,NA
leg_tactile,720575941459037510,SNta42,bristle_neuron,hind_leg_bristle_neuron,sensory,NA,left,acetylcholine,hind_leg,NA
leg_tactile,720575941602921401,SNtaxx,bristle_neuron,hind_leg_bristle_neuron,sensory,NA,left,acetylcholine,hind_leg,NA
leg_tactile,720575941589434450,SNta37,bristle_neuron,hind_leg_bristle_neuron,sensory,NA,left,acetylcholine,hind_leg,NA
leg_tactile,720575941589434962,SNta37,bristle_neuron,hind_leg_bristle_neuron,sensory,NA,left,acetylcholine,hind_leg,NA
leg_tactile,720575941476502580,SNta32,bristle_neuron,hind_leg_bristle_neuron,sensory,NA,left,acetylcholine,hind_leg,NA
leg_tactile,720575941643991416,SNtaxx,bristle_neuron,hind_leg_bristle_neuron,sensory,NA,left,acetylcholine,hind_leg,NA
leg_tactile,720575941589436754,SNta19,bristle_neuron,hind_leg_bristle_neuron,sensory,NA,left,acetylcholine,hind_leg,NA
leg_tactile,720575941434577550,SNta37,bristle_neuron,hind_leg_bristle_neuron,sensory,NA,left,acetylcholine,hind_leg,NA
leg_tactile,720575941549062717,SNta37,bristle_neuron,hind_leg_bristle_neuron,sensory,NA,left,acetylcholine,hind_leg,NA
leg_tactile,720575941391873796,SNta43,bristle_neuron,hind_leg_bristle_neuron,sensory,NA,left,acetylcholine,hind_leg,NA
leg_tactile,720575941493274032,SNta43,bristle_neuron,hind_leg_bristle_neuron,sensory,NA,left,acetylcholine,hind_leg,NA
leg_tactile,720575941568661618,SNta43,bristle_neuron,hind_leg_bristle_neuron,sensory,NA,left,acetylcholine,hind_leg,NA
leg_tactile,720575941549076541,SNta32,bristle_neuron,hind_leg_bristle_neuron,sensory,NA,left,acetylcholine,hind_leg,NA
leg_tactile,720575941489846217,SNtaxx,bristle_neuron,hind_leg_bristle_neuron,sensory,NA,left,acetylcholine,hind_leg,NA
leg_tactile,720575941589463122,SNta37,bristle_neuron,hind_leg_bristle_neuron,sensory,NA,left,acetylcholine,hind_leg,NA
leg_tactile,720575941589463378,SNta37,bristle_neuron,hind_leg_bristle_neuron,sensory,NA,left,acetylcholine,hind_leg,NA
leg_tactile,720575941657790744,SNta37,bristle_neuron,hind_leg_bristle_neuron,sensory,NA,left,acetylcholine,hind_leg,NA
leg_tactile,720575941457803504,SNta37,bristle_neuron,hind_leg_bristle_neuron,sensory,NA,left,acetylcholine,hind_leg,NA
leg_tactile,720575941589465170,SNtaxx,bristle_neuron,hind_leg_bristle_neuron,sensory,NA,left,acetylcholine,hind_leg,NA
leg_tactile,720575941457891056,SNta43,bristle_neuron,hind_leg_bristle_neuron,sensory,NA,left,acetylcholine,hind_leg,NA
leg_tactile,720575941597990300,SNta43,bristle_neuron,hind_leg_bristle_neuron,sensory,NA,left,acetylcholine,hind_leg,NA
leg_tactile,720575941630202082,SNta27,bristle_neuron,hind_leg_bristle_neuron,sensory,NA,left,acetylcholine,hind_leg,NA
leg_tactile,720575941589472338,SNta38,bristle_neuron,hind_leg_bristle_neuron,sensory,NA,left,acetylcholine,hind_leg,NA
leg_tactile,720575941680722877,SNta44,bristle_neuron,hind_leg_bristle_neuron,sensory,NA,left,acetylcholine,hind_leg,NA
leg_tactile,720575941440244287,LgLG1b,taste_bristle_gustatory_neuron,hind_leg_taste_bristle_gustatory_neuron,sensory,NA,left,acetylcholine,hind_leg,NA
leg_tactile,720575941589554258,SNta43,bristle_neuron,hind_leg_bristle_neuron,sensory,NA,left,acetylcholine,hind_leg,NA
leg_tactile,720575941573674504,SNta43,bristle_neuron,hind_leg_bristle_neuron,sensory,NA,left,acetylcholine,hind_leg,NA
leg_tactile,720575941589555538,SNta43,bristle_neuron,hind_leg_bristle_neuron,sensory,NA,left,acetylcholine,hind_leg,NA
leg_tactile,720575941589556050,SNta43,bristle_neuron,hind_leg_bristle_neuron,sensory,NA,left,acetylcholine,hind_leg,NA
leg_tactile,720575941507466018,SNta43,bristle_neuron,hind_leg_bristle_neuron,sensory,NA,left,acetylcholine,hind_leg,NA
leg_tactile,720575941439317471,SNta43,bristle_neuron,hind_leg_bristle_neuron,sensory,NA,left,acetylcholine,hind_leg,NA
leg_tactile,720575941589562706,SNta27,bristle_neuron,hind_leg_bristle_neuron,sensory,NA,left,acetylcholine,hind_leg,NA
leg_tactile,720575941690005144,SNta27,bristle_neuron,hind_leg_bristle_neuron,sensory,NA,left,acetylcholine,hind_leg,NA
leg_tactile,720575941566207335,SNta43,bristle_neuron,hind_leg_bristle_neuron,sensory,NA,left,acetylcholine,hind_leg,NA
leg_tactile,720575941462295952,SNta37,bristle_neuron,hind_leg_bristle_neuron,sensory,NA,left,acetylcholine,hind_leg,NA
leg_tactile,720575941589567314,SNta37,bristle_neuron,hind_leg_bristle_neuron,sensory,NA,left,acetylcholine,hind_leg,NA
leg_tactile,720575941413908113,SNta43,bristle_neuron,hind_leg_bristle_neuron,sensory,NA,left,acetylcholine,hind_leg,NA
leg_tactile,720575941589596242,SNtaxx,bristle_neuron,hind_leg_bristle_neuron,sensory,NA,left,acetylcholine,hind_leg,NA
leg_tactile,720575941480744527,SNtaxx,bristle_neuron,hind_leg_bristle_neuron,sensory,NA,left,acetylcholine,hind_leg,NA
leg_tactile,720575941430106104,SNtaxx,bristle_neuron,hind_leg_bristle_neuron,sensory,NA,left,acetylcholine,hind_leg,NA
leg_tactile,720575941466696470,SNta43,bristle_neuron,hind_leg_bristle_neuron,sensory,NA,left,acetylcholine,hind_leg,NA
leg_tactile,720575941352015920,SNta43,bristle_neuron,hind_leg_bristle_neuron,sensory,NA,left,acetylcholine,hind_leg,NA
leg_tactile,720575941547523177,LgLG1b,taste_bristle_gustatory_neuron,hind_leg_taste_bristle_gustatory_neuron,sensory,NA,left,acetylcholine,hind_leg,NA
leg_tactile,720575941518637678,LgLG3,taste_bristle_gustatory_neuron,hind_leg_taste_bristle_gustatory_neuron,sensory,NA,left,acetylcholine,hind_leg,NA
leg_tactile,720575941612095818,LgLG1b,taste_bristle_gustatory_neuron,hind_leg_taste_bristle_gustatory_neuron,sensory,NA,left,glutamate,hind_leg,NA
leg_tactile,720575941599391900,LgLG1b,taste_bristle_gustatory_neuron,hind_leg_taste_bristle_gustatory_neuron,sensory,NA,left,glutamate,hind_leg,NA
leg_tactile,720575941447031572,LgLG3,taste_bristle_gustatory_neuron,hind_leg_taste_bristle_gustatory_neuron,sensory,NA,left,acetylcholine,hind_leg,NA
leg_tactile,720575941589665874,LgLG3,taste_bristle_gustatory_neuron,hind_leg_taste_bristle_gustatory_neuron,sensory,NA,left,glutamate,hind_leg,NA
leg_tactile,720575941561387891,SNta20,bristle_neuron,hind_leg_bristle_neuron,sensory,NA,left,acetylcholine,hind_leg,NA
leg_tactile,720575941644024952,SNta31,bristle_neuron,hind_leg_bristle_neuron,sensory,NA,left,acetylcholine,hind_leg,NA
leg_tactile,720575941537631459,SNta29,bristle_neuron,hind_leg_bristle_neuron,sensory,NA,left,acetylcholine,hind_leg,NA
leg_tactile,720575941461590160,SNta29,bristle_neuron,hind_leg_bristle_neuron,sensory,NA,left,acetylcholine,hind_leg,NA
leg_tactile,720575941549251208,SNta20,bristle_neuron,hind_leg_bristle_neuron,sensory,NA,left,acetylcholine,hind_leg,NA
leg_tactile,720575941589715794,SNta20,bristle_neuron,hind_leg_bristle_neuron,sensory,NA,left,acetylcholine,hind_leg,NA
leg_tactile,720575941612541660,SNta34,bristle_neuron,hind_leg_bristle_neuron,sensory,NA,left,acetylcholine,hind_leg,NA
leg_tactile,720575941431144545,SNta34,bristle_neuron,hind_leg_bristle_neuron,sensory,NA,left,acetylcholine,hind_leg,NA
leg_tactile,720575941461607824,SNta23,bristle_neuron,hind_leg_bristle_neuron,sensory,NA,left,acetylcholine,hind_leg,NA
leg_tactile,720575941575806217,SNta20,bristle_neuron,hind_leg_bristle_neuron,sensory,NA,left,acetylcholine,hind_leg,NA
leg_tactile,720575941548597537,SNta29,bristle_neuron,hind_leg_bristle_neuron,sensory,NA,left,acetylcholine,hind_leg,NA
leg_tactile,720575941668952497,SNta37,bristle_neuron,hind_leg_bristle_neuron,sensory,NA,left,acetylcholine,hind_leg,NA
leg_tactile,720575941556488356,SNta23,bristle_neuron,hind_leg_bristle_neuron,sensory,NA,left,acetylcholine,hind_leg,NA
leg_tactile,720575941589772114,SNta42,bristle_neuron,hind_leg_bristle_neuron,sensory,NA,left,acetylcholine,hind_leg,NA
leg_tactile,720575941447846164,SNta28,bristle_neuron,hind_leg_bristle_neuron,sensory,NA,left,acetylcholine,hind_leg,NA
leg_tactile,720575941552806279,SNta42,bristle_neuron,hind_leg_bristle_neuron,sensory,NA,left,acetylcholine,hind_leg,NA
leg_tactile,720575941515130714,SNta29,bristle_neuron,hind_leg_bristle_neuron,sensory,NA,left,acetylcholine,hind_leg,NA
leg_tactile,720575941444049322,SNta36,bristle_neuron,hind_leg_bristle_neuron,sensory,NA,left,acetylcholine,hind_leg,NA
leg_tactile,720575941437267756,SNta29,bristle_neuron,hind_leg_bristle_neuron,sensory,NA,left,acetylcholine,hind_leg,NA
leg_tactile,720575941573927689,SNta29,bristle_neuron,hind_leg_bristle_neuron,sensory,NA,left,acetylcholine,hind_leg,NA
leg_tactile,720575941593932246,SNta29,bristle_neuron,hind_leg_bristle_neuron,sensory,NA,left,acetylcholine,hind_leg,NA
leg_tactile,720575941594071080,SNta20,bristle_neuron,hind_leg_bristle_neuron,sensory,NA,left,acetylcholine,hind_leg,NA
leg_tactile,720575941590469516,SNta37,bristle_neuron,hind_leg_bristle_neuron,sensory,NA,left,acetylcholine,hind_leg,NA
leg_tactile,720575941548605985,LgLG3,taste_bristle_gustatory_neuron,hind_leg_taste_bristle_gustatory_neuron,sensory,NA,left,acetylcholine,hind_leg,NA
leg_tactile,720575941484579581,LgLG3,taste_bristle_gustatory_neuron,hind_leg_taste_bristle_gustatory_neuron,sensory,NA,left,glutamate,hind_leg,NA
leg_tactile,720575941528180100,LgLG3,taste_bristle_gustatory_neuron,hind_leg_taste_bristle_gustatory_neuron,sensory,NA,left,acetylcholine,hind_leg,NA
leg_tactile,720575941590043474,LgLG1b,taste_bristle_gustatory_neuron,hind_leg_taste_bristle_gustatory_neuron,sensory,NA,left,acetylcholine,hind_leg,NA
leg_tactile,720575941638972789,LgLG3,taste_bristle_gustatory_neuron,hind_leg_taste_bristle_gustatory_neuron,sensory,NA,left,acetylcholine,hind_leg,NA
leg_tactile,720575941476623425,SNta37,bristle_neuron,hind_leg_bristle_neuron,sensory,NA,left,acetylcholine,hind_leg,NA
leg_tactile,720575941591869992,SNta37,bristle_neuron,hind_leg_bristle_neuron,sensory,NA,left,acetylcholine,hind_leg,NA
leg_tactile,720575941575206582,SNta37,bristle_neuron,hind_leg_bristle_neuron,sensory,NA,left,acetylcholine,hind_leg,NA
leg_tactile,720575941539437693,SNta37,bristle_neuron,hind_leg_bristle_neuron,sensory,NA,left,acetylcholine,hind_leg,NA
leg_tactile,720575941573928201,SNta37,bristle_neuron,hind_leg_bristle_neuron,sensory,NA,left,acetylcholine,hind_leg,NA
leg_tactile,720575941590049106,SNta39,bristle_neuron,hind_leg_bristle_neuron,sensory,NA,left,acetylcholine,hind_leg,NA
leg_tactile,720575941522298359,SNta37,bristle_neuron,hind_leg_bristle_neuron,sensory,NA,left,acetylcholine,hind_leg,NA
leg_tactile,720575941557308196,SNta37,bristle_neuron,hind_leg_bristle_neuron,sensory,NA,left,acetylcholine,hind_leg,NA
leg_tactile,720575941625052827,LgLG3,taste_bristle_gustatory_neuron,hind_leg_taste_bristle_gustatory_neuron,sensory,NA,left,acetylcholine,hind_leg,NA
leg_tactile,720575941440395455,SNta37,bristle_neuron,hind_leg_bristle_neuron,sensory,NA,left,acetylcholine,hind_leg,NA
leg_tactile,720575941487616322,SNta28,bristle_neuron,hind_leg_bristle_neuron,sensory,NA,right,acetylcholine,hind_leg,NA
leg_tactile,720575941592002088,SNta32,bristle_neuron,hind_leg_bristle_neuron,sensory,NA,left,acetylcholine,hind_leg,NA
leg_tactile,720575941572601416,SNtaxx,bristle_neuron,hind_leg_bristle_neuron,sensory,NA,left,acetylcholine,hind_leg,NA
leg_tactile,720575941490772942,SNta37,bristle_neuron,hind_leg_bristle_neuron,sensory,NA,left,acetylcholine,hind_leg,NA
leg_tactile,720575941526168601,SNta29,bristle_neuron,hind_leg_bristle_neuron,sensory,NA,left,acetylcholine,hind_leg,NA
leg_tactile,720575941474508091,SNch10,taste_bristle_tactile_neuron,hind_leg_taste_bristle_tactile_neuron,sensory,NA,right,acetylcholine,hind_leg,NA
leg_tactile,720575941463503504,LgLG1b,taste_bristle_gustatory_neuron,hind_leg_taste_bristle_gustatory_neuron,sensory,NA,left,acetylcholine,hind_leg,NA
leg_tactile,720575941463504528,LgLG1b,taste_bristle_gustatory_neuron,front_leg_taste_bristle_gustatory_neuron,sensory,NA,left,glutamate,front_leg,NA
leg_tactile,720575941628709414,SNta19,bristle_neuron,hind_leg_bristle_neuron,sensory,NA,left,acetylcholine,hind_leg,NA
leg_tactile,720575941535126762,LgLG2,taste_bristle_gustatory_neuron,hind_leg_taste_bristle_gustatory_neuron,sensory,NA,right,acetylcholine,hind_leg,NA
leg_tactile,720575941592418599,SNta43,bristle_neuron,front_leg_bristle_neuron,sensory,NA,right,acetylcholine,front_leg,NA
leg_tactile,720575941556378276,SNta45,bristle_neuron,middle_leg_bristle_neuron,sensory,NA,left,acetylcholine,middle_leg,NA
leg_tactile,720575941432116494,SNta25,bristle_neuron,middle_leg_bristle_neuron,sensory,NA,right,acetylcholine,middle_leg,NA
leg_tactile,720575941538047637,SNta44,bristle_neuron,middle_leg_bristle_neuron,sensory,NA,left,acetylcholine,middle_leg,NA
leg_tactile,720575941644005240,SNta38,bristle_neuron,hind_leg_bristle_neuron,sensory,NA,left,acetylcholine,hind_leg,NA
leg_tactile,720575941593590385,SNta39,bristle_neuron,hind_leg_bristle_neuron,sensory,NA,left,acetylcholine,hind_leg,NA
leg_tactile,720575941516191555,LgLG3,taste_bristle_gustatory_neuron,hind_leg_taste_bristle_gustatory_neuron,sensory,NA,right,acetylcholine,hind_leg,NA
leg_tactile,720575941593904517,SNta31,bristle_neuron,middle_leg_bristle_neuron,sensory,NA,left,acetylcholine,middle_leg,NA
leg_tactile,720575941532579459,SNta39,bristle_neuron,hind_leg_bristle_neuron,sensory,NA,right,acetylcholine,hind_leg,NA
leg_tactile,720575941454018611,SNta25,bristle_neuron,front_leg_bristle_neuron,sensory,NA,left,acetylcholine,front_leg,NA
leg_tactile,720575941625067675,SNta37,bristle_neuron,hind_leg_bristle_neuron,sensory,NA,right,acetylcholine,hind_leg,NA
leg_tactile,720575941643855480,SNch10,taste_bristle_tactile_neuron,front_leg_taste_bristle_tactile_neuron,sensory,NA,left,acetylcholine,front_leg,NA
leg_tactile,720575941651573269,SNta42,bristle_neuron,middle_leg_bristle_neuron,sensory,NA,left,acetylcholine,middle_leg,NA
leg_tactile,720575941460352467,SNta29,bristle_neuron,hind_leg_bristle_neuron,sensory,NA,right,acetylcholine,hind_leg,NA
leg_tactile,720575941504645611,SNta20,bristle_neuron,hind_leg_bristle_neuron,sensory,NA,right,acetylcholine,hind_leg,NA
leg_tactile,720575941595785116,SNta43,bristle_neuron,front_leg_bristle_neuron,sensory,NA,right,acetylcholine,front_leg,NA
leg_tactile,720575941595833529,SNta30,bristle_neuron,middle_leg_bristle_neuron,sensory,NA,left,acetylcholine,middle_leg,NA
leg_tactile,720575941625172076,SNta25,bristle_neuron,middle_leg_bristle_neuron,sensory,NA,left,acetylcholine,middle_leg,NA
leg_tactile,720575941596351929,SNta32,bristle_neuron,middle_leg_bristle_neuron,sensory,NA,left,acetylcholine,middle_leg,NA
leg_tactile,720575941515111673,SNta26,bristle_neuron,hind_leg_bristle_neuron,sensory,NA,right,acetylcholine,hind_leg,NA
leg_tactile,720575941629068857,LgLG3,taste_bristle_gustatory_neuron,hind_leg_taste_bristle_gustatory_neuron,sensory,NA,right,acetylcholine,hind_leg,NA
leg_tactile,720575941541602652,SNta42,bristle_neuron,hind_leg_bristle_neuron,sensory,NA,right,acetylcholine,hind_leg,NA
leg_tactile,720575941392720388,SNta44,bristle_neuron,middle_leg_bristle_neuron,sensory,NA,left,acetylcholine,middle_leg,NA
leg_tactile,720575941554344705,SNta28,bristle_neuron,hind_leg_bristle_neuron,sensory,NA,right,acetylcholine,hind_leg,NA
leg_tactile,720575941449973341,SNta45,bristle_neuron,middle_leg_bristle_neuron,sensory,NA,left,acetylcholine,middle_leg,NA
leg_tactile,720575941597823785,SNta37,bristle_neuron,middle_leg_bristle_neuron,sensory,NA,left,acetylcholine,middle_leg,NA
leg_tactile,720575941557453860,SNta43,bristle_neuron,middle_leg_bristle_neuron,sensory,NA,left,acetylcholine,middle_leg,NA
leg_tactile,720575941600635321,SNta37,bristle_neuron,middle_leg_bristle_neuron,sensory,NA,left,acetylcholine,middle_leg,NA
leg_tactile,720575941657725208,SNta43,bristle_neuron,front_leg_bristle_neuron,sensory,NA,right,acetylcholine,front_leg,NA
leg_tactile,720575941601251810,SNta43,bristle_neuron,front_leg_bristle_neuron,sensory,NA,right,acetylcholine,front_leg,NA
leg_tactile,720575941601258230,SNta23,bristle_neuron,middle_leg_bristle_neuron,sensory,NA,left,acetylcholine,middle_leg,NA
leg_tactile,720575941526639362,SNxxxx,bristle_neuron,front_leg_bristle_neuron,sensory,NA,right,gaba,front_leg,NA
leg_tactile,720575941601691174,SNta43,bristle_neuron,front_leg_bristle_neuron,sensory,NA,right,acetylcholine,front_leg,NA
leg_tactile,720575941516488953,SNta23,bristle_neuron,hind_leg_bristle_neuron,sensory,NA,right,acetylcholine,hind_leg,NA
leg_tactile,720575941602075430,SNxxxx,bristle_neuron,front_leg_bristle_neuron,sensory,NA,right,acetylcholine,front_leg,NA
leg_tactile,720575941602130726,SNta24,bristle_neuron,front_leg_bristle_neuron,sensory,NA,right,acetylcholine,front_leg,NA
leg_tactile,720575941530305483,SNta24,bristle_neuron,front_leg_bristle_neuron,sensory,NA,right,acetylcholine,front_leg,NA
leg_tactile,720575941602180390,SNta24,bristle_neuron,front_leg_bristle_neuron,sensory,NA,right,acetylcholine,front_leg,NA
leg_tactile,720575941518621294,SNta37,bristle_neuron,middle_leg_bristle_neuron,sensory,NA,left,NA,middle_leg,NA
leg_tactile,720575941460663236,SNta37,bristle_neuron,middle_leg_bristle_neuron,sensory,NA,right,acetylcholine,middle_leg,NA
leg_tactile,720575941567533415,SNta21,bristle_neuron,middle_leg_bristle_neuron,sensory,NA,left,acetylcholine,middle_leg,NA
leg_tactile,720575941689743835,SNta30,bristle_neuron,front_leg_bristle_neuron,sensory,NA,left,acetylcholine,front_leg,NA
leg_tactile,720575941604057570,LgLG2,taste_bristle_gustatory_neuron,front_leg_taste_bristle_gustatory_neuron,sensory,NA,right,acetylcholine,front_leg,NA
leg_tactile,720575941412312747,SNta21,bristle_neuron,front_leg_bristle_neuron,sensory,NA,left,gaba,front_leg,NA
leg_tactile,720575941599526953,SNta30,bristle_neuron,front_leg_bristle_neuron,sensory,NA,right,acetylcholine,front_leg,NA
leg_tactile,720575941604683046,SNta45,bristle_neuron,front_leg_bristle_neuron,sensory,NA,right,acetylcholine,front_leg,NA
leg_tactile,720575941575696136,SNta21,bristle_neuron,front_leg_bristle_neuron,sensory,NA,left,gaba,front_leg,NA
leg_tactile,720575941604916845,SNta28,bristle_neuron,middle_leg_bristle_neuron,sensory,NA,left,acetylcholine,middle_leg,NA
leg_tactile,720575941578686033,SNxxxx,bristle_neuron,front_leg_bristle_neuron,sensory,NA,right,acetylcholine,front_leg,NA
leg_tactile,720575941482161094,SNta45,bristle_neuron,front_leg_bristle_neuron,sensory,NA,right,acetylcholine,front_leg,NA
leg_tactile,720575941548509985,SNta38,bristle_neuron,front_leg_bristle_neuron,sensory,NA,left,gaba,front_leg,NA
leg_tactile,720575941510311634,SNta44,bristle_neuron,hind_leg_bristle_neuron,sensory,NA,right,acetylcholine,hind_leg,NA
leg_tactile,720575941605080034,SNta44,bristle_neuron,front_leg_bristle_neuron,sensory,NA,right,acetylcholine,front_leg,NA
leg_tactile,720575941657782808,SNta45,bristle_neuron,front_leg_bristle_neuron,sensory,NA,right,acetylcholine,front_leg,NA
leg_tactile,720575941605121574,SNxxxx,bristle_neuron,front_leg_bristle_neuron,sensory,NA,right,acetylcholine,front_leg,NA
leg_tactile,720575941506006807,SNta44,bristle_neuron,front_leg_bristle_neuron,sensory,NA,right,acetylcholine,front_leg,NA
leg_tactile,720575941605155110,SNta44,bristle_neuron,front_leg_bristle_neuron,sensory,NA,right,acetylcholine,front_leg,NA
leg_tactile,720575941658398232,SNta45,bristle_neuron,front_leg_bristle_neuron,sensory,NA,right,acetylcholine,front_leg,NA
leg_tactile,720575941612516828,LgLG5,taste_bristle_gustatory_neuron,front_leg_taste_bristle_gustatory_neuron,sensory,NA,right,acetylcholine,front_leg,NA
leg_tactile,720575941505427877,SNta43,bristle_neuron,front_leg_bristle_neuron,sensory,NA,right,acetylcholine,front_leg,NA
leg_tactile,720575941605277922,SNta19,bristle_neuron,front_leg_bristle_neuron,sensory,NA,right,acetylcholine,front_leg,NA
leg_tactile,720575941605278178,SNta30,bristle_neuron,front_leg_bristle_neuron,sensory,NA,right,acetylcholine,front_leg,NA
leg_tactile,720575941568467706,SNxxxx,bristle_neuron,front_leg_bristle_neuron,sensory,NA,right,acetylcholine,front_leg,NA
leg_tactile,720575941504849239,LgLG1b,taste_bristle_gustatory_neuron,hind_leg_taste_bristle_gustatory_neuron,sensory,NA,left,acetylcholine,hind_leg,NA
leg_tactile,720575941517802412,SNta43,bristle_neuron,front_leg_bristle_neuron,sensory,NA,right,acetylcholine,front_leg,NA
leg_tactile,720575941558945807,LgLG3,taste_bristle_gustatory_neuron,front_leg_taste_bristle_gustatory_neuron,sensory,NA,left,acetylcholine,front_leg,NA
leg_tactile,720575941571431326,LgLG4,taste_bristle_gustatory_neuron,front_leg_taste_bristle_gustatory_neuron,sensory,NA,left,acetylcholine,front_leg,NA
leg_tactile,720575941606150882,SNta44,bristle_neuron,front_leg_bristle_neuron,sensory,NA,right,acetylcholine,front_leg,NA
leg_tactile,720575941593918934,SNta45,bristle_neuron,front_leg_bristle_neuron,sensory,NA,right,acetylcholine,front_leg,NA
leg_tactile,720575941604823993,LgLG3,taste_bristle_gustatory_neuron,front_leg_taste_bristle_gustatory_neuron,sensory,NA,right,acetylcholine,front_leg,NA
leg_tactile,720575941606157794,SNxxxx,bristle_neuron,front_leg_bristle_neuron,sensory,NA,right,acetylcholine,front_leg,NA
leg_tactile,720575941590358156,SNta38,bristle_neuron,front_leg_bristle_neuron,sensory,NA,left,acetylcholine,front_leg,NA
leg_tactile,720575941606162146,SNta30,bristle_neuron,front_leg_bristle_neuron,sensory,NA,right,acetylcholine,front_leg,NA
leg_tactile,720575941534046552,SNta45,bristle_neuron,front_leg_bristle_neuron,sensory,NA,right,acetylcholine,front_leg,NA
leg_tactile,720575941689586700,SNta21,bristle_neuron,front_leg_bristle_neuron,sensory,NA,left,acetylcholine,front_leg,NA
leg_tactile,720575941443938474,SNta25,bristle_neuron,hind_leg_bristle_neuron,sensory,NA,right,acetylcholine,hind_leg,NA
leg_tactile,720575941476176689,SNta30,bristle_neuron,front_leg_bristle_neuron,sensory,NA,right,acetylcholine,front_leg,NA
leg_tactile,720575941606267245,SNta23,bristle_neuron,middle_leg_bristle_neuron,sensory,NA,left,acetylcholine,middle_leg,NA
leg_tactile,720575941406039408,SNxxxx,bristle_neuron,front_leg_bristle_neuron,sensory,NA,right,acetylcholine,front_leg,NA
leg_tactile,720575941560426029,SNta32,bristle_neuron,front_leg_bristle_neuron,sensory,NA,right,acetylcholine,front_leg,NA
leg_tactile,720575941352075568,SNxxxx,bristle_neuron,front_leg_bristle_neuron,sensory,NA,right,acetylcholine,front_leg,NA
leg_tactile,720575941631979205,SNta43,bristle_neuron,front_leg_bristle_neuron,sensory,NA,right,acetylcholine,front_leg,NA
leg_tactile,720575941580825169,SNta20,bristle_neuron,hind_leg_bristle_neuron,sensory,NA,right,acetylcholine,hind_leg,NA
leg_tactile,720575941547217288,SNta29,bristle_neuron,front_leg_bristle_neuron,sensory,NA,left,acetylcholine,front_leg,NA
leg_tactile,720575941551100733,SNta20,bristle_neuron,hind_leg_bristle_neuron,sensory,NA,right,acetylcholine,hind_leg,NA
leg_tactile,720575941573580552,SNta42,bristle_neuron,front_leg_bristle_neuron,sensory,NA,right,acetylcholine,front_leg,NA
leg_tactile,720575941568638578,SNta44,bristle_neuron,middle_leg_bristle_neuron,sensory,NA,left,acetylcholine,middle_leg,NA
leg_tactile,720575941518854360,SNta26,bristle_neuron,hind_leg_bristle_neuron,sensory,NA,right,acetylcholine,hind_leg,NA
leg_tactile,720575941537161665,SNta21,bristle_neuron,hind_leg_bristle_neuron,sensory,NA,right,acetylcholine,hind_leg,NA
leg_tactile,720575941609462886,SNta44,bristle_neuron,middle_leg_bristle_neuron,sensory,NA,left,acetylcholine,middle_leg,NA
leg_tactile,720575941609670246,SNta37,bristle_neuron,middle_leg_bristle_neuron,sensory,NA,right,acetylcholine,middle_leg,NA
leg_tactile,720575941476178737,SNta37,bristle_neuron,hind_leg_bristle_neuron,sensory,NA,left,acetylcholine,hind_leg,NA
leg_tactile,720575941609977065,LgLG2,taste_bristle_gustatory_neuron,middle_leg_taste_bristle_gustatory_neuron,sensory,NA,left,acetylcholine,middle_leg,NA
leg_tactile,720575941610063334,LgLG4,taste_bristle_gustatory_neuron,front_leg_taste_bristle_gustatory_neuron,sensory,NA,left,acetylcholine,front_leg,NA
leg_tactile,720575941515574371,SNxxxx,bristle_neuron,front_leg_bristle_neuron,sensory,NA,left,acetylcholine,front_leg,NA
leg_tactile,720575941413410449,SNta42,bristle_neuron,hind_leg_bristle_neuron,sensory,NA,right,acetylcholine,hind_leg,NA
leg_tactile,720575941597006449,LgLG1b,taste_bristle_gustatory_neuron,hind_leg_taste_bristle_gustatory_neuron,sensory,NA,left,acetylcholine,hind_leg,NA
leg_tactile,720575941610613677,SNta43,bristle_neuron,hind_leg_bristle_neuron,sensory,NA,right,acetylcholine,hind_leg,NA
leg_tactile,720575941492425166,SNta21,bristle_neuron,front_leg_bristle_neuron,sensory,NA,left,gaba,front_leg,NA
leg_tactile,720575941610676966,SNta29,bristle_neuron,hind_leg_bristle_neuron,sensory,NA,left,acetylcholine,hind_leg,NA
leg_tactile,720575941610695718,LgLG7,taste_bristle_gustatory_neuron,front_leg_taste_bristle_gustatory_neuron,sensory,NA,right,acetylcholine,front_leg,NA
leg_tactile,720575941610697766,LgLG7,taste_bristle_gustatory_neuron,front_leg_taste_bristle_gustatory_neuron,sensory,NA,right,acetylcholine,front_leg,NA
leg_tactile,720575941610750822,SNta38,bristle_neuron,middle_leg_bristle_neuron,sensory,NA,left,acetylcholine,middle_leg,NA
leg_tactile,720575941610760294,SNta45,bristle_neuron,hind_leg_bristle_neuron,sensory,NA,right,acetylcholine,hind_leg,NA
leg_tactile,720575941568890106,SNta27,bristle_neuron,hind_leg_bristle_neuron,sensory,NA,right,acetylcholine,hind_leg,NA
leg_tactile,720575941491068108,SNta29,bristle_neuron,hind_leg_bristle_neuron,sensory,NA,right,acetylcholine,hind_leg,NA
leg_tactile,720575941610792230,LgLG4,taste_bristle_gustatory_neuron,front_leg_taste_bristle_gustatory_neuron,sensory,NA,right,acetylcholine,front_leg,NA
leg_tactile,720575941658024016,LgLG1b,taste_bristle_gustatory_neuron,front_leg_taste_bristle_gustatory_neuron,sensory,NA,right,acetylcholine,front_leg,NA
leg_tactile,720575941536144472,SNta20,bristle_neuron,middle_leg_bristle_neuron,sensory,NA,left,acetylcholine,middle_leg,NA
leg_tactile,720575941614647004,SNta20,bristle_neuron,front_leg_bristle_neuron,sensory,NA,left,acetylcholine,front_leg,NA
leg_tactile,720575941575327483,SNta20,bristle_neuron,front_leg_bristle_neuron,sensory,NA,left,acetylcholine,front_leg,NA
leg_tactile,720575941565249334,SNta41,bristle_neuron,front_leg_bristle_neuron,sensory,NA,left,acetylcholine,front_leg,NA
leg_tactile,720575941490368972,SNta31,bristle_neuron,front_leg_bristle_neuron,sensory,NA,left,acetylcholine,front_leg,NA
leg_tactile,720575941400887587,SNta41,bristle_neuron,front_leg_bristle_neuron,sensory,NA,left,gaba,front_leg,NA
leg_tactile,720575941661462840,SNta41,bristle_neuron,front_leg_bristle_neuron,sensory,NA,left,acetylcholine,front_leg,NA
leg_tactile,720575941503722546,SNxxxx,bristle_neuron,front_leg_bristle_neuron,sensory,NA,left,acetylcholine,front_leg,NA
leg_tactile,720575941535072193,SNta35,bristle_neuron,middle_leg_bristle_neuron,sensory,NA,left,acetylcholine,middle_leg,NA
leg_tactile,720575941593909462,SNta41,bristle_neuron,front_leg_bristle_neuron,sensory,NA,left,acetylcholine,front_leg,NA
leg_tactile,720575941484814333,LgLG1b,taste_bristle_gustatory_neuron,hind_leg_taste_bristle_gustatory_neuron,sensory,NA,left,glutamate,hind_leg,NA
leg_tactile,720575941615587603,SNtaxx,bristle_neuron,hind_leg_bristle_neuron,sensory,NA,left,acetylcholine,hind_leg,NA
leg_tactile,720575941572558920,SNch10,taste_bristle_tactile_neuron,hind_leg_taste_bristle_tactile_neuron,sensory,NA,left,acetylcholine,hind_leg,NA
leg_tactile,720575941563658496,SNta37,bristle_neuron,hind_leg_bristle_neuron,sensory,NA,right,acetylcholine,hind_leg,NA
leg_tactile,720575941612667545,LgLG3,taste_bristle_gustatory_neuron,middle_leg_taste_bristle_gustatory_neuron,sensory,NA,right,glutamate,middle_leg,NA
leg_tactile,720575941522250999,SNta23,bristle_neuron,hind_leg_bristle_neuron,sensory,NA,left,acetylcholine,hind_leg,NA
leg_tactile,720575941550036340,SNta42,bristle_neuron,hind_leg_bristle_neuron,sensory,NA,left,acetylcholine,hind_leg,NA
leg_tactile,720575941522080247,SNta38,bristle_neuron,front_leg_bristle_neuron,sensory,NA,left,acetylcholine,front_leg,NA
leg_tactile,720575941454034227,SNta45,bristle_neuron,front_leg_bristle_neuron,sensory,NA,right,acetylcholine,front_leg,NA
leg_tactile,720575941474489915,SNta30,bristle_neuron,hind_leg_bristle_neuron,sensory,NA,left,acetylcholine,hind_leg,NA
leg_tactile,720575941589070903,SNch10,taste_bristle_tactile_neuron,front_leg_taste_bristle_tactile_neuron,sensory,NA,left,acetylcholine,front_leg,NA
leg_tactile,720575941476141598,SNta40,bristle_neuron,front_leg_bristle_neuron,sensory,NA,left,acetylcholine,front_leg,NA
leg_tactile,720575941505296293,SNta24,bristle_neuron,front_leg_bristle_neuron,sensory,NA,left,acetylcholine,front_leg,NA
leg_tactile,720575941613431036,SNta24,bristle_neuron,front_leg_bristle_neuron,sensory,NA,left,acetylcholine,front_leg,NA
leg_tactile,720575941520210604,SNta21,bristle_neuron,hind_leg_bristle_neuron,sensory,NA,left,acetylcholine,hind_leg,NA
leg_tactile,720575941617120469,LgLG3,taste_bristle_gustatory_neuron,front_leg_taste_bristle_gustatory_neuron,sensory,NA,left,acetylcholine,front_leg,NA
leg_tactile,720575941614238204,SNta40,bristle_neuron,hind_leg_bristle_neuron,sensory,NA,left,NA,hind_leg,NA
leg_tactile,720575941452436551,LgLG7,taste_bristle_gustatory_neuron,front_leg_taste_bristle_gustatory_neuron,sensory,NA,left,acetylcholine,front_leg,NA
leg_tactile,720575941722184250,SNch10,taste_bristle_tactile_neuron,front_leg_taste_bristle_tactile_neuron,sensory,NA,left,acetylcholine,front_leg,NA
leg_tactile,720575941553441178,SNta40,bristle_neuron,front_leg_bristle_neuron,sensory,NA,left,acetylcholine,front_leg,NA
leg_tactile,720575941505291324,SNch10,taste_bristle_tactile_neuron,hind_leg_taste_bristle_tactile_neuron,sensory,NA,left,acetylcholine,hind_leg,NA
leg_tactile,720575941482854141,SNta44,bristle_neuron,front_leg_bristle_neuron,sensory,NA,left,acetylcholine,front_leg,NA
leg_tactile,720575941561411373,SNch10,taste_bristle_tactile_neuron,front_leg_taste_bristle_tactile_neuron,sensory,NA,left,acetylcholine,front_leg,NA
leg_tactile,720575941480332930,SNch10,taste_bristle_tactile_neuron,front_leg_taste_bristle_tactile_neuron,sensory,NA,left,acetylcholine,front_leg,NA
leg_tactile,720575941618978175,SNch10,taste_bristle_tactile_neuron,hind_leg_taste_bristle_tactile_neuron,sensory,NA,left,acetylcholine,hind_leg,NA
leg_tactile,720575941432206606,LgLG8,taste_bristle_gustatory_neuron,front_leg_taste_bristle_gustatory_neuron,sensory,NA,left,acetylcholine,front_leg,NA
leg_tactile,720575941553060635,SNta42,bristle_neuron,front_leg_bristle_neuron,sensory,NA,left,acetylcholine,front_leg,NA
leg_tactile,720575941619005823,SNta44,bristle_neuron,front_leg_bristle_neuron,sensory,NA,left,acetylcholine,front_leg,NA
leg_tactile,720575941505288252,LgLG4,taste_bristle_gustatory_neuron,front_leg_taste_bristle_gustatory_neuron,sensory,NA,left,acetylcholine,front_leg,NA
leg_tactile,720575941644888696,LgLG4,taste_bristle_gustatory_neuron,front_leg_taste_bristle_gustatory_neuron,sensory,NA,left,acetylcholine,front_leg,NA
leg_tactile,720575941431294679,SNch10,taste_bristle_tactile_neuron,front_leg_taste_bristle_tactile_neuron,sensory,NA,left,acetylcholine,front_leg,NA
leg_tactile,720575941413604756,LgLG7,taste_bristle_gustatory_neuron,front_leg_taste_bristle_gustatory_neuron,sensory,NA,left,acetylcholine,front_leg,NA
leg_tactile,720575941576561039,LgLG1b,taste_bristle_gustatory_neuron,hind_leg_taste_bristle_gustatory_neuron,sensory,NA,right,glutamate,hind_leg,NA
leg_tactile,720575941481516674,SNta20,bristle_neuron,middle_leg_bristle_neuron,sensory,NA,left,acetylcholine,middle_leg,NA
leg_tactile,720575941653478897,LgLG1a,taste_bristle_gustatory_neuron,hind_leg_taste_bristle_gustatory_neuron,sensory,NA,right,acetylcholine,hind_leg,NA
leg_tactile,720575941671066023,SNta43,bristle_neuron,front_leg_bristle_neuron,sensory,NA,right,acetylcholine,front_leg,NA
leg_tactile,720575941510309842,SNxxxx,bristle_neuron,front_leg_bristle_neuron,sensory,NA,right,acetylcholine,front_leg,NA
leg_tactile,720575941616198438,SNxxxx,bristle_neuron,front_leg_bristle_neuron,sensory,NA,right,gaba,front_leg,NA
leg_tactile,720575941489758665,SNxxxx,bristle_neuron,front_leg_bristle_neuron,sensory,NA,right,acetylcholine,front_leg,NA
leg_tactile,720575941616223270,SNxxxx,bristle_neuron,front_leg_bristle_neuron,sensory,NA,right,acetylcholine,front_leg,NA
leg_tactile,720575941616256550,SNta43,bristle_neuron,front_leg_bristle_neuron,sensory,NA,right,acetylcholine,front_leg,NA
leg_tactile,720575941616262182,SNta43,bristle_neuron,front_leg_bristle_neuron,sensory,NA,right,acetylcholine,front_leg,NA
leg_tactile,720575941587815134,SNta38,bristle_neuron,middle_leg_bristle_neuron,sensory,NA,left,acetylcholine,middle_leg,NA
leg_tactile,720575941616494630,SNta43,bristle_neuron,front_leg_bristle_neuron,sensory,NA,right,acetylcholine,front_leg,NA
leg_tactile,720575941413378961,SNta27,bristle_neuron,hind_leg_bristle_neuron,sensory,NA,left,acetylcholine,hind_leg,NA
leg_tactile,720575941498887842,LgLG3,taste_bristle_gustatory_neuron,hind_leg_taste_bristle_gustatory_neuron,sensory,NA,left,acetylcholine,hind_leg,NA
leg_tactile,720575941655478484,SNta27,bristle_neuron,hind_leg_bristle_neuron,sensory,NA,left,acetylcholine,hind_leg,NA
leg_tactile,720575941517889196,SNch10,taste_bristle_tactile_neuron,hind_leg_taste_bristle_tactile_neuron,sensory,NA,left,serotonin,hind_leg,NA
leg_tactile,720575941536546074,SNta24,bristle_neuron,front_leg_bristle_neuron,sensory,NA,right,acetylcholine,front_leg,NA
leg_tactile,720575941631121900,SNtaxx,bristle_neuron,hind_leg_bristle_neuron,sensory,NA,left,acetylcholine,hind_leg,NA
leg_tactile,720575941572517448,SNta39,bristle_neuron,hind_leg_bristle_neuron,sensory,NA,left,gaba,hind_leg,NA
leg_tactile,720575941616535334,SNta43,bristle_neuron,front_leg_bristle_neuron,sensory,NA,right,acetylcholine,front_leg,NA
leg_tactile,720575941691779803,LgLG1a,taste_bristle_gustatory_neuron,hind_leg_taste_bristle_gustatory_neuron,sensory,NA,left,glutamate,hind_leg,NA
leg_tactile,720575941588062020,SNxxxx,bristle_neuron,front_leg_bristle_neuron,sensory,NA,right,acetylcholine,front_leg,NA
leg_tactile,720575941616773158,SNxxxx,bristle_neuron,front_leg_bristle_neuron,sensory,NA,right,acetylcholine,front_leg,NA
leg_tactile,720575941616776742,SNta37,bristle_neuron,front_leg_bristle_neuron,sensory,NA,right,acetylcholine,front_leg,NA
leg_tactile,720575941430158767,SNxxxx,bristle_neuron,front_leg_bristle_neuron,sensory,NA,right,acetylcholine,front_leg,NA
leg_tactile,720575941479570306,SNta43,bristle_neuron,front_leg_bristle_neuron,sensory,NA,right,acetylcholine,front_leg,NA
leg_tactile,720575941616855590,SNta43,bristle_neuron,front_leg_bristle_neuron,sensory,NA,right,acetylcholine,front_leg,NA
leg_tactile,720575941555258596,SNxxxx,bristle_neuron,front_leg_bristle_neuron,sensory,NA,right,acetylcholine,front_leg,NA
leg_tactile,720575941616889382,SNta43,bristle_neuron,front_leg_bristle_neuron,sensory,NA,right,acetylcholine,front_leg,NA
leg_tactile,720575941627191865,SNtaxx,bristle_neuron,hind_leg_bristle_neuron,sensory,NA,left,acetylcholine,hind_leg,NA
leg_tactile,720575941487289485,SNta21,bristle_neuron,hind_leg_bristle_neuron,sensory,NA,left,acetylcholine,hind_leg,NA
leg_tactile,720575941654508561,LgLG1b,taste_bristle_gustatory_neuron,hind_leg_taste_bristle_gustatory_neuron,sensory,NA,left,acetylcholine,hind_leg,NA
leg_tactile,720575941617218677,SNtaxx,bristle_neuron,hind_leg_bristle_neuron,sensory,NA,left,acetylcholine,hind_leg,NA
leg_tactile,720575941440438975,SNtaxx,bristle_neuron,hind_leg_bristle_neuron,sensory,NA,right,acetylcholine,hind_leg,NA
leg_tactile,720575941487021264,SNta39,bristle_neuron,hind_leg_bristle_neuron,sensory,NA,left,acetylcholine,hind_leg,NA
leg_tactile,720575941585941214,SNta28,bristle_neuron,hind_leg_bristle_neuron,sensory,NA,left,acetylcholine,hind_leg,NA
leg_tactile,720575941565898550,SNta28,bristle_neuron,hind_leg_bristle_neuron,sensory,NA,left,acetylcholine,hind_leg,NA
leg_tactile,720575941579222865,SNta29,bristle_neuron,hind_leg_bristle_neuron,sensory,NA,left,acetylcholine,hind_leg,NA
leg_tactile,720575941644383944,LgLG3,taste_bristle_gustatory_neuron,hind_leg_taste_bristle_gustatory_neuron,sensory,NA,left,glutamate,hind_leg,NA
leg_tactile,720575941565940887,LgLG2,taste_bristle_gustatory_neuron,hind_leg_taste_bristle_gustatory_neuron,sensory,NA,left,acetylcholine,hind_leg,NA
leg_tactile,720575941498311035,SNta40,bristle_neuron,hind_leg_bristle_neuron,sensory,NA,left,acetylcholine,hind_leg,NA
leg_tactile,720575941645955192,SNta20,bristle_neuron,hind_leg_bristle_neuron,sensory,NA,left,acetylcholine,hind_leg,NA
leg_tactile,720575941492375984,SNta29,bristle_neuron,hind_leg_bristle_neuron,sensory,NA,left,acetylcholine,hind_leg,NA
leg_tactile,720575941617427061,SNta44,bristle_neuron,hind_leg_bristle_neuron,sensory,NA,left,acetylcholine,hind_leg,NA
leg_tactile,720575941681943229,LgLG1b,taste_bristle_gustatory_neuron,hind_leg_taste_bristle_gustatory_neuron,sensory,NA,left,acetylcholine,hind_leg,NA
leg_tactile,720575941610546665,SNta44,bristle_neuron,hind_leg_bristle_neuron,sensory,NA,left,acetylcholine,hind_leg,NA
leg_tactile,720575941465772886,SNta29,bristle_neuron,hind_leg_bristle_neuron,sensory,NA,left,acetylcholine,hind_leg,NA
leg_tactile,720575941563249042,SNta44,bristle_neuron,hind_leg_bristle_neuron,sensory,NA,left,acetylcholine,hind_leg,NA
leg_tactile,720575941476966449,SNta44,bristle_neuron,hind_leg_bristle_neuron,sensory,NA,left,acetylcholine,hind_leg,NA
leg_tactile,720575941430129289,SNta44,bristle_neuron,hind_leg_bristle_neuron,sensory,NA,left,acetylcholine,hind_leg,NA
leg_tactile,720575941476577076,SNta44,bristle_neuron,hind_leg_bristle_neuron,sensory,NA,left,acetylcholine,hind_leg,NA
leg_tactile,720575941481766051,SNta20,bristle_neuron,hind_leg_bristle_neuron,sensory,NA,left,acetylcholine,hind_leg,NA
leg_tactile,720575941462806285,LgLG3,taste_bristle_gustatory_neuron,hind_leg_taste_bristle_gustatory_neuron,sensory,NA,left,acetylcholine,hind_leg,NA
leg_tactile,720575941449601205,SNta38,bristle_neuron,hind_leg_bristle_neuron,sensory,NA,left,acetylcholine,hind_leg,NA
leg_tactile,720575941498947401,SNta38,bristle_neuron,hind_leg_bristle_neuron,sensory,NA,left,acetylcholine,hind_leg,NA
leg_tactile,720575941392495876,SNta38,bristle_neuron,hind_leg_bristle_neuron,sensory,NA,left,gaba,hind_leg,NA
leg_tactile,720575941613984275,SNta39,bristle_neuron,hind_leg_bristle_neuron,sensory,NA,left,acetylcholine,hind_leg,NA
leg_tactile,720575941528068228,LgLG3,taste_bristle_gustatory_neuron,front_leg_taste_bristle_gustatory_neuron,sensory,NA,right,acetylcholine,front_leg,NA
leg_tactile,720575941526995878,SNta38,bristle_neuron,hind_leg_bristle_neuron,sensory,NA,left,acetylcholine,hind_leg,NA
leg_tactile,720575941518625902,SNta42,bristle_neuron,front_leg_bristle_neuron,sensory,NA,left,acetylcholine,front_leg,NA
leg_tactile,720575941618564479,SNta40,bristle_neuron,front_leg_bristle_neuron,sensory,NA,left,acetylcholine,front_leg,NA
leg_tactile,720575941536942858,SNta21,bristle_neuron,hind_leg_bristle_neuron,sensory,NA,left,gaba,hind_leg,NA
leg_tactile,720575941643208274,SNta38,bristle_neuron,hind_leg_bristle_neuron,sensory,NA,left,acetylcholine,hind_leg,NA
leg_tactile,720575941618993378,SNta39,bristle_neuron,front_leg_bristle_neuron,sensory,NA,right,acetylcholine,front_leg,NA
leg_tactile,720575941507448354,SNta38,bristle_neuron,hind_leg_bristle_neuron,sensory,NA,left,acetylcholine,hind_leg,NA
leg_tactile,720575941394357398,LgLG1b,taste_bristle_gustatory_neuron,front_leg_taste_bristle_gustatory_neuron,sensory,NA,right,acetylcholine,front_leg,NA
leg_tactile,720575941619731170,SNxxxx,bristle_neuron,front_leg_bristle_neuron,sensory,NA,right,acetylcholine,front_leg,NA
leg_tactile,720575941596805233,SNta21,bristle_neuron,front_leg_bristle_neuron,sensory,NA,right,acetylcholine,front_leg,NA
leg_tactile,720575941506003479,SNta43,bristle_neuron,front_leg_bristle_neuron,sensory,NA,right,acetylcholine,front_leg,NA
leg_tactile,720575941506218300,SNxxxx,bristle_neuron,front_leg_bristle_neuron,sensory,NA,right,acetylcholine,front_leg,NA
leg_tactile,720575941619733986,SNxxxx,bristle_neuron,front_leg_bristle_neuron,sensory,NA,right,acetylcholine,front_leg,NA
leg_tactile,720575941487028688,SNta43,bristle_neuron,front_leg_bristle_neuron,sensory,NA,right,gaba,front_leg,NA
leg_tactile,720575941630143970,SNxxxx,bristle_neuron,front_leg_bristle_neuron,sensory,NA,right,acetylcholine,front_leg,NA
leg_tactile,720575941619735522,SNta43,bristle_neuron,front_leg_bristle_neuron,sensory,NA,right,acetylcholine,front_leg,NA
leg_tactile,720575941548479265,SNta45,bristle_neuron,front_leg_bristle_neuron,sensory,NA,right,acetylcholine,front_leg,NA
leg_tactile,720575941619738338,LgLG4,taste_bristle_gustatory_neuron,front_leg_taste_bristle_gustatory_neuron,sensory,NA,right,acetylcholine,front_leg,NA
leg_tactile,720575941525864013,LgLG2,taste_bristle_gustatory_neuron,front_leg_taste_bristle_gustatory_neuron,sensory,NA,right,acetylcholine,front_leg,NA
leg_tactile,720575941510343122,LgLG3,taste_bristle_gustatory_neuron,front_leg_taste_bristle_gustatory_neuron,sensory,NA,right,acetylcholine,front_leg,NA
leg_tactile,720575941631954629,SNta29,bristle_neuron,front_leg_bristle_neuron,sensory,NA,right,acetylcholine,front_leg,NA
leg_tactile,720575941573547528,SNtaxx,bristle_neuron,front_leg_bristle_neuron,sensory,NA,right,acetylcholine,front_leg,NA
leg_tactile,720575941619744738,SNta25,bristle_neuron,front_leg_bristle_neuron,sensory,NA,right,acetylcholine,front_leg,NA
leg_tactile,720575941619744994,SNxxxx,bristle_neuron,front_leg_bristle_neuron,sensory,NA,right,acetylcholine,front_leg,NA
leg_tactile,720575941553608346,SNta30,bristle_neuron,front_leg_bristle_neuron,sensory,NA,right,acetylcholine,front_leg,NA
leg_tactile,720575941619745762,SNta29,bristle_neuron,front_leg_bristle_neuron,sensory,NA,right,acetylcholine,front_leg,NA
leg_tactile,720575941585381598,SNta45,bristle_neuron,front_leg_bristle_neuron,sensory,NA,right,acetylcholine,front_leg,NA
leg_tactile,720575941634642107,LgLG3,taste_bristle_gustatory_neuron,front_leg_taste_bristle_gustatory_neuron,sensory,NA,right,gaba,front_leg,NA
leg_tactile,720575941619746530,SNta30,bristle_neuron,front_leg_bristle_neuron,sensory,NA,right,acetylcholine,front_leg,NA
leg_tactile,720575941644008056,LgLG7,taste_bristle_gustatory_neuron,front_leg_taste_bristle_gustatory_neuron,sensory,NA,right,acetylcholine,front_leg,NA
leg_tactile,720575941580796405,LgLG1b,taste_bristle_gustatory_neuron,front_leg_taste_bristle_gustatory_neuron,sensory,NA,right,acetylcholine,front_leg,NA
leg_tactile,720575941619749090,LgLG3,taste_bristle_gustatory_neuron,front_leg_taste_bristle_gustatory_neuron,sensory,NA,right,acetylcholine,front_leg,NA
leg_tactile,720575941497516411,SNta30,bristle_neuron,hind_leg_bristle_neuron,sensory,NA,right,acetylcholine,hind_leg,NA
leg_tactile,720575941498083041,SNta19,bristle_neuron,front_leg_bristle_neuron,sensory,NA,right,acetylcholine,front_leg,NA
leg_tactile,720575941688494604,SNta43,bristle_neuron,front_leg_bristle_neuron,sensory,NA,right,acetylcholine,front_leg,NA
leg_tactile,720575941559251694,SNta43,bristle_neuron,front_leg_bristle_neuron,sensory,NA,right,acetylcholine,front_leg,NA
leg_tactile,720575941538139378,SNta43,bristle_neuron,front_leg_bristle_neuron,sensory,NA,right,acetylcholine,front_leg,NA
leg_tactile,720575941535923137,SNta43,bristle_neuron,front_leg_bristle_neuron,sensory,NA,right,acetylcholine,front_leg,NA
leg_tactile,720575941535557914,SNta43,bristle_neuron,front_leg_bristle_neuron,sensory,NA,right,acetylcholine,front_leg,NA
leg_tactile,720575941518159832,SNta42,bristle_neuron,middle_leg_bristle_neuron,sensory,NA,left,acetylcholine,middle_leg,NA
leg_tactile,720575941565643830,SNta39,bristle_neuron,hind_leg_bristle_neuron,sensory,NA,left,acetylcholine,hind_leg,NA
leg_tactile,720575941585032070,SNta29,bristle_neuron,hind_leg_bristle_neuron,sensory,NA,left,acetylcholine,hind_leg,NA
leg_tactile,720575941689695756,SNta20,bristle_neuron,hind_leg_bristle_neuron,sensory,NA,right,acetylcholine,hind_leg,NA
leg_tactile,720575941652750353,SNta37,bristle_neuron,hind_leg_bristle_neuron,sensory,NA,left,acetylcholine,hind_leg,NA
leg_tactile,720575941650837269,SNta30,bristle_neuron,middle_leg_bristle_neuron,sensory,NA,right,acetylcholine,middle_leg,NA
leg_tactile,720575941448818357,SNxxxx,bristle_neuron,front_leg_bristle_neuron,sensory,NA,right,acetylcholine,front_leg,NA
leg_tactile,720575941509501968,LgLG4,taste_bristle_gustatory_neuron,hind_leg_taste_bristle_gustatory_neuron,sensory,NA,left,acetylcholine,hind_leg,NA
leg_tactile,720575941573682440,SNta28,bristle_neuron,hind_leg_bristle_neuron,sensory,NA,left,acetylcholine,hind_leg,NA
leg_tactile,720575941492385968,SNta44,bristle_neuron,hind_leg_bristle_neuron,sensory,NA,left,acetylcholine,hind_leg,NA
leg_tactile,720575941478428209,SNta26,bristle_neuron,middle_leg_bristle_neuron,sensory,NA,left,acetylcholine,middle_leg,NA
leg_tactile,720575941520179884,LgLG3,taste_bristle_gustatory_neuron,front_leg_taste_bristle_gustatory_neuron,sensory,NA,left,acetylcholine,front_leg,NA
leg_tactile,720575941564220258,SNta29,bristle_neuron,hind_leg_bristle_neuron,sensory,NA,right,acetylcholine,hind_leg,NA
leg_tactile,720575941515254115,SNta37,bristle_neuron,front_leg_bristle_neuron,sensory,NA,right,acetylcholine,front_leg,NA
leg_tactile,720575941485569346,SNta32,bristle_neuron,hind_leg_bristle_neuron,sensory,NA,right,acetylcholine,hind_leg,NA
leg_tactile,720575941528180356,SNta29,bristle_neuron,hind_leg_bristle_neuron,sensory,NA,left,acetylcholine,hind_leg,NA
leg_tactile,720575941575584438,SNta20,bristle_neuron,middle_leg_bristle_neuron,sensory,NA,left,acetylcholine,middle_leg,NA
leg_tactile,720575941722144314,SNxxxx,bristle_neuron,front_leg_bristle_neuron,sensory,NA,right,acetylcholine,front_leg,NA
leg_tactile,720575941413642388,SNta21,bristle_neuron,hind_leg_bristle_neuron,sensory,NA,left,acetylcholine,hind_leg,NA
leg_tactile,720575941525851394,SNta39,bristle_neuron,hind_leg_bristle_neuron,sensory,NA,right,acetylcholine,hind_leg,NA
leg_tactile,720575941542032220,LgLG1a,taste_bristle_gustatory_neuron,hind_leg_taste_bristle_gustatory_neuron,sensory,NA,right,glutamate,hind_leg,NA
leg_tactile,720575941624891274,SNta29,bristle_neuron,front_leg_bristle_neuron,sensory,NA,right,acetylcholine,front_leg,NA
leg_tactile,720575941528983992,SNta43,bristle_neuron,hind_leg_bristle_neuron,sensory,NA,right,acetylcholine,hind_leg,NA
leg_tactile,720575941625022316,SNta30,bristle_neuron,middle_leg_bristle_neuron,sensory,NA,left,acetylcholine,middle_leg,NA
leg_tactile,720575941482083526,SNta26,bristle_neuron,front_leg_bristle_neuron,sensory,NA,left,acetylcholine,front_leg,NA
leg_tactile,720575941475137595,SNta38,bristle_neuron,middle_leg_bristle_neuron,sensory,NA,left,acetylcholine,middle_leg,NA
leg_tactile,720575941476059185,SNta34,bristle_neuron,middle_leg_bristle_neuron,sensory,NA,left,acetylcholine,middle_leg,NA
leg_tactile,720575941432116238,SNta34,bristle_neuron,middle_leg_bristle_neuron,sensory,NA,right,acetylcholine,middle_leg,NA
leg_tactile,720575941627046694,SNta34,bristle_neuron,middle_leg_bristle_neuron,sensory,NA,right,acetylcholine,middle_leg,NA
leg_tactile,720575941535558682,LgLG2,taste_bristle_gustatory_neuron,middle_leg_taste_bristle_gustatory_neuron,sensory,NA,left,acetylcholine,middle_leg,NA
leg_tactile,720575941526785636,LgLG1b,taste_bristle_gustatory_neuron,hind_leg_taste_bristle_gustatory_neuron,sensory,NA,right,acetylcholine,hind_leg,NA
leg_tactile,720575941628715234,LgLG3,taste_bristle_gustatory_neuron,middle_leg_taste_bristle_gustatory_neuron,sensory,NA,right,acetylcholine,middle_leg,NA
leg_tactile,720575941643094610,LgLG1a,taste_bristle_gustatory_neuron,middle_leg_taste_bristle_gustatory_neuron,sensory,NA,left,acetylcholine,middle_leg,NA
leg_tactile,720575941629274860,SNta25,bristle_neuron,middle_leg_bristle_neuron,sensory,NA,left,acetylcholine,middle_leg,NA
leg_tactile,720575941448741813,SNta29,bristle_neuron,hind_leg_bristle_neuron,sensory,NA,right,acetylcholine,hind_leg,NA
leg_tactile,720575941534218469,SNta33,bristle_neuron,front_leg_bristle_neuron,sensory,NA,right,acetylcholine,front_leg,NA
leg_tactile,720575941558970639,SNta34,bristle_neuron,front_leg_bristle_neuron,sensory,NA,right,acetylcholine,front_leg,NA
leg_tactile,720575941569548914,SNta30,bristle_neuron,hind_leg_bristle_neuron,sensory,NA,left,acetylcholine,hind_leg,NA
leg_tactile,720575941412228975,SNta29,bristle_neuron,hind_leg_bristle_neuron,sensory,NA,right,acetylcholine,hind_leg,NA
leg_tactile,720575941630727148,SNxxxx,bristle_neuron,front_leg_bristle_neuron,sensory,NA,left,acetylcholine,front_leg,NA
leg_tactile,720575941506011813,SNta32,bristle_neuron,hind_leg_bristle_neuron,sensory,NA,left,acetylcholine,hind_leg,NA
leg_tactile,720575941606806637,SNta38,bristle_neuron,hind_leg_bristle_neuron,sensory,NA,right,acetylcholine,hind_leg,NA
leg_tactile,720575941517306467,SNta20,bristle_neuron,hind_leg_bristle_neuron,sensory,NA,right,acetylcholine,hind_leg,NA
leg_tactile,720575941426705492,SNta31,bristle_neuron,middle_leg_bristle_neuron,sensory,NA,left,acetylcholine,middle_leg,NA
leg_tactile,720575941639102837,SNta38,bristle_neuron,hind_leg_bristle_neuron,sensory,NA,right,acetylcholine,hind_leg,NA
leg_tactile,720575941661577528,SNta35,bristle_neuron,middle_leg_bristle_neuron,sensory,NA,left,acetylcholine,middle_leg,NA
leg_tactile,720575941596772647,SNta33,bristle_neuron,front_leg_bristle_neuron,sensory,NA,left,acetylcholine,front_leg,NA
leg_tactile,720575941589056567,LgLG2,taste_bristle_gustatory_neuron,hind_leg_taste_bristle_gustatory_neuron,sensory,NA,right,acetylcholine,hind_leg,NA
leg_tactile,720575941453372794,SNta21,bristle_neuron,middle_leg_bristle_neuron,sensory,NA,left,acetylcholine,middle_leg,NA
leg_tactile,720575941661401400,SNta38,bristle_neuron,middle_leg_bristle_neuron,sensory,NA,left,acetylcholine,middle_leg,NA
leg_tactile,720575941539353037,SNta44,bristle_neuron,middle_leg_bristle_neuron,sensory,NA,left,acetylcholine,middle_leg,NA
leg_tactile,720575941473849386,SNta37,bristle_neuron,hind_leg_bristle_neuron,sensory,NA,left,acetylcholine,hind_leg,NA
leg_tactile,720575941635047525,SNta39,bristle_neuron,hind_leg_bristle_neuron,sensory,NA,left,acetylcholine,hind_leg,NA
leg_tactile,720575941635232357,SNta38,bristle_neuron,hind_leg_bristle_neuron,sensory,NA,left,acetylcholine,hind_leg,NA
leg_tactile,720575941458201247,SNta38,bristle_neuron,hind_leg_bristle_neuron,sensory,NA,left,acetylcholine,hind_leg,NA
leg_tactile,720575941635244645,SNta38,bristle_neuron,hind_leg_bristle_neuron,sensory,NA,left,acetylcholine,hind_leg,NA
leg_tactile,720575941687647500,SNch10,taste_bristle_tactile_neuron,hind_leg_taste_bristle_tactile_neuron,sensory,NA,left,acetylcholine,hind_leg,NA
leg_tactile,720575941539439997,SNch10,taste_bristle_tactile_neuron,hind_leg_taste_bristle_tactile_neuron,sensory,NA,left,acetylcholine,hind_leg,NA
leg_tactile,720575941635777125,SNta39,bristle_neuron,hind_leg_bristle_neuron,sensory,NA,left,acetylcholine,hind_leg,NA
leg_tactile,720575941354243888,SNta30,bristle_neuron,hind_leg_bristle_neuron,sensory,NA,left,acetylcholine,hind_leg,NA
leg_tactile,720575941643213138,SNta37,bristle_neuron,hind_leg_bristle_neuron,sensory,NA,left,acetylcholine,hind_leg,NA
leg_tactile,720575941636552565,LgLG3,taste_bristle_gustatory_neuron,middle_leg_taste_bristle_gustatory_neuron,sensory,NA,right,acetylcholine,middle_leg,NA
leg_tactile,720575941636748405,SNta35,bristle_neuron,middle_leg_bristle_neuron,sensory,NA,right,acetylcholine,middle_leg,NA
leg_tactile,720575941486934992,SNta34,bristle_neuron,hind_leg_bristle_neuron,sensory,NA,right,acetylcholine,hind_leg,NA
leg_tactile,720575941631391202,SNta42,bristle_neuron,hind_leg_bristle_neuron,sensory,NA,right,acetylcholine,hind_leg,NA
leg_tactile,720575941595853425,SNta42,bristle_neuron,hind_leg_bristle_neuron,sensory,NA,right,acetylcholine,hind_leg,NA
leg_tactile,720575941637803039,LgLG1b,taste_bristle_gustatory_neuron,hind_leg_taste_bristle_gustatory_neuron,sensory,NA,right,acetylcholine,hind_leg,NA
leg_tactile,720575941440422591,SNta20,bristle_neuron,hind_leg_bristle_neuron,sensory,NA,right,acetylcholine,hind_leg,NA
leg_tactile,720575941393978518,LgLG2,taste_bristle_gustatory_neuron,hind_leg_taste_bristle_gustatory_neuron,sensory,NA,left,acetylcholine,hind_leg,NA
leg_tactile,720575941618908031,SNch10,taste_bristle_tactile_neuron,hind_leg_taste_bristle_tactile_neuron,sensory,NA,left,acetylcholine,hind_leg,NA
leg_tactile,720575941510436368,SNta43,bristle_neuron,hind_leg_bristle_neuron,sensory,NA,left,acetylcholine,hind_leg,NA
leg_tactile,720575941559529587,SNta39,bristle_neuron,hind_leg_bristle_neuron,sensory,NA,left,acetylcholine,hind_leg,NA
leg_tactile,720575941568650354,SNtaxx,bristle_neuron,hind_leg_bristle_neuron,sensory,NA,left,acetylcholine,hind_leg,NA
leg_tactile,720575941639286996,SNtaxx,bristle_neuron,hind_leg_bristle_neuron,sensory,NA,left,acetylcholine,hind_leg,NA
leg_tactile,720575941435074080,SNta37,bristle_neuron,hind_leg_bristle_neuron,sensory,NA,left,acetylcholine,hind_leg,NA
leg_tactile,720575941639316436,SNta38,bristle_neuron,hind_leg_bristle_neuron,sensory,NA,left,acetylcholine,hind_leg,NA
leg_tactile,720575941568720498,SNta39,bristle_neuron,hind_leg_bristle_neuron,sensory,NA,left,acetylcholine,hind_leg,NA
leg_tactile,720575941462205328,SNta38,bristle_neuron,hind_leg_bristle_neuron,sensory,NA,left,acetylcholine,hind_leg,NA
leg_tactile,720575941639330004,SNta39,bristle_neuron,hind_leg_bristle_neuron,sensory,NA,left,acetylcholine,hind_leg,NA
leg_tactile,720575941632609477,SNta43,bristle_neuron,hind_leg_bristle_neuron,sensory,NA,left,acetylcholine,hind_leg,NA
leg_tactile,720575941630118370,SNta38,bristle_neuron,hind_leg_bristle_neuron,sensory,NA,left,acetylcholine,hind_leg,NA
leg_tactile,720575941449674574,SNta37,bristle_neuron,hind_leg_bristle_neuron,sensory,NA,left,acetylcholine,hind_leg,NA
leg_tactile,720575941539436925,SNta39,bristle_neuron,hind_leg_bristle_neuron,sensory,NA,left,acetylcholine,hind_leg,NA
leg_tactile,720575941658081872,SNta39,bristle_neuron,hind_leg_bristle_neuron,sensory,NA,left,acetylcholine,hind_leg,NA
leg_tactile,720575941643186770,SNta27,bristle_neuron,hind_leg_bristle_neuron,sensory,NA,left,acetylcholine,hind_leg,NA
leg_tactile,720575941476590644,SNta38,bristle_neuron,hind_leg_bristle_neuron,sensory,NA,left,acetylcholine,hind_leg,NA
leg_tactile,720575941687803766,SNta21,bristle_neuron,hind_leg_bristle_neuron,sensory,NA,left,acetylcholine,hind_leg,NA
leg_tactile,720575941531553765,SNta38,bristle_neuron,hind_leg_bristle_neuron,sensory,NA,left,acetylcholine,hind_leg,NA
leg_tactile,720575941630199522,SNtaxx,bristle_neuron,hind_leg_bristle_neuron,sensory,NA,left,acetylcholine,hind_leg,NA
leg_tactile,720575941563793554,SNtaxx,bristle_neuron,hind_leg_bristle_neuron,sensory,NA,left,acetylcholine,hind_leg,NA
leg_tactile,720575941520251571,SNta32,bristle_neuron,hind_leg_bristle_neuron,sensory,NA,left,acetylcholine,hind_leg,NA
leg_tactile,720575941654706900,SNta32,bristle_neuron,hind_leg_bristle_neuron,sensory,NA,left,acetylcholine,hind_leg,NA
leg_tactile,720575941512933708,SNta43,bristle_neuron,hind_leg_bristle_neuron,sensory,NA,left,acetylcholine,hind_leg,NA
leg_tactile,720575941501807243,SNtaxx,bristle_neuron,hind_leg_bristle_neuron,sensory,NA,left,acetylcholine,hind_leg,NA
leg_tactile,720575941404451440,SNta43,bristle_neuron,hind_leg_bristle_neuron,sensory,NA,left,acetylcholine,hind_leg,NA
leg_tactile,720575941564651671,SNtaxx,bristle_neuron,hind_leg_bristle_neuron,sensory,NA,left,acetylcholine,hind_leg,NA
leg_tactile,720575941639593428,SNta43,bristle_neuron,hind_leg_bristle_neuron,sensory,NA,left,acetylcholine,hind_leg,NA
leg_tactile,720575941592634219,SNta32,bristle_neuron,hind_leg_bristle_neuron,sensory,NA,left,acetylcholine,hind_leg,NA
leg_tactile,720575941639623892,SNtaxx,bristle_neuron,hind_leg_bristle_neuron,sensory,NA,left,acetylcholine,hind_leg,NA
leg_tactile,720575941667404531,SNta39,bristle_neuron,hind_leg_bristle_neuron,sensory,NA,left,acetylcholine,hind_leg,NA
leg_tactile,720575941473438048,SNtaxx,bristle_neuron,hind_leg_bristle_neuron,sensory,NA,left,acetylcholine,hind_leg,NA
leg_tactile,720575941451075450,SNta39,bristle_neuron,hind_leg_bristle_neuron,sensory,NA,left,acetylcholine,hind_leg,NA
leg_tactile,720575941537607907,SNta39,bristle_neuron,hind_leg_bristle_neuron,sensory,NA,left,acetylcholine,hind_leg,NA
leg_tactile,720575941687068655,SNta43,bristle_neuron,hind_leg_bristle_neuron,sensory,NA,left,acetylcholine,hind_leg,NA
leg_tactile,720575941563646720,SNta32,bristle_neuron,hind_leg_bristle_neuron,sensory,NA,left,gaba,hind_leg,NA
leg_tactile,720575941680254141,LgLG1b,taste_bristle_gustatory_neuron,hind_leg_taste_bristle_gustatory_neuron,sensory,NA,left,acetylcholine,hind_leg,NA
leg_tactile,720575941517971372,LgLG3,taste_bristle_gustatory_neuron,hind_leg_taste_bristle_gustatory_neuron,sensory,NA,left,acetylcholine,hind_leg,NA
leg_tactile,720575941485500557,SNta27,bristle_neuron,hind_leg_bristle_neuron,sensory,NA,left,acetylcholine,hind_leg,NA
leg_tactile,720575941639732948,SNta43,bristle_neuron,hind_leg_bristle_neuron,sensory,NA,left,acetylcholine,hind_leg,NA
leg_tactile,720575941575179446,SNta37,bristle_neuron,hind_leg_bristle_neuron,sensory,NA,left,acetylcholine,hind_leg,NA
leg_tactile,720575941639733716,SNta38,bristle_neuron,hind_leg_bristle_neuron,sensory,NA,left,acetylcholine,hind_leg,NA
leg_tactile,720575941639733972,SNta38,bristle_neuron,hind_leg_bristle_neuron,sensory,NA,left,acetylcholine,hind_leg,NA
leg_tactile,720575941643995512,SNta38,bristle_neuron,hind_leg_bristle_neuron,sensory,NA,left,acetylcholine,hind_leg,NA
leg_tactile,720575941586058462,SNta27,bristle_neuron,hind_leg_bristle_neuron,sensory,NA,left,acetylcholine,hind_leg,NA
leg_tactile,720575941639648543,LgLG3,taste_bristle_gustatory_neuron,hind_leg_taste_bristle_gustatory_neuron,sensory,NA,left,acetylcholine,hind_leg,NA
leg_tactile,720575941546445929,SNtaxx,bristle_neuron,hind_leg_bristle_neuron,sensory,NA,left,gaba,hind_leg,NA
leg_tactile,720575941593194347,LgLG2,taste_bristle_gustatory_neuron,hind_leg_taste_bristle_gustatory_neuron,sensory,NA,left,acetylcholine,hind_leg,NA
leg_tactile,720575941487496400,SNta44,bristle_neuron,hind_leg_bristle_neuron,sensory,NA,left,acetylcholine,hind_leg,NA
leg_tactile,720575941426815060,SNch10,taste_bristle_tactile_neuron,hind_leg_taste_bristle_tactile_neuron,sensory,NA,left,acetylcholine,hind_leg,NA
leg_tactile,720575941563158440,LgLG1b,taste_bristle_gustatory_neuron,hind_leg_taste_bristle_gustatory_neuron,sensory,NA,left,acetylcholine,hind_leg,NA
leg_tactile,720575941489521717,SNta38,bristle_neuron,hind_leg_bristle_neuron,sensory,NA,left,acetylcholine,hind_leg,NA
leg_tactile,720575941502605035,SNta38,bristle_neuron,hind_leg_bristle_neuron,sensory,NA,left,acetylcholine,hind_leg,NA
leg_tactile,720575941482680262,LgLG2,taste_bristle_gustatory_neuron,hind_leg_taste_bristle_gustatory_neuron,sensory,NA,left,acetylcholine,hind_leg,NA
leg_tactile,720575941723156538,SNta21,bristle_neuron,hind_leg_bristle_neuron,sensory,NA,left,acetylcholine,hind_leg,NA
leg_tactile,720575941568925172,SNta39,bristle_neuron,hind_leg_bristle_neuron,sensory,NA,left,acetylcholine,hind_leg,NA
leg_tactile,720575941639908564,SNta38,bristle_neuron,hind_leg_bristle_neuron,sensory,NA,left,acetylcholine,hind_leg,NA
leg_tactile,720575941639912660,SNtaxx,bristle_neuron,hind_leg_bristle_neuron,sensory,NA,left,acetylcholine,hind_leg,NA
leg_tactile,720575941408164655,SNta43,bristle_neuron,hind_leg_bristle_neuron,sensory,NA,left,acetylcholine,hind_leg,NA
leg_tactile,720575941613581414,LgLG2,taste_bristle_gustatory_neuron,hind_leg_taste_bristle_gustatory_neuron,sensory,NA,left,acetylcholine,hind_leg,NA
leg_tactile,720575941604106174,SNta39,bristle_neuron,hind_leg_bristle_neuron,sensory,NA,left,gaba,hind_leg,NA
leg_tactile,720575941687760502,SNta40,bristle_neuron,hind_leg_bristle_neuron,sensory,NA,left,acetylcholine,hind_leg,NA
leg_tactile,720575941640006868,SNta38,bristle_neuron,hind_leg_bristle_neuron,sensory,NA,left,acetylcholine,hind_leg,NA
leg_tactile,720575941573308667,SNch10,taste_bristle_tactile_neuron,hind_leg_taste_bristle_tactile_neuron,sensory,NA,left,acetylcholine,hind_leg,NA
leg_tactile,720575941517896620,SNch10,taste_bristle_tactile_neuron,hind_leg_taste_bristle_tactile_neuron,sensory,NA,left,acetylcholine,hind_leg,NA
leg_tactile,720575941591998504,SNta37,bristle_neuron,hind_leg_bristle_neuron,sensory,NA,left,acetylcholine,hind_leg,NA
leg_tactile,720575941662610300,SNch10,taste_bristle_tactile_neuron,hind_leg_taste_bristle_tactile_neuron,sensory,NA,left,serotonin,hind_leg,NA
leg_tactile,720575941507408162,SNta43,bristle_neuron,hind_leg_bristle_neuron,sensory,NA,left,acetylcholine,hind_leg,NA
leg_tactile,720575941589609271,SNta19,bristle_neuron,hind_leg_bristle_neuron,sensory,NA,left,acetylcholine,hind_leg,NA
leg_tactile,720575941585469918,LgLG3,taste_bristle_gustatory_neuron,hind_leg_taste_bristle_gustatory_neuron,sensory,NA,left,acetylcholine,hind_leg,NA
leg_tactile,720575941519282904,SNch10,taste_bristle_tactile_neuron,hind_leg_taste_bristle_tactile_neuron,sensory,NA,left,acetylcholine,hind_leg,NA
leg_tactile,720575941538187925,SNta37,bristle_neuron,hind_leg_bristle_neuron,sensory,NA,left,acetylcholine,hind_leg,NA
leg_tactile,720575941454760617,SNta20,bristle_neuron,hind_leg_bristle_neuron,sensory,NA,left,acetylcholine,hind_leg,NA
leg_tactile,720575941641218405,SNta35,bristle_neuron,middle_leg_bristle_neuron,sensory,NA,right,gaba,middle_leg,NA
leg_tactile,720575941545580732,SNta43,bristle_neuron,middle_leg_bristle_neuron,sensory,NA,left,acetylcholine,middle_leg,NA
leg_tactile,720575941509514274,SNta30,bristle_neuron,middle_leg_bristle_neuron,sensory,NA,left,acetylcholine,middle_leg,NA
leg_tactile,720575941610138442,LgLG7,taste_bristle_gustatory_neuron,front_leg_taste_bristle_gustatory_neuron,sensory,NA,right,acetylcholine,front_leg,NA
leg_tactile,720575941487844674,SNta20,bristle_neuron,hind_leg_bristle_neuron,sensory,NA,right,acetylcholine,hind_leg,NA
leg_tactile,720575941477598570,SNta42,bristle_neuron,hind_leg_bristle_neuron,sensory,NA,right,acetylcholine,hind_leg,NA
leg_tactile,720575941474330666,SNta32,bristle_neuron,hind_leg_bristle_neuron,sensory,NA,left,acetylcholine,hind_leg,NA
leg_tactile,720575941556848385,SNta29,bristle_neuron,front_leg_bristle_neuron,sensory,NA,right,acetylcholine,front_leg,NA
leg_tactile,720575941642628552,SNta40,bristle_neuron,front_leg_bristle_neuron,sensory,NA,right,acetylcholine,front_leg,NA
leg_tactile,720575941458217887,SNta43,bristle_neuron,hind_leg_bristle_neuron,sensory,NA,left,acetylcholine,hind_leg,NA
leg_tactile,720575941505400997,SNta38,bristle_neuron,hind_leg_bristle_neuron,sensory,NA,left,acetylcholine,hind_leg,NA
leg_tactile,720575941642796626,SNxxxx,bristle_neuron,front_leg_bristle_neuron,sensory,NA,left,acetylcholine,front_leg,NA
leg_tactile,720575941408534831,SNta34,bristle_neuron,hind_leg_bristle_neuron,sensory,NA,left,acetylcholine,hind_leg,NA
leg_tactile,720575941643497080,SNta42,bristle_neuron,middle_leg_bristle_neuron,sensory,NA,right,acetylcholine,middle_leg,NA
leg_tactile,720575941643635064,SNta29,bristle_neuron,hind_leg_bristle_neuron,sensory,NA,left,acetylcholine,hind_leg,NA
leg_tactile,720575941566849943,SNta30,bristle_neuron,middle_leg_bristle_neuron,sensory,NA,right,acetylcholine,middle_leg,NA
leg_tactile,720575941680223677,SNch10,taste_bristle_tactile_neuron,hind_leg_taste_bristle_tactile_neuron,sensory,NA,left,acetylcholine,hind_leg,NA
leg_tactile,720575941506829125,SNta38,bristle_neuron,hind_leg_bristle_neuron,sensory,NA,left,acetylcholine,hind_leg,NA
leg_tactile,720575941610234954,SNch10,taste_bristle_tactile_neuron,hind_leg_taste_bristle_tactile_neuron,sensory,NA,left,acetylcholine,hind_leg,NA
leg_tactile,720575941661524024,LgLG2,taste_bristle_gustatory_neuron,hind_leg_taste_bristle_gustatory_neuron,sensory,NA,left,acetylcholine,hind_leg,NA
leg_tactile,720575941572530504,SNch10,taste_bristle_tactile_neuron,hind_leg_taste_bristle_tactile_neuron,sensory,NA,left,serotonin,hind_leg,NA
leg_tactile,720575941534109418,SNtaxx,bristle_neuron,hind_leg_bristle_neuron,sensory,NA,left,acetylcholine,hind_leg,NA
leg_tactile,720575941437338156,SNta42,bristle_neuron,hind_leg_bristle_neuron,sensory,NA,left,acetylcholine,hind_leg,NA
leg_tactile,720575941592639595,SNta43,bristle_neuron,hind_leg_bristle_neuron,sensory,NA,left,acetylcholine,hind_leg,NA
leg_tactile,720575941517805996,SNta38,bristle_neuron,hind_leg_bristle_neuron,sensory,NA,left,acetylcholine,hind_leg,NA
leg_tactile,720575941352906800,SNch10,taste_bristle_tactile_neuron,hind_leg_taste_bristle_tactile_neuron,sensory,NA,left,acetylcholine,hind_leg,NA
leg_tactile,720575941575170742,SNta21,bristle_neuron,hind_leg_bristle_neuron,sensory,NA,left,gaba,hind_leg,NA
leg_tactile,720575941479973539,SNta38,bristle_neuron,hind_leg_bristle_neuron,sensory,NA,left,acetylcholine,hind_leg,NA
leg_tactile,720575941534739178,SNta38,bristle_neuron,hind_leg_bristle_neuron,sensory,NA,left,acetylcholine,hind_leg,NA
leg_tactile,720575941526144793,SNta40,bristle_neuron,hind_leg_bristle_neuron,sensory,NA,left,acetylcholine,hind_leg,NA
leg_tactile,720575941649166613,SNta28,bristle_neuron,hind_leg_bristle_neuron,sensory,NA,right,acetylcholine,hind_leg,NA
leg_tactile,720575941470840896,LgLG1a,taste_bristle_gustatory_neuron,middle_leg_taste_bristle_gustatory_neuron,sensory,NA,right,glutamate,middle_leg,NA
leg_tactile,720575941548498465,SNta33,bristle_neuron,front_leg_bristle_neuron,sensory,NA,right,acetylcholine,front_leg,NA
leg_tactile,720575941650004465,LgLG1a,taste_bristle_gustatory_neuron,middle_leg_taste_bristle_gustatory_neuron,sensory,NA,right,glutamate,middle_leg,NA
leg_tactile,720575941650520341,LgLG1b,taste_bristle_gustatory_neuron,front_leg_taste_bristle_gustatory_neuron,sensory,NA,left,acetylcholine,front_leg,NA
leg_tactile,720575941650521621,LgLG4,taste_bristle_gustatory_neuron,middle_leg_taste_bristle_gustatory_neuron,sensory,NA,left,acetylcholine,middle_leg,NA
leg_tactile,720575941523175243,SNta20,bristle_neuron,hind_leg_bristle_neuron,sensory,NA,right,acetylcholine,hind_leg,NA
leg_tactile,720575941585211999,LgLG1a,taste_bristle_gustatory_neuron,middle_leg_taste_bristle_gustatory_neuron,sensory,NA,left,acetylcholine,middle_leg,NA
leg_tactile,720575941543890693,LgLG1b,taste_bristle_gustatory_neuron,hind_leg_taste_bristle_gustatory_neuron,sensory,NA,left,acetylcholine,hind_leg,NA
leg_tactile,720575941506128919,LgLG3,taste_bristle_gustatory_neuron,hind_leg_taste_bristle_gustatory_neuron,sensory,NA,left,acetylcholine,hind_leg,NA
leg_tactile,720575941539445373,LgLG1b,taste_bristle_gustatory_neuron,hind_leg_taste_bristle_gustatory_neuron,sensory,NA,right,glutamate,hind_leg,NA
leg_tactile,720575941591278220,SNta21,bristle_neuron,hind_leg_bristle_neuron,sensory,NA,right,acetylcholine,hind_leg,NA
leg_tactile,720575941652325081,SNta37,bristle_neuron,middle_leg_bristle_neuron,sensory,NA,left,acetylcholine,middle_leg,NA
leg_tactile,720575941549120116,LgLG3,taste_bristle_gustatory_neuron,hind_leg_taste_bristle_gustatory_neuron,sensory,NA,left,acetylcholine,hind_leg,NA
leg_tactile,720575941541466972,LgLG1b,taste_bristle_gustatory_neuron,hind_leg_taste_bristle_gustatory_neuron,sensory,NA,left,glutamate,hind_leg,NA
leg_tactile,720575941548518689,LgLG3,taste_bristle_gustatory_neuron,hind_leg_taste_bristle_gustatory_neuron,sensory,NA,left,acetylcholine,hind_leg,NA
leg_tactile,720575941511328528,LgLG1b,taste_bristle_gustatory_neuron,hind_leg_taste_bristle_gustatory_neuron,sensory,NA,left,acetylcholine,hind_leg,NA
leg_tactile,720575941411775855,LgLG1b,taste_bristle_gustatory_neuron,hind_leg_taste_bristle_gustatory_neuron,sensory,NA,left,acetylcholine,hind_leg,NA
leg_tactile,720575941652713684,SNta42,bristle_neuron,middle_leg_bristle_neuron,sensory,NA,left,acetylcholine,middle_leg,NA
leg_tactile,720575941531574501,SNta29,bristle_neuron,front_leg_bristle_neuron,sensory,NA,left,acetylcholine,front_leg,NA
leg_tactile,720575941554269953,LgLG1a,taste_bristle_gustatory_neuron,middle_leg_taste_bristle_gustatory_neuron,sensory,NA,right,glutamate,middle_leg,NA
leg_tactile,720575941595691653,SNta36,bristle_neuron,hind_leg_bristle_neuron,sensory,NA,right,acetylcholine,hind_leg,NA
leg_tactile,720575941653945300,SNta35,bristle_neuron,middle_leg_bristle_neuron,sensory,NA,right,acetylcholine,middle_leg,NA
leg_tactile,720575941553015579,SNta37,bristle_neuron,hind_leg_bristle_neuron,sensory,NA,right,acetylcholine,hind_leg,NA
leg_tactile,720575941654163156,SNta42,bristle_neuron,front_leg_bristle_neuron,sensory,NA,right,acetylcholine,front_leg,NA
leg_tactile,720575941493198567,SNta42,bristle_neuron,middle_leg_bristle_neuron,sensory,NA,left,acetylcholine,middle_leg,NA
leg_tactile,720575941431071407,LgLG3,taste_bristle_gustatory_neuron,hind_leg_taste_bristle_gustatory_neuron,sensory,NA,right,acetylcholine,hind_leg,NA
leg_tactile,720575941602921206,SNta26,bristle_neuron,hind_leg_bristle_neuron,sensory,NA,right,acetylcholine,hind_leg,NA
leg_tactile,720575941655916824,LgLG3,taste_bristle_gustatory_neuron,middle_leg_taste_bristle_gustatory_neuron,sensory,NA,right,acetylcholine,middle_leg,NA
leg_tactile,720575941439427413,SNta44,bristle_neuron,middle_leg_bristle_neuron,sensory,NA,left,acetylcholine,middle_leg,NA
leg_tactile,720575941432126990,LgLG1b,taste_bristle_gustatory_neuron,middle_leg_taste_bristle_gustatory_neuron,sensory,NA,left,glutamate,middle_leg,NA
leg_tactile,720575941514683395,SNta38,bristle_neuron,front_leg_bristle_neuron,sensory,NA,left,acetylcholine,front_leg,NA
leg_tactile,720575941501182603,LgLG4,taste_bristle_gustatory_neuron,hind_leg_taste_bristle_gustatory_neuron,sensory,NA,right,acetylcholine,hind_leg,NA
leg_tactile,720575941440395711,LgLG7,taste_bristle_gustatory_neuron,front_leg_taste_bristle_gustatory_neuron,sensory,NA,left,acetylcholine,front_leg,NA
leg_tactile,720575941659764280,LgLG3,taste_bristle_gustatory_neuron,front_leg_taste_bristle_gustatory_neuron,sensory,NA,left,acetylcholine,front_leg,NA
leg_tactile,720575941536706787,SNta24,bristle_neuron,front_leg_bristle_neuron,sensory,NA,left,acetylcholine,front_leg,NA
leg_tactile,720575941568940276,SNta29,bristle_neuron,hind_leg_bristle_neuron,sensory,NA,right,acetylcholine,hind_leg,NA
leg_tactile,720575941506267205,SNta20,bristle_neuron,middle_leg_bristle_neuron,sensory,NA,right,acetylcholine,middle_leg,NA
leg_tactile,720575941629728038,SNta37,bristle_neuron,middle_leg_bristle_neuron,sensory,NA,right,acetylcholine,middle_leg,NA
leg_tactile,720575941532570755,SNta35,bristle_neuron,middle_leg_bristle_neuron,sensory,NA,right,acetylcholine,middle_leg,NA
leg_tactile,720575941460344019,SNta35,bristle_neuron,middle_leg_bristle_neuron,sensory,NA,right,acetylcholine,middle_leg,NA
leg_tactile,720575941541883421,SNta23,bristle_neuron,hind_leg_bristle_neuron,sensory,NA,right,acetylcholine,hind_leg,NA
leg_tactile,720575941491349452,SNta38,bristle_neuron,hind_leg_bristle_neuron,sensory,NA,right,acetylcholine,hind_leg,NA
leg_tactile,720575941662126460,SNtaxx,bristle_neuron,hind_leg_bristle_neuron,sensory,NA,left,acetylcholine,hind_leg,NA
leg_tactile,720575941654701780,SNta45,bristle_neuron,hind_leg_bristle_neuron,sensory,NA,right,acetylcholine,hind_leg,NA
leg_tactile,720575941352016432,SNta38,bristle_neuron,hind_leg_bristle_neuron,sensory,NA,right,acetylcholine,hind_leg,NA
leg_tactile,720575941431969751,SNta38,bristle_neuron,middle_leg_bristle_neuron,sensory,NA,left,acetylcholine,middle_leg,NA
leg_tactile,720575941668442801,SNta41,bristle_neuron,front_leg_bristle_neuron,sensory,NA,left,acetylcholine,front_leg,NA
leg_tactile,720575941535929834,LgLG1b,taste_bristle_gustatory_neuron,middle_leg_taste_bristle_gustatory_neuron,sensory,NA,left,glutamate,middle_leg,NA
leg_tactile,720575941568508666,SNta28,bristle_neuron,hind_leg_bristle_neuron,sensory,NA,right,acetylcholine,hind_leg,NA
leg_tactile,720575941670279386,SNch10,taste_bristle_tactile_neuron,front_leg_taste_bristle_tactile_neuron,sensory,NA,left,acetylcholine,front_leg,NA
leg_tactile,720575941670279642,SNch10,taste_bristle_tactile_neuron,front_leg_taste_bristle_tactile_neuron,sensory,NA,left,acetylcholine,front_leg,NA
leg_tactile,720575941670287066,LgLG8,taste_bristle_gustatory_neuron,front_leg_taste_bristle_gustatory_neuron,sensory,NA,left,acetylcholine,front_leg,NA
leg_tactile,720575941662563196,LgLG8,taste_bristle_gustatory_neuron,front_leg_taste_bristle_gustatory_neuron,sensory,NA,left,acetylcholine,front_leg,NA
leg_tactile,720575941574506383,SNta30,bristle_neuron,front_leg_bristle_neuron,sensory,NA,left,acetylcholine,front_leg,NA
leg_tactile,720575941629360441,SNta20,bristle_neuron,front_leg_bristle_neuron,sensory,NA,left,acetylcholine,front_leg,NA
leg_tactile,720575941670292186,SNta19,bristle_neuron,front_leg_bristle_neuron,sensory,NA,left,acetylcholine,front_leg,NA
leg_tactile,720575941670298074,LgLG7,taste_bristle_gustatory_neuron,front_leg_taste_bristle_gustatory_neuron,sensory,NA,left,acetylcholine,front_leg,NA
leg_tactile,720575941670300122,LgLG7,taste_bristle_gustatory_neuron,front_leg_taste_bristle_gustatory_neuron,sensory,NA,left,gaba,front_leg,NA
leg_tactile,720575941670303450,SNta37,bristle_neuron,front_leg_bristle_neuron,sensory,NA,left,acetylcholine,front_leg,NA
leg_tactile,720575941670316506,SNta38,bristle_neuron,front_leg_bristle_neuron,sensory,NA,left,acetylcholine,front_leg,NA
leg_tactile,720575941451324750,SNta29,bristle_neuron,front_leg_bristle_neuron,sensory,NA,left,acetylcholine,front_leg,NA
leg_tactile,720575941480153679,LgLG1b,taste_bristle_gustatory_neuron,front_leg_taste_bristle_gustatory_neuron,sensory,NA,left,glutamate,front_leg,NA
leg_tactile,720575941572423496,SNta29,bristle_neuron,front_leg_bristle_neuron,sensory,NA,left,acetylcholine,front_leg,NA
leg_tactile,720575941548423713,SNta20,bristle_neuron,front_leg_bristle_neuron,sensory,NA,left,acetylcholine,front_leg,NA
leg_tactile,720575941670320346,SNta35,bristle_neuron,front_leg_bristle_neuron,sensory,NA,left,acetylcholine,front_leg,NA
leg_tactile,720575941670331354,LgLG7,taste_bristle_gustatory_neuron,front_leg_taste_bristle_gustatory_neuron,sensory,NA,left,acetylcholine,front_leg,NA
leg_tactile,720575941673512175,SNch10,taste_bristle_tactile_neuron,front_leg_taste_bristle_tactile_neuron,sensory,NA,left,acetylcholine,front_leg,NA
leg_tactile,720575941630112226,SNta42,bristle_neuron,front_leg_bristle_neuron,sensory,NA,left,acetylcholine,front_leg,NA
leg_tactile,720575941539353549,SNch10,taste_bristle_tactile_neuron,front_leg_taste_bristle_tactile_neuron,sensory,NA,left,acetylcholine,front_leg,NA
leg_tactile,720575941673513199,SNch10,taste_bristle_tactile_neuron,front_leg_taste_bristle_tactile_neuron,sensory,NA,left,acetylcholine,front_leg,NA
leg_tactile,720575941673513967,SNta42,bristle_neuron,front_leg_bristle_neuron,sensory,NA,left,acetylcholine,front_leg,NA
leg_tactile,720575941656675028,SNta42,bristle_neuron,front_leg_bristle_neuron,sensory,NA,left,acetylcholine,front_leg,NA
leg_tactile,720575941661438776,SNta41,bristle_neuron,front_leg_bristle_neuron,sensory,NA,left,acetylcholine,front_leg,NA
leg_tactile,720575941471057675,SNta42,bristle_neuron,front_leg_bristle_neuron,sensory,NA,left,acetylcholine,front_leg,NA
leg_tactile,720575941563124370,SNch10,taste_bristle_tactile_neuron,front_leg_taste_bristle_tactile_neuron,sensory,NA,left,acetylcholine,front_leg,NA
leg_tactile,720575941531564773,SNch10,taste_bristle_tactile_neuron,front_leg_taste_bristle_tactile_neuron,sensory,NA,left,acetylcholine,front_leg,NA
leg_tactile,720575941673516271,SNch10,taste_bristle_tactile_neuron,front_leg_taste_bristle_tactile_neuron,sensory,NA,left,acetylcholine,front_leg,NA
leg_tactile,720575941577699161,SNta45,bristle_neuron,front_leg_bristle_neuron,sensory,NA,left,acetylcholine,front_leg,NA
leg_tactile,720575941538058901,SNta27,bristle_neuron,front_leg_bristle_neuron,sensory,NA,right,acetylcholine,front_leg,NA
leg_tactile,720575941674027226,SNta37,bristle_neuron,front_leg_bristle_neuron,sensory,NA,right,acetylcholine,front_leg,NA
leg_tactile,720575941674074330,SNta37,bristle_neuron,front_leg_bristle_neuron,sensory,NA,right,acetylcholine,front_leg,NA
leg_tactile,720575941703123674,SNta29,bristle_neuron,front_leg_bristle_neuron,sensory,NA,left,gaba,front_leg,NA
leg_tactile,720575941624977098,SNta32,bristle_neuron,front_leg_bristle_neuron,sensory,NA,left,acetylcholine,front_leg,NA
leg_tactile,720575941674161370,SNta30,bristle_neuron,front_leg_bristle_neuron,sensory,NA,right,acetylcholine,front_leg,NA
leg_tactile,720575941528925624,SNta44,bristle_neuron,front_leg_bristle_neuron,sensory,NA,left,acetylcholine,front_leg,NA
leg_tactile,720575941566050663,SNta38,bristle_neuron,front_leg_bristle_neuron,sensory,NA,left,acetylcholine,front_leg,NA
leg_tactile,720575941674209775,SNxxxx,bristle_neuron,front_leg_bristle_neuron,sensory,NA,left,acetylcholine,front_leg,NA
leg_tactile,720575941612337116,SNta32,bristle_neuron,front_leg_bristle_neuron,sensory,NA,left,acetylcholine,front_leg,NA
leg_tactile,720575941674454490,SNxxxx,bristle_neuron,front_leg_bristle_neuron,sensory,NA,right,acetylcholine,front_leg,NA
leg_tactile,720575941722191674,SNta27,bristle_neuron,front_leg_bristle_neuron,sensory,NA,right,acetylcholine,front_leg,NA
leg_tactile,720575941674464218,SNta30,bristle_neuron,front_leg_bristle_neuron,sensory,NA,right,acetylcholine,front_leg,NA
leg_tactile,720575941675009754,SNta30,bristle_neuron,front_leg_bristle_neuron,sensory,NA,right,acetylcholine,front_leg,NA
leg_tactile,720575941676786927,SNta24,bristle_neuron,front_leg_bristle_neuron,sensory,NA,left,acetylcholine,front_leg,NA
leg_tactile,720575941549133428,LgLG3,taste_bristle_gustatory_neuron,hind_leg_taste_bristle_gustatory_neuron,sensory,NA,right,acetylcholine,hind_leg,NA
leg_tactile,720575941678405594,SNta30,bristle_neuron,front_leg_bristle_neuron,sensory,NA,right,acetylcholine,front_leg,NA
leg_tactile,720575941474400059,SNta30,bristle_neuron,front_leg_bristle_neuron,sensory,NA,right,acetylcholine,front_leg,NA
leg_tactile,720575941501039755,SNta30,bristle_neuron,front_leg_bristle_neuron,sensory,NA,right,acetylcholine,front_leg,NA
leg_tactile,720575941702131930,SNta30,bristle_neuron,front_leg_bristle_neuron,sensory,NA,right,acetylcholine,front_leg,NA
leg_tactile,720575941564864914,SNta30,bristle_neuron,front_leg_bristle_neuron,sensory,NA,right,acetylcholine,front_leg,NA
leg_tactile,720575941628004665,SNta30,bristle_neuron,front_leg_bristle_neuron,sensory,NA,right,acetylcholine,front_leg,NA
leg_tactile,720575941548959549,SNta30,bristle_neuron,front_leg_bristle_neuron,sensory,NA,right,acetylcholine,front_leg,NA
leg_tactile,720575941678486205,LgLG4,taste_bristle_gustatory_neuron,front_leg_taste_bristle_gustatory_neuron,sensory,NA,left,acetylcholine,front_leg,NA
leg_tactile,720575941559119342,SNta30,bristle_neuron,front_leg_bristle_neuron,sensory,NA,right,acetylcholine,front_leg,NA
leg_tactile,720575941678508250,SNta30,bristle_neuron,front_leg_bristle_neuron,sensory,NA,right,acetylcholine,front_leg,NA
leg_tactile,720575941465731670,SNta21,bristle_neuron,front_leg_bristle_neuron,sensory,NA,right,acetylcholine,front_leg,NA
leg_tactile,720575941501018763,SNta30,bristle_neuron,front_leg_bristle_neuron,sensory,NA,right,acetylcholine,front_leg,NA
leg_tactile,720575941571439006,SNta30,bristle_neuron,front_leg_bristle_neuron,sensory,NA,right,acetylcholine,front_leg,NA
leg_tactile,720575941678603709,SNta30,bristle_neuron,middle_leg_bristle_neuron,sensory,NA,right,acetylcholine,middle_leg,NA
leg_tactile,720575941551049471,SNxxxx,bristle_neuron,front_leg_bristle_neuron,sensory,NA,right,acetylcholine,front_leg,NA
leg_tactile,720575941485447490,SNta21,bristle_neuron,front_leg_bristle_neuron,sensory,NA,right,gaba,front_leg,NA
leg_tactile,720575941400814627,SNta41,bristle_neuron,front_leg_bristle_neuron,sensory,NA,left,acetylcholine,front_leg,NA
leg_tactile,720575941679069679,SNta44,bristle_neuron,front_leg_bristle_neuron,sensory,NA,left,acetylcholine,front_leg,NA
leg_tactile,720575941490212302,SNta42,bristle_neuron,front_leg_bristle_neuron,sensory,NA,left,acetylcholine,front_leg,NA
leg_tactile,720575941667505139,SNta42,bristle_neuron,front_leg_bristle_neuron,sensory,NA,left,acetylcholine,front_leg,NA
leg_tactile,720575941679700669,SNta37,bristle_neuron,hind_leg_bristle_neuron,sensory,NA,left,acetylcholine,hind_leg,NA
leg_tactile,720575941514716771,SNta21,bristle_neuron,front_leg_bristle_neuron,sensory,NA,right,acetylcholine,front_leg,NA
leg_tactile,720575941354248496,SNta31,bristle_neuron,front_leg_bristle_neuron,sensory,NA,left,acetylcholine,front_leg,NA
leg_tactile,720575941680281071,SNta44,bristle_neuron,front_leg_bristle_neuron,sensory,NA,left,acetylcholine,front_leg,NA
leg_tactile,720575941564728727,SNta41,bristle_neuron,front_leg_bristle_neuron,sensory,NA,left,acetylcholine,front_leg,NA
leg_tactile,720575941602948086,SNta40,bristle_neuron,front_leg_bristle_neuron,sensory,NA,left,acetylcholine,front_leg,NA
leg_tactile,720575941490792654,SNta41,bristle_neuron,front_leg_bristle_neuron,sensory,NA,left,gaba,front_leg,NA
leg_tactile,720575941680282351,SNxxxx,bristle_neuron,front_leg_bristle_neuron,sensory,NA,left,acetylcholine,front_leg,NA
leg_tactile,720575941563827090,SNta44,bristle_neuron,front_leg_bristle_neuron,sensory,NA,left,acetylcholine,front_leg,NA
leg_tactile,720575941680283375,SNxxxx,bristle_neuron,front_leg_bristle_neuron,sensory,NA,left,acetylcholine,front_leg,NA
leg_tactile,720575941535643930,SNta44,bristle_neuron,front_leg_bristle_neuron,sensory,NA,left,acetylcholine,front_leg,NA
leg_tactile,720575941661442872,SNta45,bristle_neuron,front_leg_bristle_neuron,sensory,NA,left,acetylcholine,front_leg,NA
leg_tactile,720575941392561558,SNta44,bristle_neuron,front_leg_bristle_neuron,sensory,NA,left,acetylcholine,front_leg,NA
leg_tactile,720575941680142269,SNta44,bristle_neuron,front_leg_bristle_neuron,sensory,NA,left,acetylcholine,front_leg,NA
leg_tactile,720575941461600912,SNta44,bristle_neuron,front_leg_bristle_neuron,sensory,NA,left,acetylcholine,front_leg,NA
leg_tactile,720575941481109699,SNtaxx,bristle_neuron,hind_leg_bristle_neuron,sensory,NA,left,acetylcholine,hind_leg,NA
leg_tactile,720575941683879576,SNta39,bristle_neuron,hind_leg_bristle_neuron,sensory,NA,left,acetylcholine,hind_leg,NA
leg_tactile,720575941450199886,LgLG4,taste_bristle_gustatory_neuron,hind_leg_taste_bristle_gustatory_neuron,sensory,NA,left,glutamate,hind_leg,NA
leg_tactile,720575941723705914,LgLG1b,taste_bristle_gustatory_neuron,hind_leg_taste_bristle_gustatory_neuron,sensory,NA,left,acetylcholine,hind_leg,NA
leg_tactile,720575941594858097,SNta38,bristle_neuron,hind_leg_bristle_neuron,sensory,NA,left,acetylcholine,hind_leg,NA
leg_tactile,720575941577640793,LgLG2,taste_bristle_gustatory_neuron,hind_leg_taste_bristle_gustatory_neuron,sensory,NA,left,acetylcholine,hind_leg,NA
leg_tactile,720575941621027967,SNta21,bristle_neuron,hind_leg_bristle_neuron,sensory,NA,left,acetylcholine,hind_leg,NA
leg_tactile,720575941684784111,SNta35,bristle_neuron,middle_leg_bristle_neuron,sensory,NA,left,acetylcholine,middle_leg,NA
leg_tactile,720575941405748848,LgLG1b,taste_bristle_gustatory_neuron,hind_leg_taste_bristle_gustatory_neuron,sensory,NA,right,glutamate,hind_leg,NA
leg_tactile,720575941684891887,LgLG1b,taste_bristle_gustatory_neuron,middle_leg_taste_bristle_gustatory_neuron,sensory,NA,left,glutamate,middle_leg,NA
leg_tactile,720575941611904870,SNta28,bristle_neuron,hind_leg_bristle_neuron,sensory,NA,right,acetylcholine,hind_leg,NA
leg_tactile,720575941685015258,LgLG1b,taste_bristle_gustatory_neuron,front_leg_taste_bristle_gustatory_neuron,sensory,NA,right,acetylcholine,front_leg,NA
leg_tactile,720575941685036250,SNxxxx,bristle_neuron,front_leg_bristle_neuron,sensory,NA,right,acetylcholine,front_leg,NA
leg_tactile,720575941515018330,SNxxxx,bristle_neuron,front_leg_bristle_neuron,sensory,NA,right,acetylcholine,front_leg,NA
leg_tactile,720575941546279860,SNxxxx,bristle_neuron,front_leg_bristle_neuron,sensory,NA,right,acetylcholine,front_leg,NA
leg_tactile,720575941440893135,LgLG1b,taste_bristle_gustatory_neuron,front_leg_taste_bristle_gustatory_neuron,sensory,NA,right,acetylcholine,front_leg,NA
leg_tactile,720575941453925427,SNxxxx,bristle_neuron,front_leg_bristle_neuron,sensory,NA,right,acetylcholine,front_leg,NA
leg_tactile,720575941539371725,LgLG1b,taste_bristle_gustatory_neuron,front_leg_taste_bristle_gustatory_neuron,sensory,NA,right,acetylcholine,front_leg,NA
leg_tactile,720575941352944688,LgLG1a,taste_bristle_gustatory_neuron,front_leg_taste_bristle_gustatory_neuron,sensory,NA,right,acetylcholine,front_leg,NA
leg_tactile,720575941393576196,LgLG3,taste_bristle_gustatory_neuron,front_leg_taste_bristle_gustatory_neuron,sensory,NA,right,acetylcholine,front_leg,NA
leg_tactile,720575941568384250,LgLG1a,taste_bristle_gustatory_neuron,front_leg_taste_bristle_gustatory_neuron,sensory,NA,right,gaba,front_leg,NA
leg_tactile,720575941685698778,LgLG3,taste_bristle_gustatory_neuron,front_leg_taste_bristle_gustatory_neuron,sensory,NA,right,acetylcholine,front_leg,NA
leg_tactile,720575941685701338,LgLG1b,taste_bristle_gustatory_neuron,front_leg_taste_bristle_gustatory_neuron,sensory,NA,right,acetylcholine,front_leg,NA
leg_tactile,720575941661449016,LgLG3,taste_bristle_gustatory_neuron,front_leg_taste_bristle_gustatory_neuron,sensory,NA,right,acetylcholine,front_leg,NA
leg_tactile,720575941552725127,LgLG1b,taste_bristle_gustatory_neuron,front_leg_taste_bristle_gustatory_neuron,sensory,NA,right,acetylcholine,front_leg,NA
leg_tactile,720575941479388640,SNta42,bristle_neuron,hind_leg_bristle_neuron,sensory,NA,right,acetylcholine,hind_leg,NA
leg_tactile,720575941434973326,SNta19,bristle_neuron,front_leg_bristle_neuron,sensory,NA,right,acetylcholine,front_leg,NA
leg_tactile,720575941687338102,SNta27,bristle_neuron,front_leg_bristle_neuron,sensory,NA,right,acetylcholine,front_leg,NA
leg_tactile,720575941468784349,SNta38,bristle_neuron,hind_leg_bristle_neuron,sensory,NA,left,acetylcholine,hind_leg,NA
leg_tactile,720575941426672212,SNta29,bristle_neuron,front_leg_bristle_neuron,sensory,NA,left,acetylcholine,front_leg,NA
leg_tactile,720575941680203453,SNta45,bristle_neuron,middle_leg_bristle_neuron,sensory,NA,left,acetylcholine,middle_leg,NA
leg_tactile,720575941572585800,SNta43,bristle_neuron,hind_leg_bristle_neuron,sensory,NA,left,acetylcholine,hind_leg,NA
leg_tactile,720575941507644033,SNta44,bristle_neuron,hind_leg_bristle_neuron,sensory,NA,right,acetylcholine,hind_leg,NA
leg_tactile,720575941688165784,SNta21,bristle_neuron,middle_leg_bristle_neuron,sensory,NA,left,acetylcholine,middle_leg,NA
leg_tactile,720575941642629989,SNta30,bristle_neuron,hind_leg_bristle_neuron,sensory,NA,right,acetylcholine,hind_leg,NA
leg_tactile,720575941507528577,SNta43,bristle_neuron,hind_leg_bristle_neuron,sensory,NA,left,acetylcholine,hind_leg,NA
leg_tactile,720575941689290715,SNta38,bristle_neuron,hind_leg_bristle_neuron,sensory,NA,left,acetylcholine,hind_leg,NA
leg_tactile,720575941689322392,LgLG3,taste_bristle_gustatory_neuron,hind_leg_taste_bristle_gustatory_neuron,sensory,NA,left,acetylcholine,hind_leg,NA
leg_tactile,720575941625068955,SNta37,bristle_neuron,hind_leg_bristle_neuron,sensory,NA,right,acetylcholine,hind_leg,NA
leg_tactile,720575941576573544,SNta29,bristle_neuron,hind_leg_bristle_neuron,sensory,NA,right,acetylcholine,hind_leg,NA
leg_tactile,720575941476124446,SNta29,bristle_neuron,front_leg_bristle_neuron,sensory,NA,right,acetylcholine,front_leg,NA
leg_tactile,720575941689557467,SNta19,bristle_neuron,middle_leg_bristle_neuron,sensory,NA,left,acetylcholine,middle_leg,NA
leg_tactile,720575941689768856,SNta30,bristle_neuron,middle_leg_bristle_neuron,sensory,NA,left,acetylcholine,middle_leg,NA
leg_tactile,720575941701811162,SNta29,bristle_neuron,front_leg_bristle_neuron,sensory,NA,right,acetylcholine,front_leg,NA
leg_tactile,720575941720403514,LgLG1b,taste_bristle_gustatory_neuron,middle_leg_taste_bristle_gustatory_neuron,sensory,NA,left,acetylcholine,middle_leg,NA
leg_tactile,720575941453927987,LgLG1a,taste_bristle_gustatory_neuron,middle_leg_taste_bristle_gustatory_neuron,sensory,NA,left,acetylcholine,middle_leg,NA
leg_tactile,720575941720627002,SNta25,bristle_neuron,middle_leg_bristle_neuron,sensory,NA,right,acetylcholine,middle_leg,NA
leg_tactile,720575941498563809,SNta37,bristle_neuron,hind_leg_bristle_neuron,sensory,NA,right,acetylcholine,hind_leg,NA
leg_tactile,720575941731210027,SNta37,bristle_neuron,hind_leg_bristle_neuron,sensory,NA,left,acetylcholine,hind_leg,NA
leg_tactile,720575941565252918,LgLG4,taste_bristle_gustatory_neuron,hind_leg_taste_bristle_gustatory_neuron,sensory,NA,right,acetylcholine,hind_leg,NA
leg_tactile,720575941559145454,SNta29,bristle_neuron,middle_leg_bristle_neuron,sensory,NA,right,acetylcholine,middle_leg,NA
leg_tactile,720575941532568195,SNta20,bristle_neuron,middle_leg_bristle_neuron,sensory,NA,right,acetylcholine,middle_leg,NA
leg_tactile,720575941502927959,SNta44,bristle_neuron,middle_leg_bristle_neuron,sensory,NA,right,acetylcholine,middle_leg,NA
leg_tactile,720575941523303243,LgLG1b,taste_bristle_gustatory_neuron,front_leg_taste_bristle_gustatory_neuron,sensory,NA,right,glutamate,front_leg,NA
leg_tactile,720575941604186046,SNta29,bristle_neuron,middle_leg_bristle_neuron,sensory,NA,right,acetylcholine,middle_leg,NA
leg_tactile,720575941580742009,SNta28,bristle_neuron,middle_leg_bristle_neuron,sensory,NA,right,acetylcholine,middle_leg,NA
leg_tactile,720575941591993128,SNta21,bristle_neuron,front_leg_bristle_neuron,sensory,NA,NA,acetylcholine,front_leg,NA
leg_tactile,720575941461069069,SNta20,bristle_neuron,middle_leg_bristle_neuron,sensory,NA,right,acetylcholine,middle_leg,NA
leg_tactile,720575941499381643,SNta28,bristle_neuron,middle_leg_bristle_neuron,sensory,NA,right,acetylcholine,middle_leg,NA
leg_tactile,720575941590546686,SNta28,bristle_neuron,middle_leg_bristle_neuron,sensory,NA,right,acetylcholine,middle_leg,NA
leg_tactile,720575941505270851,SNta44,bristle_neuron,hind_leg_bristle_neuron,sensory,NA,left,acetylcholine,hind_leg,NA
leg_tactile,720575941517380698,SNta26,bristle_neuron,middle_leg_bristle_neuron,sensory,NA,right,acetylcholine,middle_leg,NA
leg_tactile,720575941662445624,SNta26,bristle_neuron,middle_leg_bristle_neuron,sensory,NA,right,acetylcholine,middle_leg,NA
leg_tactile,720575941406002288,SNta21,bristle_neuron,middle_leg_bristle_neuron,sensory,NA,right,acetylcholine,middle_leg,NA
leg_tactile,720575941413338769,SNta32,bristle_neuron,hind_leg_bristle_neuron,sensory,NA,right,acetylcholine,hind_leg,NA
leg_tactile,720575941521759479,SNta43,bristle_neuron,hind_leg_bristle_neuron,sensory,NA,left,acetylcholine,hind_leg,NA
leg_tactile,720575941407469615,SNta29,bristle_neuron,middle_leg_bristle_neuron,sensory,NA,right,acetylcholine,middle_leg,NA
leg_tactile,720575941612517596,SNta29,bristle_neuron,middle_leg_bristle_neuron,sensory,NA,right,acetylcholine,middle_leg,NA
leg_tactile,720575941451960903,SNxxxx,bristle_neuron,front_leg_bristle_neuron,sensory,NA,right,acetylcholine,front_leg,NA
leg_tactile,720575941440442047,SNta38,bristle_neuron,middle_leg_bristle_neuron,sensory,NA,right,acetylcholine,middle_leg,NA
leg_tactile,720575941432397705,SNta31,bristle_neuron,middle_leg_bristle_neuron,sensory,NA,left,acetylcholine,middle_leg,NA
leg_tactile,720575941440393407,SNxxxx,bristle_neuron,front_leg_bristle_neuron,sensory,NA,NA,acetylcholine,front_leg,NA
leg_tactile,720575941553752577,SNta30,bristle_neuron,front_leg_bristle_neuron,sensory,NA,NA,acetylcholine,front_leg,NA
leg_tactile,720575941654661332,SNta26,bristle_neuron,middle_leg_bristle_neuron,sensory,NA,right,acetylcholine,middle_leg,NA
leg_tactile,720575941644911816,SNta44,bristle_neuron,front_leg_bristle_neuron,sensory,NA,NA,acetylcholine,front_leg,NA
leg_tactile,720575941508269185,SNta32,bristle_neuron,hind_leg_bristle_neuron,sensory,NA,left,acetylcholine,hind_leg,NA
leg_tactile,720575941392605956,SNta20,bristle_neuron,hind_leg_bristle_neuron,sensory,NA,right,acetylcholine,hind_leg,NA
leg_tactile,720575941562182439,LgLG1b,taste_bristle_gustatory_neuron,front_leg_taste_bristle_gustatory_neuron,sensory,NA,NA,acetylcholine,front_leg,NA
leg_tactile,720575941574587145,SNta23,bristle_neuron,hind_leg_bristle_neuron,sensory,NA,left,acetylcholine,hind_leg,NA
leg_tactile,720575941593301355,SNta32,bristle_neuron,hind_leg_bristle_neuron,sensory,NA,NA,acetylcholine,hind_leg,NA
leg_tactile,720575941507515671,SNta32,bristle_neuron,hind_leg_bristle_neuron,sensory,NA,NA,acetylcholine,hind_leg,NA
leg_tactile,720575941401657123,SNta30,bristle_neuron,front_leg_bristle_neuron,sensory,NA,left,gaba,front_leg,NA
leg_tactile,720575941487806672,SNta40,bristle_neuron,front_leg_bristle_neuron,sensory,NA,left,acetylcholine,front_leg,NA
leg_tactile,720575941450397109,SNta21,bristle_neuron,middle_leg_bristle_neuron,sensory,NA,right,acetylcholine,middle_leg,NA
leg_tactile,720575941520957623,LgLG3,taste_bristle_gustatory_neuron,hind_leg_taste_bristle_gustatory_neuron,sensory,NA,right,acetylcholine,hind_leg,NA
leg_tactile,720575941645007265,SNta35,bristle_neuron,middle_leg_bristle_neuron,sensory,NA,right,acetylcholine,middle_leg,NA
leg_tactile,720575941537939994,SNta20,bristle_neuron,middle_leg_bristle_neuron,sensory,NA,left,acetylcholine,middle_leg,NA
leg_tactile,720575941534060722,LgLG1b,taste_bristle_gustatory_neuron,front_leg_taste_bristle_gustatory_neuron,sensory,NA,right,acetylcholine,front_leg,NA
leg_tactile,720575941518757804,SNta34,bristle_neuron,hind_leg_bristle_neuron,sensory,NA,NA,acetylcholine,hind_leg,NA
leg_tactile,720575941351536688,LgLG4,taste_bristle_gustatory_neuron,middle_leg_taste_bristle_gustatory_neuron,sensory,NA,NA,glutamate,middle_leg,NA
leg_tactile,720575941498066820,SNta37,bristle_neuron,front_leg_bristle_neuron,sensory,NA,left,acetylcholine,front_leg,NA
leg_tactile,720575941569621236,SNta39,bristle_neuron,hind_leg_bristle_neuron,sensory,NA,left,acetylcholine,hind_leg,NA
leg_tactile,720575941592850472,SNta37,bristle_neuron,middle_leg_bristle_neuron,sensory,NA,NA,acetylcholine,middle_leg,NA
leg_tactile,720575941430980961,LgLG1b,taste_bristle_gustatory_neuron,front_leg_taste_bristle_gustatory_neuron,sensory,NA,NA,acetylcholine,front_leg,NA
leg_tactile,720575941639592916,SNta43,bristle_neuron,hind_leg_bristle_neuron,sensory,NA,left,acetylcholine,hind_leg,NA
leg_tactile,720575941598598336,SNta43,bristle_neuron,middle_leg_bristle_neuron,sensory,NA,right,acetylcholine,middle_leg,NA
leg_tactile,720575941441201855,SNta45,bristle_neuron,front_leg_bristle_neuron,sensory,NA,left,acetylcholine,front_leg,NA
leg_tactile,720575941625053339,LgLG4,taste_bristle_gustatory_neuron,front_leg_taste_bristle_gustatory_neuron,sensory,NA,NA,acetylcholine,front_leg,NA
leg_tactile,720575941557812083,LgLG1b,taste_bristle_gustatory_neuron,middle_leg_taste_bristle_gustatory_neuron,sensory,NA,NA,acetylcholine,middle_leg,NA
leg_tactile,720575941569326586,SNta35,bristle_neuron,middle_leg_bristle_neuron,sensory,NA,NA,acetylcholine,middle_leg,NA
leg_tactile,720575941575410575,SNta31,bristle_neuron,middle_leg_bristle_neuron,sensory,NA,NA,acetylcholine,middle_leg,NA
leg_tactile,720575941440668223,SNta29,bristle_neuron,middle_leg_bristle_neuron,sensory,NA,right,acetylcholine,middle_leg,NA
leg_tactile,720575941501994123,SNta35,bristle_neuron,front_leg_bristle_neuron,sensory,NA,left,acetylcholine,front_leg,NA
leg_tactile,720575941540337789,SNch10,taste_bristle_tactile_neuron,front_leg_taste_bristle_tactile_neuron,sensory,NA,NA,acetylcholine,front_leg,NA
leg_tactile,720575941526344632,LgLG3,taste_bristle_gustatory_neuron,front_leg_taste_bristle_gustatory_neuron,sensory,NA,NA,acetylcholine,front_leg,NA
leg_tactile,720575941658876240,SNxxxx,bristle_neuron,front_leg_bristle_neuron,sensory,NA,NA,acetylcholine,front_leg,NA
leg_tactile,720575941507227461,SNta26,bristle_neuron,middle_leg_bristle_neuron,sensory,NA,right,acetylcholine,middle_leg,NA
leg_tactile,720575941651810581,SNta37,bristle_neuron,front_leg_bristle_neuron,sensory,NA,left,acetylcholine,front_leg,NA
leg_tactile,720575941576089014,SNta35,bristle_neuron,front_leg_bristle_neuron,sensory,NA,left,acetylcholine,front_leg,NA
leg_tactile,720575941403911536,SNch10,taste_bristle_tactile_neuron,hind_leg_taste_bristle_tactile_neuron,sensory,NA,left,acetylcholine,hind_leg,NA
leg_tactile,720575941432999950,SNta29,bristle_neuron,front_leg_bristle_neuron,sensory,NA,NA,acetylcholine,front_leg,NA
leg_tactile,720575941449992797,LgLG3,taste_bristle_gustatory_neuron,front_leg_taste_bristle_gustatory_neuron,sensory,NA,right,acetylcholine,front_leg,NA
leg_tactile,720575941611937965,LgLG2,taste_bristle_gustatory_neuron,middle_leg_taste_bristle_gustatory_neuron,sensory,NA,left,acetylcholine,middle_leg,NA
leg_tactile,720575941477300532,SNta39,bristle_neuron,hind_leg_bristle_neuron,sensory,NA,left,acetylcholine,hind_leg,NA
leg_tactile,720575941576730216,SNch10,taste_bristle_tactile_neuron,hind_leg_taste_bristle_tactile_neuron,sensory,NA,left,acetylcholine,hind_leg,NA
leg_tactile,720575941597655488,SNch10,taste_bristle_tactile_neuron,front_leg_taste_bristle_tactile_neuron,sensory,NA,NA,acetylcholine,front_leg,NA
leg_tactile,720575941441953999,SNta35,bristle_neuron,middle_leg_bristle_neuron,sensory,NA,NA,acetylcholine,middle_leg,NA
leg_tactile,720575941607596909,SNta28,bristle_neuron,middle_leg_bristle_neuron,sensory,NA,right,acetylcholine,middle_leg,NA
leg_tactile,720575941475371835,SNta31,bristle_neuron,hind_leg_bristle_neuron,sensory,NA,left,acetylcholine,hind_leg,NA
leg_tactile,720575941504557106,SNch10,taste_bristle_tactile_neuron,hind_leg_taste_bristle_tactile_neuron,sensory,NA,right,acetylcholine,hind_leg,NA
leg_tactile,720575941475372091,SNta40,bristle_neuron,front_leg_bristle_neuron,sensory,NA,NA,acetylcholine,front_leg,NA
leg_tactile,720575941452744775,LgLG2,taste_bristle_gustatory_neuron,middle_leg_taste_bristle_gustatory_neuron,sensory,NA,right,acetylcholine,middle_leg,NA
leg_tactile,720575941474606122,LgLG4,taste_bristle_gustatory_neuron,front_leg_taste_bristle_gustatory_neuron,sensory,NA,NA,acetylcholine,front_leg,NA
leg_tactile,720575941633107616,SNch10,taste_bristle_tactile_neuron,hind_leg_taste_bristle_tactile_neuron,sensory,NA,left,serotonin,hind_leg,NA
leg_tactile,720575941548054408,SNta39,bristle_neuron,hind_leg_bristle_neuron,sensory,NA,left,acetylcholine,hind_leg,NA
leg_tactile,720575941619874175,SNta40,bristle_neuron,front_leg_bristle_neuron,sensory,NA,NA,acetylcholine,front_leg,NA
leg_tactile,720575941438422290,LgLG3,taste_bristle_gustatory_neuron,front_leg_taste_bristle_gustatory_neuron,sensory,NA,NA,acetylcholine,front_leg,NA
leg_tactile,720575941463648525,SNta44,bristle_neuron,front_leg_bristle_neuron,sensory,NA,right,acetylcholine,front_leg,NA
leg_tactile,720575941393480342,SNta40,bristle_neuron,front_leg_bristle_neuron,sensory,NA,NA,acetylcholine,front_leg,NA
leg_tactile,720575941535166913,SAch02,taste_bristle_gustatory_neuron,front_leg_taste_bristle_gustatory_neuron,sensory_ascending,NA,right,acetylcholine,front_leg,NA
leg_tactile,720575941563622759,SAch01,taste_bristle_gustatory_neuron,hind_leg_taste_bristle_gustatory_neuron,sensory_ascending,wing-leg-tactile,right,acetylcholine,hind_leg,NA
leg_tactile,720575941600910889,SAch02,taste_bristle_gustatory_neuron,hind_leg_taste_bristle_gustatory_neuron,sensory_ascending,NA,right,acetylcholine,hind_leg,NA
leg_tactile,720575941625157019,SAch01,taste_bristle_gustatory_neuron,middle_leg_taste_bristle_gustatory_neuron,sensory_ascending,wing-leg-tactile,left,acetylcholine,middle_leg,NA
leg_tactile,720575941471732599,SAch01,taste_bristle_gustatory_neuron,middle_leg_taste_bristle_gustatory_neuron,sensory_ascending,wing-leg-tactile,left,acetylcholine,middle_leg,NA
leg_tactile,720575941461187027,SNta38,bristle_neuron,middle_leg_bristle_neuron,sensory,NA,left,acetylcholine,middle_leg,NA
leg_tactile,720575941508262946,SNta30,bristle_neuron,middle_leg_bristle_neuron,sensory,NA,right,acetylcholine,middle_leg,NA
leg_tactile,720575941468113494,SNta21,bristle_neuron,middle_leg_bristle_neuron,sensory,NA,right,acetylcholine,middle_leg,NA
leg_tactile,720575941473828704,SNta38,bristle_neuron,middle_leg_bristle_neuron,sensory,NA,right,acetylcholine,middle_leg,NA
leg_tactile,720575941612612585,SNta29,bristle_neuron,middle_leg_bristle_neuron,sensory,NA,left,acetylcholine,middle_leg,NA
leg_tactile,720575941477162526,SNta38,bristle_neuron,middle_leg_bristle_neuron,sensory,NA,right,acetylcholine,middle_leg,NA
leg_tactile,720575941549947965,SNta36,bristle_neuron,hind_leg_bristle_neuron,sensory,NA,left,acetylcholine,hind_leg,NA
leg_tactile,720575941605035193,SNta21,bristle_neuron,middle_leg_bristle_neuron,sensory,NA,right,acetylcholine,middle_leg,NA
leg_tactile,720575941471167607,LgLG2,taste_bristle_gustatory_neuron,middle_leg_taste_bristle_gustatory_neuron,sensory,NA,left,acetylcholine,middle_leg,NA
leg_tactile,720575941431090825,SNta25,bristle_neuron,hind_leg_bristle_neuron,sensory,NA,NA,acetylcholine,hind_leg,NA
leg_tactile,720575941654930961,SNta29,bristle_neuron,middle_leg_bristle_neuron,sensory,NA,NA,acetylcholine,middle_leg,NA
leg_tactile,720575941657992272,LgLG1b,taste_bristle_gustatory_neuron,hind_leg_taste_bristle_gustatory_neuron,sensory,NA,left,glutamate,hind_leg,NA
leg_tactile,720575941437308716,LgLG1b,taste_bristle_gustatory_neuron,middle_leg_taste_bristle_gustatory_neuron,sensory,NA,right,glutamate,middle_leg,NA
leg_tactile,720575941612448732,LgLG1b,taste_bristle_gustatory_neuron,front_leg_taste_bristle_gustatory_neuron,sensory,NA,right,glutamate,front_leg,NA
leg_tactile,720575941680143805,LgLG1a,taste_bristle_gustatory_neuron,hind_leg_taste_bristle_gustatory_neuron,sensory,NA,left,acetylcholine,hind_leg,NA
leg_tactile,720575941466547222,LgLG1b,taste_bristle_gustatory_neuron,middle_leg_taste_bristle_gustatory_neuron,sensory,NA,right,glutamate,middle_leg,NA
leg_tactile,720575941503558082,LgLG1b,taste_bristle_gustatory_neuron,middle_leg_taste_bristle_gustatory_neuron,sensory,NA,right,glutamate,middle_leg,NA
leg_tactile,720575941561094671,LgLG1a,taste_bristle_gustatory_neuron,middle_leg_taste_bristle_gustatory_neuron,sensory,NA,left,acetylcholine,middle_leg,NA
leg_tactile,720575941567275054,LgLG1b,taste_bristle_gustatory_neuron,middle_leg_taste_bristle_gustatory_neuron,sensory,NA,left,glutamate,middle_leg,NA
leg_tactile,720575941575210934,LgLG1b,taste_bristle_gustatory_neuron,middle_leg_taste_bristle_gustatory_neuron,sensory,NA,left,glutamate,middle_leg,NA
leg_tactile,720575941476621121,LgLG3,taste_bristle_gustatory_neuron,middle_leg_taste_bristle_gustatory_neuron,sensory,NA,NA,acetylcholine,middle_leg,NA
leg_tactile,720575941539406285,LgLG4,taste_bristle_gustatory_neuron,front_leg_taste_bristle_gustatory_neuron,sensory,NA,left,acetylcholine,front_leg,NA
leg_tactile,720575941669826993,LgLG3,taste_bristle_gustatory_neuron,front_leg_taste_bristle_gustatory_neuron,sensory,NA,NA,acetylcholine,front_leg,NA
leg_tactile,720575941430132216,LgLG3,taste_bristle_gustatory_neuron,middle_leg_taste_bristle_gustatory_neuron,sensory,NA,NA,acetylcholine,middle_leg,NA
leg_tactile,720575941652410836,LgLG3,taste_bristle_gustatory_neuron,hind_leg_taste_bristle_gustatory_neuron,sensory,NA,left,glutamate,hind_leg,NA
leg_tactile,720575941490221006,SNch10,taste_bristle_tactile_neuron,hind_leg_taste_bristle_tactile_neuron,sensory,NA,NA,acetylcholine,hind_leg,NA
leg_tactile,720575941644278984,SNch10,taste_bristle_tactile_neuron,hind_leg_taste_bristle_tactile_neuron,sensory,NA,left,acetylcholine,hind_leg,NA
leg_tactile,720575941412589527,SNch10,taste_bristle_tactile_neuron,hind_leg_taste_bristle_tactile_neuron,sensory,NA,NA,acetylcholine,hind_leg,NA
leg_tactile,720575941479296992,SNch10,taste_bristle_tactile_neuron,hind_leg_taste_bristle_tactile_neuron,sensory,NA,left,acetylcholine,hind_leg,NA
leg_tactile,720575941485526925,LgLG1b,taste_bristle_gustatory_neuron,front_leg_taste_bristle_gustatory_neuron,sensory,NA,right,acetylcholine,front_leg,NA
leg_tactile,720575941440561499,LgLG7,taste_bristle_gustatory_neuron,front_leg_taste_bristle_gustatory_neuron,sensory,NA,right,glutamate,front_leg,NA
leg_tactile,720575941493507010,SNta19,bristle_neuron,front_leg_bristle_neuron,sensory,NA,left,acetylcholine,front_leg,NA
leg_tactile,720575941471644202,SNta20,bristle_neuron,middle_leg_bristle_neuron,sensory,NA,right,acetylcholine,middle_leg,NA
leg_tactile,720575941579385945,SNta20,bristle_neuron,hind_leg_bristle_neuron,sensory,NA,NA,acetylcholine,hind_leg,NA
leg_tactile,720575941508384385,SNta20,bristle_neuron,hind_leg_bristle_neuron,sensory,NA,left,acetylcholine,hind_leg,NA
leg_tactile,720575941471682346,SNta21,bristle_neuron,middle_leg_bristle_neuron,sensory,NA,right,acetylcholine,middle_leg,NA
leg_tactile,720575941479294432,SNta21,bristle_neuron,middle_leg_bristle_neuron,sensory,NA,right,acetylcholine,middle_leg,NA
leg_tactile,720575941608518253,SNta21,bristle_neuron,front_leg_bristle_neuron,sensory,NA,right,acetylcholine,front_leg,NA
leg_tactile,720575941644016248,SNta23,bristle_neuron,middle_leg_bristle_neuron,sensory,NA,left,acetylcholine,middle_leg,NA
leg_tactile,720575941568625010,SNta23,bristle_neuron,middle_leg_bristle_neuron,sensory,NA,left,acetylcholine,middle_leg,NA
leg_tactile,720575941503638834,SNta24,bristle_neuron,front_leg_bristle_neuron,sensory,NA,right,acetylcholine,front_leg,NA
leg_tactile,720575941498832516,SNta24,bristle_neuron,front_leg_bristle_neuron,sensory,NA,left,acetylcholine,front_leg,NA
leg_tactile,720575941525890660,SNta24,bristle_neuron,front_leg_bristle_neuron,sensory,NA,left,acetylcholine,front_leg,NA
leg_tactile,720575941596547877,SNta24,bristle_neuron,front_leg_bristle_neuron,sensory,NA,left,acetylcholine,front_leg,NA
leg_tactile,720575941564652183,SNta24,bristle_neuron,front_leg_bristle_neuron,sensory,NA,left,acetylcholine,front_leg,NA
leg_tactile,720575941538057202,SNta24,bristle_neuron,front_leg_bristle_neuron,sensory,NA,left,acetylcholine,front_leg,NA
leg_tactile,720575941533972885,SNta26,bristle_neuron,middle_leg_bristle_neuron,sensory,NA,right,acetylcholine,middle_leg,NA
leg_tactile,720575941548965693,SNta26,bristle_neuron,middle_leg_bristle_neuron,sensory,NA,right,acetylcholine,middle_leg,NA
leg_tactile,720575941497384571,SNta26,bristle_neuron,middle_leg_bristle_neuron,sensory,NA,right,acetylcholine,middle_leg,NA
leg_tactile,720575941573566390,SNta26,bristle_neuron,middle_leg_bristle_neuron,sensory,NA,right,acetylcholine,middle_leg,NA
leg_tactile,720575941482761213,SNta26,bristle_neuron,middle_leg_bristle_neuron,sensory,NA,right,acetylcholine,middle_leg,NA
leg_tactile,720575941537391626,SNta26,bristle_neuron,middle_leg_bristle_neuron,sensory,NA,right,acetylcholine,middle_leg,NA
leg_tactile,720575941643493752,SNta28,bristle_neuron,hind_leg_bristle_neuron,sensory,NA,left,acetylcholine,hind_leg,NA
leg_tactile,720575941566185270,SNta28,bristle_neuron,hind_leg_bristle_neuron,sensory,NA,left,acetylcholine,hind_leg,NA
leg_tactile,720575941506202949,SNta28,bristle_neuron,hind_leg_bristle_neuron,sensory,NA,left,acetylcholine,hind_leg,NA
leg_tactile,720575941470832192,SNta29,bristle_neuron,front_leg_bristle_neuron,sensory,NA,right,acetylcholine,front_leg,NA
leg_tactile,720575941538205589,SNta29,bristle_neuron,front_leg_bristle_neuron,sensory,NA,right,acetylcholine,front_leg,NA
leg_tactile,720575941526344376,SNta29,bristle_neuron,front_leg_bristle_neuron,sensory,NA,right,acetylcholine,front_leg,NA
leg_tactile,720575941512816337,SNta29,bristle_neuron,front_leg_bristle_neuron,sensory,NA,right,acetylcholine,front_leg,NA
leg_tactile,720575941573700510,SNta29,bristle_neuron,middle_leg_bristle_neuron,sensory,NA,NA,acetylcholine,middle_leg,NA
leg_tactile,720575941448846773,SNta29,bristle_neuron,front_leg_bristle_neuron,sensory,NA,right,acetylcholine,front_leg,NA
leg_tactile,720575941533616164,SNta29,bristle_neuron,front_leg_bristle_neuron,sensory,NA,right,acetylcholine,front_leg,NA
leg_tactile,720575941524191332,SNta29,bristle_neuron,front_leg_bristle_neuron,sensory,NA,right,acetylcholine,front_leg,NA
leg_tactile,720575941533702948,SNta29,bristle_neuron,front_leg_bristle_neuron,sensory,NA,right,acetylcholine,front_leg,NA
leg_tactile,720575941625344906,SNta29,bristle_neuron,front_leg_bristle_neuron,sensory,NA,right,acetylcholine,front_leg,NA
leg_tactile,720575941533703716,SNta29,bristle_neuron,front_leg_bristle_neuron,sensory,NA,right,acetylcholine,front_leg,NA
leg_tactile,720575941533714980,SNta29,bristle_neuron,front_leg_bristle_neuron,sensory,NA,right,acetylcholine,front_leg,NA
leg_tactile,720575941533717028,SNta29,bristle_neuron,front_leg_bristle_neuron,sensory,NA,right,acetylcholine,front_leg,NA
leg_tactile,720575941572275613,SNta29,bristle_neuron,middle_leg_bristle_neuron,sensory,NA,right,acetylcholine,middle_leg,NA
leg_tactile,720575941458928710,SNta29,bristle_neuron,middle_leg_bristle_neuron,sensory,NA,right,acetylcholine,middle_leg,NA
leg_tactile,720575941578316881,SNta29,bristle_neuron,middle_leg_bristle_neuron,sensory,NA,right,acetylcholine,middle_leg,NA
leg_tactile,720575941534972353,SNta29,bristle_neuron,middle_leg_bristle_neuron,sensory,NA,right,gaba,middle_leg,NA
leg_tactile,720575941545497276,SNta29,bristle_neuron,front_leg_bristle_neuron,sensory,NA,NA,acetylcholine,front_leg,NA
leg_tactile,720575941505489987,SNta29,bristle_neuron,hind_leg_bristle_neuron,sensory,NA,left,acetylcholine,hind_leg,NA
leg_tactile,720575941430075128,SNta30,bristle_neuron,front_leg_bristle_neuron,sensory,NA,NA,acetylcholine,front_leg,NA
leg_tactile,720575941588717957,SNta30,bristle_neuron,front_leg_bristle_neuron,sensory,NA,NA,acetylcholine,front_leg,NA
leg_tactile,720575941563826590,SNta30,bristle_neuron,front_leg_bristle_neuron,sensory,NA,NA,acetylcholine,front_leg,NA
leg_tactile,720575941688487180,SNta31,bristle_neuron,hind_leg_bristle_neuron,sensory,NA,left,acetylcholine,hind_leg,NA
leg_tactile,720575941430143480,SNta31,bristle_neuron,middle_leg_bristle_neuron,sensory,NA,left,acetylcholine,middle_leg,NA
leg_tactile,720575941610439145,SNta31,bristle_neuron,front_leg_bristle_neuron,sensory,NA,right,acetylcholine,front_leg,NA
leg_tactile,720575941553051675,SNta33,bristle_neuron,front_leg_bristle_neuron,sensory,NA,left,acetylcholine,front_leg,NA
leg_tactile,720575941412514775,SNta34,bristle_neuron,front_leg_bristle_neuron,sensory,NA,right,acetylcholine,front_leg,NA
leg_tactile,720575941430155695,SNta34,bristle_neuron,front_leg_bristle_neuron,sensory,NA,right,acetylcholine,front_leg,NA
leg_tactile,720575941505215548,SNta34,bristle_neuron,front_leg_bristle_neuron,sensory,NA,right,acetylcholine,front_leg,NA
leg_tactile,720575941476627777,SNta34,bristle_neuron,front_leg_bristle_neuron,sensory,NA,right,acetylcholine,front_leg,NA
leg_tactile,720575941461379472,SNta34,bristle_neuron,front_leg_bristle_neuron,sensory,NA,right,acetylcholine,front_leg,NA
leg_tactile,720575941519870596,SNta34,bristle_neuron,hind_leg_bristle_neuron,sensory,NA,left,acetylcholine,hind_leg,NA
leg_tactile,720575941486939856,SNta34,bristle_neuron,front_leg_bristle_neuron,sensory,NA,right,acetylcholine,front_leg,NA
leg_tactile,720575941592122366,SNta37,bristle_neuron,hind_leg_bristle_neuron,sensory,NA,left,acetylcholine,hind_leg,NA
leg_tactile,720575941568959988,SNta37,bristle_neuron,hind_leg_bristle_neuron,sensory,NA,left,acetylcholine,hind_leg,NA
leg_tactile,720575941430107785,SNta37,bristle_neuron,middle_leg_bristle_neuron,sensory,NA,right,acetylcholine,middle_leg,NA
leg_tactile,720575941551971583,SNta37,bristle_neuron,front_leg_bristle_neuron,sensory,NA,left,acetylcholine,front_leg,NA
leg_tactile,720575941440410047,SNta37,bristle_neuron,middle_leg_bristle_neuron,sensory,NA,left,acetylcholine,middle_leg,NA
leg_tactile,720575941583981445,SNta37,bristle_neuron,front_leg_bristle_neuron,sensory,NA,left,acetylcholine,front_leg,NA
leg_tactile,720575941653171473,SNta37,bristle_neuron,hind_leg_bristle_neuron,sensory,NA,left,acetylcholine,hind_leg,NA
leg_tactile,720575941597033116,SNta37,bristle_neuron,hind_leg_bristle_neuron,sensory,NA,left,acetylcholine,hind_leg,NA
leg_tactile,720575941400823843,SNta37,bristle_neuron,front_leg_bristle_neuron,sensory,NA,right,acetylcholine,front_leg,NA
leg_tactile,720575941503658405,SNta37,bristle_neuron,front_leg_bristle_neuron,sensory,NA,left,acetylcholine,front_leg,NA
leg_tactile,720575941637820789,SNta38,bristle_neuron,middle_leg_bristle_neuron,sensory,NA,right,acetylcholine,middle_leg,NA
leg_tactile,720575941621573884,SNta38,bristle_neuron,middle_leg_bristle_neuron,sensory,NA,right,acetylcholine,middle_leg,NA
leg_tactile,720575941479834531,SNta38,bristle_neuron,front_leg_bristle_neuron,sensory,NA,NA,acetylcholine,front_leg,NA
leg_tactile,720575941501006219,SNta38,bristle_neuron,front_leg_bristle_neuron,sensory,NA,NA,acetylcholine,front_leg,NA
leg_tactile,720575941520114099,SNta38,bristle_neuron,hind_leg_bristle_neuron,sensory,NA,left,acetylcholine,hind_leg,NA
leg_tactile,720575941553444506,SNta38,bristle_neuron,hind_leg_bristle_neuron,sensory,NA,left,acetylcholine,hind_leg,NA
leg_tactile,720575941534131178,SNta38,bristle_neuron,middle_leg_bristle_neuron,sensory,NA,left,acetylcholine,middle_leg,NA
leg_tactile,720575941667397619,SNta38,bristle_neuron,hind_leg_bristle_neuron,sensory,NA,left,acetylcholine,hind_leg,NA
leg_tactile,720575941530275531,SNta39,bristle_neuron,hind_leg_bristle_neuron,sensory,NA,left,acetylcholine,hind_leg,NA
leg_tactile,720575941687780214,SNta40,bristle_neuron,front_leg_bristle_neuron,sensory,NA,right,acetylcholine,front_leg,NA
leg_tactile,720575941432114958,SNta40,bristle_neuron,front_leg_bristle_neuron,sensory,NA,right,acetylcholine,front_leg,NA
leg_tactile,720575941533657380,SNta40,bristle_neuron,front_leg_bristle_neuron,sensory,NA,right,acetylcholine,front_leg,NA
leg_tactile,720575941476500276,SNta40,bristle_neuron,front_leg_bristle_neuron,sensory,NA,right,acetylcholine,front_leg,NA
leg_tactile,720575941495084999,SNta40,bristle_neuron,front_leg_bristle_neuron,sensory,NA,right,acetylcholine,front_leg,NA
leg_tactile,720575941614100255,SNta41,bristle_neuron,front_leg_bristle_neuron,sensory,NA,right,acetylcholine,front_leg,NA
leg_tactile,720575941573694728,SNta42,bristle_neuron,middle_leg_bristle_neuron,sensory,NA,right,acetylcholine,middle_leg,NA
leg_tactile,720575941657974352,SNta42,bristle_neuron,hind_leg_bristle_neuron,sensory,NA,right,acetylcholine,hind_leg,NA
leg_tactile,720575941639564831,SNta42,bristle_neuron,middle_leg_bristle_neuron,sensory,NA,right,acetylcholine,middle_leg,NA
leg_tactile,720575941552795271,SNta43,bristle_neuron,hind_leg_bristle_neuron,sensory,NA,NA,acetylcholine,hind_leg,NA
leg_tactile,720575941610949350,SNta43,bristle_neuron,middle_leg_bristle_neuron,sensory,NA,right,acetylcholine,middle_leg,NA
leg_tactile,720575941564653207,SNta43,bristle_neuron,front_leg_bristle_neuron,sensory,NA,right,acetylcholine,front_leg,NA
leg_tactile,720575941530319051,SNta43,bristle_neuron,hind_leg_bristle_neuron,sensory,NA,left,acetylcholine,hind_leg,NA
leg_tactile,720575941595543173,SNta43,bristle_neuron,middle_leg_bristle_neuron,sensory,NA,right,acetylcholine,middle_leg,NA
leg_tactile,720575941505997079,SNta44,bristle_neuron,middle_leg_bristle_neuron,sensory,NA,right,acetylcholine,middle_leg,NA
leg_tactile,720575941578902773,SNta44,bristle_neuron,hind_leg_bristle_neuron,sensory,NA,left,acetylcholine,hind_leg,NA
leg_tactile,720575941525886564,SNta44,bristle_neuron,front_leg_bristle_neuron,sensory,NA,right,acetylcholine,front_leg,NA
leg_tactile,720575941434196407,SNta44,bristle_neuron,front_leg_bristle_neuron,sensory,NA,right,acetylcholine,front_leg,NA
leg_tactile,720575941517841580,SNta44,bristle_neuron,front_leg_bristle_neuron,sensory,NA,right,acetylcholine,front_leg,NA
leg_tactile,720575941434204855,SNta44,bristle_neuron,front_leg_bristle_neuron,sensory,NA,right,acetylcholine,front_leg,NA
leg_tactile,720575941494055806,SNta44,bristle_neuron,middle_leg_bristle_neuron,sensory,NA,right,acetylcholine,middle_leg,NA
leg_tactile,720575941557335332,SNta44,bristle_neuron,front_leg_bristle_neuron,sensory,NA,right,acetylcholine,front_leg,NA
leg_tactile,720575941592823510,SNta44,bristle_neuron,hind_leg_bristle_neuron,sensory,NA,left,acetylcholine,hind_leg,NA
leg_tactile,720575941430241199,SNta44,bristle_neuron,front_leg_bristle_neuron,sensory,NA,right,acetylcholine,front_leg,NA
leg_tactile,720575941564186375,SNta45,bristle_neuron,front_leg_bristle_neuron,sensory,NA,left,acetylcholine,front_leg,NA
leg_tactile,720575941639630548,SNtaxx,bristle_neuron,hind_leg_bristle_neuron,sensory,NA,left,acetylcholine,hind_leg,NA
leg_tactile,720575941413616788,SNtaxx,bristle_neuron,hind_leg_bristle_neuron,sensory,NA,left,acetylcholine,hind_leg,NA
leg_tactile,720575941351552816,LgLG3,taste_bristle_gustatory_neuron,front_leg_taste_bristle_gustatory_neuron,sensory,NA,right,acetylcholine,front_leg,NA
leg_tactile,720575941430132472,LgLG4,taste_bristle_gustatory_neuron,middle_leg_taste_bristle_gustatory_neuron,sensory,NA,right,acetylcholine,middle_leg,NA
leg_tactile,720575941614924508,SNta44,bristle_neuron,front_leg_bristle_neuron,sensory,NA,NA,acetylcholine,front_leg,NA
leg_tactile,720575941631021606,SNta20,bristle_neuron,middle_leg_bristle_neuron,sensory,NA,NA,acetylcholine,middle_leg,NA
leg_tactile,720575941690030710,SNta37,bristle_neuron,middle_leg_bristle_neuron,sensory,NA,NA,acetylcholine,middle_leg,NA
leg_tactile,720575941524367351,SNta35,bristle_neuron,middle_leg_bristle_neuron,sensory,NA,right,acetylcholine,middle_leg,NA
leg_tactile,720575941605460214,SNta29,bristle_neuron,middle_leg_bristle_neuron,sensory,NA,right,acetylcholine,middle_leg,NA
leg_tactile,720575941557303844,SNta40,bristle_neuron,hind_leg_bristle_neuron,sensory,NA,left,acetylcholine,hind_leg,NA
leg_tactile,720575941447032852,SNta44,bristle_neuron,middle_leg_bristle_neuron,sensory,NA,left,acetylcholine,middle_leg,NA
leg_tactile,720575941599597353,SNta30,bristle_neuron,middle_leg_bristle_neuron,sensory,NA,left,acetylcholine,middle_leg,NA
leg_tactile,720575941631212780,SNta44,bristle_neuron,front_leg_bristle_neuron,sensory,NA,right,acetylcholine,front_leg,NA
leg_tactile,720575941462841613,SNta37,bristle_neuron,middle_leg_bristle_neuron,sensory,NA,left,acetylcholine,middle_leg,NA
leg_tactile,720575941438580191,LgLG4,taste_bristle_gustatory_neuron,middle_leg_taste_bristle_gustatory_neuron,sensory,NA,left,acetylcholine,middle_leg,NA
leg_tactile,720575941639650591,SNta44,bristle_neuron,front_leg_bristle_neuron,sensory,NA,right,acetylcholine,front_leg,NA
leg_tactile,720575941611486125,SNta19,bristle_neuron,front_leg_bristle_neuron,sensory,NA,right,acetylcholine,front_leg,NA
leg_tactile,720575941545563068,SNta34,bristle_neuron,hind_leg_bristle_neuron,sensory,NA,right,acetylcholine,hind_leg,NA
leg_tactile,720575941436155790,LgLG1b,taste_bristle_gustatory_neuron,front_leg_taste_bristle_gustatory_neuron,sensory,NA,right,acetylcholine,front_leg,NA
leg_tactile,720575941527039142,SNta40,bristle_neuron,hind_leg_bristle_neuron,sensory,NA,left,acetylcholine,hind_leg,NA
leg_tactile,720575941507462690,SNta43,bristle_neuron,hind_leg_bristle_neuron,sensory,NA,left,acetylcholine,hind_leg,NA
leg_tactile,720575941434577038,SNta29,bristle_neuron,hind_leg_bristle_neuron,sensory,NA,left,acetylcholine,hind_leg,NA
leg_tactile,720575941437445664,SNta20,bristle_neuron,middle_leg_bristle_neuron,sensory,NA,left,acetylcholine,middle_leg,NA
leg_tactile,720575941505358274,LgLG1a,taste_bristle_gustatory_neuron,front_leg_taste_bristle_gustatory_neuron,sensory,NA,right,acetylcholine,front_leg,NA
leg_tactile,720575941537280227,SNta30,bristle_neuron,middle_leg_bristle_neuron,sensory,NA,left,acetylcholine,middle_leg,NA
leg_tactile,720575941611044838,SNta30,bristle_neuron,hind_leg_bristle_neuron,sensory,NA,right,acetylcholine,hind_leg,NA
leg_tactile,720575941413580180,SNta29,bristle_neuron,front_leg_bristle_neuron,sensory,NA,right,acetylcholine,front_leg,NA
leg_tactile,720575941498984777,SNta37,bristle_neuron,middle_leg_bristle_neuron,sensory,NA,left,acetylcholine,middle_leg,NA
leg_tactile,720575941514996985,SNta44,bristle_neuron,middle_leg_bristle_neuron,sensory,NA,left,acetylcholine,middle_leg,NA
leg_tactile,720575941476685617,SNta39,bristle_neuron,hind_leg_bristle_neuron,sensory,NA,left,acetylcholine,hind_leg,NA
leg_tactile,720575941472964192,SNta44,bristle_neuron,middle_leg_bristle_neuron,sensory,NA,left,acetylcholine,middle_leg,NA
leg_tactile,720575941530457547,SNta32,bristle_neuron,front_leg_bristle_neuron,sensory,NA,right,acetylcholine,front_leg,NA
leg_tactile,720575941466670870,SNta38,bristle_neuron,hind_leg_bristle_neuron,sensory,NA,left,acetylcholine,hind_leg,NA
leg_tactile,720575941465877590,SNta41,bristle_neuron,middle_leg_bristle_neuron,sensory,NA,left,acetylcholine,middle_leg,NA
leg_tactile,720575941625959835,SNta20,bristle_neuron,middle_leg_bristle_neuron,sensory,NA,left,acetylcholine,middle_leg,NA
leg_tactile,720575941692419803,SNta34,bristle_neuron,hind_leg_bristle_neuron,sensory,NA,left,acetylcholine,hind_leg,NA
leg_tactile,720575941626695114,LgLG1b,taste_bristle_gustatory_neuron,middle_leg_taste_bristle_gustatory_neuron,sensory,NA,left,acetylcholine,middle_leg,NA
leg_tactile,720575941567312999,SNta21,bristle_neuron,middle_leg_bristle_neuron,sensory,NA,left,acetylcholine,middle_leg,NA
leg_tactile,720575941538560227,SNta20,bristle_neuron,middle_leg_bristle_neuron,sensory,NA,left,acetylcholine,middle_leg,NA
leg_tactile,720575941614736281,SNta23,bristle_neuron,middle_leg_bristle_neuron,sensory,NA,left,acetylcholine,middle_leg,NA
leg_tactile,720575941627077514,SNta20,bristle_neuron,middle_leg_bristle_neuron,sensory,NA,left,acetylcholine,middle_leg,NA
leg_tactile,720575941564638103,SNta23,bristle_neuron,middle_leg_bristle_neuron,sensory,NA,left,acetylcholine,middle_leg,NA
leg_tactile,720575941496657024,SNta37,bristle_neuron,middle_leg_bristle_neuron,sensory,NA,left,acetylcholine,middle_leg,NA
leg_tactile,720575941483864262,SNta20,bristle_neuron,middle_leg_bristle_neuron,sensory,NA,left,acetylcholine,middle_leg,NA
leg_tactile,720575941516226627,LgLG2,taste_bristle_gustatory_neuron,middle_leg_taste_bristle_gustatory_neuron,sensory,NA,left,acetylcholine,middle_leg,NA
leg_tactile,720575941563826322,SNta38,bristle_neuron,middle_leg_bristle_neuron,sensory,NA,left,acetylcholine,middle_leg,NA
leg_tactile,720575941625777034,LgLG3,taste_bristle_gustatory_neuron,front_leg_taste_bristle_gustatory_neuron,sensory,NA,right,acetylcholine,front_leg,NA
leg_tactile,720575941476939329,SNta33,bristle_neuron,front_leg_bristle_neuron,sensory,NA,right,acetylcholine,front_leg,NA
leg_tactile,720575941556340225,LgLG1b,taste_bristle_gustatory_neuron,middle_leg_taste_bristle_gustatory_neuron,sensory,NA,left,glutamate,middle_leg,NA
leg_tactile,720575941554319873,SNta37,bristle_neuron,front_leg_bristle_neuron,sensory,NA,right,acetylcholine,front_leg,NA
leg_tactile,720575941479259242,LgLG1b,taste_bristle_gustatory_neuron,middle_leg_taste_bristle_gustatory_neuron,sensory,NA,left,acetylcholine,middle_leg,NA
leg_tactile,720575941461601424,SNta37,bristle_neuron,middle_leg_bristle_neuron,sensory,NA,left,acetylcholine,middle_leg,NA
leg_tactile,720575941639553055,SNta30,bristle_neuron,front_leg_bristle_neuron,sensory,NA,right,acetylcholine,front_leg,NA
leg_tactile,720575941644317640,SNta37,bristle_neuron,middle_leg_bristle_neuron,sensory,NA,left,acetylcholine,middle_leg,NA
leg_tactile,720575941627193145,SNta31,bristle_neuron,middle_leg_bristle_neuron,sensory,NA,left,acetylcholine,middle_leg,NA
leg_tactile,720575941575777974,SNta30,bristle_neuron,front_leg_bristle_neuron,sensory,NA,right,acetylcholine,front_leg,NA
leg_tactile,720575941549099636,SNta37,bristle_neuron,hind_leg_bristle_neuron,sensory,NA,right,acetylcholine,hind_leg,NA
leg_tactile,720575941514720099,SNch10,taste_bristle_tactile_neuron,hind_leg_taste_bristle_tactile_neuron,sensory,NA,right,acetylcholine,hind_leg,NA
leg_tactile,720575941515915155,SNch10,taste_bristle_tactile_neuron,hind_leg_taste_bristle_tactile_neuron,sensory,NA,left,acetylcholine,hind_leg,NA
leg_tactile,720575941515666435,SNta39,bristle_neuron,hind_leg_bristle_neuron,sensory,NA,left,acetylcholine,hind_leg,NA
leg_tactile,720575941411173035,LgLG4,taste_bristle_gustatory_neuron,hind_leg_taste_bristle_gustatory_neuron,sensory,NA,right,glutamate,hind_leg,NA
leg_tactile,720575941654692052,SNta29,bristle_neuron,hind_leg_bristle_neuron,sensory,NA,right,acetylcholine,hind_leg,NA
leg_tactile,720575941537597155,SNta19,bristle_neuron,front_leg_bristle_neuron,sensory,NA,right,acetylcholine,front_leg,NA
leg_tactile,720575941585506270,SNta38,bristle_neuron,middle_leg_bristle_neuron,sensory,NA,right,acetylcholine,middle_leg,NA
leg_tactile,720575941553624474,SNta39,bristle_neuron,hind_leg_bristle_neuron,sensory,NA,right,acetylcholine,hind_leg,NA
leg_tactile,720575941518607276,SNta27,bristle_neuron,hind_leg_bristle_neuron,sensory,NA,left,acetylcholine,hind_leg,NA
leg_tactile,720575941534227434,SNta19,bristle_neuron,middle_leg_bristle_neuron,sensory,NA,right,acetylcholine,middle_leg,NA
leg_tactile,720575941555359059,SNta39,bristle_neuron,hind_leg_bristle_neuron,sensory,NA,left,acetylcholine,hind_leg,NA
leg_tactile,720575941632726469,SNta42,bristle_neuron,middle_leg_bristle_neuron,sensory,NA,right,acetylcholine,middle_leg,NA
leg_tactile,720575941506928700,SNta20,bristle_neuron,middle_leg_bristle_neuron,sensory,NA,left,acetylcholine,middle_leg,NA
leg_tactile,720575941654472409,SNta37,bristle_neuron,hind_leg_bristle_neuron,sensory,NA,left,acetylcholine,hind_leg,NA
leg_tactile,720575941686988015,SNta44,bristle_neuron,hind_leg_bristle_neuron,sensory,NA,left,acetylcholine,hind_leg,NA
leg_tactile,720575941574228475,SNta38,bristle_neuron,middle_leg_bristle_neuron,sensory,NA,right,acetylcholine,middle_leg,NA
leg_tactile,720575941572310942,SNta37,bristle_neuron,middle_leg_bristle_neuron,sensory,NA,left,acetylcholine,middle_leg,NA
leg_tactile,720575941546013033,LgLG4,taste_bristle_gustatory_neuron,front_leg_taste_bristle_gustatory_neuron,sensory,NA,right,glutamate,front_leg,NA
leg_tactile,720575941583499615,SNta43,bristle_neuron,front_leg_bristle_neuron,sensory,NA,left,acetylcholine,front_leg,NA
leg_tactile,720575941427393620,SNta39,bristle_neuron,hind_leg_bristle_neuron,sensory,NA,left,acetylcholine,hind_leg,NA
leg_tactile,720575941460336851,SNch10,taste_bristle_tactile_neuron,hind_leg_taste_bristle_tactile_neuron,sensory,NA,left,acetylcholine,hind_leg,NA
leg_tactile,720575941559066639,LgLG1b,taste_bristle_gustatory_neuron,hind_leg_taste_bristle_gustatory_neuron,sensory,NA,left,glutamate,hind_leg,NA
leg_tactile,720575941652966129,SNta23,bristle_neuron,hind_leg_bristle_neuron,sensory,NA,right,acetylcholine,hind_leg,NA
leg_tactile,720575941596344197,SNta37,bristle_neuron,hind_leg_bristle_neuron,sensory,NA,left,acetylcholine,hind_leg,NA
leg_tactile,720575941589913086,SNch10,taste_bristle_tactile_neuron,hind_leg_taste_bristle_tactile_neuron,sensory,NA,right,acetylcholine,hind_leg,NA
leg_tactile,720575941461556880,SNta43,bristle_neuron,hind_leg_bristle_neuron,sensory,NA,right,acetylcholine,hind_leg,NA
leg_tactile,720575941402824995,LgLG1b,taste_bristle_gustatory_neuron,hind_leg_taste_bristle_gustatory_neuron,sensory,NA,right,acetylcholine,hind_leg,NA
leg_tactile,720575941352082224,LgLG3,taste_bristle_gustatory_neuron,front_leg_taste_bristle_gustatory_neuron,sensory,NA,right,acetylcholine,front_leg,NA
leg_tactile,720575941625844123,SNta39,bristle_neuron,hind_leg_bristle_neuron,sensory,NA,left,acetylcholine,hind_leg,NA
leg_tactile,720575941440685915,SNta42,bristle_neuron,middle_leg_bristle_neuron,sensory,NA,left,acetylcholine,middle_leg,NA
leg_tactile,720575941433360855,SNch10,taste_bristle_tactile_neuron,front_leg_taste_bristle_tactile_neuron,sensory,NA,left,acetylcholine,front_leg,NA
leg_tactile,720575941459761055,LgLG1b,taste_bristle_gustatory_neuron,front_leg_taste_bristle_gustatory_neuron,sensory,NA,right,glutamate,front_leg,NA
leg_tactile,720575941656711636,LgLG1b,taste_bristle_gustatory_neuron,middle_leg_taste_bristle_gustatory_neuron,sensory,NA,left,acetylcholine,middle_leg,NA
leg_tactile,720575941518609774,SNta35,bristle_neuron,middle_leg_bristle_neuron,sensory,NA,left,acetylcholine,middle_leg,NA
leg_tactile,720575941662627708,SNta39,bristle_neuron,hind_leg_bristle_neuron,sensory,NA,right,acetylcholine,hind_leg,NA
leg_tactile,720575941479375072,SNta23,bristle_neuron,middle_leg_bristle_neuron,sensory,NA,left,acetylcholine,middle_leg,NA
leg_tactile,720575941610229322,LgLG3,taste_bristle_gustatory_neuron,hind_leg_taste_bristle_gustatory_neuron,sensory,NA,left,acetylcholine,hind_leg,NA
leg_tactile,720575941559254254,SNtaxx,bristle_neuron,front_leg_bristle_neuron,sensory,NA,right,acetylcholine,front_leg,NA
leg_tactile,720575941655015385,SNch10,taste_bristle_tactile_neuron,hind_leg_taste_bristle_tactile_neuron,sensory,NA,left,acetylcholine,hind_leg,NA
leg_tactile,720575941527580237,LgLG1b,taste_bristle_gustatory_neuron,hind_leg_taste_bristle_gustatory_neuron,sensory,NA,left,acetylcholine,hind_leg,NA
leg_tactile,720575941633764768,LgLG1b,taste_bristle_gustatory_neuron,hind_leg_taste_bristle_gustatory_neuron,sensory,NA,left,acetylcholine,hind_leg,NA
terminalia_tactile,720575941448523540,SNxx04,bristle_neuron,abdominal_terminalia_bristle,sensory,NA,right,acetylcholine,abdomen,NA
terminalia_tactile,720575941438434322,SNxx17,bristle_neuron,abdominal_terminalia_bristle,sensory,NA,right,NA,abdomen,NA
terminalia_tactile,720575941528020324,SNxx04,bristle_neuron,abdominal_terminalia_bristle,sensory,NA,right,acetylcholine,abdomen,NA
terminalia_tactile,720575941562929709,SNxx04,bristle_neuron,abdominal_terminalia_bristle,sensory,NA,right,acetylcholine,abdomen,NA
terminalia_tactile,720575941449989981,SNxx10,bristle_neuron,abdominal_terminalia_bristle,sensory,NA,right,acetylcholine,abdomen,NA
terminalia_tactile,720575941472538487,SNxx17,bristle_neuron,abdominal_terminalia_bristle,sensory,NA,right,octopamine,abdomen,NA
terminalia_tactile,720575941600042688,SNxx12,bristle_neuron,abdominal_terminalia_bristle,sensory,NA,right,acetylcholine,abdomen,NA
terminalia_tactile,720575941571456926,abdominal_ppk_neuron,bristle_neuron,abdominal_terminalia_bristle,sensory,NA,right,acetylcholine,abdomen,NA
terminalia_tactile,720575941479106690,SNxx07,bristle_neuron,abdominal_terminalia_bristle,sensory,NA,right,acetylcholine,abdomen,NA
terminalia_tactile,720575941498950881,SNxx07,bristle_neuron,abdominal_terminalia_bristle,sensory,NA,right,acetylcholine,abdomen,NA
terminalia_tactile,720575941552004095,SNxx08,bristle_neuron,abdominal_terminalia_bristle,sensory,NA,right,acetylcholine,abdomen,NA
terminalia_tactile,720575941471146871,SNch01,bristle_neuron,abdominal_terminalia_bristle,sensory,NA,right,acetylcholine,abdomen,NA
terminalia_tactile,720575941436652686,SNxx10,bristle_neuron,abdominal_terminalia_bristle,sensory,NA,right,acetylcholine,abdomen,NA
terminalia_tactile,720575941447785322,SNxx07,bristle_neuron,abdominal_terminalia_bristle,sensory,NA,right,acetylcholine,abdomen,NA
terminalia_tactile,720575941480947386,SNxx07,bristle_neuron,abdominal_terminalia_bristle,sensory,NA,right,acetylcholine,abdomen,NA
terminalia_tactile,720575941594410865,SNch01,bristle_neuron,abdominal_terminalia_bristle,sensory,NA,right,serotonin,abdomen,NA
terminalia_tactile,720575941520774766,SNxx10,bristle_neuron,abdominal_terminalia_bristle,sensory,NA,right,acetylcholine,abdomen,NA
terminalia_tactile,720575941538040306,SNxx07,bristle_neuron,abdominal_terminalia_bristle,sensory,NA,right,serotonin,abdomen,NA
terminalia_tactile,720575941565138274,SNxx08,bristle_neuron,abdominal_terminalia_bristle,sensory,NA,right,acetylcholine,abdomen,NA
terminalia_tactile,720575941574222587,SNxx08,bristle_neuron,abdominal_terminalia_bristle,sensory,NA,right,acetylcholine,abdomen,NA
terminalia_tactile,720575941531254731,SNxx07,bristle_neuron,abdominal_terminalia_bristle,sensory,NA,right,acetylcholine,abdomen,NA
terminalia_tactile,720575941633096608,SNxx08,bristle_neuron,abdominal_terminalia_bristle,sensory,NA,right,acetylcholine,abdomen,NA
terminalia_tactile,720575941595186213,SNxx08,bristle_neuron,abdominal_terminalia_bristle,sensory,NA,right,acetylcholine,abdomen,NA
terminalia_tactile,720575941487851984,SNxx10,bristle_neuron,abdominal_terminalia_bristle,sensory,NA,right,acetylcholine,abdomen,NA
terminalia_tactile,720575941447770388,SNxx08,bristle_neuron,abdominal_terminalia_bristle,sensory,NA,right,acetylcholine,abdomen,NA
terminalia_tactile,720575941507967813,SNxx04,bristle_neuron,abdominal_terminalia_bristle,sensory,NA,right,acetylcholine,abdomen,NA
terminalia_tactile,720575941572074056,SNxx04,bristle_neuron,abdominal_terminalia_bristle,sensory,NA,right,acetylcholine,abdomen,NA
terminalia_tactile,720575941535829994,SNch01,bristle_neuron,abdominal_terminalia_bristle,sensory,NA,right,acetylcholine,abdomen,NA
terminalia_tactile,720575941413120660,SNxx10,bristle_neuron,abdominal_terminalia_bristle,sensory,NA,right,acetylcholine,abdomen,NA
terminalia_tactile,720575941487146050,SNxx04,bristle_neuron,abdominal_terminalia_bristle,sensory,NA,right,acetylcholine,abdomen,NA
terminalia_tactile,720575941441878719,SNxx04,bristle_neuron,abdominal_terminalia_bristle,sensory,NA,right,acetylcholine,abdomen,NA
terminalia_tactile,720575941685022959,SNxx10,bristle_neuron,abdominal_terminalia_bristle,sensory,NA,right,acetylcholine,abdomen,NA
terminalia_tactile,720575941515115866,SNxx10,bristle_neuron,abdominal_terminalia_bristle,sensory,NA,right,acetylcholine,abdomen,NA
terminalia_tactile,720575941599007388,SNxx04,bristle_neuron,abdominal_terminalia_bristle,sensory,NA,right,acetylcholine,abdomen,NA
terminalia_tactile,720575941526545318,unknown_sensory,bristle_neuron,abdominal_terminalia_bristle,sensory,NA,right,acetylcholine,abdomen,NA
terminalia_tactile,720575941532408754,SNxx23,bristle_neuron,abdominal_terminalia_bristle,sensory,NA,right,acetylcholine,abdomen,NA
terminalia_tactile,720575941490430439,SNxx08,bristle_neuron,abdominal_terminalia_bristle,sensory,NA,right,acetylcholine,abdomen,NA
terminalia_tactile,720575941525652714,SNxx10,bristle_neuron,abdominal_terminalia_bristle,sensory,NA,right,acetylcholine,abdomen,NA
terminalia_tactile,720575941496689536,SNxx10,bristle_neuron,abdominal_terminalia_bristle,sensory,NA,right,acetylcholine,abdomen,NA
terminalia_tactile,720575941531929547,SNxx04,bristle_neuron,abdominal_terminalia_bristle,sensory,NA,right,acetylcholine,abdomen,NA
terminalia_tactile,720575941541776509,SNxx04,bristle_neuron,abdominal_terminalia_bristle,sensory,NA,right,acetylcholine,abdomen,NA
terminalia_tactile,720575941549450785,SNxx08,bristle_neuron,abdominal_terminalia_bristle,sensory,NA,right,acetylcholine,abdomen,NA
terminalia_tactile,720575941470426432,SNxx10,bristle_neuron,abdominal_terminalia_bristle,sensory,NA,right,acetylcholine,abdomen,NA
terminalia_tactile,720575941517344505,SNxx12,bristle_neuron,abdominal_terminalia_bristle,sensory,NA,right,acetylcholine,abdomen,NA
terminalia_tactile,720575941645707169,SNxx04,bristle_neuron,abdominal_terminalia_bristle,sensory,NA,right,acetylcholine,abdomen,NA
terminalia_tactile,720575941441217983,SNxx10,bristle_neuron,abdominal_terminalia_bristle,sensory,NA,right,acetylcholine,abdomen,NA
terminalia_tactile,720575941475949371,SNxx04,bristle_neuron,abdominal_terminalia_bristle,sensory,NA,right,acetylcholine,abdomen,NA
terminalia_tactile,720575941611950044,SNxx10,bristle_neuron,abdominal_terminalia_bristle,sensory,NA,right,acetylcholine,abdomen,NA
terminalia_tactile,720575941527553049,SNxx04,bristle_neuron,abdominal_terminalia_bristle,sensory,NA,right,acetylcholine,abdomen,NA
terminalia_tactile,720575941541591900,SNxx04,bristle_neuron,abdominal_terminalia_bristle,sensory,NA,left,acetylcholine,abdomen,NA
terminalia_tactile,720575941471497536,SNch01,bristle_neuron,abdominal_terminalia_bristle,sensory,NA,right,acetylcholine,abdomen,NA
terminalia_tactile,720575941391983364,SNxx10,bristle_neuron,abdominal_terminalia_bristle,sensory,NA,right,acetylcholine,abdomen,NA
terminalia_tactile,720575941569308718,SNxx04,bristle_neuron,abdominal_terminalia_bristle,sensory,NA,left,acetylcholine,abdomen,NA
terminalia_tactile,720575941539450749,SNxx10,bristle_neuron,abdominal_terminalia_bristle,sensory,NA,left,acetylcholine,abdomen,NA
terminalia_tactile,720575941582441593,SNxx04,bristle_neuron,abdominal_terminalia_bristle,sensory,NA,left,acetylcholine,abdomen,NA
terminalia_tactile,720575941527684866,SNxx10,bristle_neuron,abdominal_terminalia_bristle,sensory,NA,right,acetylcholine,abdomen,NA
terminalia_tactile,720575941581280245,SNxx10,bristle_neuron,abdominal_terminalia_bristle,sensory,NA,left,acetylcholine,abdomen,NA
terminalia_tactile,720575941480235343,SNxx10,bristle_neuron,abdominal_terminalia_bristle,sensory,NA,right,acetylcholine,abdomen,NA
terminalia_tactile,720575941432255502,SNxx07,bristle_neuron,abdominal_terminalia_bristle,sensory,NA,left,acetylcholine,abdomen,NA
terminalia_tactile,720575941543884573,SNxx04,bristle_neuron,abdominal_terminalia_bristle,sensory,NA,left,acetylcholine,abdomen,NA
terminalia_tactile,720575941490524620,SNch01,bristle_neuron,abdominal_terminalia_bristle,sensory,NA,right,acetylcholine,abdomen,NA
terminalia_tactile,720575941594484694,SNxx08,bristle_neuron,abdominal_terminalia_bristle,sensory,NA,left,acetylcholine,abdomen,NA
terminalia_tactile,720575941559260654,unknown_sensory,bristle_neuron,abdominal_terminalia_bristle,sensory,NA,left,acetylcholine,abdomen,NA
terminalia_tactile,720575941435254926,SNxx04,bristle_neuron,abdominal_terminalia_bristle,sensory,NA,left,acetylcholine,abdomen,NA
terminalia_tactile,720575941543955229,SNxx04,bristle_neuron,abdominal_terminalia_bristle,sensory,NA,left,acetylcholine,abdomen,NA
terminalia_tactile,720575941574588559,unknown_sensory,bristle_neuron,abdominal_terminalia_bristle,sensory,NA,left,acetylcholine,abdomen,NA
terminalia_tactile,720575941528088708,SNxx23,bristle_neuron,abdominal_terminalia_bristle,sensory,NA,right,acetylcholine,abdomen,NA
terminalia_tactile,720575941631193324,SNxx10,bristle_neuron,abdominal_terminalia_bristle,sensory,NA,right,acetylcholine,abdomen,NA
terminalia_tactile,720575941460735814,SNxx04,bristle_neuron,abdominal_terminalia_bristle,sensory,NA,left,acetylcholine,abdomen,NA
terminalia_tactile,720575941522331827,SNxx04,bristle_neuron,abdominal_terminalia_bristle,sensory,NA,left,acetylcholine,abdomen,NA
terminalia_tactile,720575941480493186,SNxx08,bristle_neuron,abdominal_terminalia_bristle,sensory,NA,right,acetylcholine,abdomen,NA
terminalia_tactile,720575941482715578,SNxx10,bristle_neuron,abdominal_terminalia_bristle,sensory,NA,right,acetylcholine,abdomen,NA
terminalia_tactile,720575941534225898,unknown_sensory,bristle_neuron,abdominal_terminalia_bristle,sensory,NA,left,acetylcholine,abdomen,NA
terminalia_tactile,720575941416255516,SNxx17,bristle_neuron,abdominal_terminalia_bristle,sensory,NA,left,acetylcholine,abdomen,NA
terminalia_tactile,720575941555959972,SNxx08,bristle_neuron,abdominal_terminalia_bristle,sensory,NA,right,acetylcholine,abdomen,NA
terminalia_tactile,720575941451070301,SNxx04,bristle_neuron,abdominal_terminalia_bristle,sensory,NA,left,acetylcholine,abdomen,NA
terminalia_tactile,720575941688521996,SNxx12,bristle_neuron,abdominal_terminalia_bristle,sensory,NA,left,acetylcholine,abdomen,NA
terminalia_tactile,720575941625408394,SNxx12,bristle_neuron,abdominal_terminalia_bristle,sensory,NA,left,acetylcholine,abdomen,NA
terminalia_tactile,720575941512942289,SNxx08,bristle_neuron,abdominal_terminalia_bristle,sensory,NA,right,serotonin,abdomen,NA
terminalia_tactile,720575941484787965,SNxx04,bristle_neuron,abdominal_terminalia_bristle,sensory,NA,left,serotonin,abdomen,NA
terminalia_tactile,720575941627299995,SNxx04,bristle_neuron,abdominal_terminalia_bristle,sensory,NA,right,acetylcholine,abdomen,NA
terminalia_tactile,720575941541941709,SNxx04,bristle_neuron,abdominal_terminalia_bristle,sensory,NA,left,acetylcholine,abdomen,NA
terminalia_tactile,720575941492422576,SNxx10,bristle_neuron,abdominal_terminalia_bristle,sensory,NA,right,acetylcholine,abdomen,NA
terminalia_tactile,720575941496827335,SNxx04,bristle_neuron,abdominal_terminalia_bristle,sensory,NA,left,acetylcholine,abdomen,NA
terminalia_tactile,720575941606684781,SNxx20,bristle_neuron,abdominal_terminalia_bristle,sensory,NA,left,serotonin,abdomen,NA
terminalia_tactile,720575941444074922,SNxx08,bristle_neuron,abdominal_terminalia_bristle,sensory,NA,left,acetylcholine,abdomen,NA
terminalia_tactile,720575941687671670,SNxx04,bristle_neuron,abdominal_terminalia_bristle,sensory,NA,left,acetylcholine,abdomen,NA
terminalia_tactile,720575941729890091,SNxx04,bristle_neuron,abdominal_terminalia_bristle,sensory,NA,left,acetylcholine,abdomen,NA
