display_name,root_id,cell_type,cell_class,cell_sub_class,super_class,super_cluster,side,neurotransmitter,body_part_sensory,body_part_effector
AN09B011,720575941441900479,AN09B011,ascending_neuron,ascending_neuron,ascending,takeoff-landing,right,acetylcholine,unknown,NA
AN09B011,720575941576343222,AN09B011,ascending_neuron,ascending_neuron,ascending,takeoff-landing,left,acetylcholine,unknown,NA
mALC5,720575941561407759,mALC5,medial_antennal_lobula,medial_antennal_lobula,visual_centrifugal,NA,left,gaba,unknown,NA
mALC5,720575941590812228,mALC5,medial_antennal_lobula,medial_antennal_lobula,visual_centrifugal,NA,right,gaba,unknown,NA
Nod3,720575941412748203,Nod3,lobula_plate_tangential_cell,lobula_plate_tangential_cell,visual_projection,NA,left,acetylcholine,unknown,NA
Nod3,720575941543204125,Nod3,lobula_plate_tangential_cell,lobula_plate_tangential_cell,visual_projection,NA,right,acetylcholine,unknown,NA
LPLC1,720575941632190434,LPLC1,lobula_plate_lobula_columnar,lobula_plate_lobula_columnar,visual_projection,NA,left,acetylcholine,unknown,NA
LPLC1,720575941406912430,LPLC1,lobula_plate_lobula_columnar,lobula_plate_lobula_columnar,visual_projection,NA,right,acetylcholine,unknown,NA
LPLC1,720575941459358931,LPLC1,lobula_plate_lobula_columnar,lobula_plate_lobula_columnar,visual_projection,NA,right,acetylcholine,unknown,NA
LPLC1,720575941624270956,LPLC1,lobula_plate_lobula_columnar,lobula_plate_lobula_columnar,visual_projection,NA,right,acetylcholine,unknown,NA
LPLC1,720575941581069137,LPLC1,lobula_plate_lobula_columnar,lobula_plate_lobula_columnar,visual_projection,NA,right,acetylcholine,unknown,NA
LPLC1,720575941732098859,LPLC1,lobula_plate_lobula_columnar,lobula_plate_lobula_columnar,visual_projection,NA,right,acetylcholine,unknown,NA
LPLC1,720575941537282753,LPLC1,lobula_plate_lobula_columnar,lobula_plate_lobula_columnar,visual_projection,NA,left,acetylcholine,unknown,NA
LPLC1,720575941541296333,LPLC1,lobula_plate_lobula_columnar,lobula_plate_lobula_columnar,visual_projection,NA,left,acetylcholine,unknown,NA
LPLC1,720575941590171716,LPLC1,lobula_plate_lobula_columnar,lobula_plate_lobula_columnar,visual_projection,NA,left,acetylcholine,unknown,NA
LPLC1,720575941443050154,LPLC1,lobula_plate_lobula_columnar,lobula_plate_lobula_columnar,visual_projection,NA,left,acetylcholine,unknown,NA
LPLC1,720575941508937762,LPLC1,lobula_plate_lobula_columnar,lobula_plate_lobula_columnar,visual_projection,NA,left,acetylcholine,unknown,NA
LPLC1,720575941540343445,LPLC1,lobula_plate_lobula_columnar,lobula_plate_lobula_columnar,visual_projection,NA,left,acetylcholine,unknown,NA
LPLC1,720575941560256371,LPLC1,lobula_plate_lobula_columnar,lobula_plate_lobula_columnar,visual_projection,NA,right,acetylcholine,unknown,NA
LPLC1,720575941606158526,LPLC1,lobula_plate_lobula_columnar,lobula_plate_lobula_columnar,visual_projection,NA,right,acetylcholine,unknown,NA
LPLC1,720575941627813158,LPLC1,lobula_plate_lobula_columnar,lobula_plate_lobula_columnar,visual_projection,NA,right,acetylcholine,unknown,NA
LPLC1,720575941559529508,LPLC1,lobula_plate_lobula_columnar,lobula_plate_lobula_columnar,visual_projection,NA,right,acetylcholine,unknown,NA
LPLC1,720575941352972080,LPLC1,lobula_plate_lobula_columnar,lobula_plate_lobula_columnar,visual_projection,NA,right,acetylcholine,unknown,NA
LPLC1,720575941489902901,LPLC1,lobula_plate_lobula_columnar,lobula_plate_lobula_columnar,visual_projection,NA,right,acetylcholine,unknown,NA
LPLC1,720575941582959993,LPLC1,lobula_plate_lobula_columnar,lobula_plate_lobula_columnar,visual_projection,NA,right,acetylcholine,unknown,NA
LPLC1,720575941434345230,LPLC1,lobula_plate_lobula_columnar,lobula_plate_lobula_columnar,visual_projection,NA,right,acetylcholine,unknown,NA
LPLC1,720575941588836350,LPLC1,lobula_plate_lobula_columnar,lobula_plate_lobula_columnar,visual_projection,NA,right,acetylcholine,unknown,NA
LPLC1,720575941391770116,LPLC1,lobula_plate_lobula_columnar,lobula_plate_lobula_columnar,visual_projection,NA,right,acetylcholine,unknown,NA
LPLC1,720575941409200043,LPLC1,lobula_plate_lobula_columnar,lobula_plate_lobula_columnar,visual_projection,NA,right,acetylcholine,unknown,NA
LPLC1,720575941546071045,LPLC1,lobula_plate_lobula_columnar,lobula_plate_lobula_columnar,visual_projection,NA,right,acetylcholine,unknown,NA
LPLC1,720575941508639813,LPLC1,lobula_plate_lobula_columnar,lobula_plate_lobula_columnar,visual_projection,NA,right,acetylcholine,unknown,NA
LPLC1,720575941493493630,LPLC1,lobula_plate_lobula_columnar,lobula_plate_lobula_columnar,visual_projection,NA,right,acetylcholine,unknown,NA
LPLC1,720575941629350457,LPLC1,lobula_plate_lobula_columnar,lobula_plate_lobula_columnar,visual_projection,NA,right,acetylcholine,unknown,NA
LPLC1,720575941440834879,LPLC1,lobula_plate_lobula_columnar,lobula_plate_lobula_columnar,visual_projection,NA,right,acetylcholine,unknown,NA
LPLC1,720575941480806819,LPLC1,lobula_plate_lobula_columnar,lobula_plate_lobula_columnar,visual_projection,NA,right,acetylcholine,unknown,NA
LPLC1,720575941629456610,LPLC1,lobula_plate_lobula_columnar,lobula_plate_lobula_columnar,visual_projection,NA,right,acetylcholine,unknown,NA
LPLC1,720575941525681410,LPLC1,lobula_plate_lobula_columnar,lobula_plate_lobula_columnar,visual_projection,NA,right,acetylcholine,unknown,NA
LPLC1,720575941609655017,LPLC1,lobula_plate_lobula_columnar,lobula_plate_lobula_columnar,visual_projection,NA,right,acetylcholine,unknown,NA
LPLC1,720575941438235154,LPLC1,lobula_plate_lobula_columnar,lobula_plate_lobula_columnar,visual_projection,NA,right,acetylcholine,unknown,NA
LPLC1,720575941561393935,LPLC1,lobula_plate_lobula_columnar,lobula_plate_lobula_columnar,visual_projection,NA,right,acetylcholine,unknown,NA
LPLC1,720575941469294967,LPLC1,lobula_plate_lobula_columnar,lobula_plate_lobula_columnar,visual_projection,NA,right,acetylcholine,unknown,NA
LPLC1,720575941482465478,LPLC1,lobula_plate_lobula_columnar,lobula_plate_lobula_columnar,visual_projection,NA,right,acetylcholine,unknown,NA
LPLC1,720575941541723261,LPLC1,lobula_plate_lobula_columnar,lobula_plate_lobula_columnar,visual_projection,NA,right,acetylcholine,unknown,NA
LPLC1,720575941437429536,LPLC1,lobula_plate_lobula_columnar,lobula_plate_lobula_columnar,visual_projection,NA,right,acetylcholine,unknown,NA
LPLC1,720575941613457069,LPLC1,lobula_plate_lobula_columnar,lobula_plate_lobula_columnar,visual_projection,NA,right,acetylcholine,unknown,NA
LPLC1,720575941596666560,LPLC1,lobula_plate_lobula_columnar,lobula_plate_lobula_columnar,visual_projection,NA,right,acetylcholine,unknown,NA
LPLC1,720575941434220320,LPLC1,lobula_plate_lobula_columnar,lobula_plate_lobula_columnar,visual_projection,NA,right,acetylcholine,unknown,NA
LPLC1,720575941686962806,LPLC1,lobula_plate_lobula_columnar,lobula_plate_lobula_columnar,visual_projection,NA,right,acetylcholine,unknown,NA
LPLC1,720575941440862811,LPLC1,lobula_plate_lobula_columnar,lobula_plate_lobula_columnar,visual_projection,NA,right,acetylcholine,unknown,NA
LPLC1,720575941612372554,LPLC1,lobula_plate_lobula_columnar,lobula_plate_lobula_columnar,visual_projection,NA,right,acetylcholine,unknown,NA
LPLC1,720575941594814321,LPLC1,lobula_plate_lobula_columnar,lobula_plate_lobula_columnar,visual_projection,NA,right,acetylcholine,unknown,NA
LPLC1,720575941441614165,LPLC1,lobula_plate_lobula_columnar,lobula_plate_lobula_columnar,visual_projection,NA,right,acetylcholine,unknown,NA
LPLC1,720575941446298132,LPLC1,lobula_plate_lobula_columnar,lobula_plate_lobula_columnar,visual_projection,NA,right,acetylcholine,unknown,NA
LPLC1,720575941406692399,LPLC1,lobula_plate_lobula_columnar,lobula_plate_lobula_columnar,visual_projection,NA,right,acetylcholine,unknown,NA
LPLC1,720575941460882445,LPLC1,lobula_plate_lobula_columnar,lobula_plate_lobula_columnar,visual_projection,NA,right,acetylcholine,unknown,NA
LPLC1,720575941490315573,LPLC1,lobula_plate_lobula_columnar,lobula_plate_lobula_columnar,visual_projection,NA,right,acetylcholine,unknown,NA
LPLC1,720575941564516615,LPLC1,lobula_plate_lobula_columnar,lobula_plate_lobula_columnar,visual_projection,NA,right,acetylcholine,unknown,NA
LPLC1,720575941488524085,LPLC1,lobula_plate_lobula_columnar,lobula_plate_lobula_columnar,visual_projection,NA,right,acetylcholine,unknown,NA
LPLC1,720575941517196793,LPLC1,lobula_plate_lobula_columnar,lobula_plate_lobula_columnar,visual_projection,NA,right,acetylcholine,unknown,NA
LPLC1,720575941462069005,LPLC1,lobula_plate_lobula_columnar,lobula_plate_lobula_columnar,visual_projection,NA,right,acetylcholine,unknown,NA
LPLC1,720575941608919661,LPLC1,lobula_plate_lobula_columnar,lobula_plate_lobula_columnar,visual_projection,NA,right,acetylcholine,unknown,NA
LPLC1,720575941627187611,LPLC1,lobula_plate_lobula_columnar,lobula_plate_lobula_columnar,visual_projection,NA,right,acetylcholine,unknown,NA
LPLC1,720575941393852420,LPLC1,lobula_plate_lobula_columnar,lobula_plate_lobula_columnar,visual_projection,NA,right,acetylcholine,unknown,NA
LPLC1,720575941514135033,LPLC1,lobula_plate_lobula_columnar,lobula_plate_lobula_columnar,visual_projection,NA,right,acetylcholine,unknown,NA
LPLC1,720575941479399587,LPLC1,lobula_plate_lobula_columnar,lobula_plate_lobula_columnar,visual_projection,NA,right,acetylcholine,unknown,NA
LPLC1,720575941506864001,LPLC1,lobula_plate_lobula_columnar,lobula_plate_lobula_columnar,visual_projection,NA,right,acetylcholine,unknown,NA
LPLC1,720575941484864262,LPLC1,lobula_plate_lobula_columnar,lobula_plate_lobula_columnar,visual_projection,NA,right,acetylcholine,unknown,NA
LPLC1,720575941514153818,LPLC1,lobula_plate_lobula_columnar,lobula_plate_lobula_columnar,visual_projection,NA,right,acetylcholine,unknown,NA
LPLC1,720575941628411430,LPLC1,lobula_plate_lobula_columnar,lobula_plate_lobula_columnar,visual_projection,NA,right,acetylcholine,unknown,NA
LPLC1,720575941537812250,LPLC1,lobula_plate_lobula_columnar,lobula_plate_lobula_columnar,visual_projection,NA,right,acetylcholine,unknown,NA
LPLC1,720575941671231921,LPLC1,lobula_plate_lobula_columnar,lobula_plate_lobula_columnar,visual_projection,NA,right,acetylcholine,unknown,NA
LPLC1,720575941540148117,LPLC1,lobula_plate_lobula_columnar,lobula_plate_lobula_columnar,visual_projection,NA,right,acetylcholine,unknown,NA
LPLC1,720575941600079296,LPLC1,lobula_plate_lobula_columnar,lobula_plate_lobula_columnar,visual_projection,NA,left,acetylcholine,unknown,NA
LPLC1,720575941440799573,LPLC1,lobula_plate_lobula_columnar,lobula_plate_lobula_columnar,visual_projection,NA,left,acetylcholine,unknown,NA
LPLC1,720575941625327612,LPLC1,lobula_plate_lobula_columnar,lobula_plate_lobula_columnar,visual_projection,NA,left,acetylcholine,unknown,NA
LPLC1,720575941470328640,LPLC1,lobula_plate_lobula_columnar,lobula_plate_lobula_columnar,visual_projection,NA,left,acetylcholine,unknown,NA
LPLC1,720575941613370598,LPLC1,lobula_plate_lobula_columnar,lobula_plate_lobula_columnar,visual_projection,NA,left,acetylcholine,unknown,NA
LPLC1,720575941556761892,LPLC1,lobula_plate_lobula_columnar,lobula_plate_lobula_columnar,visual_projection,NA,right,acetylcholine,unknown,NA
LPLC1,720575941443038555,LPLC1,lobula_plate_lobula_columnar,lobula_plate_lobula_columnar,visual_projection,NA,left,acetylcholine,unknown,NA
LPLC1,720575941492346574,LPLC1,lobula_plate_lobula_columnar,lobula_plate_lobula_columnar,visual_projection,NA,left,acetylcholine,unknown,NA
LPLC1,720575941529725368,LPLC1,lobula_plate_lobula_columnar,lobula_plate_lobula_columnar,visual_projection,NA,left,acetylcholine,unknown,NA
LPLC1,720575941545221481,LPLC1,lobula_plate_lobula_columnar,lobula_plate_lobula_columnar,visual_projection,NA,left,acetylcholine,unknown,NA
LPLC1,720575941660674128,LPLC1,lobula_plate_lobula_columnar,lobula_plate_lobula_columnar,visual_projection,NA,left,acetylcholine,unknown,NA
LPLC1,720575941429827832,LPLC1,lobula_plate_lobula_columnar,lobula_plate_lobula_columnar,visual_projection,NA,left,acetylcholine,unknown,NA
LPLC1,720575941532745347,LPLC1,lobula_plate_lobula_columnar,lobula_plate_lobula_columnar,visual_projection,NA,left,acetylcholine,unknown,NA
LPLC1,720575941449139381,LPLC1,lobula_plate_lobula_columnar,lobula_plate_lobula_columnar,visual_projection,NA,right,acetylcholine,unknown,NA
LPLC1,720575941692494555,LPLC1,lobula_plate_lobula_columnar,lobula_plate_lobula_columnar,visual_projection,NA,left,acetylcholine,unknown,NA
LPLC1,720575941546337029,LPLC1,lobula_plate_lobula_columnar,lobula_plate_lobula_columnar,visual_projection,NA,left,acetylcholine,unknown,NA
LPLC1,720575941592344360,LPLC1,lobula_plate_lobula_columnar,lobula_plate_lobula_columnar,visual_projection,NA,right,acetylcholine,unknown,NA
LPLC1,720575941410750123,LPLC1,lobula_plate_lobula_columnar,lobula_plate_lobula_columnar,visual_projection,NA,left,acetylcholine,unknown,NA
LPLC1,720575941441276507,LPLC1,lobula_plate_lobula_columnar,lobula_plate_lobula_columnar,visual_projection,NA,left,acetylcholine,unknown,NA
LPLC1,720575941405747568,LPLC1,lobula_plate_lobula_columnar,lobula_plate_lobula_columnar,visual_projection,NA,left,acetylcholine,unknown,NA
LPLC1,720575941523776843,LPLC1,lobula_plate_lobula_columnar,lobula_plate_lobula_columnar,visual_projection,NA,left,acetylcholine,unknown,NA
LPLC1,720575941541537917,LPLC1,lobula_plate_lobula_columnar,lobula_plate_lobula_columnar,visual_projection,NA,left,acetylcholine,unknown,NA
LPLC1,720575941574640891,LPLC1,lobula_plate_lobula_columnar,lobula_plate_lobula_columnar,visual_projection,NA,left,acetylcholine,unknown,NA
LPLC1,720575941630977830,LPLC1,lobula_plate_lobula_columnar,lobula_plate_lobula_columnar,visual_projection,NA,right,acetylcholine,unknown,NA
LPLC1,720575941436618638,LPLC1,lobula_plate_lobula_columnar,lobula_plate_lobula_columnar,visual_projection,NA,left,acetylcholine,unknown,NA
LPLC1,720575941554769031,LPLC1,lobula_plate_lobula_columnar,lobula_plate_lobula_columnar,visual_projection,NA,left,acetylcholine,unknown,NA
LPLC1,720575941570886650,LPLC1,lobula_plate_lobula_columnar,lobula_plate_lobula_columnar,visual_projection,NA,left,acetylcholine,unknown,NA
LPLC1,720575941511989520,LPLC1,lobula_plate_lobula_columnar,lobula_plate_lobula_columnar,visual_projection,NA,left,acetylcholine,unknown,NA
LPLC1,720575941591963499,LPLC1,lobula_plate_lobula_columnar,lobula_plate_lobula_columnar,visual_projection,NA,right,acetylcholine,unknown,NA
LPLC1,720575941630722018,LPLC1,lobula_plate_lobula_columnar,lobula_plate_lobula_columnar,visual_projection,NA,right,acetylcholine,unknown,NA
LPLC1,720575941426404692,LPLC1,lobula_plate_lobula_columnar,lobula_plate_lobula_columnar,visual_projection,NA,right,acetylcholine,unknown,NA
LPLC1,720575941572873737,LPLC1,lobula_plate_lobula_columnar,lobula_plate_lobula_columnar,visual_projection,NA,NA,acetylcholine,unknown,NA
LPLC1,720575941393710084,LPLC1,lobula_plate_lobula_columnar,lobula_plate_lobula_columnar,visual_projection,NA,left,acetylcholine,unknown,NA
LPLC1,720575941554966043,LPLC1,lobula_plate_lobula_columnar,lobula_plate_lobula_columnar,visual_projection,NA,right,acetylcholine,unknown,NA
LPLC1,720575941440512831,LPLC1,lobula_plate_lobula_columnar,lobula_plate_lobula_columnar,visual_projection,NA,left,acetylcholine,unknown,NA
LPLC1,720575941474079328,LPLC1,lobula_plate_lobula_columnar,lobula_plate_lobula_columnar,visual_projection,NA,left,acetylcholine,unknown,NA
LPLC1,720575941627201418,LPLC1,lobula_plate_lobula_columnar,lobula_plate_lobula_columnar,visual_projection,NA,left,acetylcholine,unknown,NA
LPLC1,720575941455906099,LPLC1,lobula_plate_lobula_columnar,lobula_plate_lobula_columnar,visual_projection,NA,right,acetylcholine,unknown,NA
LPLC1,720575941497080775,LPLC1,lobula_plate_lobula_columnar,lobula_plate_lobula_columnar,visual_projection,NA,left,acetylcholine,unknown,NA
LPLC1,720575941541493117,LPLC1,lobula_plate_lobula_columnar,lobula_plate_lobula_columnar,visual_projection,NA,NA,acetylcholine,unknown,NA
LPLC2,720575941629581113,LPLC2,lobula_plate_lobula_columnar,lobula_plate_lobula_columnar,visual_projection,NA,left,acetylcholine,unknown,NA
LPLC2,720575941552904510,LPLC2,lobula_plate_lobula_columnar,lobula_plate_lobula_columnar,visual_projection,NA,left,acetylcholine,unknown,NA
LPLC2,720575941633116869,LPLC2,lobula_plate_lobula_columnar,lobula_plate_lobula_columnar,visual_projection,NA,right,acetylcholine,unknown,NA
LPLC2,720575941558697710,LPLC2,lobula_plate_lobula_columnar,lobula_plate_lobula_columnar,visual_projection,NA,right,acetylcholine,unknown,NA
LPLC2,720575941552969555,LPLC2,lobula_plate_lobula_columnar,lobula_plate_lobula_columnar,visual_projection,NA,right,acetylcholine,unknown,NA
LPLC2,720575941505088023,LPLC2,lobula_plate_lobula_columnar,lobula_plate_lobula_columnar,visual_projection,NA,right,acetylcholine,unknown,NA
LPLC2,720575941510443986,LPLC2,lobula_plate_lobula_columnar,lobula_plate_lobula_columnar,visual_projection,NA,right,acetylcholine,unknown,NA
LPLC2,720575941441490005,LPLC2,lobula_plate_lobula_columnar,lobula_plate_lobula_columnar,visual_projection,NA,left,acetylcholine,unknown,NA
LPLC2,720575941520627416,LPLC2,lobula_plate_lobula_columnar,lobula_plate_lobula_columnar,visual_projection,NA,left,acetylcholine,unknown,NA
LPLC2,720575941402905891,LPLC2,lobula_plate_lobula_columnar,lobula_plate_lobula_columnar,visual_projection,NA,left,acetylcholine,unknown,NA
LPLC2,720575941472017472,LPLC2,lobula_plate_lobula_columnar,lobula_plate_lobula_columnar,visual_projection,NA,left,acetylcholine,unknown,NA
LPLC2,720575941653844977,LPLC2,lobula_plate_lobula_columnar,lobula_plate_lobula_columnar,visual_projection,NA,right,acetylcholine,unknown,NA
LPLC2,720575941481861373,LPLC2,lobula_plate_lobula_columnar,lobula_plate_lobula_columnar,visual_projection,NA,right,acetylcholine,unknown,NA
LPLC2,720575941416709404,LPLC2,lobula_plate_lobula_columnar,lobula_plate_lobula_columnar,visual_projection,NA,right,acetylcholine,unknown,NA
LPLC2,720575941491549872,LPLC2,lobula_plate_lobula_columnar,lobula_plate_lobula_columnar,visual_projection,NA,right,acetylcholine,unknown,NA
LPLC2,720575941494003070,LPLC2,lobula_plate_lobula_columnar,lobula_plate_lobula_columnar,visual_projection,NA,right,acetylcholine,unknown,NA
LPLC2,720575941518177964,LPLC2,lobula_plate_lobula_columnar,lobula_plate_lobula_columnar,visual_projection,NA,right,acetylcholine,unknown,NA
LPLC2,720575941513911043,LPLC2,lobula_plate_lobula_columnar,lobula_plate_lobula_columnar,visual_projection,NA,right,acetylcholine,unknown,NA
LPLC2,720575941479454799,LPLC2,lobula_plate_lobula_columnar,lobula_plate_lobula_columnar,visual_projection,NA,right,acetylcholine,unknown,NA
LPLC2,720575941450259549,LPLC2,lobula_plate_lobula_columnar,lobula_plate_lobula_columnar,visual_projection,NA,right,acetylcholine,unknown,NA
LPLC2,720575941573711759,LPLC2,lobula_plate_lobula_columnar,lobula_plate_lobula_columnar,visual_projection,NA,right,acetylcholine,unknown,NA
LPLC2,720575941584246918,LPLC2,lobula_plate_lobula_columnar,lobula_plate_lobula_columnar,visual_projection,NA,right,acetylcholine,unknown,NA
LPLC2,720575941439031871,LPLC2,lobula_plate_lobula_columnar,lobula_plate_lobula_columnar,visual_projection,NA,right,acetylcholine,unknown,NA
LPLC2,720575941477752385,LPLC2,lobula_plate_lobula_columnar,lobula_plate_lobula_columnar,visual_projection,NA,right,acetylcholine,unknown,NA
LPLC2,720575941688896475,LPLC2,lobula_plate_lobula_columnar,lobula_plate_lobula_columnar,visual_projection,NA,right,acetylcholine,unknown,NA
LPLC2,720575941439941839,LPLC2,lobula_plate_lobula_columnar,lobula_plate_lobula_columnar,visual_projection,NA,right,acetylcholine,unknown,NA
LPLC2,720575941437649471,LPLC2,lobula_plate_lobula_columnar,lobula_plate_lobula_columnar,visual_projection,NA,right,acetylcholine,unknown,NA
LPLC2,720575941578507253,LPLC2,lobula_plate_lobula_columnar,lobula_plate_lobula_columnar,visual_projection,NA,right,acetylcholine,unknown,NA
LPLC2,720575941484892157,LPLC2,lobula_plate_lobula_columnar,lobula_plate_lobula_columnar,visual_projection,NA,right,acetylcholine,unknown,NA
LPLC2,720575941491392462,LPLC2,lobula_plate_lobula_columnar,lobula_plate_lobula_columnar,visual_projection,NA,right,acetylcholine,unknown,NA
LPLC2,720575941563823762,LPLC2,lobula_plate_lobula_columnar,lobula_plate_lobula_columnar,visual_projection,NA,right,acetylcholine,unknown,NA
LPLC2,720575941506010789,LPLC2,lobula_plate_lobula_columnar,lobula_plate_lobula_columnar,visual_projection,NA,right,acetylcholine,unknown,NA
LPLC2,720575941534616152,LPLC2,lobula_plate_lobula_columnar,lobula_plate_lobula_columnar,visual_projection,NA,right,acetylcholine,unknown,NA
LPLC2,720575941558065167,LPLC2,lobula_plate_lobula_columnar,lobula_plate_lobula_columnar,visual_projection,NA,right,acetylcholine,unknown,NA
LPLC2,720575941476743274,LPLC2,lobula_plate_lobula_columnar,lobula_plate_lobula_columnar,visual_projection,NA,right,acetylcholine,unknown,NA
LPLC2,720575941553187226,LPLC2,lobula_plate_lobula_columnar,lobula_plate_lobula_columnar,visual_projection,NA,NA,acetylcholine,unknown,NA
LPLC2,720575941567580470,LPLC2,lobula_plate_lobula_columnar,lobula_plate_lobula_columnar,visual_projection,NA,right,acetylcholine,unknown,NA
LPLC2,720575941638738975,LPLC2,lobula_plate_lobula_columnar,lobula_plate_lobula_columnar,visual_projection,NA,right,acetylcholine,unknown,NA
LPLC2,720575941596690624,LPLC2,lobula_plate_lobula_columnar,lobula_plate_lobula_columnar,visual_projection,NA,right,acetylcholine,unknown,NA
LPLC2,720575941576768857,LPLC2,lobula_plate_lobula_columnar,lobula_plate_lobula_columnar,visual_projection,NA,right,acetylcholine,unknown,NA
LPLC2,720575941439829695,LPLC2,lobula_plate_lobula_columnar,lobula_plate_lobula_columnar,visual_projection,NA,right,acetylcholine,unknown,NA
LPLC2,720575941530742475,LPLC2,lobula_plate_lobula_columnar,lobula_plate_lobula_columnar,visual_projection,NA,right,acetylcholine,unknown,NA
LPLC2,720575941643370401,LPLC2,lobula_plate_lobula_columnar,lobula_plate_lobula_columnar,visual_projection,NA,right,acetylcholine,unknown,NA
LPLC2,720575941472002400,LPLC2,lobula_plate_lobula_columnar,lobula_plate_lobula_columnar,visual_projection,NA,right,acetylcholine,unknown,NA
LPLC2,720575941686690316,LPLC2,lobula_plate_lobula_columnar,lobula_plate_lobula_columnar,visual_projection,NA,right,acetylcholine,unknown,NA
LPLC2,720575941439486783,LPLC2,lobula_plate_lobula_columnar,lobula_plate_lobula_columnar,visual_projection,NA,right,acetylcholine,unknown,NA
LPLC2,720575941650346517,LPLC2,lobula_plate_lobula_columnar,lobula_plate_lobula_columnar,visual_projection,NA,right,acetylcholine,unknown,NA
LPLC2,720575941551510015,LPLC2,lobula_plate_lobula_columnar,lobula_plate_lobula_columnar,visual_projection,NA,right,acetylcholine,unknown,NA
LPLC2,720575941412371115,LPLC2,lobula_plate_lobula_columnar,lobula_plate_lobula_columnar,visual_projection,NA,right,acetylcholine,unknown,NA
LPLC2,720575941650089237,LPLC2,lobula_plate_lobula_columnar,lobula_plate_lobula_columnar,visual_projection,NA,right,acetylcholine,unknown,NA
LPLC2,720575941475824961,LPLC2,lobula_plate_lobula_columnar,lobula_plate_lobula_columnar,visual_projection,NA,right,acetylcholine,unknown,NA
LPLC2,720575941571581256,LPLC2,lobula_plate_lobula_columnar,lobula_plate_lobula_columnar,visual_projection,NA,right,acetylcholine,unknown,NA
LPLC2,720575941478533684,LPLC2,lobula_plate_lobula_columnar,lobula_plate_lobula_columnar,visual_projection,NA,right,acetylcholine,unknown,NA
LPLC2,720575941547274932,LPLC2,lobula_plate_lobula_columnar,lobula_plate_lobula_columnar,visual_projection,NA,right,acetylcholine,unknown,NA
LPLC2,720575941633209248,LPLC2,lobula_plate_lobula_columnar,lobula_plate_lobula_columnar,visual_projection,NA,right,acetylcholine,unknown,NA
LPLC2,720575941457805727,LPLC2,lobula_plate_lobula_columnar,lobula_plate_lobula_columnar,visual_projection,NA,right,acetylcholine,unknown,NA
LPLC2,720575941464975190,LPLC2,lobula_plate_lobula_columnar,lobula_plate_lobula_columnar,visual_projection,NA,right,acetylcholine,unknown,NA
LPLC2,720575941609129290,LPLC2,lobula_plate_lobula_columnar,lobula_plate_lobula_columnar,visual_projection,NA,right,acetylcholine,unknown,NA
LPLC2,720575941584476126,LPLC2,lobula_plate_lobula_columnar,lobula_plate_lobula_columnar,visual_projection,NA,right,acetylcholine,unknown,NA
LPLC2,720575941564726016,LPLC2,lobula_plate_lobula_columnar,lobula_plate_lobula_columnar,visual_projection,NA,right,acetylcholine,unknown,NA
LPLC2,720575941589840183,LPLC2,lobula_plate_lobula_columnar,lobula_plate_lobula_columnar,visual_projection,NA,right,acetylcholine,unknown,NA
LPLC2,720575941475902750,LPLC2,lobula_plate_lobula_columnar,lobula_plate_lobula_columnar,visual_projection,NA,right,acetylcholine,unknown,NA
LPLC2,720575941504320677,LPLC2,lobula_plate_lobula_columnar,lobula_plate_lobula_columnar,visual_projection,NA,right,acetylcholine,unknown,NA
LPLC2,720575941547885673,LPLC2,lobula_plate_lobula_columnar,lobula_plate_lobula_columnar,visual_projection,NA,right,acetylcholine,unknown,NA
LPLC2,720575941529483192,LPLC2,lobula_plate_lobula_columnar,lobula_plate_lobula_columnar,visual_projection,NA,right,acetylcholine,unknown,NA
LPLC2,720575941541682125,LPLC2,lobula_plate_lobula_columnar,lobula_plate_lobula_columnar,visual_projection,NA,right,acetylcholine,unknown,NA
LPLC2,720575941533246186,LPLC2,lobula_plate_lobula_columnar,lobula_plate_lobula_columnar,visual_projection,NA,right,acetylcholine,unknown,NA
LPLC2,720575941573021193,LPLC2,lobula_plate_lobula_columnar,lobula_plate_lobula_columnar,visual_projection,NA,right,acetylcholine,unknown,NA
LPLC2,720575941613316269,LPLC2,lobula_plate_lobula_columnar,lobula_plate_lobula_columnar,visual_projection,NA,right,acetylcholine,unknown,NA
LPLC2,720575941668003249,LPLC2,lobula_plate_lobula_columnar,lobula_plate_lobula_columnar,visual_projection,NA,right,acetylcholine,unknown,NA
LPLC2,720575941501832939,LPLC2,lobula_plate_lobula_columnar,lobula_plate_lobula_columnar,visual_projection,NA,right,acetylcholine,unknown,NA
LPLC2,720575941437278496,LPLC2,lobula_plate_lobula_columnar,lobula_plate_lobula_columnar,visual_projection,NA,right,acetylcholine,unknown,NA
LPLC2,720575941524281335,LPLC2,lobula_plate_lobula_columnar,lobula_plate_lobula_columnar,visual_projection,NA,right,acetylcholine,unknown,NA
LPLC2,720575941484166074,LPLC2,lobula_plate_lobula_columnar,lobula_plate_lobula_columnar,visual_projection,NA,right,acetylcholine,unknown,NA
LPLC2,720575941511886412,LPLC2,lobula_plate_lobula_columnar,lobula_plate_lobula_columnar,visual_projection,NA,right,acetylcholine,unknown,NA
LPLC2,720575941507919198,LPLC2,lobula_plate_lobula_columnar,lobula_plate_lobula_columnar,visual_projection,NA,right,acetylcholine,unknown,NA
LPLC2,720575941441311935,LPLC2,lobula_plate_lobula_columnar,lobula_plate_lobula_columnar,visual_projection,NA,right,acetylcholine,unknown,NA
LPLC2,720575941540508914,LPLC2,lobula_plate_lobula_columnar,lobula_plate_lobula_columnar,visual_projection,NA,right,acetylcholine,unknown,NA
LPLC2,720575941482417743,LPLC2,lobula_plate_lobula_columnar,lobula_plate_lobula_columnar,visual_projection,NA,right,acetylcholine,unknown,NA
LPLC2,720575941704506586,LPLC2,lobula_plate_lobula_columnar,lobula_plate_lobula_columnar,visual_projection,NA,right,acetylcholine,unknown,NA
LPLC2,720575941459192223,LPLC2,lobula_plate_lobula_columnar,lobula_plate_lobula_columnar,visual_projection,NA,right,acetylcholine,unknown,NA
LPLC2,720575941489688780,LPLC2,lobula_plate_lobula_columnar,lobula_plate_lobula_columnar,visual_projection,NA,right,acetylcholine,unknown,NA
LPLC2,720575941513955171,LPLC2,lobula_plate_lobula_columnar,lobula_plate_lobula_columnar,visual_projection,NA,right,acetylcholine,unknown,NA
LPLC2,720575941412805035,LPLC2,lobula_plate_lobula_columnar,lobula_plate_lobula_columnar,visual_projection,NA,right,acetylcholine,unknown,NA
LPLC2,720575941702575066,LPLC2,lobula_plate_lobula_columnar,lobula_plate_lobula_columnar,visual_projection,NA,right,acetylcholine,unknown,NA
LPLC2,720575941491564853,LPLC2,lobula_plate_lobula_columnar,lobula_plate_lobula_columnar,visual_projection,NA,right,acetylcholine,unknown,NA
LPLC2,720575941475468830,LPLC2,lobula_plate_lobula_columnar,lobula_plate_lobula_columnar,visual_projection,NA,NA,acetylcholine,unknown,NA
LPLC2,720575941461909700,LPLC2,lobula_plate_lobula_columnar,lobula_plate_lobula_columnar,visual_projection,NA,left,acetylcholine,unknown,NA
LPLC2,720575941536231914,LPLC2,lobula_plate_lobula_columnar,lobula_plate_lobula_columnar,visual_projection,NA,left,acetylcholine,unknown,NA
LPLC2,720575941640489077,LPLC2,lobula_plate_lobula_columnar,lobula_plate_lobula_columnar,visual_projection,NA,left,acetylcholine,unknown,NA
LPLC2,720575941486685958,LPLC2,lobula_plate_lobula_columnar,lobula_plate_lobula_columnar,visual_projection,NA,left,acetylcholine,unknown,NA
LPLC2,720575941602461686,LPLC2,lobula_plate_lobula_columnar,lobula_plate_lobula_columnar,visual_projection,NA,left,acetylcholine,unknown,NA
LPLC2,720575941537296789,LPLC2,lobula_plate_lobula_columnar,lobula_plate_lobula_columnar,visual_projection,NA,right,acetylcholine,unknown,NA
LPLC2,720575941664770940,LPLC2,lobula_plate_lobula_columnar,lobula_plate_lobula_columnar,visual_projection,NA,right,acetylcholine,unknown,NA
LPLC2,720575941468056662,LPLC2,lobula_plate_lobula_columnar,lobula_plate_lobula_columnar,visual_projection,NA,left,acetylcholine,unknown,NA
LPLC2,720575941480624975,LPLC2,lobula_plate_lobula_columnar,lobula_plate_lobula_columnar,visual_projection,NA,left,acetylcholine,unknown,NA
LPLC2,720575941587015814,LPLC2,lobula_plate_lobula_columnar,lobula_plate_lobula_columnar,visual_projection,NA,left,acetylcholine,unknown,NA
LPLC2,720575941460138143,LPLC2,lobula_plate_lobula_columnar,lobula_plate_lobula_columnar,visual_projection,NA,left,acetylcholine,unknown,NA
LPLC2,720575941446061482,LPLC2,lobula_plate_lobula_columnar,lobula_plate_lobula_columnar,visual_projection,NA,left,acetylcholine,unknown,NA
LPLC2,720575941565484295,LPLC2,lobula_plate_lobula_columnar,lobula_plate_lobula_columnar,visual_projection,NA,left,acetylcholine,unknown,NA
LPLC2,720575941652968213,LPLC2,lobula_plate_lobula_columnar,lobula_plate_lobula_columnar,visual_projection,NA,left,acetylcholine,unknown,NA
LPLC2,720575941534465155,LPLC2,lobula_plate_lobula_columnar,lobula_plate_lobula_columnar,visual_projection,NA,left,acetylcholine,unknown,NA
LPLC2,720575941460226886,LPLC2,lobula_plate_lobula_columnar,lobula_plate_lobula_columnar,visual_projection,NA,left,acetylcholine,unknown,NA
LPLC2,720575941591098764,LPLC2,lobula_plate_lobula_columnar,lobula_plate_lobula_columnar,visual_projection,NA,left,acetylcholine,unknown,NA
LPLC2,720575941552883774,LPLC2,lobula_plate_lobula_columnar,lobula_plate_lobula_columnar,visual_projection,NA,NA,acetylcholine,unknown,NA
LPLC2,720575941494320304,LPLC2,lobula_plate_lobula_columnar,lobula_plate_lobula_columnar,visual_projection,NA,left,acetylcholine,unknown,NA
LPLC2,720575941536503986,LPLC2,lobula_plate_lobula_columnar,lobula_plate_lobula_columnar,visual_projection,NA,left,acetylcholine,unknown,NA
LPLC2,720575941508270871,LPLC2,lobula_plate_lobula_columnar,lobula_plate_lobula_columnar,visual_projection,NA,right,acetylcholine,unknown,NA
LPLC2,720575941552888730,LPLC2,lobula_plate_lobula_columnar,lobula_plate_lobula_columnar,visual_projection,NA,left,acetylcholine,unknown,NA
LPLC2,720575941477034858,LPLC2,lobula_plate_lobula_columnar,lobula_plate_lobula_columnar,visual_projection,NA,left,acetylcholine,unknown,NA
LPLC2,720575941476640827,LPLC2,lobula_plate_lobula_columnar,lobula_plate_lobula_columnar,visual_projection,NA,left,acetylcholine,unknown,NA
LPLC2,720575941660101712,LPLC2,lobula_plate_lobula_columnar,lobula_plate_lobula_columnar,visual_projection,NA,left,acetylcholine,unknown,NA
LPLC2,720575941671190193,LPLC2,lobula_plate_lobula_columnar,lobula_plate_lobula_columnar,visual_projection,NA,left,acetylcholine,unknown,NA
LPLC2,720575941498940539,LPLC2,lobula_plate_lobula_columnar,lobula_plate_lobula_columnar,visual_projection,NA,left,acetylcholine,unknown,NA
LPLC2,720575941596720935,LPLC2,lobula_plate_lobula_columnar,lobula_plate_lobula_columnar,visual_projection,NA,left,acetylcholine,unknown,NA
LPLC2,720575941477267230,LPLC2,lobula_plate_lobula_columnar,lobula_plate_lobula_columnar,visual_projection,NA,right,acetylcholine,unknown,NA
LPLC2,720575941531232952,LPLC2,lobula_plate_lobula_columnar,lobula_plate_lobula_columnar,visual_projection,NA,right,acetylcholine,unknown,NA
LPLC2,720575941670299303,LPLC2,lobula_plate_lobula_columnar,lobula_plate_lobula_columnar,visual_projection,NA,right,acetylcholine,unknown,NA
LPLC2,720575941644869221,LPLC2,lobula_plate_lobula_columnar,lobula_plate_lobula_columnar,visual_projection,NA,left,acetylcholine,unknown,NA
LPLC2,720575941505056235,LPLC2,lobula_plate_lobula_columnar,lobula_plate_lobula_columnar,visual_projection,NA,left,acetylcholine,unknown,NA
LPLC2,720575941436617870,LPLC2,lobula_plate_lobula_columnar,lobula_plate_lobula_columnar,visual_projection,NA,left,acetylcholine,unknown,NA
LPLC2,720575941528247396,LPLC2,lobula_plate_lobula_columnar,lobula_plate_lobula_columnar,visual_projection,NA,left,acetylcholine,unknown,NA
LPLC2,720575941548255924,LPLC2,lobula_plate_lobula_columnar,lobula_plate_lobula_columnar,visual_projection,NA,left,acetylcholine,unknown,NA
LPLC2,720575941476218154,LPLC2,lobula_plate_lobula_columnar,lobula_plate_lobula_columnar,visual_projection,NA,left,acetylcholine,unknown,NA
LPLC2,720575941582539897,LPLC2,lobula_plate_lobula_columnar,lobula_plate_lobula_columnar,visual_projection,NA,left,acetylcholine,unknown,NA
LPLC2,720575941490245324,LPLC2,lobula_plate_lobula_columnar,lobula_plate_lobula_columnar,visual_projection,NA,left,acetylcholine,unknown,NA
LPLC2,720575941569787182,LPLC2,lobula_plate_lobula_columnar,lobula_plate_lobula_columnar,visual_projection,NA,left,acetylcholine,unknown,NA
LPLC2,720575941569478394,LPLC2,lobula_plate_lobula_columnar,lobula_plate_lobula_columnar,visual_projection,NA,left,acetylcholine,unknown,NA
LPLC2,720575941580045913,LPLC2,lobula_plate_lobula_columnar,lobula_plate_lobula_columnar,visual_projection,NA,left,acetylcholine,unknown,NA
LPLC2,720575941580746577,LPLC2,lobula_plate_lobula_columnar,lobula_plate_lobula_columnar,visual_projection,NA,left,acetylcholine,unknown,NA
LPLC2,720575941522479351,LPLC2,lobula_plate_lobula_columnar,lobula_plate_lobula_columnar,visual_projection,NA,NA,acetylcholine,unknown,NA
LPLC2,720575941604924406,LPLC2,lobula_plate_lobula_columnar,lobula_plate_lobula_columnar,visual_projection,NA,left,acetylcholine,unknown,NA
LPLC2,720575941412743851,LPLC2,lobula_plate_lobula_columnar,lobula_plate_lobula_columnar,visual_projection,NA,left,acetylcholine,unknown,NA
LPLC2,720575941479592416,LPLC2,lobula_plate_lobula_columnar,lobula_plate_lobula_columnar,visual_projection,NA,left,acetylcholine,unknown,NA
LPLC2,720575941627354169,LPLC2,lobula_plate_lobula_columnar,lobula_plate_lobula_columnar,visual_projection,NA,left,acetylcholine,unknown,NA
LPLC2,720575941413646481,LPLC2,lobula_plate_lobula_columnar,lobula_plate_lobula_columnar,visual_projection,NA,right,acetylcholine,unknown,NA
LPLC2,720575941450903733,LPLC2,lobula_plate_lobula_columnar,lobula_plate_lobula_columnar,visual_projection,NA,right,acetylcholine,unknown,NA
LPLC2,720575941503792619,LPLC2,lobula_plate_lobula_columnar,lobula_plate_lobula_columnar,visual_projection,NA,left,acetylcholine,unknown,NA
LPLC2,720575941413667695,LPLC2,lobula_plate_lobula_columnar,lobula_plate_lobula_columnar,visual_projection,NA,left,acetylcholine,unknown,NA
LPLC2,720575941518381459,LPLC2,lobula_plate_lobula_columnar,lobula_plate_lobula_columnar,visual_projection,NA,left,acetylcholine,unknown,NA
LPLC2,720575941527751078,LPLC2,lobula_plate_lobula_columnar,lobula_plate_lobula_columnar,visual_projection,NA,left,acetylcholine,unknown,NA
LPLC2,720575941510080784,LPLC2,lobula_plate_lobula_columnar,lobula_plate_lobula_columnar,visual_projection,NA,left,acetylcholine,unknown,NA
LPLC2,720575941527985154,LPLC2,lobula_plate_lobula_columnar,lobula_plate_lobula_columnar,visual_projection,NA,left,acetylcholine,unknown,NA
LPLC2,720575941584492639,LPLC2,lobula_plate_lobula_columnar,lobula_plate_lobula_columnar,visual_projection,NA,left,acetylcholine,unknown,NA
LPLC2,720575941614224915,LPLC2,lobula_plate_lobula_columnar,lobula_plate_lobula_columnar,visual_projection,NA,left,acetylcholine,unknown,NA
LPLC2,720575941489229264,LPLC2,lobula_plate_lobula_columnar,lobula_plate_lobula_columnar,visual_projection,NA,left,acetylcholine,unknown,NA
LPLC2,720575941545743292,LPLC2,lobula_plate_lobula_columnar,lobula_plate_lobula_columnar,visual_projection,NA,right,acetylcholine,unknown,NA
LPLC2,720575941535032242,LPLC2,lobula_plate_lobula_columnar,lobula_plate_lobula_columnar,visual_projection,NA,right,acetylcholine,unknown,NA
LPLC2,720575941540213965,LPLC2,lobula_plate_lobula_columnar,lobula_plate_lobula_columnar,visual_projection,NA,left,acetylcholine,unknown,NA
LPLC2,720575941554160923,LPLC2,lobula_plate_lobula_columnar,lobula_plate_lobula_columnar,visual_projection,NA,left,acetylcholine,unknown,NA
LPLC2,720575941522456243,LPLC2,lobula_plate_lobula_columnar,lobula_plate_lobula_columnar,visual_projection,NA,left,acetylcholine,unknown,NA
LPLC2,720575941499953377,LPLC2,lobula_plate_lobula_columnar,lobula_plate_lobula_columnar,visual_projection,NA,left,acetylcholine,unknown,NA
LPLC2,720575941574518088,LPLC2,lobula_plate_lobula_columnar,lobula_plate_lobula_columnar,visual_projection,NA,left,acetylcholine,unknown,NA
LPLC2,720575941467916310,LPLC2,lobula_plate_lobula_columnar,lobula_plate_lobula_columnar,visual_projection,NA,left,acetylcholine,unknown,NA
LPLC2,720575941579757657,LPLC2,lobula_plate_lobula_columnar,lobula_plate_lobula_columnar,visual_projection,NA,left,acetylcholine,unknown,NA
LPLC2,720575941459323376,LPLC2,lobula_plate_lobula_columnar,lobula_plate_lobula_columnar,visual_projection,NA,left,acetylcholine,unknown,NA
LPLC2,720575941519931564,LPLC2,lobula_plate_lobula_columnar,lobula_plate_lobula_columnar,visual_projection,NA,left,acetylcholine,unknown,NA
LPLC2,720575941453083514,LPLC2,lobula_plate_lobula_columnar,lobula_plate_lobula_columnar,visual_projection,NA,left,acetylcholine,unknown,NA
LPLC2,720575941451684686,LPLC2,lobula_plate_lobula_columnar,lobula_plate_lobula_columnar,visual_projection,NA,left,acetylcholine,unknown,NA
LPLC2,720575941472392311,LPLC2,lobula_plate_lobula_columnar,lobula_plate_lobula_columnar,visual_projection,NA,left,acetylcholine,unknown,NA
LPLC2,720575941473243712,LPLC2,lobula_plate_lobula_columnar,lobula_plate_lobula_columnar,visual_projection,NA,left,acetylcholine,unknown,NA
LPLC2,720575941509592449,LPLC2,lobula_plate_lobula_columnar,lobula_plate_lobula_columnar,visual_projection,NA,left,acetylcholine,unknown,NA
LPLC2,720575941402926371,LPLC2,lobula_plate_lobula_columnar,lobula_plate_lobula_columnar,visual_projection,NA,left,acetylcholine,unknown,NA
front_leg_proprioceptor,720575941534721729,SApp23,chordotonal_organ_neuron,front_leg_club_chordotonal_organ_neuron,sensory_ascending,NA,left,acetylcholine,front_leg,NA
front_leg_proprioceptor,720575941668827825,SApp23,chordotonal_organ_neuron,front_leg_club_chordotonal_organ_neuron,sensory_ascending,NA,left,acetylcholine,front_leg,NA
front_leg_proprioceptor,720575941427920632,SApp23,chordotonal_organ_neuron,front_leg_club_chordotonal_organ_neuron,sensory_ascending,NA,right,acetylcholine,front_leg,NA
front_leg_proprioceptor,720575941610928870,SApp23,chordotonal_organ_neuron,front_leg_club_chordotonal_organ_neuron,sensory_ascending,NA,right,acetylcholine,front_leg,NA
front_leg_proprioceptor,720575941688239478,SApp23,chordotonal_organ_neuron,front_leg_club_chordotonal_organ_neuron,sensory_ascending,NA,left,acetylcholine,front_leg,NA
front_leg_proprioceptor,720575941639363871,SApp23,chordotonal_organ_neuron,front_leg_club_chordotonal_organ_neuron,sensory_ascending,NA,right,acetylcholine,front_leg,NA
front_leg_proprioceptor,720575941543603997,SApp23,chordotonal_organ_neuron,front_leg_club_chordotonal_organ_neuron,sensory_ascending,NA,right,acetylcholine,front_leg,NA
front_leg_proprioceptor,720575941478756431,SNpp41,chordotonal_organ_neuron,middle_leg_hook_chordotonal_organ_neuron,sensory,NA,right,acetylcholine,front_leg,NA
front_leg_proprioceptor,720575941483834946,SNpp40,chordotonal_organ_neuron,middle_leg_club_chordotonal_organ_neuron,sensory,NA,right,acetylcholine,front_leg,NA
front_leg_proprioceptor,720575941549178760,SNpp40,chordotonal_organ_neuron,middle_leg_club_chordotonal_organ_neuron,sensory,NA,right,acetylcholine,front_leg,NA
front_leg_proprioceptor,720575941653227541,SNpp41,chordotonal_organ_neuron,middle_leg_hook_chordotonal_organ_neuron,sensory,NA,right,acetylcholine,front_leg,NA
front_leg_proprioceptor,720575941630102725,SNpp57,chordotonal_organ_neuron,middle_leg_club_chordotonal_organ_neuron,sensory,NA,right,acetylcholine,front_leg,NA
front_leg_proprioceptor,720575941579786997,SNpp39,chordotonal_organ_neuron,front_leg_hook_chordotonal_organ_neuron,sensory,NA,NA,acetylcholine,front_leg,NA
front_leg_proprioceptor,720575941595922801,SNpp39,chordotonal_organ_neuron,front_leg_hook_chordotonal_organ_neuron,sensory,NA,left,acetylcholine,front_leg,NA
front_leg_proprioceptor,720575941535938792,SNpp40,chordotonal_organ_neuron,hind_leg_club_chordotonal_organ_neuron,sensory,NA,left,acetylcholine,front_leg,NA
front_leg_proprioceptor,720575941491131854,SNpp52,hair_plate_neuron,front_leg_hair_plate_neuron,sensory,NA,left,acetylcholine,front_leg,NA
front_leg_proprioceptor,720575941459054495,SNpp52,hair_plate_neuron,front_leg_hair_plate_neuron,sensory,NA,left,acetylcholine,front_leg,NA
front_leg_proprioceptor,720575941451454286,unknown_sensory,campaniform_sensillum_neuron,front_leg_campaniform_sensillum_neuron,sensory,NA,left,acetylcholine,front_leg,NA
front_leg_proprioceptor,720575941519987383,SNpp43,chordotonal_organ_neuron,front_leg_club_chordotonal_organ_neuron,sensory,NA,right,acetylcholine,front_leg,NA
front_leg_proprioceptor,720575941439718444,SNpp58,chordotonal_organ_neuron,front_leg_club_chordotonal_organ_neuron,sensory,NA,left,acetylcholine,front_leg,NA
front_leg_proprioceptor,720575941506873916,SNpp39,chordotonal_organ_neuron,front_leg_hook_chordotonal_organ_neuron,sensory,NA,right,acetylcholine,front_leg,NA
front_leg_proprioceptor,720575941551257203,SNpp57,chordotonal_organ_neuron,middle_leg_club_chordotonal_organ_neuron,sensory,NA,left,acetylcholine,front_leg,NA
front_leg_proprioceptor,720575941551528475,unknown_sensory,campaniform_sensillum_neuron,front_leg_bilateral_campaniform_sensillum_neuron,sensory,NA,left,acetylcholine,front_leg,NA
front_leg_proprioceptor,720575941612680109,SNppxx,campaniform_sensillum_neuron,front_leg_campaniform_sensillum_neuron,sensory,NA,right,acetylcholine,front_leg,NA
front_leg_proprioceptor,720575941542576413,SNpp52,hair_plate_neuron,front_leg_hair_plate_neuron,sensory,NA,right,acetylcholine,front_leg,NA
front_leg_proprioceptor,720575941444841130,SNppxx,front_leg_hair_plate_neuron,front_leg_hair_plate_neuron,sensory,NA,right,acetylcholine,front_leg,NA
front_leg_proprioceptor,720575941448316085,SNpp52,hair_plate_neuron,front_leg_hair_plate_neuron,sensory,NA,left,acetylcholine,front_leg,NA
front_leg_proprioceptor,720575941556298323,SNppxx,hair_plate_neuron,front_leg_hair_plate_neuron,sensory,NA,right,acetylcholine,front_leg,NA
front_leg_proprioceptor,720575941624613116,unknown_sensory,hair_plate_neuron,front_leg_hair_plate_neuron,sensory,NA,left,acetylcholine,front_leg,NA
front_leg_proprioceptor,720575941507236165,SNpp52,hair_plate_neuron,front_leg_hair_plate_neuron,sensory,NA,left,acetylcholine,front_leg,NA
front_leg_proprioceptor,720575941431833519,SNppxx,hair_plate_neuron,front_leg_hair_plate_neuron,sensory,NA,right,acetylcholine,front_leg,NA
front_leg_proprioceptor,720575941516533753,SNpp52,front_leg_hair_plate_neuron,front_leg_hair_plate_neuron,sensory,NA,right,acetylcholine,front_leg,NA
front_leg_proprioceptor,720575941506863013,SNppxx,hair_plate_neuron,front_leg_hair_plate_neuron,sensory,NA,right,acetylcholine,front_leg,NA
front_leg_proprioceptor,720575941566973434,SNpp50,chordotonal_organ_neuron,front_leg_claw_chordotonal_organ_neuron,sensory,NA,left,acetylcholine,front_leg,NA
front_leg_proprioceptor,720575941663849596,SNpp45,hair_plate_neuron,front_leg_hair_plate_neuron,sensory,NA,right,acetylcholine,front_leg,NA
front_leg_proprioceptor,720575941514308867,SNxxxx,campaniform_sensillum_neuron,front_leg_campaniform_sensillum_neuron,sensory,NA,right,acetylcholine,front_leg,NA
front_leg_proprioceptor,720575941595563909,SNpp51,chordotonal_organ_neuron,front_leg_claw_chordotonal_organ_neuron,sensory,NA,right,acetylcholine,front_leg,NA
front_leg_proprioceptor,720575941413112212,SNpp50,chordotonal_organ_neuron,front_leg_claw_chordotonal_organ_neuron,sensory,NA,left,acetylcholine,front_leg,NA
front_leg_proprioceptor,720575941529766532,SNpp39,chordotonal_organ_neuron,front_leg_hook_chordotonal_organ_neuron,sensory,NA,right,acetylcholine,front_leg,NA
front_leg_proprioceptor,720575941544751877,SNpp50,chordotonal_organ_neuron,front_leg_claw_chordotonal_organ_neuron,sensory,NA,left,acetylcholine,front_leg,NA
front_leg_proprioceptor,720575941610755686,SNxxxx,campaniform_sensillum_neuron,front_leg_campaniform_sensillum_neuron,sensory,NA,right,acetylcholine,front_leg,NA
front_leg_proprioceptor,720575941461950163,SNppxx,hair_plate_neuron,front_leg_hair_plate_neuron,sensory,NA,right,acetylcholine,front_leg,NA
front_leg_proprioceptor,720575941557956772,SNppxx,hair_plate_neuron,front_leg_hair_plate_neuron,sensory,NA,right,acetylcholine,front_leg,NA
front_leg_proprioceptor,720575941538267107,SNpp45,hair_plate_neuron,front_leg_hair_plate_neuron,sensory,NA,right,acetylcholine,front_leg,NA
front_leg_proprioceptor,720575941478415681,SNppxx,hair_plate_neuron,front_leg_hair_plate_neuron,sensory,NA,right,acetylcholine,front_leg,NA
front_leg_proprioceptor,720575941582296697,SNppxx,campaniform_sensillum_neuron,front_leg_campaniform_sensillum_neuron,sensory,NA,right,acetylcholine,front_leg,NA
front_leg_proprioceptor,720575941463174544,SNppxx,hair_plate_neuron,front_leg_hair_plate_neuron,sensory,NA,right,acetylcholine,front_leg,NA
front_leg_proprioceptor,720575941598954908,SNppxx,hair_plate_neuron,front_leg_hair_plate_neuron,sensory,NA,right,acetylcholine,front_leg,NA
front_leg_proprioceptor,720575941546902633,SNpp45,hair_plate_neuron,front_leg_hair_plate_neuron,sensory,NA,right,gaba,front_leg,NA
front_leg_proprioceptor,720575941471878263,SNpp39,chordotonal_organ_neuron,front_leg_hook_chordotonal_organ_neuron,sensory,NA,right,acetylcholine,front_leg,NA
front_leg_proprioceptor,720575941439042767,SNpp41,chordotonal_organ_neuron,middle_leg_hook_chordotonal_organ_neuron,sensory,NA,right,acetylcholine,front_leg,NA
front_leg_proprioceptor,720575941568187694,SNpp51,chordotonal_organ_neuron,front_leg_claw_chordotonal_organ_neuron,sensory,NA,right,acetylcholine,front_leg,NA
front_leg_proprioceptor,720575941613788703,SNpp51,chordotonal_organ_neuron,front_leg_claw_chordotonal_organ_neuron,sensory,NA,right,acetylcholine,front_leg,NA
front_leg_proprioceptor,720575941476138292,SNxxxx,chordotonal_organ_neuron,front_leg_club_chordotonal_organ_neuron,sensory,NA,right,glutamate,front_leg,NA
front_leg_proprioceptor,720575941506672956,SNpp45,campaniform_sensillum_neuron,front_leg_campaniform_sensillum_neuron,sensory,NA,left,acetylcholine,front_leg,NA
front_leg_proprioceptor,720575941515737235,SNpp41,chordotonal_organ_neuron,middle_leg_hook_chordotonal_organ_neuron,sensory,NA,left,acetylcholine,front_leg,NA
front_leg_proprioceptor,720575941515899459,SNppxx,campaniform_sensillum_neuron,front_leg_campaniform_sensillum_neuron,sensory,NA,left,acetylcholine,front_leg,NA
front_leg_proprioceptor,720575941507004194,SNpp50,chordotonal_organ_neuron,front_leg_claw_chordotonal_organ_neuron,sensory,NA,left,acetylcholine,front_leg,NA
front_leg_proprioceptor,720575941691440091,SNpp39,chordotonal_organ_neuron,front_leg_hook_chordotonal_organ_neuron,sensory,NA,left,acetylcholine,front_leg,NA
front_leg_proprioceptor,720575941539438741,SNpp52,hair_plate_neuron,front_leg_hair_plate_neuron,sensory,NA,left,acetylcholine,front_leg,NA
front_leg_proprioceptor,720575941565519255,SNpp52,hair_plate_neuron,front_leg_hair_plate_neuron,sensory,NA,left,acetylcholine,front_leg,NA
front_leg_proprioceptor,720575941550652415,SNpp45,campaniform_sensillum_neuron,front_leg_campaniform_sensillum_neuron,sensory,NA,left,acetylcholine,front_leg,NA
front_leg_proprioceptor,720575941538058211,SNpp52,front_leg_hair_plate_neuron,front_leg_hair_plate_neuron,sensory,NA,left,acetylcholine,front_leg,NA
front_leg_proprioceptor,720575941682192573,unknown_sensory,campaniform_sensillum_neuron,front_leg_campaniform_sensillum_neuron,sensory,NA,left,acetylcholine,front_leg,NA
front_leg_proprioceptor,720575941679089391,SNxxxx,campaniform_sensillum_neuron,front_leg_campaniform_sensillum_neuron,sensory,NA,left,acetylcholine,front_leg,NA
front_leg_proprioceptor,720575941527089666,SNxxxx,campaniform_sensillum_neuron,front_leg_campaniform_sensillum_neuron,sensory,NA,left,acetylcholine,front_leg,NA
front_leg_proprioceptor,720575941604058046,SNpp50,chordotonal_organ_neuron,front_leg_claw_chordotonal_organ_neuron,sensory,NA,left,acetylcholine,front_leg,NA
front_leg_proprioceptor,720575941611480650,SNxxxx,hair_plate_neuron,front_leg_hair_plate_neuron,sensory,NA,left,acetylcholine,front_leg,NA
front_leg_proprioceptor,720575941530163128,SNpp39,campaniform_sensillum_neuron,front_leg_campaniform_sensillum_neuron,sensory,NA,left,acetylcholine,front_leg,NA
front_leg_proprioceptor,720575941612462332,SNpp41,chordotonal_organ_neuron,front_leg_hook_chordotonal_organ_neuron,sensory,NA,left,acetylcholine,front_leg,NA
front_leg_proprioceptor,720575941457704863,SNpp50,chordotonal_organ_neuron,front_leg_claw_chordotonal_organ_neuron,sensory,NA,left,acetylcholine,front_leg,NA
front_leg_proprioceptor,720575941689664780,SNpp50,chordotonal_organ_neuron,front_leg_claw_chordotonal_organ_neuron,sensory,NA,left,acetylcholine,front_leg,NA
front_leg_proprioceptor,720575941560894247,SNpp50,chordotonal_organ_neuron,front_leg_claw_chordotonal_organ_neuron,sensory,NA,left,acetylcholine,front_leg,NA
front_leg_proprioceptor,720575941541413757,SNpp39,chordotonal_organ_neuron,front_leg_hook_chordotonal_organ_neuron,sensory,NA,left,acetylcholine,front_leg,NA
front_leg_proprioceptor,720575941460957651,SNpp41,chordotonal_organ_neuron,front_leg_hook_chordotonal_organ_neuron,sensory,NA,left,acetylcholine,front_leg,NA
front_leg_proprioceptor,720575941595199525,unknown_sensory,hair_plate_neuron,front_leg_hair_plate_neuron,sensory,NA,left,acetylcholine,front_leg,NA
front_leg_proprioceptor,720575941402626595,SNpp45,campaniform_sensillum_neuron,front_leg_campaniform_sensillum_neuron,sensory,NA,left,acetylcholine,front_leg,NA
front_leg_proprioceptor,720575941525349634,unknown_sensory,hair_plate_neuron,front_leg_hair_plate_neuron,sensory,NA,left,acetylcholine,front_leg,NA
front_leg_proprioceptor,720575941598302364,SNpp52,front_leg_hair_plate_neuron,front_leg_hair_plate_neuron,sensory,NA,left,acetylcholine,front_leg,NA
front_leg_proprioceptor,720575941671484337,SNpp39,chordotonal_organ_neuron,front_leg_hook_chordotonal_organ_neuron,sensory,NA,right,acetylcholine,front_leg,NA
front_leg_proprioceptor,720575941508000069,SNpp39,chordotonal_organ_neuron,front_leg_hook_chordotonal_organ_neuron,sensory,NA,left,acetylcholine,front_leg,NA
front_leg_proprioceptor,720575941444576695,SNpp51,chordotonal_organ_neuron,front_leg_claw_chordotonal_organ_neuron,sensory,NA,right,acetylcholine,front_leg,NA
front_leg_proprioceptor,720575941439213909,SNpp58,chordotonal_organ_neuron,front_leg_club_chordotonal_organ_neuron,sensory,NA,left,acetylcholine,front_leg,NA
front_leg_proprioceptor,720575941545205253,SNpp45,hair_plate_neuron,front_leg_hair_plate_neuron,sensory,NA,right,acetylcholine,front_leg,NA
front_leg_proprioceptor,720575941561487598,SNppxx,campaniform_sensillum_neuron,front_leg_campaniform_sensillum_neuron,sensory,NA,right,acetylcholine,front_leg,NA
front_leg_proprioceptor,720575941468972566,SNxx30,campaniform_sensillum_neuron,front_leg_campaniform_sensillum_neuron,sensory,NA,left,gaba,front_leg,NA
front_leg_proprioceptor,720575941413157847,SNpp47,chordotonal_organ_neuron,front_leg_club_chordotonal_organ_neuron,sensory,NA,right,acetylcholine,front_leg,NA
front_leg_proprioceptor,720575941509287553,SNpp45,hair_plate_neuron,front_leg_hair_plate_neuron,sensory,NA,left,acetylcholine,front_leg,NA
front_leg_proprioceptor,720575941605744062,SNpp51,chordotonal_organ_neuron,front_leg_claw_chordotonal_organ_neuron,sensory,NA,right,acetylcholine,front_leg,NA
front_leg_proprioceptor,720575941505856194,SNxxxx,chordotonal_organ_neuron,front_leg_claw_chordotonal_organ_neuron,sensory,NA,right,gaba,front_leg,NA
front_leg_proprioceptor,720575941499419977,SNpp45,hair_plate_neuron,front_leg_hair_plate_neuron,sensory,NA,right,gaba,front_leg,NA
front_leg_proprioceptor,720575941498087649,SNxxxx,chordotonal_organ_neuron,front_leg_claw_chordotonal_organ_neuron,sensory,NA,right,gaba,front_leg,NA
front_leg_proprioceptor,720575941525823051,SNpp39,chordotonal_organ_neuron,front_leg_hook_chordotonal_organ_neuron,sensory,NA,right,acetylcholine,front_leg,NA
front_leg_proprioceptor,720575941542848604,SNpp45,hair_plate_neuron,front_leg_hair_plate_neuron,sensory,NA,right,gaba,front_leg,NA
front_leg_proprioceptor,720575941689339510,SNppxx,hair_plate_neuron,front_leg_hair_plate_neuron,sensory,NA,right,acetylcholine,front_leg,NA
front_leg_proprioceptor,720575941702235610,SNpp50,chordotonal_organ_neuron,front_leg_claw_chordotonal_organ_neuron,sensory,NA,right,acetylcholine,front_leg,NA
front_leg_proprioceptor,720575941444493495,SNpp51,chordotonal_organ_neuron,front_leg_claw_chordotonal_organ_neuron,sensory,NA,right,acetylcholine,front_leg,NA
front_leg_proprioceptor,720575941704458714,SNpp51,chordotonal_organ_neuron,front_leg_claw_chordotonal_organ_neuron,sensory,NA,right,acetylcholine,front_leg,NA
front_leg_proprioceptor,720575941457596909,SNppxx,campaniform_sensillum_neuron,front_leg_campaniform_sensillum_neuron,sensory,NA,left,acetylcholine,front_leg,NA
front_leg_proprioceptor,720575941495678846,SNpp45,campaniform_sensillum_neuron,front_leg_campaniform_sensillum_neuron,sensory,NA,left,acetylcholine,front_leg,NA
front_leg_proprioceptor,720575941680271037,SNpp50,chordotonal_organ_neuron,front_leg_claw_chordotonal_organ_neuron,sensory,NA,left,acetylcholine,front_leg,NA
front_leg_proprioceptor,720575941596777511,SNpp39,chordotonal_organ_neuron,front_leg_hook_chordotonal_organ_neuron,sensory,NA,left,acetylcholine,front_leg,NA
front_leg_proprioceptor,720575941527407362,SNppxx,campaniform_sensillum_neuron,front_leg_campaniform_sensillum_neuron,sensory,NA,left,acetylcholine,front_leg,NA
front_leg_proprioceptor,720575941477624544,SNpp40,chordotonal_organ_neuron,front_leg_club_chordotonal_organ_neuron,sensory,NA,right,acetylcholine,front_leg,NA
front_leg_proprioceptor,720575941354084144,SNpp39,chordotonal_organ_neuron,front_leg_hook_chordotonal_organ_neuron,sensory,NA,left,acetylcholine,front_leg,NA
front_leg_proprioceptor,720575941560944429,SNpp53,campaniform_sensillum_neuron,front_leg_campaniform_sensillum_neuron,sensory,NA,left,gaba,front_leg,NA
front_leg_proprioceptor,720575941627008458,SNppxx,campaniform_sensillum_neuron,front_leg_campaniform_sensillum_neuron,sensory,NA,right,acetylcholine,front_leg,NA
front_leg_proprioceptor,720575941560533486,SNpp52,hair_plate_neuron,front_leg_hair_plate_neuron,sensory,NA,right,acetylcholine,front_leg,NA
front_leg_proprioceptor,720575941481093885,SNpp51,chordotonal_organ_neuron,front_leg_claw_chordotonal_organ_neuron,sensory,NA,right,acetylcholine,front_leg,NA
front_leg_proprioceptor,720575941583573599,SNpp50,chordotonal_organ_neuron,front_leg_claw_chordotonal_organ_neuron,sensory,NA,right,acetylcholine,front_leg,NA
front_leg_proprioceptor,720575941430177161,SNpp41,chordotonal_organ_neuron,front_leg_hook_chordotonal_organ_neuron,sensory,NA,right,acetylcholine,front_leg,NA
front_leg_proprioceptor,720575941506133271,SNpp39,chordotonal_organ_neuron,front_leg_hook_chordotonal_organ_neuron,sensory,NA,right,acetylcholine,front_leg,NA
front_leg_proprioceptor,720575941633111968,SNpp39,chordotonal_organ_neuron,front_leg_hook_chordotonal_organ_neuron,sensory,NA,left,acetylcholine,front_leg,NA
front_leg_proprioceptor,720575941488470224,SNxxxx,chordotonal_organ_neuron,front_leg_chordotonal_organ_neuron,sensory,NA,right,gaba,front_leg,NA
front_leg_proprioceptor,720575941551004415,SNpp39,chordotonal_organ_neuron,front_leg_hook_chordotonal_organ_neuron,sensory,NA,left,acetylcholine,front_leg,NA
front_leg_proprioceptor,720575941537137930,SNpp59,chordotonal_organ_neuron,front_leg_club_chordotonal_organ_neuron,sensory,NA,left,acetylcholine,front_leg,NA
front_leg_proprioceptor,720575941557736356,SNpp45,hair_plate_neuron,front_leg_hair_plate_neuron,sensory,NA,left,acetylcholine,front_leg,NA
front_leg_proprioceptor,720575941452949929,SNxxxx,chordotonal_organ_neuron,front_leg_club_chordotonal_organ_neuron,sensory,NA,left,acetylcholine,front_leg,NA
front_leg_proprioceptor,720575941668780209,SNppxx,hair_plate_neuron,front_leg_hair_plate_neuron,sensory,NA,right,acetylcholine,front_leg,NA
front_leg_proprioceptor,720575941498411170,SNpp60,chordotonal_organ_neuron,front_leg_club_chordotonal_organ_neuron,sensory,NA,left,acetylcholine,front_leg,NA
front_leg_proprioceptor,720575941497876352,SNpp39,chordotonal_organ_neuron,front_leg_hook_chordotonal_organ_neuron,sensory,NA,left,acetylcholine,front_leg,NA
front_leg_proprioceptor,720575941505092517,unknown_sensory,campaniform_sensillum_neuron,front_leg_bilateral_campaniform_sensillum_neuron,sensory,NA,right,acetylcholine,front_leg,NA
front_leg_proprioceptor,720575941527464269,SNxxxx,campaniform_sensillum_neuron,front_leg_campaniform_sensillum_neuron,sensory,NA,left,gaba,front_leg,NA
front_leg_proprioceptor,720575941495192519,SNpp50,chordotonal_organ_neuron,front_leg_claw_chordotonal_organ_neuron,sensory,NA,right,acetylcholine,front_leg,NA
front_leg_proprioceptor,720575941499209851,SNxxxx,campaniform_sensillum_neuron,front_leg_campaniform_sensillum_neuron,sensory,NA,left,acetylcholine,front_leg,NA
front_leg_proprioceptor,720575941507236993,SNpp47,chordotonal_organ_neuron,front_leg_club_chordotonal_organ_neuron,sensory,NA,right,acetylcholine,front_leg,NA
front_leg_proprioceptor,720575941625411210,SNpp51,chordotonal_organ_neuron,front_leg_claw_chordotonal_organ_neuron,sensory,NA,right,acetylcholine,front_leg,NA
front_leg_proprioceptor,720575941525391526,SNpp59,chordotonal_organ_neuron,front_leg_club_chordotonal_organ_neuron,sensory,NA,left,acetylcholine,front_leg,NA
front_leg_proprioceptor,720575941582658169,SNxx30,campaniform_sensillum_neuron,front_leg_campaniform_sensillum_neuron,sensory,NA,right,acetylcholine,front_leg,NA
front_leg_proprioceptor,720575941391853572,SNpp51,chordotonal_organ_neuron,front_leg_claw_chordotonal_organ_neuron,sensory,NA,right,acetylcholine,front_leg,NA
front_leg_proprioceptor,720575941531246116,SNpp44,chordotonal_organ_neuron,front_leg_club_chordotonal_organ_neuron,sensory,NA,right,gaba,front_leg,NA
front_leg_proprioceptor,720575941532130021,SNpp43,chordotonal_organ_neuron,front_leg_club_chordotonal_organ_neuron,sensory,NA,right,acetylcholine,front_leg,NA
front_leg_proprioceptor,720575941532111908,SNxxxx,chordotonal_organ_neuron,front_leg_chordotonal_organ_neuron,sensory,NA,right,gaba,front_leg,NA
front_leg_proprioceptor,720575941532146212,SNpp60,chordotonal_organ_neuron,front_leg_club_chordotonal_organ_neuron,sensory,NA,right,acetylcholine,front_leg,NA
front_leg_proprioceptor,720575941428331860,SNxxxx,chordotonal_organ_neuron,front_leg_chordotonal_organ_neuron,sensory,NA,right,gaba,front_leg,NA
front_leg_proprioceptor,720575941532184100,SNpp60,chordotonal_organ_neuron,front_leg_club_chordotonal_organ_neuron,sensory,NA,right,acetylcholine,front_leg,NA
front_leg_proprioceptor,720575941491397833,SNxxxx,chordotonal_organ_neuron,front_leg_chordotonal_organ_neuron,sensory,NA,right,NA,front_leg,NA
front_leg_proprioceptor,720575941532235556,SNpp47,chordotonal_organ_neuron,front_leg_club_chordotonal_organ_neuron,sensory,NA,right,acetylcholine,front_leg,NA
front_leg_proprioceptor,720575941615009945,SNpp52,hair_plate_neuron,front_leg_hair_plate_neuron,sensory,NA,right,acetylcholine,front_leg,NA
front_leg_proprioceptor,720575941593424424,SNpp45,hair_plate_neuron,front_leg_hair_plate_neuron,sensory,NA,right,gaba,front_leg,NA
front_leg_proprioceptor,720575941491825353,SNppxx,chordotonal_organ_neuron,front_leg_hook_chordotonal_organ_neuron,sensory,NA,right,acetylcholine,front_leg,NA
front_leg_proprioceptor,720575941545403141,SNpp47,chordotonal_organ_neuron,front_leg_club_chordotonal_organ_neuron,sensory,NA,right,acetylcholine,front_leg,NA
front_leg_proprioceptor,720575941589736702,SNxxxx,campaniform_sensillum_neuron,front_leg_campaniform_sensillum_neuron,sensory,NA,right,acetylcholine,front_leg,NA
front_leg_proprioceptor,720575941558870052,SNxxxx,campaniform_sensillum_neuron,front_leg_campaniform_sensillum_neuron,sensory,NA,right,acetylcholine,front_leg,NA
front_leg_proprioceptor,720575941689654284,SNpp50,chordotonal_organ_neuron,front_leg_claw_chordotonal_organ_neuron,sensory,NA,right,acetylcholine,front_leg,NA
front_leg_proprioceptor,720575941473849898,SNpp51,chordotonal_organ_neuron,front_leg_claw_chordotonal_organ_neuron,sensory,NA,right,acetylcholine,front_leg,NA
front_leg_proprioceptor,720575941570572282,SNpp39,chordotonal_organ_neuron,front_leg_hook_chordotonal_organ_neuron,sensory,NA,right,acetylcholine,front_leg,NA
front_leg_proprioceptor,720575941657968464,SNpp43,chordotonal_organ_neuron,front_leg_club_chordotonal_organ_neuron,sensory,NA,right,acetylcholine,front_leg,NA
front_leg_proprioceptor,720575941544701957,SNpp41,chordotonal_organ_neuron,front_leg_hook_chordotonal_organ_neuron,sensory,NA,right,acetylcholine,front_leg,NA
front_leg_proprioceptor,720575941514711299,SNpp44,chordotonal_organ_neuron,front_leg_hook_chordotonal_organ_neuron,sensory,NA,right,acetylcholine,front_leg,NA
front_leg_proprioceptor,720575941533476132,SNpp43,chordotonal_organ_neuron,front_leg_club_chordotonal_organ_neuron,sensory,NA,right,acetylcholine,front_leg,NA
front_leg_proprioceptor,720575941616493013,SNpp40,chordotonal_organ_neuron,front_leg_club_chordotonal_organ_neuron,sensory,NA,right,acetylcholine,front_leg,NA
front_leg_proprioceptor,720575941601865769,SNppxx,campaniform_sensillum_neuron,front_leg_campaniform_sensillum_neuron,sensory,NA,right,acetylcholine,front_leg,NA
front_leg_proprioceptor,720575941432154071,SNpp52,hair_plate_neuron,front_leg_hair_plate_neuron,sensory,NA,right,acetylcholine,front_leg,NA
front_leg_proprioceptor,720575941483384515,SNpp51,chordotonal_organ_neuron,front_leg_claw_chordotonal_organ_neuron,sensory,NA,right,acetylcholine,front_leg,NA
front_leg_proprioceptor,720575941533655844,SNpp60,chordotonal_organ_neuron,front_leg_club_chordotonal_organ_neuron,sensory,NA,right,acetylcholine,front_leg,NA
front_leg_proprioceptor,720575941533658660,SNpp60,chordotonal_organ_neuron,front_leg_club_chordotonal_organ_neuron,sensory,NA,right,acetylcholine,front_leg,NA
front_leg_proprioceptor,720575941613462035,SNpp60,chordotonal_organ_neuron,front_leg_club_chordotonal_organ_neuron,sensory,NA,right,acetylcholine,front_leg,NA
front_leg_proprioceptor,720575941533661220,SNpp51,chordotonal_organ_neuron,front_leg_claw_chordotonal_organ_neuron,sensory,NA,right,acetylcholine,front_leg,NA
front_leg_proprioceptor,720575941541645949,SNpp39,chordotonal_organ_neuron,front_leg_hook_chordotonal_organ_neuron,sensory,NA,right,acetylcholine,front_leg,NA
front_leg_proprioceptor,720575941533663268,SNpp47,chordotonal_organ_neuron,front_leg_club_chordotonal_organ_neuron,sensory,NA,right,acetylcholine,front_leg,NA
front_leg_proprioceptor,720575941533663524,SNpp47,chordotonal_organ_neuron,front_leg_club_chordotonal_organ_neuron,sensory,NA,right,acetylcholine,front_leg,NA
front_leg_proprioceptor,720575941528074009,SNxxxx,campaniform_sensillum_neuron,front_leg_campaniform_sensillum_neuron,sensory,NA,right,gaba,front_leg,NA
front_leg_proprioceptor,720575941431310551,SNpp43,chordotonal_organ_neuron,front_leg_club_chordotonal_organ_neuron,sensory,NA,right,acetylcholine,front_leg,NA
front_leg_proprioceptor,720575941533708836,SNxxxx,chordotonal_organ_neuron,front_leg_chordotonal_organ_neuron,sensory,NA,right,acetylcholine,front_leg,NA
front_leg_proprioceptor,720575941590341516,SNpp43,chordotonal_organ_neuron,front_leg_club_chordotonal_organ_neuron,sensory,NA,right,acetylcholine,front_leg,NA
front_leg_proprioceptor,720575941533709348,SNpp43,chordotonal_organ_neuron,front_leg_club_chordotonal_organ_neuron,sensory,NA,right,acetylcholine,front_leg,NA
front_leg_proprioceptor,720575941533709604,SNxxxx,chordotonal_organ_neuron,front_leg_chordotonal_organ_neuron,sensory,NA,right,gaba,front_leg,NA
front_leg_proprioceptor,720575941533709860,SNxxxx,chordotonal_organ_neuron,front_leg_chordotonal_organ_neuron,sensory,NA,right,acetylcholine,front_leg,NA
front_leg_proprioceptor,720575941533710628,SNpp40,chordotonal_organ_neuron,front_leg_club_chordotonal_organ_neuron,sensory,NA,right,acetylcholine,front_leg,NA
front_leg_proprioceptor,720575941667398387,SNpp41,chordotonal_organ_neuron,front_leg_hook_chordotonal_organ_neuron,sensory,NA,right,acetylcholine,front_leg,NA
front_leg_proprioceptor,720575941533711396,SNxxxx,chordotonal_organ_neuron,front_leg_chordotonal_organ_neuron,sensory,NA,right,acetylcholine,front_leg,NA
front_leg_proprioceptor,720575941533711908,SNpp44,chordotonal_organ_neuron,front_leg_club_chordotonal_organ_neuron,sensory,NA,right,acetylcholine,front_leg,NA
front_leg_proprioceptor,720575941566060386,unknown_sensory,campaniform_sensillum_neuron,front_leg_campaniform_sensillum_neuron,sensory,NA,left,acetylcholine,front_leg,NA
front_leg_proprioceptor,720575941534281738,SNpp60,chordotonal_organ_neuron,front_leg_club_chordotonal_organ_neuron,sensory,NA,left,acetylcholine,front_leg,NA
front_leg_proprioceptor,720575941687076079,SNpp59,chordotonal_organ_neuron,front_leg_club_chordotonal_organ_neuron,sensory,NA,left,acetylcholine,front_leg,NA
front_leg_proprioceptor,720575941655192788,SNpp60,chordotonal_organ_neuron,front_leg_club_chordotonal_organ_neuron,sensory,NA,right,acetylcholine,front_leg,NA
front_leg_proprioceptor,720575941616257177,SNxxxx,campaniform_sensillum_neuron,front_leg_campaniform_sensillum_neuron,sensory,NA,left,acetylcholine,front_leg,NA
front_leg_proprioceptor,720575941494637182,SNxxxx,campaniform_sensillum_neuron,front_leg_campaniform_sensillum_neuron,sensory,NA,left,acetylcholine,front_leg,NA
front_leg_proprioceptor,720575941543148549,SNpp60,chordotonal_organ_neuron,front_leg_club_chordotonal_organ_neuron,sensory,NA,left,acetylcholine,front_leg,NA
front_leg_proprioceptor,720575941543600100,SNpp60,chordotonal_organ_neuron,front_leg_club_chordotonal_organ_neuron,sensory,NA,right,acetylcholine,front_leg,NA
front_leg_proprioceptor,720575941543600612,SNpp47,chordotonal_organ_neuron,front_leg_club_chordotonal_organ_neuron,sensory,NA,right,acetylcholine,front_leg,NA
front_leg_proprioceptor,720575941518526830,SNpp47,chordotonal_organ_neuron,front_leg_club_chordotonal_organ_neuron,sensory,NA,right,acetylcholine,front_leg,NA
front_leg_proprioceptor,720575941544177124,SNpp47,chordotonal_organ_neuron,front_leg_club_chordotonal_organ_neuron,sensory,NA,right,acetylcholine,front_leg,NA
front_leg_proprioceptor,720575941544192740,SNpp47,chordotonal_organ_neuron,front_leg_club_chordotonal_organ_neuron,sensory,NA,right,acetylcholine,front_leg,NA
front_leg_proprioceptor,720575941546962721,SNpp41,chordotonal_organ_neuron,front_leg_hook_chordotonal_organ_neuron,sensory,NA,left,acetylcholine,front_leg,NA
front_leg_proprioceptor,720575941573480094,SNpp39,chordotonal_organ_neuron,front_leg_hook_chordotonal_organ_neuron,sensory,NA,left,acetylcholine,front_leg,NA
front_leg_proprioceptor,720575941549508095,SNpp56,chordotonal_organ_neuron,front_leg_club_chordotonal_organ_neuron,sensory,NA,right,acetylcholine,front_leg,NA
front_leg_proprioceptor,720575941628366649,SNpp45,hair_plate_neuron,front_leg_hair_plate_neuron,sensory,NA,right,acetylcholine,front_leg,NA
front_leg_proprioceptor,720575941449784413,SNpp53,campaniform_sensillum_neuron,front_leg_campaniform_sensillum_neuron,sensory,NA,right,acetylcholine,front_leg,NA
front_leg_proprioceptor,720575941554358355,unknown_sensory,campaniform_sensillum_neuron,front_leg_bilateral_campaniform_sensillum_neuron,sensory,NA,left,acetylcholine,front_leg,NA
front_leg_proprioceptor,720575941413625455,SNppxx,campaniform_sensillum_neuron,front_leg_campaniform_sensillum_neuron,sensory,NA,right,acetylcholine,front_leg,NA
front_leg_proprioceptor,720575941519296428,SNppxx,chordotonal_organ_neuron,front_leg_claw_chordotonal_organ_neuron,sensory,NA,left,acetylcholine,front_leg,NA
front_leg_proprioceptor,720575941612150858,SNpp39,chordotonal_organ_neuron,front_leg_hook_chordotonal_organ_neuron,sensory,NA,left,acetylcholine,front_leg,NA
front_leg_proprioceptor,720575941538745059,SNpp39,chordotonal_organ_neuron,front_leg_hook_chordotonal_organ_neuron,sensory,NA,left,acetylcholine,front_leg,NA
front_leg_proprioceptor,720575941560895015,SNxxxx,chordotonal_organ_neuron,front_leg_club_chordotonal_organ_neuron,sensory,NA,left,acetylcholine,front_leg,NA
front_leg_proprioceptor,720575941656675540,SNpp57,chordotonal_organ_neuron,front_leg_club_chordotonal_organ_neuron,sensory,NA,left,acetylcholine,front_leg,NA
front_leg_proprioceptor,720575941478068529,SNpp39,chordotonal_organ_neuron,front_leg_hook_chordotonal_organ_neuron,sensory,NA,left,acetylcholine,front_leg,NA
front_leg_proprioceptor,720575941520052140,SNpp59,chordotonal_organ_neuron,front_leg_club_chordotonal_organ_neuron,sensory,NA,left,acetylcholine,front_leg,NA
front_leg_proprioceptor,720575941562182695,SNxxxx,chordotonal_organ_neuron,front_leg_chordotonal_organ_neuron,sensory,NA,left,gaba,front_leg,NA
front_leg_proprioceptor,720575941562182951,SNpp47,chordotonal_organ_neuron,front_leg_club_chordotonal_organ_neuron,sensory,NA,left,acetylcholine,front_leg,NA
front_leg_proprioceptor,720575941600978729,SNxxxx,chordotonal_organ_neuron,front_leg_chordotonal_organ_neuron,sensory,NA,left,NA,front_leg,NA
front_leg_proprioceptor,720575941562201383,SNpp59,chordotonal_organ_neuron,front_leg_club_chordotonal_organ_neuron,sensory,NA,left,acetylcholine,front_leg,NA
front_leg_proprioceptor,720575941548964669,SNpp58,chordotonal_organ_neuron,front_leg_club_chordotonal_organ_neuron,sensory,NA,left,acetylcholine,front_leg,NA
front_leg_proprioceptor,720575941466537238,SNpp59,chordotonal_organ_neuron,front_leg_club_chordotonal_organ_neuron,sensory,NA,left,acetylcholine,front_leg,NA
front_leg_proprioceptor,720575941549932093,SNpp50,chordotonal_organ_neuron,front_leg_claw_chordotonal_organ_neuron,sensory,NA,left,acetylcholine,front_leg,NA
front_leg_proprioceptor,720575941560758643,SNppxx,chordotonal_organ_neuron,front_leg_club_chordotonal_organ_neuron,sensory,NA,left,acetylcholine,front_leg,NA
front_leg_proprioceptor,720575941562675602,SNpp60,chordotonal_organ_neuron,front_leg_club_chordotonal_organ_neuron,sensory,NA,right,acetylcholine,front_leg,NA
front_leg_proprioceptor,720575941582029689,SNpp39,chordotonal_organ_neuron,front_leg_hook_chordotonal_organ_neuron,sensory,NA,right,acetylcholine,front_leg,NA
front_leg_proprioceptor,720575941574731165,SNpp41,chordotonal_organ_neuron,front_leg_hook_chordotonal_organ_neuron,sensory,NA,right,acetylcholine,front_leg,NA
front_leg_proprioceptor,720575941409738287,SNppxx,campaniform_sensillum_neuron,front_leg_campaniform_sensillum_neuron,sensory,NA,right,acetylcholine,front_leg,NA
front_leg_proprioceptor,720575941565452951,SNpp60,chordotonal_organ_neuron,front_leg_club_chordotonal_organ_neuron,sensory,NA,right,acetylcholine,front_leg,NA
front_leg_proprioceptor,720575941579312761,SNpp59,chordotonal_organ_neuron,front_leg_club_chordotonal_organ_neuron,sensory,NA,left,acetylcholine,front_leg,NA
front_leg_proprioceptor,720575941508274967,SNpp60,chordotonal_organ_neuron,front_leg_club_chordotonal_organ_neuron,sensory,NA,left,acetylcholine,front_leg,NA
front_leg_proprioceptor,720575941508835457,SNpp52,campaniform_sensillum_neuron,front_leg_campaniform_sensillum_neuron,sensory,NA,right,acetylcholine,front_leg,NA
front_leg_proprioceptor,720575941478502209,SNppxx,chordotonal_organ_neuron,front_leg_claw_chordotonal_organ_neuron,sensory,NA,left,acetylcholine,front_leg,NA
front_leg_proprioceptor,720575941506291269,SNpp57,chordotonal_organ_neuron,front_leg_club_chordotonal_organ_neuron,sensory,NA,left,acetylcholine,front_leg,NA
front_leg_proprioceptor,720575941588502405,SNpp60,chordotonal_organ_neuron,front_leg_club_chordotonal_organ_neuron,sensory,NA,left,acetylcholine,front_leg,NA
front_leg_proprioceptor,720575941549056061,SNpp57,chordotonal_organ_neuron,front_leg_club_chordotonal_organ_neuron,sensory,NA,left,acetylcholine,front_leg,NA
front_leg_proprioceptor,720575941588503173,SNpp59,chordotonal_organ_neuron,front_leg_club_chordotonal_organ_neuron,sensory,NA,left,acetylcholine,front_leg,NA
front_leg_proprioceptor,720575941588503429,SNpp47,chordotonal_organ_neuron,front_leg_club_chordotonal_organ_neuron,sensory,NA,left,acetylcholine,front_leg,NA
front_leg_proprioceptor,720575941551167604,SNpp47,chordotonal_organ_neuron,front_leg_club_chordotonal_organ_neuron,sensory,NA,left,acetylcholine,front_leg,NA
front_leg_proprioceptor,720575941640337269,SNpp44,chordotonal_organ_neuron,front_leg_hook_chordotonal_organ_neuron,sensory,NA,left,acetylcholine,front_leg,NA
front_leg_proprioceptor,720575941409732399,unknown_sensory,campaniform_sensillum_neuron,front_leg_campaniform_sensillum_neuron,sensory,NA,left,acetylcholine,front_leg,NA
front_leg_proprioceptor,720575941588534917,SNpp59,chordotonal_organ_neuron,front_leg_club_chordotonal_organ_neuron,sensory,NA,left,acetylcholine,front_leg,NA
front_leg_proprioceptor,720575941589773566,SNpp50,chordotonal_organ_neuron,front_leg_claw_chordotonal_organ_neuron,sensory,NA,left,acetylcholine,front_leg,NA
front_leg_proprioceptor,720575941473832544,SNpp50,chordotonal_organ_neuron,front_leg_claw_chordotonal_organ_neuron,sensory,NA,left,acetylcholine,front_leg,NA
front_leg_proprioceptor,720575941612214758,SNppxx,chordotonal_organ_neuron,front_leg_club_chordotonal_organ_neuron,sensory,NA,left,acetylcholine,front_leg,NA
front_leg_proprioceptor,720575941577505640,SNpp50,chordotonal_organ_neuron,front_leg_claw_chordotonal_organ_neuron,sensory,NA,left,acetylcholine,front_leg,NA
front_leg_proprioceptor,720575941567640935,SNpp60,chordotonal_organ_neuron,front_leg_club_chordotonal_organ_neuron,sensory,NA,left,acetylcholine,front_leg,NA
front_leg_proprioceptor,720575941517946540,SNpp60,chordotonal_organ_neuron,front_leg_club_chordotonal_organ_neuron,sensory,NA,left,acetylcholine,front_leg,NA
front_leg_proprioceptor,720575941404746352,SNxxxx,chordotonal_organ_neuron,front_leg_club_chordotonal_organ_neuron,sensory,NA,left,acetylcholine,front_leg,NA
front_leg_proprioceptor,720575941643984229,SNpp60,chordotonal_organ_neuron,front_leg_club_chordotonal_organ_neuron,sensory,NA,left,acetylcholine,front_leg,NA
front_leg_proprioceptor,720575941545449065,SNpp50,chordotonal_organ_neuron,front_leg_claw_chordotonal_organ_neuron,sensory,NA,left,acetylcholine,front_leg,NA
front_leg_proprioceptor,720575941439717676,SNpp39,chordotonal_organ_neuron,front_leg_hook_chordotonal_organ_neuron,sensory,NA,left,acetylcholine,front_leg,NA
front_leg_proprioceptor,720575941591225128,SNpp60,chordotonal_organ_neuron,front_leg_club_chordotonal_organ_neuron,sensory,NA,left,acetylcholine,front_leg,NA
front_leg_proprioceptor,720575941593192305,SNpp47,chordotonal_organ_neuron,front_leg_club_chordotonal_organ_neuron,sensory,NA,right,acetylcholine,front_leg,NA
front_leg_proprioceptor,720575941475099744,SNppxx,chordotonal_organ_neuron,front_leg_hook_chordotonal_organ_neuron,sensory,NA,right,acetylcholine,front_leg,NA
front_leg_proprioceptor,720575941597694761,SNxxxx,campaniform_sensillum_neuron,front_leg_campaniform_sensillum_neuron,sensory,NA,right,gaba,front_leg,NA
front_leg_proprioceptor,720575941601136374,SNpp43,chordotonal_organ_neuron,front_leg_club_chordotonal_organ_neuron,sensory,NA,right,acetylcholine,front_leg,NA
front_leg_proprioceptor,720575941602290366,SNxxxx,chordotonal_organ_neuron,front_leg_chordotonal_organ_neuron,sensory,NA,left,gaba,front_leg,NA
front_leg_proprioceptor,720575941644934856,SNpp50,chordotonal_organ_neuron,front_leg_claw_chordotonal_organ_neuron,sensory,NA,left,acetylcholine,front_leg,NA
front_leg_proprioceptor,720575941462409939,SNpp39,chordotonal_organ_neuron,front_leg_hook_chordotonal_organ_neuron,sensory,NA,right,acetylcholine,front_leg,NA
front_leg_proprioceptor,720575941638984565,SNpp44,chordotonal_organ_neuron,front_leg_club_chordotonal_organ_neuron,sensory,NA,right,acetylcholine,front_leg,NA
front_leg_proprioceptor,720575941609969226,SNpp53,campaniform_sensillum_neuron,front_leg_bilateral_campaniform_sensillum_neuron,sensory,NA,right,acetylcholine,front_leg,NA
front_leg_proprioceptor,720575941640168479,SNpp57,chordotonal_organ_neuron,front_leg_club_chordotonal_organ_neuron,sensory,NA,left,acetylcholine,front_leg,NA
front_leg_proprioceptor,720575941565115655,unknown_sensory,hair_plate_neuron,front_leg_hair_plate_neuron,sensory,NA,left,acetylcholine,front_leg,NA
front_leg_proprioceptor,720575941612455676,SNpp41,chordotonal_organ_neuron,front_leg_hook_chordotonal_organ_neuron,sensory,NA,left,acetylcholine,front_leg,NA
front_leg_proprioceptor,720575941559126287,SNpp41,chordotonal_organ_neuron,front_leg_hook_chordotonal_organ_neuron,sensory,NA,left,acetylcholine,front_leg,NA
front_leg_proprioceptor,720575941497396347,SNpp60,chordotonal_organ_neuron,front_leg_club_chordotonal_organ_neuron,sensory,NA,left,acetylcholine,front_leg,NA
front_leg_proprioceptor,720575941612657404,SNxxxx,chordotonal_organ_neuron,front_leg_club_chordotonal_organ_neuron,sensory,NA,left,gaba,front_leg,NA
front_leg_proprioceptor,720575941561612915,SNpp39,chordotonal_organ_neuron,front_leg_hook_chordotonal_organ_neuron,sensory,NA,left,acetylcholine,front_leg,NA
front_leg_proprioceptor,720575941614551772,SNpp59,chordotonal_organ_neuron,front_leg_club_chordotonal_organ_neuron,sensory,NA,left,acetylcholine,front_leg,NA
front_leg_proprioceptor,720575941583523935,SNpp47,chordotonal_organ_neuron,front_leg_club_chordotonal_organ_neuron,sensory,NA,left,acetylcholine,front_leg,NA
front_leg_proprioceptor,720575941521039283,SNpp60,chordotonal_organ_neuron,front_leg_club_chordotonal_organ_neuron,sensory,NA,left,acetylcholine,front_leg,NA
front_leg_proprioceptor,720575941594333733,SNpp57,chordotonal_organ_neuron,front_leg_club_chordotonal_organ_neuron,sensory,NA,left,acetylcholine,front_leg,NA
front_leg_proprioceptor,720575941540132221,SNpp50,chordotonal_organ_neuron,front_leg_claw_chordotonal_organ_neuron,sensory,NA,left,acetylcholine,front_leg,NA
front_leg_proprioceptor,720575941508505729,SNpp59,chordotonal_organ_neuron,front_leg_club_chordotonal_organ_neuron,sensory,NA,left,acetylcholine,front_leg,NA
front_leg_proprioceptor,720575941455760877,SNpp50,chordotonal_organ_neuron,front_leg_claw_chordotonal_organ_neuron,sensory,NA,left,acetylcholine,front_leg,NA
front_leg_proprioceptor,720575941431920993,SNpp59,chordotonal_organ_neuron,front_leg_club_chordotonal_organ_neuron,sensory,NA,left,acetylcholine,front_leg,NA
front_leg_proprioceptor,720575941691903640,SNpp39,chordotonal_organ_neuron,front_leg_hook_chordotonal_organ_neuron,sensory,NA,right,acetylcholine,front_leg,NA
front_leg_proprioceptor,720575941663343160,SNpp39,chordotonal_organ_neuron,front_leg_hook_chordotonal_organ_neuron,sensory,NA,right,acetylcholine,front_leg,NA
front_leg_proprioceptor,720575941507364386,SNxxxx,chordotonal_organ_neuron,front_leg_claw_chordotonal_organ_neuron,sensory,NA,right,acetylcholine,front_leg,NA
front_leg_proprioceptor,720575941480585346,SNpp51,chordotonal_organ_neuron,front_leg_claw_chordotonal_organ_neuron,sensory,NA,right,acetylcholine,front_leg,NA
front_leg_proprioceptor,720575941565674752,SNpp44,campaniform_sensillum_neuron,front_leg_campaniform_sensillum_neuron,sensory,NA,NA,acetylcholine,front_leg,NA
front_leg_proprioceptor,720575941626613817,SNppxx,front_leg_hair_plate_neuron,front_leg_hair_plate_neuron,sensory,NA,right,acetylcholine,front_leg,NA
front_leg_proprioceptor,720575941615782675,SNpp39,chordotonal_organ_neuron,front_leg_hook_chordotonal_organ_neuron,sensory,NA,left,acetylcholine,front_leg,NA
front_leg_proprioceptor,720575941631165627,SNpp59,chordotonal_organ_neuron,front_leg_club_chordotonal_organ_neuron,sensory,NA,left,acetylcholine,front_leg,NA
front_leg_proprioceptor,720575941439451477,SNpp50,chordotonal_organ_neuron,front_leg_claw_chordotonal_organ_neuron,sensory,NA,left,acetylcholine,front_leg,NA
front_leg_proprioceptor,720575941448826805,SNpp50,chordotonal_organ_neuron,front_leg_claw_chordotonal_organ_neuron,sensory,NA,left,acetylcholine,front_leg,NA
front_leg_proprioceptor,720575941657053396,SNpp39,chordotonal_organ_neuron,front_leg_hook_chordotonal_organ_neuron,sensory,NA,right,acetylcholine,front_leg,NA
front_leg_proprioceptor,720575941433022990,SNpp44,chordotonal_organ_neuron,front_leg_club_chordotonal_organ_neuron,sensory,NA,right,acetylcholine,front_leg,NA
front_leg_proprioceptor,720575941583568479,SNpp50,chordotonal_organ_neuron,front_leg_claw_chordotonal_organ_neuron,sensory,NA,left,acetylcholine,front_leg,NA
front_leg_proprioceptor,720575941480772431,SNpp59,chordotonal_organ_neuron,front_leg_club_chordotonal_organ_neuron,sensory,NA,left,acetylcholine,front_leg,NA
front_leg_proprioceptor,720575941573650077,SNpp58,chordotonal_organ_neuron,front_leg_club_chordotonal_organ_neuron,sensory,NA,left,acetylcholine,front_leg,NA
front_leg_proprioceptor,720575941413320337,SNxxxx,chordotonal_organ_neuron,front_leg_club_chordotonal_organ_neuron,sensory,NA,left,acetylcholine,front_leg,NA
front_leg_proprioceptor,720575941670298330,SNpp59,chordotonal_organ_neuron,front_leg_club_chordotonal_organ_neuron,sensory,NA,left,acetylcholine,front_leg,NA
front_leg_proprioceptor,720575941670298586,SNpp59,chordotonal_organ_neuron,front_leg_club_chordotonal_organ_neuron,sensory,NA,left,acetylcholine,front_leg,NA
front_leg_proprioceptor,720575941538144405,SNxxxx,chordotonal_organ_neuron,front_leg_club_chordotonal_organ_neuron,sensory,NA,left,gaba,front_leg,NA
front_leg_proprioceptor,720575941578935029,SNpp50,chordotonal_organ_neuron,front_leg_claw_chordotonal_organ_neuron,sensory,NA,left,acetylcholine,front_leg,NA
front_leg_proprioceptor,720575941670332634,SNpp47,chordotonal_organ_neuron,front_leg_club_chordotonal_organ_neuron,sensory,NA,left,acetylcholine,front_leg,NA
front_leg_proprioceptor,720575941670332890,SNpp60,chordotonal_organ_neuron,front_leg_club_chordotonal_organ_neuron,sensory,NA,left,acetylcholine,front_leg,NA
front_leg_proprioceptor,720575941670333658,SNpp47,chordotonal_organ_neuron,front_leg_club_chordotonal_organ_neuron,sensory,NA,left,acetylcholine,front_leg,NA
front_leg_proprioceptor,720575941604168894,SNpp59,chordotonal_organ_neuron,front_leg_club_chordotonal_organ_neuron,sensory,NA,left,acetylcholine,front_leg,NA
front_leg_proprioceptor,720575941438474258,SNpp50,chordotonal_organ_neuron,front_leg_claw_chordotonal_organ_neuron,sensory,NA,left,acetylcholine,front_leg,NA
front_leg_proprioceptor,720575941576724406,SNpp59,chordotonal_organ_neuron,front_leg_club_chordotonal_organ_neuron,sensory,NA,left,acetylcholine,front_leg,NA
front_leg_proprioceptor,720575941514787793,SNpp58,chordotonal_organ_neuron,front_leg_club_chordotonal_organ_neuron,sensory,NA,left,acetylcholine,front_leg,NA
front_leg_proprioceptor,720575941592005160,SNpp45,hair_plate_neuron,front_leg_hair_plate_neuron,sensory,NA,left,acetylcholine,front_leg,NA
front_leg_proprioceptor,720575941480240352,SNpp45,campaniform_sensillum_neuron,front_leg_campaniform_sensillum_neuron,sensory,NA,left,gaba,front_leg,NA
front_leg_proprioceptor,720575941393503382,SNpp52,hair_plate_neuron,front_leg_hair_plate_neuron,sensory,NA,left,acetylcholine,front_leg,NA
front_leg_proprioceptor,720575941486927824,SNpp44,chordotonal_organ_neuron,front_leg_chordotonal_organ_neuron,sensory,NA,right,gaba,front_leg,NA
front_leg_proprioceptor,720575941530288331,SNpp44,chordotonal_organ_neuron,front_leg_club_chordotonal_organ_neuron,sensory,NA,left,acetylcholine,front_leg,NA
front_leg_proprioceptor,720575941553637786,SNpp44,chordotonal_organ_neuron,front_leg_club_chordotonal_organ_neuron,sensory,NA,right,acetylcholine,front_leg,NA
front_leg_proprioceptor,720575941482795005,SNpp51,chordotonal_organ_neuron,front_leg_claw_chordotonal_organ_neuron,sensory,NA,left,acetylcholine,front_leg,NA
front_leg_proprioceptor,720575941685093359,SNxxxx,campaniform_sensillum_neuron,front_leg_campaniform_sensillum_neuron,sensory,NA,left,gaba,front_leg,NA
front_leg_proprioceptor,720575941601294889,SNpp52,hair_plate_neuron,front_leg_hair_plate_neuron,sensory,NA,NA,acetylcholine,front_leg,NA
front_leg_proprioceptor,720575941555101850,SNxxxx,chordotonal_organ_neuron,front_leg_chordotonal_organ_neuron,sensory,NA,right,NA,front_leg,NA
front_leg_proprioceptor,720575941540973773,SNppxx,hair_plate_neuron,front_leg_hair_plate_neuron,sensory,NA,right,acetylcholine,front_leg,NA
front_leg_proprioceptor,720575941535149802,SNpp39,chordotonal_organ_neuron,front_leg_hook_chordotonal_organ_neuron,sensory,NA,NA,acetylcholine,front_leg,NA
front_leg_proprioceptor,720575941462204627,SNppxx,campaniform_sensillum_neuron,front_leg_campaniform_sensillum_neuron,sensory,NA,right,acetylcholine,front_leg,NA
front_leg_proprioceptor,720575941477513834,SNpp39,chordotonal_organ_neuron,front_leg_hook_chordotonal_organ_neuron,sensory,NA,right,acetylcholine,front_leg,NA
front_leg_proprioceptor,720575941506301861,SNpp50,chordotonal_organ_neuron,front_leg_claw_chordotonal_organ_neuron,sensory,NA,left,acetylcholine,front_leg,NA
front_leg_proprioceptor,720575941505749176,SNpp59,chordotonal_organ_neuron,front_leg_club_chordotonal_organ_neuron,sensory,NA,NA,acetylcholine,front_leg,NA
front_leg_proprioceptor,720575941703163866,SNppxx,campaniform_sensillum_neuron,front_leg_campaniform_sensillum_neuron,sensory,NA,left,acetylcholine,front_leg,NA
front_leg_proprioceptor,720575941732527915,SNppxx,campaniform_sensillum_neuron,front_leg_campaniform_sensillum_neuron,sensory,NA,left,acetylcholine,front_leg,NA
front_leg_proprioceptor,720575941546389684,SNpp40,chordotonal_organ_neuron,front_leg_club_chordotonal_organ_neuron,sensory,NA,right,acetylcholine,front_leg,NA
front_leg_proprioceptor,720575941352535088,SNpp51,chordotonal_organ_neuron,front_leg_claw_chordotonal_organ_neuron,sensory,NA,right,acetylcholine,front_leg,NA
front_leg_proprioceptor,720575941484000198,SNxxxx,chordotonal_organ_neuron,front_leg_club_chordotonal_organ_neuron,sensory,NA,right,acetylcholine,front_leg,NA
front_leg_proprioceptor,720575941624830972,SNpp52,hair_plate_neuron,front_leg_hair_plate_neuron,sensory,NA,right,acetylcholine,front_leg,NA
front_leg_proprioceptor,720575941481617859,SNpp44,chordotonal_organ_neuron,front_leg_chordotonal_organ_neuron,sensory,NA,right,acetylcholine,front_leg,NA
front_leg_proprioceptor,720575941514695756,SNpp45,hair_plate_neuron,front_leg_hair_plate_neuron,sensory,NA,right,acetylcholine,front_leg,NA
front_leg_proprioceptor,720575941540248445,SNpp51,chordotonal_organ_neuron,front_leg_claw_chordotonal_organ_neuron,sensory,NA,right,acetylcholine,front_leg,NA
front_leg_proprioceptor,720575941534305667,SNpp39,chordotonal_organ_neuron,front_leg_hook_chordotonal_organ_neuron,sensory,NA,right,acetylcholine,front_leg,NA
front_leg_proprioceptor,720575941654716177,SNppxx,hair_plate_neuron,front_leg_hair_plate_neuron,sensory,NA,right,acetylcholine,front_leg,NA
front_leg_proprioceptor,720575941614289561,SNpp43,chordotonal_organ_neuron,front_leg_club_chordotonal_organ_neuron,sensory,NA,right,acetylcholine,front_leg,NA
front_leg_proprioceptor,720575941645019986,SNpp45,hair_plate_neuron,front_leg_hair_plate_neuron,sensory,NA,right,gaba,front_leg,NA
front_leg_proprioceptor,720575941669098417,SNpp56,chordotonal_organ_neuron,front_leg_club_chordotonal_organ_neuron,sensory,NA,right,acetylcholine,front_leg,NA
front_leg_proprioceptor,720575941509347106,SNpp39,chordotonal_organ_neuron,front_leg_hook_chordotonal_organ_neuron,sensory,NA,left,acetylcholine,front_leg,NA
front_leg_proprioceptor,720575941574008136,SNpp39,chordotonal_organ_neuron,front_leg_hook_chordotonal_organ_neuron,sensory,NA,right,acetylcholine,front_leg,NA
front_leg_proprioceptor,720575941595291687,SNpp50,chordotonal_organ_neuron,front_leg_claw_chordotonal_organ_neuron,sensory,NA,right,acetylcholine,front_leg,NA
front_leg_proprioceptor,720575941498420859,SNppxx,chordotonal_organ_neuron,front_leg_hook_chordotonal_organ_neuron,sensory,NA,right,acetylcholine,front_leg,NA
front_leg_proprioceptor,720575941564868498,SNpp39,chordotonal_organ_neuron,front_leg_hook_chordotonal_organ_neuron,sensory,NA,right,acetylcholine,front_leg,NA
front_leg_proprioceptor,720575941632828859,SNpp44,chordotonal_organ_neuron,front_leg_chordotonal_organ_neuron,sensory,NA,right,gaba,front_leg,NA
front_leg_proprioceptor,720575941440432831,SNpp60,chordotonal_organ_neuron,front_leg_club_chordotonal_organ_neuron,sensory,NA,right,acetylcholine,front_leg,NA
middle_leg_proprioceptor,720575941505143868,SApp23,chordotonal_organ_neuron,middle_leg_club_chordotonal_organ_neuron,sensory_ascending,NA,left,acetylcholine,middle_leg,NA
middle_leg_proprioceptor,720575941413706641,SApp23,chordotonal_organ_neuron,middle_leg_club_chordotonal_organ_neuron,sensory_ascending,NA,left,acetylcholine,middle_leg,NA
middle_leg_proprioceptor,720575941595969728,SApp23,chordotonal_organ_neuron,middle_leg_club_chordotonal_organ_neuron,sensory_ascending,NA,right,acetylcholine,middle_leg,NA
middle_leg_proprioceptor,720575941642936146,SApp23,chordotonal_organ_neuron,middle_leg_club_chordotonal_organ_neuron,sensory_ascending,NA,left,acetylcholine,middle_leg,NA
middle_leg_proprioceptor,720575941598924444,SNppxx,hair_plate_neuron,middle_leg_hair_plate_neuron,sensory,NA,right,acetylcholine,middle_leg,NA
middle_leg_proprioceptor,720575941499939297,SNpp52,hair_plate_neuron,middle_leg_hair_plate_neuron,sensory,NA,right,gaba,middle_leg,NA
middle_leg_proprioceptor,720575941656565584,SNpp60,chordotonal_organ_neuron,middle_leg_club_chordotonal_organ_neuron,sensory,NA,right,acetylcholine,middle_leg,NA
middle_leg_proprioceptor,720575941500858507,SNpp40,chordotonal_organ_neuron,middle_leg_club_chordotonal_organ_neuron,sensory,NA,right,acetylcholine,middle_leg,NA
middle_leg_proprioceptor,720575941461441805,SNpp47,chordotonal_organ_neuron,middle_leg_club_chordotonal_organ_neuron,sensory,NA,right,acetylcholine,middle_leg,NA
middle_leg_proprioceptor,720575941602404030,SNpp52,hair_plate_neuron,middle_leg_hair_plate_neuron,sensory,NA,right,acetylcholine,middle_leg,NA
middle_leg_proprioceptor,720575941485376464,SNpp47,chordotonal_organ_neuron,middle_leg_club_chordotonal_organ_neuron,sensory,NA,right,acetylcholine,middle_leg,NA
middle_leg_proprioceptor,720575941634325947,SNpp45,hair_plate_neuron,middle_leg_hair_plate_neuron,sensory,NA,right,acetylcholine,middle_leg,NA
middle_leg_proprioceptor,720575941467391453,SNpp57,chordotonal_organ_neuron,middle_leg_club_chordotonal_organ_neuron,sensory,NA,right,acetylcholine,middle_leg,NA
middle_leg_proprioceptor,720575941592913191,SNpp60,chordotonal_organ_neuron,middle_leg_club_chordotonal_organ_neuron,sensory,NA,right,acetylcholine,middle_leg,NA
middle_leg_proprioceptor,720575941457475142,SNpp44,chordotonal_organ_neuron,middle_leg_hook_chordotonal_organ_neuron,sensory,NA,right,acetylcholine,middle_leg,NA
middle_leg_proprioceptor,720575941533485505,SNpp57,chordotonal_organ_neuron,middle_leg_club_chordotonal_organ_neuron,sensory,NA,right,acetylcholine,middle_leg,NA
middle_leg_proprioceptor,720575941592392918,SNpp57,chordotonal_organ_neuron,middle_leg_club_chordotonal_organ_neuron,sensory,NA,right,acetylcholine,middle_leg,NA
middle_leg_proprioceptor,720575941512485330,SNppxx,chordotonal_organ_neuron,middle_leg_club_chordotonal_organ_neuron,sensory,NA,right,acetylcholine,middle_leg,NA
middle_leg_proprioceptor,720575941689940342,SNppxx,hair_plate_neuron,middle_leg_hair_plate_neuron,sensory,NA,right,acetylcholine,middle_leg,NA
middle_leg_proprioceptor,720575941483927106,SNpp41,chordotonal_organ_neuron,middle_leg_hook_chordotonal_organ_neuron,sensory,NA,right,acetylcholine,middle_leg,NA
middle_leg_proprioceptor,720575941503701308,SNpp49,chordotonal_organ_neuron,middle_leg_chordotonal_organ_neuron,sensory,NA,right,acetylcholine,middle_leg,NA
middle_leg_proprioceptor,720575941491805385,SNppxx,chordotonal_organ_neuron,middle_leg_chordotonal_organ_neuron,sensory,NA,right,acetylcholine,middle_leg,NA
middle_leg_proprioceptor,720575941428882772,SNppxx,hair_plate_neuron,middle_leg_hair_plate_neuron,sensory,NA,right,acetylcholine,middle_leg,NA
middle_leg_proprioceptor,720575941518183571,SNppxx,chordotonal_organ_neuron,middle_leg_club_chordotonal_organ_neuron,sensory,NA,right,acetylcholine,middle_leg,NA
middle_leg_proprioceptor,720575941451880014,SNppxx,hair_plate_neuron,middle_leg_hair_plate_neuron,sensory,NA,right,acetylcholine,middle_leg,NA
middle_leg_proprioceptor,720575941541788541,SNppxx,chordotonal_organ_neuron,middle_leg_chordotonal_organ_neuron,sensory,NA,right,acetylcholine,middle_leg,NA
middle_leg_proprioceptor,720575941406005360,SNppxx,hair_plate_neuron,middle_leg_hair_plate_neuron,sensory,NA,right,acetylcholine,middle_leg,NA
middle_leg_proprioceptor,720575941475401824,SNpp60,chordotonal_organ_neuron,middle_leg_club_chordotonal_organ_neuron,sensory,NA,right,acetylcholine,middle_leg,NA
middle_leg_proprioceptor,720575941547007777,SNpp60,chordotonal_organ_neuron,middle_leg_club_chordotonal_organ_neuron,sensory,NA,right,acetylcholine,middle_leg,NA
middle_leg_proprioceptor,720575941405904814,SNpp56,chordotonal_organ_neuron,middle_leg_club_chordotonal_organ_neuron,sensory,NA,right,acetylcholine,middle_leg,NA
middle_leg_proprioceptor,720575941472547447,SNpp60,chordotonal_organ_neuron,middle_leg_club_chordotonal_organ_neuron,sensory,NA,right,acetylcholine,middle_leg,NA
middle_leg_proprioceptor,720575941446265770,SNpp45,hair_plate_neuron,middle_leg_hair_plate_neuron,sensory,NA,right,acetylcholine,middle_leg,NA
middle_leg_proprioceptor,720575941704462554,SNppxx,chordotonal_organ_neuron,middle_leg_club_chordotonal_organ_neuron,sensory,NA,right,acetylcholine,middle_leg,NA
middle_leg_proprioceptor,720575941682437309,SNppxx,chordotonal_organ_neuron,middle_leg_chordotonal_organ_neuron,sensory,NA,right,acetylcholine,middle_leg,NA
middle_leg_proprioceptor,720575941567040500,SNpp58,chordotonal_organ_neuron,middle_leg_club_chordotonal_organ_neuron,sensory,NA,left,acetylcholine,middle_leg,NA
middle_leg_proprioceptor,720575941481850307,SNpp52,hair_plate_neuron,middle_leg_hair_plate_neuron,sensory,NA,left,acetylcholine,middle_leg,NA
middle_leg_proprioceptor,720575941431774895,SNpp39,chordotonal_organ_neuron,middle_leg_hook_chordotonal_organ_neuron,sensory,NA,right,acetylcholine,middle_leg,NA
middle_leg_proprioceptor,720575941570148466,SNpp52,hair_plate_neuron,middle_leg_hair_plate_neuron,sensory,NA,left,acetylcholine,middle_leg,NA
middle_leg_proprioceptor,720575941539524324,SNpp47,chordotonal_organ_neuron,middle_leg_club_chordotonal_organ_neuron,sensory,NA,left,acetylcholine,middle_leg,NA
middle_leg_proprioceptor,720575941587217207,SNpp47,chordotonal_organ_neuron,middle_leg_club_chordotonal_organ_neuron,sensory,NA,left,acetylcholine,middle_leg,NA
middle_leg_proprioceptor,720575941551323251,SNpp60,chordotonal_organ_neuron,middle_leg_club_chordotonal_organ_neuron,sensory,NA,left,acetylcholine,middle_leg,NA
middle_leg_proprioceptor,720575941551124339,SNpp60,chordotonal_organ_neuron,middle_leg_club_chordotonal_organ_neuron,sensory,NA,left,acetylcholine,middle_leg,NA
middle_leg_proprioceptor,720575941405908654,SNpp58,chordotonal_organ_neuron,middle_leg_club_chordotonal_organ_neuron,sensory,NA,right,acetylcholine,middle_leg,NA
middle_leg_proprioceptor,720575941460114884,SNpp60,chordotonal_organ_neuron,middle_leg_club_chordotonal_organ_neuron,sensory,NA,left,acetylcholine,middle_leg,NA
middle_leg_proprioceptor,720575941551125107,SNpp60,chordotonal_organ_neuron,middle_leg_club_chordotonal_organ_neuron,sensory,NA,left,acetylcholine,middle_leg,NA
middle_leg_proprioceptor,720575941689334168,SNpp57,chordotonal_organ_neuron,middle_leg_club_chordotonal_organ_neuron,sensory,NA,left,acetylcholine,middle_leg,NA
middle_leg_proprioceptor,720575941553602110,SNppxx,hair_plate_neuron,middle_leg_hair_plate_neuron,sensory,NA,right,acetylcholine,middle_leg,NA
middle_leg_proprioceptor,720575941415148316,SNpp45,hair_plate_neuron,middle_leg_hair_plate_neuron,sensory,NA,right,acetylcholine,middle_leg,NA
middle_leg_proprioceptor,720575941516207532,SNpp45,hair_plate_neuron,middle_leg_hair_plate_neuron,sensory,NA,right,acetylcholine,middle_leg,NA
middle_leg_proprioceptor,720575941645616801,SNpp45,hair_plate_neuron,middle_leg_hair_plate_neuron,sensory,NA,left,acetylcholine,middle_leg,NA
middle_leg_proprioceptor,720575941535121379,SNpp45,hair_plate_neuron,middle_leg_hair_plate_neuron,sensory,NA,left,acetylcholine,middle_leg,NA
middle_leg_proprioceptor,720575941473837408,SNpp52,hair_plate_neuron,middle_leg_hair_plate_neuron,sensory,NA,right,acetylcholine,middle_leg,NA
middle_leg_proprioceptor,720575941509108609,SNpp45,hair_plate_neuron,middle_leg_hair_plate_neuron,sensory,NA,left,acetylcholine,middle_leg,NA
middle_leg_proprioceptor,720575941547517033,SNpp52,hair_plate_neuron,middle_leg_hair_plate_neuron,sensory,NA,right,acetylcholine,middle_leg,NA
middle_leg_proprioceptor,720575941454665129,SNpp52,hair_plate_neuron,middle_leg_hair_plate_neuron,sensory,NA,right,acetylcholine,middle_leg,NA
middle_leg_proprioceptor,720575941568734766,SNpp45,hair_plate_neuron,middle_leg_hair_plate_neuron,sensory,NA,left,acetylcholine,middle_leg,NA
middle_leg_proprioceptor,720575941601281065,SNpp45,hair_plate_neuron,middle_leg_hair_plate_neuron,sensory,NA,left,acetylcholine,middle_leg,NA
middle_leg_proprioceptor,720575941554880228,SNppxx,chordotonal_organ_neuron,middle_leg_chordotonal_organ_neuron,sensory,NA,right,acetylcholine,middle_leg,NA
middle_leg_proprioceptor,720575941579798517,SNppxx,chordotonal_organ_neuron,middle_leg_chordotonal_organ_neuron,sensory,NA,left,acetylcholine,middle_leg,NA
middle_leg_proprioceptor,720575941577219929,SNpp48,chordotonal_organ_neuron,middle_leg_chordotonal_organ_neuron,sensory,NA,left,acetylcholine,middle_leg,NA
middle_leg_proprioceptor,720575941415737492,SNpp50,chordotonal_organ_neuron,middle_leg_claw_chordotonal_organ_neuron,sensory,NA,left,acetylcholine,middle_leg,NA
middle_leg_proprioceptor,720575941614876892,SNppxx,hair_plate_neuron,middle_leg_hair_plate_neuron,sensory,NA,right,acetylcholine,middle_leg,NA
middle_leg_proprioceptor,720575941612662169,SNpp43,chordotonal_organ_neuron,middle_leg_club_chordotonal_organ_neuron,sensory,NA,right,acetylcholine,middle_leg,NA
middle_leg_proprioceptor,720575941435874066,SNpp40,chordotonal_organ_neuron,middle_leg_club_chordotonal_organ_neuron,sensory,NA,right,acetylcholine,middle_leg,NA
middle_leg_proprioceptor,720575941472921152,SNpp52,hair_plate_neuron,middle_leg_hair_plate_neuron,sensory,NA,right,acetylcholine,middle_leg,NA
middle_leg_proprioceptor,720575941448561172,SNppxx,chordotonal_organ_neuron,middle_leg_chordotonal_organ_neuron,sensory,NA,right,acetylcholine,middle_leg,NA
middle_leg_proprioceptor,720575941500602530,SNppxx,hair_plate_neuron,middle_leg_hair_plate_neuron,sensory,NA,right,acetylcholine,middle_leg,NA
middle_leg_proprioceptor,720575941618563967,SNpp49,chordotonal_organ_neuron,middle_leg_chordotonal_organ_neuron,sensory,NA,right,acetylcholine,middle_leg,NA
middle_leg_proprioceptor,720575941550689396,SNpp39,chordotonal_organ_neuron,middle_leg_claw_chordotonal_organ_neuron,sensory,NA,left,acetylcholine,middle_leg,NA
middle_leg_proprioceptor,720575941563934632,SNpp51,chordotonal_organ_neuron,middle_leg_claw_chordotonal_organ_neuron,sensory,NA,left,acetylcholine,middle_leg,NA
middle_leg_proprioceptor,720575941492423374,SNpp45,hair_plate_neuron,middle_leg_hair_plate_neuron,sensory,NA,left,acetylcholine,middle_leg,NA
middle_leg_proprioceptor,720575941491462631,SNpp48,chordotonal_organ_neuron,middle_leg_chordotonal_organ_neuron,sensory,NA,left,acetylcholine,middle_leg,NA
middle_leg_proprioceptor,720575941496678272,SNpp41,chordotonal_organ_neuron,middle_leg_hook_chordotonal_organ_neuron,sensory,NA,left,acetylcholine,middle_leg,NA
middle_leg_proprioceptor,720575941528715960,SNpp41,chordotonal_organ_neuron,middle_leg_hook_chordotonal_organ_neuron,sensory,NA,left,acetylcholine,middle_leg,NA
middle_leg_proprioceptor,720575941576809910,SNpp45,hair_plate_neuron,middle_leg_hair_plate_neuron,sensory,NA,left,acetylcholine,middle_leg,NA
middle_leg_proprioceptor,720575941562266669,SNpp45,hair_plate_neuron,middle_leg_hair_plate_neuron,sensory,NA,left,acetylcholine,middle_leg,NA
middle_leg_proprioceptor,720575941521749431,SNpp45,hair_plate_neuron,middle_leg_hair_plate_neuron,sensory,NA,left,acetylcholine,middle_leg,NA
middle_leg_proprioceptor,720575941591137079,SNpp50,chordotonal_organ_neuron,middle_leg_claw_chordotonal_organ_neuron,sensory,NA,left,acetylcholine,middle_leg,NA
middle_leg_proprioceptor,720575941477919262,SNppxx,chordotonal_organ_neuron,middle_leg_hook_chordotonal_organ_neuron,sensory,NA,left,acetylcholine,middle_leg,NA
middle_leg_proprioceptor,720575941447000757,SNpp50,chordotonal_organ_neuron,middle_leg_claw_chordotonal_organ_neuron,sensory,NA,left,acetylcholine,middle_leg,NA
middle_leg_proprioceptor,720575941569799838,SNpp47,chordotonal_organ_neuron,middle_leg_club_chordotonal_organ_neuron,sensory,NA,left,acetylcholine,middle_leg,NA
middle_leg_proprioceptor,720575941560640783,SNppxx,chordotonal_organ_neuron,middle_leg_claw_chordotonal_organ_neuron,sensory,NA,left,acetylcholine,middle_leg,NA
middle_leg_proprioceptor,720575941470392797,SNpp45,hair_plate_neuron,middle_leg_hair_plate_neuron,sensory,NA,left,acetylcholine,middle_leg,NA
middle_leg_proprioceptor,720575941413217647,SNpp45,hair_plate_neuron,middle_leg_hair_plate_neuron,sensory,NA,left,acetylcholine,middle_leg,NA
middle_leg_proprioceptor,720575941499569633,SNpp50,chordotonal_organ_neuron,middle_leg_claw_chordotonal_organ_neuron,sensory,NA,left,acetylcholine,middle_leg,NA
middle_leg_proprioceptor,720575941541012685,SNppxx,chordotonal_organ_neuron,middle_leg_hook_chordotonal_organ_neuron,sensory,NA,left,acetylcholine,middle_leg,NA
middle_leg_proprioceptor,720575941452630394,SNppxx,hair_plate_neuron,middle_leg_hair_plate_neuron,sensory,NA,left,acetylcholine,middle_leg,NA
middle_leg_proprioceptor,720575941574057800,SNppxx,chordotonal_organ_neuron,middle_leg_hook_chordotonal_organ_neuron,sensory,NA,left,acetylcholine,middle_leg,NA
middle_leg_proprioceptor,720575941524170059,SNpp41,chordotonal_organ_neuron,middle_leg_hook_chordotonal_organ_neuron,sensory,NA,left,acetylcholine,middle_leg,NA
middle_leg_proprioceptor,720575941434830112,unknown_sensory,campaniform_sensillum_neuron,middle_leg_campaniform_sensillum_neuron,sensory,NA,left,acetylcholine,middle_leg,NA
middle_leg_proprioceptor,720575941435754002,SNpp50,chordotonal_organ_neuron,middle_leg_claw_chordotonal_organ_neuron,sensory,NA,left,acetylcholine,middle_leg,NA
middle_leg_proprioceptor,720575941580712825,SNppxx,chordotonal_organ_neuron,middle_leg_claw_chordotonal_organ_neuron,sensory,NA,left,acetylcholine,middle_leg,NA
middle_leg_proprioceptor,720575941565033984,SNpp41,chordotonal_organ_neuron,middle_leg_hook_chordotonal_organ_neuron,sensory,NA,left,acetylcholine,middle_leg,NA
middle_leg_proprioceptor,720575941457848301,SNpp45,hair_plate_neuron,middle_leg_hair_plate_neuron,sensory,NA,left,acetylcholine,middle_leg,NA
middle_leg_proprioceptor,720575941570949108,SNpp45,hair_plate_neuron,middle_leg_hair_plate_neuron,sensory,NA,right,acetylcholine,middle_leg,NA
middle_leg_proprioceptor,720575941432214959,SNpp39,chordotonal_organ_neuron,middle_leg_hook_chordotonal_organ_neuron,sensory,NA,left,acetylcholine,middle_leg,NA
middle_leg_proprioceptor,720575941470595851,SNpp52,hair_plate_neuron,middle_leg_hair_plate_neuron,sensory,NA,left,acetylcholine,middle_leg,NA
middle_leg_proprioceptor,720575941531085240,SNppxx,chordotonal_organ_neuron,middle_leg_hook_chordotonal_organ_neuron,sensory,NA,left,acetylcholine,middle_leg,NA
middle_leg_proprioceptor,720575941584353119,SNppxx,chordotonal_organ_neuron,middle_leg_hook_chordotonal_organ_neuron,sensory,NA,left,acetylcholine,middle_leg,NA
middle_leg_proprioceptor,720575941612226890,SNpp39,chordotonal_organ_neuron,middle_leg_hook_chordotonal_organ_neuron,sensory,NA,right,acetylcholine,middle_leg,NA
middle_leg_proprioceptor,720575941462708237,SNpp47,chordotonal_organ_neuron,middle_leg_club_chordotonal_organ_neuron,sensory,NA,left,acetylcholine,middle_leg,NA
middle_leg_proprioceptor,720575941440855759,SNpp41,chordotonal_organ_neuron,middle_leg_hook_chordotonal_organ_neuron,sensory,NA,left,acetylcholine,middle_leg,NA
middle_leg_proprioceptor,720575941468647133,SNpp53,campaniform_sensillum_neuron,middle_leg_bilateral_campaniform_sensillum_neuron,sensory,NA,left,acetylcholine,middle_leg,NA
middle_leg_proprioceptor,720575941415240340,SNpp45,hair_plate_neuron,middle_leg_hair_plate_neuron,sensory,NA,left,acetylcholine,middle_leg,NA
middle_leg_proprioceptor,720575941477676768,SNpp56,chordotonal_organ_neuron,middle_leg_club_chordotonal_organ_neuron,sensory,NA,right,acetylcholine,middle_leg,NA
middle_leg_proprioceptor,720575941527860301,SNppxx,chordotonal_organ_neuron,middle_leg_club_chordotonal_organ_neuron,sensory,NA,left,acetylcholine,middle_leg,NA
middle_leg_proprioceptor,720575941483898434,SNpp47,chordotonal_organ_neuron,middle_leg_club_chordotonal_organ_neuron,sensory,NA,right,acetylcholine,middle_leg,NA
middle_leg_proprioceptor,720575941485575174,SNppxx,chordotonal_organ_neuron,middle_leg_hook_chordotonal_organ_neuron,sensory,NA,left,acetylcholine,middle_leg,NA
middle_leg_proprioceptor,720575941489292341,SNppxx,chordotonal_organ_neuron,middle_leg_hook_chordotonal_organ_neuron,sensory,NA,left,acetylcholine,middle_leg,NA
middle_leg_proprioceptor,720575941539831282,SNppxx,hair_plate_neuron,middle_leg_hair_plate_neuron,sensory,NA,right,acetylcholine,middle_leg,NA
middle_leg_proprioceptor,720575941587845086,SNpp49,chordotonal_organ_neuron,middle_leg_chordotonal_organ_neuron,sensory,NA,left,acetylcholine,middle_leg,NA
middle_leg_proprioceptor,720575941593894102,SNpp41,chordotonal_organ_neuron,middle_leg_hook_chordotonal_organ_neuron,sensory,NA,left,acetylcholine,middle_leg,NA
middle_leg_proprioceptor,720575941501099755,SNpp39,chordotonal_organ_neuron,middle_leg_hook_chordotonal_organ_neuron,sensory,NA,right,acetylcholine,middle_leg,NA
middle_leg_proprioceptor,720575941611350505,SNpp45,hair_plate_neuron,middle_leg_hair_plate_neuron,sensory,NA,right,acetylcholine,middle_leg,NA
middle_leg_proprioceptor,720575941595664261,SNpp57,chordotonal_organ_neuron,middle_leg_club_chordotonal_organ_neuron,sensory,NA,left,acetylcholine,middle_leg,NA
middle_leg_proprioceptor,720575941561377039,SNpp45,hair_plate_neuron,middle_leg_hair_plate_neuron,sensory,NA,left,acetylcholine,middle_leg,NA
middle_leg_proprioceptor,720575941513028707,SNpp58,chordotonal_organ_neuron,middle_leg_club_chordotonal_organ_neuron,sensory,NA,right,acetylcholine,middle_leg,NA
middle_leg_proprioceptor,720575941544157213,SNppxx,chordotonal_organ_neuron,middle_leg_club_chordotonal_organ_neuron,sensory,NA,right,acetylcholine,middle_leg,NA
middle_leg_proprioceptor,720575941495205063,SNpp50,chordotonal_organ_neuron,middle_leg_claw_chordotonal_organ_neuron,sensory,NA,left,acetylcholine,middle_leg,NA
middle_leg_proprioceptor,720575941516925550,SNpp47,chordotonal_organ_neuron,middle_leg_club_chordotonal_organ_neuron,sensory,NA,right,acetylcholine,middle_leg,NA
middle_leg_proprioceptor,720575941491664181,SNppxx,hair_plate_neuron,middle_leg_hair_plate_neuron,sensory,NA,right,acetylcholine,middle_leg,NA
middle_leg_proprioceptor,720575941500313161,SNpp39,chordotonal_organ_neuron,middle_leg_claw_chordotonal_organ_neuron,sensory,NA,left,acetylcholine,middle_leg,NA
middle_leg_proprioceptor,720575941508169089,SNpp41,chordotonal_organ_neuron,middle_leg_hook_chordotonal_organ_neuron,sensory,NA,left,acetylcholine,middle_leg,NA
middle_leg_proprioceptor,720575941518206099,SNpp47,chordotonal_organ_neuron,middle_leg_club_chordotonal_organ_neuron,sensory,NA,left,acetylcholine,middle_leg,NA
middle_leg_proprioceptor,720575941477479018,SNpp52,hair_plate_neuron,middle_leg_hair_plate_neuron,sensory,NA,left,acetylcholine,middle_leg,NA
middle_leg_proprioceptor,720575941576751247,SNppxx,chordotonal_organ_neuron,middle_leg_club_chordotonal_organ_neuron,sensory,NA,left,acetylcholine,middle_leg,NA
middle_leg_proprioceptor,720575941514973649,SNppxx,hair_plate_neuron,middle_leg_hair_plate_neuron,sensory,NA,right,acetylcholine,middle_leg,NA
middle_leg_proprioceptor,720575941533930266,SNpp43,chordotonal_organ_neuron,middle_leg_club_chordotonal_organ_neuron,sensory,NA,right,acetylcholine,middle_leg,NA
middle_leg_proprioceptor,720575941485432461,SNpp60,chordotonal_organ_neuron,middle_leg_club_chordotonal_organ_neuron,sensory,NA,right,acetylcholine,middle_leg,NA
middle_leg_proprioceptor,720575941537744100,SNpp58,chordotonal_organ_neuron,middle_leg_club_chordotonal_organ_neuron,sensory,NA,left,acetylcholine,middle_leg,NA
middle_leg_proprioceptor,720575941440568155,SNpp40,chordotonal_organ_neuron,middle_leg_club_chordotonal_organ_neuron,sensory,NA,left,acetylcholine,middle_leg,NA
middle_leg_proprioceptor,720575941537824740,SNpp40,chordotonal_organ_neuron,middle_leg_club_chordotonal_organ_neuron,sensory,NA,left,acetylcholine,middle_leg,NA
middle_leg_proprioceptor,720575941481541762,SNpp45,hair_plate_neuron,middle_leg_hair_plate_neuron,sensory,NA,right,acetylcholine,middle_leg,NA
middle_leg_proprioceptor,720575941547382077,SNpp47,chordotonal_organ_neuron,middle_leg_club_chordotonal_organ_neuron,sensory,NA,right,acetylcholine,middle_leg,NA
middle_leg_proprioceptor,720575941554596743,SNpp39,chordotonal_organ_neuron,middle_leg_claw_chordotonal_organ_neuron,sensory,NA,left,acetylcholine,middle_leg,NA
middle_leg_proprioceptor,720575941576575080,SNpp58,chordotonal_organ_neuron,middle_leg_club_chordotonal_organ_neuron,sensory,NA,left,acetylcholine,middle_leg,NA
middle_leg_proprioceptor,720575941550880627,SNpp58,chordotonal_organ_neuron,middle_leg_club_chordotonal_organ_neuron,sensory,NA,left,acetylcholine,middle_leg,NA
middle_leg_proprioceptor,720575941516862051,SNppxx,chordotonal_organ_neuron,middle_leg_club_chordotonal_organ_neuron,sensory,NA,left,acetylcholine,middle_leg,NA
middle_leg_proprioceptor,720575941527856228,SNpp39,chordotonal_organ_neuron,middle_leg_claw_chordotonal_organ_neuron,sensory,NA,left,acetylcholine,middle_leg,NA
middle_leg_proprioceptor,720575941432165295,SNpp39,chordotonal_organ_neuron,middle_leg_claw_chordotonal_organ_neuron,sensory,NA,left,acetylcholine,middle_leg,NA
middle_leg_proprioceptor,720575941527750733,SNpp39,chordotonal_organ_neuron,middle_leg_claw_chordotonal_organ_neuron,sensory,NA,left,acetylcholine,middle_leg,NA
middle_leg_proprioceptor,720575941464959245,SNpp40,chordotonal_organ_neuron,middle_leg_club_chordotonal_organ_neuron,sensory,NA,left,acetylcholine,middle_leg,NA
middle_leg_proprioceptor,720575941620724095,SNpp40,chordotonal_organ_neuron,middle_leg_club_chordotonal_organ_neuron,sensory,NA,left,acetylcholine,middle_leg,NA
middle_leg_proprioceptor,720575941597368732,SNpp52,hair_plate_neuron,middle_leg_hair_plate_neuron,sensory,NA,left,acetylcholine,middle_leg,NA
middle_leg_proprioceptor,720575941551124595,SNpp57,chordotonal_organ_neuron,middle_leg_club_chordotonal_organ_neuron,sensory,NA,left,acetylcholine,middle_leg,NA
middle_leg_proprioceptor,720575941613161645,SNpp59,chordotonal_organ_neuron,middle_leg_club_chordotonal_organ_neuron,sensory,NA,left,acetylcholine,middle_leg,NA
middle_leg_proprioceptor,720575941405772656,SNpp50,chordotonal_organ_neuron,middle_leg_claw_chordotonal_organ_neuron,sensory,NA,left,acetylcholine,middle_leg,NA
middle_leg_proprioceptor,720575941537680410,SNpp51,chordotonal_organ_neuron,middle_leg_claw_chordotonal_organ_neuron,sensory,NA,left,acetylcholine,middle_leg,NA
middle_leg_proprioceptor,720575941551256947,SNpp56,chordotonal_organ_neuron,middle_leg_club_chordotonal_organ_neuron,sensory,NA,left,acetylcholine,middle_leg,NA
middle_leg_proprioceptor,720575941638428533,SNpp57,chordotonal_organ_neuron,middle_leg_club_chordotonal_organ_neuron,sensory,NA,left,acetylcholine,middle_leg,NA
middle_leg_proprioceptor,720575941479283936,SNpp57,chordotonal_organ_neuron,middle_leg_club_chordotonal_organ_neuron,sensory,NA,left,acetylcholine,middle_leg,NA
middle_leg_proprioceptor,720575941654673681,SNpp39,chordotonal_organ_neuron,middle_leg_claw_chordotonal_organ_neuron,sensory,NA,left,acetylcholine,middle_leg,NA
middle_leg_proprioceptor,720575941473807200,SNpp50,chordotonal_organ_neuron,middle_leg_claw_chordotonal_organ_neuron,sensory,NA,left,acetylcholine,middle_leg,NA
middle_leg_proprioceptor,720575941434096910,SNpp50,chordotonal_organ_neuron,middle_leg_claw_chordotonal_organ_neuron,sensory,NA,left,acetylcholine,middle_leg,NA
middle_leg_proprioceptor,720575941613152614,SNpp45,hair_plate_neuron,middle_leg_hair_plate_neuron,sensory,NA,left,acetylcholine,middle_leg,NA
middle_leg_proprioceptor,720575941551475940,SNpp47,chordotonal_organ_neuron,middle_leg_club_chordotonal_organ_neuron,sensory,NA,left,acetylcholine,middle_leg,NA
middle_leg_proprioceptor,720575941553139940,SNpp47,chordotonal_organ_neuron,middle_leg_club_chordotonal_organ_neuron,sensory,NA,left,acetylcholine,middle_leg,NA
middle_leg_proprioceptor,720575941451761998,SNpp39,chordotonal_organ_neuron,middle_leg_claw_chordotonal_organ_neuron,sensory,NA,left,acetylcholine,middle_leg,NA
middle_leg_proprioceptor,720575941722220858,SNpp56,chordotonal_organ_neuron,middle_leg_club_chordotonal_organ_neuron,sensory,NA,left,acetylcholine,middle_leg,NA
middle_leg_proprioceptor,720575941560552207,SNpp40,chordotonal_organ_neuron,middle_leg_club_chordotonal_organ_neuron,sensory,NA,left,acetylcholine,middle_leg,NA
middle_leg_proprioceptor,720575941508280645,SNpp50,chordotonal_organ_neuron,middle_leg_claw_chordotonal_organ_neuron,sensory,NA,left,acetylcholine,middle_leg,NA
middle_leg_proprioceptor,720575941478232350,SNpp45,hair_plate_neuron,middle_leg_hair_plate_neuron,sensory,NA,left,acetylcholine,middle_leg,NA
middle_leg_proprioceptor,720575941516720643,SNpp51,chordotonal_organ_neuron,middle_leg_claw_chordotonal_organ_neuron,sensory,NA,left,acetylcholine,middle_leg,NA
middle_leg_proprioceptor,720575941482153926,SNpp57,chordotonal_organ_neuron,middle_leg_club_chordotonal_organ_neuron,sensory,NA,left,acetylcholine,middle_leg,NA
middle_leg_proprioceptor,720575941394327702,SNpp45,hair_plate_neuron,middle_leg_hair_plate_neuron,sensory,NA,left,acetylcholine,middle_leg,NA
middle_leg_proprioceptor,720575941575981832,SNppxx,chordotonal_organ_neuron,middle_leg_club_chordotonal_organ_neuron,sensory,NA,right,acetylcholine,middle_leg,NA
middle_leg_proprioceptor,720575941545484137,SNpp50,chordotonal_organ_neuron,middle_leg_claw_chordotonal_organ_neuron,sensory,NA,left,acetylcholine,middle_leg,NA
middle_leg_proprioceptor,720575941518148568,SNpp58,chordotonal_organ_neuron,middle_leg_club_chordotonal_organ_neuron,sensory,NA,left,acetylcholine,middle_leg,NA
middle_leg_proprioceptor,720575941440447935,SNpp47,chordotonal_organ_neuron,middle_leg_club_chordotonal_organ_neuron,sensory,NA,left,acetylcholine,middle_leg,NA
middle_leg_proprioceptor,720575941581763167,SNpp58,chordotonal_organ_neuron,middle_leg_club_chordotonal_organ_neuron,sensory,NA,right,acetylcholine,middle_leg,NA
middle_leg_proprioceptor,720575941583316358,SNpp52,hair_plate_neuron,middle_leg_hair_plate_neuron,sensory,NA,right,acetylcholine,middle_leg,NA
middle_leg_proprioceptor,720575941584044087,SNpp58,chordotonal_organ_neuron,middle_leg_club_chordotonal_organ_neuron,sensory,NA,left,acetylcholine,middle_leg,NA
middle_leg_proprioceptor,720575941485737478,SNpp58,chordotonal_organ_neuron,middle_leg_club_chordotonal_organ_neuron,sensory,NA,left,acetylcholine,middle_leg,NA
middle_leg_proprioceptor,720575941584593030,SNpp52,hair_plate_neuron,middle_leg_hair_plate_neuron,sensory,NA,right,acetylcholine,middle_leg,NA
middle_leg_proprioceptor,720575941569038324,SNpp58,chordotonal_organ_neuron,middle_leg_club_chordotonal_organ_neuron,sensory,NA,right,acetylcholine,middle_leg,NA
middle_leg_proprioceptor,720575941440447423,SNpp52,hair_plate_neuron,middle_leg_hair_plate_neuron,sensory,NA,left,acetylcholine,middle_leg,NA
middle_leg_proprioceptor,720575941590045324,SNpp48,chordotonal_organ_neuron,middle_leg_chordotonal_organ_neuron,sensory,NA,right,acetylcholine,middle_leg,NA
middle_leg_proprioceptor,720575941434483598,SNppxx,chordotonal_organ_neuron,middle_leg_chordotonal_organ_neuron,sensory,NA,left,acetylcholine,middle_leg,NA
middle_leg_proprioceptor,720575941597963049,SNpp47,chordotonal_organ_neuron,middle_leg_club_chordotonal_organ_neuron,sensory,NA,right,acetylcholine,middle_leg,NA
middle_leg_proprioceptor,720575941633200364,SNpp45,hair_plate_neuron,middle_leg_hair_plate_neuron,sensory,NA,left,acetylcholine,middle_leg,NA
middle_leg_proprioceptor,720575941541767037,SNpp52,hair_plate_neuron,middle_leg_hair_plate_neuron,sensory,NA,right,acetylcholine,middle_leg,NA
middle_leg_proprioceptor,720575941499269794,SNpp51,chordotonal_organ_neuron,middle_leg_claw_chordotonal_organ_neuron,sensory,NA,left,acetylcholine,middle_leg,NA
middle_leg_proprioceptor,720575941623155196,SNpp51,chordotonal_organ_neuron,middle_leg_claw_chordotonal_organ_neuron,sensory,NA,left,acetylcholine,middle_leg,NA
middle_leg_proprioceptor,720575941543853853,SNpp58,chordotonal_organ_neuron,middle_leg_club_chordotonal_organ_neuron,sensory,NA,left,acetylcholine,middle_leg,NA
middle_leg_proprioceptor,720575941599516201,SNpp41,chordotonal_organ_neuron,middle_leg_hook_chordotonal_organ_neuron,sensory,NA,left,acetylcholine,middle_leg,NA
middle_leg_proprioceptor,720575941606642541,SNpp50,chordotonal_organ_neuron,middle_leg_claw_chordotonal_organ_neuron,sensory,NA,left,acetylcholine,middle_leg,NA
middle_leg_proprioceptor,720575941545469801,SNpp50,chordotonal_organ_neuron,middle_leg_claw_chordotonal_organ_neuron,sensory,NA,left,acetylcholine,middle_leg,NA
middle_leg_proprioceptor,720575941528280066,SNppxx,chordotonal_organ_neuron,middle_leg_hook_chordotonal_organ_neuron,sensory,NA,left,acetylcholine,middle_leg,NA
middle_leg_proprioceptor,720575941483163075,SNpp51,chordotonal_organ_neuron,middle_leg_claw_chordotonal_organ_neuron,sensory,NA,right,acetylcholine,middle_leg,NA
middle_leg_proprioceptor,720575941442976207,SNpp50,chordotonal_organ_neuron,middle_leg_claw_chordotonal_organ_neuron,sensory,NA,right,acetylcholine,middle_leg,NA
middle_leg_proprioceptor,720575941525943885,SNpp45,hair_plate_neuron,middle_leg_hair_plate_neuron,sensory,NA,left,acetylcholine,middle_leg,NA
middle_leg_proprioceptor,720575941473362016,SNpp50,chordotonal_organ_neuron,middle_leg_claw_chordotonal_organ_neuron,sensory,NA,left,acetylcholine,middle_leg,NA
middle_leg_proprioceptor,720575941480508802,SNpp51,chordotonal_organ_neuron,middle_leg_claw_chordotonal_organ_neuron,sensory,NA,left,acetylcholine,middle_leg,NA
middle_leg_proprioceptor,720575941459002015,SNpp50,chordotonal_organ_neuron,middle_leg_claw_chordotonal_organ_neuron,sensory,NA,left,acetylcholine,middle_leg,NA
middle_leg_proprioceptor,720575941450968698,SNpp41,chordotonal_organ_neuron,middle_leg_hook_chordotonal_organ_neuron,sensory,NA,left,acetylcholine,middle_leg,NA
middle_leg_proprioceptor,720575941590959159,SNpp45,hair_plate_neuron,middle_leg_hair_plate_neuron,sensory,NA,left,acetylcholine,middle_leg,NA
middle_leg_proprioceptor,720575941608963949,SNppxx,hair_plate_neuron,middle_leg_hair_plate_neuron,sensory,NA,right,acetylcholine,middle_leg,NA
middle_leg_proprioceptor,720575941523148619,SNppxx,hair_plate_neuron,middle_leg_hair_plate_neuron,sensory,NA,right,acetylcholine,middle_leg,NA
middle_leg_proprioceptor,720575941519105646,SNppxx,hair_plate_neuron,middle_leg_hair_plate_neuron,sensory,NA,right,acetylcholine,middle_leg,NA
middle_leg_proprioceptor,720575941565457047,SNpp47,chordotonal_organ_neuron,middle_leg_club_chordotonal_organ_neuron,sensory,NA,right,acetylcholine,middle_leg,NA
middle_leg_proprioceptor,720575941554831495,SNppxx,hair_plate_neuron,middle_leg_hair_plate_neuron,sensory,NA,right,acetylcholine,middle_leg,NA
middle_leg_proprioceptor,720575941639297909,SNpp41,chordotonal_organ_neuron,middle_leg_hook_chordotonal_organ_neuron,sensory,NA,right,acetylcholine,middle_leg,NA
middle_leg_proprioceptor,720575941463569677,SNpp47,chordotonal_organ_neuron,middle_leg_club_chordotonal_organ_neuron,sensory,NA,right,acetylcholine,middle_leg,NA
middle_leg_proprioceptor,720575941484596410,SNpp50,chordotonal_organ_neuron,middle_leg_claw_chordotonal_organ_neuron,sensory,NA,right,acetylcholine,middle_leg,NA
middle_leg_proprioceptor,720575941643444837,SNpp51,chordotonal_organ_neuron,middle_leg_claw_chordotonal_organ_neuron,sensory,NA,right,acetylcholine,middle_leg,NA
middle_leg_proprioceptor,720575941542829085,SNpp39,chordotonal_organ_neuron,middle_leg_hook_chordotonal_organ_neuron,sensory,NA,right,acetylcholine,middle_leg,NA
middle_leg_proprioceptor,720575941660668752,SNpp45,hair_plate_neuron,middle_leg_hair_plate_neuron,sensory,NA,right,acetylcholine,middle_leg,NA
middle_leg_proprioceptor,720575941439928108,SNpp41,chordotonal_organ_neuron,middle_leg_hook_chordotonal_organ_neuron,sensory,NA,right,acetylcholine,middle_leg,NA
middle_leg_proprioceptor,720575941432452527,SNpp60,chordotonal_organ_neuron,middle_leg_club_chordotonal_organ_neuron,sensory,NA,right,acetylcholine,middle_leg,NA
middle_leg_proprioceptor,720575941645455698,SNpp52,hair_plate_neuron,middle_leg_hair_plate_neuron,sensory,NA,right,acetylcholine,middle_leg,NA
middle_leg_proprioceptor,720575941598316188,SNppxx,chordotonal_organ_neuron,middle_leg_club_chordotonal_organ_neuron,sensory,NA,right,acetylcholine,middle_leg,NA
middle_leg_proprioceptor,720575941563893858,SApp23,chordotonal_organ_neuron,middle_leg_club_chordotonal_organ_neuron,sensory_ascending,NA,left,acetylcholine,middle_leg,NA
middle_leg_proprioceptor,720575941507201349,SNpp47,chordotonal_organ_neuron,middle_leg_club_chordotonal_organ_neuron,sensory,NA,right,acetylcholine,middle_leg,NA
middle_leg_proprioceptor,720575941565157474,SNpp58,chordotonal_organ_neuron,middle_leg_club_chordotonal_organ_neuron,sensory,NA,left,acetylcholine,middle_leg,NA
middle_leg_proprioceptor,720575941633585644,SNpp39,chordotonal_organ_neuron,middle_leg_hook_chordotonal_organ_neuron,sensory,NA,right,acetylcholine,middle_leg,NA
middle_leg_proprioceptor,720575941492589031,SNpp39,chordotonal_organ_neuron,middle_leg_hook_chordotonal_organ_neuron,sensory,NA,right,acetylcholine,middle_leg,NA
middle_leg_proprioceptor,720575941539707634,SNpp39,chordotonal_organ_neuron,middle_leg_hook_chordotonal_organ_neuron,sensory,NA,right,acetylcholine,middle_leg,NA
middle_leg_proprioceptor,720575941569239854,SNpp39,chordotonal_organ_neuron,middle_leg_hook_chordotonal_organ_neuron,sensory,NA,right,acetylcholine,middle_leg,NA
middle_leg_proprioceptor,720575941575223656,SNpp39,chordotonal_organ_neuron,middle_leg_hook_chordotonal_organ_neuron,sensory,NA,right,acetylcholine,middle_leg,NA
middle_leg_proprioceptor,720575941555229185,SNpp40,chordotonal_organ_neuron,middle_leg_club_chordotonal_organ_neuron,sensory,NA,right,acetylcholine,middle_leg,NA
middle_leg_proprioceptor,720575941511470864,SNpp41,chordotonal_organ_neuron,middle_leg_hook_chordotonal_organ_neuron,sensory,NA,NA,acetylcholine,middle_leg,NA
middle_leg_proprioceptor,720575941476521780,SNpp44,chordotonal_organ_neuron,middle_leg_chordotonal_organ_neuron,sensory,NA,right,acetylcholine,middle_leg,NA
middle_leg_proprioceptor,720575941563003693,SNpp45,hair_plate_neuron,middle_leg_hair_plate_neuron,sensory,NA,left,acetylcholine,middle_leg,NA
middle_leg_proprioceptor,720575941539919997,SNpp45,hair_plate_neuron,middle_leg_hair_plate_neuron,sensory,NA,right,acetylcholine,middle_leg,NA
middle_leg_proprioceptor,720575941558461455,SNpp47,chordotonal_organ_neuron,middle_leg_club_chordotonal_organ_neuron,sensory,NA,NA,acetylcholine,middle_leg,NA
middle_leg_proprioceptor,720575941538788584,SNpp50,chordotonal_organ_neuron,middle_leg_claw_chordotonal_organ_neuron,sensory,NA,right,acetylcholine,middle_leg,NA
middle_leg_proprioceptor,720575941462851853,SNpp51,chordotonal_organ_neuron,middle_leg_claw_chordotonal_organ_neuron,sensory,NA,right,acetylcholine,middle_leg,NA
middle_leg_proprioceptor,720575941603698617,SNpp58,chordotonal_organ_neuron,middle_leg_club_chordotonal_organ_neuron,sensory,NA,left,acetylcholine,middle_leg,NA
middle_leg_proprioceptor,720575941495086791,SNpp59,chordotonal_organ_neuron,middle_leg_club_chordotonal_organ_neuron,sensory,NA,left,acetylcholine,middle_leg,NA
middle_leg_proprioceptor,720575941485195261,SNppxx,hair_plate_neuron,middle_leg_hair_plate_neuron,sensory,NA,right,acetylcholine,middle_leg,NA
middle_leg_proprioceptor,720575941430111736,SNppxx,hair_plate_neuron,middle_leg_hair_plate_neuron,sensory,NA,NA,acetylcholine,middle_leg,NA
middle_leg_proprioceptor,720575941516244908,SNppxx,chordotonal_organ_neuron,middle_leg_club_chordotonal_organ_neuron,sensory,NA,right,acetylcholine,middle_leg,NA
middle_leg_proprioceptor,720575941496295294,SNppxx,hair_plate_neuron,middle_leg_hair_plate_neuron,sensory,NA,right,acetylcholine,middle_leg,NA
middle_leg_proprioceptor,720575941509176670,SNpp39,chordotonal_organ_neuron,middle_leg_hook_chordotonal_organ_neuron,sensory,NA,right,acetylcholine,middle_leg,NA
middle_leg_proprioceptor,720575941633038496,SNpp57,chordotonal_organ_neuron,middle_leg_club_chordotonal_organ_neuron,sensory,NA,left,acetylcholine,middle_leg,NA
middle_leg_proprioceptor,720575941495194567,SNpp60,chordotonal_organ_neuron,middle_leg_club_chordotonal_organ_neuron,sensory,NA,left,acetylcholine,middle_leg,NA
middle_leg_proprioceptor,720575941565594624,SNpp43,chordotonal_organ_neuron,middle_leg_club_chordotonal_organ_neuron,sensory,NA,right,acetylcholine,middle_leg,NA
middle_leg_proprioceptor,720575941440358111,SNppxx,hair_plate_neuron,middle_leg_hair_plate_neuron,sensory,NA,right,acetylcholine,middle_leg,NA
middle_leg_proprioceptor,720575941435984160,SNpp58,chordotonal_organ_neuron,middle_leg_club_chordotonal_organ_neuron,sensory,NA,left,acetylcholine,middle_leg,NA
middle_leg_proprioceptor,720575941588994103,SNpp47,chordotonal_organ_neuron,middle_leg_club_chordotonal_organ_neuron,sensory,NA,left,acetylcholine,middle_leg,NA
middle_leg_proprioceptor,720575941591858728,SNpp53,campaniform_sensillum_neuron,middle_leg_campaniform_sensillum_neuron,sensory,NA,left,acetylcholine,middle_leg,NA
middle_leg_proprioceptor,720575941496633472,SNpp51,chordotonal_organ_neuron,middle_leg_claw_chordotonal_organ_neuron,sensory,NA,left,acetylcholine,middle_leg,NA
middle_leg_proprioceptor,720575941573309691,SNpp53,campaniform_sensillum_neuron,middle_leg_campaniform_sensillum_neuron,sensory,NA,right,acetylcholine,middle_leg,NA
middle_leg_proprioceptor,720575941471495543,SNpp53,campaniform_sensillum_neuron,middle_leg_campaniform_sensillum_neuron,sensory,NA,right,acetylcholine,middle_leg,NA
middle_leg_proprioceptor,720575941508853086,SNppxx,hair_plate_neuron,middle_leg_hair_plate_neuron,sensory,NA,right,acetylcholine,middle_leg,NA
middle_leg_proprioceptor,720575941435082784,SNpp51,chordotonal_organ_neuron,middle_leg_claw_chordotonal_organ_neuron,sensory,NA,right,acetylcholine,middle_leg,NA
middle_leg_proprioceptor,720575941475322976,SNppxx,hair_plate_neuron,middle_leg_hair_plate_neuron,sensory,NA,right,acetylcholine,middle_leg,NA
middle_leg_proprioceptor,720575941413819537,SNpp52,hair_plate_neuron,middle_leg_hair_plate_neuron,sensory,NA,right,acetylcholine,middle_leg,NA
middle_leg_proprioceptor,720575941431794391,SNpp47,chordotonal_organ_neuron,middle_leg_club_chordotonal_organ_neuron,sensory,NA,left,acetylcholine,middle_leg,NA
middle_leg_proprioceptor,720575941595795158,SNpp51,chordotonal_organ_neuron,middle_leg_claw_chordotonal_organ_neuron,sensory,NA,right,acetylcholine,middle_leg,NA
hind_leg_proprioceptor,720575941535151898,SApp23,chordotonal_organ_neuron,hind_leg_club_chordotonal_organ_neuron,sensory_ascending,NA,right,acetylcholine,hind_leg,NA
hind_leg_proprioceptor,720575941603506622,SApp23,chordotonal_organ_neuron,hind_leg_club_chordotonal_organ_neuron,sensory_ascending,NA,right,acetylcholine,hind_leg,NA
hind_leg_proprioceptor,720575941588545335,SApp23,chordotonal_organ_neuron,hind_leg_club_chordotonal_organ_neuron,sensory_ascending,NA,right,acetylcholine,hind_leg,NA
hind_leg_proprioceptor,720575941702043354,SApp23,chordotonal_organ_neuron,hind_leg_club_chordotonal_organ_neuron,sensory_ascending,NA,left,acetylcholine,hind_leg,NA
hind_leg_proprioceptor,720575941488006197,SApp23,chordotonal_organ_neuron,hind_leg_club_chordotonal_organ_neuron,sensory_ascending,NA,right,acetylcholine,hind_leg,NA
hind_leg_proprioceptor,720575941597339804,SApp23,chordotonal_organ_neuron,hind_leg_club_chordotonal_organ_neuron,sensory_ascending,NA,right,acetylcholine,hind_leg,NA
hind_leg_proprioceptor,720575941442141866,SApp23,chordotonal_organ_neuron,hind_leg_club_chordotonal_organ_neuron,sensory_ascending,NA,right,acetylcholine,hind_leg,NA
hind_leg_proprioceptor,720575941595312517,SApp23,chordotonal_organ_neuron,hind_leg_club_chordotonal_organ_neuron,sensory_ascending,NA,left,acetylcholine,hind_leg,NA
hind_leg_proprioceptor,720575941566814006,SNpp45,hair_plate_neuron,hind_leg_hair_plate_neuron,sensory,NA,left,acetylcholine,hind_leg,NA
hind_leg_proprioceptor,720575941505257010,SNpp45,hair_plate_neuron,hind_leg_hair_plate_neuron,sensory,NA,left,acetylcholine,hind_leg,NA
hind_leg_proprioceptor,720575941533690817,SNpp43,chordotonal_organ_neuron,hind_leg_club_chordotonal_organ_neuron,sensory,NA,right,acetylcholine,hind_leg,NA
hind_leg_proprioceptor,720575941518933427,SNpp43,chordotonal_organ_neuron,hind_leg_club_chordotonal_organ_neuron,sensory,NA,right,acetylcholine,hind_leg,NA
hind_leg_proprioceptor,720575941525578662,SNpp58,chordotonal_organ_neuron,hind_leg_club_chordotonal_organ_neuron,sensory,NA,right,acetylcholine,hind_leg,NA
hind_leg_proprioceptor,720575941605016249,SNpp45,hair_plate_neuron,hind_leg_hair_plate_neuron,sensory,NA,left,acetylcholine,hind_leg,NA
hind_leg_proprioceptor,720575941656329040,SNpp42,chordotonal_organ_neuron,hind_leg_club_chordotonal_organ_neuron,sensory,NA,right,acetylcholine,hind_leg,NA
hind_leg_proprioceptor,720575941563000471,SNpp42,chordotonal_organ_neuron,hind_leg_club_chordotonal_organ_neuron,sensory,NA,left,acetylcholine,hind_leg,NA
hind_leg_proprioceptor,720575941606852461,SNpp46,chordotonal_organ_neuron,hind_leg_club_chordotonal_organ_neuron,sensory,NA,left,acetylcholine,hind_leg,NA
hind_leg_proprioceptor,720575941527843512,SNpp42,chordotonal_organ_neuron,hind_leg_club_chordotonal_organ_neuron,sensory,NA,left,acetylcholine,hind_leg,NA
hind_leg_proprioceptor,720575941438262101,SNpp42,chordotonal_organ_neuron,hind_leg_club_chordotonal_organ_neuron,sensory,NA,left,acetylcholine,hind_leg,NA
hind_leg_proprioceptor,720575941622232060,SNpp42,chordotonal_organ_neuron,hind_leg_club_chordotonal_organ_neuron,sensory,NA,right,acetylcholine,hind_leg,NA
hind_leg_proprioceptor,720575941472177962,SNpp46,chordotonal_organ_neuron,hind_leg_club_chordotonal_organ_neuron,sensory,NA,right,acetylcholine,hind_leg,NA
hind_leg_proprioceptor,720575941511887569,SNpp42,chordotonal_organ_neuron,hind_leg_club_chordotonal_organ_neuron,sensory,NA,right,acetylcholine,hind_leg,NA
hind_leg_proprioceptor,720575941501000791,SNpp42,chordotonal_organ_neuron,hind_leg_club_chordotonal_organ_neuron,sensory,NA,right,acetylcholine,hind_leg,NA
hind_leg_proprioceptor,720575941640449055,SNpp42,chordotonal_organ_neuron,hind_leg_club_chordotonal_organ_neuron,sensory,NA,right,acetylcholine,hind_leg,NA
hind_leg_proprioceptor,720575941467386710,SNppxx,chordotonal_organ_neuron,hind_leg_claw_chordotonal_organ_neuron,sensory,NA,right,acetylcholine,hind_leg,NA
hind_leg_proprioceptor,720575941624930044,SNppxx,hair_plate_neuron,hind_leg_hair_plate_neuron,sensory,NA,right,acetylcholine,hind_leg,NA
hind_leg_proprioceptor,720575941390784918,SNpp47,chordotonal_organ_neuron,hind_leg_club_chordotonal_organ_neuron,sensory,NA,right,acetylcholine,hind_leg,NA
hind_leg_proprioceptor,720575941632486587,SNpp39,chordotonal_organ_neuron,hind_leg_hook_chordotonal_organ_neuron,sensory,NA,right,acetylcholine,hind_leg,NA
hind_leg_proprioceptor,720575941399517475,SNpp60,chordotonal_organ_neuron,hind_leg_club_chordotonal_organ_neuron,sensory,NA,right,acetylcholine,hind_leg,NA
hind_leg_proprioceptor,720575941478015362,SNpp60,chordotonal_organ_neuron,hind_leg_club_chordotonal_organ_neuron,sensory,NA,right,acetylcholine,hind_leg,NA
hind_leg_proprioceptor,720575941410140075,SNpp51,chordotonal_organ_neuron,chordotonal_organ_neuron,sensory,NA,right,acetylcholine,hind_leg,NA
hind_leg_proprioceptor,720575941441982927,SNpp39,chordotonal_organ_neuron,hind_leg_hook_chordotonal_organ_neuron,sensory,NA,right,acetylcholine,hind_leg,NA
hind_leg_proprioceptor,720575941485400528,SNpp58,chordotonal_organ_neuron,hind_leg_club_chordotonal_organ_neuron,sensory,NA,right,acetylcholine,hind_leg,NA
hind_leg_proprioceptor,720575941557939950,SNpp43,chordotonal_organ_neuron,hind_leg_club_chordotonal_organ_neuron,sensory,NA,right,acetylcholine,hind_leg,NA
hind_leg_proprioceptor,720575941669018791,SNpp43,chordotonal_organ_neuron,hind_leg_club_chordotonal_organ_neuron,sensory,NA,right,acetylcholine,hind_leg,NA
hind_leg_proprioceptor,720575941591264619,unknown_sensory,chordotonal_organ_neuron,hind_leg_club_chordotonal_organ_neuron,sensory,NA,right,acetylcholine,hind_leg,NA
hind_leg_proprioceptor,720575941413887260,SNpp58,chordotonal_organ_neuron,hind_leg_club_chordotonal_organ_neuron,sensory,NA,left,acetylcholine,hind_leg,NA
hind_leg_proprioceptor,720575941540242268,SNpp43,chordotonal_organ_neuron,hind_leg_club_chordotonal_organ_neuron,sensory,NA,right,acetylcholine,hind_leg,NA
hind_leg_proprioceptor,720575941456766879,SNpp43,chordotonal_organ_neuron,hind_leg_club_chordotonal_organ_neuron,sensory,NA,right,acetylcholine,hind_leg,NA
hind_leg_proprioceptor,720575941429693432,SNpp43,chordotonal_organ_neuron,hind_leg_club_chordotonal_organ_neuron,sensory,NA,right,acetylcholine,hind_leg,NA
hind_leg_proprioceptor,720575941641371749,SNpp59,chordotonal_organ_neuron,hind_leg_club_chordotonal_organ_neuron,sensory,NA,right,acetylcholine,hind_leg,NA
hind_leg_proprioceptor,720575941567456626,SNpp40,chordotonal_organ_neuron,hind_leg_club_chordotonal_organ_neuron,sensory,NA,right,acetylcholine,hind_leg,NA
hind_leg_proprioceptor,720575941406216622,SNpp43,chordotonal_organ_neuron,hind_leg_club_chordotonal_organ_neuron,sensory,NA,right,acetylcholine,hind_leg,NA
hind_leg_proprioceptor,720575941457013919,SNpp60,chordotonal_organ_neuron,hind_leg_club_chordotonal_organ_neuron,sensory,NA,right,acetylcholine,hind_leg,NA
hind_leg_proprioceptor,720575941641997855,SNpp45,hair_plate_neuron,hind_leg_hair_plate_neuron,sensory,NA,left,acetylcholine,hind_leg,NA
hind_leg_proprioceptor,720575941609046125,SNppxx,hair_plate_neuron,hind_leg_hair_plate_neuron,sensory,NA,right,acetylcholine,hind_leg,NA
hind_leg_proprioceptor,720575941479883599,SNpp47,chordotonal_organ_neuron,hind_leg_club_chordotonal_organ_neuron,sensory,NA,left,acetylcholine,hind_leg,NA
hind_leg_proprioceptor,720575941509554782,SNpp45,hair_plate_neuron,hind_leg_hair_plate_neuron,sensory,NA,left,acetylcholine,hind_leg,NA
hind_leg_proprioceptor,720575941536544995,SNpp45,hair_plate_neuron,hind_leg_hair_plate_neuron,sensory,NA,left,acetylcholine,hind_leg,NA
hind_leg_proprioceptor,720575941548715325,SNpp44,chordotonal_organ_neuron,hind_leg_chordotonal_organ_neuron,sensory,NA,left,gaba,hind_leg,NA
hind_leg_proprioceptor,720575941354239024,SNppxx,hair_plate_neuron,hind_leg_hair_plate_neuron,sensory,NA,left,acetylcholine,hind_leg,NA
hind_leg_proprioceptor,720575941448973134,SNpp41,chordotonal_organ_neuron,hind_leg_hook_chordotonal_organ_neuron,sensory,NA,left,acetylcholine,hind_leg,NA
hind_leg_proprioceptor,720575941392197270,SNpp47,chordotonal_organ_neuron,hind_leg_club_chordotonal_organ_neuron,sensory,NA,left,acetylcholine,hind_leg,NA
hind_leg_proprioceptor,720575941472970592,SNpp41,chordotonal_organ_neuron,hind_leg_hook_chordotonal_organ_neuron,sensory,NA,left,acetylcholine,hind_leg,NA
hind_leg_proprioceptor,720575941431570958,SNpp44,chordotonal_organ_neuron,hind_leg_chordotonal_organ_neuron,sensory,NA,left,gaba,hind_leg,NA
hind_leg_proprioceptor,720575941654896145,SNpp45,hair_plate_neuron,hind_leg_hair_plate_neuron,sensory,NA,left,acetylcholine,hind_leg,NA
hind_leg_proprioceptor,720575941527675524,SNpp41,chordotonal_organ_neuron,hind_leg_hook_chordotonal_organ_neuron,sensory,NA,left,acetylcholine,hind_leg,NA
hind_leg_proprioceptor,720575941530214020,SNpp41,chordotonal_organ_neuron,hind_leg_hook_chordotonal_organ_neuron,sensory,NA,left,acetylcholine,hind_leg,NA
hind_leg_proprioceptor,720575941462371085,SNpp41,chordotonal_organ_neuron,hind_leg_hook_chordotonal_organ_neuron,sensory,NA,left,acetylcholine,hind_leg,NA
hind_leg_proprioceptor,720575941625442300,SNpp45,hair_plate_neuron,hind_leg_hair_plate_neuron,sensory,NA,left,acetylcholine,hind_leg,NA
hind_leg_proprioceptor,720575941567578422,SNpp45,hair_plate_neuron,hind_leg_hair_plate_neuron,sensory,NA,left,acetylcholine,hind_leg,NA
hind_leg_proprioceptor,720575941532317571,SNpp53,campaniform_sensillum_neuron,hind_leg_bilateral_campaniform_sensillum_neuron,sensory,NA,left,acetylcholine,hind_leg,NA
hind_leg_proprioceptor,720575941548810676,SNpp45,hair_plate_neuron,hind_leg_hair_plate_neuron,sensory,NA,left,acetylcholine,hind_leg,NA
hind_leg_proprioceptor,720575941554028059,SNpp45,hair_plate_neuron,hind_leg_hair_plate_neuron,sensory,NA,left,acetylcholine,hind_leg,NA
hind_leg_proprioceptor,720575941484698365,SNpp45,hair_plate_neuron,hind_leg_hair_plate_neuron,sensory,NA,left,acetylcholine,hind_leg,NA
hind_leg_proprioceptor,720575941561355535,SNpp45,hair_plate_neuron,hind_leg_hair_plate_neuron,sensory,NA,left,acetylcholine,hind_leg,NA
hind_leg_proprioceptor,720575941609150317,SNpp45,hair_plate_neuron,hind_leg_hair_plate_neuron,sensory,NA,left,acetylcholine,hind_leg,NA
hind_leg_proprioceptor,720575941460857232,SNpp50,chordotonal_organ_neuron,hind_leg_claw_chordotonal_organ_neuron,sensory,NA,left,acetylcholine,hind_leg,NA
hind_leg_proprioceptor,720575941442531519,SNppxx,hair_plate_neuron,hind_leg_hair_plate_neuron,sensory,NA,left,acetylcholine,hind_leg,NA
hind_leg_proprioceptor,720575941455434477,SNpp47,chordotonal_organ_neuron,hind_leg_club_chordotonal_organ_neuron,sensory,NA,left,acetylcholine,hind_leg,NA
hind_leg_proprioceptor,720575941587218822,SNppxx,hair_plate_neuron,hind_leg_hair_plate_neuron,sensory,NA,left,acetylcholine,hind_leg,NA
hind_leg_proprioceptor,720575941564567094,SNpp60,chordotonal_organ_neuron,hind_leg_club_chordotonal_organ_neuron,sensory,NA,left,acetylcholine,hind_leg,NA
hind_leg_proprioceptor,720575941391840918,SNpp42,chordotonal_organ_neuron,hind_leg_club_chordotonal_organ_neuron,sensory,NA,left,acetylcholine,hind_leg,NA
hind_leg_proprioceptor,720575941476260916,SNpp58,chordotonal_organ_neuron,hind_leg_club_chordotonal_organ_neuron,sensory,NA,left,acetylcholine,hind_leg,NA
hind_leg_proprioceptor,720575941632678892,SNpp39,chordotonal_organ_neuron,hind_leg_hook_chordotonal_organ_neuron,sensory,NA,left,acetylcholine,hind_leg,NA
hind_leg_proprioceptor,720575941612723629,SNpp39,chordotonal_organ_neuron,hind_leg_hook_chordotonal_organ_neuron,sensory,NA,left,acetylcholine,hind_leg,NA
hind_leg_proprioceptor,720575941686760943,SNpp44,chordotonal_organ_neuron,hind_leg_chordotonal_organ_neuron,sensory,NA,left,gaba,hind_leg,NA
hind_leg_proprioceptor,720575941484179130,SNpp39,chordotonal_organ_neuron,hind_leg_hook_chordotonal_organ_neuron,sensory,NA,left,acetylcholine,hind_leg,NA
hind_leg_proprioceptor,720575941351530032,SNpp51,chordotonal_organ_neuron,hind_leg_claw_chordotonal_organ_neuron,sensory,NA,left,acetylcholine,hind_leg,NA
hind_leg_proprioceptor,720575941657313048,SNpp56,chordotonal_organ_neuron,hind_leg_club_chordotonal_organ_neuron,sensory,NA,left,acetylcholine,hind_leg,NA
hind_leg_proprioceptor,720575941483890061,SNpp60,chordotonal_organ_neuron,hind_leg_club_chordotonal_organ_neuron,sensory,NA,right,acetylcholine,hind_leg,NA
hind_leg_proprioceptor,720575941565144423,SNpp60,chordotonal_organ_neuron,hind_leg_club_chordotonal_organ_neuron,sensory,NA,right,acetylcholine,hind_leg,NA
hind_leg_proprioceptor,720575941391425540,SNpp53,campaniform_sensillum_neuron,hind_leg_bilateral_campaniform_sensillum_neuron,sensory,NA,left,acetylcholine,hind_leg,NA
hind_leg_proprioceptor,720575941484176314,SNpp45,hair_plate_neuron,hind_leg_hair_plate_neuron,sensory,NA,left,acetylcholine,hind_leg,NA
hind_leg_proprioceptor,720575941555141274,SNppxx,hair_plate_neuron,hind_leg_hair_plate_neuron,sensory,NA,left,acetylcholine,hind_leg,NA
hind_leg_proprioceptor,720575941525500749,SApp23,chordotonal_organ_neuron,hind_leg_club_chordotonal_organ_neuron,sensory,NA,right,acetylcholine,hind_leg,NA
hind_leg_proprioceptor,720575941565152054,SNppxx,hair_plate_neuron,hind_leg_hair_plate_neuron,sensory,NA,right,acetylcholine,hind_leg,NA
hind_leg_proprioceptor,720575941406989742,SNpp47,chordotonal_organ_neuron,hind_leg_club_chordotonal_organ_neuron,sensory,NA,right,acetylcholine,hind_leg,NA
hind_leg_proprioceptor,720575941639848309,SNppxx,chordotonal_organ_neuron,hind_leg_claw_chordotonal_organ_neuron,sensory,NA,right,acetylcholine,hind_leg,NA
hind_leg_proprioceptor,720575941564054935,SNpp50,chordotonal_organ_neuron,hind_leg_claw_chordotonal_organ_neuron,sensory,NA,left,acetylcholine,hind_leg,NA
hind_leg_proprioceptor,720575941534010261,SNpp47,chordotonal_organ_neuron,hind_leg_club_chordotonal_organ_neuron,sensory,NA,right,acetylcholine,hind_leg,NA
hind_leg_proprioceptor,720575941480087275,SNpp56,chordotonal_organ_neuron,hind_leg_club_chordotonal_organ_neuron,sensory,NA,right,acetylcholine,hind_leg,NA
hind_leg_proprioceptor,720575941611783388,SNpp56,chordotonal_organ_neuron,hind_leg_club_chordotonal_organ_neuron,sensory,NA,left,acetylcholine,hind_leg,NA
hind_leg_proprioceptor,720575941591449896,SNpp60,chordotonal_organ_neuron,hind_leg_club_chordotonal_organ_neuron,sensory,NA,left,acetylcholine,hind_leg,NA
hind_leg_proprioceptor,720575941536010984,SNpp60,chordotonal_organ_neuron,hind_leg_club_chordotonal_organ_neuron,sensory,NA,right,acetylcholine,hind_leg,NA
hind_leg_proprioceptor,720575941470247744,SNpp56,chordotonal_organ_neuron,hind_leg_club_chordotonal_organ_neuron,sensory,NA,left,acetylcholine,hind_leg,NA
hind_leg_proprioceptor,720575941409200175,SNppxx,chordotonal_organ_neuron,hind_leg_claw_chordotonal_organ_neuron,sensory,NA,left,acetylcholine,hind_leg,NA
hind_leg_proprioceptor,720575941504784549,SNpp40,chordotonal_organ_neuron,hind_leg_club_chordotonal_organ_neuron,sensory,NA,left,acetylcholine,hind_leg,NA
hind_leg_proprioceptor,720575941533239701,SNpp60,chordotonal_organ_neuron,hind_leg_club_chordotonal_organ_neuron,sensory,NA,left,acetylcholine,hind_leg,NA
hind_leg_proprioceptor,720575941465428054,SNpp45,hair_plate_neuron,hind_leg_hair_plate_neuron,sensory,NA,left,acetylcholine,hind_leg,NA
hind_leg_proprioceptor,720575941473385770,SNpp53,campaniform_sensillum_neuron,hind_leg_bilateral_campaniform_sensillum_neuron,sensory,NA,right,acetylcholine,hind_leg,NA
hind_leg_proprioceptor,720575941595449302,SNpp39,chordotonal_organ_neuron,hind_leg_hook_chordotonal_organ_neuron,sensory,NA,right,acetylcholine,hind_leg,NA
hind_leg_proprioceptor,720575941589671506,SNpp60,chordotonal_organ_neuron,hind_leg_club_chordotonal_organ_neuron,sensory,NA,left,acetylcholine,hind_leg,NA
hind_leg_proprioceptor,720575941635067323,SNpp41,chordotonal_organ_neuron,hind_leg_hook_chordotonal_organ_neuron,sensory,NA,right,acetylcholine,hind_leg,NA
hind_leg_proprioceptor,720575941434027662,SNpp39,chordotonal_organ_neuron,hind_leg_hook_chordotonal_organ_neuron,sensory,NA,left,acetylcholine,hind_leg,NA
hind_leg_proprioceptor,720575941483599299,SNppxx,hair_plate_neuron,hind_leg_hair_plate_neuron,sensory,NA,right,acetylcholine,hind_leg,NA
hind_leg_proprioceptor,720575941577512808,SNppxx,hair_plate_neuron,hind_leg_hair_plate_neuron,sensory,NA,right,acetylcholine,hind_leg,NA
hind_leg_proprioceptor,720575941409735215,SNpp45,hair_plate_neuron,hind_leg_hair_plate_neuron,sensory,NA,right,acetylcholine,hind_leg,NA
hind_leg_proprioceptor,720575941553757185,SNpp55,chordotonal_organ_neuron,hind_leg_chordotonal_organ_neuron,sensory,NA,right,acetylcholine,hind_leg,NA
hind_leg_proprioceptor,720575941506987554,SNpp52,hair_plate_neuron,hind_leg_hair_plate_neuron,sensory,NA,right,acetylcholine,hind_leg,NA
hind_leg_proprioceptor,720575941691004056,SNpp52,hair_plate_neuron,hind_leg_hair_plate_neuron,sensory,NA,right,acetylcholine,hind_leg,NA
hind_leg_proprioceptor,720575941629078764,SNpp47,chordotonal_organ_neuron,hind_leg_club_chordotonal_organ_neuron,sensory,NA,right,acetylcholine,hind_leg,NA
hind_leg_proprioceptor,720575941529743236,SNppxx,hair_plate_neuron,hind_leg_hair_plate_neuron,sensory,NA,right,acetylcholine,hind_leg,NA
hind_leg_proprioceptor,720575941524190283,SNppxx,hair_plate_neuron,hind_leg_hair_plate_neuron,sensory,NA,right,acetylcholine,hind_leg,NA
hind_leg_proprioceptor,720575941671407271,SNpp50,chordotonal_organ_neuron,hind_leg_claw_chordotonal_organ_neuron,sensory,NA,NA,acetylcholine,hind_leg,NA
hind_leg_proprioceptor,720575941645618337,SNpp39,chordotonal_organ_neuron,hind_leg_hook_chordotonal_organ_neuron,sensory,NA,right,acetylcholine,hind_leg,NA
hind_leg_proprioceptor,720575941664626812,SNpp50,chordotonal_organ_neuron,hind_leg_claw_chordotonal_organ_neuron,sensory,NA,right,acetylcholine,hind_leg,NA
hind_leg_proprioceptor,720575941580572149,SNpp45,hair_plate_neuron,hind_leg_hair_plate_neuron,sensory,NA,left,acetylcholine,hind_leg,NA
hind_leg_proprioceptor,720575941536409571,SNpp60,chordotonal_organ_neuron,hind_leg_club_chordotonal_organ_neuron,sensory,NA,right,acetylcholine,hind_leg,NA
hind_leg_proprioceptor,720575941584446815,SNpp52,hair_plate_neuron,hind_leg_hair_plate_neuron,sensory,NA,left,acetylcholine,hind_leg,NA
hind_leg_proprioceptor,720575941487174918,SNpp39,chordotonal_organ_neuron,hind_leg_hook_chordotonal_organ_neuron,sensory,NA,right,acetylcholine,hind_leg,NA
hind_leg_proprioceptor,720575941564199063,SNpp39,chordotonal_organ_neuron,hind_leg_hook_chordotonal_organ_neuron,sensory,NA,right,acetylcholine,hind_leg,NA
hind_leg_proprioceptor,720575941612551132,SNpp50,chordotonal_organ_neuron,hind_leg_claw_chordotonal_organ_neuron,sensory,NA,left,acetylcholine,hind_leg,NA
hind_leg_proprioceptor,720575941573239965,SNpp50,chordotonal_organ_neuron,hind_leg_claw_chordotonal_organ_neuron,sensory,NA,right,acetylcholine,hind_leg,NA
hind_leg_proprioceptor,720575941589669714,SNpp60,chordotonal_organ_neuron,hind_leg_club_chordotonal_organ_neuron,sensory,NA,left,acetylcholine,hind_leg,NA
hind_leg_proprioceptor,720575941575292680,SNpp39,chordotonal_organ_neuron,hind_leg_hook_chordotonal_organ_neuron,sensory,NA,right,acetylcholine,hind_leg,NA
hind_leg_proprioceptor,720575941470088203,SNpp50,chordotonal_organ_neuron,hind_leg_claw_chordotonal_organ_neuron,sensory,NA,right,acetylcholine,hind_leg,NA
hind_leg_proprioceptor,720575941489390281,SNpp49,chordotonal_organ_neuron,hind_leg_chordotonal_organ_neuron,sensory,NA,right,acetylcholine,hind_leg,NA
hind_leg_proprioceptor,720575941612452838,SNppxx,chordotonal_organ_neuron,hind_leg_claw_chordotonal_organ_neuron,sensory,NA,left,acetylcholine,hind_leg,NA
hind_leg_proprioceptor,720575941664773756,SNpp39,chordotonal_organ_neuron,hind_leg_hook_chordotonal_organ_neuron,sensory,NA,NA,acetylcholine,hind_leg,NA
hind_leg_proprioceptor,720575941587147486,SNpp39,chordotonal_organ_neuron,hind_leg_hook_chordotonal_organ_neuron,sensory,NA,left,acetylcholine,hind_leg,NA
hind_leg_proprioceptor,720575941471742762,SNpp43,chordotonal_organ_neuron,hind_leg_club_chordotonal_organ_neuron,sensory,NA,right,acetylcholine,hind_leg,NA
hind_leg_proprioceptor,720575941477912372,SNpp39,chordotonal_organ_neuron,hind_leg_hook_chordotonal_organ_neuron,sensory,NA,right,acetylcholine,hind_leg,NA
hind_leg_proprioceptor,720575941452587386,SNpp39,chordotonal_organ_neuron,hind_leg_hook_chordotonal_organ_neuron,sensory,NA,right,acetylcholine,hind_leg,NA
hind_leg_proprioceptor,720575941403178275,SNpp41,chordotonal_organ_neuron,hind_leg_hook_chordotonal_organ_neuron,sensory,NA,right,acetylcholine,hind_leg,NA
hind_leg_proprioceptor,720575941516845059,SNpp60,chordotonal_organ_neuron,hind_leg_club_chordotonal_organ_neuron,sensory,NA,right,acetylcholine,hind_leg,NA
hind_leg_proprioceptor,720575941557322660,SNpp50,chordotonal_organ_neuron,hind_leg_claw_chordotonal_organ_neuron,sensory,NA,right,acetylcholine,hind_leg,NA
hind_leg_proprioceptor,720575941538791139,SNpp39,chordotonal_organ_neuron,hind_leg_hook_chordotonal_organ_neuron,sensory,NA,right,acetylcholine,hind_leg,NA
hind_leg_proprioceptor,720575941538237160,SNpp39,chordotonal_organ_neuron,hind_leg_hook_chordotonal_organ_neuron,sensory,NA,right,acetylcholine,hind_leg,NA
hind_leg_proprioceptor,720575941556313171,SNppxx,hair_plate_neuron,hind_leg_hair_plate_neuron,sensory,NA,right,acetylcholine,hind_leg,NA
hind_leg_proprioceptor,720575941417249308,SNpp45,hair_plate_neuron,hind_leg_hair_plate_neuron,sensory,NA,NA,acetylcholine,hind_leg,NA
hind_leg_proprioceptor,720575941560431219,SNpp50,chordotonal_organ_neuron,hind_leg_claw_chordotonal_organ_neuron,sensory,NA,right,acetylcholine,hind_leg,NA
hind_leg_proprioceptor,720575941471674666,SNpp50,chordotonal_organ_neuron,hind_leg_claw_chordotonal_organ_neuron,sensory,NA,right,acetylcholine,hind_leg,NA
hind_leg_proprioceptor,720575941539248253,SNpp43,chordotonal_organ_neuron,hind_leg_club_chordotonal_organ_neuron,sensory,NA,right,acetylcholine,hind_leg,NA
hind_leg_proprioceptor,720575941475224672,SNpp59,chordotonal_organ_neuron,hind_leg_club_chordotonal_organ_neuron,sensory,NA,right,acetylcholine,hind_leg,NA
hind_leg_proprioceptor,720575941515934457,SNpp50,chordotonal_organ_neuron,hind_leg_claw_chordotonal_organ_neuron,sensory,NA,left,acetylcholine,hind_leg,NA
hind_leg_proprioceptor,720575941471740458,SNpp43,chordotonal_organ_neuron,hind_leg_club_chordotonal_organ_neuron,sensory,NA,right,acetylcholine,hind_leg,NA
hind_leg_proprioceptor,720575941669802929,SNpp60,chordotonal_organ_neuron,hind_leg_club_chordotonal_organ_neuron,sensory,NA,left,acetylcholine,hind_leg,NA
hind_leg_proprioceptor,720575941625057125,SNpp50,chordotonal_organ_neuron,hind_leg_claw_chordotonal_organ_neuron,sensory,NA,left,acetylcholine,hind_leg,NA
hind_leg_proprioceptor,720575941506984482,SNpp50,chordotonal_organ_neuron,hind_leg_claw_chordotonal_organ_neuron,sensory,NA,left,acetylcholine,hind_leg,NA
hind_leg_proprioceptor,720575941481950659,SNpp50,chordotonal_organ_neuron,hind_leg_claw_chordotonal_organ_neuron,sensory,NA,left,acetylcholine,hind_leg,NA
hind_leg_proprioceptor,720575941535154970,SNpp52,hair_plate_neuron,hind_leg_hair_plate_neuron,sensory,NA,left,acetylcholine,hind_leg,NA
hind_leg_proprioceptor,720575941546713971,SNpp50,chordotonal_organ_neuron,hind_leg_claw_chordotonal_organ_neuron,sensory,NA,left,acetylcholine,hind_leg,NA
hind_leg_proprioceptor,720575941401760803,SNpp52,campaniform_sensillum_neuron,front_leg_campaniform_sensillum_neuron,sensory,NA,left,acetylcholine,hind_leg,NA
hind_leg_proprioceptor,720575941584957406,SNpp50,chordotonal_organ_neuron,hind_leg_claw_chordotonal_organ_neuron,sensory,NA,left,acetylcholine,hind_leg,NA
hind_leg_proprioceptor,720575941509263489,SNppxx,hair_plate_neuron,hind_leg_hair_plate_neuron,sensory,NA,right,acetylcholine,hind_leg,NA
hind_leg_proprioceptor,720575941515810371,SNppxx,hair_plate_neuron,hind_leg_hair_plate_neuron,sensory,NA,right,acetylcholine,hind_leg,NA
hind_leg_proprioceptor,720575941442644943,SNppxx,hair_plate_neuron,hind_leg_hair_plate_neuron,sensory,NA,right,acetylcholine,hind_leg,NA
hind_leg_proprioceptor,720575941430099704,SNpp50,chordotonal_organ_neuron,hind_leg_claw_chordotonal_organ_neuron,sensory,NA,right,acetylcholine,hind_leg,NA
hind_leg_proprioceptor,720575941468551947,SNpp47,chordotonal_organ_neuron,hind_leg_club_chordotonal_organ_neuron,sensory,NA,right,acetylcholine,hind_leg,NA
hind_leg_proprioceptor,720575941479827363,SNpp50,chordotonal_organ_neuron,hind_leg_claw_chordotonal_organ_neuron,sensory,NA,right,acetylcholine,hind_leg,NA
hind_leg_proprioceptor,720575941564242530,SNpp52,hair_plate_neuron,hind_leg_hair_plate_neuron,sensory,NA,right,acetylcholine,hind_leg,NA
hind_leg_proprioceptor,720575941392596118,SNpp52,hair_plate_neuron,hind_leg_hair_plate_neuron,sensory,NA,right,acetylcholine,hind_leg,NA
hind_leg_proprioceptor,720575941632724972,SNppxx,hair_plate_neuron,hind_leg_hair_plate_neuron,sensory,NA,right,acetylcholine,hind_leg,NA
hind_leg_proprioceptor,720575941392417174,SNpp50,chordotonal_organ_neuron,hind_leg_claw_chordotonal_organ_neuron,sensory,NA,right,acetylcholine,hind_leg,NA
hind_leg_proprioceptor,720575941455306221,SNpp50,chordotonal_organ_neuron,hind_leg_claw_chordotonal_organ_neuron,sensory,NA,right,acetylcholine,hind_leg,NA
hind_leg_proprioceptor,720575941627221286,SNpp51,chordotonal_organ_neuron,hind_leg_claw_chordotonal_organ_neuron,sensory,NA,right,acetylcholine,hind_leg,NA
hind_leg_proprioceptor,720575941558018163,SNpp50,chordotonal_organ_neuron,hind_leg_claw_chordotonal_organ_neuron,sensory,NA,right,acetylcholine,hind_leg,NA
hind_leg_proprioceptor,720575941468532343,SNpp52,hair_plate_neuron,hind_leg_hair_plate_neuron,sensory,NA,right,acetylcholine,hind_leg,NA
hind_leg_proprioceptor,720575941553736731,SNpp50,chordotonal_organ_neuron,hind_leg_claw_chordotonal_organ_neuron,sensory,NA,left,acetylcholine,hind_leg,NA
hind_leg_proprioceptor,720575941431911928,SNpp39,chordotonal_organ_neuron,hind_leg_hook_chordotonal_organ_neuron,sensory,NA,right,acetylcholine,hind_leg,NA
hind_leg_proprioceptor,720575941687916251,SNpp50,chordotonal_organ_neuron,hind_leg_claw_chordotonal_organ_neuron,sensory,NA,left,acetylcholine,hind_leg,NA
hind_leg_proprioceptor,720575941547889697,SNpp41,chordotonal_organ_neuron,hind_leg_hook_chordotonal_organ_neuron,sensory,NA,left,acetylcholine,hind_leg,NA
hind_leg_proprioceptor,720575941503646514,SNpp41,chordotonal_organ_neuron,hind_leg_hook_chordotonal_organ_neuron,sensory,NA,left,acetylcholine,hind_leg,NA
hind_leg_proprioceptor,720575941465967894,SNpp59,chordotonal_organ_neuron,hind_leg_club_chordotonal_organ_neuron,sensory,NA,left,acetylcholine,hind_leg,NA
hind_leg_proprioceptor,720575941556215524,SNpp39,chordotonal_organ_neuron,hind_leg_hook_chordotonal_organ_neuron,sensory,NA,left,acetylcholine,hind_leg,NA
hind_leg_proprioceptor,720575941402503459,SNpp45,hair_plate_neuron,hind_leg_hair_plate_neuron,sensory,NA,right,acetylcholine,hind_leg,NA
hind_leg_proprioceptor,720575941626965450,SNpp52,hair_plate_neuron,hind_leg_hair_plate_neuron,sensory,NA,right,acetylcholine,hind_leg,NA
hind_leg_proprioceptor,720575941480185579,SNpp47,chordotonal_organ_neuron,hind_leg_club_chordotonal_organ_neuron,sensory,NA,right,acetylcholine,hind_leg,NA
hind_leg_proprioceptor,720575941464396045,SNppxx,hair_plate_neuron,hind_leg_hair_plate_neuron,sensory,NA,right,acetylcholine,hind_leg,NA
hind_leg_proprioceptor,720575941485577026,SNpp50,chordotonal_organ_neuron,hind_leg_claw_chordotonal_organ_neuron,sensory,NA,NA,acetylcholine,hind_leg,NA
hind_leg_proprioceptor,720575941561382189,SNpp52,hair_plate_neuron,hind_leg_hair_plate_neuron,sensory,NA,right,acetylcholine,hind_leg,NA
hind_leg_proprioceptor,720575941658931792,SNpp50,chordotonal_organ_neuron,hind_leg_claw_chordotonal_organ_neuron,sensory,NA,right,acetylcholine,hind_leg,NA
hind_leg_proprioceptor,720575941392178838,SNpp60,chordotonal_organ_neuron,hind_leg_club_chordotonal_organ_neuron,sensory,NA,NA,acetylcholine,hind_leg,NA
hind_leg_proprioceptor,720575941392252310,SNpp60,chordotonal_organ_neuron,hind_leg_club_chordotonal_organ_neuron,sensory,NA,NA,acetylcholine,hind_leg,NA
hind_leg_proprioceptor,720575941485211533,SNpp47,chordotonal_organ_neuron,hind_leg_club_chordotonal_organ_neuron,sensory,NA,NA,acetylcholine,hind_leg,NA
hind_leg_proprioceptor,720575941591662376,SNpp47,chordotonal_organ_neuron,hind_leg_club_chordotonal_organ_neuron,sensory,NA,NA,acetylcholine,hind_leg,NA
hind_leg_proprioceptor,720575941612742573,SNpp39,chordotonal_organ_neuron,hind_leg_hook_chordotonal_organ_neuron,sensory,NA,left,acetylcholine,hind_leg,NA
hind_leg_proprioceptor,720575941451068538,SNpp50,chordotonal_organ_neuron,hind_leg_claw_chordotonal_organ_neuron,sensory,NA,left,acetylcholine,hind_leg,NA
hind_leg_proprioceptor,720575941577762137,SNpp50,chordotonal_organ_neuron,hind_leg_claw_chordotonal_organ_neuron,sensory,NA,left,acetylcholine,hind_leg,NA
hind_leg_proprioceptor,720575941466750486,SNppxx,hair_plate_neuron,hind_leg_hair_plate_neuron,sensory,NA,right,acetylcholine,hind_leg,NA
hind_leg_proprioceptor,720575941623330556,SNpp52,hair_plate_neuron,hind_leg_hair_plate_neuron,sensory,NA,right,acetylcholine,hind_leg,NA
hind_leg_proprioceptor,720575941400265763,SNpp58,chordotonal_organ_neuron,hind_leg_club_chordotonal_organ_neuron,sensory,NA,left,acetylcholine,hind_leg,NA
hind_leg_proprioceptor,720575941513764172,SNpp45,hair_plate_neuron,hind_leg_hair_plate_neuron,sensory,NA,left,acetylcholine,hind_leg,NA
hind_leg_proprioceptor,720575941578924533,SNpp60,chordotonal_organ_neuron,hind_leg_club_chordotonal_organ_neuron,sensory,NA,left,acetylcholine,hind_leg,NA
hind_leg_proprioceptor,720575941565072694,SNpp47,chordotonal_organ_neuron,hind_leg_club_chordotonal_organ_neuron,sensory,NA,right,acetylcholine,hind_leg,NA
hind_leg_proprioceptor,720575941690741400,SNpp59,chordotonal_organ_neuron,hind_leg_club_chordotonal_organ_neuron,sensory,NA,right,acetylcholine,hind_leg,NA
hind_leg_proprioceptor,720575941628897574,SNpp43,chordotonal_organ_neuron,hind_leg_club_chordotonal_organ_neuron,sensory,NA,left,acetylcholine,hind_leg,NA
hind_leg_proprioceptor,720575941497518203,SNpp39,chordotonal_organ_neuron,hind_leg_hook_chordotonal_organ_neuron,sensory,NA,right,acetylcholine,hind_leg,NA
hind_leg_proprioceptor,720575941523326283,SNpp52,hair_plate_neuron,hind_leg_hair_plate_neuron,sensory,NA,left,acetylcholine,hind_leg,NA
hind_leg_proprioceptor,720575941544083804,SNppxx,hair_plate_neuron,hind_leg_hair_plate_neuron,sensory,NA,left,acetylcholine,hind_leg,NA
hind_leg_proprioceptor,720575941442265435,SNpp45,hair_plate_neuron,hind_leg_hair_plate_neuron,sensory,NA,left,acetylcholine,hind_leg,NA
hind_leg_proprioceptor,720575941611812170,SNppxx,chordotonal_organ_neuron,hind_leg_chordotonal_organ_neuron,sensory,NA,right,acetylcholine,hind_leg,NA
hind_leg_proprioceptor,720575941439310303,SApp23,chordotonal_organ_neuron,hind_leg_club_chordotonal_organ_neuron,sensory,NA,left,acetylcholine,hind_leg,NA
hind_leg_proprioceptor,720575941462115795,SNpp45,hair_plate_neuron,hind_leg_hair_plate_neuron,sensory,NA,left,acetylcholine,hind_leg,NA
hind_leg_proprioceptor,720575941469229021,SNpp41,chordotonal_organ_neuron,hind_leg_hook_chordotonal_organ_neuron,sensory,NA,left,acetylcholine,hind_leg,NA
hind_leg_proprioceptor,720575941450753658,SNpp60,chordotonal_organ_neuron,hind_leg_club_chordotonal_organ_neuron,sensory,NA,left,acetylcholine,hind_leg,NA
hind_leg_proprioceptor,720575941560641262,SNppxx,chordotonal_organ_neuron,hind_leg_claw_chordotonal_organ_neuron,sensory,NA,left,acetylcholine,hind_leg,NA
hind_leg_proprioceptor,720575941626469322,SNpp60,chordotonal_organ_neuron,hind_leg_club_chordotonal_organ_neuron,sensory,NA,left,acetylcholine,hind_leg,NA
hind_leg_proprioceptor,720575941540252309,SNpp39,chordotonal_organ_neuron,hind_leg_hook_chordotonal_organ_neuron,sensory,NA,right,acetylcholine,hind_leg,NA
hind_leg_proprioceptor,720575941610808906,SNpp51,chordotonal_organ_neuron,hind_leg_claw_chordotonal_organ_neuron,sensory,NA,left,acetylcholine,hind_leg,NA
hind_leg_proprioceptor,720575941456263274,SNpp56,chordotonal_organ_neuron,hind_leg_club_chordotonal_organ_neuron,sensory,NA,right,acetylcholine,hind_leg,NA
hind_leg_proprioceptor,720575941476734529,SNpp56,chordotonal_organ_neuron,hind_leg_club_chordotonal_organ_neuron,sensory,NA,right,acetylcholine,hind_leg,NA
hind_leg_proprioceptor,720575941657704216,SNpp47,chordotonal_organ_neuron,hind_leg_club_chordotonal_organ_neuron,sensory,NA,right,acetylcholine,hind_leg,NA
hind_leg_proprioceptor,720575941456265578,SNpp60,chordotonal_organ_neuron,hind_leg_club_chordotonal_organ_neuron,sensory,NA,right,acetylcholine,hind_leg,NA
hind_leg_proprioceptor,720575941536728808,SNpp56,chordotonal_organ_neuron,hind_leg_club_chordotonal_organ_neuron,sensory,NA,right,acetylcholine,hind_leg,NA
hind_leg_proprioceptor,720575941731743787,SNpp56,chordotonal_organ_neuron,hind_leg_club_chordotonal_organ_neuron,sensory,NA,right,acetylcholine,hind_leg,NA
hind_leg_proprioceptor,720575941724397114,SNpp39,chordotonal_organ_neuron,hind_leg_hook_chordotonal_organ_neuron,sensory,NA,right,acetylcholine,hind_leg,NA
hind_leg_proprioceptor,720575941629118777,SNppxx,hair_plate_neuron,hind_leg_hair_plate_neuron,sensory,NA,left,acetylcholine,hind_leg,NA
hind_leg_proprioceptor,720575941460200256,SNpp56,chordotonal_organ_neuron,hind_leg_club_chordotonal_organ_neuron,sensory,NA,right,acetylcholine,hind_leg,NA
hind_leg_proprioceptor,720575941460202048,SNpp55,chordotonal_organ_neuron,hind_leg_chordotonal_organ_neuron,sensory,NA,right,acetylcholine,hind_leg,NA
hind_leg_proprioceptor,720575941586443998,SNpp55,chordotonal_organ_neuron,hind_leg_chordotonal_organ_neuron,sensory,NA,right,acetylcholine,hind_leg,NA
hind_leg_proprioceptor,720575941638471541,SApp23,chordotonal_organ_neuron,hind_leg_club_chordotonal_organ_neuron,sensory,NA,right,acetylcholine,hind_leg,NA
hind_leg_proprioceptor,720575941497379195,SNpp60,chordotonal_organ_neuron,hind_leg_club_chordotonal_organ_neuron,sensory,NA,right,acetylcholine,hind_leg,NA
hind_leg_proprioceptor,720575941478206513,SNppxx,chordotonal_organ_neuron,hind_leg_claw_chordotonal_organ_neuron,sensory,NA,left,acetylcholine,hind_leg,NA
hind_leg_proprioceptor,720575941468570379,SNpp60,chordotonal_organ_neuron,hind_leg_club_chordotonal_organ_neuron,sensory,NA,right,acetylcholine,hind_leg,NA
hind_leg_proprioceptor,720575941594057686,SNpp52,hair_plate_neuron,hind_leg_hair_plate_neuron,sensory,NA,right,acetylcholine,hind_leg,NA
hind_leg_proprioceptor,720575941544495645,SNpp50,chordotonal_organ_neuron,hind_leg_claw_chordotonal_organ_neuron,sensory,NA,right,acetylcholine,hind_leg,NA
hind_leg_proprioceptor,720575941476488251,SNppxx,chordotonal_organ_neuron,hind_leg_chordotonal_organ_neuron,sensory,NA,right,acetylcholine,hind_leg,NA
hind_leg_proprioceptor,720575941432143374,SNpp40,chordotonal_organ_neuron,hind_leg_club_chordotonal_organ_neuron,sensory,NA,right,acetylcholine,hind_leg,NA
hind_leg_proprioceptor,720575941656125913,SNpp45,hair_plate_neuron,hind_leg_hair_plate_neuron,sensory,NA,right,acetylcholine,hind_leg,NA
hind_leg_proprioceptor,720575941733859115,SNpp45,hair_plate_neuron,hind_leg_hair_plate_neuron,sensory,NA,right,acetylcholine,hind_leg,NA
hind_leg_proprioceptor,720575941489148624,SNpp39,chordotonal_organ_neuron,hind_leg_hook_chordotonal_organ_neuron,sensory,NA,right,acetylcholine,hind_leg,NA
hind_leg_proprioceptor,720575941478391348,SNpp39,chordotonal_organ_neuron,hind_leg_hook_chordotonal_organ_neuron,sensory,NA,right,acetylcholine,hind_leg,NA
hind_leg_proprioceptor,720575941486467981,SNpp60,chordotonal_organ_neuron,hind_leg_club_chordotonal_organ_neuron,sensory,NA,right,acetylcholine,hind_leg,NA
hind_leg_proprioceptor,720575941656126425,SNpp45,hair_plate_neuron,hind_leg_hair_plate_neuron,sensory,NA,right,acetylcholine,hind_leg,NA
hind_leg_proprioceptor,720575941426845012,SNpp60,chordotonal_organ_neuron,hind_leg_club_chordotonal_organ_neuron,sensory,NA,right,acetylcholine,hind_leg,NA
hind_leg_proprioceptor,720575941480094699,SNpp43,chordotonal_organ_neuron,hind_leg_club_chordotonal_organ_neuron,sensory,NA,right,acetylcholine,hind_leg,NA
hind_leg_proprioceptor,720575941572605000,SNpp41,chordotonal_organ_neuron,hind_leg_hook_chordotonal_organ_neuron,sensory,NA,right,acetylcholine,hind_leg,NA
hind_leg_proprioceptor,720575941476161585,SNpp60,chordotonal_organ_neuron,hind_leg_club_chordotonal_organ_neuron,sensory,NA,right,acetylcholine,hind_leg,NA
hind_leg_proprioceptor,720575941482636986,SNpp41,chordotonal_organ_neuron,hind_leg_hook_chordotonal_organ_neuron,sensory,NA,right,acetylcholine,hind_leg,NA
hind_leg_proprioceptor,720575941480105195,SNpp48,chordotonal_organ_neuron,hind_leg_chordotonal_organ_neuron,sensory,NA,right,acetylcholine,hind_leg,NA
hind_leg_proprioceptor,720575941583577183,SNpp60,chordotonal_organ_neuron,hind_leg_club_chordotonal_organ_neuron,sensory,NA,right,acetylcholine,hind_leg,NA
hind_leg_proprioceptor,720575941444486314,SNpp60,chordotonal_organ_neuron,hind_leg_club_chordotonal_organ_neuron,sensory,NA,right,acetylcholine,hind_leg,NA
hind_leg_proprioceptor,720575941532584323,SNpp43,chordotonal_organ_neuron,hind_leg_club_chordotonal_organ_neuron,sensory,NA,right,acetylcholine,hind_leg,NA
hind_leg_proprioceptor,720575941615985561,SNpp45,hair_plate_neuron,hind_leg_hair_plate_neuron,sensory,NA,right,acetylcholine,hind_leg,NA
hind_leg_proprioceptor,720575941548470817,SNpp47,chordotonal_organ_neuron,hind_leg_club_chordotonal_organ_neuron,sensory,NA,right,acetylcholine,hind_leg,NA
hind_leg_proprioceptor,720575941512933073,SNpp56,chordotonal_organ_neuron,hind_leg_club_chordotonal_organ_neuron,sensory,NA,right,acetylcholine,hind_leg,NA
hind_leg_proprioceptor,720575941527825830,SNpp47,chordotonal_organ_neuron,hind_leg_club_chordotonal_organ_neuron,sensory,NA,right,acetylcholine,hind_leg,NA
hind_leg_proprioceptor,720575941482869757,SNpp47,chordotonal_organ_neuron,hind_leg_club_chordotonal_organ_neuron,sensory,NA,right,acetylcholine,hind_leg,NA
hind_leg_proprioceptor,720575941477641322,SNpp40,chordotonal_organ_neuron,hind_leg_club_chordotonal_organ_neuron,sensory,NA,right,acetylcholine,hind_leg,NA
hind_leg_proprioceptor,720575941535708954,SNpp44,chordotonal_organ_neuron,hind_leg_club_chordotonal_organ_neuron,sensory,NA,right,acetylcholine,hind_leg,NA
hind_leg_proprioceptor,720575941514814467,SNpp52,hair_plate_neuron,hind_leg_hair_plate_neuron,sensory,NA,left,acetylcholine,hind_leg,NA
hind_leg_proprioceptor,720575941667528947,SNpp60,chordotonal_organ_neuron,hind_leg_club_chordotonal_organ_neuron,sensory,NA,right,acetylcholine,hind_leg,NA
hind_leg_proprioceptor,720575941439299413,SNpp60,chordotonal_organ_neuron,hind_leg_club_chordotonal_organ_neuron,sensory,NA,left,acetylcholine,hind_leg,NA
hind_leg_proprioceptor,720575941724582970,SNppxx,hair_plate_neuron,hind_leg_hair_plate_neuron,sensory,NA,right,acetylcholine,hind_leg,NA
hind_leg_proprioceptor,720575941555175169,SNppxx,chordotonal_organ_neuron,hind_leg_claw_chordotonal_organ_neuron,sensory,NA,left,acetylcholine,hind_leg,NA
hind_leg_proprioceptor,720575941619029375,SNpp52,hair_plate_neuron,hind_leg_hair_plate_neuron,sensory,NA,right,acetylcholine,hind_leg,NA
hind_leg_proprioceptor,720575941464963341,SNpp39,chordotonal_organ_neuron,hind_leg_hook_chordotonal_organ_neuron,sensory,NA,right,acetylcholine,hind_leg,NA
hind_leg_proprioceptor,720575941595597526,SNppxx,hair_plate_neuron,hind_leg_hair_plate_neuron,sensory,NA,left,acetylcholine,hind_leg,NA
hind_leg_proprioceptor,720575941597740480,SNpp50,chordotonal_organ_neuron,hind_leg_claw_chordotonal_organ_neuron,sensory,NA,left,acetylcholine,hind_leg,NA
hind_leg_proprioceptor,720575941597425564,SNpp50,chordotonal_organ_neuron,hind_leg_claw_chordotonal_organ_neuron,sensory,NA,left,acetylcholine,hind_leg,NA
hind_leg_proprioceptor,720575941538112661,SNpp50,chordotonal_organ_neuron,hind_leg_claw_chordotonal_organ_neuron,sensory,NA,left,acetylcholine,hind_leg,NA
hind_leg_proprioceptor,720575941505732421,SNpp50,chordotonal_organ_neuron,hind_leg_claw_chordotonal_organ_neuron,sensory,NA,right,acetylcholine,hind_leg,NA
hind_leg_proprioceptor,720575941483300349,SNpp53,campaniform_sensillum_neuron,hind_leg_bilateral_campaniform_sensillum_neuron,sensory,NA,right,acetylcholine,hind_leg,NA
hind_leg_proprioceptor,720575941506966437,SNpp60,chordotonal_organ_neuron,hind_leg_club_chordotonal_organ_neuron,sensory,NA,right,acetylcholine,hind_leg,NA
hind_leg_proprioceptor,720575941559561587,SNpp60,chordotonal_organ_neuron,hind_leg_club_chordotonal_organ_neuron,sensory,NA,right,acetylcholine,hind_leg,NA
hind_leg_proprioceptor,720575941506989372,SNppxx,hair_plate_neuron,hind_leg_hair_plate_neuron,sensory,NA,right,acetylcholine,hind_leg,NA
hind_leg_proprioceptor,720575941526038041,SNpp50,chordotonal_organ_neuron,hind_leg_claw_chordotonal_organ_neuron,sensory,NA,right,acetylcholine,hind_leg,NA
hind_leg_proprioceptor,720575941353913136,SNpp45,hair_plate_neuron,hind_leg_hair_plate_neuron,sensory,NA,right,acetylcholine,hind_leg,NA
hind_leg_proprioceptor,720575941518926212,SNpp47,chordotonal_organ_neuron,hind_leg_club_chordotonal_organ_neuron,sensory,NA,left,acetylcholine,hind_leg,NA
hind_leg_proprioceptor,720575941519676036,SNpp47,chordotonal_organ_neuron,hind_leg_club_chordotonal_organ_neuron,sensory,NA,left,acetylcholine,hind_leg,NA
hind_leg_proprioceptor,720575941566179382,SNpp47,chordotonal_organ_neuron,hind_leg_club_chordotonal_organ_neuron,sensory,NA,left,acetylcholine,hind_leg,NA
hind_leg_proprioceptor,720575941535699994,SNpp50,chordotonal_organ_neuron,hind_leg_claw_chordotonal_organ_neuron,sensory,NA,left,acetylcholine,hind_leg,NA
hind_leg_proprioceptor,720575941430711689,SNpp58,chordotonal_organ_neuron,hind_leg_club_chordotonal_organ_neuron,sensory,NA,left,acetylcholine,hind_leg,NA
hind_leg_proprioceptor,720575941651725041,SNpp47,chordotonal_organ_neuron,hind_leg_club_chordotonal_organ_neuron,sensory,NA,right,acetylcholine,hind_leg,NA
hind_leg_proprioceptor,720575941640444191,SNpp50,chordotonal_organ_neuron,hind_leg_claw_chordotonal_organ_neuron,sensory,NA,right,acetylcholine,hind_leg,NA
hind_leg_proprioceptor,720575941514806019,SNpp43,chordotonal_organ_neuron,hind_leg_club_chordotonal_organ_neuron,sensory,NA,right,acetylcholine,hind_leg,NA
hind_leg_proprioceptor,720575941439670290,SNppxx,hair_plate_neuron,hind_leg_hair_plate_neuron,sensory,NA,right,acetylcholine,hind_leg,NA
hind_leg_proprioceptor,720575941535138074,SNpp58,chordotonal_organ_neuron,hind_leg_club_chordotonal_organ_neuron,sensory,NA,left,acetylcholine,hind_leg,NA
hind_leg_proprioceptor,720575941722170170,SNpp41,chordotonal_organ_neuron,hind_leg_hook_chordotonal_organ_neuron,sensory,NA,left,acetylcholine,hind_leg,NA
hind_leg_proprioceptor,720575941577373878,SNpp45,hair_plate_neuron,hind_leg_hair_plate_neuron,sensory,NA,left,acetylcholine,hind_leg,NA
hind_leg_proprioceptor,720575941556518308,SNpp50,chordotonal_organ_neuron,hind_leg_claw_chordotonal_organ_neuron,sensory,NA,right,acetylcholine,hind_leg,NA
hind_leg_proprioceptor,720575941478532929,SNpp39,chordotonal_organ_neuron,hind_leg_hook_chordotonal_organ_neuron,sensory,NA,left,acetylcholine,hind_leg,NA
hind_leg_proprioceptor,720575941447825684,SNpp50,chordotonal_organ_neuron,hind_leg_claw_chordotonal_organ_neuron,sensory,NA,right,acetylcholine,hind_leg,NA
hind_leg_proprioceptor,720575941430295288,SNpp43,chordotonal_organ_neuron,hind_leg_club_chordotonal_organ_neuron,sensory,NA,left,acetylcholine,hind_leg,NA
hind_leg_proprioceptor,720575941552426497,SNpp56,chordotonal_organ_neuron,hind_leg_club_chordotonal_organ_neuron,sensory,NA,left,acetylcholine,hind_leg,NA
hind_leg_proprioceptor,720575941552566043,SNpp50,chordotonal_organ_neuron,hind_leg_claw_chordotonal_organ_neuron,sensory,NA,left,acetylcholine,hind_leg,NA
hind_leg_proprioceptor,720575941592828456,SNpp55,chordotonal_organ_neuron,hind_leg_chordotonal_organ_neuron,sensory,NA,right,acetylcholine,hind_leg,NA
hind_leg_proprioceptor,720575941451573882,SNpp43,chordotonal_organ_neuron,hind_leg_club_chordotonal_organ_neuron,sensory,NA,right,acetylcholine,hind_leg,NA
hind_leg_proprioceptor,720575941439665682,SNpp50,chordotonal_organ_neuron,hind_leg_claw_chordotonal_organ_neuron,sensory,NA,right,acetylcholine,hind_leg,NA
hind_leg_proprioceptor,720575941452462505,SNpp40,chordotonal_organ_neuron,hind_leg_club_chordotonal_organ_neuron,sensory,NA,right,acetylcholine,hind_leg,NA
hind_leg_proprioceptor,720575941568455418,SNpp59,chordotonal_organ_neuron,hind_leg_club_chordotonal_organ_neuron,sensory,NA,left,acetylcholine,hind_leg,NA
hind_leg_proprioceptor,720575941562227751,SNpp39,chordotonal_organ_neuron,hind_leg_hook_chordotonal_organ_neuron,sensory,NA,left,acetylcholine,hind_leg,NA
hind_leg_proprioceptor,720575941459043910,SNpp51,chordotonal_organ_neuron,hind_leg_claw_chordotonal_organ_neuron,sensory,NA,left,acetylcholine,hind_leg,NA
hind_leg_proprioceptor,720575941639665183,SNpp41,chordotonal_organ_neuron,hind_leg_hook_chordotonal_organ_neuron,sensory,NA,right,acetylcholine,hind_leg,NA
hind_leg_proprioceptor,720575941610243146,SNpp60,chordotonal_organ_neuron,hind_leg_club_chordotonal_organ_neuron,sensory,NA,left,acetylcholine,hind_leg,NA
hind_leg_proprioceptor,720575941702248666,SNpp50,chordotonal_organ_neuron,hind_leg_claw_chordotonal_organ_neuron,sensory,NA,right,acetylcholine,hind_leg,NA
hind_leg_proprioceptor,720575941599289244,SNppxx,chordotonal_organ_neuron,hind_leg_claw_chordotonal_organ_neuron,sensory,NA,left,acetylcholine,hind_leg,NA
hind_leg_proprioceptor,720575941592668011,SNpp40,chordotonal_organ_neuron,hind_leg_club_chordotonal_organ_neuron,sensory,NA,right,acetylcholine,hind_leg,NA
hind_leg_proprioceptor,720575941539067285,SNpp41,chordotonal_organ_neuron,hind_leg_hook_chordotonal_organ_neuron,sensory,NA,left,acetylcholine,hind_leg,NA
hind_leg_proprioceptor,720575941492417200,SNpp50,chordotonal_organ_neuron,hind_leg_claw_chordotonal_organ_neuron,sensory,NA,right,acetylcholine,hind_leg,NA
hind_leg_proprioceptor,720575941523183435,SNpp50,chordotonal_organ_neuron,hind_leg_claw_chordotonal_organ_neuron,sensory,NA,right,acetylcholine,hind_leg,NA
hind_leg_proprioceptor,720575941534227178,SNpp60,chordotonal_organ_neuron,hind_leg_club_chordotonal_organ_neuron,sensory,NA,left,acetylcholine,hind_leg,NA
hind_leg_proprioceptor,720575941466707222,SNpp50,chordotonal_organ_neuron,hind_leg_claw_chordotonal_organ_neuron,sensory,NA,right,acetylcholine,hind_leg,NA
hind_leg_proprioceptor,720575941589293394,SNpp60,chordotonal_organ_neuron,hind_leg_club_chordotonal_organ_neuron,sensory,NA,left,acetylcholine,hind_leg,NA
hind_leg_proprioceptor,720575941434494350,SNpp60,chordotonal_organ_neuron,hind_leg_club_chordotonal_organ_neuron,sensory,NA,left,acetylcholine,hind_leg,NA
hind_leg_proprioceptor,720575941594356517,SNpp60,chordotonal_organ_neuron,hind_leg_club_chordotonal_organ_neuron,sensory,NA,left,acetylcholine,hind_leg,NA
hind_leg_proprioceptor,720575941536313322,SNpp39,chordotonal_organ_neuron,hind_leg_hook_chordotonal_organ_neuron,sensory,NA,right,acetylcholine,hind_leg,NA
hind_leg_proprioceptor,720575941561422451,SNppxx,hair_plate_neuron,hind_leg_hair_plate_neuron,sensory,NA,right,acetylcholine,hind_leg,NA
hind_leg_proprioceptor,720575941640210207,SNpp58,chordotonal_organ_neuron,hind_leg_club_chordotonal_organ_neuron,sensory,NA,right,acetylcholine,hind_leg,NA
hind_leg_proprioceptor,720575941475104608,SNppxx,chordotonal_organ_neuron,hind_leg_claw_chordotonal_organ_neuron,sensory,NA,left,acetylcholine,hind_leg,NA
hind_leg_proprioceptor,720575941565115190,SApp23,chordotonal_organ_neuron,hind_leg_club_chordotonal_organ_neuron,sensory,NA,left,acetylcholine,hind_leg,NA
hind_leg_proprioceptor,720575941571574430,SNpp60,chordotonal_organ_neuron,hind_leg_club_chordotonal_organ_neuron,sensory,NA,right,acetylcholine,hind_leg,NA
hind_leg_proprioceptor,720575941599520702,SApp23,chordotonal_organ_neuron,hind_leg_club_chordotonal_organ_neuron,sensory,NA,left,acetylcholine,hind_leg,NA
hind_leg_proprioceptor,720575941689742966,SNpp45,hair_plate_neuron,hind_leg_hair_plate_neuron,sensory,NA,right,acetylcholine,hind_leg,NA
hind_leg_proprioceptor,720575941561156590,SNpp39,chordotonal_organ_neuron,hind_leg_hook_chordotonal_organ_neuron,sensory,NA,left,acetylcholine,hind_leg,NA
hind_leg_proprioceptor,720575941474504763,SNpp50,chordotonal_organ_neuron,hind_leg_claw_chordotonal_organ_neuron,sensory,NA,left,acetylcholine,hind_leg,NA
hind_leg_proprioceptor,720575941576560527,SNpp45,hair_plate_neuron,hind_leg_hair_plate_neuron,sensory,NA,left,acetylcholine,hind_leg,NA
hind_leg_proprioceptor,720575941638477173,SNpp51,chordotonal_organ_neuron,hind_leg_claw_chordotonal_organ_neuron,sensory,NA,left,acetylcholine,hind_leg,NA
hind_leg_proprioceptor,720575941513665868,SNpp40,chordotonal_organ_neuron,hind_leg_club_chordotonal_organ_neuron,sensory,NA,left,acetylcholine,hind_leg,NA
hind_leg_proprioceptor,720575941409798574,SNppxx,chordotonal_organ_neuron,hind_leg_claw_chordotonal_organ_neuron,sensory,NA,left,acetylcholine,hind_leg,NA
hind_leg_proprioceptor,720575941530245579,SNpp60,chordotonal_organ_neuron,hind_leg_club_chordotonal_organ_neuron,sensory,NA,left,acetylcholine,hind_leg,NA
hind_leg_proprioceptor,720575941612348380,SNpp56,chordotonal_organ_neuron,hind_leg_club_chordotonal_organ_neuron,sensory,NA,left,acetylcholine,hind_leg,NA
hind_leg_proprioceptor,720575941687813238,SNpp39,chordotonal_organ_neuron,hind_leg_hook_chordotonal_organ_neuron,sensory,NA,left,acetylcholine,hind_leg,NA
hind_leg_proprioceptor,720575941482006211,SNpp41,chordotonal_organ_neuron,hind_leg_hook_chordotonal_organ_neuron,sensory,NA,right,acetylcholine,hind_leg,NA
hind_leg_proprioceptor,720575941506138903,SNpp50,chordotonal_organ_neuron,hind_leg_claw_chordotonal_organ_neuron,sensory,NA,left,acetylcholine,hind_leg,NA
hind_leg_proprioceptor,720575941436024864,SNppxx,hair_plate_neuron,hind_leg_hair_plate_neuron,sensory,NA,right,acetylcholine,hind_leg,NA
hind_leg_proprioceptor,720575941555049863,SNpp45,hair_plate_neuron,hind_leg_hair_plate_neuron,sensory,NA,left,acetylcholine,hind_leg,NA
hind_leg_proprioceptor,720575941464986381,SNpp41,chordotonal_organ_neuron,hind_leg_hook_chordotonal_organ_neuron,sensory,NA,right,acetylcholine,hind_leg,NA
hind_leg_proprioceptor,720575941412681643,SNpp45,hair_plate_neuron,hind_leg_hair_plate_neuron,sensory,NA,right,acetylcholine,hind_leg,NA
hind_leg_proprioceptor,720575941556985089,SNppxx,hair_plate_neuron,hind_leg_hair_plate_neuron,sensory,NA,right,acetylcholine,hind_leg,NA
hind_leg_proprioceptor,720575941426856788,SNpp41,chordotonal_organ_neuron,hind_leg_hook_chordotonal_organ_neuron,sensory,NA,right,acetylcholine,hind_leg,NA
hind_leg_proprioceptor,720575941602836409,SNpp50,chordotonal_organ_neuron,hind_leg_claw_chordotonal_organ_neuron,sensory,NA,left,acetylcholine,hind_leg,NA
hind_leg_proprioceptor,720575941652417236,SNppxx,chordotonal_organ_neuron,hind_leg_claw_chordotonal_organ_neuron,sensory,NA,left,acetylcholine,hind_leg,NA
hind_leg_proprioceptor,720575941514788867,SNpp56,chordotonal_organ_neuron,hind_leg_club_chordotonal_organ_neuron,sensory,NA,left,acetylcholine,hind_leg,NA
hind_leg_proprioceptor,720575941612327644,SNpp41,chordotonal_organ_neuron,hind_leg_hook_chordotonal_organ_neuron,sensory,NA,left,acetylcholine,hind_leg,NA
hind_leg_proprioceptor,720575941684669423,SNpp47,chordotonal_organ_neuron,hind_leg_club_chordotonal_organ_neuron,sensory,NA,right,acetylcholine,hind_leg,NA
hind_leg_proprioceptor,720575941536471834,SNpp56,chordotonal_organ_neuron,hind_leg_club_chordotonal_organ_neuron,sensory,NA,right,acetylcholine,hind_leg,NA
hind_leg_proprioceptor,720575941479198432,SNpp50,chordotonal_organ_neuron,hind_leg_claw_chordotonal_organ_neuron,sensory,NA,left,acetylcholine,hind_leg,NA
hind_leg_proprioceptor,720575941470301047,SNpp43,chordotonal_organ_neuron,hind_leg_club_chordotonal_organ_neuron,sensory,NA,right,acetylcholine,hind_leg,NA
hind_leg_proprioceptor,720575941487845442,SNppxx,hair_plate_neuron,hind_leg_hair_plate_neuron,sensory,NA,right,acetylcholine,hind_leg,NA
hind_leg_proprioceptor,720575941553593150,SApp23,chordotonal_organ_neuron,hind_leg_club_chordotonal_organ_neuron,sensory_ascending,NA,left,acetylcholine,hind_leg,NA
hind_leg_proprioceptor,720575941523231563,SNpp40,chordotonal_organ_neuron,hind_leg_club_chordotonal_organ_neuron,sensory,NA,left,acetylcholine,hind_leg,NA
hind_leg_proprioceptor,720575941579639633,SNpp50,chordotonal_organ_neuron,hind_leg_claw_chordotonal_organ_neuron,sensory,NA,left,acetylcholine,hind_leg,NA
hind_leg_proprioceptor,720575941593897942,SNpp50,chordotonal_organ_neuron,hind_leg_claw_chordotonal_organ_neuron,sensory,NA,left,acetylcholine,hind_leg,NA
hind_leg_proprioceptor,720575941515791251,SNpp50,chordotonal_organ_neuron,hind_leg_claw_chordotonal_organ_neuron,sensory,NA,left,acetylcholine,hind_leg,NA
hind_leg_proprioceptor,720575941644431560,SNpp60,chordotonal_organ_neuron,hind_leg_club_chordotonal_organ_neuron,sensory,NA,NA,acetylcholine,hind_leg,NA
hind_leg_proprioceptor,720575941525962340,SNpp39,chordotonal_organ_neuron,hind_leg_hook_chordotonal_organ_neuron,sensory,NA,right,acetylcholine,hind_leg,NA
hind_leg_proprioceptor,720575941531310264,SNpp39,chordotonal_organ_neuron,hind_leg_hook_chordotonal_organ_neuron,sensory,NA,right,acetylcholine,hind_leg,NA
hind_leg_proprioceptor,720575941564628887,SNpp43,chordotonal_organ_neuron,hind_leg_club_chordotonal_organ_neuron,sensory,NA,right,acetylcholine,hind_leg,NA
hind_leg_proprioceptor,720575941565023488,SNppxx,chordotonal_organ_neuron,hind_leg_claw_chordotonal_organ_neuron,sensory,NA,right,acetylcholine,hind_leg,NA
hind_leg_proprioceptor,720575941541986140,SNpp60,chordotonal_organ_neuron,hind_leg_club_chordotonal_organ_neuron,sensory,NA,left,acetylcholine,hind_leg,NA
hind_leg_proprioceptor,720575941413438356,SNpp41,chordotonal_organ_neuron,hind_leg_hook_chordotonal_organ_neuron,sensory,NA,left,acetylcholine,hind_leg,NA
hind_leg_proprioceptor,720575941731508011,SNpp52,hair_plate_neuron,hind_leg_hair_plate_neuron,sensory,NA,left,gaba,hind_leg,NA
DNge129,720575941561776173,DNge129,descending_neuron,descending_neuron,descending,takeoff-landing,left,gaba,unknown,NA
DNge129,720575941536580634,DNge129,descending_neuron,descending_neuron,descending,takeoff-landing,right,gaba,unknown,NA
DNpe003,720575941502004107,DNpe003,descending_neuron,descending_neuron,descending,walking,left,acetylcholine,unknown,NA
DNpe003,720575941618655615,DNpe003,descending_neuron,descending_neuron,descending,walking,left,acetylcholine,unknown,NA
DNpe003,720575941515922169,DNpe003,descending_neuron,descending_neuron,descending,walking,right,acetylcholine,unknown,NA
DNpe003,720575941503767127,DNpe003,descending_neuron,descending_neuron,descending,walking,right,acetylcholine,unknown,NA
DNpe006,720575941439802130,DNpe006,descending_neuron,descending_neuron,descending,takeoff-landing,right,acetylcholine,unknown,NA
DNpe006,720575941515152195,DNpe006,descending_neuron,descending_neuron,descending,takeoff-landing,left,acetylcholine,unknown,NA
DNg34,720575941663102520,DNg34,descending_neuron,descending_neuron,descending,reproduction,right,"glutamate,octopamine",unknown,NA
DNg34,720575941691308952,DNg34,descending_neuron,descending_neuron,descending,reproduction,right,"glutamate,octopamine",unknown,NA
DNp27,720575941454603689,DNp27,descending_neuron,descending_neuron,descending,reproduction,left,acetylcholine,unknown,NA
DNp27,720575941592811404,DNp27,descending_neuron,descending_neuron,descending,reproduction,right,acetylcholine,unknown,NA
DNg24,720575941502715019,DNg24,descending_neuron,descending_neuron,descending,vibratory,right,gaba,unknown,NA
DNg24,720575941415707420,DNg24,descending_neuron,descending_neuron,descending,vibratory,left,gaba,unknown,NA
