id,supervoxel_id,cell_sub_type,super_class,cell_type,side,UMAP1,UMAP2,cluster,colours
720575941472733451,76142074248072351,DNp32,descending,DNp32,right,-7.195522954536525,-6.768639717256467,DN_18,#51B07B
720575941662395704,76212442992686915,DNd02,descending,DNd02,left,-11.481312921119777,-28.773629341279904,DN_16,#77C8F2
720575941626500746,75930968015558765,DNg100,descending,DNg100,left,8.844888517784032,-3.55858508125488,DN_06,#E42E2E
720575941631721954,76142074248100748,AN07B004,ascending,AN07B004,left,-1.4193703437577163,12.093813743436893,AN_01,#F7BA3C
720575941566084871,76212442992270175,AN07B004,ascending,AN07B004,right,-1.4193703437577163,12.093813743436893,AN_01,#F7BA3C
720575941500851362,75014662244566844,DNg100,descending,DNg100,right,8.844888517784032,-3.55858508125488,DN_06,#E42E2E
720575941620273535,76353180480628309,DNd03,descending,DNd03,left,-14.663904359413234,-42.267205391084595,DN_08,#298ABB
720575941393242628,75788375369986196,DNp30,descending,DNp30,right,-6.624305894447414,-0.9870652630979222,DN_14,#BFB09A
720575941508609665,76353180547663916,AN19B001_b,ascending,AN19B001_b,right,-0.22669445521935572,2.0686374567395047,AN_18,#51B07B
720575941492471502,76353180480635889,DNg74_a,descending,DNg74_a,right,6.776220152305516,2.4115911386853055,DN_18,#51B07B
720575941633206944,76142074315067918,DNp103,descending,DNp103,right,0.24534041635886084,-15.52743831649963,DN_19,#4D9C3C
720575941505797682,76141180626620093,DNge149,descending,DNge149,right,9.104872534202489,-8.840450916444698,DN_08,#298ABB
720575941537710824,76212442924872167,DNg98,descending,DNg98,right,-15.287922074867335,-9.411358986055294,DN_14,#BFB09A
720575941401814307,75930968015332293,DNge050,descending,DNge050,left,6.160368750022801,3.0344360731488065,DN_18,#51B07B
720575941507745826,76848373029768217,ANXXX005,ascending,ANXXX005,left,-14.645397355629054,-26.371531639253536,AN_17,#8B3A9C
720575941663102520,76001336759552753,DNg34,descending,DNg34,right,-12.839833428932277,-32.162787590181274,DN_14,#BFB09A
720575941586006111,76071705571064966,DNp103,descending,DNp103,left,0.24534041635886084,-15.52743831649963,DN_19,#4D9C3C
720575941646264993,76496735602389479,AN02A001,ascending,AN02A001,right,-3.274939229560939,3.4332474134808377,AN_18,#51B07B
720575941454603689,76071705504161048,DNp27,descending,DNp27,left,-5.390613248420802,0.8850668333416778,DN_14,#BFB09A
720575941557552356,76071705436520967,DNg98,descending,DNg98,left,-15.287922074867335,-9.411358986055294,DN_14,#BFB09A
720575941499192905,76212442992034111,AN05B005,ascending,AN05B005,right,-16.650288751197902,-48.881653938447876,AN_08,#298ABB
720575941595827158,76353180547587490,DNg75,descending,DNg75,right,7.576280424522313,3.12207635864075,DN_18,#51B07B
720575941562932781,76071705436547153,DNd02,descending,DNd02,right,-11.481312921119777,-28.773629341279904,DN_16,#77C8F2
720575941551991295,76423549291662182,DNg16,descending,DNg16,left,9.697885343955907,-3.574390802537839,DN_06,#E42E2E
720575941563183016,76353180547650464,DNg74_b,descending,DNg74_b,right,4.2263622974623765,2.6652787588482694,DN_18,#51B07B
720575941447863316,76001336759819912,DNb05,descending,DNb05,right,-0.5149263644944106,3.82117828353699,DN_07,#52AE4E
720575941614432409,76282811736605449,DNge047,descending,DNge047,left,-3.282893111778346,-15.843971405183712,DN_19,#4D9C3C
720575941652728049,75930968015500254,DNg74_a,descending,DNg74_a,left,6.776220152305516,2.4115911386853055,DN_18,#51B07B
720575941593683051,76212442992756280,DNp10,descending,DNp10,right,-1.266438891960231,-4.4667281247729465,DN_07,#52AE4E
720575941619873407,76353180480610548,ANXXX002,ascending,ANXXX002,right,4.659762213157567,2.4935472868328885,AN_18,#51B07B
720575941579780597,76495842315809988,AN18B001,ascending,AN18B001,left,2.9475839828719224,-7.795598182832639,AN_07,#52AE4E
720575941521274551,76353180547717441,DNg35,descending,DNg35,right,17.653168508933934,-1.7830575443858308,DN_06,#E42E2E
720575941504652482,76142074315307574,DNae009,descending,DNae009,left,13.420376608299168,22.70643505080994,DN_01,#F7BA3C
720575941618058197,76142074248342245,AN05B006_T2,ascending,AN05B006,right,-0.6371129060517227,-15.872224960481564,AN_19,#4D9C3C
720575941577885288,76142074248400033,AN05B007,ascending,AN05B007,left,-24.372649362159816,-28.96709362045471,AN_14,#BFB09A
720575941477713770,76001336759865368,DNge047,descending,DNge047,right,-3.282893111778346,-15.843971405183712,DN_19,#4D9C3C
720575941595517735,75930968015582750,DNg75,descending,DNg75,left,7.576280424522313,3.12207635864075,DN_18,#51B07B
720575941572471454,75930968015666527,DNg74_b,descending,DNg74_b,left,4.2263622974623765,2.6652787588482694,DN_18,#51B07B
720575941431071113,76001336759580220,AN04B001_T2,ascending,AN04B001,right,9.952903578208836,1.6450732611065704,AN_06,#E42E2E
720575941519463278,76353180547433413,DNg108,descending,DNg108,right,4.777101824211034,3.0636466406231717,DN_18,#51B07B
720575941477894686,76282811736177774,AN12B001,ascending,AN12B001,right,-18.61595838315591,-39.00157657638733,AN_14,#BFB09A
720575941449384885,76070743431169887,DNge150,descending,DNge150,right,-16.53234784848794,6.110468234861453,DN_13,#6A2978
720575941646678984,75930968015415930,ANXXX002,ascending,ANXXX002,left,4.659762213157567,2.4935472868328885,AN_18,#51B07B
720575941625621500,75930968015572829,DNd03,descending,DNd03,right,-14.663904359413234,-42.267205391084595,DN_08,#298ABB
720575941572713886,76353180480550103,DNg97,descending,DNg97,right,9.949472258018407,-4.06701317802612,DN_06,#E42E2E
720575941451015802,76282811736462439,AN04B001_T2,ascending,AN04B001,left,9.952903578208836,1.6450732611065704,AN_06,#E42E2E
720575941593522283,76212443059568341,AN18B001,ascending,AN18B001,right,2.9475839828719224,-7.795598182832639,AN_07,#52AE4E
720575941691308952,76282811736255603,DNg34,descending,DNg34,right,-12.839833428932277,-32.162787590181274,DN_14,#BFB09A
720575941618366079,76282811870584706,DNp31,descending,DNp31,right,15.290725538658055,26.007828559721073,DN_02,#EC9832
720575941513768780,76353180480518849,DNge037,descending,DNge037,right,10.963261434959325,2.199493255460818,DN_06,#E42E2E
720575941535975873,76353180480528126,DNg105,descending,DNg105,right,2.627077648567113,2.134715404356082,DN_18,#51B07B
720575941499964385,76071705571289937,DNp30,descending,DNp30,left,-6.624305894447414,-0.9870652630979222,DN_14,#BFB09A
720575941510475536,76353180547935451,DNa02,descending,DNa02,left,16.187851736472997,0.01675334199722589,DN_06,#E42E2E
720575941655202265,76215467119410816,AN03B009,ascending,AN03B009,right,6.298862287925633,-7.138810310518186,AN_18,#51B07B
720575941353080624,76353180480521113,DNge036,descending,DNge036,right,18.984185049461278,-10.163819465791622,DN_06,#E42E2E
720575941620740991,76071705503761436,AN12B001,ascending,AN12B001,left,-18.61595838315591,-39.00157657638733,AN_14,#BFB09A
720575941568708398,76353180547688962,AN19B017,ascending,AN19B017,right,-2.8889235759507095,10.299911346281132,AN_01,#F7BA3C
720575941476733243,75930968082632263,AN19B019,ascending,AN19B019,left,-4.900174310279933,2.7733624838238553,AN_14,#BFB09A
720575941493155303,76142074180693283,AN05B005,ascending,AN05B005,left,-16.650288751197902,-48.881653938447876,AN_08,#298ABB
720575941562921773,76071705504099617,AN08B012_T3,ascending,AN08B012,left,-11.402815034462062,-23.397292289888302,AN_17,#8B3A9C
720575941569365242,76212442992440309,AN08B012_T3,ascending,AN08B012,right,-11.402815034462062,-23.397292289888302,AN_17,#8B3A9C
720575941691706264,75930968015625150,AN19B001,ascending,AN19B001,left,-2.005295684410182,3.599246826017459,AN_18,#51B07B
720575941554952858,75930968015474980,DNge053,descending,DNge053,left,0.9912551736106003,-14.964906845247189,DN_19,#4D9C3C
720575941626272650,76353180547677734,AN19B001,ascending,AN19B001,right,-2.005295684410182,3.599246826017459,AN_18,#51B07B
720575941439563583,76353180480641370,DNge053,descending,DNge053,right,0.9912551736106003,-14.964906845247189,DN_19,#4D9C3C
720575941539327474,75930968082816602,AN06B009,ascending,AN06B009,left,-2.561372926307765,11.928285446012577,AN_01,#F7BA3C
720575941561776173,76071705504344983,DNge129,descending,DNge129,left,3.2067888473738755,-6.71458307281677,DN_07,#52AE4E
720575941486612034,75577268869127263,DNa03,descending,DNa03,right,15.502676794456395,26.734968986356815,DN_02,#EC9832
720575941552142727,76212443059397235,DNa03,descending,DNa03,left,15.502676794456395,26.734968986356815,DN_02,#EC9832
720575941640505375,76353180547619558,DNge035,descending,DNge035,right,1.2836716865767563,0.09361108764465631,DN_18,#51B07B
720575941519453550,76071705504128343,DNpe056,descending,DNpe056,right,-7.903681924415675,-17.587634239351193,DN_18,#51B07B
720575941669856945,75930968015367057,AN03B009,ascending,AN03B009,left,6.298862287925633,-7.138810310518186,AN_18,#51B07B
720575941441633883,75085237214423630,DNge049,descending,DNge049,right,0.4572966640462006,2.6397896669751004,DN_18,#51B07B
720575941553670791,75295106899096444,DNa13,descending,DNa13,right,18.470871756004247,-0.04270205274764716,DN_06,#E42E2E
720575941510642192,76212443126298223,DNa10,descending,DNa10,left,12.778375456260594,22.91334423049744,DN_01,#F7BA3C
720575941560931087,76142074248117589,AN05B006_T2,ascending,AN05B006,left,-0.6371129060517227,-15.872224960481564,AN_19,#4D9C3C
720575941509145950,76142074315554489,DNp01,descending,DNp01,left,-5.107796838356105,-10.56396404281799,DN_16,#77C8F2
720575941471955264,76001336827284231,DNbe001,descending,DNbe001,right,16.381145307945165,25.42942317947205,DN_02,#EC9832
720575941689707020,75930968082569839,DNc01,descending,DNc01,left,-7.378582646919337,0.750042166555484,DN_14,#BFB09A
720575941532746981,76142074248172310,DNp43,descending,DNp43,right,-9.83954065091714,-17.25827899948303,DN_17,#8B3A9C
720575941556851027,75930968015372657,DNg93,descending,DNg93,left,2.937850305961522,2.4699943922406034,DN_18,#51B07B
720575941723377978,76001336759619804,AN04B001_T1,ascending,AN04B001,right,9.773377249168309,1.8740797899609405,AN_06,#E42E2E
720575941550999357,76282811804018389,DNbe001,descending,DNbe001,left,16.381145307945165,25.42942317947205,DN_02,#EC9832
720575941480799395,75930968015269814,DNg105,descending,DNg105,left,2.627077648567113,2.134715404356082,DN_18,#51B07B
720575941492328167,76001336760138156,DNge037,descending,DNge037,left,10.963261434959325,2.199493255460818,DN_06,#E42E2E
720575941433210977,76282811736282968,ANXXX027_A3,ascending,ANXXX027,right,-10.916506936622707,-23.46831623092834,AN_16,#77C8F2
720575941611791590,76142074315177962,DNp06,descending,DNp06,left,-1.2721850181351577,-14.942505989229122,DN_19,#4D9C3C
720575941485157562,76001336759598072,AN00A002,ascending,AN00A002,right,-16.3918716216813,-49.857758674776,AN_08,#298ABB
720575941515944803,76353180480579509,DNge048,descending,DNge048,right,5.589100668357762,3.358381595457156,DN_18,#51B07B
720575941595193558,76001336759896349,DNp35,descending,DNp35,right,-1.1676930690537368,-16.900963936006466,DN_19,#4D9C3C
720575941500828578,75085168360348701,DNg102,descending,DNg102,right,-4.543662717414943,-8.802936229860226,DN_13,#6A2978
720575941629968166,76353180548045164,AN27X011,ascending,AN27X011,right,-0.28520261294945826,10.513742294157108,AN_01,#F7BA3C
720575941453030983,76071705571078371,DNbe004,descending,DNbe004,right,15.814606497215184,25.580107536161503,DN_02,#EC9832
720575941632459234,76282811736382269,ANXXX027_A4,ascending,ANXXX027,right,-11.907310655189601,-25.440552864229122,AN_16,#77C8F2
720575941504860978,75930968082956519,AN27X011,ascending,AN27X011,left,-0.28520261294945826,10.513742294157108,AN_01,#F7BA3C
720575941445141012,76001336759752488,ANXXX006,ascending,ANXXX006,left,30.34017069094077,-8.064688835298458,AN_18,#51B07B
720575941593765672,76001336692328122,ANXXX027_A3,ascending,ANXXX027,left,-10.916506936622707,-23.46831623092834,AN_16,#77C8F2
720575941526946562,75647363003825026,DNa11,descending,DNa11,right,16.67869837038413,0.8633050583248931,DN_06,#E42E2E
720575941459823519,75929662077193582,DNge104,descending,DNge104,right,-15.495005776954738,-47.85912052169983,DN_08,#298ABB
720575941560024847,76142074248300311,AN05B006_T1,ascending,AN05B006,left,0.35124168746367346,-15.833281669771115,AN_19,#4D9C3C
720575941596695591,76282811736511567,AN04B001_T1,ascending,AN04B001,left,9.773377249168309,1.8740797899609405,AN_06,#E42E2E
720575941662407992,75788855869355549,DNg29,descending,DNg29,left,-6.230477502418605,-13.290154609834591,DN_16,#77C8F2
720575941404923248,76282811736214799,ANXXX043,ascending,ANXXX043,right,-15.943890740943996,-44.25186649337952,AN_08,#298ABB
720575941486980560,76282811736343704,AN12B006,ascending,AN12B006,left,8.440229246543797,-42.34012714401428,AN_09,#D24A2C
720575941469775069,76142074248506494,DNg102,descending,DNg102,left,-4.543662717414943,-8.802936229860226,DN_13,#6A2978
720575941556379108,76353180480469749,DNge073,descending,DNge073,right,4.772161314414891,-4.899184379732053,DN_07,#52AE4E
720575941616497561,76001336759795751,DNpe021,descending,DNpe021,right,-5.837889363838283,-15.335464630281368,DN_19,#4D9C3C
720575941557603556,76212442992092374,ANXXX013,ascending,ANXXX013,left,-11.737582376075832,-46.281182441865845,AN_08,#298ABB
720575941478508830,76353180480493539,DNg93,descending,DNg93,right,2.937850305961522,2.4699943922406034,DN_18,#51B07B
720575941477915700,76142074315206476,DNp48,descending,DNp48,right,-14.991749932838527,5.302864398801883,DN_13,#6A2978
720575941535862506,76212443059499909,DNa01,descending,DNa01,left,13.526276419090184,-1.8650272227877778,DN_06,#E42E2E
720575941553999387,76001336692325597,ANXXX027_A3,ascending,ANXXX027,left,-10.916506936622707,-23.46831623092834,AN_16,#77C8F2
720575941663497084,76282811736674139,DNa11,descending,DNa11,left,16.67869837038413,0.8633050583248931,DN_06,#E42E2E
720575941461875908,76142074315106061,DNpe045,descending,DNpe045,left,2.7769957279433335,-7.151734504854123,DN_07,#52AE4E
720575941480974048,75930968082822160,DNg88,descending,DNg88,right,17.932560751365575,-1.0082658715600175,DN_06,#E42E2E
720575941603727545,76142074247945268,ANXXX013,ascending,ANXXX013,right,-11.737582376075832,-46.281182441865845,AN_08,#298ABB
720575941431184559,76142074315470891,DNge136,descending,DNge136,right,34.05431635134116,-10.318638954317013,DN_18,#51B07B
720575941449745333,76001336692337941,ANXXX027_A4,ascending,ANXXX027,left,-11.907310655189601,-25.440552864229122,AN_16,#77C8F2
720575941476980785,76212442992569780,AN04A001_T1,ascending,AN04A001,left,0.9353699480761613,2.6969099901562528,AN_07,#52AE4E
720575941595189029,76212443059809694,DNp18,descending,DNp18,left,15.415839025901708,25.70651515945252,DN_02,#EC9832
720575941595590951,76071705571083651,DNae005,descending,DNae005,right,15.96821195833579,-0.5385605134123963,DN_06,#E42E2E
720575941581684601,75930968082751369,DNa06,descending,DNa06,right,-2.3722185397873794,17.108897056425175,DN_03,#947E6C
720575941441243839,76142074315503225,DNge136,descending,DNge136,right,34.05431635134116,-10.318638954317013,DN_18,#51B07B
720575941519462766,76282811736441229,DNg104,descending,DNg104,right,-12.62827699430093,-32.18880573288147,DN_14,#BFB09A
720575941510651152,76071705571666684,DNge138,descending,DNge138,right,-20.26293866880044,-35.68721118942444,DN_14,#BFB09A
720575941412619631,76142074315370004,DNpe027_ab,descending,DNpe027_ab,right,1.1561241840590561,-15.678305778657833,DN_07,#52AE4E
720575941480759971,76071705571172871,DNge136,descending,DNge136,left,34.05431635134116,-10.318638954317013,DN_18,#51B07B
720575941535086424,76353180480361355,DNg13,descending,DNg13,right,10.611697027610692,-2.405656490480344,DN_06,#E42E2E
720575941574715208,76142074315259141,DNp68,descending,DNp68,right,-9.185335328651515,1.9665408991223174,DN_14,#BFB09A
720575941427934548,76001336759965232,DNpe020,descending,DNpe020,left,3.0407899116744126,2.3134210966473416,DN_18,#51B07B
720575941572671995,76071705571009123,DNp59,descending,DNp59,right,0.2363903617133225,-14.986360702669064,DN_19,#4D9C3C
720575941505537986,76001336827122664,DNp11,descending,DNp11,left,-1.4849757457505142,-12.447341118013302,DN_19,#4D9C3C
720575941598907072,76142074315347259,DNa13,descending,DNa13,left,18.470871756004247,-0.04270205274764716,DN_06,#E42E2E
720575941660289104,76212442992236055,AN05B099_A5,ascending,AN05B099,right,-8.871934106422511,-24.73876300827209,AN_16,#77C8F2
720575941478429802,76212442924881998,DNg70,descending,DNg70,right,-13.66455285794839,-6.54967132583801,DN_14,#BFB09A
720575941662506040,75578162021050575,DNg27,descending,DNg27,right,-13.415549447609035,5.539143886411746,DN_13,#6A2978
720575941660533840,76282811803904136,DNa16,descending,DNa16,left,-3.5542184615860855,18.570986594999393,DN_03,#947E6C
720575941548238004,75930968015489711,DNge036,descending,DNge036,left,18.984185049461278,-10.163819465791622,DN_06,#E42E2E
720575941496642944,76071705504239780,AN07B005_T2,ascending,AN07B005,left,2.9247754310835923,-1.872612509881894,AN_07,#52AE4E
720575941652633585,76071705571238495,DNae002,descending,DNae002,right,15.784508535789403,29.192183341825565,DN_02,#EC9832
720575941553919806,76071705504375107,IN08B003_AN,ascending,IN08B003_AN,left,NA,NA,NA,NA
720575941463764368,76212442992224403,AN09B001,ascending,AN09B001,right,-9.101587464881984,-27.451960716401974,AN_16,#77C8F2
720575941441906779,76071705504040616,AN04A001_T1,ascending,AN04A001,right,0.9353699480761613,2.6969099901562528,AN_07,#52AE4E
720575941543045149,76212443059688052,DNa09,descending,DNa09,left,12.326150724815282,29.973744239652714,DN_02,#EC9832
720575941491877833,76142074315256456,DNp13,descending,DNp13,right,-7.111932923866359,0.25834247096832574,DN_18,#51B07B
720575941537766632,76282811736602539,DNd05,descending,DNd05,left,8.325579950736913,-3.8290287591571017,DN_06,#E42E2E
720575941552024575,76212442992882458,AN07B005_T2,ascending,AN07B005,right,2.9247754310835923,-1.872612509881894,AN_07,#52AE4E
720575941487951757,76142074248513829,DNge141,descending,DNge141,right,-23.917308023048488,-29.291302833711544,DN_14,#BFB09A
720575941401962787,76001336759565185,DNg104,descending,DNg104,left,-12.62827699430093,-32.18880573288147,DN_14,#BFB09A
720575941508061975,76071705570828584,DNp34,descending,DNp34,left,-2.2693368697892105,-8.948487434541622,DN_18,#51B07B
720575941682453949,76071705436534044,AN12B004_T2,ascending,AN12B004,left,7.630548784660252,-42.4656802751178,AN_09,#D24A2C
720575941560162798,76212442992550528,DNp35,descending,DNp35,left,-1.1676930690537368,-16.900963936006466,DN_19,#4D9C3C
720575941566170422,76282811736640394,DNp14,descending,DNp14,left,-13.710842301918117,-9.975828323518673,DN_18,#51B07B
720575941571900232,75930968015431339,AN18B004,ascending,AN18B004,left,-2.656146218849269,4.2311595342999295,AN_18,#51B07B
720575941589304644,75930968015451918,DNge048,descending,DNge048,left,5.589100668357762,3.358381595457156,DN_18,#51B07B
720575941441452373,76071705504454574,DNp104,descending,DNp104,right,-4.066384961677638,1.7161136530285674,DN_14,#BFB09A
720575941528320952,76353180547967899,DNg88,descending,DNg88,left,17.932560751365575,-1.0082658715600175,DN_06,#E42E2E
720575941566543714,75506488143514124,DNa16,descending,DNa16,right,-3.5542184615860855,18.570986594999393,DN_03,#947E6C
720575941574851510,75581804958607083,AN19A018_d_T2,ascending,AN19A018_d,right,-2.444895913673488,-18.340274009859005,AN_19,#4D9C3C
720575941551948543,76142074248557341,DNp63,descending,DNp63,left,14.932892630027684,23.029261436307987,DN_02,#EC9832
720575941471550475,76142074180696014,AN09B002,ascending,AN09B002,left,-24.166388681007472,-13.82777133957092,AN_14,#BFB09A
720575941530242180,76071705436522277,ANXXX043,ascending,ANXXX043,left,-15.943890740943996,-44.25186649337952,AN_08,#298ABB
720575941450363770,76353180547689034,AN18B004,ascending,AN18B004,right,-2.656146218849269,4.2311595342999295,AN_18,#51B07B
720575941625422076,76212442924858968,AN05B004,ascending,AN05B004,right,-13.225521256996242,-7.076139602815549,AN_14,#BFB09A
720575941578803025,76071705571035404,DNa13,descending,DNa13,right,18.470871756004247,-0.04270205274764716,DN_06,#E42E2E
720575941452429690,76285698491776958,AN27X009_T2,ascending,AN27X009,right,-8.669970681739894,5.86133941634949,AN_14,#BFB09A
720575941566793879,76212442992505061,DNp55,descending,DNp55,left,-7.006762673927394,-18.355870399629513,DN_16,#77C8F2
720575941458803952,76142074248416673,AN05B006_T1,ascending,AN05B006,right,0.35124168746367346,-15.833281669771115,AN_19,#4D9C3C
720575941515630947,76071705504043338,DNp12,descending,DNp12,right,-29.491320779396144,3.71031984313782,DN_07,#52AE4E
720575941535140362,76001336759669977,DNg15,descending,DNg15,left,-11.121123483253566,-44.81184116378967,DN_08,#298ABB
720575941595376677,75718487393612025,DNae007,descending,DNae007,right,17.00563699953452,0.5829807184582549,DN_06,#E42E2E
720575941598469276,76071705504208646,DNg68,descending,DNg68,left,-16.84637944944009,-9.275874290620724,DN_15,#48A9D9
720575941724607290,75930968015370693,DNge079,descending,DNge079,right,3.5286219810713852,2.286265697324832,DN_18,#51B07B
720575941682268861,76071705571220772,DNp13,descending,DNp13,left,-7.111932923866359,0.25834247096832574,DN_18,#51B07B
720575941490717390,76071705571133260,DNa09,descending,DNa09,right,12.326150724815282,29.973744239652714,DN_02,#EC9832
720575941633589179,76284667430785579,AN06B002_T1,ascending,AN06B002,left,-29.435750176979152,3.951082553709109,AN_07,#52AE4E
720575941504526386,76142074248655339,DNg55,descending,DNg55,right,-2.280895402504054,-18.822079811250607,DN_19,#4D9C3C
720575941436684576,76001336692332935,AN12B006,ascending,AN12B006,left,8.440229246543797,-42.34012714401428,AN_09,#D24A2C
720575941477145393,76282811736602524,DNge041,descending,DNge041,right,10.52931864015952,1.587837781751712,DN_06,#E42E2E
720575941482431311,76142074248438762,DNge142,descending,DNge142,left,-12.480148484779445,-47.94653812423889,DN_08,#298ABB
720575941490914761,76212443126348418,AN19A018_d_T1,ascending,AN19A018_d,left,-2.379469087196437,-18.7422744371051,AN_19,#4D9C3C
720575941563967847,75930968015632556,AN27X008,ascending,AN27X008,left,8.52764923326865,21.93112453445252,AN_01,#F7BA3C
720575941450424245,76142074248081001,AN09B004_A8,ascending,AN09B004,right,-10.056533029152003,-28.590157661592404,AN_16,#77C8F2
720575941621363327,76212442992750597,DNp34,descending,DNp34,right,-2.2693368697892105,-8.948487434541622,DN_18,#51B07B
720575941445859754,76001336759560257,DNg13,descending,DNg13,left,10.611697027610692,-2.405656490480344,DN_06,#E42E2E
720575941549927229,76071705436538370,ANXXX043,ascending,ANXXX043,left,-15.943890740943996,-44.25186649337952,AN_08,#298ABB
720575941499161569,76142074315660816,AN19A018_d_A1,ascending,AN19A018_d,right,-2.2045079971085464,-18.257033500825802,AN_19,#4D9C3C
720575941644727713,76282811736511546,ANXXX006,ascending,ANXXX006,right,30.34017069094077,-8.064688835298458,AN_18,#51B07B
720575941470533131,76212443126360002,DNg96,descending,DNg96,right,18.19616777651206,-1.4595565833205384,DN_06,#E42E2E
720575941456679149,76001336759946857,DNpe020,descending,DNpe020,left,3.0407899116744126,2.3134210966473416,DN_18,#51B07B
720575941652614129,76212443059672153,DNae002,descending,DNae002,left,15.784508535789403,29.192183341825565,DN_02,#EC9832
720575941449983581,76353180480324179,DNg15,descending,DNg15,right,-11.121123483253566,-44.81184116378967,DN_08,#298ABB
720575941602242750,76212718004347206,IN08B003_AN,ascending,IN08B003_AN,right,NA,NA,NA,NA
720575941476214833,76142074248584938,DNge140,descending,DNge140,right,-8.238605668617335,-15.13493171707336,DN_19,#4D9C3C
720575941518509495,76282811736519927,DNge054,descending,DNge054,left,9.026258299278172,-4.512688312684934,DN_06,#E42E2E
720575941461356243,76142074248001841,AN09B002,ascending,AN09B002,right,-24.166388681007472,-13.82777133957092,AN_14,#BFB09A
720575941446297514,76353180480403344,AN01B002_A2,ascending,AN01B002,left,-14.253862550331203,-36.30188861862366,AN_14,#BFB09A
720575941411472555,76212443059263043,DNb09,descending,DNb09,right,3.6735244487990464,-6.509536419069211,DN_07,#52AE4E
720575941612058982,76071705571211132,DNge136,descending,DNge136,left,34.05431635134116,-10.318638954317013,DN_18,#51B07B
720575941685691375,76001336759781306,AN19B004,ascending,AN19B004,left,-1.7708772922287856,-1.4441521503085297,AN_06,#E42E2E
720575941478215985,76212443059713921,DNp11,descending,DNp11,right,-1.4849757457505142,-12.447341118013302,DN_19,#4D9C3C
720575941625561196,76142074247974606,AN05B099_A7,ascending,AN05B099,right,-11.676318337989894,-22.63717380539123,AN_16,#77C8F2
720575941492125902,76212443059836981,DNp62,descending,DNp62,right,-11.596299340797511,-5.077299270784299,DN_15,#48A9D9
720575941721638714,76071705504311805,DNb09,descending,DNb09,left,3.6735244487990464,-6.509536419069211,DN_07,#52AE4E
720575941592542604,76142074248030440,DNp29,descending,DNp29,right,-7.550109078956691,-8.987095031892697,DN_16,#77C8F2
720575941487876560,76071705570936087,AN00A006_T3,ascending,AN00A006,right,-5.3724624419938,-16.606426391755978,AN_19,#4D9C3C
720575941499022049,76142074248086699,AN17A002,ascending,AN17A002,right,-19.417971780372707,-7.132188472902219,AN_15,#48A9D9
720575941568889332,76282811736237807,AN17B008_T2,ascending,AN17B008,left,-19.754647424293605,-36.48371234909241,AN_09,#D24A2C
720575941575342493,76142074248202710,DNp29,descending,DNp29,left,-7.550109078956691,-8.987095031892697,DN_16,#77C8F2
720575941703180762,76142074247966056,AN05B099_A6,ascending,AN05B099,left,-8.98944299466714,-24.537594947969357,AN_16,#77C8F2
720575941628237625,76282811803998982,DNge040,descending,DNge040,right,18.39857561342612,-1.7106778957003754,DN_06,#E42E2E
720575941456024883,76071705504256600,AN07B005_T1,ascending,AN07B005,left,7.631819078849706,-1.41068292037193,AN_06,#E42E2E
720575941449875893,76001336692432439,DNbe002,descending,DNbe002,right,0.36686914615527044,-2.611866626893918,DN_07,#52AE4E
720575941536279745,76212442992224375,AN17A004,ascending,AN17A004,left,-14.077362229896632,-18.313771400606075,AN_17,#8B3A9C
720575941451289949,76212442992665757,DNbe002,descending,DNbe002,left,0.36686914615527044,-2.611866626893918,DN_07,#52AE4E
720575941566493282,76212442992623301,DNp09,descending,DNp09,left,4.387682268546971,-5.614143524324338,DN_07,#52AE4E
720575941701235930,76212443059770489,DNpe017,descending,DNpe017,left,15.03377706758872,26.233563270414432,DN_02,#EC9832
720575941499916962,76142074247951579,AN05B023_A9,ascending,AN05B023,left,-10.336662461830226,-28.356860313569943,AN_16,#77C8F2
720575941514064716,76001336759784235,DNd05,descending,DNd05,right,8.325579950736913,-3.8290287591571017,DN_06,#E42E2E
720575941618895231,76142074315242148,DNb01,descending,DNb01,right,15.140109846519383,26.387280311430057,DN_02,#EC9832
720575941703350746,76282811736191777,AN17B005,ascending,AN17B005,left,-16.174174478126613,-49.79169956222717,AN_08,#298ABB
720575941455535923,76001336759883571,AN06B002_T2,ascending,AN06B002,left,-29.351512124610988,3.5679300688153104,AN_07,#52AE4E
720575941484691642,76071705503896695,AN17A003_T1,ascending,AN17A003,right,-13.565200021339503,-40.81927219406311,AN_08,#298ABB
720575941585920646,76142074315680279,AN19A018_d_T2,ascending,AN19A018_d,left,-2.444895913673488,-18.340274009859005,AN_19,#4D9C3C
720575941515951459,76142074315319052,AN27X009_T2,ascending,AN27X009,left,-8.669970681739894,5.86133941634949,AN_14,#BFB09A
720575941541750141,76071705504150120,DNa08,descending,DNa08,right,-3.747287919593898,5.42042669280823,DN_18,#51B07B
720575941440379733,76001336759819925,DNp66,descending,DNp66,left,-6.080498387886134,-16.910246048128048,DN_19,#4D9C3C
720575941492217548,76142074248486514,DNge141,descending,DNge141,left,-23.917308023048488,-29.291302833711544,DN_14,#BFB09A
720575941484465862,76071705503942199,AN09B003_T3,ascending,AN09B003,left,-11.775055100990382,-20.59265819565002,AN_16,#77C8F2
720575941522568627,76142074315206470,DNp64,descending,DNp64,right,-1.473228385521022,-16.100469741975704,DN_19,#4D9C3C
720575941472178752,76071705504102291,DNp70,descending,DNp70,right,-2.1353935504685317,-13.117628250276486,DN_16,#77C8F2
720575941486437954,75930968015460209,DNg108,descending,DNg108,left,4.777101824211034,3.0636466406231717,DN_18,#51B07B
720575941438773548,76282811803962363,DNae003,descending,DNae003,left,12.811425039695653,29.939877357328495,DN_02,#EC9832
720575941487783888,76071705503871856,AN09B009_A3,ascending,AN09B009,left,-15.892920663429347,-44.61443820968811,AN_08,#298ABB
720575941632241900,76142074248044870,AN09B004_A3,ascending,AN09B004,right,-8.197465112281886,-25.252659950410763,AN_16,#77C8F2
720575941454918195,76212442992741853,AN06B002_T2,ascending,AN06B002,right,-29.351512124610988,3.5679300688153104,AN_07,#52AE4E
720575941530158980,76071705570922584,AN23B002,ascending,AN23B002,left,-5.773986032081691,4.366731490934451,AN_01,#F7BA3C
720575941573616891,76142074315059583,DNp59,descending,DNp59,left,0.2363903617133225,-14.986360702669064,DN_19,#4D9C3C
720575941521256115,76142074248545988,DNg102,descending,DNg102,left,-4.543662717414943,-8.802936229860226,DN_13,#6A2978
720575941448018196,76142074248413748,DNge142,descending,DNge142,right,-12.480148484779445,-47.94653812423889,DN_08,#298ABB
720575941527011865,76212442992120873,AN05B023_A9,ascending,AN05B023,right,-10.336662461830226,-28.356860313569943,AN_16,#77C8F2
720575941603744697,76282811803972980,DNge032,descending,DNge032,left,8.370734522270116,-5.892031345521848,DN_18,#51B07B
720575941602323897,75436119399371767,DNa04,descending,DNa04,right,14.862356016563329,28.429167594755253,DN_02,#EC9832
720575941614272531,76142074248010526,AN05B099_A5,ascending,AN05B099,left,-8.871934106422511,-24.73876300827209,AN_16,#77C8F2
720575941703161306,75930968015539840,AN18B002,ascending,AN18B002,left,5.365885565208348,-0.04465851560775458,AN_18,#51B07B
720575941511555344,76001336759769357,DNge041,descending,DNge041,left,10.52931864015952,1.587837781751712,DN_06,#E42E2E
720575941542664284,76001336826940675,DNp102,descending,DNp102,right,2.6418808197249497,21.705719795072635,DN_07,#52AE4E
720575941440764127,76212442924978891,DNd04,descending,DNd04,left,-17.06808583982095,-12.126191291963497,DN_15,#48A9D9
720575941511508690,76212442992195683,AN17A009,ascending,AN17A009,left,-15.785090615821925,-16.37170806900207,AN_17,#8B3A9C
720575941507243589,76282811736337897,DNbe002,descending,DNbe002,left,0.36686914615527044,-2.611866626893918,DN_07,#52AE4E
720575941515175770,76212443059254607,AN23B002,ascending,AN23B002,right,-5.773986032081691,4.366731490934451,AN_01,#F7BA3C
720575941621593727,76212442992519061,DNp70,descending,DNp70,left,-2.1353935504685317,-13.117628250276486,DN_16,#77C8F2
720575941543092060,76001336759841443,DNp14,descending,DNp14,right,-13.710842301918117,-9.975828323518673,DN_18,#51B07B
720575941508517761,76142074180698963,AN05B004,ascending,AN05B004,left,-13.225521256996242,-7.076139602815549,AN_14,#BFB09A
720575941721644602,76142074248158460,AN05B096_T2,ascending,AN05B096,right,-13.477844407631007,-18.56362644210998,AN_17,#8B3A9C
720575941573266171,76001336759804857,DNge054,descending,DNge054,right,9.026258299278172,-4.512688312684934,DN_06,#E42E2E
720575941638266399,75930968015607877,AN06B011,ascending,AN06B011,left,-8.786787202430812,10.989419784391483,AN_07,#52AE4E
720575941626534090,76212442992706752,AN06B002_T1,ascending,AN06B002,right,-29.435750176979152,3.951082553709109,AN_07,#52AE4E
720575941442187967,76071705504133816,DNp23,descending,DNp23,right,-2.5060378814469253,-18.573081169282833,DN_19,#4D9C3C
720575941549273992,76001336759920089,DNp47,descending,DNp47,right,0.08302290193930517,12.164707984769901,DN_01,#F7BA3C
720575941461347027,76282811736370381,DNg68,descending,DNg68,right,-16.84637944944009,-9.275874290620724,DN_15,#48A9D9
720575941436764448,76142074315098242,DNp64,descending,DNp64,left,-1.473228385521022,-16.100469741975704,DN_19,#4D9C3C
720575941472160011,76001336827176493,DNp73,descending,DNp73,left,-9.570808579994289,42.191527213895874,DN_04,#FE4545
720575941607693421,76071705504325822,DNg111,descending,DNg111,left,15.101261923240575,-0.22165623680297553,DN_06,#E42E2E
720575941476977969,76001336692355222,AN07B011,ascending,AN07B011,left,5.587727377342137,-6.857360992586057,AN_18,#51B07B
720575941619883135,76142074248240794,DNpe031,descending,DNpe031,right,-6.4383270049820815,-17.58512416855041,DN_19,#4D9C3C
720575941645244360,76001336759950051,AN07B015,ascending,AN07B015,left,8.938273260520848,-0.6242271699065369,AN_06,#E42E2E
720575941492477644,76071705504037878,DNp49,descending,DNp49,right,-4.883640935493556,-13.472942505037228,DN_19,#4D9C3C
720575941508298786,76071705503919650,DNg43,descending,DNg43,left,6.7039154266585435,-4.1168183423632785,DN_06,#E42E2E
720575941461407955,76212442992654323,DNge119,descending,DNge119,right,-0.5496876741181289,-16.704526100313107,DN_19,#4D9C3C
720575941702564314,76212442992249769,AN09B003_T3,ascending,AN09B003,NA,-11.775055100990382,-20.59265819565002,AN_16,#77C8F2
720575941440280767,75436119399355324,DNa15,descending,DNa15,right,15.664583990501317,28.562441673124393,DN_02,#EC9832
720575941547317940,75930968083085319,DNge032,descending,DNge032,right,8.370734522270116,-5.892031345521848,DN_18,#51B07B
720575941483506618,76142074248139611,AN17A014_T2,ascending,AN17A014,right,-15.282393624855128,-16.47617450729553,AN_17,#8B3A9C
720575941631028962,76001336759713660,DNge063,descending,DNge063,left,4.989469358848485,-3.696298751985471,DN_18,#51B07B
720575941436052000,76353180480413319,ANXXX086,ascending,ANXXX086,right,-13.561884095741359,-32.263075981294556,AN_14,#BFB09A
720575941658941264,76492955695412108,DNge079,descending,DNge079,left,3.5286219810713852,2.286265697324832,DN_18,#51B07B
720575941545991429,76212443059861893,DNp07,descending,DNp07,right,0.727219404803666,2.233548250043948,DN_07,#52AE4E
720575941635100603,76212442992170385,AN05B010,ascending,AN05B010,right,-16.141570260597316,-49.26795688644592,AN_08,#298ABB
720575941557601508,76071705503744977,AN05B010,ascending,AN05B010,left,-16.141570260597316,-49.26795688644592,AN_08,#298ABB
720575941563646050,76212442992665785,AN07B005_T1,ascending,AN07B005,right,7.631819078849706,-1.41068292037193,AN_06,#E42E2E
720575941456849901,76001336827289612,AN19A018_d_A1,ascending,AN19A018_d,right,-2.2045079971085464,-18.257033500825802,AN_19,#4D9C3C
720575941590381380,76212443059434887,DNa04,descending,DNa04,left,14.862356016563329,28.429167594755253,DN_02,#EC9832
720575941432274647,76142074248064117,AN17A015_T2,ascending,AN17A015,right,-10.144183328224269,-20.74785724655334,AN_16,#77C8F2
720575941691800539,76282811736447247,DNpe021,descending,DNpe021,left,-5.837889363838283,-15.335464630281368,DN_19,#4D9C3C
720575941408508078,76001336760032775,DNp08,descending,DNp08,right,-2.518436839653102,-15.755994949495236,DN_19,#4D9C3C
720575941408856879,76001336692338908,AN01B002_A2,ascending,AN01B002,right,-14.253862550331203,-36.30188861862366,AN_14,#BFB09A
720575941431111087,76353180480370874,ANXXX026,ascending,ANXXX026,left,-13.35331075437173,-34.56823459640686,AN_14,#BFB09A
720575941498583675,76778073274007948,AN09B016,ascending,AN09B016,left,-6.993502309394923,-23.090241584932247,AN_16,#77C8F2
720575941548378804,76001336759971227,DNpe005,descending,DNpe005,right,13.462956259178075,22.29494174941834,DN_02,#EC9832
720575941596082801,76212442992150954,AN09B009_A3,ascending,AN09B009,right,-15.892920663429347,-44.61443820968811,AN_08,#298ABB
720575941646451361,76282811736688536,DNp47,descending,DNp47,left,0.08302290193930517,12.164707984769901,DN_01,#F7BA3C
720575941529735883,76071705504317391,AN06B007_a,ascending,AN06B007_a,left,14.432036230491551,0.18384202941711725,AN_06,#E42E2E
720575941401766435,76282811736646155,DNbe007,descending,DNbe007,left,10.343782255577,1.3712647817974883,DN_06,#E42E2E
720575941586455774,76142074248289802,ANXXX033,ascending,ANXXX033,right,-12.336161782814113,-14.431317482149044,AN_17,#8B3A9C
720575941490285006,76071705504328589,AN23B003,ascending,AN23B003,left,7.280596563743504,-5.156956348573606,AN_07,#52AE4E
720575941653553169,76212442992683947,AN06B002_T3,ascending,AN06B002,right,-29.021491220069972,3.7907584570294217,AN_07,#52AE4E
720575941568499502,76001336759755351,DNp55,descending,DNp55,right,-7.006762673927394,-18.355870399629513,DN_16,#77C8F2
720575941596748933,76001336692407788,DNbe002,descending,DNbe002,right,0.36686914615527044,-2.611866626893918,DN_07,#52AE4E
720575941449981277,76001336759835146,AN01A001,ascending,AN01A001,left,9.33196527712241,1.368616189802249,AN_06,#E42E2E
720575941400290851,76353180547818968,DNg49,descending,DNg49,right,0.05816609613791357,22.101858939970096,DN_03,#947E6C
720575941470033117,76212442992643092,DNbe003,descending,DNbe003,left,10.394328901695165,-3.655596170579831,DN_06,#E42E2E
720575941431211951,76212442992329755,DNg29,descending,DNg29,right,-6.230477502418605,-13.290154609834591,DN_16,#77C8F2
720575941552768062,76142074315267602,DNge135,descending,DNge135,right,-22.02147023923501,7.8232639692669705,DN_13,#6A2978
720575941638407199,76212443059403039,DNa15,descending,DNa15,left,15.664583990501317,28.562441673124393,DN_02,#EC9832
720575941409588271,76142074315092782,DNpe026,descending,DNpe026,right,-0.05645482785805811,-14.537335548555294,DN_19,#4D9C3C
720575941409225902,76142074248606052,DNg102,descending,DNg102,right,-4.543662717414943,-8.802936229860226,DN_13,#6A2978
720575941628153913,76071705570971167,DNge140,descending,DNge140,left,-8.238605668617335,-15.13493171707336,DN_19,#4D9C3C
720575941627244396,76071705504320138,AN23B001,ascending,AN23B001,left,-1.3913833404313003,-11.548972282564083,AN_19,#4D9C3C
720575941565099623,76353180480509237,AN19B004,ascending,AN19B004,right,-1.7708772922287856,-1.4441521503085297,AN_06,#E42E2E
720575941519241176,75930968083031007,DNge040,descending,DNge040,left,18.39857561342612,-1.7106778957003754,DN_06,#E42E2E
720575941480954019,76142074248249442,DNpe031,descending,DNpe031,right,-6.4383270049820815,-17.58512416855041,DN_19,#4D9C3C
720575941540466381,76353180480550107,DNp08,descending,DNp08,left,-2.518436839653102,-15.755994949495236,DN_19,#4D9C3C
720575941548276404,76353180480364480,AN07B011,ascending,AN07B011,right,5.587727377342137,-6.857360992586057,AN_18,#51B07B
720575941687585036,76282811736282905,ANXXX027_A6,ascending,ANXXX027,right,-23.602046182228175,-14.3338853456134,AN_14,#BFB09A
720575941481244128,76001336692343194,AN01B002_A2,ascending,AN01B002,right,-14.253862550331203,-36.30188861862366,AN_14,#BFB09A
720575941559017252,76142074248486542,AN17A012_T3,ascending,AN17A012,right,-6.0777241492997085,-12.291102562105099,AN_18,#51B07B
720575941440399445,76142074247963198,AN05B099_A7,ascending,AN05B099,left,-11.676318337989894,-22.63717380539123,AN_16,#77C8F2
720575941578384629,76071705504350328,DNpe025,descending,DNpe025,right,0.8892774080504502,-9.181585464631954,DN_18,#51B07B
720575941485705478,76142074248083922,AN17A013_T2,ascending,AN17A013,right,-9.870207955909816,-23.59356037155334,AN_16,#77C8F2
720575941603685817,76353180480386415,ANXXX024,ascending,ANXXX024,right,8.652072737144383,0.7568639181500274,AN_06,#E42E2E
720575941550196797,76001336759911258,DNbe007,descending,DNbe007,right,10.343782255577,1.3712647817974883,DN_06,#E42E2E
720575941522604979,76353180480448213,DNge059,descending,DNge059,left,15.965253660606297,-6.835346374666135,DN_06,#E42E2E
720575941446170026,76566210791615842,AN01A055,ascending,AN01A055,right,-17.46495168454751,-3.721676025545041,AN_16,#77C8F2
720575941687586060,76282811736172092,720575941687586060,ascending,ANXXX041,left,-13.985212495399562,-49.22458759323303,AN_08,#298ABB
720575941451006645,76071705503979274,AN08B012_T2,ascending,AN08B012,left,-11.600884606910792,-22.709624443208615,AN_14,#BFB09A
720575941489638094,76071705503981802,AN17B012,ascending,AN17B012,right,-7.640024354530421,-23.612383995210568,AN_16,#77C8F2
720575941551774526,76071705570912182,DNpe023,descending,DNpe023,left,15.387142965721043,0.5569308660870391,DN_06,#E42E2E
720575941578497369,76353180480620839,AN18B002,ascending,AN18B002,NA,5.365885565208348,-0.04465851560775458,AN_18,#51B07B
720575941565245794,76212442992402880,DNge132,descending,DNge132,left,-13.230758836341945,-41.92431369796936,DN_08,#298ABB
720575941585137247,76071705504059993,ANXXX055,ascending,ANXXX055,left,-13.411089112831203,-21.581219825899044,AN_14,#BFB09A
720575941527759641,76142074248560112,DNpe043,descending,DNpe043,left,-1.5990299487839614,-14.072305832063595,DN_14,#BFB09A
720575941618680533,76071705503913777,AN05B009_A3,ascending,AN05B009,left,-15.841248681617824,-46.05360141769592,AN_08,#298ABB
720575941563218944,76071705571178552,DNae010,descending,DNae010,right,16.321835348533543,27.879723396146854,DN_02,#EC9832
720575941438634002,76212442992224412,ANXXX055,ascending,ANXXX055,right,-13.411089112831203,-21.581219825899044,AN_14,#BFB09A
720575941557588964,76286110540171644,AN13B002,ascending,AN13B002,left,-11.278879334999171,-28.273381385957638,AN_16,#77C8F2
720575941612039142,76001336827128095,DNbe005,descending,DNbe005,right,16.313564131187352,25.840336646879276,DN_02,#EC9832
720575941546602345,76142074248208111,DNpe031,descending,DNpe031,left,-6.4383270049820815,-17.58512416855041,DN_19,#4D9C3C
720575941487319437,75577544082281419,DNp57,descending,DNp57,right,14.337711164878758,25.494442787015995,DN_02,#EC9832
720575941598950556,76142074315209525,DNg27,descending,DNg27,right,-13.415549447609035,5.539143886411746,DN_13,#6A2978
720575941502736779,76142074180710925,AN09B018_d,ascending,AN09B018_d,left,-14.809425523353664,-9.34127059951965,AN_14,#BFB09A
720575941612394058,76215398198656998,AN23B001,ascending,AN23B001,right,-1.3913833404313003,-11.548972282564083,AN_19,#4D9C3C
720575941539226866,76142074315078640,DNp63,descending,DNp63,right,14.932892630027684,23.029261436307987,DN_02,#EC9832
720575941633591483,76844318312766474,AN27X004,ascending,AN27X004,right,-4.7062312865982925,-5.88589015976135,AN_14,#BFB09A
720575941610917037,76001336759798772,DNpe002,descending,DNpe002,right,10.693045446800145,4.421650733793338,DN_06,#E42E2E
720575941458999711,76071705436503434,AN17B007,ascending,AN17B007,NA,7.187502214836034,-41.45908084884827,AN_09,#D24A2C
720575941566132119,76142074248532753,DNg22,descending,DNg22,right,-11.965918710304347,-9.121504936372677,DN_14,#BFB09A
720575941472508256,76353180480644173,AN19B032,ascending,AN19B032,right,-12.823551347328273,-21.52067676559631,AN_17,#8B3A9C
720575941552726407,76071705570906884,DNg99,descending,DNg99,right,-9.513495614601222,42.49561580642517,DN_04,#FE4545
720575941681023421,76071705504043334,AN14A003_T3,ascending,AN14A003,left,-1.084587028099147,-2.7086364366168185,AN_07,#52AE4E
720575941681075389,76001336759547661,ANXXX026,ascending,ANXXX026,right,-13.35331075437173,-34.56823459640686,AN_14,#BFB09A
720575941634207941,76142074248210891,AN05B096_T2,ascending,AN05B096,left,-13.477844407631007,-18.56362644210998,AN_17,#8B3A9C
720575941601114102,76212442992304307,AN17A013_T1,ascending,AN17A013,left,-9.409422090126125,-22.707642707979122,AN_16,#77C8F2
720575941613020390,76353180547697387,DNg109,descending,DNg109,right,10.976095030235204,-3.5216571427935763,DN_06,#E42E2E
720575941531432907,76212442992255493,AN17A013_T2,ascending,AN17A013,left,-9.870207955909816,-23.59356037155334,AN_16,#77C8F2
720575941527231746,76285491997353172,AN09B016,ascending,AN09B016,right,-6.993502309394923,-23.090241584932247,AN_16,#77C8F2
720575941453681203,76071705504268164,AN07B005_T3,ascending,AN07B005,left,1.5822505449523057,-1.6534996964091462,AN_07,#52AE4E
720575941527544708,76001336692372088,ANXXX027_A6,ascending,ANXXX027,left,-23.602046182228175,-14.3338853456134,AN_14,#BFB09A
720575941518225299,76142074180719381,AN13B002,ascending,AN13B002,right,-11.278879334999171,-28.273381385957638,AN_16,#77C8F2
720575941526870628,76212442992561485,AN08B009_T1,ascending,AN08B009,right,-0.8345064426194106,-15.552610550081173,AN_19,#4D9C3C
720575941644587109,76142074315290361,DNp101,descending,DNp101,right,-3.74833553083047,-10.702648315584103,DN_18,#51B07B
720575941471808375,76071705571155970,DNge107,descending,DNge107,right,13.648436376975926,24.650652732694706,DN_02,#EC9832
720575941509305182,76071705436547156,DNge104,descending,DNge104,left,-15.495005776954738,-47.85912052169983,DN_08,#298ABB
720575941409519022,76212442992446273,DNp02,descending,DNp02,left,-1.84456413037881,-14.927007827913204,DN_09,#D24A2C
720575941569349370,76212443059290345,720575941569349370,ascending,AN06B007,right,5.353962252067479,-4.314913425599973,AN_07,#52AE4E
720575941441848411,76212442992298499,AN17A003_T2,ascending,AN17A003,left,-14.910515000892726,-18.55851856247131,AN_17,#8B3A9C
720575941463843597,76142074315212550,DNp45,descending,DNp45,left,-3.891093423439113,-15.890859756624142,DN_19,#4D9C3C
720575941580859893,76142074248342226,AN05B101,ascending,AN05B101,right,-15.844735314918605,4.195026244962771,AN_13,#6A2978
720575941563466152,76142074315081531,AN27X009_T1,ascending,AN27X009,left,-11.51096742398843,3.2886503599530057,AN_14,#BFB09A
720575941436244110,76212442992405847,AN17A003_T1,ascending,AN17A003,left,-13.565200021339503,-40.81927219406311,AN_08,#298ABB
720575941548351549,76142074314899341,AN04B003_T2,ascending,AN04B003,left,-9.382493188453761,11.179492797697147,AN_07,#52AE4E
720575941528293378,76282811736172085,AN17B012,ascending,AN17B012,left,-7.640024354530421,-23.612383995210568,AN_16,#77C8F2
720575941531996645,76071705570881639,DNpe042,descending,DNpe042,left,0.3356015776862229,-14.28147712722961,DN_19,#4D9C3C
720575941525922148,76142074248447182,AN17A012_T3,ascending,AN17A012,left,-6.0777241492997085,-12.291102562105099,AN_18,#51B07B
720575941599034560,76282811736499974,DNde005,descending,DNde005,left,14.259364912437352,-4.194832716142575,DN_06,#E42E2E
720575941628267321,76142074247904130,720575941628267321,ascending,AN17A003,right,-14.396844079567042,-18.793528709566036,AN_17,#8B3A9C
720575941569801586,76142074315043232,DNpe042,descending,DNpe042,right,0.3356015776862229,-14.28147712722961,DN_19,#4D9C3C
720575941502734475,76071705504414158,DNp38,descending,DNp38,left,-6.468293359352199,-15.490597877656857,DN_19,#4D9C3C
720575941505988165,76001336893811332,DNge151,descending,DNge151,left,-8.584160974098292,0.8648489378338653,DN_14,#BFB09A
720575941567589686,76071705503615539,AN17B005,ascending,AN17B005,right,-16.174174478126613,-49.79169956222717,AN_08,#298ABB
720575941484394125,76142074248336663,AN17A008,ascending,AN17A008,left,-6.479084661079494,-2.5374861098879977,AN_08,#298ABB
720575941575652105,76071705570914886,DNp101,descending,DNp101,left,-3.74833553083047,-10.702648315584103,DN_18,#51B07B
720575941572468126,76282811736564765,AN19B010,ascending,AN19B010,right,9.490582296775731,-0.10634681955520331,AN_06,#E42E2E
720575941733034283,76212443059614123,DNp19,descending,DNp19,left,-9.698988130165187,42.817259635770874,DN_04,#FE4545
720575941511281618,76001336827278764,DNg96,descending,DNg96,left,18.19616777651206,-1.4595565833205384,DN_06,#E42E2E
720575941611937709,76212442992273186,ANXXX082,ascending,ANXXX082,right,16.41133482210532,-33.311177406465454,AN_11,#F36237
720575941732764971,76071705503787462,AN09B004_T3,ascending,AN09B004,left,-9.711233308387843,-24.734431419526974,AN_16,#77C8F2
720575941574158075,76141318132805149,DNg66,descending,DNg66,left,-10.676362207008449,-6.251765880739133,DN_14,#BFB09A
720575941682439613,76495429730570401,AN05B021,ascending,AN05B021,left,-18.712636163307277,-8.891145858919064,AN_15,#48A9D9
720575941552603966,76001336826870580,DNp19,descending,DNp19,right,-9.698988130165187,42.817259635770874,DN_04,#FE4545
720575941633124549,76071705504163839,DNge119,descending,DNge119,left,-0.5496876741181289,-16.704526100313107,DN_19,#4D9C3C
720575941507242309,76142074315065470,AN05B097_T3,ascending,AN05B097,right,-7.694725205970851,-15.923658523713986,AN_17,#8B3A9C
720575941440001343,76071705504270956,AN06B002_T3,ascending,AN06B002,left,-29.021491220069972,3.7907584570294217,AN_07,#52AE4E
720575941470861120,76282811736411923,AN12B008_T2,ascending,AN12B008,right,10.667593786643895,3.388521518552859,AN_06,#E42E2E
720575941687586316,76212442992103696,ANXXX041,ascending,ANXXX041,left,-16.16000478513345,-50.368950996553345,AN_08,#298ABB
720575941433051406,76282811736634727,AN07B015,ascending,AN07B015,right,8.938273260520848,-0.6242271699065369,AN_06,#E42E2E
720575941454690217,76142074248018984,AN05B099_A6,ascending,AN05B099,right,-8.98944299466714,-24.537594947969357,AN_16,#77C8F2
720575941560503155,76212443059532294,DNp73,descending,DNp73,right,-9.570808579994289,42.191527213895874,DN_04,#FE4545
720575941460458399,76145785502330739,AN09B004_T3,ascending,AN09B004,right,-9.711233308387843,-24.734431419526974,AN_16,#77C8F2
720575941626959771,76142074315070192,DNpe026,descending,DNpe026,left,-0.05645482785805811,-14.537335548555294,DN_19,#4D9C3C
720575941404711792,76001336827197548,DNpe016,descending,DNpe016,left,3.7772825454939927,-6.998793754732053,DN_07,#52AE4E
720575941691165848,76071705436523694,AN01A055,ascending,AN01A055,left,-17.46495168454751,-3.721676025545041,AN_16,#77C8F2
720575941471297911,76282811870525513,DNge003,descending,DNge003,left,16.949442694114598,-8.993678245698849,DN_06,#E42E2E
720575941500843426,76001336759775238,DNbe003,descending,DNbe003,right,10.394328901695165,-3.655596170579831,DN_06,#E42E2E
720575941519028396,76142074315075612,AN05B097_T3,ascending,AN05B097,left,-7.694725205970851,-15.923658523713986,AN_17,#8B3A9C
720575941546634428,76071705504189179,DNp23,descending,DNp23,left,-2.5060378814469253,-18.573081169282833,DN_19,#4D9C3C
720575941507249221,75930968015558835,DNg109,descending,DNg109,right,10.976095030235204,-3.5216571427935763,DN_06,#E42E2E
720575941491012809,76071705571144664,MDN,descending,MDN,left,18.626454183982762,0.4590242765789825,DN_06,#E42E2E
720575941476477492,76212443059502769,DNae010,descending,DNae010,left,16.321835348533543,27.879723396146854,DN_02,#EC9832
720575941535861482,76142074180679578,AN09B018_d,ascending,AN09B018_d,right,-14.809425523353664,-9.34127059951965,AN_14,#BFB09A
720575941627562634,76282811736561828,AN01A001,ascending,AN01A001,right,9.33196527712241,1.368616189802249,AN_06,#E42E2E
720575941533250738,76212442992724118,AN14A003_T2,ascending,AN14A003,right,-1.0407978797684585,-2.149229202424924,AN_07,#52AE4E
720575941611944668,75930968015520673,AN19B032,ascending,AN19B032,left,-12.823551347328273,-21.52067676559631,AN_17,#8B3A9C
720575941540246364,76212443059480293,DNge107,descending,DNge107,left,13.648436376975926,24.650652732694706,DN_02,#EC9832
720575941566797110,76142074248117609,AN17A014_T2,ascending,AN17A014,left,-15.282393624855128,-16.47617450729553,AN_17,#8B3A9C
720575941428568404,76566004566356026,AN01A055,ascending,AN01A055,left,-17.46495168454751,-3.721676025545041,AN_16,#77C8F2
720575941440543323,76142074315384365,AN27X016,ascending,AN27X016,left,-6.8627864623795425,-1.8828543759936494,AN_14,#BFB09A
720575941414947220,76142074248164002,DNpe031,descending,DNpe031,left,-6.4383270049820815,-17.58512416855041,DN_19,#4D9C3C
720575941484965186,76071705504398414,AN04B003_T2,ascending,AN04B003,right,-9.382493188453761,11.179492797697147,AN_07,#52AE4E
720575941516704761,76071705504259461,ANXXX023,ascending,ANXXX023,left,-0.6229755187760269,-0.7560457326525849,AN_07,#52AE4E
720575941572669342,76353180547748887,DNb06,descending,DNb06,right,-2.534650495124904,19.89150127395447,DN_01,#F7BA3C
720575941566818967,76142074248117594,DNg103,descending,DNg103,left,-14.150736978126613,-3.5284742452258273,DN_15,#48A9D9
720575941441901759,76142074248036328,ANXXX075,ascending,ANXXX075,left,-18.829165628028957,-8.229557190095822,AN_15,#48A9D9
720575941645970081,76142074315696827,AN_multi_124,ascending,AN_multi_124,right,-51.09133260495767,-7.101075802003781,AN_12,#B56FCC
720575941513798097,75930968082748464,DNge007,descending,DNge007,right,13.733477423118504,-3.750652942811887,DN_06,#E42E2E
720575941451902542,76142074248319778,AN17A013_T1,ascending,AN17A013,right,-9.409422090126125,-22.707642707979122,AN_16,#77C8F2
720575941578509401,76001336692348230,AN01B002_A3,ascending,AN01B002,right,-15.37140386350259,-47.07229724899475,AN_08,#298ABB
720575941537991907,76495911169233289,AN27X009_T1,ascending,AN27X009,right,-11.51096742398843,3.2886503599530057,AN_14,#BFB09A
720575941499708745,76140013334977340,MDN,descending,MDN,right,18.626454183982762,0.4590242765789825,DN_06,#E42E2E
720575941555321601,76212442992385605,ANXXX102,ascending,ANXXX102,right,-7.731390168739406,-24.266719017183224,AN_16,#77C8F2
720575941612667238,76071705570957714,AN05B098,ascending,AN05B098,left,-16.64677541501626,-9.884487304841915,AN_14,#BFB09A
720575941703138522,76001336759752465,AN12B005,ascending,AN12B005,left,10.191182920860204,2.164057102048953,AN_06,#E42E2E
720575941566309174,76071705571402974,DNp26,descending,DNp26,left,15.93496114961997,26.86705860122498,DN_02,#EC9832
720575941576562792,76282811736435347,DNge075,descending,DNge075,right,-7.535657098365871,-4.5071190930957,DN_15,#48A9D9
720575941652850709,76285354558384037,AN09B024,ascending,AN09B024,right,-12.10522954709634,-19.915856514131466,AN_16,#77C8F2
720575941556912211,76212442992572557,AN08B009_T3,ascending,AN08B009,right,-1.9903563762436782,-16.091144714509884,AN_19,#4D9C3C
720575941624212732,76212442992238880,ANXXX075,ascending,ANXXX075,right,-18.829165628028957,-8.229557190095822,AN_15,#48A9D9
720575941449316628,76212442924888879,AN09A007_T2,ascending,AN09A007,left,-16.557015588356105,-47.92670932785217,AN_08,#298ABB
720575941528667814,76212443126274899,DNp05,descending,DNp05,right,-1.42732517964944,-7.009452495729367,DN_07,#52AE4E
720575941440355157,76212443059260189,AN06B007_a,ascending,AN06B007_a,right,14.432036230491551,0.18384202941711725,AN_06,#E42E2E
720575941657989712,75930968083124544,DNge003,descending,DNge003,right,16.949442694114598,-8.993678245698849,DN_06,#E42E2E
720575941609057389,76142074248365529,AN17A026,ascending,AN17A026,left,-7.3512908721695815,-11.210454139863888,AN_18,#51B07B
720575941556437732,76142074248164006,AN17A018_T1,ascending,AN17A018,right,-15.591973474098292,-16.804711494600216,AN_17,#8B3A9C
720575941662302844,76212442992236032,ANXXX108,ascending,ANXXX108,left,-20.476679971290675,-36.153889808809204,AN_09,#D24A2C
720575941611018314,76282811736444241,ANXXX037,ascending,ANXXX037,left,11.73002893679038,-0.5152363814467591,AN_06,#E42E2E
720575941601087478,77129848409519396,AN09B031,ascending,AN09B031,left,-19.083005120826808,-7.669906768953244,AN_15,#48A9D9
720575941641465682,76071705436563053,AN17B008_T2,ascending,AN17B008,right,-19.754647424293605,-36.48371234909241,AN_09,#D24A2C
720575941520250584,76142074247966044,AN17A009,ascending,AN17A009,right,-15.785090615821925,-16.37170806900207,AN_17,#8B3A9C
720575941410113451,75930968082920044,AN19B015,ascending,AN19B015,left,35.33866770021811,-9.589100990449825,AN_05,#FBCD5A
720575941415598737,76071705504398422,DNb08,descending,DNb08,right,10.960838148521336,-3.0360850431079074,DN_06,#E42E2E
720575941456851693,76071705436510603,AN01A055,ascending,AN01A055,right,-17.46495168454751,-3.721676025545041,AN_16,#77C8F2
720575941594716523,75930968082544318,DNb06,descending,DNb06,left,-2.534650495124904,19.89150127395447,DN_01,#F7BA3C
720575941611824358,76212442992597045,AN04A001_T2,ascending,AN04A001,left,1.0686572288741196,2.4095111750012235,AN_07,#52AE4E
720575941515922778,76142074248213704,DNpe050,descending,DNpe050,left,-2.9090348983536636,-17.669993553316036,DN_18,#51B07B
720575941416724764,76142074315163817,AN05B097_T2,ascending,AN05B097,left,-13.32306401975259,-5.964839611207883,AN_15,#48A9D9
720575941509093726,76142074315087234,DNp104,descending,DNp104,left,-4.066384961677638,1.7161136530285674,DN_14,#BFB09A
720575941439620415,76212442992344037,DNpe049,descending,DNpe049,left,-18.526707818580714,-8.132646713411251,DN_15,#48A9D9
720575941504810290,76001336759731977,DNg90,descending,DNg90,right,10.784511396812352,2.273056831205447,DN_06,#E42E2E
720575941489185488,76212442992385585,AN17A015_T3,ascending,AN17A015,left,-9.915419747902003,-20.328854713594357,AN_16,#77C8F2
720575941542898205,76071705436534033,DNd04,descending,DNd04,right,-17.06808583982095,-12.126191291963497,DN_15,#48A9D9
720575941584448390,76142074248027494,AN08B007,ascending,AN08B007,left,-19.09599225766763,-34.00064197555725,AN_09,#D24A2C
720575941574252795,76071705504295444,AN07B013_T2,ascending,AN07B013,left,14.590781996177586,-1.6282506324404877,AN_06,#E42E2E
720575941545487365,76071705504065756,ANXXX082,ascending,ANXXX082,left,16.41133482210532,-33.311177406465454,AN_11,#F36237
720575941569367546,76144204954707500,ANXXX023,ascending,ANXXX023,right,-0.6229755187760269,-0.7560457326525849,AN_07,#52AE4E
720575941580654201,76212442992631608,AN08B005,ascending,AN08B005,right,-11.997269799781886,-16.692516479646603,AN_17,#8B3A9C
720575941496919168,76071705571199013,DNp57,descending,DNp57,left,14.337711164878758,25.494442787015995,DN_02,#EC9832
720575941413189999,76142074315065486,DNp38,descending,DNp38,right,-6.468293359352199,-15.490597877656857,DN_19,#4D9C3C
720575941724184890,76212442992750573,DNb08,descending,DNb08,left,10.960838148521336,-3.0360850431079074,DN_06,#E42E2E
720575941575633053,76142074315178010,DNp54,descending,DNp54,left,-4.53138749845132,2.4815140627270535,DN_14,#BFB09A
720575941491065653,76140356395645786,MDN,descending,MDN,left,18.626454183982762,0.4590242765789825,DN_06,#E42E2E
720575941576952463,76142074248098066,AN08B007,ascending,AN08B007,right,-19.09599225766763,-34.00064197555725,AN_09,#D24A2C
720575941353897264,76212442992513399,AN05B097_A1,ascending,AN05B097,right,-14.611375978065578,-5.334427986299436,AN_14,#BFB09A
720575941596085105,76212442992212851,ANXXX005,ascending,ANXXX005,right,-14.645397355629054,-26.371531639253536,AN_17,#8B3A9C
720575941453086535,76142074315090144,AN05B097_T2,ascending,AN05B097,right,-13.32306401975259,-5.964839611207883,AN_15,#48A9D9
720575941556616787,76282811736257965,AN09B031,ascending,AN09B031,right,-19.083005120826808,-7.669906768953244,AN_15,#48A9D9
720575941493128935,76001336692384586,ANXXX086,ascending,ANXXX086,left,-13.561884095741359,-32.263075981294556,AN_14,#BFB09A
720575941559176942,76212443059713912,DNb04,descending,DNb04,right,12.335041830467137,21.465992774808964,DN_01,#F7BA3C
720575941510621968,76353180480397354,DNge063,descending,DNge063,right,4.989469358848485,-3.696298751985471,DN_18,#51B07B
720575941542421340,76071705504256561,AN07B013_T1,ascending,AN07B013,left,16.3298719619979,-0.7692574597949189,AN_06,#E42E2E
720575941438942738,76001336692353602,ANXXX024,ascending,ANXXX024,left,8.652072737144383,0.7568639181500274,AN_06,#E42E2E
720575941551513716,75930968015514494,AN19B009_T1,ascending,AN19B009,left,4.42111403696433,-1.0363448001498383,AN_06,#E42E2E
720575941574838280,76212442992391552,ANXXX057,ascending,ANXXX057,right,-10.739745309425441,-20.014542732393185,AN_01,#F7BA3C
720575941482323651,76353180547672213,AN19B024,ascending,AN19B024,right,3.167124340461644,18.261742439115604,AN_01,#F7BA3C
720575941484263878,76212443059526459,DNbe005,descending,DNbe005,left,16.313564131187352,25.840336646879276,DN_02,#EC9832
720575941479639658,76212442992173152,ANXXX093,ascending,ANXXX093,right,-9.994111230445949,-28.068577919160763,AN_16,#77C8F2
720575941504443074,76142074315043203,AN05B094,ascending,AN05B094,right,-13.992281129432765,-18.40885272995178,AN_17,#8B3A9C
720575941526955266,75930968082877277,DNge006,descending,DNge006,right,-3.244464328361598,17.07337841018494,DN_03,#947E6C
720575941585621855,76353180480358110,DNg80,descending,DNg80,right,-14.80002420194253,2.2643419168835477,DN_14,#BFB09A
720575941578746713,76212442992195699,AN09B009,ascending,AN09B009,right,-14.671161820961085,-23.308339271699825,AN_17,#8B3A9C
720575941477812131,76353180480608078,DNpe002,descending,DNpe002,left,10.693045446800145,4.421650733793338,DN_06,#E42E2E
720575941439802130,76071705504111304,DNpe006,descending,DNpe006,right,-0.7006327415238296,-3.0220522023791476,DN_07,#52AE4E
720575941624437756,76282811804018380,DNpe016,descending,DNpe016,left,3.7772825454939927,-6.998793754732053,DN_07,#52AE4E
720575941402821923,76001336827249859,DNp05,descending,DNp05,left,-1.42732517964944,-7.009452495729367,DN_07,#52AE4E
720575941478339377,76142074248058852,AN09B004_A8,ascending,AN09B004,left,-10.056533029152003,-28.590157661592404,AN_16,#77C8F2
720575941607672685,76212442992355683,AN17A024_T1,ascending,AN17A024,left,-17.11405866391763,-14.737554702913204,AN_17,#8B3A9C
720575941413514607,76212442992611643,DNge099,descending,DNge099,right,-2.521619727684108,-17.076621208345333,DN_19,#4D9C3C
720575941723386170,76142074248177960,ANXXX102,ascending,ANXXX102,left,-7.731390168739406,-24.266719017183224,AN_16,#77C8F2
720575941492793036,76001336826943372,AN06B023_T2,ascending,AN06B023,left,14.465321371482762,29.280228462064823,AN_17,#8B3A9C
720575941558607396,76212443059728779,DNp03,descending,DNp03,right,14.171403715537938,25.972878303373417,DN_02,#EC9832
720575941514996945,76001336759524206,AN01A006,ascending,AN01A006,left,5.716986963676366,-7.757003936921994,AN_18,#51B07B
720575941555503187,76071705504015777,AN08B005,ascending,AN08B005,left,-11.997269799781886,-16.692516479646603,AN_17,#8B3A9C
720575941527484441,76071705503857267,ANXXX109,ascending,ANXXX109,right,-20.74684446103677,-35.78974643722717,AN_09,#D24A2C
720575941541431644,76282811803975476,AN19B015,ascending,AN19B015,right,35.33866770021811,-9.589100990449825,AN_05,#FBCD5A
720575941524165453,76142074248551657,AN05B103,ascending,AN05B103,left,-9.99149148709878,-2.7649830915087863,AN_18,#51B07B
720575941438465298,76001336827205271,DNb04,descending,DNb04,left,12.335041830467137,21.465992774808964,DN_01,#F7BA3C
720575941534881368,76212443059197401,DNb08,descending,DNb08,left,10.960838148521336,-3.0360850431079074,DN_06,#E42E2E
720575941495128446,76001336827286846,AN01A014,ascending,AN01A014,left,35.97827036135092,-8.58967033401672,AN_05,#FBCD5A
720575941515548515,75930968015384001,DNge046,descending,DNge046,left,0.6257847409342254,-0.5075532831305665,DN_18,#51B07B
720575941480480963,76071705571097367,DNge135,descending,DNge135,left,-22.02147023923501,7.8232639692669705,DN_13,#6A2978
720575941482437967,76142074248287050,AN09B013,ascending,AN09B013,right,-13.97486608274087,-21.07042613998596,AN_17,#8B3A9C
720575941574768392,76142074248373828,AN10B015_a,ascending,AN10B015_a,right,-12.927467515541164,-11.681788597261349,AN_14,#BFB09A
720575941486700098,76001336827239421,DNa05,descending,DNa05,right,14.67679292909995,28.64122280105408,DN_02,#EC9832
720575941574556744,76282811736602537,DNa08,descending,DNa08,left,-3.747287919593898,5.42042669280823,DN_18,#51B07B
720575941613459164,76212442992683910,AN07B005_T3,ascending,AN07B005,right,1.5822505449523057,-1.6534996964091462,AN_07,#52AE4E
720575941479882346,76212442992738952,AN23B003,ascending,AN23B003,right,7.280596563743504,-5.156956348573606,AN_07,#52AE4E
720575941644756168,76282811736468132,DNg30,descending,DNg30,right,-9.196788003517238,-13.468788299714962,DN_16,#77C8F2
720575941556446436,76212442992674861,AN08B013,ascending,AN08B013,right,-12.544038941932765,-16.023876342927853,AN_17,#8B3A9C
720575941483848122,76142074248316858,AN17A015_T1,ascending,AN17A015,right,-9.9793378616105,-20.73243442550842,AN_16,#77C8F2
720575941592893992,76212442992569809,DNp49,descending,DNp49,left,-4.883640935493556,-13.472942505037228,DN_19,#4D9C3C
720575941703228634,76142074248252273,AN05B100_T2,ascending,AN05B100,left,-18.272137811256496,-10.30971256271545,AN_15,#48A9D9
720575941493311920,76001336692371963,AN12B008_T1,ascending,AN12B008,left,10.790895292686375,3.9599779508953885,AN_06,#E42E2E
720575941535925018,76353180547827332,AN19B025,ascending,AN19B025,right,0.2981243228186692,25.987286414945682,AN_03,#947E6C
720575941448063764,76071705504197467,AN08B014,ascending,AN08B014,left,-2.7219218517075454,-4.3341621495837375,AN_18,#51B07B
720575941633402604,76212442992292858,AN17A015_T2,ascending,AN17A015,left,-10.144183328224269,-20.74785724655334,AN_16,#77C8F2
720575941535068650,76214298686508475,AN19B010,ascending,AN19B010,left,9.490582296775731,-0.10634681955520331,AN_06,#E42E2E
720575941538080754,76212442992343999,AN05B100_T3,ascending,AN05B100,right,-18.255841424537746,-10.162698898469845,AN_15,#48A9D9
720575941525186818,76282811803967694,DNge143,descending,DNge143,right,5.342975447105321,13.751040305936893,DN_03,#947E6C
720575941642906529,76142074315372952,DNge124,descending,DNge124,right,17.97120744936362,0.7168597839718658,DN_06,#E42E2E
720575941504090162,76212443059237838,DNae001,descending,DNae001,left,15.048638174461278,0.2640154026394683,DN_06,#E42E2E
720575941602005545,76071705436504530,AN12B011,ascending,AN12B011,left,-13.758808305336085,-34.26188770309631,AN_14,#BFB09A
720575941626056556,76212442992109184,DNge122,descending,DNge122,right,-15.030121018959132,-47.55896488205139,DN_08,#298ABB
720575941524046071,76282811736198591,AN17B007,ascending,AN17B007,left,7.187502214836034,-41.45908084884827,AN_09,#D24A2C
720575941439395903,76212442992417305,AN08B010_T3,ascending,AN08B010,right,-5.342310121131984,9.638007011259159,AN_16,#77C8F2
720575941537495322,76001336759531406,DNge075,descending,DNge075,left,-7.535657098365871,-4.5071190930957,DN_15,#48A9D9
720575941550687037,76001336827157899,720575941550687037,ascending,AN06B007,left,7.088104078697118,-4.872264299547116,AN_07,#52AE4E
720575941496696263,76001336692433937,DNp58,descending,DNp58,left,-13.526047875953761,3.9370449446087674,DN_14,#BFB09A
720575941496695751,76071705504311779,DNg22,descending,DNg22,left,-11.965918710304347,-9.121504936372677,DN_14,#BFB09A
720575941514658906,76212442992645946,AN08B018_T1,ascending,AN08B018,right,12.797264883445653,-48.32017627731506,AN_10,#695B52
720575941595237157,76282811736355761,ANXXX987,ascending,ANXXX987,right,-9.07491605527505,-10.165390167390743,AN_18,#51B07B
720575941547987124,76212443059263087,AN06B025,ascending,AN06B025,right,-1.0973625684510147,31.396338310087284,AN_03,#947E6C
720575941541075069,76142074314898754,AN05B098,ascending,AN05B098,right,-16.64677541501626,-9.884487304841915,AN_14,#BFB09A
720575941539028722,75930968082492521,DNge038,descending,DNge038,left,3.527031729148778,3.135539855802615,DN_18,#51B07B
720575941515619427,75859225083478308,DNpe055,descending,DNpe055,right,2.022879192756566,4.570461120451053,DN_07,#52AE4E
720575941411740817,76282811736221000,AN17B008_A1,ascending,AN17B008,left,-19.252505471778957,-34.52081028000061,AN_09,#D24A2C
720575941529904312,76001336759889945,ANXXX030,ascending,ANXXX030,left,9.751233885215672,0.7983601950054962,AN_06,#E42E2E
720575941491857461,76212443059276845,DNpe025,descending,DNpe025,left,0.8892774080504502,-9.181585464631954,DN_18,#51B07B
720575941447914772,76142074248123503,AN17A014_T1,ascending,AN17A014,right,-14.507053544593898,-16.690483246004025,AN_17,#8B3A9C
720575941561655341,76071705504203138,DNae001,descending,DNae001,right,15.048638174461278,0.2640154026394683,DN_06,#E42E2E
720575941542885661,76212442992295691,DNg84,descending,DNg84,right,-16.755507638527003,-48.406209144746704,DN_08,#298ABB
720575941459870278,76282811803893191,AN06B023_T2,ascending,AN06B023,right,14.465321371482762,29.280228462064823,AN_17,#8B3A9C
720575941552013055,76212442992201397,AN09B009_A4,ascending,AN09B009,right,-13.482533624244777,-31.091603431856075,AN_08,#298ABB
720575941513808849,76353180547677793,DNge038,descending,DNge038,right,3.527031729148778,3.135539855802615,DN_18,#51B07B
720575941441901147,76212442924860175,AN17A003_T3,ascending,AN17A003,left,-13.511069467140285,-17.257857475435177,AN_17,#8B3A9C
720575941480554370,76282811736824878,DNg79,descending,DNg79,right,11.939189741538915,22.776942100370487,DN_01,#F7BA3C
720575941586950790,76282811803942976,DNge084,descending,DNge084,right,7.34305793993369,21.19847377761658,DN_01,#F7BA3C
720575941432269271,75930968015653840,DNg101,descending,DNg101,right,2.3387429212798203,-8.976939354097286,DN_18,#51B07B
720575941574675869,76071705571318236,DNb07,descending,DNb07,right,14.854859182762059,23.567116584623417,DN_02,#EC9832
720575941438445330,76212443059223876,DNpe032,descending,DNpe032,right,-4.5767523551712905,6.589209880674441,DN_07,#52AE4E
720575941668844209,76212442992883288,AN07B013_T2,ascending,AN07B013,right,14.590781996177586,-1.6282506324404877,AN_06,#E42E2E
720575941508259141,76142074248150328,AN17A014_T3,ascending,AN17A014,right,-14.711118867469875,-16.912565384065548,AN_17,#8B3A9C
720575941408820271,76142074180820109,AN09B004_A2,ascending,AN09B004,left,-15.459529092384425,-13.058768425142208,AN_16,#77C8F2
720575941505562949,76212442992762293,ANXXX106,ascending,ANXXX106,left,-18.28651159055337,-28.88165203109924,AN_14,#BFB09A
720575941528463526,76212442924902028,AN09A007_T1,ascending,AN09A007,left,-9.945207765174953,-12.688413772737423,AN_08,#298ABB
720575941430250377,76353180548042377,DNg91,descending,DNg91,left,14.877815077232274,28.598950233305057,DN_02,#EC9832
720575941435983136,76142074248180632,AN09B012_A5,ascending,AN09B012,right,-23.94234006650552,-14.252688560640255,AN_14,#BFB09A
720575941610938797,76212442992238861,AN09B012_A4,ascending,AN09B012,right,-24.164700677467433,-14.196286354219357,AN_14,#BFB09A
720575941581081681,76142074180728448,AN05B023_T2,ascending,AN05B023,left,-14.330968072486964,-25.902869377290646,AN_17,#8B3A9C
720575941459936070,76212443059172167,AN07B018,ascending,AN07B018,right,-7.434018304420558,-23.482459221040646,AN_16,#77C8F2
720575941626978715,76142074315565818,DNg33,descending,DNg33,left,-8.514890840126125,1.1017297171002227,DN_14,#BFB09A
720575941352944432,76001336692322290,AN17B007,ascending,AN17B007,right,7.187502214836034,-41.45908084884827,AN_09,#D24A2C
720575941593041192,76071705503916595,AN09B015,ascending,AN09B015,right,10.571702787803563,-45.743279609834595,AN_10,#695B52
720575941637683829,76142074248089525,ANXXX098_A1,ascending,ANXXX098,right,9.508276770042333,-49.11253849044983,AN_10,#695B52
720575941631629292,76071705504114201,AN08B010_T3,ascending,AN08B010,left,-5.342310121131984,9.638007011259159,AN_16,#77C8F2
720575941575744655,76142074315367074,DNpe036,descending,DNpe036,right,-15.220478227211085,5.897046890104373,DN_13,#6A2978
720575941586116703,76142074247911449,AN09B018_c,ascending,AN09B018_c,right,-15.207241227699367,-7.968714389955442,AN_14,#BFB09A
720575941659115288,76142074248227196,AN05B096_T3,ascending,AN05B096,left,-14.52583329923257,-7.185637626802365,AN_14,#BFB09A
720575941403931248,76001336692337925,ANXXX092,ascending,ANXXX092,left,-14.921618630958644,-40.30457798019592,AN_08,#298ABB
720575941541333117,76142074315519495,AN27X016,ascending,AN27X016,right,-6.8627864623795425,-1.8828543759936494,AN_14,#BFB09A
720575941535231832,76071705436531051,DNge103,descending,DNge103,right,6.802574942039403,-2.9263369180316134,DN_07,#52AE4E
720575941502158059,76777592170766504,AN08B018_T1,ascending,AN08B018,left,12.797264883445653,-48.32017627731506,AN_10,#695B52
720575941559874831,76142074248254953,DNp04,descending,DNp04,right,-2.566912820411769,-14.693238411104122,DN_16,#77C8F2
720575941514855756,75930968082538548,AN09A005,ascending,AN09A005,left,-6.257703473640529,1.629510726774295,AN_12,#B56FCC
720575941629393721,76282811736335068,AN09B014,ascending,AN09B014,right,-14.498708894325343,-37.88834491745178,AN_08,#298ABB
720575941644144978,76282811736211125,AN17B009,ascending,AN17B009,left,8.497196028160008,-42.60456195846741,AN_09,#D24A2C
720575941688133871,76353180480530556,DNge046,descending,DNge046,right,0.6257847409342254,-0.5075532831305665,DN_18,#51B07B
720575941587471582,76282811736473915,DNde002,descending,DNde002,left,13.057511160301122,-3.49150219932739,DN_06,#E42E2E
720575941464753430,76212442992747734,AN07B013_T1,ascending,AN07B013,right,16.3298719619979,-0.7692574597949189,AN_06,#E42E2E
720575941534916739,76071705436518355,AN09A007_T2,ascending,AN09A007,right,-16.557015588356105,-47.92670932785217,AN_08,#298ABB
720575941596729477,76142074248136897,AN17A014_T3,ascending,AN17A014,left,-14.711118867469875,-16.912565384065548,AN_17,#8B3A9C
720575941480772259,76142074247985166,AN09B004_A9,ascending,AN09B004,right,-11.91624849088296,-23.019234810029904,AN_16,#77C8F2
720575941585932422,76212442992189908,AN17A018_T3,ascending,AN17A018,left,-15.28734510190591,-17.05132976547424,AN_17,#8B3A9C
720575941393748630,76353180480386409,AN01A006,ascending,AN01A006,right,5.716986963676366,-7.757003936921994,AN_18,#51B07B
720575941626337162,76142074180719392,DNg103,descending,DNg103,right,-14.150736978126613,-3.5284742452258273,DN_15,#48A9D9
720575941632371948,76142074247996176,AN09B004_A9,ascending,AN09B004,left,-11.91624849088296,-23.019234810029904,AN_16,#77C8F2
720575941507894366,76423549291706811,DNg69,descending,DNg69,left,2.370056936668309,1.5858202837353546,DN_18,#51B07B
720575941516022851,76071705504177858,AN08B013,ascending,AN08B013,left,-12.544038941932765,-16.023876342927853,AN_17,#8B3A9C
720575941569909106,76071705503931030,DNg84,descending,DNg84,left,-16.755507638527003,-48.406209144746704,DN_08,#298ABB
720575941504636610,76142074248213670,AN05B100_T2,ascending,AN05B100,right,-18.272137811256496,-10.30971256271545,AN_15,#48A9D9
720575941536706753,76001336692352141,DNg80,descending,DNg80,left,-14.80002420194253,2.2643419168835477,DN_14,#BFB09A
720575941574657032,76282811803419293,AN06B040,ascending,AN06B040,right,5.902092764305028,17.90028270705994,AN_01,#F7BA3C
720575941455074099,76071705570892759,AN05B094,ascending,AN05B094,left,-13.992281129432765,-18.40885272995178,AN_17,#8B3A9C
720575941600537385,76212442992335467,AN17A024_T3,ascending,AN17A024,left,-10.595037629676906,-27.524472389375607,AN_17,#8B3A9C
720575941476515636,76142074247911441,AN05B023_A6,ascending,AN05B023,left,-9.568091561866847,-28.303088340913693,AN_16,#77C8F2
720575941561955699,76071705503733058,DNde006,descending,DNde006,right,-12.615484407020656,-19.268950615083615,DN_08,#298ABB
720575941653370389,76142074248452438,AN10B015_a,ascending,AN10B015_a,left,-12.927467515541164,-11.681788597261349,AN_14,#BFB09A
720575941539809997,76001336827147520,DNp03,descending,DNp03,left,14.171403715537938,25.972878303373417,DN_02,#EC9832
720575941515375171,76142074248585085,AN05B097_T1,ascending,AN05B097,right,-5.761009385658351,-10.583363685762325,AN_18,#51B07B
720575941541480573,76282811803998996,AN01A014,ascending,AN01A014,right,35.97827036135092,-8.58967033401672,AN_05,#FBCD5A
720575941441805503,76142074248208128,AN05B100_T3,ascending,AN05B100,left,-18.255841424537746,-10.162698898469845,AN_15,#48A9D9
720575941456625567,76282811736479745,DNg90,descending,DNg90,left,10.784511396812352,2.273056831205447,DN_06,#E42E2E
720575941558381860,76142074248252307,DNpe050,descending,DNpe050,right,-2.9090348983536636,-17.669993553316036,DN_18,#51B07B
720575941514201932,76212442992361358,720575941514201932,ascending,AN17A018,left,-15.276267221046535,-17.160519752656857,AN_17,#8B3A9C
720575941554615553,76071705504119790,ANXXX057,ascending,ANXXX057,left,-10.739745309425441,-20.014542732393185,AN_01,#F7BA3C
720575941629631289,76353180480381053,ANXXX092,ascending,ANXXX092,right,-14.921618630958644,-40.30457798019592,AN_08,#298ABB
720575941393864342,76071705436552057,ANXXX041,ascending,ANXXX041,right,-16.16000478513345,-50.368950996553345,AN_08,#298ABB
720575941551640711,76353180480395438,ANXXX049_T3,ascending,ANXXX049,right,17.3556869720687,-0.3801343180293244,AN_06,#E42E2E
720575941560566799,76142074248120549,AN17A015_T3,ascending,AN17A015,right,-9.915419747902003,-20.328854713594357,AN_16,#77C8F2
720575941703187674,76142074248210889,DNg87,descending,DNg87,right,-15.211827447486964,-45.36331287399475,DN_08,#298ABB
720575941616501205,76282811736567822,AN12B005,ascending,AN12B005,right,10.191182920860204,2.164057102048953,AN_06,#E42E2E
720575941578601049,76071705504125582,AN05B097_A1,ascending,AN05B097,left,-14.611375978065578,-5.334427986299436,AN_14,#BFB09A
720575941471238263,76212443059664513,DNpe055,descending,DNpe055,left,2.022879192756566,4.570461120451053,DN_07,#52AE4E
720575941484960253,76142074315267591,AN27X015,ascending,AN27X015,left,-4.7715107703934585,3.30443080886658,AN_14,#BFB09A
720575941581725305,76142074180690845,ANXXX139,ascending,ANXXX139,left,-16.362311532569972,5.1963342092877225,AN_13,#6A2978
720575941577736296,76212443059243533,AN08B023_T2,ascending,AN08B023,right,-12.949742486549464,-13.822590027009884,AN_18,#51B07B
720575941507989527,76071705504191929,DNge099,descending,DNge099,left,-2.521619727684108,-17.076621208345333,DN_19,#4D9C3C
720575941542469724,76353180480381061,AN01B002_A3,ascending,AN01B002,left,-15.37140386350259,-47.07229724899475,AN_08,#298ABB
720575941439569119,76071705436514371,ANXXX027_A2,ascending,ANXXX027,left,-9.781907250953761,-24.045264396821896,AN_16,#77C8F2
720575941576140470,76282811736671385,ANXXX030,ascending,ANXXX030,right,9.751233885215672,0.7983601950054962,AN_06,#E42E2E
720575941704593626,76282811736585329,AN07B017,ascending,AN07B017,right,11.980438063072118,-2.428208980714719,AN_06,#E42E2E
720575941479543776,76423549291635410,DNge023,descending,DNge023,left,15.654251882957372,-2.845190558587949,DN_06,#E42E2E
720575941475357738,76001336759853495,AN06B031,ascending,AN06B031,left,0.1236010288466538,18.650666084135135,AN_01,#F7BA3C
720575941462828996,76637473492564175,AN07B046,ascending,AN07B046,left,-10.11874978788003,45.11904033645447,AN_04,#FE4545
720575941461958340,75930968015489713,AN19B025,ascending,AN19B025,left,0.2981243228186692,25.987286414945682,AN_03,#947E6C
720575941491972327,76001336827019627,DNge084,descending,DNge084,left,7.34305793993369,21.19847377761658,DN_01,#F7BA3C
720575941611313738,76142074248281715,AN05B021,ascending,AN05B021,right,-18.712636163307277,-8.891145858919064,AN_15,#48A9D9
720575941447759124,76071705504485002,AN08B022_T2,ascending,AN08B022,left,5.933283159660252,-2.7531384564990207,AN_07,#52AE4E
720575941435998094,75930968082569810,AN27X017_T1,ascending,AN27X017,left,-16.408410241676417,3.8910454176312284,AN_13,#6A2978
720575941543093021,76001336759737623,DNge042,descending,DNge042,right,15.07930643312827,-5.15783086792175,DN_06,#E42E2E
720575941687408623,75930968082646767,AN06B040,ascending,AN06B040,left,5.902092764305028,17.90028270705994,AN_01,#F7BA3C
720575941561392173,76282811803463008,DNg39,descending,DNg39,right,17.002241918968114,-1.7810126878375214,DN_06,#E42E2E
720575941438463276,76071705503953714,AN09B009_A4,ascending,AN09B009,left,-13.482533624244777,-31.091603431856075,AN_08,#298ABB
720575941502715019,76142074248252309,DNg24,descending,DNg24,right,-20.817282846046535,-36.26142231002991,DN_09,#D24A2C
720575941440674783,76212442924872148,AN05B027,ascending,AN05B027,right,-15.04706018216714,-9.018669281160275,AN_14,#BFB09A
720575941574140169,76353180547728929,DNg101,descending,DNg101,left,2.3387429212798203,-8.976939354097286,DN_18,#51B07B
720575941652643313,76001336826747963,AN06B025,ascending,AN06B025,left,-1.0973625684510147,31.396338310087284,AN_03,#947E6C
720575941525364994,76142074248210899,AN05B096_T3,ascending,AN05B096,right,-14.52583329923257,-7.185637626802365,AN_14,#BFB09A
720575941628271417,76071705436522265,AN09B024,ascending,AN09B024,left,-12.10522954709634,-19.915856514131466,AN_16,#77C8F2
720575941607851117,76142074248163970,AN05B100_T1,ascending,AN05B100,right,-18.485522439552394,-9.523465309297482,AN_15,#48A9D9
720575941552896830,76142074248058889,AN09B012_A4,ascending,AN09B012,left,-24.164700677467433,-14.196286354219357,AN_14,#BFB09A
720575941557473572,76282811736216738,DNde006,descending,DNde006,left,-12.615484407020656,-19.268950615083615,DN_08,#298ABB
720575941595290151,76212442992695850,AN14A003_T3,ascending,AN14A003,right,-1.084587028099147,-2.7086364366168185,AN_07,#52AE4E
720575941593607126,76637198279287034,ANXXX019_A1,ascending,ANXXX019,right,-51.46855657346353,-7.127344761049192,AN_12,#B56FCC
720575941574549768,75372622938633309,AN03B011_T3,ascending,AN03B011,right,-29.09181516416177,3.9130309484845,AN_07,#52AE4E
720575941569599602,75930968015403839,dMS9,ascending,dMS9,left,-2.9211193824540054,3.2159145735150174,AN_18,#51B07B
720575941633064389,76636579669859355,AN08B018_T1,ascending,AN08B018,right,12.797264883445653,-48.32017627731506,AN_10,#695B52
720575941509730177,76142074247938939,ANXXX093,ascending,ANXXX093,left,-9.994111230445949,-28.068577919160763,AN_16,#77C8F2
720575941441900479,76212442992129907,AN09B011,ascending,AN09B011,right,6.507435152458104,-1.9399627186412018,AN_07,#52AE4E
720575941468215517,76353180480657997,AN19B009_T1,ascending,AN19B009,right,4.42111403696433,-1.0363448001498383,AN_06,#E42E2E
720575941522020791,76142074247892059,AN05B025,ascending,AN05B025,right,-10.198496034217921,-28.30396762863342,AN_16,#77C8F2
720575941463745936,76142074248050550,AN09B012_A5,ascending,AN09B012,left,-23.94234006650552,-14.252688560640255,AN_14,#BFB09A
720575941584448134,76282811736288051,AN08B018_A1,ascending,AN08B018,right,11.649190733360204,-48.40899387375061,AN_10,#695B52
720575941569348858,76282811736288082,DNge083,descending,DNge083,left,9.282573530601415,-9.395451698457638,DN_18,#51B07B
720575941444895914,76212442992323914,AN17A024_T3,ascending,AN17A024,left,-10.595037629676906,-27.524472389375607,AN_17,#8B3A9C
720575941545432425,76071705504345008,DNb08,descending,DNb08,right,10.960838148521336,-3.0360850431079074,DN_06,#E42E2E
720575941689293430,76071705436538356,AN09A007_T1,ascending,AN09A007,right,-9.945207765174953,-12.688413772737423,AN_08,#298ABB
720575941562287202,76282811804001737,AN03A002,ascending,AN03A002,left,2.647389004157933,14.306902732694706,AN_03,#947E6C
720575941613532892,76212442992244267,DNpe030,descending,DNpe030,left,-14.70541970975503,-15.683880005037228,DN_17,#8B3A9C
720575941631945452,76353180547611072,dMS9,ascending,dMS9,right,-2.9211193824540054,3.2159145735150174,AN_18,#51B07B
720575941557316004,76353180480605502,DNg14,descending,DNg14,right,1.3706124519576157,1.1100915335064727,DN_18,#51B07B
720575941550801441,76282811736135079,AN12B011,ascending,AN12B011,right,-13.758808305336085,-34.26188770309631,AN_14,#BFB09A
720575941521978807,76142074315613653,ANXXX127,ascending,ANXXX127,right,2.9149747585524644,-3.2563640214556857,AN_07,#52AE4E
720575941652845041,76142074248339537,ANXXX033,ascending,ANXXX033,right,-12.336161782814113,-14.431317482149044,AN_17,#8B3A9C
720575941478585450,76282811803940229,DNp22,descending,DNp22,left,-9.080689599586574,40.38554271682556,DN_03,#947E6C
720575941583264121,76212442992455067,DNp04,descending,DNp04,left,-2.566912820411769,-14.693238411104122,DN_16,#77C8F2
720575941499166281,76071705570901483,DNge124,descending,DNge124,left,17.97120744936362,0.7168597839718658,DN_06,#E42E2E
720575941511270610,75930968082655411,DNg39,descending,DNg39,left,17.002241918968114,-1.7810126878375214,DN_06,#E42E2E
720575941704477914,76071705436538378,AN09B003_A1,ascending,AN09B003,left,4.627363512443456,-1.9953641034716767,AN_07,#52AE4E
720575941531178469,76212442992575301,AN04A001_T3,ascending,AN04A001,left,0.6010562061910356,2.1969331167584256,AN_07,#52AE4E
720575941477577025,76566623242909361,AN17A024_T2,ascending,AN17A024,right,-16.796673944068996,-15.57861248031799,AN_17,#8B3A9C
720575941500465547,76071705436621603,AN17B009,ascending,AN17B009,right,8.497196028160008,-42.60456195846741,AN_09,#D24A2C
720575941502262411,76353180547944254,DNge007,descending,DNge007,left,13.733477423118504,-3.750652942811887,DN_06,#E42E2E
720575941681685693,76142074248311096,AN17A012_A1,ascending,AN17A012,right,-6.255253961158839,-8.441799316560665,AN_18,#51B07B
720575941459752176,76282811736596943,DNge043,descending,DNge043,left,0.789553785847577,7.768403854215701,DN_01,#F7BA3C
720575941601297705,76071705436519630,DNde001,descending,DNde001,right,-16.832085778785792,-49.08889118210022,DN_08,#298ABB
720575941473861728,76142074248265959,AN17A014_T1,ascending,AN17A014,left,-14.507053544593898,-16.690483246004025,AN_17,#8B3A9C
720575941571547912,76001336759956207,AN06B034,ascending,AN06B034,left,-4.109356095863429,4.4803613088970975,AN_01,#F7BA3C
720575941639868277,76001336759552745,AN12B008_T2,ascending,AN12B008,left,10.667593786643895,3.388521518552859,AN_06,#E42E2E
720575941599261852,76212442992140804,AN09B003_A1,ascending,AN09B003,right,4.627363512443456,-1.9953641034716767,AN_07,#52AE4E
720575941551104372,76142074315541058,AN_multi_124,ascending,AN_multi_124,right,-51.09133260495767,-7.101075802003781,AN_12,#B56FCC
720575941691311512,76282811736558852,DNg31,descending,DNg31,right,14.830837080406102,-2.025334987794797,DN_06,#E42E2E
720575941416654620,76142074248061540,AN17A018_T2,ascending,AN17A018,right,-15.584496667457667,-17.34117237106506,AN_17,#8B3A9C
720575941574984201,75930968015335228,DNge148,descending,DNge148,left,3.7077182029952134,4.403733577573855,DN_18,#51B07B
720575941467587606,76071705571517620,DNpe032,descending,DNpe032,left,-4.5767523551712905,6.589209880674441,DN_07,#52AE4E
720575941477392926,76353180480493527,DNge042,descending,DNge042,left,15.07930643312827,-5.15783086792175,DN_06,#E42E2E
720575941534003075,76001336692335849,AN08B018_A1,ascending,AN08B018,left,11.649190733360204,-48.40899387375061,AN_10,#695B52
720575941529711288,75930968083016835,DNge004,descending,DNge004,right,4.8560531830062,5.38798269256409,DN_03,#947E6C
720575941438619410,76004016953603604,AN08B022_T2,ascending,AN08B022,right,5.933283159660252,-2.7531384564990207,AN_07,#52AE4E
720575941414341521,76001336826920828,DNpe055,descending,DNpe055,right,2.022879192756566,4.570461120451053,DN_07,#52AE4E
720575941572464798,75930968082586966,DNge172,descending,DNge172,left,-11.993880441261378,3.9334343336468534,DN_14,#BFB09A
720575941630997986,75864585605150642,ANXXX037,ascending,ANXXX037,right,11.73002893679038,-0.5152363814467591,AN_06,#E42E2E
720575941593749541,75930968015527042,AN19B036_T2,ascending,AN19B036,left,10.567729780601415,-41.44706073776428,AN_10,#695B52
720575941411290539,76142074248545990,AN04B003_T3,ascending,AN04B003,left,-9.520622422767726,11.47989639266785,AN_07,#52AE4E
720575941589747012,75930968015635003,AN27X017_T2,ascending,AN27X017,left,-16.941815545631496,4.344886150205691,AN_13,#6A2978
720575941592536939,76212442992575310,ANXXX074,ascending,ANXXX074,left,-10.789719750953761,-7.492574844514768,AN_18,#51B07B
720575941486413709,76071705504163835,DNg40,descending,DNg40,left,-5.018915822578517,-12.219002876436154,DN_16,#77C8F2
720575941542676572,76212442992391559,DNg85,descending,DNg85,right,-14.704186608863917,-46.30060306564514,DN_08,#298ABB
720575941480969123,76001336692372218,AN01B005_T2,ascending,AN01B005,right,0.3904487138260926,-4.6258281804675265,AN_07,#52AE4E
720575941430120289,75930968082681249,DNge023,descending,DNge023,right,15.654251882957372,-2.845190558587949,DN_06,#E42E2E
720575941671272881,76282811736239847,AN08B016,ascending,AN08B016,right,-9.251594712806789,-21.13520542160217,AN_16,#77C8F2
720575941471916608,75653960610343643,AN00A006_A3,ascending,AN00A006,left,-4.556668927742091,-4.905599985277097,AN_18,#51B07B
720575941555505747,76071705503843220,AN08B016,ascending,AN08B016,left,-9.251594712806789,-21.13520542160217,AN_16,#77C8F2
720575941439161567,76142074248474860,AN08B034_T1,ascending,AN08B034,right,-7.31096570737466,-23.827382240449825,AN_16,#77C8F2
720575941394658198,76001336759749474,DNge043,descending,DNge043,right,0.789553785847577,7.768403854215701,DN_01,#F7BA3C
720575941550700605,76425404717954446,AN05B999,ascending,AN05B999,left,-9.345765283180324,-18.794072303926388,AN_19,#4D9C3C
720575941467350237,76282811736753756,DNg79,descending,DNg79,right,11.939189741538915,22.776942100370487,DN_01,#F7BA3C
720575941554172807,76071705570881635,DNp44,descending,DNp44,right,-16.933251550270167,-7.3990074731463595,DN_15,#48A9D9
720575941573083656,76071705504345025,AN08B026_T1,ascending,AN08B026,left,15.400929281639012,0.28350004180725397,AN_07,#52AE4E
720575941611341898,76212442992323902,AN17A024_T2,ascending,AN17A024,left,-16.796673944068996,-15.57861248031799,AN_17,#8B3A9C
720575941667252211,76142074180717615,ANXXX151,ascending,ANXXX151,left,-10.972599198890773,-26.104575309907833,AN_16,#77C8F2
720575941537492712,76212442992361379,AN17A015_T1,ascending,AN17A015,left,-9.9793378616105,-20.73243442550842,AN_16,#77C8F2
720575941438459692,76142074248106425,AN17A024_T1,ascending,AN17A024,right,-17.11405866391763,-14.737554702913204,AN_17,#8B3A9C
720575941583368543,76212442992657224,AN14A003_T1,ascending,AN14A003,right,-1.9438347125779067,-2.154244694864194,AN_07,#52AE4E
720575941479267970,76071705570971165,AN04B003_T3,ascending,AN04B003,right,-9.520622422767726,11.47989639266785,AN_07,#52AE4E
720575941626256266,76142074248308395,DNge131,descending,DNge131,right,-12.124310662818996,-17.846465263521115,DN_14,#BFB09A
720575941494975102,76071705436654113,AN17B008_A1,ascending,AN17B008,right,-19.252505471778957,-34.52081028000061,AN_09,#D24A2C
720575941527232514,76212442991967347,ANXXX151,ascending,ANXXX151,right,-10.972599198890773,-26.104575309907833,AN_16,#77C8F2
720575941632059372,76423549291615184,DNge006,descending,DNge006,left,-3.244464328361598,17.07337841018494,DN_03,#947E6C
720575941460102340,76071705503697165,AN08B018_T3,ascending,AN08B018,left,11.428401777671727,-46.12270465866272,AN_10,#695B52
720575941592983665,76142074248092318,ANXXX098_A1,ascending,ANXXX098,left,9.508276770042333,-49.11253849044983,AN_10,#695B52
720575941541271325,75930968083079630,DNg78,descending,DNg78,right,5.538981268333348,13.297325935209354,DN_03,#947E6C
720575941408639535,76353180480568635,DNge148,descending,DNge148,right,3.7077182029952134,4.403733577573855,DN_18,#51B07B
720575941574706953,75930968082519016,ANXXX986,ascending,ANXXX986,left,-6.1375314498673355,-3.9845460988635226,AN_18,#51B07B
720575941564715264,76212442924877016,ANXXX139,ascending,ANXXX139,right,-16.362311532569972,5.1963342092877225,AN_13,#6A2978
720575941596424581,76142074315177978,oviDNb,descending,oviDNb,right,-9.482445886207667,-0.4875377453917664,DN_14,#BFB09A
720575941515152195,76282811736550079,DNpe006,descending,DNpe006,left,-0.7006327415238296,-3.0220522023791476,DN_07,#52AE4E
720575941503253899,76142074248030468,AN09B009_A5,ascending,AN09B009,left,-14.837420632911769,-23.377057228242794,AN_17,#8B3A9C
720575941507205143,76142074248199909,DNpe030,descending,DNpe030,right,-14.70541970975503,-15.683880005037228,DN_17,#8B3A9C
720575941626118252,76212442992602930,AN08B014,ascending,AN08B014,right,-2.7219218517075454,-4.3341621495837375,AN_18,#51B07B
720575941568408622,76778279499452675,AN08B026_T2,ascending,AN08B026,left,3.1409764980544175,-5.413822326814572,AN_07,#52AE4E
720575941625794186,76212443059614143,DNae008,descending,DNae008,left,7.949721643852147,-3.9049109555834933,DN_06,#E42E2E
720575941490705865,76071705504169494,AN14A003_T2,ascending,AN14A003,left,-1.0407978797684585,-2.149229202424924,AN_07,#52AE4E
720575941568894202,76142074315075599,DNp104,descending,DNp104,left,-4.066384961677638,1.7161136530285674,DN_14,#BFB09A
720575941571901000,76282811870554592,AN19A038,ascending,AN19A038,left,-6.376504590583888,0.38295861705597223,AN_06,#E42E2E
720575941548791732,76212442924876991,AN05B024,ascending,AN05B024,right,-18.748664071632472,-10.016286049043575,AN_15,#48A9D9
720575941633863355,76142074248347953,AN08B018_T1,ascending,AN08B018,left,12.797264883445653,-48.32017627731506,AN_10,#695B52
720575941592925992,75930968015597597,DNg69,descending,DNg69,right,2.370056936668309,1.5858202837353546,DN_18,#51B07B
720575941484965698,76353180480613130,AN19B036_T2,ascending,AN19B036,right,10.567729780601415,-41.44706073776428,AN_10,#695B52
720575941440676319,76142074248004765,ANXXX178,ascending,ANXXX178,left,-10.507197549415675,-22.930781517183224,AN_16,#77C8F2
720575941566364982,76071705436557839,DNge122,descending,DNge122,left,-15.030121018959132,-47.55896488205139,DN_08,#298ABB
720575941536695066,76212442992701780,AN03B011_T2,ascending,AN03B011,left,-29.047217538429347,3.7102034948712186,AN_07,#52AE4E
720575941631270626,76142074248066911,ANXXX098_T3,ascending,ANXXX098,right,12.161321470664891,-48.380154762422485,AN_10,#695B52
720575941613540572,76353180480653684,AN19B036_T3,ascending,AN19B036,right,9.260479757713231,-47.52147403732483,AN_10,#695B52
720575941632652987,75930968015257710,DNge060,descending,DNge060,right,13.783247778343114,-3.6163987256640597,DN_15,#48A9D9
720575941556338916,75930968082513423,AN19B024,ascending,AN19B024,left,3.167124340461644,18.261742439115604,AN_01,#F7BA3C
720575941448093972,76071705504437221,AN12A003,ascending,AN12A003,right,15.821146795677098,1.1710058115368682,AN_06,#E42E2E
720575941531514808,76001336759713703,DNg37,descending,DNg37,left,19.749413320945653,-11.177967224275509,DN_06,#E42E2E
720575941653906161,76142074315111638,DNge139,descending,DNge139,right,-6.630121400428859,-9.688781891023556,DN_18,#51B07B
720575941544546077,76707085920219719,AN08B023_T1,ascending,AN08B023,left,-11.751834085060207,-12.700345192109982,AN_18,#51B07B
720575941626032074,76001336759943876,DNg95,descending,DNg95,right,12.574832746910008,14.864915695036014,DN_18,#51B07B
720575941517447571,76425611278925445,AN27X017_T1,ascending,AN27X017,right,-16.408410241676417,3.8910454176312284,AN_13,#6A2978
720575941671438247,76142074315158384,DNpe036,descending,DNpe036,left,-15.220478227211085,5.897046890104373,DN_13,#6A2978
720575941480782755,76142074180696006,AN05B023_T2,ascending,AN05B023,right,-14.330968072486964,-25.902869377290646,AN_17,#8B3A9C
720575941550649599,76282811736728066,AN06B037,ascending,AN06B037,right,-15.57799451596841,29.429678764188846,AN_03,#947E6C
720575941501806786,76001336827241948,AN18B025,ascending,AN18B025,left,-3.667834451271144,34.10888942703064,AN_03,#947E6C
720575941611278825,76071705503942202,AN08B018_A2,ascending,AN08B018,left,11.594786474632176,-48.93362918869202,AN_10,#695B52
720575941517389305,76071705571003714,ANXXX099,ascending,ANXXX099,right,-8.086031129432765,-8.055283222352902,AN_18,#51B07B
720575941584451167,76142074247791842,720575941584451167,ascending,AN05B029,left,-15.515029122902003,-43.14905277267639,AN_08,#298ABB
720575941605523902,76142074248175139,DNp44,descending,DNp44,left,-16.933251550270167,-7.3990074731463595,DN_15,#48A9D9
720575941547675497,76142074247948470,ANXXX170_A4,ascending,ANXXX170,right,-18.26364438779458,-10.840301666414181,AN_15,#48A9D9
720575941535148778,76353180547810682,AN19B028,ascending,AN19B028,right,-3.3762394691239273,2.8508499525433377,AN_14,#BFB09A
720575941555742035,76142074248655568,DNpe037,descending,DNpe037,left,-4.180925538612453,1.34247168525513,DN_14,#BFB09A
720575941629944870,76212442992482550,AN08B018_T3,ascending,AN08B018,right,11.428401777671727,-46.12270465866272,AN_10,#695B52
720575941599063232,76142074315259122,AN18B022,ascending,AN18B022,right,8.43675739519492,4.461802806699832,AN_01,#F7BA3C
720575941655665108,76282811736394399,AN01B005_T3,ascending,AN01B005,left,0.23897481911078344,-4.706146631395261,AN_07,#52AE4E
720575941489274057,76353180480458830,DNge046,descending,DNge046,right,0.6257847409342254,-0.5075532831305665,DN_18,#51B07B
720575941467856726,76071705571043168,DNa14,descending,DNa14,right,-0.5144944692383682,-4.031659755861203,DN_07,#52AE4E
720575941659000400,76353180480463046,AN01B004_T1,ascending,AN01B004,left,-21.34254758603677,-6.029268894349973,AN_15,#48A9D9
720575941561430829,76142074315133359,oviDNa_b,descending,oviDNa_b,right,-9.27678601987466,-0.6671949364298981,DN_14,#BFB09A
720575941442213311,76001336759896387,DNp56,descending,DNp56,right,9.80931360475913,-1.6741249300593537,DN_06,#E42E2E
720575941557591972,76142074248010521,ANXXX046,ascending,ANXXX046,right,-11.107293298317042,-25.657691154634396,AN_16,#77C8F2
720575941576343222,76071705436550430,AN09B011,ascending,AN09B011,left,6.507435152458104,-1.9399627186412018,AN_07,#52AE4E
720575941412047787,75930968015354870,AN19B014,ascending,AN19B014,right,5.349644968437108,5.861409988248904,AN_18,#51B07B
720575941655504084,76353180547666709,AN19B014,ascending,AN19B014,right,5.349644968437108,5.861409988248904,AN_18,#51B07B
720575941567089908,75930968083036643,AN03A002,ascending,AN03A002,right,2.647389004157933,14.306902732694706,AN_03,#947E6C
720575941585144415,76001336759743387,ANXXX072,ascending,ANXXX072,left,14.413459608482274,-4.6298681832904025,AN_06,#E42E2E
720575941731044139,76282811736429345,AN12B019_T1,ascending,AN12B019,right,6.619646379875096,-1.9298163391703766,AN_07,#52AE4E
720575941459103391,76071705504245309,DNg79,descending,DNg79,left,11.939189741538915,22.776942100370487,DN_01,#F7BA3C
720575941548867252,76142074315364149,AN27X017_T3,ascending,AN27X017,left,-16.687833001686183,4.032492008054812,AN_13,#6A2978
720575941438468626,76071705504524638,AN08B023_T2,ascending,AN08B023,left,-12.949742486549464,-13.822590027009884,AN_18,#51B07B
720575941460006128,76142074315150088,oviDNb,descending,oviDNb,left,-9.482445886207667,-0.4875377453917664,DN_14,#BFB09A
720575941529738955,76146129301460247,AN06B005,ascending,AN06B005,left,-0.6736970449219619,1.6288412474041778,AN_01,#F7BA3C
720575941465729878,76212443059279537,AN06B026,ascending,AN06B026,right,17.470661947654637,0.6324090622311431,AN_06,#E42E2E
720575941513811532,76071705571088927,DNbe006,descending,DNbe006,right,2.1637505983580674,-6.496884975587766,DN_07,#52AE4E
720575941461092036,76071705504273771,AN05B097_T1,ascending,AN05B097,left,-5.761009385658351,-10.583363685762325,AN_18,#51B07B
720575941454969395,76071705503976463,DNg56,descending,DNg56,right,-20.03910939939126,-35.04219165817444,DN_16,#77C8F2
720575941530093752,76071705503896746,AN09B023_A1,ascending,AN09B023,left,-14.151573350502101,-43.60471454635803,AN_08,#298ABB
720575941440672085,76001336692349460,AN12B004_T3,ascending,AN12B004,left,7.733074972556981,-42.65290943161194,AN_09,#D24A2C
720575941483161027,76142074248350841,AN17A012_A1,ascending,AN17A012,left,-6.255253961158839,-8.441799316560665,AN_18,#51B07B
720575941514608995,76353180547944234,DNg81,descending,DNg81,right,-14.521065881324855,-45.644559059297485,DN_08,#298ABB
720575941413642268,76282811804121476,DNg78,descending,DNg78,left,5.538981268333348,13.297325935209354,DN_03,#947E6C
720575941596098853,76142074248511388,ANXXX094,ascending,ANXXX094,right,3.4121838306655015,0.01963129266556085,AN_01,#F7BA3C
720575941592629132,76001336760212616,DNge011,descending,DNge011,right,35.758585760520845,-9.491343650972286,DN_05,#FBCD5A
720575941521999031,76142074248474809,AN08B027,ascending,AN08B027,right,-1.32166271455392,-8.383159790193478,AN_18,#51B07B
720575941634269371,76282811736555922,DNg59,descending,DNg59,right,-11.866538217140285,-47.17852512375061,DN_08,#298ABB
720575941690957787,76001336759560267,ANXXX049_T2,ascending,ANXXX049,left,16.762074301170262,0.14703949912842096,AN_06,#E42E2E
720575941452767047,76282811736340826,AN09B020_T2,ascending,AN09B020,right,-13.046027352882472,-48.48920551315491,AN_08,#298ABB
720575941406194800,75930968015387981,DNg14,descending,DNg14,left,1.3706124519576157,1.1100915335064727,DN_18,#51B07B
720575941515872003,76001336759902363,DNp56,descending,DNp56,right,9.80931360475913,-1.6741249300593537,DN_06,#E42E2E
720575941615336601,76353180480395425,DNge060,descending,DNge060,left,13.783247778343114,-3.6163987256640597,DN_15,#48A9D9
720575941571900488,76212442992244288,AN09B023_A1,ascending,AN09B023,right,-14.151573350502101,-43.60471454635803,AN_08,#298ABB
720575941508471824,75930968082712469,DNg81,descending,DNg81,left,-14.521065881324855,-45.644559059297485,DN_08,#298ABB
720575941542461276,76212442992349878,AN17A018_T1,ascending,AN17A018,right,-15.591973474098292,-16.804711494600216,AN_17,#8B3A9C
720575941516271450,76212442992564202,DNg56,descending,DNg56,left,-20.03910939939126,-35.04219165817444,DN_16,#77C8F2
720575941529139844,76212443059826326,DNpe024,descending,DNpe024,left,2.728999445365819,-6.467657241975705,DN_07,#52AE4E
720575941550148724,76001336759622580,DNg31,descending,DNg31,left,14.830837080406102,-2.025334987794797,DN_06,#E42E2E
720575941416742172,76071705571550603,AN19A018_c,ascending,AN19A018_c,right,-5.709708859993068,-2.4307409860247775,AN_18,#51B07B
720575941632112354,75930968082775727,DNg91,descending,DNg91,right,14.877815077232274,28.598950233305057,DN_02,#EC9832
720575941561632045,76212442992727060,AN03B011_T3,ascending,AN03B011,left,-29.09181516416177,3.9130309484845,AN_07,#52AE4E
720575941533541720,76071705570878248,AN06B026,ascending,AN06B026,left,17.470661947654637,0.6324090622311431,AN_06,#E42E2E
720575941409888303,76142074247918665,AN05B102_A3,ascending,AN05B102,left,-9.410411050392238,-27.178157005464474,AN_16,#77C8F2
720575941540410005,76142074248197026,AN09B013,ascending,AN09B013,left,-13.97486608274087,-21.07042613998596,AN_17,#8B3A9C
720575941733215019,76212443059713903,DNpe013,descending,DNpe013,right,5.453993151115331,15.271208610380253,DN_03,#947E6C
720575941464369421,76071705504004135,ANXXX174,ascending,ANXXX174,left,9.133162329124364,-46.86366382614319,AN_10,#695B52
720575941691254680,76212442992727045,ANXXX130,ascending,ANXXX130,left,-2.6580652499924575,-16.03284660354797,AN_18,#51B07B
720575941603458750,76282811736329302,AN12B004_T3,ascending,AN12B004,left,7.733074972556981,-42.65290943161194,AN_09,#D24A2C
720575941472005952,76282811736522760,DNge082,descending,DNge082,right,-3.237773349357692,-6.826742801820676,DN_18,#51B07B
720575941534067685,76212442924865026,DNge153,descending,DNge153,left,-11.4895917678605,-28.841004524385372,DN_16,#77C8F2
720575941493318832,76282811736426237,AN01B005_T2,ascending,AN01B005,left,0.3904487138260926,-4.6258281804675265,AN_07,#52AE4E
720575941486684226,76142074315239397,DNa14,descending,DNa14,left,-0.5144944692383682,-4.031659755861203,DN_07,#52AE4E
720575941689631756,76142074315127784,DNpe037,descending,DNpe037,right,-4.180925538612453,1.34247168525513,DN_14,#BFB09A
720575941703384026,76282811736588278,DNpe001,descending,DNpe001,left,-1.4102441573868667,-7.5563255883807345,DN_07,#52AE4E
720575941598566812,76282811736502753,AN09B006,ascending,AN09B006,right,-17.71446149594888,-7.8638159371966525,AN_15,#48A9D9
720575941555637331,76071705571030200,DNpe039,descending,DNpe039,right,-4.117078950477687,-17.129832420503536,DN_19,#4D9C3C
720575941446364586,76001336827139376,DNp53,descending,DNp53,left,-12.026991059852687,35.44416698440369,DN_03,#947E6C
720575941590477892,76282811736335055,ANXXX120_A6,ascending,ANXXX120,right,13.097693273948583,-48.42532840744202,AN_10,#695B52
720575941604998590,76282811803416538,AN06B042,ascending,AN06B042,right,-8.358471086097804,42.220763053739624,AN_02,#EC9832
720575941520258414,76212442992701776,AN04B003_T1,ascending,AN04B003,left,-9.31605260617837,10.790074195707401,AN_07,#52AE4E
720575941513702865,76001336759789880,AN23B004,ascending,AN23B004,left,7.911546537803563,-1.0452314876073998,AN_06,#E42E2E
720575941447935764,76142074315175047,DNpe038,descending,DNpe038,right,-9.545684030128566,-0.825364846741597,DN_14,#BFB09A
720575941502004107,76353180547783077,DNpe003,descending,DNpe003,left,10.886569807456883,2.5521975420361356,DN_06,#E42E2E
720575941482193315,76142074248018974,AN17A024_T3,ascending,AN17A024,right,-10.595037629676906,-27.524472389375607,AN_17,#8B3A9C
720575941438462482,76071705504091392,AN08B025,ascending,AN08B025,left,11.16963846437827,-48.60822025314514,AN_10,#695B52
720575941471240256,76071705503970774,AN08B028_T2,ascending,AN08B028,left,9.489797422813329,-48.00493350998108,AN_10,#695B52
720575941575575560,76142074247929814,AN05B101_b,ascending,AN05B101_b,right,-14.790283372474757,3.7032192610150174,AN_13,#6A2978
720575941563345576,76212442992106490,AN05B102_A3,ascending,AN05B102,right,-9.410411050392238,-27.178157005464474,AN_16,#77C8F2
720575941593520747,75654029329690640,ANXXX988_A3,ascending,ANXXX988,left,-5.381118466926662,-5.444918785249631,AN_18,#51B07B
720575941514456569,76001336759622558,DNge146,descending,DNge146,right,15.953158209251317,-7.042199764406125,DN_06,#E42E2E
720575941589246020,76142074248524781,AN10B015_c,ascending,AN10B015_c,right,-4.905285527778712,-17.570449028169552,AN_19,#4D9C3C
720575941519611608,76001336759616909,DNge055,descending,DNge055,right,17.78967363588706,-8.514632377778927,DN_06,#E42E2E
720575941542918941,76212442992648838,AN10B008,ascending,AN10B008,right,-1.1696162725220596,9.409754600370487,AN_01,#F7BA3C
720575941614309395,76071705504389493,AN06B042,ascending,AN06B042,left,-8.358471086097804,42.220763053739624,AN_02,#EC9832
720575941431469304,76142074315133401,DNp46,descending,DNp46,left,0.01105392925635229,-7.8305164910906955,DN_18,#51B07B
720575941470004445,76001336760236840,DNge027,descending,DNge027,left,35.58839685671225,-9.303995285188595,DN_05,#FBCD5A
720575941625038332,76071705436511826,AN09B026,ascending,AN09B026,right,-5.4849530959854995,-6.481648121034543,AN_16,#77C8F2
720575941544522525,76212442992167512,ANXXX178,ascending,ANXXX178,right,-10.507197549415675,-22.930781517183224,AN_16,#77C8F2
720575941575697161,76142074247929826,ANXXX170_A4,ascending,ANXXX170,right,-18.26364438779458,-10.840301666414181,AN_15,#48A9D9
720575941563338664,76142074248397109,AN08B028_T3,ascending,AN08B028,right,9.574139425681981,-44.15618625656311,AN_10,#695B52
720575941499076987,76496736004640247,AN06B031,ascending,AN06B031,left,0.1236010288466538,18.650666084135135,AN_01,#F7BA3C
720575941519389806,76282811803432850,AN06B014,ascending,AN06B014,right,-4.873372247291652,38.66410716995056,AN_03,#947E6C
720575941534911832,76071705570946952,DNge139,descending,DNge139,left,-6.630121400428859,-9.688781891023556,DN_18,#51B07B
720575941470933824,76212442992281843,DNge133,descending,DNge133,left,-16.748076608253566,-49.03968540207092,DN_08,#298ABB
720575941436850143,76071705504119739,AN08B010_T2,ascending,AN08B010,left,-6.21966760404214,3.7224295996075467,AN_16,#77C8F2
720575941662695992,76282811736547364,DNg65,descending,DNg65,left,-17.243220498634425,-10.005050811921993,DN_15,#48A9D9
720575941659040080,76071705503812646,AN08B024_T3,ascending,AN08B024,left,9.339792082237157,-49.50618854538147,AN_10,#695B52
720575941408617519,76001336692338900,ANXXX987,ascending,ANXXX987,left,-9.07491605527505,-10.165390167390743,AN_18,#51B07B
720575941616301977,76142074315457052,DNg33,descending,DNg33,right,-8.514890840126125,1.1017297171002227,DN_14,#BFB09A
720575941590202878,76212442992496605,AN08B024_T3,ascending,AN08B024,right,9.339792082237157,-49.50618854538147,AN_10,#695B52
720575941507751447,76001336827058258,DNpe013,descending,DNpe013,left,5.453993151115331,15.271208610380253,DN_03,#947E6C
720575941600940473,76496391937315604,AN06B023_T1,ascending,AN06B023,right,11.950676748680028,29.832579459989628,AN_02,#EC9832
720575941530649803,76001336826780920,AN03B039,ascending,AN03B039,right,-8.99585454709634,42.280524101102905,AN_04,#FE4545
720575941495055486,76001336759853451,DNpe001,descending,DNpe001,right,-1.4102441573868667,-7.5563255883807345,DN_07,#52AE4E
720575941553314714,75930968082681184,AN06B023_T1,ascending,AN06B023,left,11.950676748680028,29.832579459989628,AN_02,#EC9832
720575941574213627,76071705504395415,AN10B018,ascending,AN10B018,left,-8.51673619992837,11.321304168546757,AN_07,#52AE4E
720575941441226943,76212443059603189,DNp53,descending,DNp53,right,-12.026991059852687,35.44416698440369,DN_03,#947E6C
720575941629396793,76001336759695956,DNg59,descending,DNg59,left,-11.866538217140285,-47.17852512375061,DN_08,#298ABB
720575941435340430,76282811736246184,AN08B025,ascending,AN08B025,right,11.16963846437827,-48.60822025314514,AN_10,#695B52
720575941554692580,76071705504035279,AN08B018_T3,ascending,AN08B018,left,11.428401777671727,-46.12270465866272,AN_10,#695B52
720575941400285475,76282811803996310,DNge125,descending,DNge125,right,0.27482540361777197,22.98131069167908,DN_03,#947E6C
720575941618655615,76353180480576688,DNpe003,descending,DNpe003,left,10.886569807456883,2.5521975420361356,DN_06,#E42E2E
720575941537162010,76142074248289796,AN17A026,ascending,AN17A026,right,-7.3512908721695815,-11.210454139863888,AN_18,#51B07B
720575941611254858,76071705504383642,AN06B037,ascending,AN06B037,left,-15.57799451596841,29.429678764188846,AN_03,#947E6C
720575941659328592,76212442992536217,AN08B010_T2,ascending,AN08B010,right,-6.21966760404214,3.7224295996075467,AN_16,#77C8F2
720575941615409817,76212442992181444,AN17A015_A1,ascending,AN17A015,left,-8.292049577308742,-13.442619476472775,AN_18,#51B07B
720575941450861902,76212442992473908,AN08B028_T2,ascending,AN08B028,right,9.489797422813329,-48.00493350998108,AN_10,#695B52
720575941449527477,76142074247966047,DNge131,descending,DNge131,left,-12.124310662818996,-17.846465263521115,DN_14,#BFB09A
720575941662397752,76142074247891904,AN05B026,ascending,AN05B026,left,-20.117364099098292,-7.33090272918884,AN_15,#48A9D9
720575941595295783,76001336759595510,AN01B005_T3,ascending,AN01B005,right,0.23897481911078344,-4.706146631395261,AN_07,#52AE4E
720575941451350138,76001336759600735,ANXXX007,ascending,ANXXX007,left,8.370888063835057,-43.33906284347717,AN_09,#D24A2C
720575941508997154,76142074248027512,ANXXX098_T3,ascending,ANXXX098,left,12.161321470664891,-48.380154762422485,AN_10,#695B52
720575941503121035,76142074248229877,AN05B100_T1,ascending,AN05B100,left,-18.485522439552394,-9.523465309297482,AN_15,#48A9D9
720575941581870457,76142074315048736,DNpe040,descending,DNpe040,left,-2.5041085983048355,-12.880402717744747,DN_14,#BFB09A
720575941590774924,76142074315169477,ANXXX127,ascending,ANXXX127,left,2.9149747585524644,-3.2563640214556857,AN_07,#52AE4E
720575941532854501,76142074248036338,AN09B021,ascending,AN09B021,left,-15.928834130836574,-23.895110283052365,AN_17,#8B3A9C
720575941611823078,76071705503798421,ANXXX144,ascending,ANXXX144,left,-8.21435754544839,-23.21288219467346,AN_16,#77C8F2
720575941538336381,76212443059385214,DNg60,descending,DNg60,right,16.004184553550633,-1.2078785933608216,DN_06,#E42E2E
720575941535231154,76353180547697379,ANXXX165,ascending,ANXXX165,right,-1.833159854484645,9.076697196806034,AN_01,#F7BA3C
720575941526772836,76282811736555938,DNg37,descending,DNg37,right,19.749413320945653,-11.177967224275509,DN_06,#E42E2E
720575941483134659,76282811736253059,ANXXX027_A2,ascending,ANXXX027,right,-9.781907250953761,-24.045264396821896,AN_16,#77C8F2
720575941569583474,76001336759592723,ANXXX049_T3,ascending,ANXXX049,left,17.3556869720687,-0.3801343180293244,AN_06,#E42E2E
720575941494994558,76142074315307575,AN18B053,ascending,AN18B053,right,4.77561933748618,-18.701378975068966,AN_19,#4D9C3C
720575941494960254,76071705504268144,DNg79,descending,DNg79,left,11.939189741538915,22.776942100370487,DN_01,#F7BA3C
720575941515508314,76001336759934835,AN07B015,ascending,AN07B015,left,8.938273260520848,-0.6242271699065369,AN_06,#E42E2E
720575941548225928,76071705436511827,AN09B026,ascending,AN09B026,left,-5.4849530959854995,-6.481648121034543,AN_16,#77C8F2
720575941644554184,76001336759687074,DNge065,descending,DNge065,right,11.696645567344579,-4.64850059524719,DN_06,#E42E2E
720575941681953981,76142074315203433,DNp36,descending,DNp36,right,-4.567548921180812,-14.790596161043087,DN_18,#51B07B
720575941437379090,76142074248240756,AN05B105,ascending,AN05B105,right,-16.764168908668605,-10.500750694429318,AN_15,#48A9D9
720575941645444808,76001336826800998,DNp22,descending,DNp22,right,-9.080689599586574,40.38554271682556,DN_03,#947E6C
720575941538066837,76001336759616956,AN09B006,ascending,AN09B006,left,-17.71446149594888,-7.8638159371966525,AN_15,#48A9D9
720575941644324690,76282811736282930,AN12B017_T1,ascending,AN12B017,right,15.111423323081883,-32.482667122041626,AN_06,#E42E2E
720575941663484028,76001336692348239,AN01B005_T1,ascending,AN01B005,right,0.6379604899902667,-4.612367305910031,AN_07,#52AE4E
720575941451941498,75930968082586932,DNp33,descending,DNp33,right,5.950073549674901,23.392533149564823,DN_03,#947E6C
720575941435949198,76142074180682534,DNge153,descending,DNge153,right,-11.4895917678605,-28.841004524385372,DN_16,#77C8F2
720575941691806683,76353180480411290,DNg32,descending,DNg32,right,4.106789181159886,19.602963294828495,DN_01,#F7BA3C
720575941548633268,76001336759531598,AN09B014,ascending,AN09B014,left,-14.498708894325343,-37.88834491745178,AN_08,#298ABB
720575941555710547,76282811736585319,DNp56,descending,DNp56,left,9.80931360475913,-1.6741249300593537,DN_06,#E42E2E
720575941495899465,76212443059309832,AN10B017,ascending,AN10B017,right,6.6148064827193345,37.057902183378296,AN_03,#947E6C
720575941668463347,76142074247942116,AN05B102_A4,ascending,AN05B102,left,-9.231845071388332,-27.70248142257873,AN_16,#77C8F2
720575941569571186,76282811736558870,DNp71,descending,DNp71,left,0.17685816638365637,-8.532334957277218,DN_18,#51B07B
720575941574730235,76142074180712563,AN01A055,ascending,AN01A055,left,-17.46495168454751,-3.721676025545041,AN_16,#77C8F2
720575941486776642,76071705570951878,AN00A006_A2,ascending,AN00A006,left,-11.527564218116847,0.6863106153851348,AN_14,#BFB09A
720575941507870242,76142074315508735,AN09A005_T1,ascending,AN09A005,left,-50.937390496803374,-6.758773956453244,AN_12,#B56FCC
720575941474562334,76071705503905106,AN01A033,ascending,AN01A033,right,-6.289073159767238,-21.96928516403381,AN_16,#77C8F2
720575941470584695,76282811803906667,DNp53,descending,DNp53,right,-12.026991059852687,35.44416698440369,DN_03,#947E6C
720575941530045624,76142074180789096,AN05B025,ascending,AN05B025,left,-10.198496034217921,-28.30396762863342,AN_16,#77C8F2
720575941463642256,76212442992184300,AN09B023_A6,ascending,AN09B023,right,-14.703200509620753,-21.98775974289123,AN_17,#8B3A9C
720575941547229620,76212442992112197,ANXXX170_A3,ascending,ANXXX170,right,-18.42888562924966,-10.504440460359493,AN_15,#48A9D9
720575941477158721,76001336827200139,AN06A016,ascending,AN06A016,left,2.048624584602269,14.074349250639042,AN_03,#947E6C
720575941441615963,76282811736423190,DNpe007,descending,DNpe007,left,-16.079177072120753,-8.280205402528683,DN_14,#BFB09A
720575941432966432,76495910766604850,AN14A003,ascending,AN14A003,right,-1.3469635749588882,-2.418163094674985,AN_07,#52AE4E
720575941556498660,76142074315108851,AN05B103,ascending,AN05B103,left,-9.99149148709878,-2.7649830915087863,AN_18,#51B07B
720575941453274025,76212442992750568,AN08B023_T1,ascending,AN08B023,right,-11.751834085060207,-12.700345192109982,AN_18,#51B07B
720575941586609886,76212443059220645,DNg63,descending,DNg63,left,11.006463835166844,-4.924308452760617,DN_06,#E42E2E
720575941477954609,76212442992086528,ANXXX154,ascending,ANXXX154,left,-11.660775353981105,-21.695342216646115,AN_16,#77C8F2
720575941531252939,76001336759810889,AN07B017,ascending,AN07B017,left,11.980438063072118,-2.428208980714719,AN_06,#E42E2E
720575941450205109,76142074315589846,ANXXX136,ascending,ANXXX136,right,-14.675730874610988,4.868376579130252,AN_13,#6A2978
720575941541469213,76142074247911464,ANXXX170_A3,ascending,ANXXX170,right,-18.42888562924966,-10.504440460359493,AN_15,#48A9D9
720575941515054659,76142074180714207,AN17A018_T3,ascending,AN17A018,right,-15.28734510190591,-17.05132976547424,AN_17,#8B3A9C
720575941574844425,76282811736576694,AN23B004,ascending,AN23B004,right,7.911546537803563,-1.0452314876073998,AN_06,#E42E2E
720575941498438523,76142074315416915,ANXXX099,ascending,ANXXX099,left,-8.086031129432765,-8.055283222352902,AN_18,#51B07B
720575941511203026,76212442992126836,AN05B025,ascending,AN05B025,right,-10.198496034217921,-28.30396762863342,AN_16,#77C8F2
720575941603785913,76353180547622277,DNge026,descending,DNge026,left,3.248014519142064,12.86004718765076,DN_03,#947E6C
720575941483679674,76001336759769375,DNge076,descending,DNge076,left,34.42367822878256,-9.6518146134967,DN_18,#51B07B
720575941560655731,76353180480482464,DNge051,descending,DNge051,right,16.70692331545249,-7.706485901033322,DN_06,#E42E2E
720575941599277212,76212442992195697,DNg87,descending,DNg87,left,-15.211827447486964,-45.36331287399475,DN_08,#298ABB
720575941574878351,75930968083013974,DNge002,descending,DNge002,right,4.489856789039525,13.697617378080448,DN_03,#947E6C
720575941573992776,76282811736373343,AN12B008_T1,ascending,AN12B008,right,10.790895292686375,3.9599779508953885,AN_06,#E42E2E
720575941559011620,76142074248565861,AN06B039_T2,ascending,AN06B039,right,-9.45752160794839,11.423865165556034,AN_07,#52AE4E
720575941503524914,76071705504177904,AN05B104_T1,ascending,AN05B104,left,14.736356565879735,-29.656050834810177,AN_07,#52AE4E
720575941515922169,75930968015462264,DNpe003,descending,DNpe003,right,10.886569807456883,2.5521975420361356,DN_06,#E42E2E
720575941511390673,76212442992112160,AN05B052,ascending,AN05B052,right,-23.742642571998683,-29.126258049165646,AN_14,#BFB09A
720575941526723940,76142074315245050,DNp65,descending,DNp65,left,-15.812169244361964,5.561813201749881,DN_13,#6A2978
720575941560435059,76071705503729338,DNge133,descending,DNge133,right,-16.748076608253566,-49.03968540207092,DN_08,#298ABB
720575941586697438,76282811736295666,AN12B004_A1,ascending,AN12B004,right,8.014826128410252,-42.33017459884827,AN_09,#D24A2C
720575941556195300,76212442924878699,DNde001,descending,DNde001,left,-16.832085778785792,-49.08889118210022,DN_08,#298ABB
720575941516100954,76071705504454969,AN06B051,ascending,AN06B051,left,-8.42149751432046,42.65285762771423,AN_04,#FE4545
720575941399099427,76353180480440086,DNfl033,descending,DNfl033,right,20.152289221214208,-10.322225723421017,DN_06,#E42E2E
720575941594293032,76071705503782027,AN09B029_b,ascending,AN09B029_b,left,-11.410170724464503,-20.933955345308224,AN_16,#77C8F2
720575941468218589,76282811736370393,AN10B020_T2,ascending,AN10B020,right,13.561674902366551,-48.361409340059204,AN_10,#695B52
720575941471139191,76071705504214539,DNpe028,descending,DNpe028,right,-0.6993666196595107,-5.350572738801877,DN_07,#52AE4E
720575941486815238,76353180547711708,DNge027,descending,DNge027,right,35.58839685671225,-9.303995285188595,DN_05,#FBCD5A
720575941469716445,76001336759838254,DNg48,descending,DNg48,left,20.28341371767417,-11.237786445772091,DN_06,#E42E2E
720575941627074924,76212442992162003,AN09B019_T3,ascending,AN09B019,right,5.950935671256932,-1.3703475333804291,AN_07,#52AE4E
720575941542876957,76212443059217445,AN07B021,ascending,AN07B021,right,-9.046333482338039,43.512450065458374,AN_04,#FE4545
720575941630020134,76071705570920082,AN00A006_A1,ascending,AN00A006,left,-9.250688722206203,-4.38251200691406,AN_18,#51B07B
720575941473714730,75930968015549303,AN19B036_T3,ascending,AN19B036,left,9.260479757713231,-47.52147403732483,AN_10,#695B52
720575941476752180,76071705504378018,AN10B017,ascending,AN10B017,left,6.6148064827193345,37.057902183378296,AN_03,#947E6C
720575941351919408,76212442992290124,AN08B018_A2,ascending,AN08B018,right,11.594786474632176,-48.93362918869202,AN_10,#695B52
720575941535724522,76001336759702084,DNge056,descending,DNge056,left,20.337855169700536,-10.44970623031799,DN_06,#E42E2E
720575941478486849,76212442992138156,ANXXX144,ascending,ANXXX144,right,-8.21435754544839,-23.21288219467346,AN_16,#77C8F2
720575941445677332,75930968082885977,DNge060,descending,DNge060,right,13.783247778343114,-3.6163987256640597,DN_15,#48A9D9
720575941578679897,76071705570887549,DNpe040,descending,DNpe040,right,-2.5041085983048355,-12.880402717744747,DN_14,#BFB09A
720575941630349094,76355173815481195,AN27X017_T1,ascending,AN27X017,left,-16.408410241676417,3.8910454176312284,AN_13,#6A2978
720575941452211834,76142074315259119,DNge127,descending,DNge127,right,4.162989923881444,-4.686391267930905,DN_07,#52AE4E
720575941580954193,76142074180751481,AN05B029,ascending,AN05B029,left,-15.288964440895167,-49.30884281173889,AN_08,#298ABB
720575941503549931,76282811803854694,DNg71,descending,DNg71,right,14.212628195213231,28.614025916898807,DN_02,#EC9832
720575941456506015,76282811736237812,DNg23,descending,DNg23,right,19.75158769838706,-12.7514239884967,DN_09,#D24A2C
720575941655534804,76212443059423156,AN07B024,ascending,AN07B024,right,-15.370186975074855,-22.562256965791622,AN_17,#8B3A9C
720575941495266247,76001336759695963,DNge067,descending,DNge067,right,20.492804357932958,-10.860231552278439,DN_06,#E42E2E
720575941595308071,76001336759937833,AN07B021,ascending,AN07B021,left,-9.046333482338039,43.512450065458374,AN_04,#FE4545
720575941624461564,76071705504239787,AN08B027,ascending,AN08B027,left,-1.32166271455392,-8.383159790193478,AN_18,#51B07B
720575941672002727,76071705504347523,AN06B039_T2,ascending,AN06B039,left,-9.45752160794839,11.423865165556034,AN_07,#52AE4E
720575941486839046,76282811736290678,AN04B004,ascending,AN04B004,left,14.485830137657079,-11.860197220003048,AN_18,#51B07B
720575941652078869,76001336759650026,DNg44,descending,DNg44,right,11.219539472984227,-7.955407772218625,DN_18,#51B07B
720575941471926080,76001336760221706,ANXXX988_A4,ascending,ANXXX988,left,-5.971081426216212,-5.185702953493039,AN_18,#51B07B
720575941534463107,75930968082481057,AN27X017_T2,ascending,AN27X017,left,-16.941815545631496,4.344886150205691,AN_13,#6A2978
720575941604774253,76142074248260511,ANXXX098_A2,ascending,ANXXX098,right,11.001888105796727,-47.48348346725647,AN_10,#695B52
720575941668481779,76071705504119769,ANXXX074,ascending,ANXXX074,right,-10.789719750953761,-7.492574844514768,AN_18,#51B07B
720575941514447097,76353180547742998,DNge033,descending,DNge033,right,-1.6002365852127944,16.880009498441776,DN_03,#947E6C
720575941480714626,75935091989953929,AN12A003,ascending,AN12A003,left,15.821146795677098,1.1710058115368682,AN_06,#E42E2E
720575941553784455,76425267144799020,AN_multi_18,ascending,AN_multi_18,right,-17.82012861020669,-3.7070681192034884,AN_15,#48A9D9
720575941520133367,76142074314900215,AN18B019_T3,ascending,AN18B019,right,-2.8594342971573745,0.5508044622784454,AN_14,#BFB09A
720575941452030330,76071705571003670,oviDNa_b,descending,oviDNa_b,left,-9.27678601987466,-0.6671949364298981,DN_14,#BFB09A
720575941644253266,76074523270888459,AN12B017_T2,ascending,AN12B017,left,8.039537260459813,-0.5201507248038453,AN_06,#E42E2E
720575941556707620,76212442992238860,AN08B034_A1,ascending,AN08B034,right,-8.921343972755519,-23.26670948044006,AN_16,#77C8F2
720575941613710556,76212442992358565,ANXXX174,ascending,ANXXX174,right,9.133162329124364,-46.86366382614319,AN_10,#695B52
720575941457039174,76282811736349643,ANXXX148_A5,ascending,ANXXX148,right,7.507561514305028,-42.15311923996155,AN_09,#D24A2C
720575941482956998,76212443059237850,AN08B026_T3,ascending,AN08B026,right,2.950036356376561,-4.978706989442746,AN_07,#52AE4E
720575941614894037,76071705504419217,AN07B024,ascending,AN07B024,left,-15.370186975074855,-22.562256965791622,AN_17,#8B3A9C
720575941539243669,75930968083011131,DNge143,descending,DNge143,left,5.342975447105321,13.751040305936893,DN_03,#947E6C
720575941484372221,76212442992402862,AN09B029_b,ascending,AN09B029_b,right,-11.410170724464503,-20.933955345308224,AN_16,#77C8F2
720575941483701178,76282811736497128,DNp67,descending,DNp67,right,0.37035029582873236,-8.124277744447628,DN_18,#51B07B
720575941565517975,76282811803827815,AN02A005,ascending,AN02A005,left,2.1190338825453843,30.951414909208378,AN_03,#947E6C
720575941515222083,76496529510287434,AN17A062_T2,ascending,AN17A062,right,-18.802649667335597,-6.280717048799436,AN_15,#48A9D9
720575941539118834,76142074248069554,AN09B023_A7,ascending,AN09B023,left,-14.476403405738917,-21.67327800766174,AN_17,#8B3A9C
720575941488845287,76353180480460892,DNg44,descending,DNg44,left,11.219539472984227,-7.955407772218625,DN_18,#51B07B
720575941669490163,76282811736640379,ANXXX988,ascending,ANXXX988,right,-5.505437543464748,-5.239884529268186,AN_18,#51B07B
720575941596627569,76636854615181333,AN07B018,ascending,AN07B018,left,-7.434018304420558,-23.482459221040646,AN_16,#77C8F2
720575941691031704,76282811736550063,DNg48,descending,DNg48,right,20.28341371767417,-11.237786445772091,DN_06,#E42E2E
720575941498996193,76282811736329305,ANXXX148_A6,ascending,ANXXX148,right,9.467057058738622,-44.519375953828735,AN_09,#D24A2C
720575941480587394,75930968015582764,DNge013,descending,DNge013,right,0.9504409527052964,-2.415710244333188,DN_06,#E42E2E
720575941504533810,76071705503809747,AN05B015,ascending,AN05B015,right,-16.033944299293605,-25.967185173189083,AN_17,#8B3A9C
720575941516147546,76848579390047198,AN07B025,ascending,AN07B025,left,-4.5920650268326675,42.63684352859314,AN_04,#FE4545
720575941532995521,76212442992510537,AN05B104_T2,ascending,AN05B104,right,14.501252005027684,-29.58352962509338,AN_07,#52AE4E
720575941613399910,76212442992117912,AN05B049,ascending,AN05B049,right,-14.572509934974757,-30.110470924531857,AN_14,#BFB09A
720575941507368005,76071705504485168,AN18B019_T2,ascending,AN18B019,left,-2.540146758628932,0.15338822826202692,AN_14,#BFB09A
720575941567199790,76212442992611629,DNge101,descending,DNge101,right,15.650225469993504,-2.788202796136777,DN_06,#E42E2E
720575941670819495,76212443059237813,AN07B032,ascending,AN07B032,right,-1.5815932060013687,34.81684383376892,AN_03,#947E6C
720575941596069489,76212442992524702,AN08B024_T2,ascending,AN08B024,right,9.132005522178563,-49.68208042160217,AN_10,#695B52
720575941612980070,76353180548103598,DNge004,descending,DNge004,left,4.8560531830062,5.38798269256409,DN_03,#947E6C
720575941560433267,76071705571022378,AN18B022,ascending,AN18B022,left,8.43675739519492,4.461802806699832,AN_01,#F7BA3C
720575941632875461,76353180480381050,AN01A021,ascending,AN01A021,right,-13.99555700070962,-13.946883354341427,AN_14,#BFB09A
720575941486575426,76001336759719809,DNge082,descending,DNge082,left,-3.237773349357692,-6.826742801820676,DN_18,#51B07B
720575941580602869,76282811736379165,AN12B017_T2,ascending,AN12B017,left,8.039537260459813,-0.5201507248038453,AN_06,#E42E2E
720575941618637439,76071705503773460,AN08B018_T2,ascending,AN08B018,left,11.020976850913915,-46.681904945527954,AN_10,#695B52
720575941513981433,76353180547644931,DNg26,descending,DNg26,right,-8.79255693204507,4.610514488065799,DN_14,#BFB09A
720575941528372301,76142074248221761,AN05B101_b,ascending,AN05B101_b,left,-14.790283372474757,3.7032192610150174,AN_13,#6A2978
720575941435317134,76071705503787461,AN05B054,ascending,AN05B054,left,-16.806655099464503,-49.1427928544635,AN_08,#298ABB
720575941483828154,76142074248410980,AN08B050,ascending,AN08B050,right,-10.855106523109523,-9.86411872879211,AN_18,#51B07B
720575941471768843,76212442992781090,DNpe028,descending,DNpe028,left,-0.6993666196595107,-5.350572738801877,DN_07,#52AE4E
720575941411719279,75654303939607285,ANXXX169_A1,ascending,ANXXX169,right,-20.150143792701808,3.154390182340701,AN_14,#BFB09A
720575941623193340,76071705504231311,ANXXX130,ascending,ANXXX130,right,-2.6580652499924575,-16.03284660354797,AN_18,#51B07B
720575941479763050,76212442992120780,AN09B019_A1,ascending,AN09B019,right,-20.125443627906886,-7.830545101320188,AN_15,#48A9D9
720575941481470883,76353180547703103,AN27X017_T2,ascending,AN27X017,right,-16.941815545631496,4.344886150205691,AN_13,#6A2978
720575941566679598,76212442992712445,AN10B024_T3,ascending,AN10B024,right,6.03254825823203,-1.8757621385211152,AN_07,#52AE4E
720575941404874352,76001336759587668,DNge173,descending,DNge173,right,15.058561155723485,-3.1958259679431125,DN_06,#E42E2E
720575941534222770,76282811803819831,DNp15,descending,DNp15,left,-3.642230203224269,16.795943107450565,DN_03,#947E6C
720575941460102384,76212442992471333,AN08B015,ascending,AN08B015,right,2.494373152183446,-16.191919479524532,AN_19,#4D9C3C
720575941652863253,76142074180696026,ANXXX977,ascending,ANXXX977,left,-16.844479730201808,-5.132244262849729,AN_15,#48A9D9
720575941574748681,76142074248460604,AN08B009_T3,ascending,AN08B009,left,-1.9903563762436782,-16.091144714509884,AN_19,#4D9C3C
720575941576660840,76001336760224779,AN02A005,ascending,AN02A005,right,2.1190338825453843,30.951414909208378,AN_03,#947E6C
720575941545087493,76212442992103700,AN01A055,ascending,AN01A055,right,-17.46495168454751,-3.721676025545041,AN_16,#77C8F2
720575941557413284,76282811804087706,DNge030,descending,DNge030,left,8.459803888725194,18.802006568754276,DN_03,#947E6C
720575941461518035,76071705503965118,AN09B027,ascending,AN09B027,left,-6.603925397468654,-22.568606529390255,AN_16,#77C8F2
720575941439151378,76423549291663110,AN27X017_T3,ascending,AN27X017,right,-16.687833001686183,4.032492008054812,AN_13,#6A2978
720575941518794668,76001336827239443,DNge106,descending,DNge106,right,7.309890100883397,1.5656765364056426,DN_06,#E42E2E
720575941503553474,76142074180724637,AN05B024,ascending,AN05B024,left,-18.748664071632472,-10.016286049043575,AN_15,#48A9D9
720575941651981077,76353180547751745,ANXXX986,ascending,ANXXX986,right,-6.1375314498673355,-3.9845460988635226,AN_18,#51B07B
720575941459415878,76142074315075586,DNp36,descending,DNp36,left,-4.567548921180812,-14.790596161043087,DN_18,#51B07B
720575941433415200,76071705504119745,DNp60,descending,DNp60,left,-0.3148476982842361,-7.252924595033567,DN_18,#51B07B
720575941528139778,76142074248227240,AN05B105,ascending,AN05B105,left,-16.764168908668605,-10.500750694429318,AN_15,#48A9D9
720575941545312005,76001336827081255,DNp22,descending,DNp22,right,-9.080689599586574,40.38554271682556,DN_03,#947E6C
720575941521454003,76142074315130493,oviDNa_a,descending,oviDNa_a,left,-8.508571794105617,-0.6425277032012147,DN_14,#BFB09A
720575941555066451,76353180480342851,AN01B004_T2,ascending,AN01B004,left,-21.215205361915675,-6.2645985223406955,AN_15,#48A9D9
720575941679872189,76282811736293120,AN08B018_T3,ascending,AN08B018,right,11.428401777671727,-46.12270465866272,AN_10,#695B52
720575941617642965,76353180548064725,AN18B023,ascending,AN18B023,right,2.4789223169554795,14.933004226530155,AN_03,#947E6C
720575941478016561,76142074315622781,AN09A005_T2,ascending,AN09A005,right,-51.00024144895181,-7.095875892793576,AN_12,#B56FCC
720575941450728314,76353180480471845,DNge067,descending,DNge067,left,20.492804357932958,-10.860231552278439,DN_06,#E42E2E
720575941586653062,76071705504105220,DNp37,descending,DNp37,right,-4.178505113197414,-2.4717337228411838,DN_18,#51B07B
720575941631976864,76212442992476888,AN08B018_T2,ascending,AN08B018,right,11.020976850913915,-46.681904945527954,AN_10,#695B52
720575941550909951,76282811736471091,ANXXX072,ascending,ANXXX072,right,14.413459608482274,-4.6298681832904025,AN_06,#E42E2E
720575941527842148,76212442924901997,AN09B021,ascending,AN09B021,right,-15.928834130836574,-23.895110283052365,AN_17,#8B3A9C
720575941613418716,75930968083054000,DNge125,descending,DNge125,left,0.27482540361777197,22.98131069167908,DN_03,#947E6C
720575941478980291,76001336759592699,ANXXX131,ascending,ANXXX131,right,16.12623197786704,0.9314261339550811,AN_06,#E42E2E
720575941616608469,76142074315367087,ANXXX169_A2,ascending,ANXXX169,left,-19.861376931739894,3.6870573423748807,AN_14,#BFB09A
720575941689802870,76212442992643103,AN06B034,ascending,AN06B034,right,-4.109356095863429,4.4803613088970975,AN_01,#F7BA3C
720575941515969123,76071705504363601,DNg60,descending,DNg60,left,16.004184553550633,-1.2078785933608216,DN_06,#E42E2E
720575941542462300,76071705571019748,AN18B053,ascending,AN18B053,left,4.77561933748618,-18.701378975068966,AN_19,#4D9C3C
720575941468805341,76212443059925378,AN19A018_c,ascending,AN19A018_c,left,-5.709708859993068,-2.4307409860247775,AN_18,#51B07B
720575941470600823,76212442992594230,AN08B024_T1,ascending,AN08B024,right,10.574894735740575,-48.653863105928345,AN_10,#695B52
720575941556990735,76353180480440089,DNge146,descending,DNge146,left,15.953158209251317,-7.042199764406125,DN_06,#E42E2E
720575941670138033,76142074247921096,ANXXX977,ascending,ANXXX977,right,-16.844479730201808,-5.132244262849729,AN_15,#48A9D9
720575941482056834,76142074248279080,DNpe049,descending,DNpe049,right,-18.526707818580714,-8.132646713411251,DN_15,#48A9D9
720575941517281708,76071705570963062,AN04B023_T2,ascending,AN04B023,right,-3.288073947502223,7.961645927274783,AN_01,#F7BA3C
720575941613770259,76001336759555291,AN12B004_A1,ascending,AN12B004,left,8.014826128410252,-42.33017459884827,AN_09,#D24A2C
720575941471266423,76282811736555925,DNge062,descending,DNge062,right,15.938285658286961,-6.2092982865924045,DN_06,#E42E2E
720575941649901297,76001336759667058,AN12B019_T2,ascending,AN12B019,left,5.097522089408788,-2.705312523996274,AN_07,#52AE4E
720575941432162145,76071705436529602,ANXXX154,ascending,ANXXX154,right,-11.660775353981105,-21.695342216646115,AN_16,#77C8F2
720575941453830637,76071705570946942,DNge123,descending,DNge123,left,17.45094949953452,-0.7042224444502991,DN_06,#E42E2E
720575941611833577,75930968015441408,DNge051,descending,DNge051,left,16.70692331545249,-7.706485901033322,DN_06,#E42E2E
720575941482146467,76777729542186199,AN05B017,ascending,AN05B017,right,-13.841893365455714,-34.76913944259827,AN_14,#BFB09A
720575941574322427,76142074248540793,AN10B021,ascending,AN10B021,right,-9.453662087989894,11.313962783659061,AN_07,#52AE4E
720575941552590910,76282811736488294,AN01B005_T1,ascending,AN01B005,left,0.6379604899902667,-4.612367305910031,AN_07,#52AE4E
720575941555196929,76212443059532300,DNge123,descending,DNge123,right,17.45094949953452,-0.7042224444502991,DN_06,#E42E2E
720575941639588127,76353180547824480,DNp33,descending,DNp33,left,5.950073549674901,23.392533149564823,DN_03,#947E6C
720575941504679106,76001336759642051,DNde002,descending,DNde002,right,13.057511160301122,-3.49150219932739,DN_06,#E42E2E
720575941703160026,76071705436511834,AN09B019_T3,ascending,AN09B019,left,5.950935671256932,-1.3703475333804291,AN_07,#52AE4E
720575941521081271,76212442992431598,AN05B104_T1,ascending,AN05B104,right,14.736356565879735,-29.656050834810177,AN_07,#52AE4E
720575941512496716,76001336759542531,DNde007,descending,DNde007,left,-16.175641229225246,-6.021798763429563,DN_06,#E42E2E
720575941502081515,76212442992276278,ANXXX120_A5,ascending,ANXXX120,right,11.359855482505711,-47.86775318161194,AN_10,#695B52
720575941536301288,76282811736745253,DNb02,descending,DNb02,right,-3.667606999946681,17.821476783598026,DN_03,#947E6C
720575941621265535,76356135754082454,AN05B049,ascending,AN05B049,left,-14.572509934974757,-30.110470924531857,AN_14,#BFB09A
720575941503813207,76071705504147450,AN08B024_T2,ascending,AN08B024,left,9.132005522178563,-49.68208042160217,AN_10,#695B52
720575941539075314,76282811736631799,720575941539075314,ascending,AN07B021,right,-1.0138142610321914,13.886179771268925,AN_04,#FE4545
720575941591050494,75930968015307632,DNg32,descending,DNg32,left,4.106789181159886,19.602963294828495,DN_01,#F7BA3C
720575941539325333,75930968015524906,DNge022,descending,DNge022,left,35.41473276369467,-8.866519127046505,DN_05,#FBCD5A
720575941612075622,76282811736370389,AN12B017_T3,ascending,AN12B017,right,8.623328993247899,0.20468505843933404,AN_06,#E42E2E
720575941581648761,76001336759567758,DNg54,descending,DNg54,left,18.5785816406478,-10.629200134431759,DN_06,#E42E2E
720575941553545278,76071705503965064,AN09B023_A2,ascending,AN09B023,left,-14.424943139625636,-45.30405155197327,AN_08,#298ABB
720575941522076087,76071705504068480,AN08B028_T3,ascending,AN08B028,left,9.574139425681981,-44.15618625656311,AN_10,#695B52
720575941473859424,76071705504175102,AN05B104_T2,ascending,AN05B104,left,14.501252005027684,-29.58352962509338,AN_07,#52AE4E
720575941555244772,76212442924888883,AN09B030_T1,ascending,AN09B030,right,-15.681372811866847,-17.639136467134396,AN_17,#8B3A9C
720575941540590973,76142074248402680,ANXXX250,ascending,ANXXX250,right,-5.9335333610306655,1.7539208792095977,AN_14,#BFB09A
720575941479177440,76282811803368897,AN06B051,ascending,AN06B051,right,-8.42149751432046,42.65285762771423,AN_04,#FE4545
720575941441857727,76282811736779943,ANXXX988,ascending,ANXXX988,right,-5.505437543464748,-5.239884529268186,AN_18,#51B07B
720575941628867042,76001336827270788,DNg04,descending,DNg04,right,14.23796064607993,26.084198798978885,DN_02,#EC9832
720575941496095431,76142074248047729,AN09B023_A6,ascending,AN09B023,left,-14.703200509620753,-21.98775974289123,AN_17,#8B3A9C
720575941529767812,76071705503764666,AN05B106,ascending,AN05B106,left,-20.187237908912746,-5.501186523591916,AN_15,#48A9D9
720575941639508853,76071705503984515,AN17A050,ascending,AN17A050,right,-10.688994577003566,-15.672940406953732,AN_18,#51B07B
720575941589746756,76353180547854841,AN27X017_T1,ascending,AN27X017,right,-16.408410241676417,3.8910454176312284,AN_13,#6A2978
720575941671012263,76212443059075509,AN08B026_T1,ascending,AN08B026,right,15.400929281639012,0.28350004180725397,AN_07,#52AE4E
720575941514148867,76001336760132022,AN06B014,ascending,AN06B014,left,-4.873372247291652,38.66410716995056,AN_03,#947E6C
720575941536219107,76142074248579731,AN10B018,ascending,AN10B018,right,-8.51673619992837,11.321304168546757,AN_07,#52AE4E
720575941432109582,76001336760082204,AN19B018,ascending,AN19B018,left,6.165073225425633,13.870383109891971,AN_03,#947E6C
720575941508492417,76001336826792249,DNg71,descending,DNg71,left,14.212628195213231,28.614025916898807,DN_02,#EC9832
720575941521285047,76355654918789301,AN02A009,ascending,AN02A009,left,7.333504030631932,37.873637046659546,AN_03,#947E6C
720575941507336517,76142074247971769,AN17A015_A1,ascending,AN17A015,right,-8.292049577308742,-13.442619476472775,AN_18,#51B07B
720575941499200585,76353180547865646,DNg95,descending,DNg95,left,12.574832746910008,14.864915695036014,DN_18,#51B07B
720575941605171390,76001336759582691,AN12B019_T1,ascending,AN12B019,left,6.619646379875096,-1.9298163391703766,AN_07,#52AE4E
720575941640075551,76001336759722980,DNge062,descending,DNge062,left,15.938285658286961,-6.2092982865924045,DN_06,#E42E2E
720575941477013825,76282811804001770,DNg04,descending,DNg04,left,14.23796064607993,26.084198798978885,DN_02,#EC9832
720575941542733573,76353180480448212,DNde003,descending,DNde003,left,16.19999963991538,0.3175819776898223,DN_06,#E42E2E
720575941443480234,76353180480386419,ANXXX131,ascending,ANXXX131,right,16.12623197786704,0.9314261339550811,AN_06,#E42E2E
720575941411344043,76212443059494457,AN18B032,ascending,AN18B032,right,4.960251638816747,-17.89153972641174,AN_19,#4D9C3C
720575941645370312,76071705571006456,ANXXX982,ascending,ANXXX982,right,-12.795420816017238,1.4235530756359893,AN_14,#BFB09A
720575941447973140,76071705504337132,DNb02,descending,DNb02,left,-3.667606999946681,17.821476783598026,DN_03,#947E6C
720575941592998769,76212442992715404,AN06B015_a,ascending,AN06B015_a,right,12.208652326988133,-1.5915842987651032,AN_06,#E42E2E
720575941641209119,76142074247945222,AN09B037_A5,ascending,AN09B037,right,-17.16105573423013,4.304915275419314,AN_13,#6A2978
720575941404748144,76282811803980637,DNge106,descending,DNge106,left,7.309890100883397,1.5656765364056426,DN_06,#E42E2E
720575941507077399,76212442992686893,AN07B015,ascending,AN07B015,right,8.938273260520848,-0.6242271699065369,AN_06,#E42E2E
720575941460227824,75930968083048128,AN18B999,ascending,AN18B999,left,-1.406730821205226,2.8139751814251737,AN_18,#51B07B
720575941471454583,76001336759792699,DNg38,descending,DNg38,right,13.634489843772801,-5.2626268006915256,DN_06,#E42E2E
720575941466022422,76071705504355822,AN18B019_T3,ascending,AN18B019,left,-2.8594342971573745,0.5508044622784454,AN_14,#BFB09A
720575941527933540,76142074180728440,AN05B027,ascending,AN05B027,left,-15.04706018216714,-9.018669281160275,AN_14,#BFB09A
720575941626522762,76001336759603345,AN01B004_T1,ascending,AN01B004,right,-21.34254758603677,-6.029268894349973,AN_15,#48A9D9
720575941473987168,76142074248527403,AN08B048,ascending,AN08B048,right,0.941908458398732,-17.510995063936154,AN_19,#4D9C3C
720575941687786870,76212443059223884,AN06B031,ascending,AN06B031,right,0.1236010288466538,18.650666084135135,AN_01,#F7BA3C
720575941436012832,76353180547760378,ANXXX986,ascending,ANXXX986,right,-6.1375314498673355,-3.9845460988635226,AN_18,#51B07B
720575941631060972,76001336759644702,DNg65,descending,DNg65,right,-17.243220498634425,-10.005050811921993,DN_15,#48A9D9
720575941503767127,75930968015439376,DNpe003,descending,DNpe003,right,10.886569807456883,2.5521975420361356,DN_06,#E42E2E
720575941612195501,76353180480471844,DNg17,descending,DNg17,right,31.291203329490575,-7.920913849031369,DN_18,#51B07B
720575941447808020,76001336692328119,AN17B008_A2,ascending,AN17B008,right,-20.312110116554347,-36.3532420732135,AN_09,#D24A2C
720575941650789649,75930968015491616,AN19B009_T2,ascending,AN19B009,left,-2.1426777148972427,-1.930567238485257,AN_07,#52AE4E
720575941626065516,76142074248562892,AN05B104_T3,ascending,AN05B104,right,14.286782095359715,-29.161364708101193,AN_07,#52AE4E
720575941663518844,75930968015460225,DNge033,descending,DNge033,left,-1.6002365852127944,16.880009498441776,DN_03,#947E6C
720575941477380382,76282811803951399,AN18B025,ascending,AN18B025,right,-3.667834451271144,34.10888942703064,AN_03,#947E6C
720575941620230527,76282811736272717,AN17B016,ascending,AN17B016,left,7.971397707389745,-41.234517250215454,AN_09,#D24A2C
720575941534435338,76282811803860261,DNp22,descending,DNp22,left,-9.080689599586574,40.38554271682556,DN_03,#947E6C
720575941666666483,76212442992095205,AN05B106,ascending,AN05B106,right,-20.187237908912746,-5.501186523591916,AN_15,#48A9D9
720575941571901512,76071705504147438,720575941571901512,ascending,AN08B024,left,10.277102301048192,-48.511956367647095,AN_10,#695B52
720575941558335524,76353180547780273,AN19B018,ascending,AN19B018,right,6.165073225425633,13.870383109891971,AN_03,#947E6C
720575941572855439,76353180548175863,AN06A016,ascending,AN06A016,right,2.048624584602269,14.074349250639042,AN_03,#947E6C
720575941662508600,76071705571081046,AN18B053,ascending,AN18B053,left,4.77561933748618,-18.701378975068966,AN_19,#4D9C3C
720575941537703144,76282811804047556,DNg04,descending,DNg04,left,14.23796064607993,26.084198798978885,DN_02,#EC9832
720575941722224186,76212442992561484,AN08B041,ascending,AN08B041,right,0.9504564797152604,-16.823258552705685,AN_19,#4D9C3C
720575941504703938,76071705504231317,DNb02,descending,DNb02,left,-3.667606999946681,17.821476783598026,DN_03,#947E6C
720575941574731272,76142074315147303,DNp46,descending,DNp46,right,0.01105392925635229,-7.8305164910906955,DN_18,#51B07B
720575941542529884,76071705503835142,AN01A055,ascending,AN01A055,left,-17.46495168454751,-3.721676025545041,AN_16,#77C8F2
720575941553768705,76142074315122251,ANXXX982,ascending,ANXXX982,left,-12.795420816017238,1.4235530756359893,AN_14,#BFB09A
720575941628231138,75930968015512449,DNg52,descending,DNg52,right,3.009495804237279,0.9385647438412505,DN_18,#51B07B
720575941521188791,76142074248246597,DNpe052,descending,DNpe052,left,-9.006551911903468,-13.721404228364865,DN_16,#77C8F2
720575941580936273,76707223090690295,AN09B028,ascending,AN09B028,left,-18.70707624204263,-8.952787552034298,AN_15,#48A9D9
720575941562217517,76142074315048775,DNp24,descending,DNp24,right,-8.206391503883449,-1.3749099709147614,DN_14,#BFB09A
720575941452032122,76142074248294993,AN23B010,ascending,AN23B010,right,-16.48123471982583,-9.66597763076965,AN_14,#BFB09A
720575941652716305,76212442992034417,AN05B052,ascending,AN05B052,right,-23.742642571998683,-29.126258049165646,AN_14,#BFB09A
720575941645271240,76566554389183266,AN17A031,ascending,AN17A031,right,-12.503073861671535,-18.11870685592834,AN_17,#8B3A9C
720575941440240335,76001336760165530,AN02A009,ascending,AN02A009,right,7.333504030631932,37.873637046659546,AN_03,#947E6C
720575941450811470,76142074247918686,AN09B037_A4,ascending,AN09B037,left,-17.7456313873063,4.838791694486697,AN_13,#6A2978
720575941479889315,76142074248551651,AN06B039_T1,ascending,AN06B039,right,-9.107176950050441,10.475292053068241,AN_07,#52AE4E
720575941504687810,76142074315070137,DNpe037,descending,DNpe037,left,-4.180925538612453,1.34247168525513,DN_14,#BFB09A
720575941526853378,76142074315065428,ANXXX983,ascending,ANXXX983,right,-11.041732003761378,1.2066489122753936,AN_14,#BFB09A
720575941450620494,76071705637938504,AN02A016,ascending,AN02A016,right,-1.5973183418045913,-19.01542202011291,AN_18,#51B07B
720575941564422290,76142074248492371,AN08B050,ascending,AN08B050,left,-10.855106523109523,-9.86411872879211,AN_18,#51B07B
720575941556768257,76001336759749461,DNge080,descending,DNge080,left,16.639162847923192,-7.246100578462522,DN_06,#E42E2E
720575941554623130,76001336759547671,AN01B004_T2,ascending,AN01B004,right,-21.215205361915675,-6.2645985223406955,AN_15,#48A9D9
720575941633664443,76284392485759287,AN19A019,ascending,AN19A019,right,32.21249658815756,-7.4856959916705295,AN_18,#51B07B
720575941514358675,76212443059359870,DNg51,descending,DNg51,right,7.374078104423436,22.741133537138065,DN_01,#F7BA3C
720575941529978756,76071705504152767,AN08B032,ascending,AN08B032,left,-8.171689202858058,-13.856265220796505,AN_18,#51B07B
720575941632167611,76353180547642069,DNg73,descending,DNg73,right,29.88682825319663,-0.43757358566466986,DN_03,#947E6C
720575941603871990,76071705570805595,AN08B022_T3,ascending,AN08B022,left,5.156634161399754,-2.3103404380435153,AN_07,#52AE4E
720575941489748169,76071705503882906,AN10B020_T2,ascending,AN10B020,left,13.561674902366551,-48.361409340059204,AN_10,#695B52
720575941492751820,76142074315595195,AN09A005_T2,ascending,AN09A005,right,-51.00024144895181,-7.095875892793576,AN_12,#B56FCC
720575941540592509,76071705436531047,AN09B019_A1,ascending,AN09B019,left,-20.125443627906886,-7.830545101320188,AN_15,#48A9D9
720575941539448781,76282811736246187,AN17B013_A1,ascending,AN17B013,left,-19.358906915260402,-34.51496234909241,AN_09,#D24A2C
720575941574724361,76071705503773479,DNg23,descending,DNg23,left,19.75158769838706,-12.7514239884967,DN_09,#D24A2C
720575941689416716,76282811736488305,DNde003,descending,DNde003,left,16.19999963991538,0.3175819776898223,DN_06,#E42E2E
720575941537701347,76212442924881989,AN09B030_T2,ascending,AN09B030,right,-15.167468240333644,-18.535233650361935,AN_17,#8B3A9C
720575941476919099,76212442992255509,AN09B027,ascending,AN09B027,right,-6.603925397468654,-22.568606529390255,AN_16,#77C8F2
720575941566487655,76001336759619774,DNge074,descending,DNge074,left,1.9402067159880723,-3.0284256078356906,DN_07,#52AE4E
720575941530326660,76423549291629169,DNge013,descending,DNge013,left,0.9504409527052964,-2.415710244333188,DN_06,#E42E2E
720575941433327374,76212443059075533,AN08B026_T2,ascending,AN08B026,right,3.1409764980544175,-5.413822326814572,AN_07,#52AE4E
720575941477252913,76142074315108858,ANXXX981,ascending,ANXXX981,left,-12.583964517189113,1.2265337370282012,AN_14,#BFB09A
720575941560343155,76142074180689689,ANXXX433,ascending,ANXXX433,right,-16.289731195045558,-2.5183028318041965,AN_15,#48A9D9
720575941509079390,76001336759704995,ANXXX145_T1,ascending,ANXXX145,left,4.476904461311253,-3.250389967119138,AN_07,#52AE4E
720575941644582501,76001336827207766,DNp51,descending,DNp51,right,15.873916456626805,28.642535056913456,DN_02,#EC9832
720575941586431812,75930968082871638,AN18B023,ascending,AN18B023,left,2.4789223169554795,14.933004226530155,AN_03,#947E6C
720575941516762515,76212442992355692,AN09B023_A7,ascending,AN09B023,right,-14.476403405738917,-21.67327800766174,AN_17,#8B3A9C
720575941552964095,76071705504378011,AN10B021,ascending,AN10B021,left,-9.453662087989894,11.313962783659061,AN_07,#52AE4E
720575941627117676,76071705571100118,DNge127,descending,DNge127,left,4.162989923881444,-4.686391267930905,DN_07,#52AE4E
720575941461234131,76212443059268767,AN08B022_T3,ascending,AN08B022,right,5.156634161399754,-2.3103404380435153,AN_07,#52AE4E
720575941487325325,76212442924857792,AN09B028,ascending,AN09B028,right,-18.70707624204263,-8.952787552034298,AN_15,#48A9D9
720575941503934551,76212442992323901,AN17A062_T1,ascending,AN17A062,right,-18.787280252052394,-6.009407196199338,AN_15,#48A9D9
720575941633099680,76071705571522739,AN18B003,ascending,AN18B003,left,-2.9354540611039077,-1.4697231985682648,AN_07,#52AE4E
720575941569105658,74944362219754743,DNge039,descending,DNge039,right,34.46478159181967,-8.241282138978878,DN_05,#FBCD5A
720575941433061646,76212442992600048,AN08B032,ascending,AN08B032,right,-8.171689202858058,-13.856265220796505,AN_18,#51B07B
720575941599691200,76001336759689994,DNde005,descending,DNde005,right,14.259364912437352,-4.194832716142575,DN_06,#E42E2E
720575941471698752,75930968015714407,AN19B028,ascending,AN19B028,left,-3.3762394691239273,2.8508499525433377,AN_14,#BFB09A
720575941519971507,76071705504270944,AN07B035_T1,ascending,AN07B035,left,-8.394142320228664,10.232346381986698,AN_07,#52AE4E
720575941656903124,76001336759650048,DNge101,descending,DNge101,left,15.650225469993504,-2.788202796136777,DN_06,#E42E2E
720575941516432227,76142074315150077,AN03B094,ascending,AN03B094,left,13.655508825706395,-0.7976445294970673,AN_06,#E42E2E
720575941441350235,76071705503729365,AN08B034_T3,ascending,AN08B034,NA,-7.670147111488429,-23.995560798799435,AN_16,#77C8F2
720575941544725509,76212442992218625,AN09B040_T1,ascending,AN09B040,right,-16.70892827756509,-16.730389747774044,AN_17,#8B3A9C
720575941578527065,76001336692384723,AN01A021,ascending,AN01A021,left,-13.99555700070962,-13.946883354341427,AN_14,#BFB09A
720575941500840866,76142074315125050,DNpe039,descending,DNpe039,left,-4.117078950477687,-17.129832420503536,DN_19,#4D9C3C
720575941556383908,76282811736385276,ANXXX145_T3,ascending,ANXXX145,right,4.102861950324925,-3.0806476213092013,AN_07,#52AE4E
720575941475572539,76142074315344536,DNpe035,descending,DNpe035,left,-15.662057092262355,4.064116325224002,DN_13,#6A2978
720575941596240241,76142074315100834,AN18B019_T2,ascending,AN18B019,right,-2.540146758628932,0.15338822826202692,AN_14,#BFB09A
720575941516016707,76071705503857268,AN05B052,ascending,AN05B052,left,-23.742642571998683,-29.126258049165646,AN_14,#BFB09A
720575941459896390,76212442924885265,AN05B045,ascending,AN05B045,right,-18.342614343238917,-28.222735557710568,AN_14,#BFB09A
720575941618669269,76142074180767222,AN09B030_T2,ascending,AN09B030,left,-15.167468240333644,-18.535233650361935,AN_17,#8B3A9C
720575941523203403,76212443059318107,AN03B039,ascending,AN03B039,left,-8.99585454709634,42.280524101102905,AN_04,#FE4545
720575941547462505,76142074315640100,AN27X013_T2,ascending,AN27X013,right,-51.346596887184234,-7.136477146303098,AN_12,#B56FCC
720575941502213515,76142074248302950,ANXXX470,ascending,ANXXX470,right,-11.194455316139308,-1.8771911598796052,AN_15,#48A9D9
720575941531283403,76142074180789405,AN09B042,ascending,AN09B042,right,-16.034073999000636,-6.046523723756711,AN_15,#48A9D9
720575941669801905,76353180480430350,DNg54,descending,DNg54,right,18.5785816406478,-10.629200134431759,DN_06,#E42E2E
720575941450914741,76142074247990659,ANXXX434,ascending,ANXXX434,right,-17.02052037961587,-4.358429346239011,AN_15,#48A9D9
720575941537732840,76142074180684744,AN01A089,ascending,AN01A089,left,-10.368642976356593,-4.696455869829099,AN_16,#77C8F2
720575941574813192,75930968082592441,ANXXX986,ascending,ANXXX986,left,-6.1375314498673355,-3.9845460988635226,AN_18,#51B07B
720575941564186007,76353180480557832,DNg52,descending,DNg52,left,3.009495804237279,0.9385647438412505,DN_18,#51B07B
720575941482071631,76001336759698983,ANXXX145_T2,ascending,ANXXX145,left,4.252119371818456,-3.047917995607297,AN_07,#52AE4E
720575941554701722,76353180547757520,DNge022,descending,DNge022,right,35.41473276369467,-8.866519127046505,DN_05,#FBCD5A
720575941552017663,76282811736473920,DNge064,descending,DNge064,left,5.809844801353368,3.582763042295535,DN_18,#51B07B
720575941704434394,76001336759731982,DNg62,descending,DNg62,left,34.91123087160483,-7.438486251985471,DN_05,#FBCD5A
720575941538221288,75930968082434569,DNg26,descending,DNg26,left,-8.79255693204507,4.610514488065799,DN_14,#BFB09A
720575941438646290,76282811736567865,DNg38,descending,DNg38,left,13.634489843772801,-5.2626268006915256,DN_06,#E42E2E
720575941450215261,76353180480773783,AN19B049,ascending,AN19B049,right,-0.871432354522792,12.513368453825077,AN_01,#F7BA3C
720575941472070775,76212443059839785,AN02A016,ascending,AN02A016,left,-1.5973183418045913,-19.01542202011291,AN_18,#51B07B
720575941527363330,76001336827030573,AN06B031,ascending,AN06B031,left,0.1236010288466538,18.650666084135135,AN_01,#F7BA3C
720575941438712923,76001336759595523,AN10B022_T2,ascending,AN10B022,left,13.664433309959325,-47.2748729325885,AN_10,#695B52
720575941558807411,76353180547813532,DNge039,descending,DNge039,left,34.46478159181967,-8.241282138978878,DN_05,#FBCD5A
720575941576173832,76212442992352751,ANXXX250,ascending,ANXXX250,left,-5.9335333610306655,1.7539208792095977,AN_14,#BFB09A
720575941646502776,76212442992082904,AN05B026,ascending,AN05B026,right,-20.117364099098292,-7.33090272918884,AN_15,#48A9D9
720575941476852254,76282811736536479,DNg62,descending,DNg62,right,34.91123087160483,-7.438486251985471,DN_05,#FBCD5A
720575941611688681,76212443059263027,AN04B023_T2,ascending,AN04B023,left,-3.288073947502223,7.961645927274783,AN_01,#F7BA3C
720575941548170120,76353180480354691,DNde007,descending,DNde007,right,-16.175641229225246,-6.021798763429563,DN_06,#E42E2E
720575941624572042,75930968082894608,DNg61,descending,DNg61,right,19.964922735618504,-10.780589256441036,DN_06,#E42E2E
720575941480797859,75930968082558795,DNge005,descending,DNge005,left,-9.422034432960597,3.2680056951886014,DN_14,#BFB09A
720575941594292775,76001336759798782,INXXX101,ascending,INXXX101,left,NA,NA,NA,NA
720575941482268867,76282811736373313,ANXXX145_T2,ascending,ANXXX145,right,4.252119371818456,-3.047917995607297,AN_07,#52AE4E
720575941587469022,76001336759692992,ANXXX145_T3,ascending,ANXXX145,left,4.102861950324925,-3.0806476213092013,AN_07,#52AE4E
720575941562404008,76212443059323421,DNge088,descending,DNge088,right,-24.849122216774074,31.854121055448612,DN_03,#947E6C
720575941471829568,76071705570973937,ANXXX981,ascending,ANXXX981,left,-12.583964517189113,1.2265337370282012,AN_14,#BFB09A
720575941645117304,75930968015558786,DNge052,descending,DNge052,left,3.789757797645482,0.8475579880123931,DN_18,#51B07B
720575941442292059,76212443059538245,DNae006,descending,DNae006,left,9.941847631858739,28.339394416654667,DN_02,#EC9832
720575941566655074,76212442992370446,ANXXX084_A5,ascending,ANXXX084,right,-10.29034631497964,-8.48530546203796,AN_18,#51B07B
720575941569592690,76071705570721350,AN08B026_T3,ascending,AN08B026,left,2.950036356376561,-4.978706989442746,AN_07,#52AE4E
720575941506304828,76001336692333875,AN12B017_T1,ascending,AN12B017,left,15.111423323081883,-32.482667122041626,AN_06,#E42E2E
720575941566565174,76142074248486536,CB0191,descending,CB0191,right,-3.713908841682521,-4.049259815370481,DN_06,#E42E2E
720575941437933074,76001336759752454,ANXXX120_A6,ascending,ANXXX120,left,13.097693273948583,-48.42532840744202,AN_10,#695B52
720575941477530986,76142074248498026,AN06B039_T1,ascending,AN06B039,left,-9.107176950050441,10.475292053068241,AN_07,#52AE4E
720575941515678051,76142074315392810,ANXXX169_A3,ascending,ANXXX169,left,-20.58888547666177,3.55803712829407,AN_14,#BFB09A
720575941566729460,76071705570997908,AN04B003_T1,ascending,AN04B003,right,-9.31605260617837,10.790074195707401,AN_07,#52AE4E
720575941543812893,76001336759986218,AN07B037,ascending,AN07B037,left,-7.437617471290675,12.874095764005741,AN_01,#F7BA3C
720575941575688457,76353180548142105,DNge070,descending,DNge070,right,-2.391910722328273,21.541062202299198,DN_01,#F7BA3C
720575941494794160,76212442924925893,DNge121,descending,DNge121,left,19.94037706606284,-11.467458877717892,DN_08,#298ABB
720575941603755193,75863485623677682,ANXXX264,ascending,ANXXX264,right,-15.347185304237453,-46.700074348604126,AN_08,#298ABB
720575941412795759,76071705504220526,AN08B048,ascending,AN08B048,left,0.941908458398732,-17.510995063936154,AN_19,#4D9C3C
720575941431747086,75930968082508225,DNg73,descending,DNg73,left,29.88682825319663,-0.43757358566466986,DN_03,#947E6C
720575941571394811,76001336826812718,AN03B039,ascending,AN03B039,right,-8.99585454709634,42.280524101102905,AN_04,#FE4545
720575941603718073,76282811803972981,AN12A017,ascending,AN12A017,left,5.787190744804295,0.7202642820721465,AN_18,#51B07B
720575941430069641,76001336826887453,DNge088,descending,DNge088,left,-24.849122216774074,31.854121055448612,DN_03,#947E6C
720575941516302329,76071705504214550,AN08B041,ascending,AN08B041,left,0.9504564797152604,-16.823258552705685,AN_19,#4D9C3C
720575941457973407,76212442992765265,AN06B051,ascending,AN06B051,right,-8.42149751432046,42.65285762771423,AN_04,#FE4545
720575941585890694,76142074315209537,ANXXX169_A2,ascending,ANXXX169,right,-19.861376931739894,3.6870573423748807,AN_14,#BFB09A
720575941639763999,76001336760215644,DNg51,descending,DNg51,left,7.374078104423436,22.741133537138065,DN_01,#F7BA3C
720575941493333680,76353180547650477,AN19A019,ascending,AN19A019,left,32.21249658815756,-7.4856959916705295,AN_18,#51B07B
720575941589794046,76001336759868362,AN10B019_T3,ascending,AN10B019,left,10.829731771873387,-43.59467807785217,AN_10,#695B52
720575941671479207,76282811736634736,AN07B025,ascending,AN07B025,right,-4.5920650268326675,42.63684352859314,AN_04,#FE4545
720575941474543931,76212442992135469,AN17A031,ascending,AN17A031,left,-12.503073861671535,-18.11870685592834,AN_17,#8B3A9C
720575941510233616,76212442992236030,AN08B034_T3,ascending,AN08B034,NA,-7.670147111488429,-23.995560798799435,AN_16,#77C8F2
720575941554109668,76071705570864111,DNg51,descending,DNg51,left,7.374078104423436,22.741133537138065,DN_01,#F7BA3C
720575941589194494,76001336692319422,AN08B034_A1,ascending,AN08B034,left,-8.921343972755519,-23.26670948044006,AN_16,#77C8F2
720575941653841681,75930968082595169,DNge001,descending,DNge001,right,34.83792764894858,-6.478481922304074,DN_05,#FBCD5A
720575941505242789,75930968015504452,DNg52,descending,DNg52,right,3.009495804237279,0.9385647438412505,DN_18,#51B07B
720575941540291789,76282811736519912,DNge074,descending,DNge074,right,1.9402067159880723,-3.0284256078356906,DN_07,#52AE4E
720575941658613784,76353180547780268,DNge172,descending,DNge172,right,-11.993880441261378,3.9334343336468534,DN_14,#BFB09A
720575941491973941,76282811736332190,ANXXX120_A6,ascending,ANXXX120,right,13.097693273948583,-48.42532840744202,AN_10,#695B52
720575941536507162,76142074248560137,AN05B104_T3,ascending,AN05B104,left,14.286782095359715,-29.161364708101193,AN_07,#52AE4E
720575941644799826,76071705504169535,AN07B037,ascending,AN07B037,left,-7.437617471290675,12.874095764005741,AN_01,#F7BA3C
720575941474552372,76142074247938909,AN09B037_A4,ascending,AN09B037,right,-17.7456313873063,4.838791694486697,AN_13,#6A2978
720575941557352686,76071705504236800,AN06B015_a,ascending,AN06B015_a,left,12.208652326988133,-1.5915842987651032,AN_06,#E42E2E
720575941566087687,76071705570895743,AN04B051,ascending,AN04B051,right,-3.726908853126613,-6.644464645540158,AN_18,#51B07B
720575941516943875,76212442992140802,AN05B054,ascending,AN05B054,right,-16.806655099464503,-49.1427928544635,AN_08,#298ABB
720575941480917187,75930968015281173,DNge069,descending,DNge069,right,16.216509649681004,-5.082013282930295,DN_06,#E42E2E
720575941445166100,76142074248410979,AN08B049,ascending,AN08B049,right,-13.972496202064601,-16.36297813430969,AN_19,#4D9C3C
720575941504354754,75862454429215144,AN19A038,ascending,AN19A038,right,-6.376504590583888,0.38295861705597223,AN_06,#E42E2E
720575941531484619,76142555418562144,ANXXX136,ascending,ANXXX136,right,-14.675730874610988,4.868376579130252,AN_13,#6A2978
720575941507037057,76282811803760095,AN06A010,ascending,AN06A010,right,-2.2569228912125503,26.317663993681034,AN_03,#947E6C
720575941523327735,76212443059468805,AN06B044,ascending,AN06B044,right,-4.308412244392482,30.54311069473084,AN_03,#947E6C
720575941414908561,76282811803441259,AN06B031,ascending,AN06B031,right,0.1236010288466538,18.650666084135135,AN_01,#F7BA3C
720575941495998843,76353180547879703,DNg41,descending,DNg41,right,-4.025518109870998,17.4502361677533,DN_03,#947E6C
720575941520167790,76282811736499957,AN12B019_T3,ascending,AN12B019,right,5.101915190147313,-1.8196091987246674,AN_07,#52AE4E
720575941612468710,76282811736423182,AN12B019_T2,ascending,AN12B019,right,5.097522089408788,-2.705312523996274,AN_07,#52AE4E
720575941561409581,76142074248480635,ANXXX084_A2,ascending,ANXXX084,left,-10.182438066078273,-8.07383838669006,AN_18,#51B07B
720575941660948348,76212442992533407,DNg40,descending,DNg40,right,-5.018915822578517,-12.219002876436154,DN_16,#77C8F2
720575941629872422,76071705571138965,DNae004,descending,DNae004,right,15.418942282127293,28.437828864896854,DN_02,#EC9832
720575941631437804,76212442992173126,AN09B023_A2,ascending,AN09B023,right,-14.424943139625636,-45.30405155197327,AN_08,#298ABB
720575941514023523,76142074315098230,ANXXX983,ascending,ANXXX983,left,-11.041732003761378,1.2066489122753936,AN_14,#BFB09A
720575941563541351,76282811736358749,AN10B019_T3,ascending,AN10B019,right,10.829731771873387,-43.59467807785217,AN_10,#695B52
720575941480490882,75930968082789571,DNge105,descending,DNge105,right,10.528446028160008,-7.466286335145871,DN_08,#298ABB
720575941525827586,76282811669044561,AN27X003,ascending,AN27X003,left,-10.46367280728921,-13.370792541658322,AN_15,#48A9D9
720575941486694541,76142074248047732,ANXXX984,ascending,ANXXX984,right,-17.822016885353175,-3.9992667771929904,AN_15,#48A9D9
720575941540968397,76142074247938924,AN09B018_a,ascending,AN09B018_a,right,-14.706403901649562,-8.248660717164913,AN_14,#BFB09A
720575941530152907,76212442992176005,DNx01,sensory_descending,DNx01,NA,NA,NA,NA,NA
720575941474677825,76353180548016964,DNg89,descending,DNg89,right,5.493698427604588,15.725216712797245,DN_03,#947E6C
720575941518795692,76142074248696763,ANXXX116,ascending,ANXXX116,right,-14.637455155922023,-4.672462854539792,AN_15,#48A9D9
720575941655750356,75930968015411925,AN19B049,ascending,AN19B049,left,-0.871432354522792,12.513368453825077,AN_01,#F7BA3C
720575941732586539,76282811804059637,DNg05_a,descending,DNg05_a,left,16.422829458640965,24.562008704984745,DN_03,#947E6C
720575941595882609,76071705503965075,ANXXX120_A5,ascending,ANXXX120,left,11.359855482505711,-47.86775318161194,AN_10,#695B52
720575941533316995,76212443059806993,AN18B999,ascending,AN18B999,right,-1.406730821205226,2.8139751814251737,AN_18,#51B07B
720575941466318870,76142074248117611,ANXXX098_A2,ascending,ANXXX098,left,11.001888105796727,-47.48348346725647,AN_10,#695B52
720575941631642860,76212443059592037,DNae004,descending,DNae004,left,15.418942282127293,28.437828864896854,DN_02,#EC9832
720575941529824440,76142074315155692,DNpe034,descending,DNpe034,right,-12.096409013343898,1.5601120851879913,DN_14,#BFB09A
720575941463736464,76142074315296324,AN18B053,ascending,AN18B053,right,4.77561933748618,-18.701378975068966,AN_19,#4D9C3C
720575941431800078,76001336759650032,ANXXX148_A5,ascending,ANXXX148,left,7.507561514305028,-42.15311923996155,AN_09,#D24A2C
720575941704467930,76212442924872187,AN05B049,ascending,AN05B049,right,-14.572509934974757,-30.110470924531857,AN_14,#BFB09A
720575941571863709,76071705436522248,AN27X003,ascending,AN27X003,right,-10.46367280728921,-13.370792541658322,AN_15,#48A9D9
720575941390623382,75930968083101983,DNp20,descending,DNp20,right,-0.1208229566346084,16.088084068143925,DN_01,#F7BA3C
720575941432255959,76423549224498258,DNge052,descending,DNge052,right,3.789757797645482,0.8475579880123931,DN_18,#51B07B
720575941492249776,76282811803862940,SApp08,sensory_ascending,SApp08,left,NA,NA,NA,NA
720575941515909635,76142074315056378,720575941515909635,ascending,AN00A006,right,-3.843141248298732,-5.741098556672971,AN_18,#51B07B
720575941530093496,76001336827112191,DNpe014,descending,DNpe014,right,1.5686084126700486,16.464684333646854,DN_01,#F7BA3C
720575941654021081,76425954473493052,AN05B046,ascending,AN05B046,right,-14.558444192482082,-50.22812381759827,AN_08,#298ABB
720575941590551592,76353180480370886,DNg107,descending,DNg107,right,16.059219191001805,-3.8078989125842257,DN_06,#E42E2E
720575941585929350,75512947773964205,AN08B023_T3,ascending,AN08B023,right,-11.58680742032632,-12.860779915010372,AN_18,#51B07B
720575941645213048,75999481266724688,DNpe033,descending,DNpe033,right,-16.419692208839503,4.380309905851443,DN_13,#6A2978
720575941435430542,76212443059287662,DNg42,descending,DNg42,right,15.250822851585301,29.053387489164432,DN_02,#EC9832
720575941506550693,76142074248150340,ANXXX985,ascending,ANXXX985,right,-18.236527612281886,-3.8874434568041965,AN_15,#48A9D9
720575941603880182,76212442992069428,AN09B035_T3,ascending,AN09B035,right,-17.37107198484048,-15.98405281082336,AN_17,#8B3A9C
720575941440937301,76075829142619822,AN09B018_b,ascending,AN09B018_b,left,-15.036646058631984,-7.294717464601438,AN_14,#BFB09A
720575941572719006,76001336759865359,DNp67,descending,DNp67,left,0.37035029582873236,-8.124277744447628,DN_18,#51B07B
720575941588619148,76142074248004749,AN05B052,ascending,AN05B052,left,-23.742642571998683,-29.126258049165646,AN_14,#BFB09A
720575941455733555,76282811736651627,AN07B035_T1,ascending,AN07B035,right,-8.394142320228664,10.232346381986698,AN_07,#52AE4E
720575941613036717,75930968083088098,DNge030,descending,DNge030,right,8.459803888725194,18.802006568754276,DN_03,#947E6C
720575941545915836,76282811736409208,ANXXX255,ascending,ANXXX255,left,12.189263174461278,-5.0336696244830295,AN_06,#E42E2E
720575941608483914,75583935463526662,ANXXX116,ascending,ANXXX116,left,-14.637455155922023,-4.672462854539792,AN_15,#48A9D9
720575941499893154,76142074248538192,ANXXX150_A7,ascending,ANXXX150,right,-11.992904832435695,0.7876894138699371,AN_14,#BFB09A
720575941550933821,76353180547979937,DNge018,descending,DNge018,right,-0.05289190061196436,22.907059516752323,DN_03,#947E6C
720575941454882611,75930968015382072,AN19B022,ascending,AN19B022,left,-1.7229897285233413,2.1128688715344266,AN_18,#51B07B
720575941566180199,75930968082681196,DNge018,descending,DNge018,left,-0.05289190061196436,22.907059516752323,DN_03,#947E6C
720575941492968423,76282811736631831,DNp37,descending,DNp37,left,-4.178505113197414,-2.4717337228411838,DN_18,#51B07B
720575941667205553,76071705504366435,AN08B015,ascending,AN08B015,left,2.494373152183446,-16.191919479524532,AN_19,#4D9C3C
720575941574790664,76001336759819957,DNge078,descending,DNge078,left,-11.815001657081691,-47.082940254365845,DN_05,#FBCD5A
720575941503769650,76353180480560528,DNg52,descending,DNg52,left,3.009495804237279,0.9385647438412505,DN_18,#51B07B
720575941564504832,76353180480471807,DNge077,descending,DNge077,right,11.474516699241551,-5.5891625024432345,DN_06,#E42E2E
720575941562502445,76142074247971805,AN09B018_b,ascending,AN09B018_b,right,-15.036646058631984,-7.294717464601438,AN_14,#BFB09A
720575941444962474,76071705504208647,ANXXX132,ascending,ANXXX132,left,-2.101446559501735,6.488680209959109,AN_01,#F7BA3C
720575941442472539,76142074248379712,AN23B010,ascending,AN23B010,left,-16.48123471982583,-9.66597763076965,AN_14,#BFB09A
720575941553773959,76212442992665820,ANXXX132,ascending,ANXXX132,right,-2.101446559501735,6.488680209959109,AN_01,#F7BA3C
720575941518222739,76636923334743357,AN05B056,ascending,AN05B056,left,-15.137427499366847,-22.82937351242248,AN_08,#298ABB
720575941565392482,76282811736508647,DNge174,descending,DNge174,left,14.72575647585288,-3.7126158811206027,DN_06,#E42E2E
720575941645080481,76142074315437312,DNge137,descending,DNge137,left,-7.821116616798488,-1.2265576459521454,DN_14,#BFB09A
720575941530295013,75930968082991019,DNge086,descending,DNge086,left,-1.7447742725144302,16.9639080427533,DN_03,#947E6C
720575941569479930,76142074247791132,AN05B058,ascending,AN05B058,left,-15.003123452735988,-48.55209842697327,AN_08,#298ABB
720575941628262969,76212442992735983,DNge096,descending,DNge096,right,19.029917547630223,-11.086809311067501,DN_06,#E42E2E
720575941547426484,76142074248136910,ANXXX985,ascending,ANXXX985,left,-18.236527612281886,-3.8874434568041965,AN_15,#48A9D9
720575941593505387,76353180548025849,DNge086,descending,DNge086,right,-1.7447742725144302,16.9639080427533,DN_03,#947E6C
720575941472609632,76071705504279387,AN07B035_T3,ascending,AN07B035,left,-5.387141397071925,5.609477367246707,AN_06,#E42E2E
720575941595910257,76212442924893187,AN09B032_T3,ascending,AN09B032,right,-18.727839639259425,-10.448303375398556,AN_15,#48A9D9
720575941666660595,76001336827001936,DNpe014,descending,DNpe014,right,1.5686084126700486,16.464684333646854,DN_01,#F7BA3C
720575941448026388,76071705503792878,AN17B016,ascending,AN17B016,right,7.971397707389745,-41.234517250215454,AN_09,#D24A2C
720575941492358350,76212442924869126,AN05B040,ascending,AN05B040,right,-14.477094819618312,-49.55498996750061,AN_08,#298ABB
720575941417243164,76142074315206462,DNpe046,descending,DNpe046,right,-9.203597238136378,-0.495060566818158,DN_14,#BFB09A
720575941479284960,76212442992315401,AN10B022_T2,ascending,AN10B022,right,13.664433309959325,-47.2748729325885,AN_10,#695B52
720575941401783587,76142074180767691,ANXXX196,ascending,ANXXX196,left,-16.352616479469386,-6.716087017213742,AN_15,#48A9D9
720575941507062807,76001336759698938,DNg19,descending,DNg19,left,10.00556547396079,-2.667043481027524,DN_06,#E42E2E
720575941537784189,76142074247923691,AN09B040_T2,ascending,AN09B040,left,-16.308657815528957,-3.114500198518674,AN_17,#8B3A9C
720575941495736448,76071705503809762,AN17B013_A1,ascending,AN17B013,NA,-19.358906915260402,-34.51496234909241,AN_09,#D24A2C
720575941524167755,76071705570979167,DNpe047,descending,DNpe047,left,-12.212207009864894,1.2517884634381133,DN_14,#BFB09A
720575941534129330,75506693698000538,DNx01,sensory_descending,DNx01,NA,NA,NA,NA,NA
720575941623162108,76071705504108259,AN08B022_T1,ascending,AN08B022,right,2.7807863449324692,-4.378186617051999,AN_06,#E42E2E
720575941480780451,75930968015349873,DNg50,descending,DNg50,left,-6.551119020057765,2.63459381088074,DN_14,#BFB09A
720575941472839488,76071705504287493,DNge096,descending,DNge096,left,19.029917547630223,-11.086809311067501,DN_06,#E42E2E
720575941574689437,76282811736400671,ANXXX145_T1,ascending,ANXXX145,right,4.476904461311253,-3.250389967119138,AN_07,#52AE4E
720575941481059663,76071705503916565,AN05B052,ascending,AN05B052,left,-23.742642571998683,-29.126258049165646,AN_14,#BFB09A
720575941633187488,76212443059285019,AN06A015,ascending,AN06A015,right,15.382410833763036,-0.4479254819506806,AN_06,#E42E2E
720575941519866840,75930968015378286,DNg76,descending,DNg76,left,2.3443159555663193,12.475903358305057,DN_03,#947E6C
720575941439600684,76282811736373329,AN10B020_T1,ascending,AN10B020,right,13.21281702272788,-47.6220409013385,AN_10,#695B52
720575941415497617,76353180548095777,AN11B008,ascending,AN11B008,left,8.988844702171239,39.42041286453064,AN_03,#947E6C
720575941612321382,76142074315344548,DNa07,descending,DNa07,left,14.480471441673192,23.938401069486698,DN_02,#EC9832
720575941688250998,76282811736561840,DNg47,descending,DNg47,right,15.64619047396079,-3.4611641503924533,DN_06,#E42E2E
720575941394131094,75930968015648191,DNg26,descending,DNg26,left,-8.79255693204507,4.610514488065799,DN_14,#BFB09A
720575941523099127,76001336827377850,DNg05_a,descending,DNg05_a,right,16.422829458640965,24.562008704984745,DN_03,#947E6C
720575941567010930,76917985725519649,AN04B051,ascending,AN04B051,left,-3.726908853126613,-6.644464645540158,AN_18,#51B07B
720575941597533993,76282811804053529,ANXXX191,ascending,ANXXX191,left,29.813523123191747,-2.536338362848203,AN_06,#E42E2E
720575941624831228,75930968015431328,DNg17,descending,DNg17,left,31.291203329490575,-7.920913849031369,DN_18,#51B07B
720575941471805963,76212443059075448,DNg51,descending,DNg51,right,7.374078104423436,22.741133537138065,DN_01,#F7BA3C
720575941555674340,76001336760082199,DNg41,descending,DNg41,left,-4.025518109870998,17.4502361677533,DN_03,#947E6C
720575941535975617,76353180480415285,ANXXX049_T2,ascending,ANXXX049,right,16.762074301170262,0.14703949912842096,AN_06,#E42E2E
720575941491649511,76071636784720721,AN04B023_T3,ascending,AN04B023,right,-3.14337103612527,7.895032729948123,AN_01,#F7BA3C
720575941519459950,75930968015359936,AN19B044,ascending,AN19B044,left,-7.257272412849513,30.755884971464237,AN_03,#947E6C
720575941573499464,76071705504208682,AN08B049,ascending,AN08B049,left,-13.972496202064601,-16.36297813430969,AN_19,#4D9C3C
720575941516601690,76142074315177984,DNpe047,descending,DNpe047,right,-12.212207009864894,1.2517884634381133,DN_14,#BFB09A
720575941477889310,76001336759734707,AN12B019_T3,ascending,AN12B019,left,5.101915190147313,-1.8196091987246674,AN_07,#52AE4E
720575941405745776,76282811736705488,DNg106,descending,DNg106,left,30.339062521385106,23.378355827177128,DN_01,#F7BA3C
720575941688560367,76142074315150073,DNpe034,descending,DNpe034,left,-12.096409013343898,1.5601120851879913,DN_14,#BFB09A
720575941576254134,76353180480432220,DNge080,descending,DNge080,right,16.639162847923192,-7.246100578462522,DN_06,#E42E2E
720575941515726691,76353180548103557,DNge028,descending,DNge028,left,34.20710260622397,-7.424840603029172,DN_05,#FBCD5A
720575941477099313,76282811736550101,DNge076,descending,DNge076,right,34.42367822878256,-9.6518146134967,DN_18,#51B07B
720575941620053375,76282811736193479,AN17B008_A2,ascending,AN17B008,left,-20.312110116554347,-36.3532420732135,AN_09,#D24A2C
720575941533543402,76282811736373319,AN10B022_T1,ascending,AN10B022,right,11.925089666770848,-46.1976138688678,AN_10,#695B52
720575941436526815,76071705504172292,AN08B049,ascending,AN08B049,left,-13.972496202064601,-16.36297813430969,AN_19,#4D9C3C
720575941562512018,76142074180693302,AN09B033_A5,ascending,AN09B033,right,-20.481488397193996,-5.406861457979123,AN_15,#48A9D9
720575941515074883,76212443059370893,DNp39,descending,DNp39,left,7.449882337974461,-4.042767439042966,DN_06,#E42E2E
720575941703186394,76212442991966446,AN05B047,ascending,AN05B047,right,-15.09304635770425,-43.372891578828735,AN_08,#298ABB
720575941618370517,76353180480540079,DNg50,descending,DNg50,right,-6.551119020057765,2.63459381088074,DN_14,#BFB09A
720575941656315353,76142074247938950,AN09B030_T1,ascending,AN09B030,left,-15.681372811866847,-17.639136467134396,AN_17,#8B3A9C
720575941439941164,76212442992176015,AN09B036,ascending,AN09B036,right,-13.732771089149562,-20.61570278183166,AN_17,#8B3A9C
720575941565348103,75930968083033870,AN02A017,ascending,AN02A017,right,-3.2240161205063735,31.95076641067322,AN_01,#F7BA3C
720575941511556112,76142074248188811,AN17A062_T1,ascending,AN17A062,right,-18.787280252052394,-6.009407196199338,AN_15,#48A9D9
720575941518824620,76071705504350349,AN10B024_T3,ascending,AN10B024,left,6.03254825823203,-1.8757621385211152,AN_07,#52AE4E
720575941556231652,76216223033759243,AN05B060,ascending,AN05B060,right,-10.471215417457667,-17.924609337007443,AN_18,#51B07B
720575941487480838,76071705571067640,DNae006,descending,DNae006,right,9.941847631858739,28.339394416654667,DN_02,#EC9832
720575941561868544,76071705504071340,AN10B027_T1,ascending,AN10B027,left,8.943898031639012,-49.45600620285217,AN_10,#695B52
720575941612593069,76212442992677904,AN07B037,ascending,AN07B037,right,-7.437617471290675,12.874095764005741,AN_01,#F7BA3C
720575941427950676,76282811736619898,AN07B036,ascending,AN07B036,right,-4.6561495567093765,7.748640861356814,AN_01,#F7BA3C
720575941663701884,76423549291693379,DNg61,descending,DNg61,left,19.964922735618504,-10.780589256441036,DN_06,#E42E2E
720575941688806412,75930968082903265,DNg58,descending,DNg58,right,6.045442888664159,14.03249534591492,DN_03,#947E6C
720575941643467877,76212442992106393,AN05B071,ascending,AN05B071,right,-11.690634896827785,-46.539124641572876,AN_18,#51B07B
720575941458782704,76142074314986527,ANXXX084_A3,ascending,ANXXX084,right,-10.462556054664699,-7.859484348451535,AN_18,#51B07B
720575941433031182,76071705436510595,DNge102,descending,DNge102,right,-10.27122133023843,-22.41860500351135,DN_16,#77C8F2
720575941689960054,76283567650491495,ANXXX470,ascending,ANXXX470,right,-11.194455316139308,-1.8771911598796052,AN_15,#48A9D9
720575941585234910,75930968015551665,AN19B044,ascending,AN19B044,left,-7.257272412849513,30.755884971464237,AN_03,#947E6C
720575941561334061,76001336759598094,ANXXX200_T2,ascending,ANXXX200,left,8.405667135642918,39.953917350614624,AN_03,#947E6C
720575941626447754,76282811736173414,AN05B044,ascending,AN05B044,left,2.7214496826399888,-3.7792846299761935,AN_07,#52AE4E
720575941486700354,76142074248268526,ANXXX433,ascending,ANXXX433,left,-16.289731195045558,-2.5183028318041965,AN_15,#48A9D9
720575941573267784,75930968083177278,ANXXX191,ascending,ANXXX191,right,29.813523123191747,-2.536338362848203,AN_06,#E42E2E
720575941515591523,76142074248474835,ANXXX084_A2,ascending,ANXXX084,left,-10.182438066078273,-8.07383838669006,AN_18,#51B07B
720575941533354469,76142074315395713,ANXXX202_c_A1,ascending,ANXXX202_c,right,-16.63455503232583,6.324237193906863,AN_13,#6A2978
720575941493947006,76353180480480297,DNg46,descending,DNg46,right,-16.058575799537746,31.515620078886112,DN_03,#947E6C
720575941556420516,76212442992721296,AN10B024_T2,ascending,AN10B024,right,7.292083570884618,-1.6207574941271943,AN_07,#52AE4E
720575941521340087,76212443059630191,DNpe019,descending,DNpe019,left,15.859970877097997,28.758019294584354,DN_02,#EC9832
720575941690766555,76071705504158257,DNge120,descending,DNge120,left,-2.871168782783595,-10.300267372285763,DN_19,#4D9C3C
720575941605509054,76142074315489970,AN27X017_T3,ascending,AN27X017,right,-16.687833001686183,4.032492008054812,AN_13,#6A2978
720575941516816739,76142074180722914,AN09B018_a,ascending,AN09B018_a,left,-14.706403901649562,-8.248660717164913,AN_14,#BFB09A
720575941430452750,76142074315197654,ANXXX169_A5,ascending,ANXXX169,right,-20.441670587135402,3.7252462767010526,AN_14,#BFB09A
720575941474054496,76001336759587689,AN01B011_T2,ascending,AN01B011,right,1.392502257751378,-3.90603962913696,AN_07,#52AE4E
720575941652815857,76071705504345017,DNb03,descending,DNb03,right,-4.643600633216945,17.423926200712284,DN_03,#947E6C
720575941507079703,76001336759792672,DNge064,descending,DNge064,right,5.809844801353368,3.582763042295535,DN_18,#51B07B
720575941514399441,76212442924890879,DNg20,descending,DNg20,right,-16.75385778195962,-48.92685428634827,DN_08,#298ABB
720575941633911227,76282811803526433,DNpe004,descending,DNpe004,left,-9.836496522499171,37.56044658645447,DN_03,#947E6C
720575941562443362,76001336759633949,AN10B020_T3,ascending,AN10B020,left,13.828266928123387,-47.90128818527405,AN_10,#695B52
720575941589256260,76282811870542819,AN02A017,ascending,AN02A017,right,-3.2240161205063735,31.95076641067322,AN_01,#F7BA3C
720575941618730879,76071705571542660,AN19A018_b,ascending,AN19A018_b,right,-8.895405938697902,-6.955607566987912,AN_18,#51B07B
720575941531735269,76353180480734788,DNg72,descending,DNg72,right,18.872780630515965,-10.39575115219299,DN_06,#E42E2E
720575941655664596,76425954540795103,AN17B013_T3,ascending,AN17B013,right,-19.191844155860988,-34.46153369919006,AN_09,#D24A2C
720575941454918707,76142074180728465,AN09B032_T1,ascending,AN09B032,left,-19.075808694435207,-10.895213279878536,AN_15,#48A9D9
720575941523985410,76212442992140792,AN05B052,ascending,AN05B052,right,-23.742642571998683,-29.126258049165646,AN_14,#BFB09A
720575941436671711,76071705503750401,AN05B068,ascending,AN05B068,left,-14.753157785011378,-25.82221141830627,AN_08,#298ABB
720575941535097578,75930968082706850,DNge012,descending,DNge012,right,33.59157831423178,-8.13759103790466,DN_05,#FBCD5A
720575941586099334,75930968015427307,DNge012,descending,DNge012,right,33.59157831423178,-8.13759103790466,DN_05,#FBCD5A
720575941481103523,76212443059417219,DNpe019,descending,DNpe019,left,15.859970877097997,28.758019294584354,DN_02,#EC9832
720575941484535482,76001336759650044,DNg64,descending,DNg64,right,13.210149595664891,-0.2955389358157319,DN_06,#E42E2E
720575941516357881,76212443059648471,DNpe014,descending,DNpe014,left,1.5686084126700486,16.464684333646854,DN_01,#F7BA3C
720575941630080038,76142074247792468,AN05B046,ascending,AN05B046,left,-14.558444192482082,-50.22812381759827,AN_08,#298ABB
720575941596094757,76071705503882901,DNg67,descending,DNg67,left,-12.443040063453761,-2.519757423555295,DN_15,#48A9D9
720575941470254400,76212443059295890,DNa08,descending,DNa08,left,-3.747287919593898,5.42042669280823,DN_18,#51B07B
720575941477326900,76353180480444202,DNg19,descending,DNg19,right,10.00556547396079,-2.667043481027524,DN_06,#E42E2E
720575941433654048,76001336827320244,DNge175,descending,DNge175,right,18.150095770286473,26.485537376249393,DN_02,#EC9832
720575941588160580,76001336759716790,AN10B022_T3,ascending,AN10B022,left,12.230115721153172,-46.50562778488342,AN_10,#695B52
720575941451871559,76282811870539750,AN14B012,ascending,AN14B012,right,-2.4098567271958267,-1.736924741422574,AN_06,#E42E2E
720575941579749365,76071705570723268,AN06A015,ascending,AN06A015,left,15.382410833763036,-0.4479254819506806,AN_06,#E42E2E
720575941575725928,76071705504062844,DNge130,descending,DNge130,left,-6.780843904090968,-13.57868686691467,DN_16,#77C8F2
720575941450220637,76212442992279061,AN17A062_T2,ascending,AN17A062,left,-18.802649667335597,-6.280717048799436,AN_15,#48A9D9
720575941447921940,76282811736651635,AN06B015_b,ascending,AN06B015_b,right,16.326157400535497,1.6578789614086944,AN_06,#E42E2E
720575941505767970,76071705436567088,DNg20,descending,DNg20,left,-16.75385778195962,-48.92685428634827,DN_08,#298ABB
720575941462378692,76071705571006517,DNpe044,descending,DNpe044,left,-12.030297448707667,1.5838242433911163,DN_14,#BFB09A
720575941535852522,76142074248522052,AN06B039_T3,ascending,AN06B039,left,-5.667834451271144,-7.8242909051531955,AN_18,#51B07B
720575941574320905,76356754564898613,AN07B036,ascending,AN07B036,left,-4.6561495567093765,7.748640861356814,AN_01,#F7BA3C
720575941530892984,76071705503843228,720575941530892984,ascending,AN05B050,left,-10.074934175087062,-17.641328010713497,AN_18,#51B07B
720575941524210763,76001336759763910,DNg47,descending,DNg47,left,15.64619047396079,-3.4611641503924533,DN_06,#E42E2E
720575941539051669,75930968083002639,AN11B008,ascending,AN11B008,right,8.988844702171239,39.42041286453064,AN_03,#947E6C
720575941629604153,76353180547902124,DNge044,descending,DNge044,left,33.59665567629233,-8.438128624116818,DN_05,#FBCD5A
720575941596205425,76282811736688579,DNg106,descending,DNg106,left,30.339062521385106,23.378355827177128,DN_01,#F7BA3C
720575941595515941,76212442992132670,ANXXX296,ascending,ANXXX296,right,-17.994343926979152,-6.942599449312131,AN_15,#48A9D9
720575941583263710,76282811803806406,AN06A026_T3,ascending,AN06A026,right,-3.0214781070481216,35.770872917020874,AN_03,#947E6C
720575941481010511,76282811736400656,AN10B027_T2,ascending,AN10B027,right,9.349048445152196,-49.47557559982483,AN_10,#695B52
720575941614012892,76212442992660015,DNg64,descending,DNg64,left,13.210149595664891,-0.2955389358157319,DN_06,#E42E2E
720575941441234111,76353180480605526,AN19B009_T2,ascending,AN19B009,right,-2.1426777148972427,-1.930567238485257,AN_07,#52AE4E
720575941669324019,76071705504454979,DNg42,descending,DNg42,left,15.250822851585301,29.053387489164432,DN_02,#EC9832
720575941508518785,76212442992218581,AN05B050,ascending,AN05B050,right,-9.902365853859035,-16.623362693941036,AN_18,#51B07B
720575941565351943,75372691724720232,ANXXX169_A3,ascending,ANXXX169,right,-20.58888547666177,3.55803712829407,AN_14,#BFB09A
720575941565091847,76071705504163834,DNge147,descending,DNge147,right,10.55286772005454,-2.115149054681699,DN_06,#E42E2E
720575941614011868,76212442992680897,AN07B037,ascending,AN07B037,right,-7.437617471290675,12.874095764005741,AN_01,#F7BA3C
720575941504674754,76071705504383628,AN10B024_T2,ascending,AN10B024,left,7.292083570884618,-1.6207574941271943,AN_07,#52AE4E
720575941585004127,75930968083033852,AN19A018_a,ascending,AN19A018_a,right,-16.20352475888833,-47.35274616256897,AN_08,#298ABB
720575941588689548,76146060447902973,ANXXX313,ascending,ANXXX313,right,-20.77679364926919,-6.065018806611936,AN_15,#48A9D9
720575941611963309,76071705503773500,AN05B063_T2,ascending,AN05B063,left,-21.913163354469386,-27.649998817598263,AN_14,#BFB09A
720575941581721977,76212442992558882,DNg21,descending,DNg21,right,34.713793585227876,-7.63757244125549,DN_05,#FBCD5A
720575941650178289,76212442992594241,DNg45,descending,DNg45,right,-0.9044219756852065,-6.7693382836932345,DN_18,#51B07B
720575941527740418,76142074315525116,AN09A005,ascending,AN09A005,right,-6.257703473640529,1.629510726774295,AN_12,#B56FCC
720575941506310821,76282811804015652,DNge016,descending,DNge016,left,20.13039285890952,23.0395859144574,DN_02,#EC9832
720575941599326505,76071705570720489,AN06B051,ascending,AN06B051,left,-8.42149751432046,42.65285762771423,AN_04,#FE4545
720575941487488821,76071705503998337,AN10B019_T2,ascending,AN10B019,left,11.503822157310399,-43.59330478683655,AN_10,#695B52
720575941564421015,76071705571027631,ANXXX202_b_A4,ascending,ANXXX202_b,left,-16.209088494850246,5.814482059324344,AN_13,#6A2978
720575941561414034,76142074248540822,ANXXX308,ascending,ANXXX308,left,-22.943827798439113,8.16415103896912,AN_13,#6A2978
720575941657558296,76001336827333068,AN14B012,ascending,AN14B012,left,-2.4098567271958267,-1.736924741422574,AN_06,#E42E2E
720575941462375876,76212442992215732,AN09B035_T2,ascending,AN09B035,right,-16.20850103147134,-16.750138435518185,AN_17,#8B3A9C
720575941512764515,76282811736438307,AN10B019,ascending,AN10B019,right,11.732027838157567,-43.75418582931702,AN_10,#695B52
720575941657721624,76142074180698992,AN09B033_A4,ascending,AN09B033,right,-20.699092080665675,-5.828787956392209,AN_15,#48A9D9
720575941552643841,76212442992212808,AN05B050,ascending,AN05B050,right,-9.902365853859035,-16.623362693941036,AN_18,#51B07B
720575941430003960,76282811736364762,AN10B020_T3,ascending,AN10B020,right,13.828266928123387,-47.90128818527405,AN_10,#695B52
720575941505566814,76282811736352713,AN10B027_T1,ascending,AN10B027,right,8.943898031639012,-49.45600620285217,AN_10,#695B52
720575941634316731,76071705504131071,AN10B029_T1,ascending,AN10B029,left,12.839177915977391,-48.18146244064514,AN_10,#695B52
720575941547659964,76212442992617493,DNge096,descending,DNge096,right,19.029917547630223,-11.086809311067501,DN_06,#E42E2E
720575941498832763,76353180547633401,AN19B022,ascending,AN19B022,right,-1.7229897285233413,2.1128688715344266,AN_18,#51B07B
720575941513203665,76001336826809789,DNp41,descending,DNp41,right,2.179135034011754,19.91674884780701,DN_07,#52AE4E
720575941690964888,76212443059580409,DNpe014,descending,DNpe014,left,1.5686084126700486,16.464684333646854,DN_01,#F7BA3C
720575941560266152,76353180480635939,AN19B044,ascending,AN19B044,right,-7.257272412849513,30.755884971464237,AN_03,#947E6C
720575941484195514,76142074315233590,DNp24,descending,DNp24,left,-8.206391503883449,-1.3749099709147614,DN_14,#BFB09A
720575941457859231,76142074180726534,ANXXX313,ascending,ANXXX313,left,-20.77679364926919,-6.065018806611936,AN_15,#48A9D9
720575941515579747,76353180548067548,DNge060,descending,DNge060,left,13.783247778343114,-3.6163987256640597,DN_15,#48A9D9
720575941626282634,76353180480595098,DNge034,descending,DNge034,right,11.428335974143895,0.669938292348941,DN_06,#E42E2E
720575941471079264,76282811736444249,AN10B019_T2,ascending,AN10B019,right,11.503822157310399,-43.59330478683655,AN_10,#695B52
720575941532803160,75930968082718044,DNge144,descending,DNge144,right,3.2620015835036362,-0.5529324449652833,DN_18,#51B07B
720575941617767893,76212443126186591,AN19A018_b,ascending,AN19A018_b,left,-8.895405938697902,-6.955607566987912,AN_18,#51B07B
720575941511836944,76282811736547331,AN04B023_T1,ascending,AN04B023,left,-3.2903587127457534,8.003937568510135,AN_01,#F7BA3C
720575941535118314,76075760490030610,ANXXX202_b_A5,ascending,ANXXX202_b,left,-15.87473409421548,6.120355453336795,AN_13,#6A2978
720575941549936957,76212443059197518,AN06A017,ascending,AN06A017,right,3.4452458118666733,33.32869609817322,AN_03,#947E6C
720575941507181079,76142074248080988,AN17A062_T3,ascending,AN17A062,right,-18.750693490577785,-6.646724376832883,AN_15,#48A9D9
720575941483099590,76071705571017136,ANXXX254,ascending,ANXXX254,right,-8.042987992836085,-6.463412437593381,AN_18,#51B07B
720575941565122055,76071705503824318,AN05B045,ascending,AN05B045,left,-18.342614343238917,-28.222735557710568,AN_14,#BFB09A
720575941544501533,76212442992082914,AN05B054,ascending,AN05B054,right,-16.806655099464503,-49.1427928544635,AN_08,#298ABB
720575941652552433,76212443059640682,ANXXX171,ascending,ANXXX171,left,-19.29829709775552,34.83634838088806,AN_03,#947E6C
720575941556531201,76142074315543698,AN27X013_T1,ascending,AN27X013,left,-51.395833184791655,-7.119216118013303,AN_12,#B56FCC
720575941690788827,76001336759650023,DNge058,descending,DNge058,left,12.79084093325034,-2.791456256067197,DN_06,#E42E2E
720575941562059176,76001336827333067,DNg82,descending,DNg82,right,15.914706060813817,27.144074287260135,DN_02,#EC9832
720575941536048321,76282811736494246,DNge078,descending,DNge078,right,-11.815001657081691,-47.082940254365845,DN_05,#FBCD5A
720575941481381117,76001336759778354,DNg45,descending,DNg45,left,-0.9044219756852065,-6.7693382836932345,DN_18,#51B07B
720575941573054646,76282811736494253,AN26X004,ascending,AN26X004,right,6.904839823173436,0.39086112006958307,AN_06,#E42E2E
720575941353771056,75930968015330851,DNge100,descending,DNge100,left,19.925173590110692,-10.769902382051388,DN_06,#E42E2E
720575941449547101,76001336759560239,ANXXX218,ascending,ANXXX218,left,12.078901121543797,-3.8631893731707736,AN_06,#E42E2E
720575941633109664,76282811736631795,AN07B045,ascending,AN07B045,right,-1.3656166101227676,4.76079067214783,AN_18,#51B07B
720575941439093333,76212442992175999,AN05B050,ascending,AN05B050,right,-9.902365853859035,-16.623362693941036,AN_18,#51B07B
720575941472329568,76142074248624925,ANXXX308,ascending,ANXXX308,left,-22.943827798439113,8.16415103896912,AN_13,#6A2978
720575941580594677,76001336759547666,AN12B017_T3,ascending,AN12B017,left,8.623328993247899,0.20468505843933404,AN_06,#E42E2E
720575941590387084,75654097982492416,ANXXX976,ascending,ANXXX976,right,-5.373547723365871,-2.996897373353879,AN_18,#51B07B
720575941591832360,76142074315565777,ANXXX090,ascending,ANXXX090,right,-51.447854211402984,-6.959164772188108,AN_12,#B56FCC
720575941668758449,76353180548122734,AN11B012,ascending,AN11B012,left,7.681889841483983,39.35368999465759,AN_03,#947E6C
720575941572407710,76353180547868495,DNge005,descending,DNge005,right,-9.422034432960597,3.2680056951886014,DN_14,#BFB09A
720575941505558085,76071705436514349,AN05B044,ascending,AN05B044,right,2.7214496826399888,-3.7792846299761935,AN_07,#52AE4E
720575941658893648,76001336760218691,AN06A026_T3,ascending,AN06A026,left,-3.0214781070481216,35.770872917020874,AN_03,#947E6C
720575941440415455,76142074315281503,AN06B012,ascending,AN06B012,right,15.996228048728856,1.1575053594952422,AN_06,#E42E2E
720575941514787907,76282811736447264,DNge068,descending,DNge068,left,11.894190618919286,-0.9718807237276834,DN_06,#E42E2E
720575941689415692,76071705570944212,DNa07,descending,DNa07,right,14.480471441673192,23.938401069486698,DN_02,#EC9832
720575941408800047,76001336759567747,AN01B011_T3,ascending,AN01B011,right,1.0765504037608231,-3.6891028024310275,AN_07,#52AE4E
720575941402551331,76212442992759346,DNb03,descending,DNb03,left,-4.643600633216945,17.423926200712284,DN_03,#947E6C
720575941613469916,76001336760012840,AN06B015_b,ascending,AN06B015_b,left,16.326157400535497,1.6578789614086944,AN_06,#E42E2E
720575941564030055,76071705504404295,AN06B068,ascending,AN06B068,left,-20.851691415382472,23.96369823440369,AN_03,#947E6C
720575941559494415,76282811736373330,AN01B011_T3,ascending,AN01B011,left,1.0765504037608231,-3.6891028024310275,AN_07,#52AE4E
720575941605515966,76071705503857265,AN17A047,ascending,AN17A047,right,-14.768295457435695,-44.90799823776428,AN_08,#298ABB
720575941624487882,76282811736406400,AN10B027_T3,ascending,AN10B027,right,9.040642568992528,-49.463380012666626,AN_10,#695B52
720575941525217892,76142074247906717,AN09B037_A5,ascending,AN09B037,left,-17.16105573423013,4.304915275419314,AN_13,#6A2978
720575941436034702,76142074315296327,ANXXX202_b_A3,ascending,ANXXX202_b,right,-15.932397058082667,5.849860515440066,AN_13,#6A2978
720575941580685689,76353180480497881,AN19B042,ascending,AN19B042,right,5.82805664293662,-9.74372306839172,AN_06,#E42E2E
720575941556877796,76142074248391388,AN08B066,ascending,AN08B066,right,-13.695324113441554,-18.597436103975216,AN_17,#8B3A9C
720575941630522850,76282811736505721,DNge069,descending,DNge069,left,16.216509649681004,-5.082013282930295,DN_06,#E42E2E
720575941496731042,76353180480574061,DNg72,descending,DNg72,right,18.872780630515965,-10.39575115219299,DN_06,#E42E2E
720575941644058706,76142074315111629,DNpe044,descending,DNpe044,right,-12.030297448707667,1.5838242433911163,DN_14,#BFB09A
720575941574949627,76425885753999838,720575941574949627,ascending,AN05B056,right,-15.08336560971841,-22.622805748140255,AN_17,#8B3A9C
720575941573620744,76212442992744826,DNx02,sensory_descending,DNx02,left,NA,NA,NA,NA
720575941587467486,76001336760308752,DNge145,descending,DNge145,left,31.99502451174155,19.55348094924744,DN_01,#F7BA3C
720575941653259025,76142074247909181,ANXXX296,ascending,ANXXX296,left,-17.994343926979152,-6.942599449312131,AN_15,#48A9D9
720575941591932414,76071705504248176,DNg106,descending,DNg106,right,30.339062521385106,23.378355827177128,DN_01,#F7BA3C
720575941477298996,76423549291605276,DNge144,descending,DNge144,left,3.2620015835036362,-0.5529324449652833,DN_18,#51B07B
720575941552602686,76142074315327330,ANXXX254,ascending,ANXXX254,left,-8.042987992836085,-6.463412437593381,AN_18,#51B07B
720575941477743646,76282811803344396,AN04B023_T3,ascending,AN04B023,left,-3.14337103612527,7.895032729948123,AN_01,#F7BA3C
720575941563391383,76282811804012816,DNg82,descending,DNg82,left,15.914706060813817,27.144074287260135,DN_02,#EC9832
720575941569373178,76145579209740949,ANXXX171,ascending,ANXXX171,right,-19.29829709775552,34.83634838088806,AN_03,#947E6C
720575941610664621,76142074247938893,AN09B033_A8,ascending,AN09B033,right,-18.68832700498208,-4.458316240465085,AN_15,#48A9D9
720575941527343106,76071705503736337,AN05B069,ascending,AN05B069,left,-15.915175607277003,-45.69455829635803,AN_08,#298ABB
720575941440354645,76565935980860150,AN08B049,ascending,AN08B049,right,-13.972496202064601,-16.36297813430969,AN_19,#4D9C3C
720575941503788779,76142074248405432,AN08B086,ascending,AN08B086,right,-14.036604096962062,-15.912573967134396,AN_18,#51B07B
720575941514111564,75930968015527043,DNg72,descending,DNg72,left,18.872780630515965,-10.39575115219299,DN_06,#E42E2E
720575941641370962,76282811736400662,AN01B011_T2,ascending,AN01B011,left,1.392502257751378,-3.90603962913696,AN_07,#52AE4E
720575941509266014,76001336759647269,ANXXX120_A6,ascending,ANXXX120,left,13.097693273948583,-48.42532840744202,AN_10,#695B52
720575941516786579,76071705436538371,AN09B036,ascending,AN09B036,left,-13.732771089149562,-20.61570278183166,AN_17,#8B3A9C
720575941602854841,76001336692331874,DNge081,descending,DNge081,right,6.668482134269627,-0.2990553714389008,DN_06,#E42E2E
720575941412626799,75930968015563513,ANXXX214,ascending,ANXXX214,left,-7.851607492042628,1.5350390337353546,AN_06,#E42E2E
720575941552589055,76071705503857251,AN09B029_a,ascending,AN09B029_a,left,-8.694079568458644,-19.176732216035763,AN_16,#77C8F2
720575941504683570,76212443126333393,AN19A018_a,ascending,AN19A018_a,left,-16.20352475888833,-47.35274616256897,AN_08,#298ABB
720575941474665514,76282811736719453,DNg106,descending,DNg106,left,30.339062521385106,23.378355827177128,DN_01,#F7BA3C
720575941540261581,76142074248427948,AN17A073,ascending,AN17A073,right,-5.268168618751613,-16.97754589096252,AN_19,#4D9C3C
720575941577426265,75930968082811131,AN11B012,ascending,AN11B012,right,7.681889841483983,39.35368999465759,AN_03,#947E6C
720575941631315616,76212442992671937,DNge128,descending,DNge128,left,14.046195814536961,-5.8408571817034884,DN_06,#E42E2E
720575941516185859,76142074247979930,AN09B040_T1,ascending,AN09B040,left,-16.70892827756509,-16.730389747774044,AN_17,#8B3A9C
720575941543038237,76212442992209947,AN17A068,ascending,AN17A068,right,-11.277548959327785,-13.920158538972775,AN_08,#298ABB
720575941514057283,76142074180721177,AN09B033_A8,ascending,AN09B033,left,-18.68832700498208,-4.458316240465085,AN_15,#48A9D9
720575941556296019,76142074315221538,ANXXX202_b_A4,ascending,ANXXX202_b,right,-16.209088494850246,5.814482059324344,AN_13,#6A2978
720575941536070170,76212443059859066,AN02A025,ascending,AN02A025,left,13.840674230979833,1.8727017305737335,AN_06,#E42E2E
720575941549506932,76071705504292900,DNb03,descending,DNb03,right,-4.643600633216945,17.423926200712284,DN_03,#947E6C
720575941691005080,76001336759911230,AN07B003,ascending,AN07B003,left,0.44039131157294165,3.716944541776736,AN_18,#51B07B
720575941435997984,76985193172359613,DNge034,descending,DNge034,left,11.428335974143895,0.669938292348941,DN_06,#E42E2E
720575941624214780,76212442992120885,AN05B068,ascending,AN05B068,right,-14.753157785011378,-25.82221141830627,AN_08,#298ABB
720575941399042851,76001336759552743,DNge077,descending,DNge077,left,11.474516699241551,-5.5891625024432345,DN_06,#E42E2E
720575941496927360,76142074315392762,ANXXX169_A4,ascending,ANXXX169,left,-20.450694253517238,3.7912910841351346,AN_14,#BFB09A
720575941627484454,76071705504425976,DNge145,descending,DNge145,left,31.99502451174155,19.55348094924744,DN_01,#F7BA3C
720575941527273316,76071705503848648,AN05B049,ascending,AN05B049,left,-14.572509934974757,-30.110470924531857,AN_14,#BFB09A
720575941619856767,75653891756695599,AN06B045,ascending,AN06B045,right,-6.893539121223537,41.56572994216736,AN_04,#FE4545
720575941575525992,76001336759647388,DNge068,descending,DNge068,right,11.894190618919286,-0.9718807237276834,DN_06,#E42E2E
720575941680648893,75930968082532930,DNge019,descending,DNge019,right,33.00564462892905,1.0847490690594512,DN_05,#FBCD5A
720575941667034355,76071705503750429,AN05B069,ascending,AN05B069,left,-15.915175607277003,-45.69455829635803,AN_08,#298ABB
720575941503528171,76001336827409361,DNg02_h,descending,DNg02_h,right,13.808390448020848,19.685889091337284,DN_01,#F7BA3C
720575941489759177,76212442992192765,AN17A068,ascending,AN17A068,right,-11.277548959327785,-13.920158538972775,AN_08,#298ABB
720575941408634671,76212443059368072,ANXXX318,ascending,ANXXX318,right,13.914396116660985,0.4508740566616851,AN_06,#E42E2E
720575941491584743,76282811736453317,ANXXX200_T2,ascending,ANXXX200,right,8.405667135642918,39.953917350614624,AN_03,#947E6C
720575941537417341,76001336759650009,AN26X004,ascending,AN26X004,left,6.904839823173436,0.39086112006958307,AN_06,#E42E2E
720575941703146458,76071705503795718,AN05B078,ascending,AN05B078,left,-18.105611016822902,-28.405600700532833,AN_17,#8B3A9C
720575941469757405,76071705504306389,DNg106,descending,DNg106,right,30.339062521385106,23.378355827177128,DN_01,#F7BA3C
720575941462512851,76282811804053504,DNg02_d,descending,DNg02_d,left,-6.454172303749171,3.2140983007794217,DN_01,#F7BA3C
720575941733143339,76353180480476182,DNg94,descending,DNg94,right,-5.657500913215724,27.83175357803162,DN_03,#947E6C
720575941532999361,76001336759766650,ANXXX380_A6,ascending,ANXXX380,left,-9.516989877296535,-5.6375562287921115,AN_18,#51B07B
720575941601617705,76212442992735975,AN07B035_T3,ascending,AN07B035,right,-5.387141397071925,5.609477367246707,AN_06,#E42E2E
720575941507979077,76142074247918685,AN09B035_T3,ascending,AN09B035,left,-17.37107198484048,-15.98405281082336,AN_17,#8B3A9C
720575941523074295,76001336827125335,DNp16,descending,DNp16,right,-2.074717691017238,21.175547447050175,DN_01,#F7BA3C
720575941528933030,76071705503902266,AN10B022_T1,ascending,AN10B022,left,11.925089666770848,-46.1976138688678,AN_10,#695B52
720575941436095788,76282811870513734,DNge016,descending,DNge016,left,20.13039285890952,23.0395859144574,DN_02,#EC9832
720575941521111223,76001336826718989,DNx02,sensory_descending,DNx02,right,NA,NA,NA,NA
720575941485886672,76212443059425982,AN06A018,ascending,AN06A018,right,-16.768735101295558,33.414946403349,AN_03,#947E6C
720575941513096012,75930968082928562,DNge070,descending,DNge070,left,-2.391910722328273,21.541062202299198,DN_01,#F7BA3C
720575941533807082,76001336826915097,DNg11,descending,DNg11,left,2.647130319999608,19.149966087186893,DN_01,#F7BA3C
720575941564649216,76142074315152786,DNpe033,descending,DNpe033,left,-16.419692208839503,4.380309905851443,DN_13,#6A2978
720575941526849357,76001336759616940,DNg107,descending,DNg107,left,16.059219191001805,-3.8078989125842257,DN_06,#E42E2E
720575941692162456,76282811870545606,DNg02_h,descending,DNg02_h,left,13.808390448020848,19.685889091337284,DN_01,#F7BA3C
720575941629284921,76282811736608253,AN07B045,ascending,AN07B045,right,-1.3656166101227676,4.76079067214783,AN_18,#51B07B
720575941499006433,76142074315119607,AN08B057,ascending,AN08B057,right,14.784157583640965,-0.2149816490763825,AN_06,#E42E2E
720575941430097071,76778142194561599,AN07B045,ascending,AN07B045,left,-1.3656166101227676,4.76079067214783,AN_18,#51B07B
720575941533814757,76142074248004735,AN05B060,ascending,AN05B060,left,-10.471215417457667,-17.924609337007443,AN_18,#51B07B
720575941533506586,76282811736682800,DNg106,descending,DNg106,left,30.339062521385106,23.378355827177128,DN_01,#F7BA3C
720575941561535859,76142074248066896,DNpe029,descending,DNpe029,right,-11.054583718849269,-27.327218208467404,DN_16,#77C8F2
720575941572956232,76282811736616859,AN07B070,ascending,AN07B070,right,4.99748737566367,-18.989836845552365,AN_19,#4D9C3C
720575941537583331,76142074315290403,ANXXX169_A5,ascending,ANXXX169,left,-20.441670587135402,3.7252462767010526,AN_14,#BFB09A
720575941483798781,76142074248480615,AN10B015,ascending,AN10B015,left,-5.110396554542628,-17.798457298433224,AN_19,#4D9C3C
720575941654557969,76566554590308804,AN05B081,ascending,AN05B081,left,-24.181956460548488,-29.112925682222286,AN_14,#BFB09A
720575941553999422,76212442924977820,AN05B053_A5,ascending,AN05B053,right,-18.67504041440591,-27.63676563278381,AN_14,#BFB09A
720575941591061246,76142074315206461,ANXXX202_a_A2,ascending,ANXXX202_a,right,-16.271235635353175,6.1168430708294705,AN_13,#6A2978
720575941431795927,76071705504386581,AN08B057,ascending,AN08B057,left,14.784157583640965,-0.2149816490763825,AN_06,#E42E2E
720575941652652305,76071705504245344,AN07B032,ascending,AN07B032,left,-1.5815932060013687,34.81684383376892,AN_03,#947E6C
720575941505143868,76212442992431612,SApp23,sensory_ascending,SApp23,left,NA,NA,NA,NA
720575941511863250,76071705503827177,AN10B020_T1,ascending,AN10B020,left,13.21281702272788,-47.6220409013385,AN_10,#695B52
720575941651827989,76282811736343783,AN10B022_T3,ascending,AN10B022,right,12.230115721153172,-46.50562778488342,AN_10,#695B52
720575941439550271,76282811736558930,AN07B040,ascending,AN07B040,left,-21.13842695005044,-5.9773365594500705,AN_15,#48A9D9
720575941472044352,76282811804053520,DNg82,descending,DNg82,left,15.914706060813817,27.144074287260135,DN_02,#EC9832
720575941503634341,76142074248430631,AN17A073,ascending,AN17A073,left,-5.268168618751613,-16.97754589096252,AN_19,#4D9C3C
720575941591448972,76071705570997894,DNa08,descending,DNa08,right,-3.747287919593898,5.42042669280823,DN_18,#51B07B
720575941496208071,76353180480421017,DNge058,descending,DNge058,right,12.79084093325034,-2.791456256067197,DN_06,#E42E2E
720575941547044980,76282811803394015,AN07B052,ascending,AN07B052,right,2.3240144943465317,27.28508838638123,AN_03,#947E6C
720575941565508759,76282811736349603,DNge102,descending,DNge102,left,-10.27122133023843,-22.41860500351135,DN_16,#77C8F2
720575941565533591,76356066833290668,AN05B054,ascending,AN05B054,left,-16.806655099464503,-49.1427928544635,AN_08,#298ABB
720575941536972018,76001336759886810,DNge045,descending,DNge045,right,3.1355753635634507,26.00795635207947,DN_03,#947E6C
720575941564152722,76001336759899459,AN07B045,ascending,AN07B045,left,-1.3656166101227676,4.76079067214783,AN_18,#51B07B
720575941655820244,76071705504131087,DNg21,descending,DNg21,left,34.713793585227876,-7.63757244125549,DN_05,#FBCD5A
720575941586445534,76707086121275227,AN07B062,ascending,AN07B062,left,4.540767500327977,-17.463631782686154,AN_19,#4D9C3C
720575941573479326,76282811803344179,AN19B039,ascending,AN19B039,right,-6.929337194038478,36.63997920974548,AN_03,#947E6C
720575941404754544,76142074315445836,ANXXX169_A1,ascending,ANXXX169,left,-20.150143792701808,3.154390182340701,AN_14,#BFB09A
720575941487869904,76142074248056068,AN05B062,ascending,AN05B062,left,-7.595747163368312,-21.09204021469299,AN_18,#51B07B
720575941487659984,75930968083183154,DNge016,descending,DNge016,right,20.13039285890952,23.0395859144574,DN_02,#EC9832
720575941609747430,75930968083230338,DNge014,descending,DNge014,right,17.69093401186362,26.658140983427128,DN_02,#EC9832
720575941393722006,76212442992569810,AN08B081,ascending,AN08B081,right,0.4581983929146851,-20.815995369111935,AN_19,#4D9C3C
720575941564682135,76071705503784736,AN05B050,ascending,AN05B050,left,-9.902365853859035,-16.623362693941036,AN_18,#51B07B
720575941439567327,75930968082600726,DNge025,descending,DNge025,right,33.713942358421235,-6.199528846895139,DN_05,#FBCD5A
720575941531528421,76071705503809782,AN05B062,ascending,AN05B062,left,-7.595747163368312,-21.09204021469299,AN_18,#51B07B
720575941550401086,75930968082712480,DNge001,descending,DNge001,right,34.83792764894858,-6.478481922304074,DN_05,#FBCD5A
720575941413566748,76353180548022908,AN19B059,ascending,AN19B059,right,-5.032092740608302,44.476786460722046,AN_03,#947E6C
720575941495729019,76212442991966288,AN05B068,ascending,AN05B068,right,-14.753157785011378,-25.82221141830627,AN_08,#298ABB
720575941595083734,76001336692342144,AN01B014,ascending,AN01B014,right,-11.773312738014308,-24.314885292207638,AN_16,#77C8F2
720575941669329139,76001336759611523,ANXXX462a,ascending,ANXXX462a,right,-12.122054269386378,-2.139477644121091,AN_15,#48A9D9
720575941538877133,76282811803523736,AN06B046,ascending,AN06B046,right,-21.17150037534341,23.50514682754334,AN_03,#947E6C
720575941645080225,76071705503782076,AN05B062,ascending,AN05B062,left,-7.595747163368312,-21.09204021469299,AN_18,#51B07B
720575941593493099,76001336826745056,AN06B044,ascending,AN06B044,left,-4.308412244392482,30.54311069473084,AN_03,#947E6C
720575941654405076,76071705503882908,AN05B062,ascending,AN05B062,left,-7.595747163368312,-21.09204021469299,AN_18,#51B07B
720575941461310096,76145304734939926,AN02A022,ascending,AN02A022,right,-19.25511091001138,34.45446285232361,AN_03,#947E6C
720575941631635426,75934679605298054,AN06A030,ascending,AN06A030,right,-9.324073960853664,2.1129599474316434,AN_14,#BFB09A
720575941483105475,76212442992631549,AN08B049,ascending,AN08B049,right,-13.972496202064601,-16.36297813430969,AN_19,#4D9C3C
720575941611420134,76001336760055756,AN07B052,ascending,AN07B052,left,2.3240144943465317,27.28508838638123,AN_03,#947E6C
720575941498862242,76142074248466284,AN08B099,ascending,AN08B099,right,-26.24455373532876,-12.609027061616818,AN_18,#51B07B
720575941489083596,76001336827341714,DNg02_f,descending,DNg02_f,right,15.467064688133153,15.670489158475956,DN_01,#F7BA3C
720575941475322410,76282811736622890,AN07B062,ascending,AN07B062,right,4.540767500327977,-17.463631782686154,AN_19,#4D9C3C
720575941579616081,76282811803975486,DNp16,descending,DNp16,left,-2.074717691017238,21.175547447050175,DN_01,#F7BA3C
720575941655117012,76282811803678077,DNg11,descending,DNg11,right,2.647130319999608,19.149966087186893,DN_01,#F7BA3C
720575941535942744,76353180547979939,DNg58,descending,DNg58,left,6.045442888664159,14.03249534591492,DN_03,#947E6C
720575941527078681,76142074247923687,AN09B033_A4,ascending,AN09B033,left,-20.699092080665675,-5.828787956392209,AN_15,#48A9D9
720575941566475623,76282811736270289,AN09B020_T1,ascending,AN09B020,right,-16.222699334693996,-47.99382129684631,AN_08,#298ABB
720575941624257532,76071705570917443,DNp41,descending,DNp41,right,2.179135034011754,19.91674884780701,DN_07,#52AE4E
720575941415395473,76212442924902025,AN05B078,ascending,AN05B078,right,-18.105611016822902,-28.405600700532833,AN_17,#8B3A9C
720575941439740895,76001336826680750,DNg11,descending,DNg11,left,2.647130319999608,19.149966087186893,DN_01,#F7BA3C
720575941541839389,76142074315177973,ANXXX169_A4,ascending,ANXXX169,right,-20.450694253517238,3.7912910841351346,AN_14,#BFB09A
720575941446801333,76212443059251857,AN06B068,ascending,AN06B068,right,-20.851691415382472,23.96369823440369,AN_03,#947E6C
720575941552229887,76071705571229517,AN06A027,ascending,AN06A027,right,-10.450089624000636,3.1756952665692166,AN_14,#BFB09A
720575941440529493,76071705570976592,ANXXX989,ascending,ANXXX989,right,-12.137038400245753,1.4362600706463653,AN_14,#BFB09A
720575941578492761,76282811803410820,AN07B051,ascending,AN07B051,right,0.009611735271366939,27.64209636672791,AN_03,#947E6C
720575941595303717,76282811736640383,AN07B045,ascending,AN07B045,right,-1.3656166101227676,4.76079067214783,AN_18,#51B07B
720575941527644600,76142074248319714,DNg57,descending,DNg57,left,-6.655316045356837,-6.3034288026446506,DN_08,#298ABB
720575941523079671,76071705504214561,DNg106,descending,DNg106,right,30.339062521385106,23.378355827177128,DN_01,#F7BA3C
720575941590576424,76282811736733759,DNge091,descending,DNge091,right,30.734642813133153,21.413204994047245,DN_01,#F7BA3C
720575941543106652,76282811803419272,AN07B049,ascending,AN07B049,right,-0.5200086141358291,31.37128337844666,AN_03,#947E6C
720575941570733556,76212442992159150,AN09B040_T3,ascending,AN09B040,right,-16.936911752296535,-16.799216423189083,AN_17,#8B3A9C
720575941612374425,76353180480417268,DNge173,descending,DNge173,left,15.058561155723485,-3.1958259679431125,DN_06,#E42E2E
720575941629121004,76001336759920100,AN07B062,ascending,AN07B062,left,4.540767500327977,-17.463631782686154,AN_19,#4D9C3C
720575941599049152,76001336827358909,DNpe004,descending,DNpe004,right,-9.836496522499171,37.56044658645447,DN_03,#947E6C
720575941655483092,76142074180789651,AN09B032_T3,ascending,AN09B032,left,-18.727839639259425,-10.448303375398556,AN_15,#48A9D9
720575941604585662,75577749704156034,DNg106,descending,DNg106,right,30.339062521385106,23.378355827177128,DN_01,#F7BA3C
720575941551486463,76496254565765275,AN05B078,ascending,AN05B078,left,-18.105611016822902,-28.405600700532833,AN_17,#8B3A9C
720575941509788033,76282811736309310,AN01B014,ascending,AN01B014,left,-11.773312738014308,-24.314885292207638,AN_16,#77C8F2
720575941429706671,76071705504119748,AN08B069,ascending,AN08B069,left,0.6865296234954918,-10.168115768587032,AN_18,#51B07B
720575941468982795,75718418070033182,DNg106,descending,DNg106,right,30.339062521385106,23.378355827177128,DN_01,#F7BA3C
720575941598952604,76353180480669770,ANXXX214,ascending,ANXXX214,right,-7.851607492042628,1.5350390337353546,AN_06,#E42E2E
720575941564402023,76001336760265697,DNg09,descending,DNg09,left,32.02181131594077,18.16887744888123,DN_01,#F7BA3C
720575941495918665,76282811736682772,DNg106,descending,DNg106,left,30.339062521385106,23.378355827177128,DN_01,#F7BA3C
720575941687421302,76001336760197696,DNg09,descending,DNg09,left,32.02181131594077,18.16887744888123,DN_01,#F7BA3C
720575941537490813,76071705504191964,AN08B089,ascending,AN08B089,left,0.19840742103949438,-21.033288154756466,AN_19,#4D9C3C
720575941542580316,76282811803747952,AN06A026_A1,ascending,AN06A026,right,-2.422151258064357,35.445196952665405,AN_03,#947E6C
720575941474398513,76071705504139184,AN08B089,ascending,AN08B089,left,0.19840742103949438,-21.033288154756466,AN_19,#4D9C3C
720575941584708486,76001336826680777,DNge113,descending,DNge113,left,32.31674272768393,18.43356784805115,DN_01,#F7BA3C
720575941495964615,76142074247963208,AN09B044,ascending,AN09B044,left,-16.524394204689113,-16.012122306978146,AN_17,#8B3A9C
720575941654974169,76142074248336670,AN01A049,ascending,AN01A049,left,-2.5700222755204116,-18.341303978120724,AN_19,#4D9C3C
720575941507241495,76282811736519942,DNge147,descending,DNge147,left,10.55286772005454,-2.115149054681699,DN_06,#E42E2E
720575941479563650,76212442992674874,DNge120,descending,DNge120,right,-2.871168782783595,-10.300267372285763,DN_19,#4D9C3C
720575941684845551,76282811736640397,AN07B046,ascending,AN07B046,right,-10.11874978788003,45.11904033645447,AN_04,#FE4545
720575941507208613,76282811736625843,AN07B060,ascending,AN07B060,right,-6.861902406288234,41.34525951370056,AN_04,#FE4545
720575941632353506,76001336827476667,AN02A025,ascending,AN02A025,right,13.840674230979833,1.8727017305737335,AN_06,#E42E2E
720575941455744496,76282811736426252,ANXXX200_T1,ascending,ANXXX200,right,7.970234224723729,39.00472148879822,AN_03,#947E6C
720575941701672666,76282811736631813,DNge097,descending,DNge097,right,-4.6133639121781265,27.771740760648807,DN_03,#947E6C
720575941413167215,76001336760114186,AN07B049,ascending,AN07B049,left,-0.5200086141358291,31.37128337844666,AN_03,#947E6C
720575941439209679,76001336759896368,ANXXX976,ascending,ANXXX976,left,-5.373547723365871,-2.996897373353879,AN_18,#51B07B
720575941553985875,76282811870542801,DNg02_h,descending,DNg02_h,left,13.808390448020848,19.685889091337284,DN_01,#F7BA3C
720575941431332088,76636923334453398,AN05B071,ascending,AN05B071,left,-11.690634896827785,-46.539124641572876,AN_18,#51B07B
720575941483554189,76282811804050490,DNge175,descending,DNge175,left,18.150095770286473,26.485537376249393,DN_02,#EC9832
720575941608988013,76142074247985211,ANXXX984,ascending,ANXXX984,left,-17.822016885353175,-3.9992667771929904,AN_15,#48A9D9
720575941612425190,76282811736177736,AN09B034,ascending,AN09B034,right,3.5773967003096665,-2.8598817922228976,AN_07,#52AE4E
720575941653335829,76071705503750390,AN05B053_A4,ascending,AN05B053,left,-18.793818643165675,-27.20014682785217,AN_14,#BFB09A
720575941516122540,76071705504094170,AN08B099,ascending,AN08B099,left,-26.24455373532876,-12.609027061616818,AN_18,#51B07B
720575941450897589,76212442924888881,AN09B032_T1,ascending,AN09B032,right,-19.075808694435207,-10.895213279878536,AN_15,#48A9D9
720575941447762196,76142074248425144,AN08B031,ascending,AN08B031,right,3.0259371494521226,-10.517800483858029,AN_18,#51B07B
720575941442861482,76071705570901449,DNge113,descending,DNge113,left,32.31674272768393,18.43356784805115,DN_01,#F7BA3C
720575941433519063,76142074247916104,AN05B046,ascending,AN05B046,left,-14.558444192482082,-50.22812381759827,AN_08,#298ABB
720575941656864724,76071705503736345,AN05B053_A5,ascending,AN05B053,left,-18.67504041440591,-27.63676563278381,AN_14,#BFB09A
720575941561659181,76001336826727738,DNx02,sensory_descending,DNx02,right,NA,NA,NA,NA
720575941659223888,76001336826730703,AN06B999,ascending,AN06B999,left,6.125124285148534,16.23275455459412,AN_03,#947E6C
720575941468221149,76282811803477133,AN06B068,ascending,AN06B068,right,-20.851691415382472,23.96369823440369,AN_03,#947E6C
720575941424975956,76282811803491894,AN06B999,ascending,AN06B999,right,6.125124285148534,16.23275455459412,AN_03,#947E6C
720575941564189026,76707360798244057,AN05B083,ascending,AN05B083,left,-14.772203614784328,-25.57676235214416,AN_17,#8B3A9C
720575941439029951,76282811870548696,DNg02_b,descending,DNg02_b,left,13.808659384178075,14.935654487455448,DN_01,#F7BA3C
720575941565293063,76353180547871228,DNge019,descending,DNge019,left,33.00564462892905,1.0847490690594512,DN_05,#FBCD5A
720575941428164233,76001336759585161,DNge174,descending,DNge174,right,14.72575647585288,-3.7126158811206027,DN_06,#E42E2E
720575941721640506,76001336759911267,DNg46,descending,DNg46,left,-16.058575799537746,31.515620078886112,DN_03,#947E6C
720575941612311981,75930968015491597,AN19B042,ascending,AN19B042,left,5.82805664293662,-9.74372306839172,AN_06,#E42E2E
720575941632898757,76001336760129035,AN19B039,ascending,AN19B039,right,-6.929337194038478,36.63997920974548,AN_03,#947E6C
720575941537510386,76001336826750646,AN06A041,ascending,AN06A041,left,-20.300503900123683,24.347275581205448,AN_03,#947E6C
720575941434014734,76353180547854807,DNge001,descending,DNge001,left,34.83792764894858,-6.478481922304074,DN_05,#FBCD5A
720575941400319779,76212442992628745,AN08B022_T1,ascending,AN08B022,right,2.7807863449324692,-4.378186617051999,AN_06,#E42E2E
720575941503680087,76142074315313113,AN06A027,ascending,AN06A027,left,-10.450089624000636,3.1756952665692166,AN_14,#BFB09A
720575941681019325,76142074247935589,AN09B040_T2,ascending,AN09B040,left,-16.308657815528957,-3.114500198518674,AN_17,#8B3A9C
720575941458853702,76212442992103639,AN05B062,ascending,AN05B062,right,-7.595747163368312,-21.09204021469299,AN_18,#51B07B
720575941529744869,76212442992712464,DNg106,descending,DNg106,left,30.339062521385106,23.378355827177128,DN_01,#F7BA3C
720575941514372049,76001336692353597,AN09B020_T1,ascending,AN09B020,left,-16.222699334693996,-47.99382129684631,AN_08,#298ABB
720575941487448205,75930418192571296,DNge110,descending,DNge110,left,17.531477758811864,22.22295459731873,DN_01,#F7BA3C
720575941681032125,76001336827347852,DNg02_d,descending,DNg02_d,right,-6.454172303749171,3.2140983007794217,DN_01,#F7BA3C
720575941663471740,76003673356506625,AN03B095,ascending,AN03B095,right,4.398675510810765,17.641983833158573,AN_03,#947E6C
720575941563084690,76636648658060965,AN07B042,ascending,AN07B042,left,0.5610412602891053,28.151928748930057,AN_03,#947E6C
720575941566544647,76071705503787479,AN05B049,ascending,AN05B049,left,-14.572509934974757,-30.110470924531857,AN_14,#BFB09A
720575941552165255,75373035657995499,SA_MDA_1,sensory_ascending,SA_MDA_1,left,NA,NA,NA,NA
720575941504602418,76212442992420079,DNge130,descending,DNge130,right,-6.780843904090968,-13.57868686691467,DN_16,#77C8F2
720575941509352976,75930968082589637,vMS13,ascending,vMS13,left,1.5761215185393418,26.579777564848026,AN_03,#947E6C
720575941505673566,76001336893829999,DNg82,descending,DNg82,right,15.914706060813817,27.144074287260135,DN_02,#EC9832
720575941604343737,76001336893805710,DNg110,descending,DNg110,right,17.528502294944676,19.861449088895878,DN_01,#F7BA3C
720575941639531125,76142074248147707,AN17A062_T3,ascending,AN17A062,left,-18.750693490577785,-6.646724376832883,AN_15,#48A9D9
720575941476037918,76282811803390923,AN07B060,ascending,AN07B060,right,-6.861902406288234,41.34525951370056,AN_04,#FE4545
720575941525888100,76142074248565815,ANXXX410,ascending,ANXXX410,left,-24.351891686988917,-28.727868232881466,AN_14,#BFB09A
720575941353112112,76215054802336830,AN07B046,ascending,AN07B046,left,-10.11874978788003,45.11904033645447,AN_04,#FE4545
720575941406270576,76142074180687173,ANXXX433,ascending,ANXXX433,right,-16.289731195045558,-2.5183028318041965,AN_15,#48A9D9
720575941505425858,76001336759587672,ANXXX255,ascending,ANXXX255,right,12.189263174461278,-5.0336696244830295,AN_06,#E42E2E
720575941433591511,76212442992170384,AN05B060,ascending,AN05B060,right,-10.471215417457667,-17.924609337007443,AN_18,#51B07B
720575941526632194,76212442991966980,AN09B044,ascending,AN09B044,right,-16.524394204689113,-16.012122306978146,AN_17,#8B3A9C
720575941524420343,76071705503779385,AN05B063_T3,ascending,AN05B063,left,-9.736159493995753,-14.574430618440548,AN_08,#298ABB
720575941436313888,76282811804012831,DNge105,descending,DNge105,left,10.528446028160008,-7.466286335145871,DN_08,#298ABB
720575941472522304,76282811803446884,AN07B049,ascending,AN07B049,right,-0.5200086141358291,31.37128337844666,AN_03,#947E6C
720575941555052571,76001336759755346,ANXXX200_T1,ascending,ANXXX200,NA,7.970234224723729,39.00472148879822,AN_03,#947E6C
720575941492467070,76847961116025245,AN07B062,ascending,AN07B062,left,4.540767500327977,-17.463631782686154,AN_19,#4D9C3C
720575941538257635,75930968082635187,AN07B049,ascending,AN07B049,left,-0.5200086141358291,31.37128337844666,AN_03,#947E6C
720575941568835834,76212442992797910,DNx02,sensory_descending,DNx02,left,NA,NA,NA,NA
720575941499062601,76001336759633922,AN07B040,ascending,AN07B040,right,-21.13842695005044,-5.9773365594500705,AN_15,#48A9D9
720575941560597775,76703993409840631,DNg110,descending,DNg110,left,17.528502294944676,19.861449088895878,DN_01,#F7BA3C
720575941477662001,75654097915369219,ANXXX202,ascending,ANXXX202,left,-15.816121270729152,6.091180171812137,AN_13,#6A2978
720575941471405664,76142074180728522,SNxx29,sensory_ascending,SNxx29,right,NA,NA,NA,NA
720575941432832097,76001336759929007,AN07B062,ascending,AN07B062,left,4.540767500327977,-17.463631782686154,AN_19,#4D9C3C
720575941493928064,75930968082770380,DNg12_a,descending,DNg12_a,right,33.30144769899741,-1.3846057988757294,DN_05,#FBCD5A
720575941508500609,76282811736318081,DNge081,descending,DNge081,left,6.668482134269627,-0.2990553714389008,DN_06,#E42E2E
720575941496426695,76282811870573861,DNg02_f,descending,DNg02_f,left,15.467064688133153,15.670489158475956,DN_01,#F7BA3C
720575941521067191,76212443059213953,AN08B071,ascending,AN08B071,right,-8.876695802284328,44.319430198515015,AN_04,#FE4545
720575941503461867,76353180547885188,DNge010,descending,DNge010,left,-2.7729644084702407,-5.4997789003009006,DN_18,#51B07B
720575941493106119,76282811736616899,AN07B046,ascending,AN07B046,right,-10.11874978788003,45.11904033645447,AN_04,#FE4545
720575941544710405,76356479619582100,AN08B079,ascending,AN08B079,left,-9.284117868019191,44.275389518583374,AN_04,#FE4545
720575941528001958,76001336760099582,AN07B072_T1,ascending,AN07B072,left,-2.911071469856349,30.299809303129276,AN_03,#947E6C
720575941441643867,75930968083167187,DNg02_g,descending,DNg02_g,right,14.56721098177329,15.229401435697635,DN_01,#F7BA3C
720575941561589486,76071705503874696,AN17A068,ascending,AN17A068,right,-11.277548959327785,-13.920158538972775,AN_08,#298ABB
720575941566061575,76212442992385601,AN17A076,ascending,AN17A076,right,-15.536973168922511,-46.99647632614319,AN_08,#298ABB
720575941575439798,76212442992150984,AN05B062,ascending,AN05B062,right,-7.595747163368312,-21.09204021469299,AN_18,#51B07B
720575941687667574,76212442992695858,AN08B998,ascending,AN08B998,right,0.22731266372099768,-5.750119362031858,AN_18,#51B07B
720575941656710736,76282811736646145,DNge091,descending,DNge091,right,30.734642813133153,21.413204994047245,DN_01,#F7BA3C
720575941590435070,76001336760067126,DNpe010,descending,DNpe010,right,12.451447317527684,16.085066642606815,DN_01,#F7BA3C
720575941448922717,76212443059295859,DNg11,descending,DNg11,right,2.647130319999608,19.149966087186893,DN_01,#F7BA3C
720575941477736066,75930968083212643,DNg92_a,descending,DNg92_a,right,15.355979750083836,20.52227863296326,DN_01,#F7BA3C
720575941612278630,76071705570933334,AN06B012,ascending,AN06B012,left,15.996228048728856,1.1575053594952422,AN_06,#E42E2E
720575941630971372,76142074248433283,AN08B086,ascending,AN08B086,right,-14.036604096962062,-15.912573967134396,AN_18,#51B07B
720575941586648198,76142074180703515,ANXXX433,ascending,ANXXX433,left,-16.289731195045558,-2.5183028318041965,AN_15,#48A9D9
720575941559170030,76004567112448459,AN08B079,ascending,AN08B079,right,-9.284117868019191,44.275389518583374,AN_04,#FE4545
720575941429552815,76142074247792407,AN05B076,ascending,AN05B076,left,-16.148797204567042,-2.6927633620852633,AN_15,#48A9D9
720575941411184043,76212442992120880,AN05B071,ascending,AN05B071,right,-11.690634896827785,-46.539124641572876,AN_18,#51B07B
720575941572620446,76212442992798398,DNb03,descending,DNb03,left,-4.643600633216945,17.423926200712284,DN_03,#947E6C
720575941494986951,75930968083132662,DNg02_c,descending,DNg02_c,right,13.227530310081395,15.366030540311893,DN_01,#F7BA3C
720575941513720979,76282811736608242,AN07B062,ascending,AN07B062,right,4.540767500327977,-17.463631782686154,AN_19,#4D9C3C
720575941542484060,76071705503818430,AN05B071,ascending,AN05B071,left,-11.690634896827785,-46.539124641572876,AN_18,#51B07B
720575941615259289,75930968082547229,DNge025,descending,DNge025,right,33.713942358421235,-6.199528846895139,DN_05,#FBCD5A
720575941577436761,76071705504160985,AN08B081,ascending,AN08B081,left,0.4581983929146851,-20.815995369111935,AN_19,#4D9C3C
720575941546829601,76917779701403991,AN07B052,ascending,AN07B052,left,2.3240144943465317,27.28508838638123,AN_03,#947E6C
720575941514949881,76353180548042385,DNge072,descending,DNge072,right,-2.5962955261002456,18.15039905532654,DN_03,#947E6C
720575941483582659,76071705503752798,AN05B056,ascending,AN05B056,left,-15.137427499366847,-22.82937351242248,AN_08,#298ABB
720575941533857546,76071705504191904,AN07B041,ascending,AN07B041,left,-3.792998960090724,29.087763633573612,AN_03,#947E6C
720575941469678557,76212443059276838,DNge113,descending,DNge113,right,32.31674272768393,18.43356784805115,DN_01,#F7BA3C
720575941636531573,76212443059265890,AN08B071,ascending,AN08B071,right,-8.876695802284328,44.319430198515015,AN_04,#FE4545
720575941536778389,76282811870581798,DNg01,descending,DNg01,left,15.511827299522313,26.626124229276737,DN_02,#EC9832
720575941659653712,76001336760194651,AN07B049,ascending,AN07B049,left,-0.5200086141358291,31.37128337844666,AN_03,#947E6C
720575941514096787,76566279712585692,AN08B086,ascending,AN08B086,left,-14.036604096962062,-15.912573967134396,AN_18,#51B07B
720575941566204470,76282811736614087,AN07B062,ascending,AN07B062,right,4.540767500327977,-17.463631782686154,AN_19,#4D9C3C
720575941513772179,76282811736750917,DNge091,descending,DNge091,right,30.734642813133153,21.413204994047245,DN_01,#F7BA3C
720575941559104813,76282811870529761,DNg02_a,descending,DNg02_a,left,15.662944624351415,20.74399837478455,DN_01,#F7BA3C
720575941447838996,76001336759929009,DNge097,descending,DNge097,left,-4.6133639121781265,27.771740760648807,DN_03,#947E6C
720575941644291154,76918466828971611,AN01B018,ascending,AN01B018,left,-19.95553701169595,-6.143808040773313,AN_15,#48A9D9
720575941595949937,76001336760215686,AN06A026_A1,ascending,AN06A026,left,-2.422151258064357,35.445196952665405,AN_03,#947E6C
720575941556839204,76001336826756573,AN08B079,ascending,AN08B079,left,-9.284117868019191,44.275389518583374,AN_04,#FE4545
720575941476041265,76001336826981104,AN19B059,ascending,AN19B059,right,-5.032092740608302,44.476786460722046,AN_03,#947E6C
720575941546427836,76001336759937839,AN07B043,ascending,AN07B043,left,-2.7671677375565444,14.78113159164246,AN_03,#947E6C
720575941503193916,76142074180715972,AN_GNG_SAD_6,ascending,AN_GNG_SAD_6,left,-18.47832410581216,-8.904587421571652,AN_15,#48A9D9
720575941614483475,75577680917670971,DNg08_b,descending,DNg08_b,right,-5.900768926216212,2.7485924623852567,DN_01,#F7BA3C
720575941522091255,76075416959583481,AN06B048,ascending,AN06B048,right,-2.0964895988236343,33.94518550857361,AN_03,#947E6C
720575941470236023,76142074315150115,DNpe041,descending,DNpe041,right,-11.252679994178859,1.865695800626834,DN_14,#BFB09A
720575941649039637,76282811736691494,AN07B052,ascending,AN07B052,right,2.3240144943465317,27.28508838638123,AN_03,#947E6C
720575941428365193,75930968082731800,DNg12_b,descending,DNg12_b,right,32.35406000368491,3.058749999845584,DN_05,#FBCD5A
720575941505059397,76001336759986239,AN07B070,ascending,AN07B070,left,4.99748737566367,-18.989836845552365,AN_19,#4D9C3C
720575941633591739,76353180547799789,AN19B046,ascending,AN19B046,right,-16.28929250486001,27.131451454008182,AN_03,#947E6C
720575941507453313,76071705504211540,720575941507453313,ascending,AN03B050,right,-2.1478773856888687,32.66658290847595,AN_03,#947E6C
720575941468862583,76071705504270950,DNge091,descending,DNge091,left,30.734642813133153,21.413204994047245,DN_01,#F7BA3C
720575941723220282,76212442924883571,DNpe029,descending,DNpe029,left,-11.054583718849269,-27.327218208467404,DN_16,#77C8F2
720575941574442235,76071705504383664,AN08B998,ascending,AN08B998,left,0.22731266372099768,-5.750119362031858,AN_18,#51B07B
720575941546424425,76212443059483168,AN08B071,ascending,AN08B071,right,-8.876695802284328,44.319430198515015,AN_04,#FE4545
720575941454494889,76001336760191815,DNg36_a,descending,DNg36_a,left,-14.800120523048488,33.04047664626892,DN_03,#947E6C
720575941434954126,76212442992341215,AN10B031,ascending,AN10B031,right,16.766947576927098,-30.901858482515255,AN_11,#F36237
720575941690874331,76282811803929143,DNp16,descending,DNp16,left,-2.074717691017238,21.175547447050175,DN_01,#F7BA3C
720575941467636246,76353180480600114,AN19B051_A2,ascending,AN19B051,right,3.0411861633528794,3.1175239942913846,AN_18,#51B07B
720575941402279971,76212442992759303,AN08B089,ascending,AN08B089,right,0.19840742103949438,-21.033288154756466,AN_19,#4D9C3C
720575941623407050,76212443059246342,DNg09,descending,DNg09,right,32.02181131594077,18.16887744888123,DN_01,#F7BA3C
720575941532187626,76212443059214009,AN08B071,ascending,AN08B071,right,-8.876695802284328,44.319430198515015,AN_04,#FE4545
720575941625457148,76212442992089349,DNge133,ascending,DNge133,right,-16.748076608253566,-49.03968540207092,DN_08,#298ABB
720575941628349990,76353180547807950,DNge029,descending,DNge029,right,30.861990759300145,-3.668955478822629,DN_06,#E42E2E
720575941662495356,76212443059213936,DNg07,descending,DNg07,right,24.434431860374364,22.14881214126404,DN_01,#F7BA3C
720575941668465319,76212443059298713,DNge111,descending,DNge111,right,29.648928472923192,22.09242710098084,DN_01,#F7BA3C
720575941558153261,76282811736605461,AN07B060,ascending,AN07B060,right,-6.861902406288234,41.34525951370056,AN_04,#FE4545
720575941560405875,76636923334462767,AN05B071,ascending,AN05B071,left,-11.690634896827785,-46.539124641572876,AN_18,#51B07B
720575941540462285,76001336759684222,DNde003,descending,DNde003,right,16.19999963991538,0.3175819776898223,DN_06,#E42E2E
720575941595940032,76001336826876282,AN07B056,ascending,AN07B056,left,0.9195323681105698,35.34294780715759,AN_03,#947E6C
720575941595520039,76142074315144537,DNpe041,descending,DNpe041,left,-11.252679994178859,1.865695800626834,DN_14,#BFB09A
720575941485358733,76282811736679753,DNge091,descending,DNge091,right,30.734642813133153,21.413204994047245,DN_01,#F7BA3C
720575941652156657,76212443059780586,DNp41,descending,DNp41,left,2.179135034011754,19.91674884780701,DN_07,#52AE4E
720575941668914609,76212443059293056,DNge145,descending,DNge145,right,31.99502451174155,19.55348094924744,DN_01,#F7BA3C
720575941476250164,76353180480489025,DNge045,descending,DNge045,left,3.1355753635634507,26.00795635207947,DN_03,#947E6C
720575941651139349,76282811870361995,DNg92_a,descending,DNg92_a,left,15.355979750083836,20.52227863296326,DN_01,#F7BA3C
720575941547175092,76353180480592779,AN19B051_A3,ascending,AN19B051,right,1.9120306467284287,2.848488893354495,AN_18,#51B07B
720575941535167320,76212443059853519,DNge134,descending,DNge134,left,15.040950605796727,2.0550986193066434,DN_06,#E42E2E
720575941445302804,76142074248397102,AN08B066,ascending,AN08B066,left,-13.695324113441554,-18.597436103975216,AN_17,#8B3A9C
720575941659661624,76282811803397183,AN07B052,ascending,AN07B052,right,2.3240144943465317,27.28508838638123,AN_03,#947E6C
720575941415777937,76071705504259483,DNge091,descending,DNge091,left,30.734642813133153,21.413204994047245,DN_01,#F7BA3C
720575941481339215,76071705504155450,AN08B031,ascending,AN08B031,left,3.0259371494521226,-10.517800483858029,AN_18,#51B07B
720575941507243333,76353180480424728,DNge061,descending,DNge061,left,-3.9170700813065444,-1.6291608549708527,DN_07,#52AE4E
720575941473793322,76001336893799114,DNg02_a,descending,DNg02_a,right,15.662944624351415,20.74399837478455,DN_01,#F7BA3C
720575941546194364,76212443059237830,DNge145,descending,DNge145,right,31.99502451174155,19.55348094924744,DN_01,#F7BA3C
720575941454260275,75788786881298262,DNg106,descending,DNg106,right,30.339062521385106,23.378355827177128,DN_01,#F7BA3C
720575941595615783,76282811736660056,DNg106,descending,DNg106,left,30.339062521385106,23.378355827177128,DN_01,#F7BA3C
720575941574375272,76001336760096537,DNge091,descending,DNge091,left,30.734642813133153,21.413204994047245,DN_01,#F7BA3C
720575941583462110,76282811736809351,DNge154,descending,DNge154,right,17.58328706972495,21.673851814115604,DN_01,#F7BA3C
720575941702148570,76212442924875383,AN09B028,ascending,AN09B028,right,-18.70707624204263,-8.952787552034298,AN_15,#48A9D9
720575941643557458,76001336827016861,AN19B101,ascending,AN19B101,left,-5.6929256225357925,45.77994426711853,AN_04,#FE4545
720575941601937961,76353180547835696,DNpe010,descending,DNpe010,left,12.451447317527684,16.085066642606815,DN_01,#F7BA3C
720575941662498940,76282811736792201,AN06B068,ascending,AN06B068,right,-20.851691415382472,23.96369823440369,AN_03,#947E6C
720575941501552983,76001336827477179,DNg02_g,descending,DNg02_g,right,14.56721098177329,15.229401435697635,DN_01,#F7BA3C
720575941609235302,76001336760120325,DNge090,descending,DNge090,left,26.499861547874364,23.149416770780643,DN_01,#F7BA3C
720575941612042972,76212443059235247,AN08B100_T2,ascending,AN08B100,right,-0.3426639343033706,0.017503764474948058,AN_14,#BFB09A
720575941596218225,76212443059295847,DNg09,descending,DNg09,right,32.02181131594077,18.16887744888123,DN_01,#F7BA3C
720575941529830840,76353180547821731,DNge025,descending,DNge025,left,33.713942358421235,-6.199528846895139,DN_05,#FBCD5A
720575941437425964,76282811736239836,AN17B013_A1,ascending,AN17B013,left,-19.358906915260402,-34.51496234909241,AN_09,#D24A2C
720575941630209221,76001336759896348,AN07B046,ascending,AN07B046,left,-10.11874978788003,45.11904033645447,AN_04,#FE4545
720575941430108809,76001336826756604,AN08B079,ascending,AN08B079,left,-9.284117868019191,44.275389518583374,AN_04,#FE4545
720575941433030414,75930968015622689,DNge025,descending,DNge025,right,33.713942358421235,-6.199528846895139,DN_05,#FBCD5A
720575941512957393,76282811803715878,AN19B079,ascending,AN19B079,right,-1.545810868812648,47.31191143020447,AN_04,#FE4545
720575941472752736,76567379358510151,AN10B037_T2,ascending,AN10B037,left,16.570669958518895,-32.103808555757446,AN_11,#F36237
720575941529819832,76212442992295711,AN10B029_T3,ascending,AN10B029,right,13.178170988487157,-48.17992893234436,AN_10,#695B52
720575941538543253,76001336760035625,AN07B071,ascending,AN07B071,left,8.677130529807958,39.05022319778259,AN_03,#947E6C
720575941557948068,76142074248551650,AN06B039_A1,ascending,AN06B039,right,-10.848620584083644,-18.890607032930294,AN_17,#8B3A9C
720575941474608170,76212442992114963,DNpe029,descending,DNpe029,left,-11.054583718849269,-27.327218208467404,DN_16,#77C8F2
720575941429194633,76282811803482956,AN07B072_T1,ascending,AN07B072,right,-2.911071469856349,30.299809303129276,AN_03,#947E6C
720575941507434775,76142074180719370,unknown_maxillary-labial_sensory,sensory_descending,unknown_maxillary-labial_sensory,right,NA,NA,NA,NA
720575941564705431,76496941961587737,AN10B047_T2,ascending,AN10B047,left,17.75006944887534,-36.78053394333069,AN_11,#F36237
720575941562036743,76001336827249868,DNpe004,descending,DNpe004,right,-9.836496522499171,37.56044658645447,DN_03,#947E6C
720575941579645173,76282811803920653,AN07B063,ascending,AN07B063,right,-6.636976411415187,40.20603069289978,AN_04,#FE4545
720575941479604643,76212442992637306,AN08B099,ascending,AN08B099,right,-26.24455373532876,-12.609027061616818,AN_18,#51B07B
720575941393488790,76001336759911284,AN07B046,ascending,AN07B046,left,-10.11874978788003,45.11904033645447,AN_04,#FE4545
720575941450261831,76282811803405347,SApp10,sensory_ascending,SApp10,left,NA,NA,NA,NA
720575941434874912,76282811870576621,DNg03,descending,DNg03,left,17.400217840598973,19.62922557815369,DN_14,#BFB09A
720575941579187321,76355380041358930,ANXXX990,ascending,ANXXX990,right,-12.19812505490884,1.6610344313031036,AN_14,#BFB09A
720575941581666655,76282811803838380,vMS13,ascending,vMS13,right,1.5761215185393418,26.579777564848026,AN_03,#947E6C
720575941612286428,76071705504375112,DNge091,descending,DNge091,left,30.734642813133153,21.413204994047245,DN_01,#F7BA3C
720575941582282873,76071705504234078,DNg08_a,descending,DNg08_a,right,30.75803835146323,25.218670692289432,DN_01,#F7BA3C
720575941439489599,76001336826774951,AN06B057,ascending,AN06B057,left,-4.6715986037979995,5.018076743925174,AN_14,#BFB09A
720575941436052768,75930968083113346,DNg05_b,descending,DNg05_b,right,15.560491392539891,22.290755119169315,DN_02,#EC9832
720575941538256355,75231885650956888,SAxx01,sensory_ascending,SAxx01,right,NA,NA,NA,NA
720575941512043218,76282811736771001,DNge095,descending,DNge095,right,-2.256466319633571,27.560726966703495,DN_03,#947E6C
720575941505421602,76282811803904103,AN06A062,ascending,AN06A062,right,-1.9056753421555435,37.08874782546814,AN_04,#FE4545
720575941534383235,76353180547907592,DNge019,descending,DNge019,left,33.00564462892905,1.0847490690594512,DN_05,#FBCD5A
720575941516764819,76282811870362386,DNg02_b,descending,DNg02_b,left,13.808659384178075,14.935654487455448,DN_01,#F7BA3C
720575941450039477,76212442924885267,DNg83,descending,DNg83,right,-14.930036714149562,-49.83907428756897,DN_08,#298ABB
720575941564410112,76282811804087312,DNg05_b,descending,DNg05_b,left,15.560491392539891,22.290755119169315,DN_02,#EC9832
720575941490249166,76071705570722813,ANXXX410,ascending,ANXXX410,right,-24.351891686988917,-28.727868232881466,AN_14,#BFB09A
720575941586221958,76212443059440758,DNp41,descending,DNp41,left,2.179135034011754,19.91674884780701,DN_07,#52AE4E
720575941565308423,76282811736622918,AN07B043,ascending,AN07B043,right,-2.7671677375565444,14.78113159164246,AN_03,#947E6C
720575941590014775,76282811803397164,AN06A080,ascending,AN06A080,right,-1.7870487476120864,40.38177761062439,AN_04,#FE4545
720575941598191808,75930968082655437,AN19B074,ascending,AN19B074,left,0.19479254834547888,45.55898174270447,AN_04,#FE4545
720575941632002720,76282811870536810,DNg02_a,descending,DNg02_a,left,15.662944624351415,20.74399837478455,DN_01,#F7BA3C
720575941593486806,76847754689284168,AN07B070,ascending,AN07B070,left,4.99748737566367,-18.989836845552365,AN_19,#4D9C3C
720575941432468183,76282811736320844,AN10B029_T2,ascending,AN10B029,right,13.06535322420493,-48.50254932419006,AN_10,#695B52
720575941486868432,76071705570864129,AN08B100_T2,ascending,AN08B100,left,-0.3426639343033706,0.017503764474948058,AN_14,#BFB09A
720575941504240407,76001336826984137,AN07B060,ascending,AN07B060,left,-6.861902406288234,41.34525951370056,AN_04,#FE4545
720575941516779923,76282811736619963,AN07B082,ascending,AN07B082,right,-4.958590200019923,24.673100318754276,AN_03,#947E6C
720575941586451166,76212442924910692,ANXXX404,ascending,ANXXX404,right,-16.2127944732438,-49.32188526169006,AN_08,#298ABB
720575941571171067,76001336759983332,AN07B082,ascending,AN07B082,left,-4.958590200019923,24.673100318754276,AN_03,#947E6C
720575941565124918,76142074315431448,AN06A030,ascending,AN06A030,left,-9.324073960853664,2.1129599474316434,AN_14,#BFB09A
720575941541726493,76071705504295440,DNge091,descending,DNge091,left,30.734642813133153,21.413204994047245,DN_01,#F7BA3C
720575941539298509,76282811803633576,AN07B060,ascending,AN07B060,right,-6.861902406288234,41.34525951370056,AN_04,#FE4545
720575941550999175,76353180547961812,AN19B076,ascending,AN19B076,right,0.22514627330199133,45.522684898222046,AN_04,#FE4545
720575941519514478,76282811736608300,AN07B057,ascending,AN07B057,right,-6.064706018043605,23.520191993558964,AN_03,#947E6C
720575941433139598,75437493251633724,DNg06,descending,DNg06,right,18.838219473289403,21.67433055862244,DN_01,#F7BA3C
720575941405855918,76071705436526548,AN12B055,ascending,AN12B055,left,-16.877104928566066,-49.59526172653381,AN_08,#298ABB
720575941587152862,76071705571045844,SAxx01,sensory_ascending,SAxx01,right,NA,NA,NA,NA
720575941626967865,76282811736825087,DNge091,descending,DNge091,right,30.734642813133153,21.413204994047245,DN_01,#F7BA3C
720575941482535366,76001336827330614,DNg01,descending,DNg01,right,15.511827299522313,26.626124229276737,DN_02,#EC9832
720575941488207305,76282811736519936,AN01B011_T1,ascending,AN01B011,left,3.7575627063979233,-3.316502723848264,AN_07,#52AE4E
720575941595188261,76001336826786620,AN06B045,ascending,AN06B045,left,-6.893539121223537,41.56572994216736,AN_04,#FE4545
720575941732541739,76071705504015829,AN10B034_T1,ascending,AN10B034,left,16.55626661531821,-30.349379692232052,AN_11,#F36237
720575941579793909,75930968082655417,DNge010,descending,DNge010,right,-2.7729644084702407,-5.4997789003009006,DN_18,#51B07B
720575941643158354,76212442991967838,SNxx29,sensory_ascending,SNxx29,left,NA,NA,NA,NA
720575941520092151,76004910776776151,AN19B065,ascending,AN19B065,right,-0.7920521999131118,46.58299907668884,AN_04,#FE4545
720575941555509331,76142074247909167,AN05B081,ascending,AN05B081,left,-24.181956460548488,-29.112925682222286,AN_14,#BFB09A
720575941434224526,76282811736809062,DNge110,descending,DNge110,right,17.531477758811864,22.22295459731873,DN_01,#F7BA3C
720575941555461377,76353180547910318,DNge025,descending,DNge025,left,33.713942358421235,-6.199528846895139,DN_05,#FBCD5A
720575941438471212,76212442992218618,AN09B040_T2,ascending,AN09B040,right,-16.308657815528957,-3.114500198518674,AN_17,#8B3A9C
720575941566447879,76142074247921103,DNpe029,descending,DNpe029,right,-11.054583718849269,-27.327218208467404,DN_16,#77C8F2
720575941539172501,76282811736648883,AN07B070,ascending,AN07B070,right,4.99748737566367,-18.989836845552365,AN_19,#4D9C3C
720575941547763060,76353180480448252,DNge061,descending,DNge061,left,-3.9170700813065444,-1.6291608549708527,DN_07,#52AE4E
720575941434500110,76071705504071307,ANXXX380_A5,ascending,ANXXX380,left,-9.217353036476222,-5.708060417329709,AN_18,#51B07B
720575941589590782,76282811803890421,AN06A062,ascending,AN06A062,right,-1.9056753421555435,37.08874782546814,AN_04,#FE4545
720575941523114743,76282811736616883,AN07B046,ascending,AN07B046,right,-10.11874978788003,45.11904033645447,AN_04,#FE4545
720575941658902040,76001336759974213,AN07B091,ascending,AN07B091,left,1.0964468216170395,28.22376903518494,AN_03,#947E6C
720575941652319705,75930968015612953,DNge019,descending,DNge019,right,33.00564462892905,1.0847490690594512,DN_05,#FBCD5A
720575941482233027,76353180480356352,ANXXX462a,ascending,ANXXX462a,left,-12.122054269386378,-2.139477644121091,AN_15,#48A9D9
720575941597632041,76212442992422948,AN10B034_T2,ascending,AN10B034,right,17.873436758445653,-36.16959491745178,AN_11,#F36237
720575941553577217,76001336826672567,AN06B068,ascending,AN06B068,left,-20.851691415382472,23.96369823440369,AN_03,#947E6C
720575941508259909,76142074247960597,AN09B042,ascending,AN09B042,left,-16.034073999000636,-6.046523723756711,AN_15,#48A9D9
720575941391682052,76071705503976456,AN10B047_T3,ascending,AN10B047,left,17.0047291015853,-35.826443824922485,AN_11,#F36237
720575941597293724,76282811803254703,AN07B042,ascending,AN07B042,right,0.5610412602891053,28.151928748930057,AN_03,#947E6C
720575941484023549,76212442992382421,AN10B033_T3,ascending,AN10B033,right,13.59038812868491,-40.95089069381897,AN_10,#695B52
720575941561224463,76282811870533409,DNg02_c,descending,DNg02_c,left,13.227530310081395,15.366030540311893,DN_01,#F7BA3C
720575941530471096,76282811803449724,AN07B049,ascending,AN07B049,right,-0.5200086141358291,31.37128337844666,AN_03,#947E6C
720575941501258583,75930968082643901,AN19B079,ascending,AN19B079,left,-1.545810868812648,47.31191143020447,AN_04,#FE4545
720575941615507925,76142074248605670,AN08B099,ascending,AN08B099,right,-26.24455373532876,-12.609027061616818,AN_18,#51B07B
720575941489375797,76212443059391305,AN06A092,ascending,AN06A092,right,4.5631213878859604,37.27505001052673,AN_04,#FE4545
720575941581238773,76212442992640149,AN08B109,ascending,AN08B109,right,-18.36662976987466,-22.018632087861935,AN_19,#4D9C3C
720575941515233859,76212442992129938,AN05B078,ascending,AN05B078,right,-18.105611016822902,-28.405600700532833,AN_17,#8B3A9C
720575941589017143,76353180548005906,AN19B059,ascending,AN19B059,right,-5.032092740608302,44.476786460722046,AN_03,#947E6C
720575941612392169,76282811803954113,DNpe011,descending,DNpe011,left,4.381265470909032,22.115998115385135,DN_01,#F7BA3C
720575941580693881,76212442992224356,AN05B083,ascending,AN05B083,right,-14.772203614784328,-25.57676235214416,AN_17,#8B3A9C
720575941665230067,76212442992544826,AN08B097,ascending,AN08B097,right,1.5619897341002549,-29.65097347274963,AN_18,#51B07B
720575941547473268,76353180547865721,DNg12_a,descending,DNg12_a,left,33.30144769899741,-1.3846057988757294,DN_05,#FBCD5A
720575941416780828,76212442992394481,AN10B029_T1,ascending,AN10B029,right,12.839177915977391,-48.18146244064514,AN_10,#695B52
720575941476978993,76212443059232247,AN08B100_T2,ascending,AN08B100,right,-0.3426639343033706,0.017503764474948058,AN_14,#BFB09A
720575941517695660,76001336826690130,DNge091,descending,DNge091,left,30.734642813133153,21.413204994047245,DN_01,#F7BA3C
720575941446655252,76282811736748077,AN07B082,ascending,AN07B082,right,-4.958590200019923,24.673100318754276,AN_03,#947E6C
720575941617063551,76282811736762157,AN07B041,ascending,AN07B041,right,-3.792998960090724,29.087763633573612,AN_03,#947E6C
720575941554198555,76071705503979247,AN01A049,ascending,AN01A049,right,-2.5700222755204116,-18.341303978120724,AN_19,#4D9C3C
720575941654240273,76001336760067092,AN07B049,ascending,AN07B049,left,-0.5200086141358291,31.37128337844666,AN_03,#947E6C
720575941407465902,76071705503729355,SNxx27,sensory_ascending,SNxx27,right,NA,NA,NA,NA
720575941613168915,76282811736733787,SApp10,sensory_ascending,SApp10,left,NA,NA,NA,NA
720575941500839147,76212443059227078,DNge111,descending,DNge111,right,29.648928472923192,22.09242710098084,DN_01,#F7BA3C
720575941407235502,76142074248444488,AN08B098,ascending,AN08B098,left,4.597302505897435,-21.584969673311154,AN_19,#4D9C3C
720575941556199652,76212443059298717,DNge115,descending,DNge115,right,-7.45322530515298,33.37562450393494,DN_03,#947E6C
720575941552999707,76142074315155738,ANXXX989,ascending,ANXXX989,right,-12.137038400245753,1.4362600706463653,AN_14,#BFB09A
720575941653538065,76212442992187073,AN05B078,ascending,AN05B078,right,-18.105611016822902,-28.405600700532833,AN_17,#8B3A9C
720575941477003825,76142074248284428,ANXXX084_A3,ascending,ANXXX084,right,-10.462556054664699,-7.859484348451535,AN_18,#51B07B
720575941506486437,76071705503896703,AN05B067,ascending,AN05B067,left,-10.616717507911769,-11.228505287324825,AN_18,#51B07B
720575941578442741,76071705436541163,AN12B076,ascending,AN12B076,left,-16.45328634030923,-49.78028980270569,AN_08,#298ABB
720575941436259602,76282811870557433,DNge017,descending,DNge017,left,16.421356031822118,26.950669135892948,DN_02,#EC9832
720575941514846713,76212443059677323,AN06A095,ascending,AN06A095,right,-7.93926160581216,35.209624137724,AN_04,#FE4545
720575941390308246,76001336760067070,DNge118,descending,DNge118,left,-2.3189403320084487,27.37495883926209,DN_03,#947E6C
720575941430630392,76001336760032765,DNge091,descending,DNge091,left,30.734642813133153,21.413204994047245,DN_01,#F7BA3C
720575941654376916,75648049661908644,DNg106,descending,DNg106,right,30.339062521385106,23.378355827177128,DN_01,#F7BA3C
720575941573970831,76072461485271561,AN07B062,ascending,AN07B062,left,4.540767500327977,-17.463631782686154,AN_19,#4D9C3C
720575941551414170,76282811736674127,DNg07,descending,DNg07,right,24.434431860374364,22.14881214126404,DN_01,#F7BA3C
720575941651866901,76071705504337149,DNge118,descending,DNge118,left,-2.3189403320084487,27.37495883926209,DN_03,#947E6C
720575941472554336,76212442992768342,AN08B099,ascending,AN08B099,right,-26.24455373532876,-12.609027061616818,AN_18,#51B07B
720575941512837452,76212442992756258,DNge091,descending,DNge091,right,30.734642813133153,21.413204994047245,DN_01,#F7BA3C
720575941685783158,76001336827278771,AN19B101,ascending,AN19B101,left,-5.6929256225357925,45.77994426711853,AN_04,#FE4545
720575941644253857,76285354491333421,AN12B060,ascending,AN12B060,right,16.45453245394126,-13.72100463882629,AN_18,#51B07B
720575941555384868,76142074180681465,AN01B018,ascending,AN01B018,right,-19.95553701169595,-6.143808040773313,AN_15,#48A9D9
720575941594630001,76425404650593007,AN08B095,ascending,AN08B095,right,-18.46320836789712,-21.91884914413635,AN_19,#4D9C3C
720575941503710807,76002024021549862,AN07B082,ascending,AN07B082,left,-4.958590200019923,24.673100318754276,AN_03,#947E6C
720575941476367937,76353180547997372,DNge019,descending,DNge019,left,33.00564462892905,1.0847490690594512,DN_05,#FBCD5A
720575941687936219,76353180547935474,AN19B076,ascending,AN19B076,right,0.22514627330199133,45.522684898222046,AN_04,#FE4545
720575941547048052,76354829547305129,AN07B071,ascending,AN07B071,right,8.677130529807958,39.05022319778259,AN_03,#947E6C
720575941560414579,76282811736237790,AN12B060,ascending,AN12B060,right,16.45453245394126,-13.72100463882629,AN_18,#51B07B
720575941537542376,76566279712206779,AN08B099,ascending,AN08B099,left,-26.24455373532876,-12.609027061616818,AN_18,#51B07B
720575941518261932,75930968015650921,DNg12_e,descending,DNg12_e,right,34.85418588869467,-8.663407478486935,DN_05,#FBCD5A
720575941655952340,76212442992109166,AN05B063_T3,ascending,AN05B063,right,-9.736159493995753,-14.574430618440548,AN_08,#298ABB
720575941661233976,76001336827223378,DNpe011,descending,DNpe011,right,4.381265470909032,22.115998115385135,DN_01,#F7BA3C
720575941642966629,76071705504279383,DNg07,descending,DNg07,right,24.434431860374364,22.14881214126404,DN_01,#F7BA3C
720575941471906602,76142074180751476,SNxx29,sensory_ascending,SNxx29,right,NA,NA,NA,NA
720575941505236133,76212442992341200,AN10B053_T2,ascending,AN10B053,right,17.47667963259116,-36.616570625459595,AN_11,#F36237
720575941522552823,76353180480372554,ANXXX470,ascending,ANXXX470,left,-11.194455316139308,-1.8771911598796052,AN_15,#48A9D9
720575941592644054,76001336760072785,DNge091,descending,DNge091,left,30.734642813133153,21.413204994047245,DN_01,#F7BA3C
720575941610908137,76001336826821664,AN06A092,ascending,AN06A092,left,4.5631213878859604,37.27505001052673,AN_04,#FE4545
720575941470584128,76282811803715816,AN06A080,ascending,AN06A080,right,-1.7870487476120864,40.38177761062439,AN_04,#FE4545
720575941603732921,76001336759943901,AN07B041,ascending,AN07B041,left,-3.792998960090724,29.087763633573612,AN_03,#947E6C
720575941553032839,75930968082751371,AN19B076,ascending,AN19B076,left,0.22514627330199133,45.522684898222046,AN_04,#FE4545
720575941490463541,76071705503947893,AN10B029_T2,ascending,AN10B029,left,13.06535322420493,-48.50254932419006,AN_10,#695B52
720575941436027168,76282811803753980,AN19B060,ascending,AN19B060,right,-16.536292245460597,27.067948188627323,AN_03,#947E6C
720575941458203859,76282811736792163,AN07B071,ascending,AN07B071,right,8.677130529807958,39.05022319778259,AN_03,#947E6C
720575941459354512,76142074247945259,AN09B042,ascending,AN09B042,left,-16.034073999000636,-6.046523723756711,AN_15,#48A9D9
720575941415224348,76071705570887481,DNge116,descending,DNge116,left,-7.179474999977199,32.87439998611267,DN_03,#947E6C
720575941571871241,76001336760126143,DNge091,descending,DNge091,left,30.734642813133153,21.413204994047245,DN_01,#F7BA3C
720575941399595555,75930968082726323,AN06A062,ascending,AN06A062,left,-1.9056753421555435,37.08874782546814,AN_04,#FE4545
720575941488139214,76353180547846687,AN07B056,ascending,AN07B056,right,0.9195323681105698,35.34294780715759,AN_03,#947E6C
720575941473471072,76353180547932684,AN19B060,ascending,AN19B060,right,-16.536292245460597,27.067948188627323,AN_03,#947E6C
720575941464898326,76353180547816270,AN07B056,ascending,AN07B056,right,0.9195323681105698,35.34294780715759,AN_03,#947E6C
720575941513278457,76001336759434535,AN01B011_T1,ascending,AN01B011,right,3.7575627063979233,-3.316502723848264,AN_07,#52AE4E
720575941480704954,76212443059257441,DNg07,descending,DNg07,right,24.434431860374364,22.14881214126404,DN_01,#F7BA3C
720575941480693187,76071705504029898,AN10B051,ascending,AN10B051,left,19.9371021484603,-30.06620327011291,AN_11,#F36237
720575941633163707,76001336760038501,AN07B069,ascending,AN07B069,left,9.013665983604344,40.17795452102478,AN_03,#947E6C
720575941505872965,76142074248452419,AN08B109,ascending,AN08B109,left,-18.36662976987466,-22.018632087861935,AN_19,#4D9C3C
720575941439285036,76071705504303678,DNg08_b,descending,DNg08_b,right,-5.900768926216212,2.7485924623852567,DN_01,#F7BA3C
720575941530080997,76282811736719494,DNg08_a,descending,DNg08_a,left,30.75803835146323,25.218670692289432,DN_01,#F7BA3C
720575941438719967,76001336760141266,DNg11,descending,DNg11,NA,2.647130319999608,19.149966087186893,DN_01,#F7BA3C
720575941598660288,76282811736277709,AN12B060,ascending,AN12B060,right,16.45453245394126,-13.72100463882629,AN_18,#51B07B
720575941704109786,76001336759968147,DNge090,descending,DNge090,left,26.499861547874364,23.149416770780643,DN_01,#F7BA3C
720575941552863489,76282811804018395,DNg92_b,descending,DNg92_b,left,14.242428610252293,20.9934433363324,DN_01,#F7BA3C
720575941558279972,76282811803817156,AN06A080,ascending,AN06A080,right,-1.7870487476120864,40.38177761062439,AN_04,#FE4545
720575941554694372,76282811736850500,DNg36_a,descending,DNg36_a,right,-14.800120523048488,33.04047664626892,DN_03,#947E6C
720575941558973455,76212442992184289,AN05B071,ascending,AN05B071,right,-11.690634896827785,-46.539124641572876,AN_18,#51B07B
720575941579450745,75930968082569855,DNge020,descending,DNge020,right,33.78710443727866,-2.5390398837680026,DN_05,#FBCD5A
720575941535811562,76353180547994524,DNg12_a,descending,DNg12_a,left,33.30144769899741,-1.3846057988757294,DN_05,#FBCD5A
720575941477314612,76282811803344303,AN07B082,ascending,AN07B082,right,-4.958590200019923,24.673100318754276,AN_03,#947E6C
720575941636180597,76353180547918754,AN19B063,ascending,AN19B063,right,-1.156081488205043,46.67534145339783,AN_04,#FE4545
720575941479814762,76142074248397078,AN08B094,ascending,AN08B094,right,0.41925228588477026,-20.939063224946896,AN_19,#4D9C3C
720575941473472608,76212443059248928,AN08B079,ascending,AN08B079,right,-9.284117868019191,44.275389518583374,AN_04,#FE4545
720575941545219464,76212442992541996,AN10B051,ascending,AN10B051,right,19.9371021484603,-30.06620327011291,AN_11,#F36237
720575941536326805,76353180547890764,DNg12_a,descending,DNg12_a,left,33.30144769899741,-1.3846057988757294,DN_05,#FBCD5A
720575941591761704,76282811870364422,DNg02_a,descending,DNg02_a,left,15.662944624351415,20.74399837478455,DN_01,#F7BA3C
720575941649976049,75930968015597579,DNge019,descending,DNge019,right,33.00564462892905,1.0847490690594512,DN_05,#FBCD5A
720575941645076897,76356548339436438,AN08B079,ascending,AN08B079,left,-9.284117868019191,44.275389518583374,AN_04,#FE4545
720575941688674200,76001336760239592,DNge115,descending,DNge115,left,-7.45322530515298,33.37562450393494,DN_03,#947E6C
720575941504849714,76001336826996304,AN06A062,ascending,AN06A062,left,-1.9056753421555435,37.08874782546814,AN_04,#FE4545
720575941567187962,75930968083107512,DNg92_b,descending,DNg92_b,right,14.242428610252293,20.9934433363324,DN_01,#F7BA3C
720575941472130315,76142074315242163,SAxx01,sensory_ascending,SAxx01,left,NA,NA,NA,NA
720575941532753893,76142074315313120,AN06B075,ascending,AN06B075,right,-4.316495587898341,-3.7780682183856173,AN_06,#E42E2E
720575941597089137,75930968083143938,DNg01,descending,DNg01,right,15.511827299522313,26.626124229276737,DN_02,#EC9832
720575941588123902,75930968015632576,DNg12_e,descending,DNg12_e,right,34.85418588869467,-8.663407478486935,DN_05,#FBCD5A
720575941703161562,76001336759880510,AN07B046,ascending,AN07B046,left,-10.11874978788003,45.11904033645447,AN_04,#FE4545
720575941545785524,76282811803368939,AN07B076,ascending,AN07B076,right,1.1336206292380417,31.806269492948612,AN_03,#947E6C
720575941469018743,76212442992561496,AN08B099,ascending,AN08B099,right,-26.24455373532876,-12.609027061616818,AN_18,#51B07B
720575941473760554,75863486093369885,SAppxx,sensory_ascending,SAppxx,right,NA,NA,NA,NA
720575941505985409,76001336826934924,AN19B076,ascending,AN19B076,right,0.22514627330199133,45.522684898222046,AN_04,#FE4545
720575941489195724,76353180547932693,DNg12_a,descending,DNg12_a,left,33.30144769899741,-1.3846057988757294,DN_05,#FBCD5A
720575941642837842,76071705504208626,AN08B099,ascending,AN08B099,left,-26.24455373532876,-12.609027061616818,AN_18,#51B07B
720575941511473996,76282811803413570,DNge091,descending,DNge091,right,30.734642813133153,21.413204994047245,DN_01,#F7BA3C
720575941507409502,76001336826821665,DNge116,descending,DNge116,left,-7.179474999977199,32.87439998611267,DN_03,#947E6C
720575941534288984,76212443059220657,AN06B057,ascending,AN06B057,right,-4.6715986037979995,5.018076743925174,AN_14,#BFB09A
720575941565008384,76142074315245101,SAxx01,sensory_ascending,SAxx01,left,NA,NA,NA,NA
720575941473970747,76001336826657260,DNge116,descending,DNge116,left,-7.179474999977199,32.87439998611267,DN_03,#947E6C
720575941554220571,76567036029030907,AN07B057,ascending,AN07B057,left,-6.064706018043605,23.520191993558964,AN_03,#947E6C
720575941528334539,76353180547907591,AN19B079,ascending,AN19B079,right,-1.545810868812648,47.31191143020447,AN_04,#FE4545
720575941513795660,76282811803763205,AN19B076,ascending,AN19B076,right,0.22514627330199133,45.522684898222046,AN_04,#FE4545
720575941538255587,76001336893778762,DNg110,descending,DNg110,right,17.528502294944676,19.861449088895878,DN_01,#F7BA3C
720575941558960143,76071705570895773,AN08B071,ascending,AN08B071,left,-8.876695802284328,44.319430198515015,AN_04,#FE4545
720575941558189171,76071705504309150,DNg07,descending,DNg07,left,24.434431860374364,22.14881214126404,DN_01,#F7BA3C
720575941586999518,75021466747459903,SAxx01,sensory_ascending,SAxx01,right,NA,NA,NA,NA
720575941505831262,76567241919571668,AN10B047_T2,ascending,AN10B047,left,17.75006944887534,-36.78053394333069,AN_11,#F36237
720575941558298660,76212442924978458,SNxx29,sensory_ascending,SNxx29,left,NA,NA,NA,NA
720575941606579309,76142074180693307,AN05B076,ascending,AN05B076,right,-16.148797204567042,-2.6927633620852633,AN_15,#48A9D9
720575941504331607,76001336827347901,DNg110,descending,DNg110,right,17.528502294944676,19.861449088895878,DN_01,#F7BA3C
720575941408363950,76071705504006986,AN17A076,ascending,AN17A076,right,-15.536973168922511,-46.99647632614319,AN_08,#298ABB
720575941515238234,76001336760153223,DNg07,descending,DNg07,left,24.434431860374364,22.14881214126404,DN_01,#F7BA3C
720575941626222218,76001336827226043,DNp16,descending,DNp16,right,-2.074717691017238,21.175547447050175,DN_01,#F7BA3C
720575941512661580,76001336826777997,AN06A095,ascending,AN06A095,left,-7.93926160581216,35.209624137724,AN_04,#FE4545
720575941501878466,76353180547932702,AN19B065,ascending,AN19B065,right,-0.7920521999131118,46.58299907668884,AN_04,#FE4545
720575941518951091,76001336760188835,DNg36_a,descending,DNg36_a,left,-14.800120523048488,33.04047664626892,DN_03,#947E6C
720575941632262114,76212442992382442,AN10B034_T1,ascending,AN10B034,right,16.55626661531821,-30.349379692232052,AN_11,#F36237
720575941503334962,76212442992373448,AN10B037_T1,ascending,AN10B037,right,16.689865896629247,-30.6502334214801,AN_11,#F36237
720575941546970292,76001336827038859,DNp16,descending,DNp16,right,-2.074717691017238,21.175547447050175,DN_01,#F7BA3C
720575941506164037,76001336760096504,DNg46,descending,DNg46,left,-16.058575799537746,31.515620078886112,DN_03,#947E6C
720575941592445291,76071705504074028,AN08B099,ascending,AN08B099,left,-26.24455373532876,-12.609027061616818,AN_18,#51B07B
720575941474324027,76001336760090781,SApp10,sensory_ascending,SApp10,right,NA,NA,NA,NA
720575941513419619,76001336760050135,DNge118,descending,DNge118,left,-2.3189403320084487,27.37495883926209,DN_03,#947E6C
720575941507724929,76001336826756622,DNge116,descending,DNge116,left,-7.179474999977199,32.87439998611267,DN_03,#947E6C
720575941515411603,76001336760239591,DNge111,descending,DNge111,left,29.648928472923192,22.09242710098084,DN_01,#F7BA3C
720575941448056669,76353180547879751,AN07B072_T3,ascending,AN07B072,right,2.513019869254979,34.00950511916931,AN_03,#947E6C
720575941559022381,76282811736783307,DNge095,descending,DNge095,right,-2.256466319633571,27.560726966703495,DN_03,#947E6C
720575941488722894,76282811803397161,SA_DMT_ADMN_11,sensory_ascending,SA_DMT_ADMN_11,left,NA,NA,NA,NA
720575941401375011,76071705503990000,AN10B051,ascending,AN10B051,left,19.9371021484603,-30.06620327011291,AN_11,#F36237
720575941433235744,75930968082695609,DNg12_e,descending,DNg12_e,right,34.85418588869467,-8.663407478486935,DN_05,#FBCD5A
720575941604982462,76071705504245327,DNg08_b,descending,DNg08_b,right,-5.900768926216212,2.7485924623852567,DN_01,#F7BA3C
720575941552168959,76212442992326834,AN10B048_T1,ascending,AN10B048,right,12.947953054832372,-43.80071750656311,AN_10,#695B52
720575941390604438,76353180547835670,AN07B072_T1,ascending,AN07B072,right,-2.911071469856349,30.299809303129276,AN_03,#947E6C
720575941474325297,76353180547915876,AN19B063,ascending,AN19B063,right,-1.156081488205043,46.67534145339783,AN_04,#FE4545
720575941592508453,75930968082767714,AN07B060,ascending,AN07B060,left,-6.861902406288234,41.34525951370056,AN_04,#FE4545
720575941562504546,76071705503866290,AN10B029_T3,ascending,AN10B029,left,13.178170988487157,-48.17992893234436,AN_10,#695B52
720575941480105039,75930968082652408,DNg12_b,descending,DNg12_b,right,32.35406000368491,3.058749999845584,DN_05,#FBCD5A
720575941425384532,75930968082612274,AN19B060,ascending,AN19B060,right,-16.536292245460597,27.067948188627323,AN_03,#947E6C
720575941605024365,76001336827013785,AN07B063,ascending,AN07B063,left,-6.636976411415187,40.20603069289978,AN_04,#FE4545
720575941557512307,75930968082678283,DNg12_a,descending,DNg12_a,right,33.30144769899741,-1.3846057988757294,DN_05,#FBCD5A
720575941445707284,76140219560850395,DNp28,descending,DNp28,right,-9.167138269020167,40.966612663114624,DN_04,#FE4545
720575941512515907,76848235658618649,AN06B075,ascending,AN06B075,left,-4.316495587898341,-3.7780682183856173,AN_06,#E42E2E
720575941527973508,76282811736272769,AN12B055,ascending,AN12B055,right,-16.877104928566066,-49.59526172653381,AN_08,#298ABB
720575941588369662,76212443059826216,DNg01,descending,DNg01,left,15.511827299522313,26.626124229276737,DN_02,#EC9832
720575941566646375,76071705504007047,AN09B015,ascending,AN09B015,left,10.571702787803563,-45.743279609834595,AN_10,#695B52
720575941625112940,76212442992309859,AN10B047_T3,ascending,AN10B047,right,17.0047291015853,-35.826443824922485,AN_11,#F36237
720575941579857397,75930968082723451,AN07B050,ascending,AN07B050,left,1.465172836707982,32.67556270583923,AN_03,#947E6C
720575941485889858,76212442992502166,AN10B051,ascending,AN10B051,right,19.9371021484603,-30.06620327011291,AN_11,#F36237
720575941611266278,76001336826960525,AN19B093,ascending,AN19B093,left,-1.3131113553772842,46.0352962873822,AN_04,#FE4545
720575941550685063,76917779634306374,AN07B082,ascending,AN07B082,left,-4.958590200019923,24.673100318754276,AN_03,#947E6C
720575941653710297,76001336760007015,AN07B060,ascending,AN07B060,left,-6.861902406288234,41.34525951370056,AN_04,#FE4545
720575941534028010,76212442992771900,AN08B069,ascending,AN08B069,right,0.6865296234954918,-10.168115768587032,AN_18,#51B07B
720575941447610446,76001336759962238,AN07B082,ascending,AN07B082,left,-4.958590200019923,24.673100318754276,AN_03,#947E6C
720575941529822648,75930968082687039,AN19B102,ascending,AN19B102,left,-2.684635570121852,44.81355175002869,AN_04,#FE4545
720575941501705522,76353180547991727,AN19B104,ascending,AN19B104,right,-5.2201520705948745,44.74649700149353,AN_04,#FE4545
720575941632978629,76001336893778676,DNg02_g,descending,DNg02_g,right,14.56721098177329,15.229401435697635,DN_01,#F7BA3C
720575941600640809,76282811736682768,AN03B095,ascending,AN03B095,left,4.398675510810765,17.641983833158573,AN_03,#947E6C
720575941432905943,76282811870362345,DNg110,descending,DNg110,left,17.528502294944676,19.861449088895878,DN_01,#F7BA3C
720575941564134242,76282811736602513,AN07B070,ascending,AN07B070,right,4.99748737566367,-18.989836845552365,AN_19,#4D9C3C
720575941526676301,75930968083162816,DNge017,descending,DNge017,right,16.421356031822118,26.950669135892948,DN_02,#EC9832
720575941490071605,76282811803931823,DNpe054,descending,DNpe054,left,-23.055497338844386,37.204073753202515,DN_03,#947E6C
720575941413778833,76216085795973137,AN19B104,ascending,AN19B104,left,-5.2201520705948745,44.74649700149353,AN_04,#FE4545
720575941532002533,76071705504150116,AN08B031,ascending,AN08B031,left,3.0259371494521226,-10.517800483858029,AN_18,#51B07B
720575941554637732,75930968082618079,AN19B076,ascending,AN19B076,left,0.22514627330199133,45.522684898222046,AN_04,#FE4545
720575941572392201,76353180547838511,DNg12_a,descending,DNg12_a,left,33.30144769899741,-1.3846057988757294,DN_05,#FBCD5A
720575941661415224,76282811870504430,DNg02_h,descending,DNg02_h,left,13.808390448020848,19.685889091337284,DN_01,#F7BA3C
720575941557126159,76004910776705322,AN19B104,ascending,AN19B104,right,-5.2201520705948745,44.74649700149353,AN_04,#FE4545
720575941633833403,76212443059246339,DNge091,descending,DNge091,right,30.734642813133153,21.413204994047245,DN_01,#F7BA3C
720575941560068334,76212442992660003,AN08B099,ascending,AN08B099,right,-26.24455373532876,-12.609027061616818,AN_18,#51B07B
720575941583758726,76282811870474997,DNg01,descending,DNg01,left,15.511827299522313,26.626124229276737,DN_02,#EC9832
720575941486574598,76282811804056462,DNg02_g,descending,DNg02_g,left,14.56721098177329,15.229401435697635,DN_01,#F7BA3C
720575941576782774,76142074315206502,SAxx01,sensory_ascending,SAxx01,right,NA,NA,NA,NA
720575941451023482,75930968083053974,DNge009,descending,DNge009,right,33.317126104759126,-6.660156879579465,DN_05,#FBCD5A
720575941570119162,76142074315236450,SAxx01,sensory_ascending,SAxx01,left,NA,NA,NA,NA
720575941628167225,76282811870557462,DNg02_b,descending,DNg02_b,left,13.808659384178075,14.935654487455448,DN_01,#F7BA3C
720575941545120361,76353180547783060,DNg12_e,descending,DNg12_e,left,34.85418588869467,-8.663407478486935,DN_05,#FBCD5A
720575941534146994,76142074315233558,SAxx01,sensory_ascending,SAxx01,right,NA,NA,NA,NA
720575941564202599,76282811736716652,SApp10,sensory_ascending,SApp10,left,NA,NA,NA,NA
720575941501523394,76282811803449711,AN07B056,ascending,AN07B056,right,0.9195323681105698,35.34294780715759,AN_03,#947E6C
720575941652493524,75930968015645578,DNg12_e,descending,DNg12_e,right,34.85418588869467,-8.663407478486935,DN_05,#FBCD5A
720575941686486767,76282811736748047,SApp19,sensory_ascending,SApp19,left,NA,NA,NA,NA
720575941452054835,76282811803432851,AN07B072_T1,ascending,AN07B072,right,-2.911071469856349,30.299809303129276,AN_03,#947E6C
720575941511189836,76353180547827343,AN19B059,ascending,AN19B059,right,-5.032092740608302,44.476786460722046,AN_03,#947E6C
720575941526696804,76282811736850552,DNge095,descending,DNge095,right,-2.256466319633571,27.560726966703495,DN_03,#947E6C
720575941560435571,76071705504040635,AN10B034_T2,ascending,AN10B034,left,17.873436758445653,-36.16959491745178,AN_11,#F36237
720575941530466488,76282811736731033,DNg08_b,descending,DNg08_b,left,-5.900768926216212,2.7485924623852567,DN_01,#F7BA3C
720575941574744329,76282811870363162,DNg02_a,descending,DNg02_a,left,15.662944624351415,20.74399837478455,DN_01,#F7BA3C
720575941652159449,76071705504163841,AN08B097,ascending,AN08B097,left,1.5619897341002549,-29.65097347274963,AN_18,#51B07B
720575941562981522,76212442992709747,DNg08_a,descending,DNg08_a,left,30.75803835146323,25.218670692289432,DN_01,#F7BA3C
720575941530464184,76001336760206673,AN07B049,ascending,AN07B049,left,-0.5200086141358291,31.37128337844666,AN_03,#947E6C
720575941432295639,75930968083230146,DNg02_b,descending,DNg02_b,right,13.808659384178075,14.935654487455448,DN_01,#F7BA3C
720575941412623215,76353180547794349,DNg12_e,descending,DNg12_e,left,34.85418588869467,-8.663407478486935,DN_05,#FBCD5A
720575941546216628,76212442992715385,AN08B099,ascending,AN08B099,right,-26.24455373532876,-12.609027061616818,AN_18,#51B07B
720575941575655311,75788443686735370,AN08B100_T3,ascending,AN08B100,left,-0.8150492215882217,-0.8684799410456818,AN_14,#BFB09A
720575941438547167,76071705503928321,AN10B033_T3,ascending,AN10B033,left,13.59038812868491,-40.95089069381897,AN_10,#695B52
720575941401753635,76282811870557465,DNg06,descending,DNg06,left,18.838219473289403,21.67433055862244,DN_01,#F7BA3C
720575941467254237,76282811803835730,AN06A112,ascending,AN06A112,right,-7.132372071815578,33.76012691482361,AN_03,#947E6C
720575941483124410,76212443059359858,AN06A092,ascending,AN06A092,right,4.5631213878859604,37.27505001052673,AN_04,#FE4545
720575941487967689,76282811803419314,AN07B072_T1,ascending,AN07B072,right,-2.911071469856349,30.299809303129276,AN_03,#947E6C
720575941548829473,75930968082740119,AN19B063,ascending,AN19B063,left,-1.156081488205043,46.67534145339783,AN_04,#FE4545
720575941439622111,76071705504214565,DNg08_a,descending,DNg08_a,right,30.75803835146323,25.218670692289432,DN_01,#F7BA3C
720575941466431766,76495980090189512,AN06A062,ascending,AN06A062,left,-1.9056753421555435,37.08874782546814,AN_04,#FE4545
720575941480784381,76001336760123280,AN19B060,ascending,AN19B060,right,-16.536292245460597,27.067948188627323,AN_03,#947E6C
720575941643030945,76282811870539728,DNg92_b,descending,DNg92_b,left,14.242428610252293,20.9934433363324,DN_01,#F7BA3C
720575941598492457,76282811804087481,DNg05_b,descending,DNg05_b,left,15.560491392539891,22.290755119169315,DN_02,#EC9832
720575941401786403,76001336826847501,DNpe004,descending,DNpe004,right,-9.836496522499171,37.56044658645447,DN_03,#947E6C
720575941569678450,76142074180717638,LN-DN2,sensory_descending,LN-DN2,right,NA,NA,NA,NA
720575941611082826,76001336827390646,DNg03,descending,DNg03,right,17.400217840598973,19.62922557815369,DN_14,#BFB09A
720575941438049621,76353180547871255,DNge019,descending,DNge019,left,33.00564462892905,1.0847490690594512,DN_05,#FBCD5A
720575941430081550,76071705504270923,AN08B061,ascending,AN08B061,left,1.665768334793004,-28.166411552583615,AN_18,#51B07B
720575941612340909,76001336826733709,DNge085,descending,DNge085,left,-5.740689446998683,38.77178081497009,DN_04,#FE4545
720575941459926342,75930968082756590,AN07B056,ascending,AN07B056,left,0.9195323681105698,35.34294780715759,AN_03,#947E6C
720575941489802697,76071705504035228,AN10B031,ascending,AN10B031,left,16.766947576927098,-30.901858482515255,AN_11,#F36237
720575941440899023,76282811804101495,DNg06,descending,DNg06,left,18.838219473289403,21.67433055862244,DN_01,#F7BA3C
720575941554354259,76353180547802489,DNg12_e,descending,DNg12_e,left,34.85418588869467,-8.663407478486935,DN_05,#FBCD5A
720575941569338106,76001336760064269,SApp04,sensory_ascending,SApp04,right,NA,NA,NA,NA
720575941587856951,76282811870581824,DNg02_f,descending,DNg02_f,left,15.467064688133153,15.670489158475956,DN_01,#F7BA3C
720575941514944761,76212442992491011,AN10B049_T3,ascending,AN10B049,right,21.872435400413426,-31.083281669771115,AN_11,#F36237
720575941429866593,76001336759911265,DNge095,descending,DNge095,left,-2.256466319633571,27.560726966703495,DN_03,#947E6C
720575941564155904,76282811803912283,DNpe012,descending,DNpe012,left,4.1500638221968735,21.248579826200565,DN_01,#F7BA3C
720575941545094536,76282811736748045,AN07B078,ascending,AN07B078,right,4.268418381141576,30.78188022598084,AN_03,#947E6C
720575941472297787,76282811736849922,AN07B071,ascending,AN07B071,right,8.677130529807958,39.05022319778259,AN_03,#947E6C
720575941490868021,76215398131528862,AN10B047_T2,ascending,AN10B047,right,17.75006944887534,-36.78053394333069,AN_11,#F36237
720575941475341610,76282811803940236,DNpe012,descending,DNpe012,left,4.1500638221968735,21.248579826200565,DN_01,#F7BA3C
720575941486250758,76001336826903956,AN19B093,ascending,AN19B093,left,-1.3131113553772842,46.0352962873822,AN_04,#FE4545
720575941438585644,76282811803402492,AN07B072_T1,ascending,AN07B072,right,-2.911071469856349,30.299809303129276,AN_03,#947E6C
720575941649828629,76353180547887984,AN19B063,ascending,AN19B063,right,-1.156081488205043,46.67534145339783,AN_04,#FE4545
720575941626052810,76071705504043348,AN10B031,ascending,AN10B031,left,16.766947576927098,-30.901858482515255,AN_11,#F36237
720575941604501182,76071774223482682,AN10B060,ascending,AN10B060,left,20.35843355409995,-30.3112441636676,AN_11,#F36237
720575941513116762,76001336760191783,DNg07,descending,DNg07,left,24.434431860374364,22.14881214126404,DN_01,#F7BA3C
720575941498998395,76001336893833066,720575941498998395,descending,DNg03,right,15.378098318504247,16.780066337431034,DN_14,#BFB09A
720575941562682624,75930968082764916,AN19B060,ascending,AN19B060,right,-16.536292245460597,27.067948188627323,AN_03,#947E6C
720575941476053354,76001336826858980,AN06A112,ascending,AN06A112,left,-7.132372071815578,33.76012691482361,AN_03,#947E6C
720575941449112954,76212443059437793,AN06A095,ascending,AN06A095,right,-7.93926160581216,35.209624137724,AN_04,#FE4545
720575941446997012,76212442924896606,LN-DN2,sensory_descending,LN-DN2,left,NA,NA,NA,NA
720575941472359995,76001336759962222,AN07B071,ascending,AN07B071,left,8.677130529807958,39.05022319778259,AN_03,#947E6C
720575941573655561,76212442992352728,AN10B033_T3,ascending,AN10B033,right,13.59038812868491,-40.95089069381897,AN_10,#695B52
720575941642868385,75930968015675059,DNg12_e,descending,DNg12_e,right,34.85418588869467,-8.663407478486935,DN_05,#FBCD5A
720575941486587714,76282811803920686,DNp17,descending,DNp17,left,-25.182271173072902,31.796412315214237,DN_03,#947E6C
720575941352057904,76001336826984143,DNpe054,descending,DNpe054,right,-23.055497338844386,37.204073753202515,DN_03,#947E6C
720575941433116046,76001336827436390,DNg02_b,descending,DNg02_b,right,13.808659384178075,14.935654487455448,DN_01,#F7BA3C
720575941563866536,76001336760064248,DNg08_b,descending,DNg08_b,right,-5.900768926216212,2.7485924623852567,DN_01,#F7BA3C
720575941549156980,76001336827390441,DNg02_b,descending,DNg02_b,right,13.808659384178075,14.935654487455448,DN_01,#F7BA3C
720575941481122690,75507380959749564,DNg08_b,descending,DNg08_b,right,-5.900768926216212,2.7485924623852567,DN_01,#F7BA3C
720575941528849848,76071705504306388,DNg08_a,descending,DNg08_a,right,30.75803835146323,25.218670692289432,DN_01,#F7BA3C
720575941538218216,76282811736660064,DNg08_a,descending,DNg08_a,left,30.75803835146323,25.218670692289432,DN_01,#F7BA3C
720575941492697264,76144548686094623,DNp28,descending,DNp28,left,-9.167138269020167,40.966612663114624,DN_04,#FE4545
720575941483100099,76282811736694317,SApp13,sensory_ascending,SApp13,left,NA,NA,NA,NA
720575941439143954,76282811736770991,DNge090,descending,DNge090,right,26.499861547874364,23.149416770780643,DN_01,#F7BA3C
720575941485069520,76495567169663033,AN10B048_T1,ascending,AN10B048,left,12.947953054832372,-43.80071750656311,AN_10,#695B52
720575941507410526,76212443059227051,AN08B100_T3,ascending,AN08B100,right,-0.8150492215882217,-0.8684799410456818,AN_14,#BFB09A
720575941551514174,76706673402190246,AN08B098,ascending,AN08B098,left,4.597302505897435,-21.584969673311154,AN_19,#4D9C3C
720575941569755550,76282811736773902,SApp10,sensory_ascending,SApp10,left,NA,NA,NA,NA
720575941595170341,76282811803462997,AN07B085,ascending,AN07B085,right,-0.9514585042725479,36.28631099685486,AN_03,#947E6C
720575941551093639,76353180547988764,DNg12_c,descending,DNg12_c,left,32.60257608644858,2.5795265100842313,DN_05,#FBCD5A
720575941553551495,76001336760203617,DNg07,descending,DNg07,left,24.434431860374364,22.14881214126404,DN_01,#F7BA3C
720575941436518367,76071705504128300,AN08B101,ascending,AN08B101,left,-26.900975396705714,-11.987763557588497,AN_18,#51B07B
720575941457000006,76282811736798891,AN16B081,ascending,AN16B081,left,-1.4294392371903335,39.52186473830994,AN_04,#FE4545
720575941688574360,76282811736762172,DNge109,descending,DNge109,right,-18.159609963966457,34.43440135940369,DN_03,#947E6C
720575941545249468,76353180548003066,AN07B076,ascending,AN07B076,right,1.1336206292380417,31.806269492948612,AN_03,#947E6C
720575941506628225,76071705504328563,DNge095,descending,DNge095,left,-2.256466319633571,27.560726966703495,DN_03,#947E6C
720575941586425412,75930968015666515,DNge019,descending,DNge019,right,33.00564462892905,1.0847490690594512,DN_05,#FBCD5A
720575941497822075,76142074315183871,ANXXX019_A2,ascending,ANXXX019,left,-50.9740306640397,-7.3208071328753634,AN_12,#B56FCC
720575941483896838,76142074248474850,AN08B101,ascending,AN08B101,right,-26.900975396705714,-11.987763557588497,AN_18,#51B07B
720575941489377737,76001336826833600,DNp17,descending,DNp17,right,-25.182271173072902,31.796412315214237,DN_03,#947E6C
720575941482025923,76282811736654329,SApp04,sensory_ascending,SApp04,left,NA,NA,NA,NA
720575941621878268,76282811803254676,SApp10,sensory_ascending,SApp10,left,NA,NA,NA,NA
720575941563064071,75930968015645540,DNg12_b,descending,DNg12_b,right,32.35406000368491,3.058749999845584,DN_05,#FBCD5A
720575941625193610,76282811736762173,SA_DMT_ADMN_8,sensory_ascending,SA_DMT_ADMN_8,left,NA,NA,NA,NA
720575941534887512,76636648591049760,AN07B052,ascending,AN07B052,left,2.3240144943465317,27.28508838638123,AN_03,#947E6C
720575941597582784,76848166939184474,SNxx27,sensory_ascending,SNxx27,left,NA,NA,NA,NA
720575941454569523,76212443059698663,DNg18_b,descending,DNg18_b,right,-6.159804990364162,38.8188770674115,DN_01,#F7BA3C
720575941655669784,76353180547961811,AN19B093,ascending,AN19B093,right,-1.3131113553772842,46.0352962873822,AN_04,#FE4545
720575941428274313,76353180547871205,AN06A112,ascending,AN06A112,right,-7.132372071815578,33.76012691482361,AN_03,#947E6C
720575941503123339,76071705504076791,AN08B099,ascending,AN08B099,left,-26.24455373532876,-12.609027061616818,AN_18,#51B07B
720575941624816124,76282811736682814,DNg08_a,descending,DNg08_a,left,30.75803835146323,25.218670692289432,DN_01,#F7BA3C
720575941661275704,76212442992449164,AN10B047_T1,ascending,AN10B047,right,17.76894266359702,-37.186177406465454,AN_11,#F36237
720575941458439123,76212443059320755,AN06A092,ascending,AN06A092,right,4.5631213878859604,37.27505001052673,AN_04,#FE4545
720575941687774683,76353180547810725,AN07B072_T3,ascending,AN07B072,right,2.513019869254979,34.00950511916931,AN_03,#947E6C
720575941449938013,76282811736676970,SApp13,sensory_ascending,SApp13,left,NA,NA,NA,NA
720575941592159958,76001336759956241,AN07B071,ascending,AN07B071,left,8.677130529807958,39.05022319778259,AN_03,#947E6C
720575941452260659,76777454798925221,AN07B069,ascending,AN07B069,left,9.013665983604344,40.17795452102478,AN_03,#947E6C
720575941665097203,76001336827278745,DNge134,descending,DNge134,right,15.040950605796727,2.0550986193066434,DN_06,#E42E2E
720575941428310100,75929593290403639,LN-DN2,sensory_descending,LN-DN2,right,NA,NA,NA,NA
720575941659400984,76282811736705493,DNg08_b,descending,DNg08_b,left,-5.900768926216212,2.7485924623852567,DN_01,#F7BA3C
720575941506229889,76212442992721270,DNge089,descending,DNge089,right,11.187259504722508,19.030100669706425,DN_01,#F7BA3C
720575941595947456,76071705503733095,AN05B063_T3,ascending,AN05B063,left,-9.736159493995753,-14.574430618440548,AN_08,#298ABB
720575941404981360,76212443059726304,DNp17,descending,DNp17,left,-25.182271173072902,31.796412315214237,DN_03,#947E6C
720575941721763642,76282811736773918,SApp10,sensory_ascending,SApp10,left,NA,NA,NA,NA
720575941504472645,76353180547816281,AN07B072_T3,ascending,AN07B072,right,2.513019869254979,34.00950511916931,AN_03,#947E6C
720575941505929506,75930968083162819,DNg02_c,descending,DNg02_c,right,13.227530310081395,15.366030540311893,DN_01,#F7BA3C
720575941514024657,76282811736765153,AN07B071,ascending,AN07B071,right,8.677130529807958,39.05022319778259,AN_03,#947E6C
720575941639802655,76071705504242528,DNg08_a,descending,DNg08_a,right,30.75803835146323,25.218670692289432,DN_01,#F7BA3C
720575941642623176,76001336760096529,AN07B069,ascending,AN07B069,left,9.013665983604344,40.17795452102478,AN_03,#947E6C
720575941733201963,76425611212371635,SAxx01,sensory_ascending,SAxx01,right,NA,NA,NA,NA
720575941436586784,76001336827338621,DNg03,descending,DNg03,right,17.400217840598973,19.62922557815369,DN_14,#BFB09A
720575941403959920,76212443059209789,AN08B100_T3,ascending,AN08B100,right,-0.8150492215882217,-0.8684799410456818,AN_14,#BFB09A
720575941624812187,76282811736648830,SApp10,sensory_ascending,SApp10,left,NA,NA,NA,NA
720575941523526146,76001336760102480,SApp04,sensory_ascending,SApp04,NA,NA,NA,NA,NA
720575941453960499,76001336826698759,AN06B068,ascending,AN06B068,left,-20.851691415382472,23.96369823440369,AN_03,#947E6C
720575941500700139,76282811870581767,DNg01,descending,DNg01,left,15.511827299522313,26.626124229276737,DN_02,#EC9832
720575941730244651,75930968082669760,DNg12_c,descending,DNg12_c,right,32.60257608644858,2.5795265100842313,DN_05,#FBCD5A
720575941540023189,76353180480448225,DNge057,descending,DNge057,right,20.30578119509116,-11.73776832596008,DN_08,#298ABB
720575941453611315,76282811803846468,AN07B063,ascending,AN07B063,right,-6.636976411415187,40.20603069289978,AN_04,#FE4545
720575941483885709,75930968082667013,AN19B065,ascending,AN19B065,left,-0.7920521999131118,46.58299907668884,AN_04,#FE4545
720575941498444155,76282811804018399,DNg06,descending,DNg06,left,18.838219473289403,21.67433055862244,DN_01,#F7BA3C
720575941517100947,76282811803854697,AN19B104,ascending,AN19B104,right,-5.2201520705948745,44.74649700149353,AN_04,#FE4545
720575941399380515,75930968082434299,DNg12_e,descending,DNg12_e,right,34.85418588869467,-8.663407478486935,DN_05,#FBCD5A
720575941681678525,76282811736702725,DNge093,descending,DNge093,right,24.656361410545262,23.543316688383182,DN_01,#F7BA3C
720575941510276562,76212442992307112,AN10B047_T1,ascending,AN10B047,right,17.76894266359702,-37.186177406465454,AN_11,#F36237
720575941545068988,76282811736728087,SApp10,sensory_ascending,SApp10,left,NA,NA,NA,NA
720575941414491028,76001336692335843,DNge102,descending,DNge102,right,-10.27122133023843,-22.41860500351135,DN_16,#77C8F2
720575941658621976,76001336826957721,DNpe054,descending,DNpe054,right,-23.055497338844386,37.204073753202515,DN_03,#947E6C
720575941533863194,76001336759995492,AN07B091,ascending,AN07B091,left,1.0964468216170395,28.22376903518494,AN_03,#947E6C
720575941537872253,76071705436519628,AN12B089,ascending,AN12B089,left,-5.047398736549464,-0.6028627790564698,AN_08,#298ABB
720575941549490209,76001336893819958,DNg02_a,descending,DNg02_a,right,15.662944624351415,20.74399837478455,DN_01,#F7BA3C
720575941558552591,76071705436526533,AN12B055,ascending,AN12B055,left,-16.877104928566066,-49.59526172653381,AN_08,#298ABB
720575941480673154,75930968082649680,DNg12_b,descending,DNg12_b,right,32.35406000368491,3.058749999845584,DN_05,#FBCD5A
720575941543962629,75930968083116161,DNg05_b,descending,DNg05_b,right,15.560491392539891,22.290755119169315,DN_02,#EC9832
720575941460850957,76212442992329724,AN10B053_T1,ascending,AN10B053,right,12.228362867759618,-43.368340644990845,AN_10,#695B52
720575941498736034,76071705503913785,AN10B053_T2,ascending,AN10B053,left,17.47667963259116,-36.616570625459595,AN_11,#F36237
720575941561826216,76071705503845947,AN10B053_T1,ascending,AN10B053,left,12.228362867759618,-43.368340644990845,AN_10,#695B52
720575941628704994,76071705503925311,AN10B047_T3,ascending,AN10B047,left,17.0047291015853,-35.826443824922485,AN_11,#F36237
720575941720495162,76001336759983317,AN07B078,ascending,AN07B078,left,4.268418381141576,30.78188022598084,AN_03,#947E6C
720575941526712932,76001336826827746,AN19B104,ascending,AN19B104,left,-5.2201520705948745,44.74649700149353,AN_04,#FE4545
720575941428247800,76071705436529575,AN12B089,ascending,AN12B089,left,-5.047398736549464,-0.6028627790564698,AN_08,#298ABB
720575941456504560,76282811870560422,DNg03,descending,DNg03,left,17.400217840598973,19.62922557815369,DN_14,#BFB09A
720575941518277815,76071705504051720,AN10B056,ascending,AN10B056,left,21.001232931541356,-30.216431770479122,AN_11,#F36237
720575941623347594,76282811803625214,AN07B085,ascending,AN07B085,right,-0.9514585042725479,36.28631099685486,AN_03,#947E6C
720575941474312800,76212443059209779,DNge094,descending,DNge094,right,23.41680414430991,37.535868491972046,DN_01,#F7BA3C
720575941632198560,76282811736250737,AN12B055,ascending,AN12B055,right,-16.877104928566066,-49.59526172653381,AN_08,#298ABB
720575941614893013,75930968082748489,DNge020,descending,DNge020,right,33.78710443727866,-2.5390398837680026,DN_05,#FBCD5A
720575941668397735,76071705503987313,AN10B060,ascending,AN10B060,left,20.35843355409995,-30.3112441636676,AN_11,#F36237
720575941606629485,76282811736628902,DNut054,descending,DNut054,left,-4.408587148262111,27.65070232375916,DN_03,#947E6C
720575941495108551,76142074247884378,SAch01,sensory_ascending,SAch01,NA,NA,NA,NA,NA
720575941569808754,75930968015625140,DNge019,descending,DNge019,right,33.00564462892905,1.0847490690594512,DN_05,#FBCD5A
720575941612982169,76212443059213939,DNge094,descending,DNge094,right,23.41680414430991,37.535868491972046,DN_01,#F7BA3C
720575941630049762,76001336759959170,DNge095,descending,DNge095,left,-2.256466319633571,27.560726966703495,DN_03,#947E6C
720575941452186025,76212442992645990,AN08B098,ascending,AN08B098,right,4.597302505897435,-21.584969673311154,AN_19,#4D9C3C
720575941426612564,76001336893829921,DNg02_a,descending,DNg02_a,right,15.662944624351415,20.74399837478455,DN_01,#F7BA3C
720575941536504602,76282811803384271,SApp11,sensory_ascending,SApp11,left,NA,NA,NA,NA
720575941505860887,76282811736887674,SApp10,sensory_ascending,SApp10,left,NA,NA,NA,NA
720575941591151500,76282811870475120,DNg02_f,descending,DNg02_f,left,15.467064688133153,15.670489158475956,DN_01,#F7BA3C
720575941469521216,76282811870513634,DNg03,descending,DNg03,left,17.400217840598973,19.62922557815369,DN_14,#BFB09A
720575941459099844,76001336760108320,AN07B085,ascending,AN07B085,left,-0.9514585042725479,36.28631099685486,AN_03,#947E6C
720575941661428280,76212443060018030,AN02A046,ascending,AN02A046,left,14.77082140200034,2.108071889722903,AN_06,#E42E2E
720575941479890083,75930968082718056,AN07B072_T3,ascending,AN07B072,left,2.513019869254979,34.00950511916931,AN_03,#947E6C
720575941595534981,76353180547799775,DNge025,descending,DNge025,left,33.713942358421235,-6.199528846895139,DN_05,#FBCD5A
720575941667326707,76071705504035252,AN10B046_T1,ascending,AN10B046,left,16.55913812868491,-30.290686760103146,AN_11,#F36237
720575941578499673,76282811736771000,DNge118,descending,DNge118,right,-2.3189403320084487,27.37495883926209,DN_03,#947E6C
720575941574467997,76001336826937766,720575941574467997,descending,DNp17,right,-24.879618814064113,32.40156444534119,DN_03,#947E6C
720575941507247429,76282811803741982,AN07B050,ascending,AN07B050,right,1.465172836707982,32.67556270583923,AN_03,#947E6C
720575941594188325,76142074248454929,AN08B101,ascending,AN08B101,right,-26.900975396705714,-11.987763557588497,AN_18,#51B07B
720575941563334912,76001336826864860,DNp17,descending,DNp17,right,-25.182271173072902,31.796412315214237,DN_03,#947E6C
720575941595063147,76001336759986228,DNp72,descending,DNp72,right,-4.140916516853419,28.57136997207459,DN_03,#947E6C
720575941624639434,76071705503877424,AN10B033_T3,ascending,AN10B033,left,13.59038812868491,-40.95089069381897,AN_10,#695B52
720575941430513289,76001336826821666,DNg36_b,descending,DNg36_b,left,-17.554955651832667,34.479647483671265,DN_03,#947E6C
720575941586901316,76001336759902403,DNge089,descending,DNge089,left,11.187259504722508,19.030100669706425,DN_01,#F7BA3C
720575941588955703,76212443059463074,DNge117,descending,DNge117,right,-4.688943555427638,36.71879848464783,DN_01,#F7BA3C
720575941722790714,76212442992405878,AN10B053_T2,ascending,AN10B053,right,17.47667963259116,-36.616570625459595,AN_11,#F36237
720575941468787520,75930968015293201,DNge061,descending,DNge061,right,-3.9170700813065444,-1.6291608549708527,DN_07,#52AE4E
720575941560978670,76071705504114192,AN08B099,ascending,AN08B099,left,-26.24455373532876,-12.609027061616818,AN_18,#51B07B
720575941391756548,76353180547737466,DNfl028,descending,DNfl028,NA,34.67599756472006,-8.534150753175656,DN_05,#FBCD5A
720575941572941051,76001336760168681,DNge094,descending,DNge094,left,23.41680414430991,37.535868491972046,DN_01,#F7BA3C
720575941556870884,76001336893778710,DNg110,descending,DNg110,right,17.528502294944676,19.861449088895878,DN_01,#F7BA3C
720575941568738036,76071705504136548,AN08B109,ascending,AN08B109,left,-18.36662976987466,-22.018632087861935,AN_19,#4D9C3C
720575941689426415,76071705436544070,AN12B060,ascending,AN12B060,left,16.45453245394126,-13.72100463882629,AN_18,#51B07B
720575941629386732,76353180547970826,DNg12_a,descending,DNg12_a,left,33.30144769899741,-1.3846057988757294,DN_05,#FBCD5A
720575941482418083,76212443059282290,DNge145,descending,DNge145,right,31.99502451174155,19.55348094924744,DN_01,#F7BA3C
720575941553550471,76001336760153258,DNge111,descending,DNge111,left,29.648928472923192,22.09242710098084,DN_01,#F7BA3C
720575941492153214,76001336760030083,AN07B069,ascending,AN07B069,left,9.013665983604344,40.17795452102478,AN_03,#947E6C
720575941624536828,76282811803882159,DNpe008,descending,DNpe008,left,-22.63791196591958,36.52314647659119,DN_03,#947E6C
720575941571453342,76071705504358374,DNge094,descending,DNge094,left,23.41680414430991,37.535868491972046,DN_01,#F7BA3C
720575941517006296,76282811870361135,DNg03,descending,DNg03,left,17.400217840598973,19.62922557815369,DN_14,#BFB09A
720575941574946299,76142074315256480,SAxx01,sensory_ascending,SAxx01,right,NA,NA,NA,NA
720575941431407575,76212442992692758,AN08B098,ascending,AN08B098,right,4.597302505897435,-21.584969673311154,AN_19,#4D9C3C
720575941650514193,76282811803405297,AN07B071,ascending,AN07B071,right,8.677130529807958,39.05022319778259,AN_03,#947E6C
720575941580369489,76282811736682763,DNg08_a,descending,DNg08_a,left,30.75803835146323,25.218670692289432,DN_01,#F7BA3C
720575941588183620,76282811803789416,AN19B100,ascending,AN19B100,right,-5.7291838432084,45.71758541091736,AN_04,#FE4545
720575941688217356,76212443059571330,AN19B100,ascending,AN19B100,right,-5.7291838432084,45.71758541091736,AN_04,#FE4545
720575941508261922,75930968082748445,DNg12_d,descending,DNg12_d,right,31.82272035829917,1.4205618761425811,DN_05,#FBCD5A
720575941572713359,76282811803485951,AN16B078,ascending,AN16B078,left,-0.8542788530121719,42.86646923049744,AN_04,#FE4545
720575941533380362,76071705503891429,AN10B047_T2,ascending,AN10B047,left,17.75006944887534,-36.78053394333069,AN_11,#F36237
720575941517349881,76001336826972208,DNpe054,descending,DNpe054,right,-23.055497338844386,37.204073753202515,DN_03,#947E6C
720575941547718461,76001336827273459,DNg18_b,descending,DNg18_b,left,-6.159804990364162,38.8188770674115,DN_01,#F7BA3C
720575941514120515,76212442992379396,AN10B034_T1,ascending,AN10B034,right,16.55626661531821,-30.349379692232052,AN_11,#F36237
720575941700293082,75930968083127166,DNg06,descending,DNg06,right,18.838219473289403,21.67433055862244,DN_01,#F7BA3C
720575941518593134,76282811736250745,AN12B060,ascending,AN12B060,right,16.45453245394126,-13.72100463882629,AN_18,#51B07B
720575941642285256,76282811736765178,AN07B069,ascending,AN07B069,right,9.013665983604344,40.17795452102478,AN_03,#947E6C
720575941569153906,76071705504046175,AN10B046_T2,ascending,AN10B046,left,16.582461187766942,-32.62713924423401,AN_11,#F36237
720575941610213478,75930968083188671,DNg01,descending,DNg01,right,15.511827299522313,26.626124229276737,DN_02,#EC9832
720575941588809612,76282811736850513,SApp10,sensory_ascending,SApp10,left,NA,NA,NA,NA
720575941479520898,76071705504160998,AN08B098,ascending,AN08B098,left,4.597302505897435,-21.584969673311154,AN_19,#4D9C3C
720575941407499055,76282811736253077,AN12B089,ascending,AN12B089,right,-5.047398736549464,-0.6028627790564698,AN_08,#298ABB
720575941503527147,75930968082623654,DNge025,descending,DNge025,right,33.713942358421235,-6.199528846895139,DN_05,#FBCD5A
720575941460373232,76282811870539740,DNg06,descending,DNg06,left,18.838219473289403,21.67433055862244,DN_01,#F7BA3C
720575941568118004,76353180547899327,AN07B072_T3,ascending,AN07B072,right,2.513019869254979,34.00950511916931,AN_03,#947E6C
720575941447234997,76282811736685744,SApp13,sensory_ascending,SApp13,left,NA,NA,NA,NA
720575941430071310,76282811803397168,AN07B071,ascending,AN07B071,right,8.677130529807958,39.05022319778259,AN_03,#947E6C
720575941523966820,76212443059359856,AN07B089,ascending,AN07B089,right,-3.704406430793849,40.14456829055603,AN_04,#FE4545
720575941553019475,76282811736765132,SApp10,sensory_ascending,SApp10,left,NA,NA,NA,NA
720575941610317020,76353180547973838,AN19B065,ascending,AN19B065,right,-0.7920521999131118,46.58299907668884,AN_04,#FE4545
720575941516069625,76071705503854375,AN10B048_T2,ascending,AN10B048,left,12.919598410056981,-44.390469703828735,AN_10,#695B52
720575941470728256,75930968082704111,AN07B072_T3,ascending,AN07B072,left,2.513019869254979,34.00950511916931,AN_03,#947E6C
720575941655157209,75578093435543143,AN07B071,ascending,AN07B071,left,8.677130529807958,39.05022319778259,AN_03,#947E6C
720575941485303693,76212442992499328,AN10B037_T2,ascending,AN10B037,right,16.570669958518895,-32.103808555757446,AN_11,#F36237
720575941689715931,76071705503902233,AN10B047_T1,ascending,AN10B047,left,17.76894266359702,-37.186177406465454,AN_11,#F36237
720575941457181766,76001336760015721,AN07B072_T1,ascending,AN07B072,left,-2.911071469856349,30.299809303129276,AN_03,#947E6C
720575941447762964,76071705504009907,AN10B034_T1,ascending,AN10B034,left,16.55626661531821,-30.349379692232052,AN_11,#F36237
720575941579629137,76212442992323904,AN10B053_T1,ascending,AN10B053,right,12.228362867759618,-43.368340644990845,AN_10,#695B52
720575941482115526,76282811736216743,AN12B055,ascending,AN12B055,right,-16.877104928566066,-49.59526172653381,AN_08,#298ABB
720575941480942499,76353180547893699,DNg12_e,descending,DNg12_e,left,34.85418588869467,-8.663407478486935,DN_05,#FBCD5A
720575941604343225,76071705504245357,DNg08_a,descending,DNg08_a,right,30.75803835146323,25.218670692289432,DN_01,#F7BA3C
720575941513087564,76282811736634730,SApp10,sensory_ascending,SApp10,left,NA,NA,NA,NA
720575941556235940,76212442992605855,AN08B099,ascending,AN08B099,right,-26.24455373532876,-12.609027061616818,AN_18,#51B07B
720575941637734175,76001336827309033,DNg06,descending,DNg06,right,18.838219473289403,21.67433055862244,DN_01,#F7BA3C
720575941542617117,76001336826960578,DNp17,descending,DNp17,right,-25.182271173072902,31.796412315214237,DN_03,#947E6C
720575941479864771,76282811803901504,AN19B104,ascending,AN19B104,right,-5.2201520705948745,44.74649700149353,AN_04,#FE4545
720575941445392148,76282811803724478,AN19B079,ascending,AN19B079,right,-1.545810868812648,47.31191143020447,AN_04,#FE4545
720575941469048695,76285698156007419,AN10B048_T2,ascending,AN10B048,right,12.919598410056981,-44.390469703828735,AN_10,#695B52
720575941551408538,76071705504065774,AN08B107,ascending,AN08B107,left,1.7283610796202744,-21.91281429306213,AN_18,#51B07B
720575941533339779,75930968082715251,AN19B063,ascending,AN19B063,left,-1.156081488205043,46.67534145339783,AN_04,#FE4545
720575941554888676,76001336826690113,DNge111,descending,DNge111,left,29.648928472923192,22.09242710098084,DN_01,#F7BA3C
720575941634017723,76001336826932005,DNpe018,descending,DNpe018,right,-3.1069342399369155,13.507918205106815,DN_01,#F7BA3C
720575941631020192,76001336827228799,DNge087,descending,DNge087,left,-2.953297784401027,33.008795585477905,DN_03,#947E6C
720575941428495535,76001336760021583,SApp10,sensory_ascending,SApp10,right,NA,NA,NA,NA
720575941555507283,76212442992428710,AN10B045_T2,ascending,AN10B045,right,19.217560598777684,-30.97813526169006,AN_11,#F36237
720575941535151898,74881278545259390,SApp23,sensory_ascending,SApp23,right,NA,NA,NA,NA
720575941477201002,76001336759880506,DNge089,descending,DNge089,left,11.187259504722508,19.030100669706425,DN_01,#F7BA3C
720575941501994891,75930968015556408,AN19B051_A3,ascending,AN19B051,left,1.9120306467284287,2.848488893354495,AN_18,#51B07B
720575941533291457,76282811803558480,AN16B078,ascending,AN16B078,left,-0.8542788530121719,42.86646923049744,AN_04,#FE4545
720575941438669653,76282811736267711,AN12B055,ascending,AN12B055,right,-16.877104928566066,-49.59526172653381,AN_08,#298ABB
720575941537411560,76282811736634741,AN07B069,ascending,AN07B069,right,9.013665983604344,40.17795452102478,AN_03,#947E6C
720575941478584938,76001336759496057,ANXXX470,ascending,ANXXX470,right,-11.194455316139308,-1.8771911598796052,AN_15,#48A9D9
720575941556952147,76212442924896634,AN05B053_A4,ascending,AN05B053,right,-18.793818643165675,-27.20014682785217,AN_14,#BFB09A
720575941549063167,76282811736239856,AN12B089,ascending,AN12B089,right,-5.047398736549464,-0.6028627790564698,AN_08,#298ABB
720575941576680949,76071705504054400,AN10B034_T1,ascending,AN10B034,left,16.55626661531821,-30.349379692232052,AN_11,#F36237
720575941429383521,76353180547857484,DNg12_a,descending,DNg12_a,left,33.30144769899741,-1.3846057988757294,DN_05,#FBCD5A
720575941486783238,76071705504163820,AN08B099,ascending,AN08B099,left,-26.24455373532876,-12.609027061616818,AN_18,#51B07B
720575941520087223,76071705504048905,AN10B046_T1,ascending,AN10B046,left,16.55913812868491,-30.290686760103146,AN_11,#F36237
720575941483839042,76212443059295870,AN19B104,ascending,AN19B104,right,-5.2201520705948745,44.74649700149353,AN_04,#FE4545
720575941515615843,76005322959001894,AN10B037_T3,ascending,AN10B037,right,16.301833937095555,-32.172579918062134,AN_11,#F36237
720575941472867424,76001336826830714,AN07B089,ascending,AN07B089,left,-3.704406430793849,40.14456829055603,AN_04,#FE4545
720575941649024021,76282811736787048,AN07B069,ascending,AN07B069,right,9.013665983604344,40.17795452102478,AN_03,#947E6C
720575941591804712,76001336826707551,DNge091,descending,DNge091,left,30.734642813133153,21.413204994047245,DN_01,#F7BA3C
720575941512261443,75935503970724416,SAxx02,sensory_ascending,SAxx02,right,NA,NA,NA,NA
720575941492419504,76071705503933837,AN10B053_T2,ascending,AN10B053,left,17.47667963259116,-36.616570625459595,AN_11,#F36237
720575941515917667,76282811736742511,DNg07,descending,DNg07,right,24.434431860374364,22.14881214126404,DN_01,#F7BA3C
720575941581362271,76282811803879408,AN06A092,ascending,AN06A092,right,4.5631213878859604,37.27505001052673,AN_04,#FE4545
720575941613245593,76071705504158264,AN08B103,ascending,AN08B103,left,2.2427772974242295,-27.36267009750549,AN_18,#51B07B
720575941459093459,76212442992715434,AN08B110,ascending,AN08B110,right,2.0394559597243394,-22.575240287935177,AN_18,#51B07B
720575941626193563,76282811736651616,DNg08_b,descending,DNg08_b,left,-5.900768926216212,2.7485924623852567,DN_01,#F7BA3C
720575941476632385,76001336827390088,DNg01,descending,DNg01,right,15.511827299522313,26.626124229276737,DN_02,#EC9832
720575941565716578,76353180480592786,DNfl030,descending,DNfl030,NA,33.99969370119467,-8.354055080568234,DN_05,#FBCD5A
720575941523447883,76212443059265872,DNg07,descending,DNg07,right,24.434431860374364,22.14881214126404,DN_01,#F7BA3C
720575941460701965,76212443059494471,AN19B100,ascending,AN19B100,right,-5.7291838432084,45.71758541091736,AN_04,#FE4545
720575941412778897,75232504328135167,SA_MDA_4,sensory_ascending,SA_MDA_4,left,NA,NA,NA,NA
720575941633896891,76212442992358571,AN10B053,ascending,AN10B053,right,12.338916609214696,-45.037202034151,AN_10,#695B52
720575941442671530,76001336760052983,SApp10,sensory_ascending,SApp10,right,NA,NA,NA,NA
720575941537518229,76282811736714259,SApp04,sensory_ascending,SApp04,left,NA,NA,NA,NA
720575941439454783,76282811736648845,DNg08_a,descending,DNg08_a,left,30.75803835146323,25.218670692289432,DN_01,#F7BA3C
720575941460972301,76282811803608232,AN16B116,ascending,AN16B116,left,-1.4688610339890396,40.160765495145874,AN_04,#FE4545
720575941630921413,76212442992580747,AN08B103,ascending,AN08B103,right,2.2427772974242295,-27.36267009750549,AN_18,#51B07B
720575941536003314,76282811803739087,DNge087,descending,DNge087,right,-2.953297784401027,33.008795585477905,DN_03,#947E6C
720575941446894612,76353180547961855,DNg12_e,descending,DNg12_e,left,34.85418588869467,-8.663407478486935,DN_05,#FBCD5A
720575941637800309,76001336827001872,DNpe054,descending,DNpe054,right,-23.055497338844386,37.204073753202515,DN_03,#947E6C
720575941662445180,76071705503959492,AN10B047_T3,ascending,AN10B047,left,17.0047291015853,-35.826443824922485,AN_11,#F36237
720575941689709019,76001336760176997,DNg07,descending,DNg07,left,24.434431860374364,22.14881214126404,DN_01,#F7BA3C
720575941512453443,76353180547551015,AN07B071,ascending,AN07B071,right,8.677130529807958,39.05022319778259,AN_03,#947E6C
720575941552584510,76071705504360972,DNge094,descending,DNge094,left,23.41680414430991,37.535868491972046,DN_01,#F7BA3C
720575941530964355,76071705504029929,AN10B060,ascending,AN10B060,left,20.35843355409995,-30.3112441636676,AN_11,#F36237
720575941438959707,76001336759946913,AN07B071,ascending,AN07B071,left,8.677130529807958,39.05022319778259,AN_03,#947E6C
720575941541703453,76353180547860117,AN07B072_T3,ascending,AN07B072,right,2.513019869254979,34.00950511916931,AN_03,#947E6C
720575941461352659,76212443059076095,DNge094,descending,DNge094,right,23.41680414430991,37.535868491972046,DN_01,#F7BA3C
720575941425381716,76212443059532301,DNge085,descending,DNge085,right,-5.740689446998683,38.77178081497009,DN_04,#FE4545
720575941559205933,76282811804044810,DNg05_b,descending,DNg05_b,left,15.560491392539891,22.290755119169315,DN_02,#EC9832
720575941604809718,76282811736753806,AN03B050,ascending,AN03B050,NA,-0.9728137756119644,29.039019431913456,AN_03,#947E6C
720575941513674131,75930968015304731,DNge061,descending,DNge061,right,-3.9170700813065444,-1.6291608549708527,DN_07,#52AE4E
720575941533946456,76071705504099627,AN08B103,ascending,AN08B103,right,2.2427772974242295,-27.36267009750549,AN_18,#51B07B
720575941575484598,76282811803800648,DNge071,descending,DNge071,right,-5.476243188453761,36.312315788114624,DN_04,#FE4545
720575941603691198,76071705503882868,AN10B033_T3,ascending,AN10B033,left,13.59038812868491,-40.95089069381897,AN_10,#695B52
720575941440714959,75930968149638386,DNg03,descending,DNg03,right,17.400217840598973,19.62922557815369,DN_14,#BFB09A
720575941459285700,76282811736697173,SApp19,sensory_ascending,SApp19,left,NA,NA,NA,NA
720575941501635927,76282811870587264,DNg02_b,descending,DNg02_b,left,13.808659384178075,14.935654487455448,DN_01,#F7BA3C
720575941444765866,76284667430975960,SApp14,sensory_ascending,SApp14,right,NA,NA,NA,NA
720575941527175524,76282811870362934,DNg03,descending,DNg03,left,17.400217840598973,19.62922557815369,DN_14,#BFB09A
720575941533398659,76071705504347470,DNge094,descending,DNge094,left,23.41680414430991,37.535868491972046,DN_01,#F7BA3C
720575941608733673,76212443059301460,DNge114,descending,DNge114,right,-16.69391362912759,33.946593131864624,DN_03,#947E6C
720575941526721869,76071705503919647,AN10B053_T1,ascending,AN10B053,left,12.228362867759618,-43.368340644990845,AN_10,#695B52
720575941592328741,76282811736685763,SApp11,sensory_ascending,SApp11,left,NA,NA,NA,NA
720575941688127350,76212442992402882,AN10B053_T2,ascending,AN10B053,right,17.47667963259116,-36.616570625459595,AN_11,#F36237
720575941598693824,76282811803948479,DNp17,descending,DNp17,left,-25.182271173072902,31.796412315214237,DN_03,#947E6C
720575941402226211,76142074180767129,SAxx02,sensory_ascending,SAxx02,right,NA,NA,NA,NA
720575941689667547,76212442992620427,AN08B099,ascending,AN08B099,right,-26.24455373532876,-12.609027061616818,AN_18,#51B07B
720575941474566708,76004910776739306,AN19B100,ascending,AN19B100,right,-5.7291838432084,45.71758541091736,AN_04,#FE4545
720575941460517060,76282811736697171,SApp10,sensory_ascending,SApp10,left,NA,NA,NA,NA
720575941596171968,76282811736745245,SApp19,sensory_ascending,SApp19,left,NA,NA,NA,NA
720575941656032980,76282811736697234,SApp20,sensory_ascending,SApp20,left,NA,NA,NA,NA
720575941473825888,75930968082550084,DNge020,descending,DNge020,right,33.78710443727866,-2.5390398837680026,DN_05,#FBCD5A
720575941691002264,76354829614367417,AN08B031,ascending,AN08B031,right,3.0259371494521226,-10.517800483858029,AN_18,#51B07B
720575941552203930,76282811803402553,AN07B089,ascending,AN07B089,right,-3.704406430793849,40.14456829055603,AN_04,#FE4545
720575941500564363,76282811736699901,SApp10,sensory_ascending,SApp10,left,NA,NA,NA,NA
720575941590112040,76282811803483001,AN16B078,ascending,AN16B078,left,-0.8542788530121719,42.86646923049744,AN_04,#FE4545
720575941437893461,76282811736654324,SApp11,sensory_ascending,SApp11,left,NA,NA,NA,NA
720575941722210362,76282811804047558,DNg06,descending,DNg06,left,18.838219473289403,21.67433055862244,DN_01,#F7BA3C
720575941658641176,76001336759902364,AN07B070,ascending,AN07B070,left,4.99748737566367,-18.989836845552365,AN_19,#4D9C3C
720575941444941588,76001336759965224,SApp10,sensory_ascending,SApp10,right,NA,NA,NA,NA
720575941544157628,76071705504284672,AN08B110,ascending,AN08B110,left,2.0394559597243394,-22.575240287935177,AN_18,#51B07B
720575941476981569,76212442992706738,DNg08_a,descending,DNg08_a,left,30.75803835146323,25.218670692289432,DN_01,#F7BA3C
720575941460902157,76212442992692765,DNg07,descending,DNg07,right,24.434431860374364,22.14881214126404,DN_01,#F7BA3C
720575941649932785,76777454798776635,AN07B095,ascending,AN07B095,left,4.445535252021703,30.773569907987675,AN_03,#947E6C
720575941482407677,75930968082672587,DNnt008,descending,DNnt008,right,31.718579122947606,3.852547969663699,DN_05,#FBCD5A
720575941518431927,76001336826929271,AN16B078_b,ascending,AN16B078_b,right,-1.9727999473343765,41.397555198515015,AN_04,#FE4545
720575941493998464,76212443059526408,DNge087,descending,DNge087,right,-2.953297784401027,33.008795585477905,DN_03,#947E6C
720575941434859296,76282811803715877,AN07B072_T3,ascending,AN07B072,right,2.513019869254979,34.00950511916931,AN_03,#947E6C
720575941555214593,76001336827001920,AN19B100,ascending,AN19B100,left,-5.7291838432084,45.71758541091736,AN_04,#FE4545
720575941565526119,76282811803457591,AN16B078,ascending,AN16B078,left,-0.8542788530121719,42.86646923049744,AN_04,#FE4545
720575941487707189,76282811803575726,AN16B112,ascending,AN16B112,left,-1.3472745919953262,40.05092891677673,AN_04,#FE4545
720575941452266291,76918398243782754,AN10B037_T1,ascending,AN10B037,left,16.689865896629247,-30.6502334214801,AN_11,#F36237
720575941573385224,76001336760224810,DNge114,descending,DNge114,left,-16.69391362912759,33.946593131864624,DN_03,#947E6C
720575941432771982,76282811803567026,AN16B078,ascending,AN16B078,left,-0.8542788530121719,42.86646923049744,AN_04,#FE4545
720575941404813680,76001336826747948,DNg36_b,descending,DNg36_b,left,-17.554955651832667,34.479647483671265,DN_03,#947E6C
720575941461320644,76282811803896012,DNpe054,descending,DNpe054,left,-23.055497338844386,37.204073753202515,DN_03,#947E6C
720575941549510974,76282811803419251,AN16B078,ascending,AN16B078,left,-0.8542788530121719,42.86646923049744,AN_04,#FE4545
720575941522001591,76212443059172178,DNge094,descending,DNge094,right,23.41680414430991,37.535868491972046,DN_01,#F7BA3C
720575941566734836,76001336760001350,SApp19,sensory_ascending,SApp19,right,NA,NA,NA,NA
720575941548952609,76001336759998459,AN07B069,ascending,AN07B069,left,9.013665983604344,40.17795452102478,AN_03,#947E6C
720575941504258839,75930968082626508,DNge025,descending,DNge025,right,33.713942358421235,-6.199528846895139,DN_05,#FBCD5A
720575941478074592,76282811804151400,DNg02_b,descending,DNg02_b,left,13.808659384178075,14.935654487455448,DN_01,#F7BA3C
720575941533578177,76282811803991064,DNge085,descending,DNge085,right,-5.740689446998683,38.77178081497009,DN_04,#FE4545
720575941559458675,76212442992628737,AN08B109,ascending,AN08B109,right,-18.36662976987466,-22.018632087861935,AN_19,#4D9C3C
720575941549950207,76071705504133819,AN08B101,ascending,AN08B101,left,-26.900975396705714,-11.987763557588497,AN_18,#51B07B
720575941603506622,76071636784299572,SApp23,sensory_ascending,SApp23,right,NA,NA,NA,NA
720575941564094720,76282811803754013,AN19B093,ascending,AN19B093,right,-1.3131113553772842,46.0352962873822,AN_04,#FE4545
720575941558966766,76071705504076792,AN10B049_T2,ascending,AN10B049,left,21.107399771140965,-31.478436622774044,AN_11,#F36237
720575941465737814,76353180547854839,DNg12_a,descending,DNg12_a,left,33.30144769899741,-1.3846057988757294,DN_05,#FBCD5A
720575941479434720,76353180480707488,DNg12_e,descending,DNg12_e,left,34.85418588869467,-8.663407478486935,DN_05,#FBCD5A
720575941512498252,76142074248430626,AN08B102,ascending,AN08B102,left,3.078910181449803,-22.705201301729122,AN_18,#51B07B
720575941506644028,76001336826861911,DNge071,descending,DNge071,left,-5.476243188453761,36.312315788114624,DN_04,#FE4545
720575941475557681,75930968149649388,DNg03,descending,DNg03,right,17.400217840598973,19.62922557815369,DN_14,#BFB09A
720575941614190099,76282811803898824,DNpe008,descending,DNpe008,left,-22.63791196591958,36.52314647659119,DN_03,#947E6C
720575941483879430,76282811803394022,AN07B071,ascending,AN07B071,right,8.677130529807958,39.05022319778259,AN_03,#947E6C
720575941578736629,75930968082737365,AN07B085,ascending,AN07B085,left,-0.9514585042725479,36.28631099685486,AN_03,#947E6C
720575941429327063,76284598711511811,AN16B112,ascending,AN16B112,right,-1.3472745919953262,40.05092891677673,AN_04,#FE4545
720575941604048830,76071705503848678,AN10B047_T3,ascending,AN10B047,left,17.0047291015853,-35.826443824922485,AN_11,#F36237
720575941570313118,76001336760185860,AN16B078,ascending,AN16B078,right,-0.8542788530121719,42.86646923049744,AN_04,#FE4545
720575941669864113,76071705504037900,AN10B039_T1,ascending,AN10B039,left,19.83228952638999,-31.121508751069943,AN_11,#F36237
720575941524375883,75863348587513702,SApp07,sensory_ascending,SApp07,right,NA,NA,NA,NA
720575941506224700,75723229641884850,SApp22,sensory_ascending,SApp22,right,NA,NA,NA,NA
720575941493019111,76001336826999162,DNpe054,descending,DNpe054,right,-23.055497338844386,37.204073753202515,DN_03,#947E6C
720575941508250658,76001336759986230,SApp10,sensory_ascending,SApp10,right,NA,NA,NA,NA
720575941536231105,76282811736750925,DNg08,descending,DNg08,left,30.0246265625228,24.053330268705448,DN_01,#F7BA3C
720575941539767900,76777454798717529,AN07B101,ascending,AN07B101,left,2.6564307903517808,29.326004829252323,AN_03,#947E6C
720575941437249836,76353180547830274,AN07B072_T3,ascending,AN07B072,right,2.513019869254979,34.00950511916931,AN_03,#947E6C
720575941463893078,76212443059483128,AN06A092,ascending,AN06A092,right,4.5631213878859604,37.27505001052673,AN_04,#FE4545
720575941730332715,75930968083152111,DNg02_a,descending,DNg02_a,right,15.662944624351415,20.74399837478455,DN_01,#F7BA3C
720575941409701035,76001336760069921,SApp10,sensory_ascending,SApp10,right,NA,NA,NA,NA
720575941631615468,76071705504012921,AN10B034_T2,ascending,AN10B034,left,17.873436758445653,-36.16959491745178,AN_11,#F36237
720575941552002815,75792154404108770,DNg57,descending,DNg57,right,-6.655316045356837,-6.3034288026446506,DN_08,#298ABB
720575941512782947,76847548329242426,AN07B101,ascending,AN07B101,left,2.6564307903517808,29.326004829252323,AN_03,#947E6C
720575941466965725,76353180547899337,DNge024,descending,DNge024,left,33.18192941896811,-6.603655014192502,DN_05,#FBCD5A
720575941634206651,76282811736753758,AN07B101_b,ascending,AN07B101_b,right,4.511550018714818,30.961211051786503,AN_03,#947E6C
720575941399010595,76001336759980256,SApp19,sensory_ascending,SApp19,right,NA,NA,NA,NA
720575941686310895,76353180547915833,DNge024,descending,DNge024,left,33.18192941896811,-6.603655014192502,DN_05,#FBCD5A
720575941655733972,76001336826870578,SApp17,sensory_ascending,SApp17,right,NA,NA,NA,NA
720575941503483330,76212442992605851,AN08B101,ascending,AN08B101,right,-26.900975396705714,-11.987763557588497,AN_18,#51B07B
720575941442478287,75930968082672600,AN19B060,ascending,AN19B060,left,-16.536292245460597,27.067948188627323,AN_03,#947E6C
720575941612937881,76282811736676965,720575941612937881,sensory_ascending,SA_DMT_ADMN_2,left,NA,NA,NA,NA
720575941505656866,76282811736739677,AN07B091,ascending,AN07B091,right,1.0964468216170395,28.22376903518494,AN_03,#947E6C
720575941666925745,75930968082726321,DNg12_d,descending,DNg12_d,right,31.82272035829917,1.4205618761425811,DN_05,#FBCD5A
720575941623908298,76282811803605324,AN07B089,ascending,AN07B089,right,-3.704406430793849,40.14456829055603,AN_04,#FE4545
720575941412103535,76071705436523633,AN12B089,ascending,AN12B089,left,-5.047398736549464,-0.6028627790564698,AN_08,#298ABB
720575941592514341,76282811803578653,SApp17,sensory_ascending,SApp17,left,NA,NA,NA,NA
720575941451737927,76212442992692745,AN08B059,ascending,AN08B059,right,4.252839634345921,-21.40652767196838,AN_18,#51B07B
720575941508688257,76001336760159411,SApp12,sensory_ascending,SApp12,right,NA,NA,NA,NA
720575941623634122,76001336893762775,DNg02_a,descending,DNg02_a,right,15.662944624351415,20.74399837478455,DN_01,#F7BA3C
720575941678584253,75723298361315706,SApp16,sensory_ascending,SApp16,right,NA,NA,NA,NA
720575941630493600,76282811803689861,AN07B072_T3,ascending,AN07B072,right,2.513019869254979,34.00950511916931,AN_03,#947E6C
720575941553617124,75652929616635341,SAppxx,sensory_ascending,SAppxx,right,NA,NA,NA,NA
720575941588545335,76071705503761388,SApp23,sensory_ascending,SApp23,right,NA,NA,NA,NA
720575941627576377,76282811803710061,DNge085,descending,DNge085,right,-5.740689446998683,38.77178081497009,DN_04,#FE4545
720575941488256976,76142074248486540,AN08B099,ascending,AN08B099,left,-26.24455373532876,-12.609027061616818,AN_18,#51B07B
720575941611059274,75930418192586856,SApp22,sensory_ascending,SApp22,right,NA,NA,NA,NA
720575941688644315,76282811803683929,DNge085,descending,DNge085,right,-5.740689446998683,38.77178081497009,DN_04,#FE4545
720575941413523604,76001336893739146,AN02A046,ascending,AN02A046,right,14.77082140200034,2.108071889722903,AN_06,#E42E2E
720575941569505394,76282811803887480,DNpe054,descending,DNpe054,left,-23.055497338844386,37.204073753202515,DN_03,#947E6C
720575941633124539,76071705503869071,AN10B048_T1,ascending,AN10B048,left,12.947953054832372,-43.80071750656311,AN_10,#695B52
720575941505239717,76355242602267297,ANXXX990,ascending,ANXXX990,right,-12.19812505490884,1.6610344313031036,AN_14,#BFB09A
720575941603438777,76212443059265884,DNg07,descending,DNg07,right,24.434431860374364,22.14881214126404,DN_01,#F7BA3C
720575941602974649,76001336826996311,DNpe054,descending,DNpe054,right,-23.055497338844386,37.204073753202515,DN_03,#947E6C
720575941436503359,76282811736244105,AN12B089,ascending,AN12B089,right,-5.047398736549464,-0.6028627790564698,AN_08,#298ABB
720575941449604942,76212443059351617,AN19B104,ascending,AN19B104,right,-5.2201520705948745,44.74649700149353,AN_04,#FE4545
720575941628636130,76001336826716106,SApp17,sensory_ascending,SApp17,right,NA,NA,NA,NA
720575941405473327,76282811804039639,DNge015,descending,DNge015,left,17.234110662864598,20.232508506620487,DN_01,#F7BA3C
720575941504235095,76212442992510543,AN10B034_T1,ascending,AN10B034,right,16.55626661531821,-30.349379692232052,AN_11,#F36237
720575941593604054,76001336760032809,SApp10,sensory_ascending,SApp10,right,NA,NA,NA,NA
720575941613322003,76001336760182906,AN16B078,ascending,AN16B078,right,-0.8542788530121719,42.86646923049744,AN_04,#FE4545
720575941480245327,76142074180726547,SAch01,sensory_ascending,SAch01,right,NA,NA,NA,NA
720575941559946478,76282811803898859,DNpe008,descending,DNpe008,left,-22.63791196591958,36.52314647659119,DN_03,#947E6C
720575941494185344,76001336826824733,SApp17,sensory_ascending,SApp17,right,NA,NA,NA,NA
720575941568305658,76282811736887495,AN07B101,ascending,AN07B101,right,2.6564307903517808,29.326004829252323,AN_03,#947E6C
720575941460661188,76001336759959160,SApp10,sensory_ascending,SApp10,right,NA,NA,NA,NA
720575941536984842,76001336826756621,DNge116,descending,DNge116,left,-7.179474999977199,32.87439998611267,DN_03,#947E6C
720575941546363169,76001336760088025,SApp13,sensory_ascending,SApp13,right,NA,NA,NA,NA
720575941553530503,76003536186090548,SApp10,sensory_ascending,SApp10,right,NA,NA,NA,NA
720575941644357221,76286386021947927,AN19B104,ascending,AN19B104,left,-5.2201520705948745,44.74649700149353,AN_04,#FE4545
720575941626302858,76353180547788614,DNg12_e,descending,DNg12_e,left,34.85418588869467,-8.663407478486935,DN_05,#FBCD5A
720575941454124781,76353180547952906,DNg12_a,descending,DNg12_a,left,33.30144769899741,-1.3846057988757294,DN_05,#FBCD5A
720575941560655784,76001336760156385,AN16B078,ascending,AN16B078,right,-0.8542788530121719,42.86646923049744,AN_04,#FE4545
720575941688242328,75930968082586938,DNge024,descending,DNge024,right,33.18192941896811,-6.603655014192502,DN_05,#FBCD5A
720575941589969292,76001336760050173,SApp19,sensory_ascending,SApp19,right,NA,NA,NA,NA
720575941661385784,76001336760001293,SApp04,sensory_ascending,SApp04,right,NA,NA,NA,NA
720575941460087251,75930968082712471,AN07B072_T3,ascending,AN07B072,left,2.513019869254979,34.00950511916931,AN_03,#947E6C
720575941596600709,76001336760307999,DNge116,descending,DNge116,left,-7.179474999977199,32.87439998611267,DN_03,#947E6C
720575941499397003,75930968082550102,SApp06,sensory_ascending,SApp06,right,NA,NA,NA,NA
720575941574226024,75930968082487783,DNge020,descending,DNge020,right,33.78710443727866,-2.5390398837680026,DN_05,#FBCD5A
720575941652278033,76001336827205229,DNge087,descending,DNge087,left,-2.953297784401027,33.008795585477905,DN_03,#947E6C
720575941431577007,75930968083287055,DNg02_a,descending,DNg02_a,right,15.662944624351415,20.74399837478455,DN_01,#F7BA3C
720575941551115775,76142074247792790,SAch01,sensory_ascending,SAch01,NA,NA,NA,NA,NA
720575941535332952,76001336826909544,DNpe008,descending,DNpe008,right,-22.63791196591958,36.52314647659119,DN_03,#947E6C
720575941534800618,76001336827165694,DNge071,descending,DNge071,left,-5.476243188453761,36.312315788114624,DN_04,#FE4545
720575941551514686,76142074248422400,AN08B102,ascending,AN08B102,right,3.078910181449803,-22.705201301729122,AN_18,#51B07B
720575941432054191,76001336759937858,SApp19,sensory_ascending,SApp19,right,NA,NA,NA,NA
720575941472826976,76001336826864881,SApp17,sensory_ascending,SApp17,right,NA,NA,NA,NA
720575941541832733,76282811803393999,SApp20,sensory_ascending,SApp20,NA,NA,NA,NA,NA
720575941549428991,76286179595105758,AN07B072_b,ascending,AN07B072_b,left,1.7361316179503525,33.629393424833374,AN_03,#947E6C
720575941478631786,75930968082718067,AN07B072_T3,ascending,AN07B072,left,2.513019869254979,34.00950511916931,AN_03,#947E6C
720575941452264361,76282811803895987,DNge071,descending,DNge071,right,-5.476243188453761,36.312315788114624,DN_04,#FE4545
720575941501922498,76707086121230492,AN07B091,ascending,AN07B091,left,1.0964468216170395,28.22376903518494,AN_03,#947E6C
720575941554228481,76353180547907589,DNg12_e,descending,DNg12_e,left,34.85418588869467,-8.663407478486935,DN_05,#FBCD5A
720575941625603995,76142074180706343,SAch01,sensory_ascending,SAch01,right,NA,NA,NA,NA
720575941601022710,76282811736730993,AN07B078,ascending,AN07B078,right,4.268418381141576,30.78188022598084,AN_03,#947E6C
720575941501608939,75930968082600696,DNg12_b,descending,DNg12_b,right,32.35406000368491,3.058749999845584,DN_05,#FBCD5A
720575941498434683,76212443059213996,DNge094,descending,DNge094,right,23.41680414430991,37.535868491972046,DN_01,#F7BA3C
720575941459850707,76212442992338364,AN10B053_T1,ascending,AN10B053,right,12.228362867759618,-43.368340644990845,AN_10,#695B52
720575941722212666,76142074248438774,AN08B096,ascending,AN08B096,left,1.9197726940383042,-29.329123649751583,AN_18,#51B07B
720575941484160954,75930968082581389,AN07B085,ascending,AN07B085,left,-0.9514585042725479,36.28631099685486,AN_03,#947E6C
720575941669591217,76283705022407754,SAch01,sensory_ascending,SAch01,right,NA,NA,NA,NA
720575941569320050,76282811803901575,DNpe054,descending,DNpe054,left,-23.055497338844386,37.204073753202515,DN_03,#947E6C
720575941460274116,76212442992556185,AN10B060,ascending,AN10B060,right,20.35843355409995,-30.3112441636676,AN_11,#F36237
720575941650394901,76001336826695932,SApp22,sensory_ascending,SApp22,right,NA,NA,NA,NA
720575941612139241,76282811736745248,AN07B069,ascending,AN07B069,right,9.013665983604344,40.17795452102478,AN_03,#947E6C
720575941457206854,76071705504096871,AN08B095,ascending,AN08B095,left,-18.46320836789712,-21.91884914413635,AN_19,#4D9C3C
720575941477928834,76847823609661358,AN07B082,ascending,AN07B082,left,-4.958590200019923,24.673100318754276,AN_03,#947E6C
720575941605057901,75930968082709589,AN07B085,ascending,AN07B085,left,-0.9514585042725479,36.28631099685486,AN_03,#947E6C
720575941573846941,76071705504334245,DNge094,descending,DNge094,left,23.41680414430991,37.535868491972046,DN_01,#F7BA3C
720575941644047698,76282811736773923,SApp19,sensory_ascending,SApp19,left,NA,NA,NA,NA
720575941538881778,76004017356495285,SApp12,sensory_ascending,SApp12,right,NA,NA,NA,NA
720575941514537731,76001336826806763,SApp02,sensory_ascending,SApp02,right,NA,NA,NA,NA
720575941588874892,76282811803887484,DNpe054,descending,DNpe054,left,-23.055497338844386,37.204073753202515,DN_03,#947E6C
720575941439919295,75930968082620915,DNg12_e,descending,DNg12_e,right,34.85418588869467,-8.663407478486935,DN_05,#FBCD5A
720575941549788961,76282811803945709,DNpe054,descending,DNpe054,left,-23.055497338844386,37.204073753202515,DN_03,#947E6C
720575941506431548,76212442992704124,AN08B043,ascending,AN08B043,right,9.760372946189793,-20.332886848604122,AN_18,#51B07B
720575941430610095,76001336826742222,DNge109,descending,DNge109,left,-18.159609963966457,34.43440135940369,DN_03,#947E6C
720575941588503948,76212442992631577,AN08B112,ascending,AN08B112,right,10.199114630149754,-20.444285545503536,AN_18,#51B07B
720575941564493831,76001336759923144,SApp10,sensory_ascending,SApp10,right,NA,NA,NA,NA
720575941534998282,75930968082712509,AN06A010,ascending,AN06A010,left,-2.2569228912125503,26.317663993681034,AN_03,#947E6C
720575941602753782,76142074247897258,LgAG6,sensory_ascending,LgAG6,right,NA,NA,NA,NA
720575941453487529,75863692319260312,SApp22,sensory_ascending,SApp22,right,NA,NA,NA,NA
720575941450027101,75930968082698416,AN07B085,ascending,AN07B085,left,-0.9514585042725479,36.28631099685486,AN_03,#947E6C
720575941482713341,76001336760194695,DNg07,descending,DNg07,left,24.434431860374364,22.14881214126404,DN_01,#F7BA3C
720575941515329859,76001336760093674,AN16B078,ascending,AN16B078,right,-0.8542788530121719,42.86646923049744,AN_04,#FE4545
720575941472597051,75930968082606437,DNge020,descending,DNge020,right,33.78710443727866,-2.5390398837680026,DN_05,#FBCD5A
720575941393196950,76001336826906737,DNpe008,descending,DNpe008,right,-22.63791196591958,36.52314647659119,DN_03,#947E6C
720575941645365960,76282811803368914,AN16B078,ascending,AN16B078,left,-0.8542788530121719,42.86646923049744,AN_04,#FE4545
720575941411527057,76282811803405303,AN07B082,ascending,AN07B082,right,-4.958590200019923,24.673100318754276,AN_03,#947E6C
720575941497064098,75723092269528660,AN_4_None,sensory_ascending,AN_4_None,right,NA,NA,NA,NA
720575941496967040,76001336759998457,AN07B078,ascending,AN07B078,left,4.268418381141576,30.78188022598084,AN_03,#947E6C
720575941571671709,76212442992677916,AN08B112,ascending,AN08B112,right,10.199114630149754,-20.444285545503536,AN_18,#51B07B
720575941546494313,76001336826730716,SApp12,sensory_ascending,SApp12,right,NA,NA,NA,NA
720575941474589489,76282811736699916,SA_DMT_ADMN_11,sensory_ascending,SA_DMT_ADMN_11,left,NA,NA,NA,NA
720575941612646809,75933579892612956,SApp17,sensory_ascending,SApp17,right,NA,NA,NA,NA
720575941623395483,76001336826824705,SAppxx,sensory_ascending,SAppxx,right,NA,NA,NA,NA
720575941566913786,76001336760239606,SApp07,sensory_ascending,SApp07,right,NA,NA,NA,NA
720575941593057064,76282811736596917,AN07B082,ascending,AN07B082,right,-4.958590200019923,24.673100318754276,AN_03,#947E6C
720575941451322702,76001336760191843,SApp09,sensory_ascending,SApp09,right,NA,NA,NA,NA
720575941516887918,76001336826850366,SApp17,sensory_ascending,SApp17,right,NA,NA,NA,NA
720575941562409479,76282811736671442,AN07B082,ascending,AN07B082,right,-4.958590200019923,24.673100318754276,AN_03,#947E6C
720575941563548160,76071705504054444,AN10B034_T1,ascending,AN10B034,left,16.55626661531821,-30.349379692232052,AN_11,#F36237
720575941602726078,76212443059240723,DNge109,descending,DNge109,right,-18.159609963966457,34.43440135940369,DN_03,#947E6C
720575941526636290,75930968082698447,AN19B079,ascending,AN19B079,left,-1.545810868812648,47.31191143020447,AN_04,#FE4545
720575941467559702,75930968083155206,DNg06,descending,DNg06,right,18.838219473289403,21.67433055862244,DN_01,#F7BA3C
720575941495929470,76282811803578656,DNg36_b,descending,DNg36_b,right,-17.554955651832667,34.479647483671265,DN_03,#947E6C
720575941438848479,75788787686938655,DNpe054,descending,DNpe054,right,-23.055497338844386,37.204073753202515,DN_03,#947E6C
720575941574640136,76282811736776815,AN07B069,ascending,AN07B069,right,9.013665983604344,40.17795452102478,AN_03,#947E6C
720575941571691165,76142074180767564,SAch01,sensory_ascending,SAch01,right,NA,NA,NA,NA
720575941492003559,76565867127215680,SAch02,sensory_ascending,SAch02,left,NA,NA,NA,NA
720575941471346016,76282811803444018,AN07B089,ascending,AN07B089,right,-3.704406430793849,40.14456829055603,AN_04,#FE4545
720575941531974629,76001336826798043,DNg36_b,descending,DNg36_b,left,-17.554955651832667,34.479647483671265,DN_03,#947E6C
720575941539582669,76071705503860239,AN10B048_T2,ascending,AN10B048,left,12.919598410056981,-44.390469703828735,AN_10,#695B52
720575941609482413,75653067122700206,SApp16,sensory_ascending,SApp16,right,NA,NA,NA,NA
720575941609599078,76001336826795220,SApp01,sensory_ascending,SApp01,right,NA,NA,NA,NA
720575941572925583,76001336826736529,AN16B078,ascending,AN16B078,right,-0.8542788530121719,42.86646923049744,AN_04,#FE4545
720575941562066088,76282811803394012,AN07B071,ascending,AN07B071,right,8.677130529807958,39.05022319778259,AN_03,#947E6C
720575941577341544,76212443059274101,DNge116,descending,DNge116,right,-7.179474999977199,32.87439998611267,DN_03,#947E6C
720575941512840953,76001336760153227,SApp05,sensory_ascending,SApp05,right,NA,NA,NA,NA
720575941533990488,76001336759934840,SApp10,sensory_ascending,SApp10,right,NA,NA,NA,NA
720575941645203576,76001336760200608,SApp09,sensory_ascending,SApp09,right,NA,NA,NA,NA
720575941495343047,76001336760009951,SApp20,sensory_ascending,SApp20,right,NA,NA,NA,NA
720575941390285462,75930968083141165,DNg05_b,descending,DNg05_b,right,15.560491392539891,22.290755119169315,DN_02,#EC9832
720575941605091518,76282811803833092,DNge085,descending,DNge085,right,-5.740689446998683,38.77178081497009,DN_04,#FE4545
720575941595808039,76212442992662829,AN08B061,ascending,AN08B061,right,1.665768334793004,-28.166411552583615,AN_18,#51B07B
720575941518246327,76001336826666315,AN16B078,ascending,AN16B078,right,-0.8542788530121719,42.86646923049744,AN_04,#FE4545
720575941579361873,76075622984021705,AN10B060,ascending,AN10B060,right,20.35843355409995,-30.3112441636676,AN_11,#F36237
720575941498833531,76005254239724028,AN10B047_T3,ascending,AN10B047,right,17.0047291015853,-35.826443824922485,AN_11,#F36237
720575941436005650,76282811736651589,SApp14,sensory_ascending,SApp14,left,NA,NA,NA,NA
720575941653952217,76282811736688557,SApp11,sensory_ascending,SApp11,left,NA,NA,NA,NA
720575941592898341,76070743163084425,SAch02,sensory_ascending,SAch02,right,NA,NA,NA,NA
720575941533567754,76282811803692755,DNge071,descending,DNge071,right,-5.476243188453761,36.312315788114624,DN_04,#FE4545
720575941459157151,76282811736731002,AN07B091,ascending,AN07B091,right,1.0964468216170395,28.22376903518494,AN_03,#947E6C
720575941690171355,76212442992332573,AN10B056,ascending,AN10B056,right,21.001232931541356,-30.216431770479122,AN_11,#F36237
720575941524958118,76212443059345863,DNge109,descending,DNge109,right,-18.159609963966457,34.43440135940369,DN_03,#947E6C
720575941507443841,76142074248477731,AN08B102,ascending,AN08B102,left,3.078910181449803,-22.705201301729122,AN_18,#51B07B
720575941566725991,76212442992329756,AN10B048_T2,ascending,AN10B048,right,12.919598410056981,-44.390469703828735,AN_10,#695B52
720575941576080822,76282811803474335,SApp15,sensory_ascending,SApp15,left,NA,NA,NA,NA
720575941689892760,76282811736682796,SApp21,sensory_ascending,SApp21,left,NA,NA,NA,NA
720575941538209229,76493024548945918,DNg10,descending,DNg10,left,-6.648368527961818,34.46930202468689,DN_03,#947E6C
720575941545863785,75930968082695622,AN19B063,ascending,AN19B063,left,-1.156081488205043,46.67534145339783,AN_04,#FE4545
720575941578888949,76282811803917816,SApp07,sensory_ascending,SApp07,left,NA,NA,NA,NA
720575941537718653,75930968082726302,DNg12_e,descending,DNg12_e,right,34.85418588869467,-8.663407478486935,DN_05,#FBCD5A
720575941545086088,76142074248410974,AN08B106,ascending,AN08B106,left,2.5071465467681016,-23.270678672944943,AN_18,#51B07B
720575941688550895,76282811803857525,SApp09,sensory_ascending,SApp09,left,NA,NA,NA,NA
720575941444536746,76282811803882146,DNpe054,descending,DNpe054,left,-23.055497338844386,37.204073753202515,DN_03,#947E6C
720575941481742671,76282811803730309,SApp09,sensory_ascending,SApp09,left,NA,NA,NA,NA
720575941515899994,76282811803387746,AN16B078,ascending,AN16B078,left,-0.8542788530121719,42.86646923049744,AN_04,#FE4545
720575941733201451,75793529666303943,SApp02,sensory_ascending,SApp02,right,NA,NA,NA,NA
720575941483888450,76001336826620982,SApp05,sensory_ascending,SApp05,right,NA,NA,NA,NA
720575941689710299,76001336760088054,AN16B078,ascending,AN16B078,right,-0.8542788530121719,42.86646923049744,AN_04,#FE4545
720575941429542615,76001336826771943,SApp22,sensory_ascending,SApp22,right,NA,NA,NA,NA
720575941474474270,75793323441135416,SApp08,sensory_ascending,SApp08,right,NA,NA,NA,NA
720575941537448061,76282811803817150,SApp16,sensory_ascending,SApp16,left,NA,NA,NA,NA
720575941438206431,74879560827115180,SApp08,sensory_ascending,SApp08,right,NA,NA,NA,NA
720575941623818348,76001336760072826,SApp10,sensory_ascending,SApp10,right,NA,NA,NA,NA
720575941462606547,76353180547802462,DNge019,descending,DNge019,left,33.00564462892905,1.0847490690594512,DN_05,#FBCD5A
720575941584961246,76142074180703535,SAxx02,sensory_ascending,SAxx02,right,NA,NA,NA,NA
720575941573346230,76282811803627905,SApp12,sensory_ascending,SApp12,left,NA,NA,NA,NA
720575941720197690,76282811736640399,AN07B091,ascending,AN07B091,right,1.0964468216170395,28.22376903518494,AN_03,#947E6C
720575941544541364,76212442992583371,AN08B112,ascending,AN08B112,right,10.199114630149754,-20.444285545503536,AN_18,#51B07B
720575941662536316,75793461013961718,SApp05,sensory_ascending,SApp05,NA,NA,NA,NA,NA
720575941503529522,76001336827241947,DNg10,descending,DNg10,left,-6.648368527961818,34.46930202468689,DN_03,#947E6C
720575941458263024,76282811736745247,AN07B082,ascending,AN07B082,right,-4.958590200019923,24.673100318754276,AN_03,#947E6C
720575941547837501,76282811803657394,SApp22,sensory_ascending,SApp22,left,NA,NA,NA,NA
720575941562316039,75652929616655583,SApp02,sensory_ascending,SApp02,right,NA,NA,NA,NA
720575941513411930,76001336826887437,SApp08,sensory_ascending,SApp08,right,NA,NA,NA,NA
720575941449196922,76282811803529318,SApp07,sensory_ascending,SApp07,left,NA,NA,NA,NA
720575941486460813,76142074247911415,SAxx02,sensory_ascending,SAxx02,left,NA,NA,NA,NA
720575941542584837,75930968082606383,DNge020,descending,DNge020,right,33.78710443727866,-2.5390398837680026,DN_05,#FBCD5A
720575941569424372,76282811803868265,DNpe054,descending,DNpe054,left,-23.055497338844386,37.204073753202515,DN_03,#947E6C
720575941414315409,76282811803454920,SApp08,sensory_ascending,SApp08,left,NA,NA,NA,NA
720575941428550537,76001336760032798,SApp13,sensory_ascending,SApp13,right,NA,NA,NA,NA
720575941612873692,76001336759943863,SApp20,sensory_ascending,SApp20,right,NA,NA,NA,NA
720575941600902841,76001336760006987,SApp18,sensory_ascending,SApp18,right,NA,NA,NA,NA
720575941507062341,76071705504205798,AN08B109,ascending,AN08B109,left,-18.36662976987466,-22.018632087861935,AN_19,#4D9C3C
720575941644032357,76001336760206674,SApp09,sensory_ascending,SApp09,right,NA,NA,NA,NA
720575941611136614,76142074247892061,720575941611136614,sensory_ascending,SAchxx,left,NA,NA,NA,NA
720575941437188575,76001336759931879,SApp19,sensory_ascending,SApp19,right,NA,NA,NA,NA
720575941483870018,76282811736792236,SApp02,sensory_ascending,SApp02,left,NA,NA,NA,NA
720575941505530658,75859705784654748,SApp22,sensory_ascending,SApp22,right,NA,NA,NA,NA
720575941469370688,76282811803956907,DNg10,descending,DNg10,right,-6.648368527961818,34.46930202468689,DN_03,#947E6C
720575941516023699,76001336760250129,SApp09,sensory_ascending,SApp09,right,NA,NA,NA,NA
720575941468049015,76282811736668618,SApp11,sensory_ascending,SApp11,left,NA,NA,NA,NA
720575941630308549,76001336826800941,SApp08,sensory_ascending,SApp08,right,NA,NA,NA,NA
720575941534075370,76282811803962375,DNge071,descending,DNge071,right,-5.476243188453761,36.312315788114624,DN_04,#FE4545
720575941447918414,75793667105539590,SApp08,sensory_ascending,SApp08,right,NA,NA,NA,NA
720575941449634631,75863486093381093,SAppxx,sensory_ascending,SAppxx,right,NA,NA,NA,NA
720575941557625971,76001336826867684,SApp07,sensory_ascending,SApp07,right,NA,NA,NA,NA
720575941563563879,76001336760088074,SApp10,sensory_ascending,SApp10,right,NA,NA,NA,NA
720575941667254515,76001336760044401,SApp11,sensory_ascending,SApp11,right,NA,NA,NA,NA
720575941435418656,76282811803506519,SApp08,sensory_ascending,SApp08,left,NA,NA,NA,NA
720575941532194282,76001336760231373,SApp08,sensory_ascending,SApp08,right,NA,NA,NA,NA
720575941569306874,76353180547868469,DNg12_e,descending,DNg12_e,left,34.85418588869467,-8.663407478486935,DN_05,#FBCD5A
720575941537141786,75930968082567111,SApp09,sensory_ascending,SApp09,right,NA,NA,NA,NA
720575941523236171,76212443059339965,DNg36_b,descending,DNg36_b,right,-17.554955651832667,34.479647483671265,DN_03,#947E6C
720575941558996462,76071705504276472,AN08B112,ascending,AN08B112,left,10.199114630149754,-20.444285545503536,AN_18,#51B07B
720575941519974104,75723160989289374,SApp09,sensory_ascending,SApp09,right,NA,NA,NA,NA
720575941563568999,76282811803569939,SApp05,sensory_ascending,SApp05,left,NA,NA,NA,NA
720575941471308896,76001336760138190,SApp05,sensory_ascending,SApp05,right,NA,NA,NA,NA
720575941597645097,76282811803904085,SApp22,sensory_ascending,SApp22,left,NA,NA,NA,NA
720575941411590804,76282811803460325,SAppxx,sensory_ascending,SAppxx,left,NA,NA,NA,NA
720575941556367140,76001336760242670,SApp06,sensory_ascending,SApp06,NA,NA,NA,NA,NA
720575941506522021,76282811803546612,SApp08,sensory_ascending,SApp08,left,NA,NA,NA,NA
720575941501969714,75020160876124664,SApp15,sensory_ascending,SApp15,right,NA,NA,NA,NA
720575941668926129,76282811803809162,SApp22,sensory_ascending,SApp22,left,NA,NA,NA,NA
720575941493567943,76282811803657337,SApp22,sensory_ascending,SApp22,left,NA,NA,NA,NA
720575941461742035,76212442992665766,AN08B096,ascending,AN08B096,right,1.9197726940383042,-29.329123649751583,AN_18,#51B07B
720575941564671744,75723229708813327,SApp12,sensory_ascending,SApp12,right,NA,NA,NA,NA
720575941458140115,76847617048941238,AN07B071,ascending,AN07B071,left,8.677130529807958,39.05022319778259,AN_03,#947E6C
720575941463134477,76142074248524762,AN08B097,ascending,AN08B097,left,1.5619897341002549,-29.65097347274963,AN_18,#51B07B
720575941631952837,75723229709018016,SApp02,sensory_ascending,SApp02,right,NA,NA,NA,NA
720575941470799223,76142074248430616,AN08B102,ascending,AN08B102,right,3.078910181449803,-22.705201301729122,AN_18,#51B07B
720575941552842579,76142074247913859,SAxx02,sensory_ascending,SAxx02,left,NA,NA,NA,NA
720575941508489857,76707086054745596,AN07B101,ascending,AN07B101,left,2.6564307903517808,29.326004829252323,AN_03,#947E6C
720575941390722710,75930968082535647,DNge025,descending,DNge025,right,33.713942358421235,-6.199528846895139,DN_05,#FBCD5A
720575941513273593,76282811803503700,SApp06,sensory_ascending,SApp06,left,NA,NA,NA,NA
720575941534372530,76001336826704626,SApp22,sensory_ascending,SApp22,right,NA,NA,NA,NA
720575941505620770,76212099394865396,SApp15,sensory_ascending,SApp15,left,NA,NA,NA,NA
720575941483052541,76005872715131197,SAxx02,sensory_ascending,SAxx02,left,NA,NA,NA,NA
720575941548187681,76142074248441642,AN08B112,ascending,AN08B112,left,10.199114630149754,-20.444285545503536,AN_18,#51B07B
720575941591871528,76282811803569922,SApp03,sensory_ascending,SApp03,left,NA,NA,NA,NA
720575941721635130,76142074180712526,SAch02,sensory_ascending,SAch02,left,NA,NA,NA,NA
720575941624749706,76001336826912295,SApp06,sensory_ascending,SApp06,right,NA,NA,NA,NA
720575941572840591,75930968082653105,SApp03,sensory_ascending,SApp03,right,NA,NA,NA,NA
720575941549579553,76001336826542652,SApp08,sensory_ascending,SApp08,right,NA,NA,NA,NA
720575941650852369,76001336826867726,SApp01,sensory_ascending,SApp01,right,NA,NA,NA,NA
720575941474766132,76001336826771932,SApp03,sensory_ascending,SApp03,right,NA,NA,NA,NA
720575941531334373,76353180547885194,DNg12_e,descending,DNg12_e,left,34.85418588869467,-8.663407478486935,DN_05,#FBCD5A
720575941550675079,76001336826774949,AN_4_None,sensory_ascending,AN_4_None,right,NA,NA,NA,NA
720575941559950863,76001336827239408,DNg10,descending,DNg10,left,-6.648368527961818,34.46930202468689,DN_03,#947E6C
720575941540535069,76353180547841203,DNge020,descending,DNge020,left,33.78710443727866,-2.5390398837680026,DN_05,#FBCD5A
720575941550165054,76353180548059164,DNg10,descending,DNg10,right,-6.648368527961818,34.46930202468689,DN_03,#947E6C
720575941722108218,76212443059251833,DNg07,descending,DNg07,right,24.434431860374364,22.14881214126404,DN_01,#F7BA3C
720575941516480110,76282811803954109,DNg18_a,descending,DNg18_a,right,-6.855634381843654,39.105501975858765,DN_01,#F7BA3C
720575941518945459,76070949523032048,DNge071,descending,DNge071,left,-5.476243188453761,36.312315788114624,DN_04,#FE4545
720575941649909233,76001336760132002,AN16B078,ascending,AN16B078,right,-0.8542788530121719,42.86646923049744,AN_04,#FE4545
720575941515077699,76353180547813515,DNge025,descending,DNge025,left,33.713942358421235,-6.199528846895139,DN_05,#FBCD5A
720575941629973986,76142074248480645,AN08B113,ascending,AN08B113,right,-23.697953393531886,8.380946006620487,AN_13,#6A2978
720575941561146350,76282811736750960,SApp10,sensory_ascending,SApp10,left,NA,NA,NA,NA
720575941551911935,76001336760209703,SApp08,sensory_ascending,SApp08,right,NA,NA,NA,NA
720575941534721729,76212442992446234,SApp23,sensory_ascending,SApp23,left,NA,NA,NA,NA
720575941562120960,76001336826544053,SApp22,sensory_ascending,SApp22,right,NA,NA,NA,NA
720575941653788633,76142074180717610,720575941653788633,sensory_ascending,SAchxx,NA,NA,NA,NA,NA
720575941514017356,76001336826815566,SApp06,sensory_ascending,SApp06,right,NA,NA,NA,NA
720575941475963697,76212442992355702,AN10B047_T1,ascending,AN10B047,right,17.76894266359702,-37.186177406465454,AN_11,#F36237
720575941597150364,76001336760245807,SApp05,sensory_ascending,SApp05,right,NA,NA,NA,NA
720575941659595320,76353180548039628,DNg10,descending,DNg10,right,-6.648368527961818,34.46930202468689,DN_03,#947E6C
720575941548184200,75160967017447039,SApp01,sensory_ascending,SApp01,right,NA,NA,NA,NA
720575941616199637,76142074180767695,720575941616199637,sensory_ascending,SAchxx,left,NA,NA,NA,NA
720575941557692531,76001336826780878,SApp08,sensory_ascending,SApp08,right,NA,NA,NA,NA
720575941564740150,75442167048925424,SApp15,sensory_ascending,SApp15,right,NA,NA,NA,NA
720575941579149401,76000443406392672,DNp17,descending,DNp17,right,-25.182271173072902,31.796412315214237,DN_03,#947E6C
720575941461178067,75793667105370667,SApp08,sensory_ascending,SApp08,right,NA,NA,NA,NA
720575941534995994,76142074180721188,SAch02,sensory_ascending,SAch02,right,NA,NA,NA,NA
720575941631933893,75723367080713854,SApp08,sensory_ascending,SApp08,right,NA,NA,NA,NA
720575941469296861,76212442924925957,unknown_maxillary-labial_sensory,sensory_descending,unknown_maxillary-labial_sensory,left,NA,NA,NA,NA
720575941405864622,76282811803843792,SApp17,sensory_ascending,SApp17,left,NA,NA,NA,NA
720575941471871274,76001336760093715,SApp19,sensory_ascending,SApp19,right,NA,NA,NA,NA
720575941470090615,76001336826800954,SApp08,sensory_ascending,SApp08,right,NA,NA,NA,NA
720575941595605029,76001336826963524,DNge071,descending,DNge071,left,-5.476243188453761,36.312315788114624,DN_04,#FE4545
720575941592986481,76282811803750918,SApp17,sensory_ascending,SApp17,left,NA,NA,NA,NA
720575941548843581,76001336826660869,SApp05,sensory_ascending,SApp05,right,NA,NA,NA,NA
720575941498290850,76282811803651101,SApp02,sensory_ascending,SApp02,left,NA,NA,NA,NA
720575941459431494,76282811803594221,SApp08,sensory_ascending,SApp08,left,NA,NA,NA,NA
720575941532181682,76282811803526481,SAppxx,sensory_ascending,SAppxx,left,NA,NA,NA,NA
720575941686614511,76142074180726539,SAch01,sensory_ascending,SAch01,left,NA,NA,NA,NA
720575941437152300,76282811803657333,SApp08,sensory_ascending,SApp08,left,NA,NA,NA,NA
720575941595335301,76282811803564188,SApp09,sensory_ascending,SApp09,left,NA,NA,NA,NA
720575941553669092,76282811803627912,SApp06,sensory_ascending,SApp06,left,NA,NA,NA,NA
720575941451040122,76212442992082895,SAxx02,sensory_ascending,SAxx02,left,NA,NA,NA,NA
720575941470835264,75723367080461387,SApp08,sensory_ascending,SApp08,right,NA,NA,NA,NA
720575941454037811,76142074247792446,720575941454037811,sensory_ascending,SAchxx,left,NA,NA,NA,NA
720575941548144673,76282811803616996,SApp07,sensory_ascending,SApp07,left,NA,NA,NA,NA
720575941477008945,76282811803520988,SApp05,sensory_ascending,SApp05,left,NA,NA,NA,NA
720575941459705503,76001336826724725,SApp03,sensory_ascending,SApp03,right,NA,NA,NA,NA
720575941498947297,76001336760099558,SApp21,sensory_ascending,SApp21,right,NA,NA,NA,NA
720575941544353460,76282811803561466,SApp07,sensory_ascending,SApp07,left,NA,NA,NA,NA
720575941543804189,75652860964215548,SApp02,sensory_ascending,SApp02,right,NA,NA,NA,NA
720575941455929837,76282811736654343,DNge089,descending,DNge089,right,11.187259504722508,19.030100669706425,DN_01,#F7BA3C
720575941533345034,75652998403628930,SApp09,sensory_ascending,SApp09,right,NA,NA,NA,NA
720575941637903733,75723367080284435,SApp08,sensory_ascending,SApp08,right,NA,NA,NA,NA
720575941632799392,76001336827022256,DNge085,descending,DNge085,left,-5.740689446998683,38.77178081497009,DN_04,#FE4545
720575941513793612,75930968082532915,DNg12_e,descending,DNg12_e,right,34.85418588869467,-8.663407478486935,DN_05,#FBCD5A
720575941479326432,76282811803627896,SApp02,sensory_ascending,SApp02,left,NA,NA,NA,NA
720575941517955288,76282811803602261,SApp09,sensory_ascending,SApp09,left,NA,NA,NA,NA
720575941465046550,76142074180704854,SAch02,sensory_ascending,SAch02,left,NA,NA,NA,NA
720575941390619140,76282811803954119,DNg10,descending,DNg10,right,-6.648368527961818,34.46930202468689,DN_03,#947E6C
720575941614909203,75652998403325132,SApp02,sensory_ascending,SApp02,right,NA,NA,NA,NA
720575941501088395,76282811803721774,SApp17,sensory_ascending,SApp17,left,NA,NA,NA,NA
720575941649649649,76282811803763167,SApp09,sensory_ascending,SApp09,left,NA,NA,NA,NA
720575941515989082,76282811803438612,SApp15,sensory_ascending,SApp15,left,NA,NA,NA,NA
720575941510509072,76353180547835730,DNg12_b,descending,DNg12_b,left,32.35406000368491,3.058749999845584,DN_05,#FBCD5A
720575941560566543,75723160989249513,SApp09,sensory_ascending,SApp09,right,NA,NA,NA,NA
720575941464978710,76001336760203628,SA_DMT_DMetaN,sensory_ascending,SA_DMT_DMetaN,right,NA,NA,NA,NA
720575941525263014,76282811803812007,SApp06,sensory_ascending,SApp06,left,NA,NA,NA,NA
720575941668827825,76565661035719440,SApp23,sensory_ascending,SApp23,left,NA,NA,NA,NA
720575941602373054,76001336760227840,SAppxx,sensory_ascending,SAppxx,right,NA,NA,NA,NA
720575941489036494,76353180547868513,DNg12_e,descending,DNg12_e,left,34.85418588869467,-8.663407478486935,DN_05,#FBCD5A
720575941430133006,76142074248441593,AN08B111,ascending,AN08B111,left,10.353246519493016,-20.14510837570373,AN_18,#51B07B
720575941413706641,76282811736326507,SApp23,sensory_ascending,SApp23,left,NA,NA,NA,NA
720575941639520543,76001336760280869,SApp15,sensory_ascending,SApp15,right,NA,NA,NA,NA
720575941503144587,76001336826975119,DNg10,descending,DNg10,left,-6.648368527961818,34.46930202468689,DN_03,#947E6C
720575941721004602,76282811803698636,SApp07,sensory_ascending,SApp07,left,NA,NA,NA,NA
720575941690343576,76142074180717662,720575941690343576,sensory_ascending,LgAG7,left,NA,NA,NA,NA
720575941618597333,76001336826946156,DNp17,descending,DNp17,right,-25.182271173072902,31.796412315214237,DN_03,#947E6C
720575941461131664,76637954797215489,SApp07,sensory_ascending,SApp07,left,NA,NA,NA,NA
720575941534495720,76282811803806433,SApp09,sensory_ascending,SApp09,left,NA,NA,NA,NA
720575941429113775,75859705851445232,DNg10,descending,DNg10,right,-6.648368527961818,34.46930202468689,DN_03,#947E6C
720575941435430700,76282811803368918,AN07B082,ascending,AN07B082,right,-4.958590200019923,24.673100318754276,AN_03,#947E6C
720575941545505672,76282811803803603,SApp06,sensory_ascending,SApp06,left,NA,NA,NA,NA
720575941496386171,76282811803427440,SApp22,sensory_ascending,SApp22,left,NA,NA,NA,NA
720575941462746893,76001336760069928,SApp11,sensory_ascending,SApp11,right,NA,NA,NA,NA
720575941434703392,76001336760192161,SApp15,sensory_ascending,SApp15,right,NA,NA,NA,NA
720575941702043354,76282811736303740,SApp23,sensory_ascending,SApp23,left,NA,NA,NA,NA
720575941524041986,76282811803675149,SApp22,sensory_ascending,SApp22,left,NA,NA,NA,NA
720575941554032155,76001336760183128,SApp15,sensory_ascending,SApp15,right,NA,NA,NA,NA
720575941427920632,76071636784263092,SApp23,sensory_ascending,SApp23,right,NA,NA,NA,NA
720575941488756711,76001336826718962,AN_4_None,sensory_ascending,AN_4_None,right,NA,NA,NA,NA
720575941458500563,76142074248435872,AN08B113,ascending,AN08B113,right,-23.697953393531886,8.380946006620487,AN_13,#6A2978
720575941474229297,76142074247884298,SAxx02,sensory_ascending,SAxx02,right,NA,NA,NA,NA
720575941455059763,76001336826742220,SApp05,sensory_ascending,SApp05,right,NA,NA,NA,NA
720575941535207651,76282811803715893,SApp02,sensory_ascending,SApp02,left,NA,NA,NA,NA
720575941441701467,76001336826721818,SApp05,sensory_ascending,SApp05,right,NA,NA,NA,NA
720575941645731272,76282811803951377,DNge071,descending,DNge071,right,-5.476243188453761,36.312315788114624,DN_04,#FE4545
720575941510037714,75723160922426777,SApp06,sensory_ascending,SApp06,right,NA,NA,NA,NA
720575941504157675,76001336760191803,SApp09,sensory_ascending,SApp09,right,NA,NA,NA,NA
720575941415987228,76282811803413326,SApp01,sensory_ascending,SApp01,left,NA,NA,NA,NA
720575941628708646,76001336826695933,SApp07,sensory_ascending,SApp07,right,NA,NA,NA,NA
720575941589678078,76353180547832986,DNg12_e,descending,DNg12_e,left,34.85418588869467,-8.663407478486935,DN_05,#FBCD5A
720575941589968780,76282811803465816,SApp22,sensory_ascending,SApp22,left,NA,NA,NA,NA
720575941518341815,76001336760135136,SApp09,sensory_ascending,SApp09,right,NA,NA,NA,NA
720575941495967969,76282811803893171,SApp09,sensory_ascending,SApp09,left,NA,NA,NA,NA
720575941560722344,76282811803833059,SApp22,sensory_ascending,SApp22,left,NA,NA,NA,NA
720575941405864110,76282811803535020,SApp09,sensory_ascending,SApp09,left,NA,NA,NA,NA
720575941690864603,76282811803657357,SApp07,sensory_ascending,SApp07,left,NA,NA,NA,NA
720575941433044750,76282811803642286,SApp12,sensory_ascending,SApp12,left,NA,NA,NA,NA
720575941475085633,75933717331662020,SApp07,sensory_ascending,SApp07,right,NA,NA,NA,NA
720575941651316245,76847410890111740,AN07B091,ascending,AN07B091,left,1.0964468216170395,28.22376903518494,AN_03,#947E6C
720575941606717293,76282811803540777,SApp01,sensory_ascending,SApp01,left,NA,NA,NA,NA
720575941514415875,76142074247921090,SAchxx,sensory_ascending,SAchxx,left,NA,NA,NA,NA
720575941553301220,76282811803823035,SApp22,sensory_ascending,SApp22,left,NA,NA,NA,NA
720575941527529497,76001336760131998,SApp03,sensory_ascending,SApp03,right,NA,NA,NA,NA
720575941595969728,75723572500629006,SApp23,sensory_ascending,SApp23,right,NA,NA,NA,NA
720575941434410126,76001336760058597,SApp11,sensory_ascending,SApp11,right,NA,NA,NA,NA
720575941593654917,76001336760114217,SApp13,sensory_ascending,SApp13,right,NA,NA,NA,NA
720575941572111261,76001336760144388,SApp09,sensory_ascending,SApp09,right,NA,NA,NA,NA
720575941577482585,76353180547852101,DNg12_e,descending,DNg12_e,left,34.85418588869467,-8.663407478486935,DN_05,#FBCD5A
720575941595204229,76142074180736871,SAch01,sensory_ascending,SAch01,left,NA,NA,NA,NA
720575941545033916,76282811803865564,DNge071,descending,DNge071,right,-5.476243188453761,36.312315788114624,DN_04,#FE4545
720575941631912096,75723160989189488,SApp12,sensory_ascending,SApp12,right,NA,NA,NA,NA
720575941414353436,76001336827025090,DNg10,descending,DNg10,left,-6.648368527961818,34.46930202468689,DN_03,#947E6C
720575941630277061,75793667105537327,SApp15,sensory_ascending,SApp15,right,NA,NA,NA,NA
720575941455611373,76282811803678071,SApp22,sensory_ascending,SApp22,left,NA,NA,NA,NA
720575941551193115,76282811803904102,DNg10,descending,DNg10,right,-6.648368527961818,34.46930202468689,DN_03,#947E6C
720575941553078938,76212442924910720,SAch02,sensory_ascending,SAch02,NA,NA,NA,NA,NA
720575941593759781,76706742323175608,SApp15,sensory_ascending,SApp15,left,NA,NA,NA,NA
720575941628221497,76282811803783695,SApp12,sensory_ascending,SApp12,left,NA,NA,NA,NA
720575941554350931,76282811803742145,SApp17,sensory_ascending,SApp17,left,NA,NA,NA,NA
720575941621460476,76142074180767895,SAch01,sensory_ascending,SAch01,left,NA,NA,NA,NA
720575941659183952,75933923490237361,SApp22,sensory_ascending,SApp22,right,NA,NA,NA,NA
720575941571988637,76282811803611521,SApp22,sensory_ascending,SApp22,left,NA,NA,NA,NA
720575941428193199,76282811803564192,SApp07,sensory_ascending,SApp07,left,NA,NA,NA,NA
720575941553583844,76282811803575716,SApp06,sensory_ascending,SApp06,left,NA,NA,NA,NA
720575941610332636,76282811803520990,SApp06,sensory_ascending,SApp06,left,NA,NA,NA,NA
720575941511199564,75723229641906871,SAppxx,sensory_ascending,SAppxx,right,NA,NA,NA,NA
720575941649412885,76142074247793027,SAch01,sensory_ascending,SAch01,right,NA,NA,NA,NA
720575941543379644,76142074247855679,SAch02,sensory_ascending,SAch02,right,NA,NA,NA,NA
720575941488006197,76071705503801216,SApp23,sensory_ascending,SApp23,right,NA,NA,NA,NA
720575941416656668,76282811803678109,SApp08,sensory_ascending,SApp08,left,NA,NA,NA,NA
720575941597339804,76071705503782041,SApp23,sensory_ascending,SApp23,right,NA,NA,NA,NA
720575941652159505,76282811803686826,SApp03,sensory_ascending,SApp03,left,NA,NA,NA,NA
720575941459137951,76282811803515224,SApp07,sensory_ascending,SApp07,left,NA,NA,NA,NA
720575941471360352,75160898297763453,SApp06,sensory_ascending,SApp06,right,NA,NA,NA,NA
720575941501675826,76001336826666339,SApp07,sensory_ascending,SApp07,right,NA,NA,NA,NA
720575941540944333,76001336826818661,SApp09,sensory_ascending,SApp09,right,NA,NA,NA,NA
720575941442141866,76071705503761396,SApp23,sensory_ascending,SApp23,right,NA,NA,NA,NA
720575941539005426,76282811803578670,SApp05,sensory_ascending,SApp05,left,NA,NA,NA,NA
720575941604710334,75793598452827668,SApp05,sensory_ascending,SApp05,right,NA,NA,NA,NA
720575941561466258,75723298293614763,SApp07,sensory_ascending,SApp07,right,NA,NA,NA,NA
720575941510064594,76142074180719396,LgAG3,sensory_ascending,LgAG3,right,NA,NA,NA,NA
720575941532088920,76494948761483192,SApp05,sensory_ascending,SApp05,left,NA,NA,NA,NA
720575941525881188,76282811803838426,SApp05,sensory_ascending,SApp05,left,NA,NA,NA,NA
720575941447163317,76142074180820747,SAxx02,sensory_ascending,SAxx02,right,NA,NA,NA,NA
720575941535228353,76142074247792007,SAch02,sensory_ascending,SAch02,left,NA,NA,NA,NA
720575941477995569,76282811803636743,SApp01,sensory_ascending,SApp01,left,NA,NA,NA,NA
720575941571698184,75793529666278106,SA_DMT_DMetaN,sensory_ascending,SA_DMT_DMetaN,right,NA,NA,NA,NA
720575941654687188,76142074248480607,AN08B113,ascending,AN08B113,left,-23.697953393531886,8.380946006620487,AN_13,#6A2978
720575941534802408,76282811803523749,SApp22,sensory_ascending,SApp22,left,NA,NA,NA,NA
720575941463160208,76001336826657132,SApp09,sensory_ascending,SApp09,right,NA,NA,NA,NA
720575941436757804,76142074180724639,SAch02,sensory_ascending,SAch02,right,NA,NA,NA,NA
720575941450721146,76142074248449746,AN08B096,ascending,AN08B096,right,1.9197726940383042,-29.329123649751583,AN_18,#51B07B
720575941440363093,76282811803710057,SApp07,sensory_ascending,SApp07,left,NA,NA,NA,NA
720575941612114140,76282811803524014,SApp01,sensory_ascending,SApp01,left,NA,NA,NA,NA
720575941553332708,76142074180789413,SAch01,sensory_ascending,SAch01,left,NA,NA,NA,NA
720575941592628950,76001336826972191,DNge071,descending,DNge071,left,-5.476243188453761,36.312315788114624,DN_04,#FE4545
720575941564071680,75020229595894285,SApp15,sensory_ascending,SApp15,right,NA,NA,NA,NA
720575941532422322,76001336826750645,SAppxx,sensory_ascending,SAppxx,right,NA,NA,NA,NA
720575941624812540,75723092269962220,SApp12,sensory_ascending,SApp12,right,NA,NA,NA,NA
720575941577519961,76633418372770871,DNge089,descending,DNge089,left,11.187259504722508,19.030100669706425,DN_01,#F7BA3C
720575941514645850,76282811803686854,SApp06,sensory_ascending,SApp06,left,NA,NA,NA,NA
720575941482975430,76282811803503673,SAppxx,sensory_ascending,SAppxx,left,NA,NA,NA,NA
720575941663129656,76001336760194690,SApp09,sensory_ascending,SApp09,right,NA,NA,NA,NA
720575941638380661,76001336760024372,SApp11,sensory_ascending,SApp11,right,NA,NA,NA,NA
720575941435787052,76142074180726527,SAch01,sensory_ascending,SAch01,left,NA,NA,NA,NA
720575941586273926,76001336827022215,DNpe009,descending,DNpe009,right,-2.0249449516068374,22.06341632827576,DN_01,#F7BA3C
720575941569197426,76142074247792582,SAch02,sensory_ascending,SAch02,right,NA,NA,NA,NA
720575941451320910,76001336826780918,SApp09,sensory_ascending,SApp09,right,NA,NA,NA,NA
720575941529763972,76282811803865545,SApp09,sensory_ascending,SApp09,left,NA,NA,NA,NA
720575941610874598,76001336760114191,SApp13,sensory_ascending,SApp13,right,NA,NA,NA,NA
720575941512596812,76212442992692744,AN08B047,ascending,AN08B047,right,1.8766712640990342,-29.556105766450802,AN_18,#51B07B
720575941431727497,76001336760186024,SApp09,sensory_ascending,SApp09,right,NA,NA,NA,NA
720575941461664452,76636098633406249,SApp12,sensory_ascending,SApp12,left,NA,NA,NA,NA
720575941453855027,76282811803704342,SApp09,sensory_ascending,SApp09,left,NA,NA,NA,NA
720575941596161137,76001336826542009,SApp15,sensory_ascending,SApp15,right,NA,NA,NA,NA
720575941433073166,76282811803669282,SAppxx,sensory_ascending,SAppxx,left,NA,NA,NA,NA
720575941552267777,76142074247884386,SAch02,sensory_ascending,SAch02,right,NA,NA,NA,NA
720575941428311380,76001336826544137,SApp09,sensory_ascending,SApp09,NA,NA,NA,NA,NA
720575941574940061,76001336826836533,SApp06,sensory_ascending,SApp06,right,NA,NA,NA,NA
720575941489207605,76001336827025051,DNpe009,descending,DNpe009,right,-2.0249449516068374,22.06341632827576,DN_01,#F7BA3C
720575941555155354,76282811803611279,SApp09,sensory_ascending,SApp09,left,NA,NA,NA,NA
720575941610928870,76071705503747822,SApp23,sensory_ascending,SApp23,right,NA,NA,NA,NA
720575941557372708,76282811803614094,SApp22,sensory_ascending,SApp22,left,NA,NA,NA,NA
720575941688267416,76282811803783683,SApp05,sensory_ascending,SApp05,left,NA,NA,NA,NA
720575941508749858,76142074180742267,SAxxxx,sensory_ascending,SAxxxx,right,NA,NA,NA,NA
720575941491875047,75863417306952653,SApp07,sensory_ascending,SApp07,right,NA,NA,NA,NA
720575941633749179,76001336760239598,SApp05,sensory_ascending,SApp05,right,NA,NA,NA,NA
720575941478396778,75793529733675743,SApp09,sensory_ascending,SApp09,right,NA,NA,NA,NA
720575941626299530,76282811803945655,DNg10,descending,DNg10,right,-6.648368527961818,34.46930202468689,DN_03,#947E6C
720575941608538954,76142074180719417,SAch01,sensory_ascending,SAch01,left,NA,NA,NA,NA
720575941596590213,76001336760218710,SApp01,sensory_ascending,SApp01,right,NA,NA,NA,NA
720575941532500146,75653204495048484,SApp08,sensory_ascending,SApp08,right,NA,NA,NA,NA
720575941669058035,76282811803884998,SApp03,sensory_ascending,SApp03,left,NA,NA,NA,NA
720575941487186896,74874062127749840,DNge112,descending,DNge112,right,11.557552168296727,19.568602409208378,DN_01,#F7BA3C
720575941497832777,76282811803721594,SApp08,sensory_ascending,SApp08,left,NA,NA,NA,NA
720575941453869619,76001336826948980,DNge085,descending,DNge085,left,-5.740689446998683,38.77178081497009,DN_04,#FE4545
720575941687115247,76847961183417890,SApp15,sensory_ascending,SApp15,left,NA,NA,NA,NA
720575941518881964,76282811803558481,SApp07,sensory_ascending,SApp07,left,NA,NA,NA,NA
720575941450851406,75723367080587234,SApp03,sensory_ascending,SApp03,right,NA,NA,NA,NA
720575941433063694,76282811803757049,SApp09,sensory_ascending,SApp09,left,NA,NA,NA,NA
720575941456665581,76353180547843923,DNg12_e,descending,DNg12_e,left,34.85418588869467,-8.663407478486935,DN_05,#FBCD5A
720575941476378164,76354829949607556,DNg10,descending,DNg10,left,-6.648368527961818,34.46930202468689,DN_03,#947E6C
720575941528327590,76212442924896481,SAchxx,sensory_descending,SAchxx,left,NA,NA,NA,NA
720575941498442363,76001336759946923,SApp13,sensory_ascending,SApp13,right,NA,NA,NA,NA
720575941495775431,76001336826864879,DNge085,descending,DNge085,left,-5.740689446998683,38.77178081497009,DN_04,#FE4545
720575941560766223,76777386213106057,SApp12,sensory_ascending,SApp12,left,NA,NA,NA,NA
720575941488529205,76282811803471433,SApp01,sensory_ascending,SApp01,left,NA,NA,NA,NA
720575941473812576,76212442992050649,SAxx02,sensory_ascending,SAxx02,left,NA,NA,NA,NA
720575941457139103,76282811803380382,SApp15,sensory_ascending,SApp15,left,NA,NA,NA,NA
720575941435493164,76142074180788791,720575941435493164,sensory_ascending,LgAG2,right,NA,NA,NA,NA
720575941549011060,76073973045216457,SAch02,sensory_ascending,SAch02,right,NA,NA,NA,NA
720575941550391668,76282811803596480,SApp07,sensory_ascending,SApp07,left,NA,NA,NA,NA
720575941499067003,76282811803399957,SApp09,sensory_ascending,SApp09,left,NA,NA,NA,NA
720575941556869860,76282811803753996,SApp09,sensory_ascending,SApp09,left,NA,NA,NA,NA
720575941679772605,76142074247904133,SAch01,sensory_ascending,SAch01,left,NA,NA,NA,NA
720575941687950555,76212442992715401,AN08B099,ascending,AN08B099,right,-26.24455373532876,-12.609027061616818,AN_18,#51B07B
720575941392665750,76142074247901035,SAxx02,sensory_ascending,SAxx02,left,NA,NA,NA,NA
720575941466319382,76282811803569943,SApp08,sensory_ascending,SApp08,left,NA,NA,NA,NA
720575941528580811,76282811803424766,SApp15,sensory_ascending,SApp15,left,NA,NA,NA,NA
720575941540545884,76282811803477166,SApp08,sensory_ascending,SApp08,left,NA,NA,NA,NA
720575941436032544,76282811803596482,SApp06,sensory_ascending,SApp06,left,NA,NA,NA,NA
720575941476991028,76282811803518128,SApp06,sensory_ascending,SApp06,left,NA,NA,NA,NA
720575941450362037,76282811803757539,SApp09,sensory_ascending,SApp09,left,NA,NA,NA,NA
720575941582278777,76282811803584588,SApp02,sensory_ascending,SApp02,left,NA,NA,NA,NA
720575941565250823,76001542985554333,SApp01,sensory_ascending,SApp01,right,NA,NA,NA,NA
720575941536037362,76142074180717669,SAxx02,sensory_ascending,SAxx02,right,NA,NA,NA,NA
720575941513777484,76001336760058565,SApp14,sensory_ascending,SApp14,right,NA,NA,NA,NA
720575941438449452,76282811803827825,SApp09,sensory_ascending,SApp09,left,NA,NA,NA,NA
720575941456093936,76001336826543591,SApp09,sensory_ascending,SApp09,right,NA,NA,NA,NA
720575941636577909,76142074180751426,SAch01,sensory_ascending,SAch01,right,NA,NA,NA,NA
720575941626154604,76282811803256808,SAppxx,sensory_ascending,SAppxx,left,NA,NA,NA,NA
720575941638305141,76001336759959193,SApp10,sensory_ascending,SApp10,right,NA,NA,NA,NA
720575941514092179,76282811803394136,SApp01,sensory_ascending,SApp01,left,NA,NA,NA,NA
720575941438449708,76282811803739060,SApp08,sensory_ascending,SApp08,left,NA,NA,NA,NA
720575941476041521,76212442992625932,AN08B109,ascending,AN08B109,right,-18.36662976987466,-22.018632087861935,AN_19,#4D9C3C
720575941658075728,76282811803733238,SApp05,sensory_ascending,SApp05,left,NA,NA,NA,NA
720575941591064716,76001336826990303,DNpe054,descending,DNpe054,right,-23.055497338844386,37.204073753202515,DN_03,#947E6C
720575941530903171,76001336826684024,SApp09,sensory_ascending,SApp09,NA,NA,NA,NA,NA
720575941595697285,76001336760307820,SApp05,sensory_ascending,SApp05,right,NA,NA,NA,NA
720575941520078071,76282811803718726,SApp09,sensory_ascending,SApp09,left,NA,NA,NA,NA
720575941702256090,76282811736722404,SA_DMT_ADMN_11,sensory_ascending,SA_DMT_ADMN_11,NA,NA,NA,NA,NA
720575941577622105,76351599597476623,SAxxxx,sensory_ascending,SAxxxx,left,NA,NA,NA,NA
720575941519274968,76001336826972216,DNp17,descending,DNp17,right,-25.182271173072902,31.796412315214237,DN_03,#947E6C
720575941668521137,76142074180728516,SAch01,sensory_ascending,SAch01,right,NA,NA,NA,NA
720575941502169835,76282811803701439,SApp22,sensory_ascending,SApp22,left,NA,NA,NA,NA
720575941688239478,76282811736300917,SApp23,sensory_ascending,SApp23,left,NA,NA,NA,NA
720575941471910976,76282811803552483,SAppxx,sensory_ascending,SAppxx,left,NA,NA,NA,NA
720575941498466171,76282811803449704,SApp01,sensory_ascending,SApp01,left,NA,NA,NA,NA
720575941481407427,75931311747183986,DNg10,descending,DNg10,left,-6.648368527961818,34.46930202468689,DN_03,#947E6C
720575941508580562,76142074180726557,SAch01,sensory_ascending,SAch01,right,NA,NA,NA,NA
720575941542372613,76001336826774962,SApp22,sensory_ascending,SApp22,NA,NA,NA,NA,NA
720575941641037925,76282811803520989,SApp01,sensory_ascending,SApp01,left,NA,NA,NA,NA
720575941563760552,76142074180788828,SAch01,sensory_ascending,SAch01,left,NA,NA,NA,NA
720575941497902715,76142074248486525,AN08B097,ascending,AN08B097,left,1.5619897341002549,-29.65097347274963,AN_18,#51B07B
720575941565412654,76001336826542896,SApp08,sensory_ascending,SApp08,NA,NA,NA,NA,NA
720575941489182951,76282811803480048,SApp01,sensory_ascending,SApp01,left,NA,NA,NA,NA
720575941502252523,76212442991966947,SAxxxx,sensory_ascending,SAxxxx,left,NA,NA,NA,NA
720575941566927610,76142074247900957,LgAG3,sensory_ascending,LgAG3,right,NA,NA,NA,NA
720575941548506657,76001336759920107,SApp21,sensory_ascending,SApp21,right,NA,NA,NA,NA
720575941639363871,76071705503749665,SApp23,sensory_ascending,SApp23,right,NA,NA,NA,NA
720575941645285576,76282811803757035,SApp09,sensory_ascending,SApp09,left,NA,NA,NA,NA
720575941562127405,76567723559577470,SAppxx,sensory_ascending,SAppxx,left,NA,NA,NA,NA
720575941452566138,76001336760197689,AN_4_None,ascending,AN_4_None,right,NA,NA,NA,NA
720575941536530458,76282811803809174,SApp12,sensory_ascending,SApp12,left,NA,NA,NA,NA
720575941615001813,76142074248457707,AN08B113,ascending,AN08B113,right,-23.697953393531886,8.380946006620487,AN_13,#6A2978
720575941610223974,76282536858671633,SApp01,sensory_ascending,SApp01,left,NA,NA,NA,NA
720575941592612903,76142074180726588,SAch02,sensory_ascending,SAch02,NA,NA,NA,NA,NA
720575941483566778,76282811803444063,SApp01,sensory_ascending,SApp01,left,NA,NA,NA,NA
720575941438213951,76282811736756573,DNge118,descending,DNge118,right,-2.3189403320084487,27.37495883926209,DN_03,#947E6C
720575941579876341,76001336759989339,SApp11,sensory_ascending,SApp11,NA,NA,NA,NA,NA
720575941469314781,76282811803488963,SApp01,sensory_ascending,SApp01,left,NA,NA,NA,NA
720575941474880308,76142074180719397,SAch02,sensory_ascending,SAch02,NA,NA,NA,NA,NA
720575941526609689,76707429450800488,SAch02,sensory_ascending,SAch02,left,NA,NA,NA,NA
720575941569405342,76142074180728511,SAch01,sensory_ascending,SAch01,left,NA,NA,NA,NA
720575941498489723,76212442992164782,AN05B052,ascending,AN05B052,right,-23.742642571998683,-29.126258049165646,AN_14,#BFB09A
720575941514337626,76142074180715967,SAch01,sensory_ascending,SAch01,right,NA,NA,NA,NA
720575941552559131,76282811803616981,SApp12,sensory_ascending,SApp12,left,NA,NA,NA,NA
720575941503597116,76142074180767398,SAch01,sensory_ascending,SAch01,right,NA,NA,NA,NA
720575941657683024,76142074180710917,SAch02,sensory_ascending,SAch02,left,NA,NA,NA,NA
720575941689930648,76212442924948472,SAch01,sensory_ascending,SAch01,left,NA,NA,NA,NA
720575941487560757,76141936741819941,SAch01,sensory_ascending,SAch01,NA,NA,NA,NA,NA
720575941584770014,76142074180717621,SAch01,sensory_ascending,SAch01,left,NA,NA,NA,NA
720575941649765141,76142074180722927,SAch01,sensory_ascending,SAch01,right,NA,NA,NA,NA
720575941563424054,76142074180706386,SAxxxx,sensory_ascending,SAxxxx,left,NA,NA,NA,NA
720575941498788258,76001336826960572,DNge071,descending,DNge071,left,-5.476243188453761,36.312315788114624,DN_04,#FE4545
720575941525946724,76141868022266258,SAch01,sensory_ascending,SAch01,NA,NA,NA,NA,NA
720575941405005168,76142074247906705,SAchxx,sensory_ascending,SAchxx,NA,NA,NA,NA,NA
720575941535778538,76282811803783691,SApp07,sensory_ascending,SApp07,NA,NA,NA,NA,NA
720575941434720910,76282811736662892,SApp11,sensory_ascending,SApp11,left,NA,NA,NA,NA
720575941552359303,76142074247792144,SAch01,sensory_ascending,SAch01,right,NA,NA,NA,NA
720575941543603997,76000993028014229,SApp23,sensory_ascending,SApp23,right,NA,NA,NA,NA
720575941668520881,76142074247901019,SAch01,sensory_ascending,SAch01,right,NA,NA,NA,NA
720575941575751784,76495498382984231,SAch01,sensory_ascending,SAch01,right,NA,NA,NA,NA
720575941579841013,76212443059594923,DNp16,descending,DNp16,left,-2.074717691017238,21.175547447050175,DN_01,#F7BA3C
720575941642936146,76212442992417295,SApp23,sensory_ascending,SApp23,left,NA,NA,NA,NA
720575941504319319,76212442992062016,AN05B069,ascending,AN05B069,right,-15.915175607277003,-45.69455829635803,AN_08,#298ABB
720575941594807921,76142074247909201,SAchxx,sensory_ascending,SAchxx,right,NA,NA,NA,NA
720575941548409377,76001336826879135,DNpe018,descending,DNpe018,right,-3.1069342399369155,13.507918205106815,DN_01,#F7BA3C
720575941572120136,76212442992150961,AN05B078,ascending,AN05B078,right,-18.105611016822902,-28.405600700532833,AN_17,#8B3A9C
720575941488498892,76142074247884561,SAch01,sensory_ascending,SAch01,NA,NA,NA,NA,NA
720575941400910115,76142074247906742,SAch01,sensory_ascending,SAch01,right,NA,NA,NA,NA
720575941628494649,76071705436526511,SAch01,sensory_ascending,SAch01,NA,NA,NA,NA,NA
720575941639069471,76212442924978276,SAch01,sensory_ascending,SAch01,left,NA,NA,NA,NA
720575941566889006,76142074248500957,AN08B113,ascending,AN08B113,right,-23.697953393531886,8.380946006620487,AN_13,#6A2978
720575941509737682,76142074180728510,SAch01,sensory_ascending,SAch01,left,NA,NA,NA,NA
720575941573117341,76492199713604446,SAch02,sensory_ascending,SAch02,left,NA,NA,NA,NA
720575941584898182,76001336826821674,SApp22,sensory_ascending,SApp22,right,NA,NA,NA,NA
720575941564160402,76212442992086521,AN05B069,ascending,AN05B069,right,-15.915175607277003,-45.69455829635803,AN_08,#298ABB
720575941619633791,76001336826833611,AN_4_None,sensory_ascending,AN_4_None,NA,NA,NA,NA,NA
720575941502197643,75930624351355969,AN27X004,ascending,AN27X004,left,-4.7062312865982925,-5.88589015976135,AN_14,#BFB09A
720575941618693845,75302323047702971,AN01B002_A3,ascending,AN01B002,right,-15.37140386350259,-47.07229724899475,AN_08,#298ABB
720575941526991693,76001336826800955,SApp07,sensory_ascending,SApp07,NA,NA,NA,NA,NA
720575941498097481,76001336826844808,AN06A092,ascending,AN06A092,left,4.5631213878859604,37.27505001052673,AN_04,#FE4545
720575941574669725,76071705570874312,AN08B100_T2,ascending,AN08B100,left,-0.3426639343033706,0.017503764474948058,AN_14,#BFB09A
720575941437220370,76142074248469014,AN08B113,ascending,AN08B113,left,-23.697953393531886,8.380946006620487,AN_13,#6A2978
720575941589353284,76001336826975127,DNge085,descending,DNge085,left,-5.740689446998683,38.77178081497009,DN_04,#FE4545
720575941561453171,76001336760009932,SApp14,sensory_ascending,SApp14,right,NA,NA,NA,NA
720575941438841311,76071705504054385,AN10B046_T1,ascending,AN10B046,left,16.55913812868491,-30.290686760103146,AN_11,#F36237
720575941644062290,74944018555527151,AN10B053_T1,ascending,AN10B053,left,12.228362867759618,-43.368340644990845,AN_10,#695B52
720575941590130174,76142074180728487,SAch01,sensory_ascending,SAch01,right,NA,NA,NA,NA
720575941487451701,76071705570914930,unknown_sensory,sensory_ascending,unknown_sensory,NA,NA,NA,NA,NA
720575941643574392,76070880602079538,SAch01,sensory_ascending,SAch01,right,NA,NA,NA,NA
720575941632050336,76001336826931995,AN06A112,ascending,AN06A112,left,-7.132372071815578,33.76012691482361,AN_03,#947E6C
720575941413382289,76001336826798069,AN19B104,ascending,AN19B104,left,-5.2201520705948745,44.74649700149353,AN_04,#FE4545
720575941616284629,76001336826859003,DNp17,descending,DNp17,right,-25.182271173072902,31.796412315214237,DN_03,#947E6C
720575941642369125,76142074248469063,AN08B113,ascending,AN08B113,left,-23.697953393531886,8.380946006620487,AN_13,#6A2978
720575941680063677,76071705503981709,AN10B039_T1,ascending,AN10B039,left,19.83228952638999,-31.121508751069943,AN_11,#F36237
720575941530837451,76001336826963567,AN06A092,ascending,AN06A092,left,4.5631213878859604,37.27505001052673,AN_04,#FE4545
720575941568892148,76282811736257979,AN12B060,ascending,AN12B060,right,16.45453245394126,-13.72100463882629,AN_18,#51B07B
720575941510361298,76001336826809778,DNge117,descending,DNge117,left,-4.688943555427638,36.71879848464783,DN_01,#F7BA3C
720575941512656593,76001336759905492,AN07B045,ascending,AN07B045,left,-1.3656166101227676,4.76079067214783,AN_18,#51B07B
720575941480556162,76001336826856055,AN06A017,ascending,AN06A017,left,3.4452458118666733,33.32869609817322,AN_03,#947E6C
720575941502323435,76142074247911442,SAch01,sensory_ascending,SAch01,left,NA,NA,NA,NA
720575941430035119,76282399352911435,SApp17,sensory_ascending,SApp17,left,NA,NA,NA,NA
720575941628661542,76212442992614558,AN08B059,ascending,AN08B059,right,4.252839634345921,-21.40652767196838,AN_18,#51B07B
720575941671947687,76001336826812713,DNge116,descending,DNge116,left,-7.179474999977199,32.87439998611267,DN_03,#947E6C
720575941653100817,76071705504021608,AN10B047_T3,ascending,AN10B047,left,17.0047291015853,-35.826443824922485,AN_11,#F36237
720575941486681808,76001336760250046,AN07B089,ascending,AN07B089,left,-3.704406430793849,40.14456829055603,AN_04,#FE4545
720575941519592620,76212442992431611,AN10B037,ascending,AN10B037,right,17.0666187500228,-32.70580211654846,AN_11,#F36237
720575941450360757,76071705570901441,AN06B039_A1,ascending,AN06B039,left,-10.848620584083644,-18.890607032930294,AN_17,#8B3A9C
720575941545989556,76212442992507867,AN10B034_T2,ascending,AN10B034,right,17.873436758445653,-36.16959491745178,AN_11,#F36237
720575941497035643,76001336760150295,AN06B048,ascending,AN06B048,left,-2.0964895988236343,33.94518550857361,AN_03,#947E6C
720575941558924270,76001749143754266,SApp22,sensory_ascending,SApp22,right,NA,NA,NA,NA
720575941610283850,76212442992422963,AN10B046_T1,ascending,AN10B046,right,16.55913812868491,-30.290686760103146,AN_11,#F36237
720575941568339706,75930968082706893,AN19B098,ascending,AN19B098,left,-3.824760606361476,45.15706523879822,AN_04,#FE4545
720575941517783212,76212442992318236,AN10B047_T3,ascending,AN10B047,right,17.0047291015853,-35.826443824922485,AN_11,#F36237
720575941541590301,76142074248425145,AN08B113,ascending,AN08B113,left,-23.697953393531886,8.380946006620487,AN_13,#6A2978
720575941468496093,76001130601716750,AN06A080,ascending,AN06A080,left,-1.7870487476120864,40.38177761062439,AN_04,#FE4545
720575941489792206,76282811803416552,SApp08,sensory_ascending,SApp08,left,NA,NA,NA,NA
720575941537193699,76282811803535010,SApp02,sensory_ascending,SApp02,left,NA,NA,NA,NA
720575941539529597,76142074248460611,AN08B113,ascending,AN08B113,left,-23.697953393531886,8.380946006620487,AN_13,#6A2978
720575941392278678,76001336826677039,AN07B089,ascending,AN07B089,left,-3.704406430793849,40.14456829055603,AN_04,#FE4545
720575941470269248,75930968082675421,AN19B065,ascending,AN19B065,NA,-0.7920521999131118,46.58299907668884,AN_04,#FE4545
720575941595312517,76282811736290657,SApp23,sensory_ascending,SApp23,left,NA,NA,NA,NA
720575941437461010,76212442992388676,AN10B037_T1,ascending,AN10B037,right,16.689865896629247,-30.6502334214801,AN_11,#F36237
720575941492283312,76212442992488190,AN10B046_T1,ascending,AN10B046,right,16.55913812868491,-30.290686760103146,AN_11,#F36237
720575941407397294,76142074180721211,SAch01,sensory_ascending,SAch01,left,NA,NA,NA,NA
720575941528229252,76071705504043343,AN10B046_T1,ascending,AN10B046,left,16.55913812868491,-30.290686760103146,AN_11,#F36237
720575941430266505,76282811803521038,SApp07,sensory_ascending,SApp07,left,NA,NA,NA,NA
720575941578353909,76212442992329830,AN10B033_T3,ascending,AN10B033,right,13.59038812868491,-40.95089069381897,AN_10,#695B52
720575941526892198,76001336826818673,AN07B056,ascending,AN07B056,left,0.9195323681105698,35.34294780715759,AN_03,#947E6C
720575941605417918,76282811803532096,SApp01,sensory_ascending,SApp01,left,NA,NA,NA,NA
720575941535791338,76212442992510470,AN_5_None,ascending,AN_5_None,right,NA,NA,NA,NA
720575941508047639,76352287127545911,DNge152,descending,DNge152,right,-20.93112294919595,23.868378486478885,DN_03,#947E6C
720575941535482650,76212442992318241,AN10B047_T1,ascending,AN10B047,right,17.76894266359702,-37.186177406465454,AN_11,#F36237
720575941447888916,76282811803537860,SApp02,sensory_ascending,SApp02,left,NA,NA,NA,NA
720575941688979318,76212442992452198,AN10B037_T3,ascending,AN10B037,right,16.301833937095555,-32.172579918062134,AN_11,#F36237
720575941431816184,76212442992411522,AN10B033_T2,ascending,AN10B033,right,12.79503137819663,-44.01546588913147,AN_10,#695B52
720575941628544057,76282811803769090,SApp07,sensory_ascending,SApp07,left,NA,NA,NA,NA
720575941631020012,76142074248441639,AN08B113,ascending,AN08B113,right,-23.697953393531886,8.380946006620487,AN_13,#6A2978
720575941507811422,76071705504054395,IN10B032_T1,ascending,IN10B032,left,NA,NA,NA,NA
720575941437150252,76212442992431577,AN10B039_T1,ascending,AN10B039,right,19.83228952638999,-31.121508751069943,AN_11,#F36237
720575941528092344,76212443059329077,DNg36_b,descending,DNg36_b,right,-17.554955651832667,34.479647483671265,DN_03,#947E6C
720575941550687805,76353180480502482,DNge050,descending,DNge050,right,6.160368750022801,3.0344360731488065,DN_18,#51B07B
720575941411441323,76071705570936086,DNae009,descending,DNae009,right,13.420376608299168,22.70643505080994,DN_01,#F7BA3C
720575941392812548,76212443059565190,DNp26,descending,DNp26,right,15.93496114961997,26.86705860122498,DN_02,#EC9832
720575941556727041,76282811736332147,DNp66,descending,DNp66,right,-6.080498387886134,-16.910246048128048,DN_19,#4D9C3C
720575941483616963,75794698233025791,AN05B009_A2,ascending,AN05B009,left,-14.31615083463296,-35.92698017135803,AN_08,#298ABB
720575941454376519,75577886941347901,DNge146,descending,DNge146,right,15.953158209251317,-7.042199764406125,DN_06,#E42E2E
720575941490558261,75858606473752067,DNpe023,descending,DNpe023,right,15.387142965721043,0.5569308660870391,DN_06,#E42E2E
720575941588978244,76285010491114366,AN04B004,ascending,AN04B004,right,14.485830137657079,-11.860197220003048,AN_18,#51B07B
720575941455714541,76773881117440244,DNb02,descending,DNb02,right,-3.667606999946681,17.821476783598026,DN_03,#947E6C
720575941568199726,76492818188791054,DNge011,descending,DNge011,left,35.758585760520845,-9.491343650972286,DN_05,#FBCD5A
720575941499193161,75794423153444313,AN05B999,ascending,AN05B999,right,-9.345765283180324,-18.794072303926388,AN_19,#4D9C3C
720575941566500455,76636648591083733,AN18B020,ascending,AN18B020,left,14.010748693870458,27.30465396865662,AN_02,#EC9832
720575941511336402,76001749210900895,DNg04,descending,DNg04,right,14.23796064607993,26.084198798978885,DN_02,#EC9832
720575941515668995,76496735601829623,AN09B020_T2,ascending,AN09B020,left,-13.046027352882472,-48.48920551315491,AN_08,#298ABB
720575941427901012,75648461978272419,DNge100,descending,DNge100,right,19.925173590110692,-10.769902382051388,DN_06,#E42E2E
720575941469868765,76355998247500331,AN10B027_T2,ascending,AN10B027,left,9.349048445152196,-49.47557559982483,AN_10,#695B52
720575941432481633,75859155625890106,DNge137,descending,DNge137,right,-7.821116616798488,-1.2265576459521454,DN_14,#BFB09A
720575941611136476,76633693183713336,DNg89,descending,DNg89,left,5.493698427604588,15.725216712797245,DN_03,#947E6C
720575941492653031,76492474524642501,DNg72,descending,DNg72,left,18.872780630515965,-10.39575115219299,DN_06,#E42E2E
720575941517403308,76003810728489618,AN03B094,ascending,AN03B094,right,13.655508825706395,-0.7976445294970673,AN_06,#E42E2E
720575941533592805,76144273540344747,AN12A017,ascending,AN12A017,right,5.787190744804295,0.7202642820721465,AN_18,#51B07B
720575941526916354,76145716783354454,AN10B027_T3,ascending,AN10B027,left,9.040642568992528,-49.463380012666626,AN_10,#695B52
720575941663484540,75864585739368049,ANXXX318,ascending,ANXXX318,left,13.914396116660985,0.4508740566616851,AN_06,#E42E2E
720575941574040329,75436874508453073,DNit012,descending,DNit012,right,-4.931836297584621,-4.278641615068357,DN_18,#51B07B
720575941452165801,76563255921323252,DNge072,descending,DNge072,left,-2.5962955261002456,18.15039905532654,DN_03,#947E6C
720575941530606467,75648393460169860,DNg06,descending,DNg06,right,18.838219473289403,21.67433055862244,DN_01,#F7BA3C
720575941491585511,76144686058347370,AN07B041,ascending,AN07B041,right,-3.792998960090724,29.087763633573612,AN_03,#947E6C
720575941667036081,76847823610128586,AN07B071,ascending,AN07B071,left,8.677130529807958,39.05022319778259,AN_03,#947E6C
720575941623204860,76215810850953688,AN07B050,ascending,AN07B050,left,1.465172836707982,32.67556270583923,AN_03,#947E6C
720575941524513892,75859705851628238,DNge117,descending,DNge117,right,-4.688943555427638,36.71879848464783,DN_01,#F7BA3C
720575941572453790,76285423143984123,AN12B060,ascending,AN12B060,right,16.45453245394126,-13.72100463882629,AN_18,#51B07B
720575941505983813,76633487092280444,DNg07,descending,DNg07,left,24.434431860374364,22.14881214126404,DN_01,#F7BA3C
720575941539923741,76707086121427398,AN07B072_T1,ascending,AN07B072,left,-2.911071469856349,30.299809303129276,AN_03,#947E6C
720575941496013767,76356479686589912,AN08B079,ascending,AN08B079,left,-9.284117868019191,44.275389518583374,AN_04,#FE4545
720575941487351437,77055630703764823,DNg18_b,descending,DNg18_b,left,-6.159804990364162,38.8188770674115,DN_01,#F7BA3C
720575941657679128,76285560851197693,AN10B046_T2,ascending,AN10B046,left,16.582461187766942,-32.62713924423401,AN_11,#F36237
720575941505881413,76075554264380699,AN10B047_T3,ascending,AN10B047,right,17.0047291015853,-35.826443824922485,AN_11,#F36237
720575941532908773,76356066900311706,AN10B039_T2,ascending,AN10B039,right,20.22139627687827,-31.87876430526916,AN_11,#F36237
720575941524478795,76703512171931180,DNg08_a,descending,DNg08_a,left,30.75803835146323,25.218670692289432,DN_01,#F7BA3C
720575941503488491,76004910776747769,AN19B093,ascending,AN19B093,left,-1.3131113553772842,46.0352962873822,AN_04,#FE4545
720575941498979145,77270379739240409,AN08B100_T2,ascending,AN08B100,left,-0.3426639343033706,0.017503764474948058,AN_14,#BFB09A
720575941492504958,76075004642775742,AN07B072_T3,ascending,AN07B072,right,2.513019869254979,34.00950511916931,AN_03,#947E6C
720575941491613671,76424511364945429,unknown_sensory,sensory_ascending,unknown_sensory,left,NA,NA,NA,NA
720575941611603475,76636717176229770,AN08B102,ascending,AN08B102,left,3.078910181449803,-22.705201301729122,AN_18,#51B07B
720575941563201687,76844593257608641,DNg12_e,descending,DNg12_e,left,34.85418588869467,-8.663407478486935,DN_05,#FBCD5A
720575941517750188,76215466850951626,AN10B049_T2,ascending,AN10B049,right,21.107399771140965,-31.478436622774044,AN_11,#F36237
720575941470110327,76918810560707640,AN12B060,ascending,AN12B060,left,16.45453245394126,-13.72100463882629,AN_18,#51B07B
720575941565100551,76425267010673277,AN10B039_T1,ascending,AN10B039,right,19.83228952638999,-31.121508751069943,AN_11,#F36237
720575941537194778,76707085920353568,AN08B099,ascending,AN08B099,left,-26.24455373532876,-12.609027061616818,AN_18,#51B07B
720575941650852113,75723367080495710,SApp01,sensory_ascending,SApp01,right,NA,NA,NA,NA
720575941516217091,76355379705724485,AN08B097,ascending,AN08B097,right,1.5619897341002549,-29.65097347274963,AN_18,#51B07B
720575941500908171,76636717176452508,AN08B099,ascending,AN08B099,left,-26.24455373532876,-12.609027061616818,AN_18,#51B07B
720575941505231781,76071155614350049,AN08B106,ascending,AN08B106,right,2.5071465467681016,-23.270678672944943,AN_18,#51B07B
720575941722116666,76497560906646950,SApp15,sensory_ascending,SApp15,left,NA,NA,NA,NA
720575941568733486,76497835918691163,SApp07,sensory_ascending,SApp07,left,NA,NA,NA,NA
720575941502721003,76847754890264228,AN07B082,ascending,AN07B082,left,-4.958590200019923,24.673100318754276,AN_03,#947E6C
720575941655594708,76567723492466850,SApp15,sensory_ascending,SApp15,left,NA,NA,NA,NA
720575941533782360,76917917140546212,AN08B109,ascending,AN08B109,left,-18.36662976987466,-22.018632087861935,AN_19,#4D9C3C
720575941564623506,76005254508317643,ANXXX202_a_A1,ascending,ANXXX202_a,left,-15.97112195737466,6.258867587888797,AN_13,#6A2978
720575941574689352,76494880041910964,SApp10,sensory_ascending,SApp10,left,NA,NA,NA,NA
720575941667400179,76356548339233727,AN08B071,ascending,AN08B071,left,-8.876695802284328,44.319430198515015,AN_04,#FE4545
720575941549450301,76426710656429721,AN05B050,ascending,AN05B050,left,-9.902365853859035,-16.623362693941036,AN_18,#51B07B
720575941436435232,76354142620787203,AN09A005,ascending,AN09A005,NA,-6.257703473640529,1.629510726774295,AN_12,#B56FCC
720575941503456491,76425816900890435,AN10B045_T1,ascending,AN10B045,right,-7.270048787666408,-11.113504562532345,AN_11,#F36237
720575941644283986,76075073362203286,AN07B085,ascending,AN07B085,right,-0.9514585042725479,36.28631099685486,AN_03,#947E6C
720575941536651496,76777385877983355,AN08B031,ascending,AN08B031,left,3.0259371494521226,-10.517800483858029,AN_18,#51B07B
720575941631922117,76356341777977683,AN05B048,ascending,AN05B048,right,-9.475091149879542,-15.974261436616818,AN_18,#51B07B
720575941480996226,76001336826917917,DNpe008,descending,DNpe008,right,-22.63791196591958,36.52314647659119,DN_03,#947E6C
720575941628282150,76636854950648621,AN06A018,ascending,AN06A018,left,-16.768735101295558,33.414946403349,AN_03,#947E6C
720575941470647005,76354142486090605,AN27X013,ascending,AN27X013,left,-51.48837011106119,-6.83587566391174,AN_12,#B56FCC
720575941731655979,75578024514710241,DNge094,descending,DNge094,right,23.41680414430991,37.535868491972046,DN_01,#F7BA3C
720575941504121394,76426986138239119,AN19B104,ascending,AN19B104,left,-5.2201520705948745,44.74649700149353,AN_04,#FE4545
720575941588957239,76637267334678034,AN07B060,ascending,AN07B060,left,-6.861902406288234,41.34525951370056,AN_04,#FE4545
720575941353247536,76145098106309278,AN10B046_T2,ascending,AN10B046,right,16.582461187766942,-32.62713924423401,AN_11,#F36237
720575941521314227,76494880042075725,SApp09,sensory_ascending,SApp09,left,NA,NA,NA,NA
720575941507758103,75724260567609223,ANXXX202_c_A2,ascending,ANXXX202_c,left,-16.28159444577798,6.3218248747235135,AN_13,#6A2978
720575941526730852,76286591911744573,AN09B029_a,ascending,AN09B029_a,right,-8.694079568458644,-19.176732216035763,AN_16,#77C8F2
720575941481045155,75788719034293543,DNpe012,descending,DNpe012,right,4.1500638221968735,21.248579826200565,DN_01,#F7BA3C
720575941505033010,75929112791008712,DNp52,descending,DNp52,right,-8.371047189308253,-2.1954201795214816,DN_14,#BFB09A
720575941561351213,76216567234941457,SApp12,sensory_ascending,SApp12,left,NA,NA,NA,NA
720575941393354390,76216085796012028,AN19B106,ascending,AN19B106,left,-6.601240327430812,43.995604362333374,AN_04,#FE4545
720575941513376588,76286385820646205,AN19B104,ascending,AN19B104,left,-5.2201520705948745,44.74649700149353,AN_04,#FE4545
720575941604639934,76497010680988871,AN10B037_T2,ascending,AN10B037,left,16.570669958518895,-32.103808555757446,AN_11,#F36237
720575941530171268,76848579390005829,AN07B063,ascending,AN07B063,left,-6.636976411415187,40.20603069289978,AN_04,#FE4545
720575941401738787,76286798070163734,AN08B023,ascending,AN08B023,left,-12.06321351773843,-12.99155250564758,AN_18,#51B07B
720575941463078800,76422655805002993,DNg18_b,descending,DNg18_b,left,-6.159804990364162,38.8188770674115,DN_01,#F7BA3C
720575941574299208,76562225733563057,DNpe048,descending,DNpe048,left,-10.27839677579507,2.3760941885357694,DN_14,#BFB09A
720575941449075293,75794354501460297,ANXXX318,ascending,ANXXX318,left,13.914396116660985,0.4508740566616851,AN_06,#E42E2E
720575941688592879,76496873309547661,ANXXX157,ascending,ANXXX157,left,9.604909727500829,-43.29390064254944,AN_09,#D24A2C
720575941661127992,76356685845529998,AN07B089,ascending,AN07B089,left,-3.704406430793849,40.14456829055603,AN_04,#FE4545
720575941451997562,76146197886775820,ANXXX093,ascending,ANXXX093,left,-9.994111230445949,-28.068577919160763,AN_16,#77C8F2
720575941501644683,76146197953804364,AN10B037_T3,ascending,AN10B037,left,16.301833937095555,-32.172579918062134,AN_11,#F36237
720575941498506569,76216497978425205,AN10B046_T3,ascending,AN10B046,left,15.853347608970555,-32.78304973617737,AN_11,#F36237
720575941585935494,76215879436197009,AN10B015_b,ascending,AN10B015_b,left,-11.162298371864406,-16.880912933504025,AN_19,#4D9C3C
720575941460298707,76146197953940505,AN10B045_T3,ascending,AN10B045,left,21.333018133567723,-31.079713020479122,AN_11,#F36237
720575941477560129,76216497978416619,AN10B046_T3,ascending,AN10B046,left,15.853347608970555,-32.78304973617737,AN_11,#F36237
720575941532484581,76146678856052818,AN01B004_T3,ascending,AN01B004,left,-20.234912087989894,-8.314536247407833,AN_15,#48A9D9
720575941489812277,76351256469842196,DNp52,descending,DNp52,left,-8.371047189308253,-2.1954201795214816,DN_14,#BFB09A
720575941441643099,76075004106250547,AN03B011_T2,ascending,AN03B011,left,-29.047217538429347,3.7102034948712186,AN_07,#52AE4E
720575941529212600,76422174298871591,DNge031,descending,DNge031,left,16.534837553428563,-6.803868446504514,DN_06,#E42E2E
720575941575644573,76425542223714255,AN08B059,ascending,AN08B059,left,4.252839634345921,-21.40652767196838,AN_18,#51B07B
720575941505393980,76636648456630357,AN08B113,ascending,AN08B113,left,-23.697953393531886,8.380946006620487,AN_13,#6A2978
720575941575985241,76707017200643760,AN08B106,ascending,AN08B106,left,2.5071465467681016,-23.270678672944943,AN_18,#51B07B
720575941438468114,76356204406506334,AN05B054,ascending,AN05B054,left,-16.806655099464503,-49.1427928544635,AN_08,#298ABB
720575941468130134,76356066900050587,AN05B036,ascending,AN05B036,left,-17.98816411740884,-28.783681068574825,AN_14,#BFB09A
720575941578994933,76285629771566899,AN06B046,ascending,AN06B046,left,-21.17150037534341,23.50514682754334,AN_03,#947E6C
720575941449986909,76427260747562057,AN08B100_T3,ascending,AN08B100,left,-0.8150492215882217,-0.8684799410456818,AN_14,#BFB09A
720575941459479696,76636923334797313,AN05B083,ascending,AN05B083,left,-14.772203614784328,-25.57676235214416,AN_17,#8B3A9C
720575941447872532,76284942241430106,AN12B060,ascending,AN12B060,left,16.45453245394126,-13.72100463882629,AN_18,#51B07B
720575941658595352,76777592438888607,AN06A112,ascending,AN06A112,left,-7.132372071815578,33.76012691482361,AN_03,#947E6C
720575941614433945,76284873522260894,AN12B060,ascending,AN12B060,left,16.45453245394126,-13.72100463882629,AN_18,#51B07B
720575941537124890,76567310705646910,AN10B039_T2,ascending,AN10B039,left,20.22139627687827,-31.87876430526916,AN_11,#F36237
720575941566122855,76426710723413502,AN05B048,ascending,AN05B048,left,-9.475091149879542,-15.974261436616818,AN_18,#51B07B
720575941407788206,76844524471084982,DNge029,descending,DNge029,left,30.861990759300145,-3.668955478822629,DN_06,#E42E2E
720575941513032780,76703787116985439,DNge094,descending,DNge094,left,23.41680414430991,37.535868491972046,DN_01,#F7BA3C
720575941539552717,75930143247854412,DNge089,descending,DNge089,left,11.187259504722508,19.030100669706425,DN_01,#F7BA3C
720575941495190142,75724191915421242,AN19B051_A2,ascending,AN19B051,left,3.0411861633528794,3.1175239942913846,AN_18,#51B07B
720575941499618633,76214298686853841,AN16B081,ascending,AN16B081,right,-1.4294392371903335,39.52186473830994,AN_04,#FE4545
720575941595394161,76285629704991283,AN06B046,ascending,AN06B046,right,-21.17150037534341,23.50514682754334,AN_03,#947E6C
720575941505814588,76004910776712758,AN19B079,ascending,AN19B079,right,-1.545810868812648,47.31191143020447,AN_04,#FE4545
720575941450976634,75722954897646662,AN18B003,ascending,AN18B003,right,-2.9354540611039077,-1.4697231985682648,AN_07,#52AE4E
720575941436433440,76075279520936905,AN19B106,ascending,AN19B106,right,-6.601240327430812,43.995604362333374,AN_04,#FE4545
720575941537110554,76145098106396336,AN10B037_T2,ascending,AN10B037,right,16.570669958518895,-32.103808555757446,AN_11,#F36237
720575941603720377,75999413286086862,DNp52,descending,DNp52,right,-8.371047189308253,-2.1954201795214816,DN_14,#BFB09A
720575941565919847,75934679471623666,AN19B060,ascending,AN19B060,right,-16.536292245460597,27.067948188627323,AN_03,#947E6C
720575941688631414,76215192241153210,AN07B003,ascending,AN07B003,right,0.44039131157294165,3.716944541776736,AN_18,#51B07B
720575941658542928,76636923334845598,AN05B078,ascending,AN05B078,right,-18.105611016822902,-28.405600700532833,AN_17,#8B3A9C
720575941687006988,76282811803873710,DNge071,descending,DNge071,right,-5.476243188453761,36.312315788114624,DN_04,#FE4545
720575941471627639,75648462314123075,DNg92_b,descending,DNg92_b,right,14.242428610252293,20.9934433363324,DN_01,#F7BA3C
720575941625866139,76074935856650820,AN08B079,ascending,AN08B079,right,-9.284117868019191,44.275389518583374,AN_04,#FE4545
720575941534080600,75934610752314676,AN07B089,ascending,AN07B089,right,-3.704406430793849,40.14456829055603,AN_04,#FE4545
720575941461378374,76075829142238588,AN05B023_A2,ascending,AN05B023,right,-10.034005334449855,-28.14541355148498,AN_16,#77C8F2
720575941512600140,75930074595780616,DNg18_b,descending,DNg18_b,right,-6.159804990364162,38.8188770674115,DN_01,#F7BA3C
720575941559394931,75507380959745888,DNg08_a,descending,DNg08_a,right,30.75803835146323,25.218670692289432,DN_01,#F7BA3C
720575941415605276,75794491672103801,AN10B037_T3,ascending,AN10B037,right,16.301833937095555,-32.172579918062134,AN_11,#F36237
720575941430975329,75788925193129914,DNpe015,descending,DNpe015,right,-21.116557290626613,35.81524166091736,DN_03,#947E6C
720575941566182966,75654509896011468,AN04A001_T3,ascending,AN04A001,right,0.6010562061910356,2.1969331167584256,AN_07,#52AE4E
720575941559245038,76145373186028081,ANXXX157,ascending,ANXXX157,right,9.604909727500829,-43.29390064254944,AN_09,#D24A2C
720575941547411817,75788718967626667,DNpe054,descending,DNpe054,right,-23.055497338844386,37.204073753202515,DN_03,#947E6C
720575941645918152,75858538291286678,DNpe048,descending,DNpe048,right,-10.27839677579507,2.3760941885357694,DN_14,#BFB09A
720575941574671517,76001336827228747,DNpe011,descending,DNpe011,right,4.381265470909032,22.115998115385135,DN_01,#F7BA3C
720575941576023400,76075210801343302,AN19B101,ascending,AN19B101,right,-5.6929256225357925,45.77994426711853,AN_04,#FE4545
720575941633602501,75999412614601400,DNp25,descending,DNp25,right,-16.06126325376138,4.936862792814334,DN_13,#6A2978
720575941585842527,76146060581999137,AN05B015,ascending,AN05B015,left,-16.033944299293605,-25.967185173189083,AN_17,#8B3A9C
720575941490679497,76212443059290340,DNge145,descending,DNge145,right,31.99502451174155,19.55348094924744,DN_01,#F7BA3C
720575941428641620,76562843872771954,DNp16,descending,DNp16,left,-2.074717691017238,21.175547447050175,DN_01,#F7BA3C
720575941564373346,76071705504004141,AN10B056,ascending,AN10B056,left,21.001232931541356,-30.216431770479122,AN_11,#F36237
720575941595290149,76071705504074045,AN10B049_T1,ascending,AN10B049,left,21.672945806907567,-30.87487140670959,AN_11,#F36237
720575941617820373,76212442992370442,AN10B048_T3,ascending,AN10B048,right,12.000152418540868,-44.74524799362366,AN_10,#695B52
720575941608608365,76212442992400102,AN10B056,ascending,AN10B056,right,21.001232931541356,-30.216431770479122,AN_11,#F36237
720575941438900821,76142074248430632,AN08B113,ascending,AN08B113,right,-23.697953393531886,8.380946006620487,AN_13,#6A2978
720575941560549491,75296411964845227,DNg07,descending,DNg07,right,24.434431860374364,22.14881214126404,DN_01,#F7BA3C
720575941400480803,76142074247791796,SAchxx,sensory_ascending,SAchxx,left,NA,NA,NA,NA
720575941632311227,76282811803321746,SApp15,sensory_ascending,SApp15,left,NA,NA,NA,NA
720575941626133147,75793598452586802,SApp15,sensory_ascending,SApp15,right,NA,NA,NA,NA
720575941589330743,76286454808297864,AN19B079,ascending,AN19B079,left,-1.545810868812648,47.31191143020447,AN_04,#FE4545
720575941550597236,75020160809159720,SApp09,sensory_ascending,SApp09,right,NA,NA,NA,NA
720575941526857316,75723160989192532,SApp05,sensory_ascending,SApp05,right,NA,NA,NA,NA
720575941626190282,76355585527934182,AN01B004_T3,ascending,AN01B004,right,-20.234912087989894,-8.314536247407833,AN_15,#48A9D9
720575941589353540,75793392294652485,SApp05,sensory_ascending,SApp05,right,NA,NA,NA,NA
720575941593533803,76282811803435709,SApp06,sensory_ascending,SApp06,left,NA,NA,NA,NA
720575941466397462,76282811803766559,SApp22,sensory_ascending,SApp22,left,NA,NA,NA,NA
720575941441804223,76567929650920133,SApp03,sensory_ascending,SApp03,left,NA,NA,NA,NA
720575941484265981,76497629760595326,SApp03,sensory_ascending,SApp03,left,NA,NA,NA,NA
720575941594303527,75723367013127299,SApp07,sensory_ascending,SApp07,right,NA,NA,NA,NA
720575941553055771,75723367080463975,SApp01,sensory_ascending,SApp01,right,NA,NA,NA,NA
720575941557533092,75723229708840155,SApp05,sensory_ascending,SApp05,right,NA,NA,NA,NA
720575941392742148,76638229608193950,AN08B079_b,ascending,AN08B079_b,left,-8.93269078977212,43.75734981521423,AN_04,#FE4545
720575941547275144,76428222753012159,AN07B072_T3,ascending,AN07B072,left,2.513019869254979,34.00950511916931,AN_03,#947E6C
720575941474256224,76001336826926399,DNpe008,descending,DNpe008,right,-22.63791196591958,36.52314647659119,DN_03,#947E6C
720575941431875832,75718212314721453,DNpe007,descending,DNpe007,right,-16.079177072120753,-8.280205402528683,DN_14,#BFB09A
720575941593409064,76001336826887411,DNpe054,descending,DNpe054,right,-23.055497338844386,37.204073753202515,DN_03,#947E6C
720575941352918576,76070605657109640,DNg70,descending,DNg70,left,-13.66455285794839,-6.54967132583801,DN_14,#BFB09A
720575941519192792,76216085862543458,AN19B079,ascending,AN19B079,left,-1.545810868812648,47.31191143020447,AN_04,#FE4545
720575941454037555,76142074180724592,SAch01,sensory_ascending,SAch01,left,NA,NA,NA,NA
720575941432046945,76142074247996194,DNge121,descending,DNge121,right,19.94037706606284,-11.467458877717892,DN_08,#298ABB
720575941431097737,75930968015310701,DNge049,descending,DNge049,left,0.4572966640462006,2.6397896669751004,DN_18,#51B07B
720575941583879007,76355310918934139,AN12B089,ascending,AN12B089,left,-5.047398736549464,-0.6028627790564698,AN_08,#298ABB
720575941394119830,76001336759850554,DNp42,descending,DNp42,right,-8.895999124122707,-17.139908943330685,DN_19,#4D9C3C
720575941630573794,76282811736634761,AN07B062,ascending,AN07B062,right,4.540767500327977,-17.463631782686154,AN_19,#4D9C3C
720575941525796098,75862797892106865,SAch01,sensory_ascending,SAch01,right,NA,NA,NA,NA
720575941485651206,76282811803540740,SApp05,sensory_ascending,SApp05,left,NA,NA,NA,NA
720575941537098778,75788992972659970,unknown_maxillary-labial_sensory,sensory_descending,unknown_maxillary-labial_sensory,right,NA,NA,NA,NA
720575941525803853,76282811736787009,SApp21,sensory_ascending,SApp21,left,NA,NA,NA,NA
720575941602999030,76493574304196839,unknown_sensory,sensory_ascending,unknown_sensory,left,NA,NA,NA,NA
720575941527196185,75160829578016252,SApp05,sensory_ascending,SApp05,right,NA,NA,NA,NA
720575941472123712,75231335761296032,SApp08,sensory_ascending,SApp08,right,NA,NA,NA,NA
720575941628690214,76427398455145636,SApp01,sensory_ascending,SApp01,left,NA,NA,NA,NA
720575941527745702,76286592247673256,AN19B099,ascending,AN19B099,left,-6.060118367744533,46.23506053909119,AN_04,#FE4545
720575941462868749,76495567035364691,AN10B053_T1,ascending,AN10B053,right,12.228362867759618,-43.368340644990845,AN_10,#695B52
720575941437329708,75577543209775986,DNg08_b,descending,DNg08_b,right,-5.900768926216212,2.7485924623852567,DN_01,#F7BA3C
720575941454250665,76001336827260068,DNp39,descending,DNp39,right,7.449882337974461,-4.042767439042966,DN_06,#E42E2E
720575941448124692,76212443059251847,DNge115,descending,DNge115,right,-7.45322530515298,33.37562450393494,DN_03,#947E6C
720575941442078811,76286248381352311,AN07B085,ascending,AN07B085,left,-0.9514585042725479,36.28631099685486,AN_03,#947E6C
720575941553984574,76707360798054160,AN05B069,ascending,AN05B069,right,-15.915175607277003,-45.69455829635803,AN_08,#298ABB
720575941439599148,76142074315530645,AN27X013_T2,ascending,AN27X013,left,-51.346596887184234,-7.136477146303098,AN_12,#B56FCC
720575941568317230,75933441984138627,AN12A017,ascending,AN12A017,right,5.787190744804295,0.7202642820721465,AN_18,#51B07B
720575941565393927,76071705570952344,AN18B053,ascending,AN18B053,left,4.77561933748618,-18.701378975068966,AN_19,#4D9C3C
720575941563551656,76282811736211139,ANXXX109,ascending,ANXXX109,left,-20.74684446103677,-35.78974643722717,AN_09,#D24A2C
720575941575292936,76071705503742261,AN17A003_T3,ascending,AN17A003,right,-13.511069467140285,-17.257857475435177,AN_17,#8B3A9C
720575941539407090,76351943865543220,DNpe011,descending,DNpe011,left,4.381265470909032,22.115998115385135,DN_01,#F7BA3C
720575941576288413,76351943865782044,DNpe012,descending,DNpe012,left,4.1500638221968735,21.248579826200565,DN_01,#F7BA3C
720575941668649971,76285423076684566,AN10B046_T2,ascending,AN10B046,right,16.582461187766942,-32.62713924423401,AN_11,#F36237
720575941545418501,76282811736158594,DNg67,descending,DNg67,right,-12.443040063453761,-2.519757423555295,DN_15,#48A9D9
720575941612504297,75792498673011936,AN19B001_b,ascending,AN19B001_b,left,-0.22669445521935572,2.0686374567395047,AN_18,#51B07B
720575941724581690,76282811736382267,DNge102,descending,DNge102,left,-10.27122133023843,-22.41860500351135,DN_16,#77C8F2
720575941407841071,76071705571468335,DNp07,descending,DNp07,left,0.727219404803666,2.233548250043948,DN_07,#52AE4E
720575941404900464,76212442992566923,AN08B099_a,ascending,AN08B099_a,right,1.231219241546544,-22.534363899385372,AN_18,#51B07B
720575941401813027,76071705436513052,AN17B002,ascending,AN17B002,right,-19.443450143409816,-34.72684970871155,AN_09,#D24A2C
720575941393745046,76071705504027354,AN04A001_T2,ascending,AN04A001,right,1.0686572288741196,2.4095111750012235,AN_07,#52AE4E
720575941352987696,76282811803622602,SApp17,sensory_ascending,SApp17,left,NA,NA,NA,NA
720575941411405995,76071705504024502,AN17A004,ascending,AN17A004,right,-14.077362229896632,-18.313771400606075,AN_17,#8B3A9C
720575941415707420,76142074248385647,DNg24,descending,DNg24,left,-20.817282846046535,-36.26142231002991,DN_09,#D24A2C
720575941535705778,76422587152129820,DNp17,descending,DNp17,left,-25.182271173072902,31.796412315214237,DN_03,#947E6C
720575941596301607,76001336759850473,AN10B005,ascending,AN10B005,right,-1.6172258163224136,10.386675681913456,AN_01,#F7BA3C
720575941430153976,76848441816838173,AN12B060,ascending,AN12B060,left,16.45453245394126,-13.72100463882629,AN_18,#51B07B
720575941538701795,76142074315209498,DNg111,descending,DNg111,right,15.101261923240575,-0.22165623680297553,DN_06,#E42E2E
720575941431101615,76212442992417294,AN10B061,ascending,AN10B061,right,-6.781222035957423,-11.00430885330383,AN_11,#F36237
720575941431229615,76001336827295131,AN19A018_d_T1,ascending,AN19A018_d,right,-2.379469087196437,-18.7422744371051,AN_19,#4D9C3C
720575941517351161,76707429383380363,AN00A009,ascending,AN00A009,left,-11.480783631874171,-29.03455272690002,AN_16,#77C8F2
720575941432245463,76353180547927114,AN19B059,ascending,AN19B059,right,-5.032092740608302,44.476786460722046,AN_03,#947E6C
720575941438410514,76212443059535252,DNb07,descending,DNb07,left,14.854859182762059,23.567116584623417,DN_02,#EC9832
720575941438690834,76001336827013808,DNpe019,descending,DNpe019,right,15.859970877097997,28.758019294584354,DN_02,#EC9832
720575941439633983,76142074315119580,DNp65,descending,DNp65,right,-15.812169244361964,5.561813201749881,DN_13,#6A2978
720575941440350293,76001336759896375,DNp71,descending,DNp71,right,0.17685816638365637,-8.532334957277218,DN_18,#51B07B
720575941538642147,76146129167176243,AN09B004_A2,ascending,AN09B004,right,-15.459529092384425,-13.058768425142208,AN_16,#77C8F2
720575941440999119,76212442992524673,AN08B111,ascending,AN08B111,right,10.353246519493016,-20.14510837570373,AN_18,#51B07B
720575941441051343,76142074248433220,AN08B113,ascending,AN08B113,right,-23.697953393531886,8.380946006620487,AN_13,#6A2978
720575941442418639,76001336826861901,DNpe017,descending,DNpe017,right,15.03377706758872,26.233563270414432,DN_02,#EC9832
720575941444857770,76427192297088509,SApp09,sensory_ascending,SApp09,left,NA,NA,NA,NA
720575941445042346,76142074248447212,AN08B098,ascending,AN08B098,right,4.597302505897435,-21.584969673311154,AN_19,#4D9C3C
720575941448968029,76353180547879733,DNge024,descending,DNge024,left,33.18192941896811,-6.603655014192502,DN_05,#FBCD5A
720575941450088285,75930968015575223,ANXXX165,ascending,ANXXX165,left,-1.833159854484645,9.076697196806034,AN_01,#F7BA3C
720575941450506830,76001336827019618,DNp18,descending,DNp18,right,15.415839025901708,25.70651515945252,DN_02,#EC9832
720575941592811404,76212442992558863,DNp27,descending,DNp27,right,-5.390613248420802,0.8850668333416778,DN_14,#BFB09A
720575941452016199,76212443059254602,DNge111,descending,DNge111,right,29.648928472923192,22.09242710098084,DN_01,#F7BA3C
720575941440683743,76071705504383689,DNp10,descending,DNp10,left,-1.266438891960231,-4.4667281247729465,DN_07,#52AE4E
720575941453195945,76212236833817809,AN10B039_T3,ascending,AN10B039,right,15.592584440635594,-32.457873497163696,AN_11,#F36237
720575941454913075,76001336692319429,DNge083,descending,DNge083,right,9.282573530601415,-9.395451698457638,DN_18,#51B07B
720575941463157904,76142074248075177,ANXXX433,ascending,ANXXX433,right,-16.289731195045558,-2.5183028318041965,AN_15,#48A9D9
720575941454975539,76282811803972996,DNp16,descending,DNp16,left,-2.074717691017238,21.175547447050175,DN_01,#F7BA3C
720575941456180461,76001336760182939,DNg63,descending,DNg63,right,11.006463835166844,-4.924308452760617,DN_06,#E42E2E
720575941456897005,75930968082849185,DNa02,descending,DNa02,right,16.187851736472997,0.01675334199722589,DN_06,#E42E2E
720575941458969414,76001336760230975,AN07B085,ascending,AN07B085,left,-0.9514585042725479,36.28631099685486,AN_03,#947E6C
720575941451068597,75436600100484205,DNp01,descending,DNp01,right,-5.107796838356105,-10.56396404281799,DN_16,#77C8F2
720575941536353880,76282811736508646,DNp42,descending,DNp42,left,-8.895999124122707,-17.139908943330685,DN_19,#4D9C3C
720575941550561341,76142074248144989,DNpe052,descending,DNpe052,right,-9.006551911903468,-13.721404228364865,DN_16,#77C8F2
720575941460714180,76071705503987302,AN10B046_T3,ascending,AN10B046,left,15.853347608970555,-32.78304973617737,AN_11,#F36237
720575941460757715,76001336826912277,DNpe011,descending,DNpe011,right,4.381265470909032,22.115998115385135,DN_01,#F7BA3C
720575941461560720,76001336826981105,AN06A092,ascending,AN06A092,left,4.5631213878859604,37.27505001052673,AN_04,#FE4545
720575941461628560,75020229528526529,SApp07,sensory_ascending,SApp07,right,NA,NA,NA,NA
720575941461833924,76142074248333843,AN17A050,ascending,AN17A050,left,-10.688994577003566,-15.672940406953732,AN_18,#51B07B
720575941602013993,76142074315668140,AN09A005,ascending,AN09A005,right,-6.257703473640529,1.629510726774295,AN_12,#B56FCC
720575941466724118,76212443059491652,AN07B089,ascending,AN07B089,right,-3.704406430793849,40.14456829055603,AN_04,#FE4545
720575941467453462,76353180480454630,DNge065,descending,DNge065,left,11.696645567344579,-4.64850059524719,DN_06,#E42E2E
720575941557838756,76282811736169431,DNg86,descending,DNg86,right,-2.4989890361557876,1.14164480193909,DN_06,#E42E2E
720575941561890931,77762274156567596,SApp10,sensory_ascending,SApp10,left,NA,NA,NA,NA
720575941470195723,76071705504386615,DNae008,descending,DNae008,right,7.949721643852147,-3.9049109555834933,DN_06,#E42E2E
720575941470575479,76282811803909475,DNpe054,descending,DNpe054,left,-23.055497338844386,37.204073753202515,DN_03,#947E6C
720575941471648631,76212442924886996,AN05B040,ascending,AN05B040,right,-14.477094819618312,-49.55498996750061,AN_08,#298ABB
720575941474101344,76496735601974548,AN02A002,ascending,AN02A002,left,-3.503755261970607,-13.800434265291134,AN_18,#51B07B
720575941576229385,76215742265321991,AN17B011,ascending,AN17B011,left,7.623820612358006,-41.53165164962952,AN_09,#D24A2C
720575941476398897,75718762137424048,DNge092,descending,DNge092,right,-5.27210490949258,32.40996440872009,DN_03,#947E6C
720575941476850462,76283773741978541,AN09B044,ascending,AN09B044,left,-16.524394204689113,-16.012122306978146,AN_17,#8B3A9C
720575941477006388,76282811803956889,DNpe012,descending,DNpe012,left,4.1500638221968735,21.248579826200565,DN_01,#F7BA3C
720575941477345332,76282811803430226,SApp08,sensory_ascending,SApp08,left,NA,NA,NA,NA
720575941514530892,76142074248568753,DNp48,descending,DNp48,left,-14.991749932838527,5.302864398801883,DN_13,#6A2978
720575941478387306,75930968015455970,AN04B023_T1,ascending,AN04B023,right,-3.2903587127457534,8.003937568510135,AN_01,#F7BA3C
720575941478705770,76282811736497112,DNpe056,descending,DNpe056,left,-7.903681924415675,-17.587634239351193,DN_18,#51B07B
720575941478752362,76212442992405877,AN10B056,ascending,AN10B056,right,21.001232931541356,-30.216431770479122,AN_11,#F36237
720575941479354498,76282811803413561,SApp22,sensory_ascending,SApp22,left,NA,NA,NA,NA
720575941462261188,75930968082638080,DNg35,descending,DNg35,left,17.653168508933934,-1.7830575443858308,DN_06,#E42E2E
720575941553593150,76565729755263289,SApp23,sensory_ascending,SApp23,left,NA,NA,NA,NA
720575941594469160,76142074248139606,DNp43,descending,DNp43,left,-9.83954065091714,-17.25827899948303,DN_17,#8B3A9C
720575941480901827,76001336827254860,DNge085,descending,DNge085,left,-5.740689446998683,38.77178081497009,DN_04,#FE4545
720575941481337679,76633143360615489,DNg77,descending,DNg77,left,-4.577001264167873,-4.68346563354675,DN_18,#51B07B
720575941549144968,76142074248394273,DNp69,descending,DNp69,left,-1.4955028796921646,-15.319629821931759,DN_19,#4D9C3C
720575941413558639,76212443059394313,DNge091,descending,DNge091,right,30.734642813133153,21.413204994047245,DN_01,#F7BA3C
720575941483184070,75930280753724096,SApp06,sensory_ascending,SApp06,right,NA,NA,NA,NA
720575941483266246,76142074315158358,DNpe045,descending,DNpe045,right,2.7769957279433335,-7.151734504854123,DN_07,#52AE4E
720575941520203436,76212443059731168,DNp17,descending,DNp17,left,-25.182271173072902,31.796412315214237,DN_03,#947E6C
720575941489294800,76071705503888556,AN10B048_T2,ascending,AN10B048,left,12.919598410056981,-44.390469703828735,AN_10,#695B52
720575941628636217,76282811736329316,ANXXX027_A3,ascending,ANXXX027,right,-10.916506936622707,-23.46831623092834,AN_16,#77C8F2
720575941490799157,76353180480370891,DNp58,descending,DNp58,right,-13.526047875953761,3.9370449446087674,DN_14,#BFB09A
720575941491055820,76282811803898846,DNp17,descending,DNp17,left,-25.182271173072902,31.796412315214237,DN_03,#947E6C
720575941491057614,76071705503736338,ANXXX264,ascending,ANXXX264,left,-15.347185304237453,-46.700074348604126,AN_08,#298ABB
720575941491649255,76142074315103423,oviDNa_a,descending,oviDNa_a,right,-8.508571794105617,-0.6425277032012147,DN_14,#BFB09A
720575941432405167,76212443059431954,DNp102,descending,DNp102,left,2.6418808197249497,21.705719795072635,DN_07,#52AE4E
720575941492588976,76212442992460675,DNge103,descending,DNge103,left,6.802574942039403,-2.9263369180316134,DN_07,#52AE4E
720575941492684208,76282811803917802,DNpe054,descending,DNpe054,left,-23.055497338844386,37.204073753202515,DN_03,#947E6C
720575941493018032,76071705503863392,ANXXX106,ascending,ANXXX106,right,-18.28651159055337,-28.88165203109924,AN_14,#BFB09A
720575941493021104,76001336826966403,DNpe054,descending,DNpe054,right,-23.055497338844386,37.204073753202515,DN_03,#947E6C
720575941494330750,76071705503827152,AN10B033_T2,ascending,AN10B033,left,12.79503137819663,-44.01546588913147,AN_10,#695B52
720575941498486907,76494742669694948,SApp01,sensory_ascending,SApp01,left,NA,NA,NA,NA
720575941498730146,76142074248444479,AN08B061,ascending,AN08B061,right,1.665768334793004,-28.166411552583615,AN_18,#51B07B
720575941499034786,76142074248427944,AN08B097,ascending,AN08B097,left,1.5619897341002549,-29.65097347274963,AN_18,#51B07B
720575941499077089,76071705504276393,DNpe027,descending,DNpe027,right,2.4213876222838486,-2.808635268365781,DN_07,#52AE4E
720575941502273419,76071705504141901,DNpe022,descending,DNpe022,right,2.470807979034337,-7.695731792604367,DN_07,#52AE4E
720575941502628695,76001336827036137,DNp15,descending,DNp15,right,-3.642230203224269,16.795943107450565,DN_03,#947E6C
720575941503131371,76282811803901532,DNpe054,descending,DNpe054,left,-23.055497338844386,37.204073753202515,DN_03,#947E6C
720575941503846706,76282811803929072,DNpe011,descending,DNpe011,left,4.381265470909032,22.115998115385135,DN_01,#F7BA3C
720575941503855851,76212442992499309,AN10B031,ascending,AN10B031,right,16.766947576927098,-30.901858482515255,AN_11,#F36237
720575941504117042,76212442992654305,AN08B031,ascending,AN08B031,right,3.0259371494521226,-10.517800483858029,AN_18,#51B07B
720575941504723906,76142074180703511,AN05B017,ascending,AN05B017,left,-13.841893365455714,-34.76913944259827,AN_14,#BFB09A
720575941505410876,76001336759752459,DNge057,descending,DNge057,left,20.30578119509116,-11.73776832596008,DN_08,#298ABB
720575941506196247,76353180548238043,DNp20,descending,DNp20,left,-0.1208229566346084,16.088084068143925,DN_01,#F7BA3C
720575941507073303,76071705503614820,DNp02,descending,DNp02,right,-1.84456413037881,-14.927007827913204,DN_09,#D24A2C
720575941528247140,76212442992689883,DNpe005,descending,DNpe005,left,13.462956259178075,22.29494174941834,DN_02,#EC9832
720575941614906387,76140287742936280,MDN,descending,MDN,right,18.626454183982762,0.4590242765789825,DN_06,#E42E2E
720575941496676295,76282811803546613,DNa06,descending,DNa06,left,-2.3722185397873794,17.108897056425175,DN_03,#947E6C
720575941604241337,76212442992364409,ANXXX380_A6,ascending,ANXXX380,right,-9.516989877296535,-5.6375562287921115,AN_18,#51B07B
720575941511599314,75930968015605257,AN19B017,ascending,AN19B017,left,-2.8889235759507095,10.299911346281132,AN_01,#F7BA3C
720575941513085004,76216085594306574,AN10B033_T3,ascending,AN10B033,left,13.59038812868491,-40.95089069381897,AN_10,#695B52
720575941612480489,76215879435842399,AN10B015_b,ascending,AN10B015_b,right,-11.162298371864406,-16.880912933504025,AN_19,#4D9C3C
720575941483106243,76142074315364152,AN02A002,ascending,AN02A002,left,-3.503755261970607,-13.800434265291134,AN_18,#51B07B
720575941514874627,76212442992468713,AN10B039_T3,ascending,AN10B039,right,15.592584440635594,-32.457873497163696,AN_11,#F36237
720575941515223555,76071705504021634,AN10B039_T3,ascending,AN10B039,left,15.592584440635594,-32.457873497163696,AN_11,#F36237
720575941626745452,76142074315195049,DNpe046,descending,DNpe046,left,-9.203597238136378,-0.495060566818158,DN_14,#BFB09A
720575941479905898,76142074248134317,AN09B004_A3,ascending,AN09B004,left,-8.197465112281886,-25.252659950410763,AN_16,#77C8F2
720575941515520505,76566417553975735,AN06A095,ascending,AN06A095,left,-7.93926160581216,35.209624137724,AN_04,#FE4545
720575941515972698,76212443059391293,DNg99,descending,DNg99,left,-9.513495614601222,42.49561580642517,DN_04,#FE4545
720575941516800147,76353180548122689,DNge002,descending,DNge002,left,4.489856789039525,13.697617378080448,DN_03,#947E6C
720575941518866030,76001268107392508,AN19B065,ascending,AN19B065,left,-0.7920521999131118,46.58299907668884,AN_04,#FE4545
720575941519464046,75930968015348134,DNg97,descending,DNg97,left,9.949472258018407,-4.06701317802612,DN_06,#E42E2E
720575941585696351,76423549291635416,DNc02,descending,DNc02,left,-7.129932096077052,0.04795214160736383,DN_14,#BFB09A
720575941520584631,76212442992074997,AN05B071,ascending,AN05B071,right,-11.690634896827785,-46.539124641572876,AN_18,#51B07B
720575941520735411,76001336759755356,DNge098,descending,DNge098,left,0.6332279817779387,-8.27604499832336,DN_18,#51B07B
720575941521282739,76282811736753777,DNg49,descending,DNg49,right,0.05816609613791357,22.101858939970096,DN_03,#947E6C
720575941549247368,76212443059271467,DNge092,descending,DNge092,right,-5.27210490949258,32.40996440872009,DN_03,#947E6C
720575941524168011,76212442992151009,AN05B081,ascending,AN05B081,right,-24.181956460548488,-29.112925682222286,AN_14,#BFB09A
720575941526450713,76071705503885777,AN10B029_T1,ascending,AN10B029,left,12.839177915977391,-48.18146244064514,AN_10,#695B52
720575941526686797,76142074247891918,AN09B040_T1,ascending,AN09B040,left,-16.70892827756509,-16.730389747774044,AN_17,#8B3A9C
720575941556654419,76142074315327313,DNbe006,descending,DNbe006,left,2.1637505983580674,-6.496884975587766,DN_07,#52AE4E
720575941527078566,76494880108607901,SApp07,sensory_ascending,SApp07,left,NA,NA,NA,NA
720575941439437586,76282811736625832,DNb05,descending,DNb05,left,-0.5149263644944106,3.82117828353699,DN_07,#52AE4E
720575941527245337,76212442992321029,AN17A002,ascending,AN17A002,right,-19.417971780372707,-7.132188472902219,AN_15,#48A9D9
720575941527283366,76071705504027304,AN10B039_T1,ascending,AN10B039,right,19.83228952638999,-31.121508751069943,AN_11,#F36237
720575941527922598,75577749704185950,DNg08_b,descending,DNg08_b,right,-5.900768926216212,2.7485924623852567,DN_01,#F7BA3C
720575941530577355,76282811803956909,DNpe054,descending,DNpe054,left,-23.055497338844386,37.204073753202515,DN_03,#947E6C
720575941531270347,76001336760227834,ANXXX988,ascending,ANXXX988,left,-5.505437543464748,-5.239884529268186,AN_18,#51B07B
720575941531918565,76212443059331757,DNge092,descending,DNge092,right,-5.27210490949258,32.40996440872009,DN_03,#947E6C
720575941532674435,76282811736225216,AN17B002,ascending,AN17B002,left,-19.443450143409816,-34.72684970871155,AN_09,#D24A2C
720575941533704067,76001336827476359,DNp31,descending,DNp31,left,15.290725538658055,26.007828559721073,DN_02,#EC9832
720575941535166913,76142074180789388,SAch02,sensory_ascending,SAch02,right,NA,NA,NA,NA
720575941394278916,76212443059568319,DNbe004,descending,DNbe004,left,15.814606497215184,25.580107536161503,DN_02,#EC9832
720575941535811521,76001336826951808,720575941535811521,sensory_ascending,NA,NA,NA,NA,NA,NA
720575941536555546,76282811803457618,SApp15,sensory_ascending,SApp15,left,NA,NA,NA,NA
720575941536580634,76142074248548816,DNge129,descending,DNge129,right,3.2067888473738755,-6.71458307281677,DN_07,#52AE4E
720575941432123640,76071705570992341,DNa01,descending,DNa01,right,13.526276419090184,-1.8650272227877778,DN_06,#E42E2E
720575941537644003,76282811803642351,SApp08,sensory_ascending,SApp08,left,NA,NA,NA,NA
720575941517000185,76071705570981683,DNp54,descending,DNp54,right,-4.53138749845132,2.4815140627270535,DN_14,#BFB09A
720575941537912291,76001336827136640,DNpe012,descending,DNpe012,right,4.1500638221968735,21.248579826200565,DN_01,#F7BA3C
720575941467388758,75863623532651071,SApp02,sensory_ascending,SApp02,right,NA,NA,NA,NA
720575941577627752,75930968082567117,DNc02,descending,DNc02,left,-7.129932096077052,0.04795214160736383,DN_14,#BFB09A
720575941539816061,76071705570941532,DNpe024,descending,DNpe024,right,2.728999445365819,-6.467657241975705,DN_07,#52AE4E
720575941540257741,76282811803402561,DNpe027,descending,DNpe027,left,2.4213876222838486,-2.808635268365781,DN_07,#52AE4E
720575941540266109,76567379358464719,AN10B037_T2,ascending,AN10B037,left,16.570669958518895,-32.103808555757446,AN_11,#F36237
720575941540625101,76212442992236065,AN05B062,ascending,AN05B062,right,-7.595747163368312,-21.09204021469299,AN_18,#51B07B
720575941542514268,76282811736539170,DNg43,descending,DNg43,right,6.7039154266585435,-4.1168183423632785,DN_06,#E42E2E
720575941506912828,75090460833654544,SApp05,sensory_ascending,SApp05,right,NA,NA,NA,NA
720575941543173405,76142074248016225,ANXXX433,ascending,ANXXX433,right,-16.289731195045558,-2.5183028318041965,AN_15,#48A9D9
720575941543300381,76212442992394461,AN10B037_T2,ascending,AN10B037,right,16.570669958518895,-32.103808555757446,AN_11,#F36237
720575941543684357,75930968015491611,DNg94,descending,DNg94,left,-5.657500913215724,27.83175357803162,DN_03,#947E6C
720575941545273861,76282811803943006,DNpe054,descending,DNpe054,left,-23.055497338844386,37.204073753202515,DN_03,#947E6C
720575941546593468,76142074248350884,AN17A008,ascending,AN17A008,right,-6.479084661079494,-2.5374861098879977,AN_08,#298ABB
720575941692178651,76212442992608747,DNp60,descending,DNp60,right,-0.3148476982842361,-7.252924595033567,DN_18,#51B07B
720575941663833400,76142074315169489,DNpe053,descending,DNpe053,right,-13.324996163917628,1.8908015154248077,DN_13,#6A2978
720575941403220771,76142074248013358,ANXXX046,ascending,ANXXX046,right,-11.107293298317042,-25.657691154634396,AN_16,#77C8F2
720575941548066184,75930968015405878,DNge073,descending,DNge073,left,4.772161314414891,-4.899184379732053,DN_07,#52AE4E
720575941464350989,76142074180684785,AN09B018_c,ascending,AN09B018_c,left,-15.207241227699367,-7.968714389955442,AN_14,#BFB09A
720575941548246920,76425542492674322,AN27X015,ascending,AN27X015,right,-4.7715107703934585,3.30443080886658,AN_14,#BFB09A
720575941548340104,76071705503888566,AN01A033,ascending,AN01A033,right,-6.289073159767238,-21.96928516403381,AN_16,#77C8F2
720575941549022497,76212443059738575,DNpe054,descending,DNpe054,left,-23.055497338844386,37.204073753202515,DN_03,#947E6C
720575941689646710,76142074315324629,DNp25,descending,DNp25,left,-16.06126325376138,4.936862792814334,DN_13,#6A2978
720575941550794751,76282811736770994,DNg36_a,descending,DNg36_a,right,-14.800120523048488,33.04047664626892,DN_03,#947E6C
720575941551055495,75723229641994276,SApp22,sensory_ascending,SApp22,right,NA,NA,NA,NA
720575941552009727,76001336760082194,DNg49,descending,DNg49,left,0.05816609613791357,22.101858939970096,DN_03,#947E6C
720575941552163583,76282811736567846,DNpe022,descending,DNpe022,left,2.470807979034337,-7.695731792604367,DN_07,#52AE4E
720575941552880190,76282811803441334,SApp22,sensory_ascending,SApp22,left,NA,NA,NA,NA
720575941672613799,76071705570874313,DNp45,descending,DNp45,right,-3.891093423439113,-15.890859756624142,DN_19,#4D9C3C
720575941509092958,76212442992648810,AN10B005,ascending,AN10B005,right,-1.6172258163224136,10.386675681913456,AN_01,#F7BA3C
720575941553134363,76001336826815539,SApp06,sensory_ascending,SApp06,right,NA,NA,NA,NA
720575941554856019,76212443059768198,DNpe054,descending,DNpe054,left,-23.055497338844386,37.204073753202515,DN_03,#947E6C
720575941555393537,76212443059529392,DNa13,descending,DNa13,left,18.470871756004247,-0.04270205274764716,DN_06,#E42E2E
720575941556419300,76212442924902018,AN09B040_T1,ascending,AN09B040,right,-16.70892827756509,-16.730389747774044,AN_17,#8B3A9C
720575941558535716,76071705436552080,AN09B034,ascending,AN09B034,left,3.5773967003096665,-2.8598817922228976,AN_07,#52AE4E
720575941597051761,76071705570920124,DNpe053,descending,DNpe053,left,-13.324996163917628,1.8908015154248077,DN_13,#6A2978
720575941625042940,76212442992519065,DNp12,descending,DNp12,left,-29.491320779396144,3.71031984313782,DN_07,#52AE4E
720575941561762605,76282811736250731,ANXXX043,ascending,ANXXX043,right,-15.943890740943996,-44.25186649337952,AN_08,#298ABB
720575941562771624,76001336826895576,DNpe009,descending,DNpe009,right,-2.0249449516068374,22.06341632827576,DN_01,#F7BA3C
720575941563483816,76353180547728907,AN19B019,ascending,AN19B019,right,-4.900174310279933,2.7733624838238553,AN_14,#BFB09A
720575941563622759,76142074247891920,SAch01,sensory_ascending,SAch01,right,NA,NA,NA,NA
720575941563893858,76212442992258508,SApp23,sensory_ascending,SApp23,left,NA,NA,NA,NA
720575941524069111,76142074248089534,DNp32,descending,DNp32,left,-7.195522954536525,-6.768639717256467,DN_18,#51B07B
720575941564632674,76001336826774956,AN08B079,ascending,AN08B079,NA,-9.284117868019191,44.275389518583374,AN_04,#FE4545
720575941564723456,76142074248164001,AN05B101,ascending,AN05B101,left,-15.844735314918605,4.195026244962771,AN_13,#6A2978
720575941565477174,76001336759687035,DNde003,descending,DNde003,right,16.19999963991538,0.3175819776898223,DN_06,#E42E2E
720575941566336822,76282811736414627,ANXXX218,ascending,ANXXX218,right,12.078901121543797,-3.8631893731707736,AN_06,#E42E2E
720575941428563540,76142074315035987,DNpe043,descending,DNpe043,right,-1.5990299487839614,-14.072305832063595,DN_14,#BFB09A
720575941566772526,76357029710965835,SApp03,sensory_ascending,SApp03,left,NA,NA,NA,NA
720575941565255570,76001336827297966,DNa10,descending,DNa10,right,12.778375456260594,22.91334423049744,DN_01,#F7BA3C
720575941568946938,76212443059318069,DNg18_a,descending,DNg18_a,right,-6.855634381843654,39.105501975858765,DN_01,#F7BA3C
720575941452657018,76212442992126866,AN05B102_A4,ascending,AN05B102,right,-9.231845071388332,-27.70248142257873,AN_16,#77C8F2
720575941539718037,75231267041846140,SApp03,sensory_ascending,SApp03,right,NA,NA,NA,NA
720575941573417117,76282811803983323,DNg10,descending,DNg10,right,-6.648368527961818,34.46930202468689,DN_03,#947E6C
720575941662983224,76282811803923491,DNpe054,descending,DNpe054,left,-23.055497338844386,37.204073753202515,DN_03,#947E6C
720575941573658184,76001336759590165,DNg30,descending,DNg30,left,-9.196788003517238,-13.468788299714962,DN_16,#77C8F2
720575941574850205,76212442992370402,AN08B012_T2,ascending,AN08B012,right,-11.600884606910792,-22.709624443208615,AN_14,#BFB09A
720575941433155799,76071705504175079,DNp09,descending,DNp09,right,4.387682268546971,-5.614143524324338,DN_07,#52AE4E
720575941580074485,76071705504239771,AN07B037,ascending,AN07B037,left,-7.437617471290675,12.874095764005741,AN_01,#F7BA3C
720575941581772153,76353180547669480,AN06B011,ascending,AN06B011,right,-8.786787202430812,10.989419784391483,AN_07,#52AE4E
720575941484893949,76075416758159852,AN09B007,ascending,AN09B007,left,-6.173640420509425,0.17155691608246149,AN_06,#E42E2E
720575941517385306,76212442924885230,AN05B009_A2,ascending,AN05B009,right,-14.31615083463296,-35.92698017135803,AN_08,#298ABB
720575941588409924,76001336826937770,DNp17,descending,DNp17,right,-25.182271173072902,31.796412315214237,DN_03,#947E6C
720575941588978500,76142074248013337,AN09B001,ascending,AN09B001,left,-9.101587464881984,-27.451960716401974,AN_16,#77C8F2
720575941589853950,76423549291625013,DNg26,descending,DNg26,right,-8.79255693204507,4.610514488065799,DN_14,#BFB09A
720575941589986359,76071705504270938,DNge128,descending,DNge128,right,14.046195814536961,-5.8408571817034884,DN_06,#E42E2E
720575941590752396,76142074247909189,AN09B033_A5,ascending,AN09B033,left,-20.481488397193996,-5.406861457979123,AN_15,#48A9D9
720575941591683212,76212443059659003,AN02A022,ascending,AN02A022,left,-19.25511091001138,34.45446285232361,AN_03,#947E6C
720575941591827752,76352699377453737,SApp01,sensory_ascending,SApp01,left,NA,NA,NA,NA
720575941594463013,76284529790821676,ANXXX041,ascending,ANXXX041,right,-16.16000478513345,-50.368950996553345,AN_08,#298ABB
720575941595101809,76212442992715410,AN08B097,ascending,AN08B097,right,1.5619897341002549,-29.65097347274963,AN_18,#51B07B
720575941596431749,76282811803980586,DNpe004,descending,DNpe004,left,-9.836496522499171,37.56044658645447,DN_03,#947E6C
720575941596596357,76142074315310411,DNpe035,descending,DNpe035,right,-15.662057092262355,4.064116325224002,DN_13,#6A2978
720575941597345692,76140974602505114,DNge035,descending,DNge035,left,1.2836716865767563,0.09361108764465631,DN_18,#51B07B
720575941477942833,76212443059804078,DNa05,descending,DNa05,left,14.67679292909995,28.64122280105408,DN_02,#EC9832
720575941600910889,76354142486068273,SAch02,sensory_ascending,SAch02,right,NA,NA,NA,NA
720575941603791350,76353180480495746,DNg76,descending,DNg76,right,2.3443159555663193,12.475903358305057,DN_03,#947E6C
720575941604056505,76282811736246215,AN09B007,ascending,AN09B007,NA,-6.173640420509425,0.17155691608246149,AN_06,#E42E2E
720575941605174462,76142074248452404,AN05B007,ascending,AN05B007,right,-24.372649362159816,-28.96709362045471,AN_14,#BFB09A
720575941606542701,76212443059237851,DNg07,descending,DNg07,right,24.434431860374364,22.14881214126404,DN_01,#F7BA3C
720575941607634285,76071705571019726,DNpe038,descending,DNpe038,left,-9.545684030128566,-0.825364846741597,DN_14,#BFB09A
720575941611010534,76001336826839261,AN06B046,ascending,AN06B046,left,-21.17150037534341,23.50514682754334,AN_03,#947E6C
720575941562840365,76352630590519514,AN27X008,ascending,AN27X008,right,8.52764923326865,21.93112453445252,AN_01,#F7BA3C
720575941354281776,76140013335343390,DNc01,descending,DNc01,right,-7.378582646919337,0.750042166555484,DN_14,#BFB09A
720575941495650174,75723160989092757,SApp07,sensory_ascending,SApp07,right,NA,NA,NA,NA
720575941611457098,77055768276781678,DNg53,descending,DNg53,left,-0.972690751625148,30.301382865751346,DN_03,#947E6C
720575941602034473,75795247787086281,AN01B002_A2,ascending,AN01B002,left,-14.253862550331203,-36.30188861862366,AN_14,#BFB09A
720575941612233830,76142074315119608,ANXXX150_A9,ascending,ANXXX150,left,-12.224981477333156,1.0300787351971465,AN_14,#BFB09A
720575941612401510,77336968375307120,CB0191,descending,CB0191,left,-3.713908841682521,-4.049259815370481,DN_06,#E42E2E
720575941615534489,76142074315100808,DNp68,descending,DNp68,left,-9.185335328651515,1.9665408991223174,DN_14,#BFB09A
720575941456155443,76282811736235694,AN12B004_T2,ascending,AN12B004,right,7.630548784660252,-42.4656802751178,AN_09,#D24A2C
720575941625157019,76211618157178564,SAch01,sensory_ascending,SAch01,left,NA,NA,NA,NA
720575941625164955,76282811736640378,AN06B005,ascending,AN06B005,right,-0.6736970449219619,1.6288412474041778,AN_01,#F7BA3C
720575941625300682,76071705504035293,AN10B037,ascending,AN10B037,NA,17.0666187500228,-32.70580211654846,AN_11,#F36237
720575941625301915,76495979754374114,AN08B097,ascending,AN08B097,right,1.5619897341002549,-29.65097347274963,AN_18,#51B07B
720575941454279593,76001336827212939,DNae003,descending,DNae003,right,12.811425039695653,29.939877357328495,DN_02,#EC9832
720575941626007195,76212443059265860,DNge116,descending,DNge116,right,-7.179474999977199,32.87439998611267,DN_03,#947E6C
720575941626175643,75930968082496232,DNg16,descending,DNg16,right,9.697885343955907,-3.574390802537839,DN_06,#E42E2E
720575941548667060,76071705436583506,ANXXX404,ascending,ANXXX404,left,-16.2127944732438,-49.32188526169006,AN_08,#298ABB
720575941630081574,76282811803890380,DNp17,descending,DNp17,left,-25.182271173072902,31.796412315214237,DN_03,#947E6C
720575941631013090,75930968015310709,DNge035,descending,DNge035,left,1.2836716865767563,0.09361108764465631,DN_18,#51B07B
720575941561376750,76353180547791491,AN02A001,ascending,AN02A001,left,-3.274939229560939,3.4332474134808377,AN_18,#51B07B
720575941633920443,76212442992550490,ANXXX380_A5,ascending,ANXXX380,right,-9.217353036476222,-5.708060417329709,AN_18,#51B07B
720575941639571317,76071705570722314,AN_GNG_77,ascending,AN08B100,NA,-4.370473554206935,0.28647550567444147,AN_14,#BFB09A
720575941640035359,76282811736628925,AN07B070,ascending,AN07B070,right,4.99748737566367,-18.989836845552365,AN_19,#4D9C3C
720575941471732599,76142074180730609,SAch01,sensory_ascending,SAch01,left,NA,NA,NA,NA
720575941643148901,76425336200112394,AN19B101,ascending,AN19B101,left,-5.6929256225357925,45.77994426711853,AN_04,#FE4545
720575941514619601,76282811803817157,AN06B009,ascending,AN06B009,right,-2.561372926307765,11.928285446012577,AN_01,#F7BA3C
720575941566618722,76142074248538179,AN06B039_T3,ascending,AN06B039,right,-5.667834451271144,-7.8242909051531955,AN_18,#51B07B
720575941645239752,76001336827231475,DNge085,descending,DNge085,left,-5.740689446998683,38.77178081497009,DN_04,#FE4545
720575941645372792,76212443059746065,DNpe054,descending,DNpe054,left,-23.055497338844386,37.204073753202515,DN_03,#947E6C
720575941538630627,76071705503837833,DNge132,descending,DNge132,right,-13.230758836341945,-41.92431369796936,DN_08,#298ABB
720575941651755797,76142074315287359,ANXXX202_b_A5,ascending,ANXXX202_b,right,-15.87473409421548,6.120355453336795,AN_13,#6A2978
720575941496285822,76282811736573684,AN07B037,ascending,AN07B037,right,-7.437617471290675,12.874095764005741,AN_01,#F7BA3C
720575941652883477,76071705570949610,DNp62,descending,DNp62,left,-11.596299340797511,-5.077299270784299,DN_15,#48A9D9
720575941652085745,76212443059312542,DNae007,descending,DNae007,left,17.00563699953452,0.5829807184582549,DN_06,#E42E2E
720575941415445908,76075623185509749,ANXXX094,ascending,ANXXX094,left,3.4121838306655015,0.01963129266556085,AN_01,#F7BA3C
720575941612488169,76562775153586317,DNpe011,descending,DNpe011,left,4.381265470909032,22.115998115385135,DN_01,#F7BA3C
720575941480717280,76212442992446254,AN10B037_T3,ascending,AN10B037,right,16.301833937095555,-32.172579918062134,AN_11,#F36237
720575941692477592,76353180480407351,DNge055,descending,DNge055,left,17.78967363588706,-8.514632377778927,DN_06,#E42E2E
720575941653831185,76142074315296318,DNae005,descending,DNae005,left,15.96821195833579,-0.5385605134123963,DN_06,#E42E2E
720575941657879576,76071705570922564,DNp06,descending,DNp06,right,-1.2721850181351577,-14.942505989229122,DN_19,#4D9C3C
720575941477839902,76567448144779481,AN10B037_T2,ascending,AN10B037,left,16.570669958518895,-32.103808555757446,AN_11,#F36237
720575941658066456,76142074315420037,DNge138,descending,DNge138,right,-20.26293866880044,-35.68721118942444,DN_14,#BFB09A
720575941658910488,75930968082723461,DNge026,descending,DNge026,right,3.248014519142064,12.86004718765076,DN_03,#947E6C
720575941658936144,76142074248150298,DNp69,descending,DNp69,right,-1.4955028796921646,-15.319629821931759,DN_19,#4D9C3C
720575941668526067,76071705504108242,AN08B009_T1,ascending,AN08B009,left,-0.8345064426194106,-15.552610550081173,AN_19,#4D9C3C
720575941669726129,76071705503613933,DNg85,descending,DNg85,left,-14.704186608863917,-46.30060306564514,DN_08,#298ABB
720575941460027807,76282811804056449,DNg92_b,descending,DNg92_b,left,14.242428610252293,20.9934433363324,DN_01,#F7BA3C
720575941688189935,76071705637907844,DNb01,descending,DNb01,left,15.140109846519383,26.387280311430057,DN_02,#EC9832
720575941722633786,76142074248370963,AN08B034_T1,ascending,AN08B034,left,-7.31096570737466,-23.827382240449825,AN_16,#77C8F2
720575941722762042,76216085862749668,AN07B089,ascending,AN07B089,left,-3.704406430793849,40.14456829055603,AN_04,#FE4545
720575941592025740,76283705156605255,ANXXX084_A5,ascending,ANXXX084,left,-10.29034631497964,-8.48530546203796,AN_18,#51B07B
720575941479729514,75858881419135130,DNg02_h,descending,DNg02_h,NA,13.808390448020848,19.685889091337284,DN_01,#F7BA3C
720575941486978256,75718968363039010,AN19B100,ascending,AN19B100,NA,-5.7291838432084,45.71758541091736,AN_04,#FE4545
720575941398969123,75788718900134913,DNg02_d,descending,DNg02_d,NA,-6.454172303749171,3.2140983007794217,DN_01,#F7BA3C
720575941598435008,76282055755096592,SA_DMT_DMetaN_12,sensory_ascending,SA_DMT_DMetaN_12,NA,NA,NA,NA,NA
720575941671493041,75859087107527254,AN_GNG_167,ascending,AN_GNG_167,left,-6.793992688728419,-2.4105669595355197,AN_14,#BFB09A
720575941409462446,74943675159289487,AN08B034,ascending,AN08B034,NA,20.24282533876792,-30.452416572725216,AN_11,#F36237
720575941550824481,76356066833151294,AN05B036,ascending,AN05B036,left,-17.98816411740884,-28.783681068574825,AN_14,#BFB09A
720575941531174328,76146129167161267,AN09B001,ascending,AN09B001,left,-9.101587464881984,-27.451960716401974,AN_16,#77C8F2
720575941531911115,76285697887355163,AN05B036,ascending,AN05B036,right,-17.98816411740884,-28.783681068574825,AN_14,#BFB09A
