"sensory_bp_1","sensory_bp_2","p_adj","effector_body_part","significant"
"proboscis","head",0.0000000000000000000000000000000000000000000000000000000000000318218935963856,"hemolymph",TRUE
"hind leg","head",0.000000000000000000000000000000000000000000000000062807529357725,"hemolymph",TRUE
"wing","head",0.0000000000000000000000000000000000000000000000147573886090314,"hemolymph",TRUE
"proboscis","antenna",0.000000000000000000000000000000000000000000000167254954587016,"hemolymph",TRUE
"pharynx","head",0.00000000000000000000000000000000000000000000147868701897878,"hemolymph",TRUE
"middle leg","head",0.0000000000000000000000000000000000000000542354415300986,"hemolymph",TRUE
"reproductive","head",0.00000000000000000000000000000000000000052764767171924,"hemolymph",TRUE
"thoracic-abdominal","head",0.00000000000000000000000000000000000000897279460764441,"hemolymph",TRUE
"head","haltere",0.0000000000000000000000000000000001964191866543,"hemolymph",TRUE
"thoracic-abdominal","antenna",0.000000000000000000000000000000000329013921423408,"hemolymph",TRUE
"pharynx","antenna",0.00000000000000000000000000000000036322347512534,"hemolymph",TRUE
"thoracic-abdominal","hind leg",0.00000000000000000000000000000000125066864562922,"hemolymph",TRUE
"thoracic-abdominal","middle leg",0.000000000000000000000000000000620297941901936,"hemolymph",TRUE
"thoracic-abdominal","front leg",0.00000000000000000000000000000194641611354527,"hemolymph",TRUE
"thorax","head",0.0000000000000000000000000000148936097513774,"hemolymph",TRUE
"proboscis","hind leg",0.000000000000000000000000000468562151445559,"hemolymph",TRUE
"reproductive","antenna",0.000000000000000000000000000474959314686228,"hemolymph",TRUE
"wing","thoracic-abdominal",0.00000000000000000000000000278156718866323,"hemolymph",TRUE
"hemolymph","head",0.00000000000000000000000000667383622348332,"hemolymph",TRUE
"head","enteric",0.0000000000000000000000000070726439944212,"hemolymph",TRUE
"pharynx","hind leg",0.00000000000000000000000028239023120997,"hemolymph",TRUE
"hind leg","hemolymph",0.000000000000000000000000564464473564311,"hemolymph",TRUE
"hemolymph","antenna",0.00000000000000000000000142853595576647,"hemolymph",TRUE
"enteric","antenna",0.00000000000000000000000156035244110477,"hemolymph",TRUE
"hind leg","enteric",0.00000000000000000000000159331836867832,"hemolymph",TRUE
"wing","antenna",0.00000000000000000000000162104228001893,"hemolymph",TRUE
"middle leg","hemolymph",0.0000000000000000000000100223453843659,"hemolymph",TRUE
"hemolymph","front leg",0.0000000000000000000000104218329859333,"hemolymph",TRUE
"pharynx","front leg",0.0000000000000000000000117397547194734,"hemolymph",TRUE
"front leg","enteric",0.0000000000000000000000455959852161385,"hemolymph",TRUE
"middle leg","enteric",0.0000000000000000000000484866426588923,"hemolymph",TRUE
"proboscis","neck",0.00000000000000000000013740493895856,"hemolymph",TRUE
"thoracic-abdominal","reproductive",0.000000000000000000000188789212835232,"hemolymph",TRUE
"pharynx","middle leg",0.000000000000000000000449695202366559,"hemolymph",TRUE
"thoracic-abdominal","neck",0.000000000000000000000586502202182129,"hemolymph",TRUE
"wing","hemolymph",0.000000000000000000000895849795878563,"hemolymph",TRUE
"proboscis","front leg",0.00000000000000000000156823055921042,"hemolymph",TRUE
"wing","enteric",0.00000000000000000000311058045851682,"hemolymph",TRUE
"haltere","antenna",0.00000000000000000000348810372234168,"hemolymph",TRUE
"thorax","antenna",0.000000000000000000004249443874672,"hemolymph",TRUE
"head","front leg",0.00000000000000000000852435866478025,"hemolymph",TRUE
"proboscis","middle leg",0.00000000000000000000865418934713451,"hemolymph",TRUE
"proboscis","body chordotonal",0.000000000000000000136558590334843,"hemolymph",TRUE
"hind leg","antenna",0.000000000000000000313184400273114,"hemolymph",TRUE
"reproductive","hemolymph",0.00000000000000000222426364398768,"hemolymph",TRUE
"head","abdomen",0.00000000000000000234502213514174,"hemolymph",TRUE
"reproductive","enteric",0.00000000000000000347326672621736,"hemolymph",TRUE
"thorax","thoracic-abdominal",0.00000000000000000574206681174955,"hemolymph",TRUE
"pharynx","neck",0.0000000000000000120590933781445,"hemolymph",TRUE
"thoracic-abdominal","body chordotonal",0.000000000000000014428862303553,"hemolymph",TRUE
"neck","enteric",0.0000000000000000148490417488924,"hemolymph",TRUE
"neck","hemolymph",0.0000000000000000152797516560215,"hemolymph",TRUE
"middle leg","antenna",0.0000000000000000234305307565787,"hemolymph",TRUE
"proboscis","hemolymph",0.0000000000000000445543712053783,"hemolymph",TRUE
"pharynx","body chordotonal",0.0000000000000000693417986916092,"hemolymph",TRUE
"wing","pharynx",0.00000000000000015543340222928,"hemolymph",TRUE
"thoracic-abdominal","proboscis",0.000000000000000164180143207204,"hemolymph",TRUE
"hemolymph","abdomen",0.000000000000000208404528413225,"hemolymph",TRUE
"proboscis","enteric",0.000000000000000299281133705744,"hemolymph",TRUE
"thoracic-abdominal","haltere",0.000000000000000452222561763033,"hemolymph",TRUE
"thorax","hemolymph",0.000000000000000591273251787183,"hemolymph",TRUE
"wing","proboscis",0.000000000000000718080255204202,"hemolymph",TRUE
"thorax","enteric",0.00000000000000131263520823677,"hemolymph",TRUE
"hemolymph","haltere",0.00000000000000215611191957171,"hemolymph",TRUE
"reproductive","body chordotonal",0.00000000000000502653773023181,"hemolymph",TRUE
"enteric","abdomen",0.00000000000000512208903368174,"hemolymph",TRUE
"antenna","abdomen",0.00000000000000907446712657087,"hemolymph",TRUE
"enteric","body chordotonal",0.0000000000000120064666700584,"hemolymph",TRUE
"hemolymph","body chordotonal",0.0000000000000120064666700584,"hemolymph",TRUE
"thoracic-abdominal","abdomen",0.000000000000026246608217212,"hemolymph",TRUE
"haltere","enteric",0.0000000000000287751198858594,"hemolymph",TRUE
"reproductive","neck",0.000000000000131371592560588,"hemolymph",TRUE
"wing","body chordotonal",0.00000000000014259758937541,"hemolymph",TRUE
"thorax","body chordotonal",0.000000000000492453832241161,"hemolymph",TRUE
"haltere","body chordotonal",0.000000000000567045966673737,"hemolymph",TRUE
"hind leg","body chordotonal",0.0000000000131937727939604,"hemolymph",TRUE
"thorax","neck",0.0000000000630438719518368,"hemolymph",TRUE
"thoracic-abdominal","eye",0.0000000000985899391933688,"hemolymph",TRUE
"reproductive","pharynx",0.000000000116091860602891,"hemolymph",TRUE
"middle leg","body chordotonal",0.000000000500905830743749,"hemolymph",TRUE
"hemolymph","eye",0.00000000148437488336901,"hemolymph",TRUE
"eye","enteric",0.00000000177344463368205,"hemolymph",TRUE
"pharynx","hemolymph",0.00000000214823208130239,"hemolymph",TRUE
"hind leg","abdomen",0.00000000596709741958497,"hemolymph",TRUE
"neck","haltere",0.00000000907918084701422,"hemolymph",TRUE
"reproductive","proboscis",0.0000000251913969081736,"hemolymph",TRUE
"thorax","pharynx",0.0000000751837102152324,"hemolymph",TRUE
"neck","abdomen",0.0000000872545899378098,"hemolymph",TRUE
"front leg","antenna",0.000000093929036963886,"hemolymph",TRUE
"wing","neck",0.000000115270689008258,"hemolymph",TRUE
"proboscis","eye",0.000000375917228086164,"hemolymph",TRUE
"pharynx","haltere",0.000000650904544314267,"hemolymph",TRUE
"reproductive","hind leg",0.000000771531222145373,"hemolymph",TRUE
"pharynx","enteric",0.000000804421569373605,"hemolymph",TRUE
"middle leg","abdomen",0.00000198834028385378,"hemolymph",TRUE
"body chordotonal","abdomen",0.0000026637327997734,"hemolymph",TRUE
"front leg","abdomen",0.0000030532989005754,"hemolymph",TRUE
"front leg","body chordotonal",0.00000389742558988689,"hemolymph",TRUE
"head","eye",0.00000418044695934919,"hemolymph",TRUE
"pharynx","eye",0.00000813802699769087,"hemolymph",TRUE
"thorax","proboscis",0.00000992726606522546,"hemolymph",TRUE
"neck","head",0.0000176325135762683,"hemolymph",TRUE
"wing","abdomen",0.0000320206468493387,"hemolymph",TRUE
"thorax","hind leg",0.0000531088568015291,"hemolymph",TRUE
"eye","body chordotonal",0.0000740790434245401,"hemolymph",TRUE
"pharynx","abdomen",0.000083268006717124,"hemolymph",TRUE
"reproductive","front leg",0.000085829310566242,"hemolymph",TRUE
"proboscis","haltere",0.000121968202458738,"hemolymph",TRUE
"haltere","front leg",0.000296063626962571,"hemolymph",TRUE
"hind leg","haltere",0.000338180706683136,"hemolymph",TRUE
"proboscis","pharynx",0.000652170853268312,"hemolymph",TRUE
"neck","body chordotonal",0.000694261743495836,"hemolymph",TRUE
"neck","hind leg",0.000694261743495836,"hemolymph",TRUE
"thoracic-abdominal","pharynx",0.000694261743495836,"hemolymph",TRUE
"neck","middle leg",0.000730406876554373,"hemolymph",TRUE
"reproductive","abdomen",0.000896487657968559,"hemolymph",TRUE
"thorax","front leg",0.000961377170338102,"hemolymph",TRUE
"eye","antenna",0.00188542898227302,"hemolymph",TRUE
"head","antenna",0.00230851439133794,"hemolymph",TRUE
"body chordotonal","antenna",0.00383758901946118,"hemolymph",TRUE
"reproductive","middle leg",0.00473950702774198,"hemolymph",TRUE
"thoracic-abdominal","hemolymph",0.00565599271700218,"hemolymph",TRUE
"eye","abdomen",0.00649615788074043,"hemolymph",TRUE
"reproductive","eye",0.00686459106004976,"hemolymph",TRUE
"thorax","abdomen",0.0222318354078067,"hemolymph",TRUE
"wing","front leg",0.0222355125475257,"hemolymph",TRUE
"middle leg","haltere",0.0222355125475257,"hemolymph",TRUE
"thorax","middle leg",0.0222355125475257,"hemolymph",TRUE
"thorax","eye",0.0267262561409654,"hemolymph",TRUE
"wing","reproductive",0.0374868232585168,"hemolymph",TRUE
"wing","hind leg",0.0452738396717589,"hemolymph",TRUE
"neck","eye",0.0987896859460957,"hemolymph",FALSE
"wing","thorax",0.150012502763313,"hemolymph",FALSE
"head","body chordotonal",0.209132556540005,"hemolymph",FALSE
"neck","front leg",0.297365050357366,"hemolymph",FALSE
"haltere","abdomen",0.374340926168286,"hemolymph",FALSE
"haltere","eye",0.374340926168286,"hemolymph",FALSE
"thoracic-abdominal","enteric",0.416915858454222,"hemolymph",FALSE
"neck","antenna",0.495614416433926,"hemolymph",FALSE
"hemolymph","enteric",0.495614416433926,"hemolymph",FALSE
"middle leg","front leg",0.580356984386053,"hemolymph",FALSE
"wing","haltere",0.580356984386053,"hemolymph",FALSE
"wing","middle leg",0.9314563752592,"hemolymph",FALSE
"proboscis","abdomen",1,"hemolymph",FALSE
"front leg","eye",1,"hemolymph",FALSE
"hind leg","eye",1,"hemolymph",FALSE
"middle leg","eye",1,"hemolymph",FALSE
"wing","eye",1,"hemolymph",FALSE
"hind leg","front leg",1,"hemolymph",FALSE
"reproductive","haltere",1,"hemolymph",FALSE
"thorax","haltere",1,"hemolymph",FALSE
"middle leg","hind leg",1,"hemolymph",FALSE
"thorax","reproductive",1,"hemolymph",FALSE
"proboscis","head",0.00000000000000000000000000000000000000000662399113825939,"enteric",TRUE
"hind leg","head",0.00000000000000000000000000000000000000878187863600052,"enteric",TRUE
"proboscis","antenna",0.000000000000000000000000000000000556311092086175,"enteric",TRUE
"wing","head",0.000000000000000000000000000000000812387945843441,"enteric",TRUE
"proboscis","hind leg",0.0000000000000000000000000000000769410082269986,"enteric",TRUE
"middle leg","head",0.00000000000000000000000000000213760121625375,"enteric",TRUE
"pharynx","head",0.000000000000000000000000000284225141508378,"enteric",TRUE
"proboscis","middle leg",0.0000000000000000000000000619728818784944,"enteric",TRUE
"reproductive","head",0.00000000000000000000000360969883586557,"enteric",TRUE
"thoracic-abdominal","head",0.00000000000000000000000564080430828804,"enteric",TRUE
"wing","proboscis",0.00000000000000000000000719811534520292,"enteric",TRUE
"proboscis","front leg",0.00000000000000000000000740580051854991,"enteric",TRUE
"wing","antenna",0.0000000000000000000000110625358053047,"enteric",TRUE
"head","haltere",0.000000000000000000000022551023485095,"enteric",TRUE
"hind leg","antenna",0.000000000000000000000141620846047267,"enteric",TRUE
"pharynx","antenna",0.000000000000000000000168103624155132,"enteric",TRUE
"thoracic-abdominal","hind leg",0.00000000000000000000211524639500404,"enteric",TRUE
"thoracic-abdominal","antenna",0.00000000000000000000395513218897452,"enteric",TRUE
"reproductive","antenna",0.0000000000000000000256597740927147,"enteric",TRUE
"thorax","head",0.0000000000000000000434717760437679,"enteric",TRUE
"thoracic-abdominal","middle leg",0.000000000000000000145456267063101,"enteric",TRUE
"wing","thoracic-abdominal",0.000000000000000000709472938337852,"enteric",TRUE
"pharynx","front leg",0.00000000000000000196290081854112,"enteric",TRUE
"haltere","antenna",0.00000000000000000403027615834352,"enteric",TRUE
"thoracic-abdominal","front leg",0.00000000000000000897909710400438,"enteric",TRUE
"middle leg","antenna",0.00000000000000000918523629228777,"enteric",TRUE
"proboscis","neck",0.00000000000000000925645201547436,"enteric",TRUE
"pharynx","middle leg",0.0000000000000000113066356223956,"enteric",TRUE
"head","front leg",0.0000000000000000165943762084293,"enteric",TRUE
"thorax","antenna",0.0000000000000000203530200111871,"enteric",TRUE
"pharynx","hind leg",0.0000000000000000225752102300153,"enteric",TRUE
"head","enteric",0.000000000000000130826450862406,"enteric",TRUE
"hind leg","enteric",0.000000000000000130826450862406,"enteric",TRUE
"hemolymph","head",0.000000000000000130826450862406,"enteric",TRUE
"middle leg","enteric",0.000000000000000241914932425911,"enteric",TRUE
"hind leg","hemolymph",0.000000000000000285847323288597,"enteric",TRUE
"front leg","enteric",0.000000000000000308757962448446,"enteric",TRUE
"middle leg","hemolymph",0.000000000000000707396836967191,"enteric",TRUE
"enteric","antenna",0.00000000000000359356645689481,"enteric",TRUE
"hemolymph","antenna",0.00000000000000359356645689481,"enteric",TRUE
"hemolymph","front leg",0.00000000000000515008436332219,"enteric",TRUE
"wing","enteric",0.00000000000000686257038982193,"enteric",TRUE
"wing","hemolymph",0.00000000000000942708871774042,"enteric",TRUE
"thoracic-abdominal","reproductive",0.0000000000000306989900442786,"enteric",TRUE
"reproductive","proboscis",0.0000000000000948903067033785,"enteric",TRUE
"thoracic-abdominal","neck",0.00000000000014679082665941,"enteric",TRUE
"proboscis","body chordotonal",0.000000000000156281692997401,"enteric",TRUE
"enteric","abdomen",0.000000000000461822830693477,"enteric",TRUE
"haltere","enteric",0.000000000000670117979180647,"enteric",TRUE
"wing","pharynx",0.000000000000895903728429709,"enteric",TRUE
"proboscis","haltere",0.000000000000959218350474694,"enteric",TRUE
"proboscis","enteric",0.00000000000125735764969222,"enteric",TRUE
"thoracic-abdominal","haltere",0.00000000000200548746382548,"enteric",TRUE
"head","abdomen",0.00000000000247733765616421,"enteric",TRUE
"thorax","thoracic-abdominal",0.00000000000333760626025873,"enteric",TRUE
"reproductive","enteric",0.00000000000491435368588236,"enteric",TRUE
"reproductive","hemolymph",0.0000000000056491154525918,"enteric",TRUE
"hemolymph","haltere",0.0000000000134235080323317,"enteric",TRUE
"thoracic-abdominal","body chordotonal",0.0000000000901794044400539,"enteric",TRUE
"neck","enteric",0.0000000000901794044400539,"enteric",TRUE
"thorax","enteric",0.0000000000901794044400539,"enteric",TRUE
"neck","hemolymph",0.0000000000901794044400539,"enteric",TRUE
"thorax","proboscis",0.000000000096346212415624,"enteric",TRUE
"thorax","hemolymph",0.0000000000966439065214475,"enteric",TRUE
"antenna","abdomen",0.000000000271694892116467,"enteric",TRUE
"front leg","antenna",0.000000000284165007105578,"enteric",TRUE
"reproductive","neck",0.000000000452013587916063,"enteric",TRUE
"pharynx","neck",0.000000000458624920394061,"enteric",TRUE
"thorax","neck",0.000000000735285101023286,"enteric",TRUE
"hemolymph","abdomen",0.00000000129319396347847,"enteric",TRUE
"reproductive","body chordotonal",0.00000000154191978825878,"enteric",TRUE
"pharynx","body chordotonal",0.00000000213295937433357,"enteric",TRUE
"pharynx","enteric",0.0000000032464154212134,"enteric",TRUE
"pharynx","haltere",0.0000000032464154212134,"enteric",TRUE
"thorax","body chordotonal",0.00000000472779846591915,"enteric",TRUE
"enteric","body chordotonal",0.00000000608046738796568,"enteric",TRUE
"hemolymph","body chordotonal",0.00000000608046738796568,"enteric",TRUE
"pharynx","abdomen",0.0000000144270990893535,"enteric",TRUE
"thoracic-abdominal","abdomen",0.0000000249339506134001,"enteric",TRUE
"wing","body chordotonal",0.0000000517169033415322,"enteric",TRUE
"reproductive","pharynx",0.0000000742925039839136,"enteric",TRUE
"hemolymph","enteric",0.0000000884439142533963,"enteric",TRUE
"haltere","body chordotonal",0.000000185261240446987,"enteric",TRUE
"hind leg","body chordotonal",0.000000352647504897966,"enteric",TRUE
"proboscis","abdomen",0.000000436125125156659,"enteric",TRUE
"thoracic-abdominal","enteric",0.000000654068186257654,"enteric",TRUE
"wing","neck",0.000000862606877450283,"enteric",TRUE
"proboscis","eye",0.00000100886710063911,"enteric",TRUE
"thoracic-abdominal","eye",0.0000011564983912851,"enteric",TRUE
"neck","haltere",0.00000124411686687605,"enteric",TRUE
"thorax","pharynx",0.00000201457828521144,"enteric",TRUE
"hind leg","abdomen",0.00000485192147631949,"enteric",TRUE
"middle leg","body chordotonal",0.00000729167669304225,"enteric",TRUE
"eye","enteric",0.00000729167669304225,"enteric",TRUE
"hemolymph","eye",0.00000729167669304225,"enteric",TRUE
"neck","abdomen",0.000010641089538832,"enteric",TRUE
"head","eye",0.0000730777071065756,"enteric",TRUE
"eye","antenna",0.0000889010846006352,"enteric",TRUE
"neck","head",0.000111090070966714,"enteric",TRUE
"wing","abdomen",0.000151966391205656,"enteric",TRUE
"front leg","body chordotonal",0.000160993439721291,"enteric",TRUE
"body chordotonal","abdomen",0.000227497690669381,"enteric",TRUE
"thorax","hind leg",0.000325063371829456,"enteric",TRUE
"neck","hind leg",0.000441356703841173,"enteric",TRUE
"proboscis","hemolymph",0.00103829518559604,"enteric",TRUE
"neck","middle leg",0.00216591610576035,"enteric",TRUE
"eye","body chordotonal",0.00308849524820193,"enteric",TRUE
"reproductive","hind leg",0.00340066731168067,"enteric",TRUE
"proboscis","pharynx",0.00515776013142472,"enteric",TRUE
"pharynx","eye",0.00634226106441028,"enteric",TRUE
"neck","antenna",0.010201907144651,"enteric",TRUE
"thorax","eye",0.0113810495834727,"enteric",TRUE
"neck","eye",0.0116625085266384,"enteric",TRUE
"front leg","abdomen",0.0159914325458804,"enteric",TRUE
"middle leg","abdomen",0.0247416727359156,"enteric",TRUE
"eye","abdomen",0.0324931866296816,"enteric",TRUE
"reproductive","abdomen",0.0391423878298756,"enteric",TRUE
"hind leg","haltere",0.0417456184048802,"enteric",TRUE
"wing","thorax",0.0487937250371854,"enteric",TRUE
"reproductive","eye",0.0747763248652644,"enteric",FALSE
"neck","front leg",0.122455957373782,"enteric",FALSE
"thorax","abdomen",0.177099754647999,"enteric",FALSE
"neck","body chordotonal",0.177099754647999,"enteric",FALSE
"haltere","front leg",0.322649383910421,"enteric",FALSE
"thorax","front leg",0.322649383910421,"enteric",FALSE
"wing","reproductive",0.563882343802561,"enteric",FALSE
"haltere","abdomen",0.663145367694444,"enteric",FALSE
"thorax","middle leg",0.763042763950217,"enteric",FALSE
"head","antenna",0.904233363509817,"enteric",FALSE
"body chordotonal","antenna",1,"enteric",FALSE
"head","body chordotonal",1,"enteric",FALSE
"front leg","eye",1,"enteric",FALSE
"haltere","eye",1,"enteric",FALSE
"hind leg","eye",1,"enteric",FALSE
"middle leg","eye",1,"enteric",FALSE
"wing","eye",1,"enteric",FALSE
"hind leg","front leg",1,"enteric",FALSE
"middle leg","front leg",1,"enteric",FALSE
"reproductive","front leg",1,"enteric",FALSE
"wing","front leg",1,"enteric",FALSE
"middle leg","haltere",1,"enteric",FALSE
"reproductive","haltere",1,"enteric",FALSE
"thorax","haltere",1,"enteric",FALSE
"wing","haltere",1,"enteric",FALSE
"pharynx","hemolymph",1,"enteric",FALSE
"thoracic-abdominal","hemolymph",1,"enteric",FALSE
"middle leg","hind leg",1,"enteric",FALSE
"wing","hind leg",1,"enteric",FALSE
"reproductive","middle leg",1,"enteric",FALSE
"wing","middle leg",1,"enteric",FALSE
"thoracic-abdominal","pharynx",1,"enteric",FALSE
"thoracic-abdominal","proboscis",1,"enteric",FALSE
"thorax","reproductive",1,"enteric",FALSE
"proboscis","head",0.00000000000000000000000000000000000000000000000000000627475395627347,"pharynx",TRUE
"hind leg","head",0.0000000000000000000000000000000000000000000716085998921629,"pharynx",TRUE
"proboscis","hind leg",0.000000000000000000000000000000000000000000265354265444536,"pharynx",TRUE
"proboscis","antenna",0.000000000000000000000000000000000000000000790856219027348,"pharynx",TRUE
"middle leg","head",0.000000000000000000000000000000000000000014101982440816,"pharynx",TRUE
"pharynx","head",0.000000000000000000000000000000000000468397657284356,"pharynx",TRUE
"proboscis","middle leg",0.0000000000000000000000000000000000696199893224345,"pharynx",TRUE
"wing","proboscis",0.000000000000000000000000000000000126203522954845,"pharynx",TRUE
"proboscis","front leg",0.000000000000000000000000000000010784891610509,"pharynx",TRUE
"thoracic-abdominal","head",0.000000000000000000000000000000589613060878929,"pharynx",TRUE
"pharynx","antenna",0.00000000000000000000000000238601542655717,"pharynx",TRUE
"hind leg","antenna",0.00000000000000000000000000272034978823936,"pharynx",TRUE
"thoracic-abdominal","hind leg",0.00000000000000000000000000480881732942289,"pharynx",TRUE
"thoracic-abdominal","antenna",0.0000000000000000000000000166135830609357,"pharynx",TRUE
"head","front leg",0.000000000000000000000000234376858773934,"pharynx",TRUE
"proboscis","haltere",0.00000000000000000000000388683850345758,"pharynx",TRUE
"wing","thoracic-abdominal",0.0000000000000000000000285885326524699,"pharynx",TRUE
"thoracic-abdominal","middle leg",0.000000000000000000000318779277779729,"pharynx",TRUE
"reproductive","proboscis",0.000000000000000000000654871036000601,"pharynx",TRUE
"middle leg","antenna",0.000000000000000000000695404144615732,"pharynx",TRUE
"hemolymph","head",0.00000000000000000000279590147642917,"pharynx",TRUE
"head","enteric",0.0000000000000000000129168872198024,"pharynx",TRUE
"proboscis","neck",0.0000000000000000000366093022195455,"pharynx",TRUE
"pharynx","hind leg",0.000000000000000000106605890620193,"pharynx",TRUE
"wing","head",0.000000000000000000324186874760737,"pharynx",TRUE
"hemolymph","antenna",0.000000000000000000469280976294775,"pharynx",TRUE
"wing","pharynx",0.000000000000000000496590801091712,"pharynx",TRUE
"hind leg","enteric",0.00000000000000000053530698681814,"pharynx",TRUE
"thorax","proboscis",0.000000000000000000699317339479999,"pharynx",TRUE
"pharynx","front leg",0.0000000000000000007921735541194,"pharynx",TRUE
"hind leg","hemolymph",0.000000000000000000867504554698394,"pharynx",TRUE
"enteric","antenna",0.00000000000000000115298093839319,"pharynx",TRUE
"thoracic-abdominal","reproductive",0.00000000000000000192107748445357,"pharynx",TRUE
"proboscis","body chordotonal",0.00000000000000000266479254860972,"pharynx",TRUE
"proboscis","abdomen",0.00000000000000000276366927522656,"pharynx",TRUE
"pharynx","middle leg",0.00000000000000000286620160615531,"pharynx",TRUE
"thoracic-abdominal","front leg",0.0000000000000000117201930506734,"pharynx",TRUE
"thorax","antenna",0.0000000000000000170235733120191,"pharynx",TRUE
"middle leg","enteric",0.000000000000000019316796209064,"pharynx",TRUE
"head","abdomen",0.0000000000000000388600373163108,"pharynx",TRUE
"wing","enteric",0.0000000000000000538063778142005,"pharynx",TRUE
"pharynx","haltere",0.0000000000000000714547210041203,"pharynx",TRUE
"wing","hemolymph",0.000000000000000117931170456118,"pharynx",TRUE
"hind leg","body chordotonal",0.000000000000000270037943298217,"pharynx",TRUE
"front leg","enteric",0.000000000000000276468649229244,"pharynx",TRUE
"thoracic-abdominal","neck",0.000000000000000598659768360434,"pharynx",TRUE
"thorax","thoracic-abdominal",0.000000000000000675742205521184,"pharynx",TRUE
"thorax","head",0.00000000000000089455732963996,"pharynx",TRUE
"thoracic-abdominal","haltere",0.000000000000000907940305410372,"pharynx",TRUE
"thoracic-abdominal","abdomen",0.00000000000000316466784034359,"pharynx",TRUE
"reproductive","head",0.00000000000000332417845649134,"pharynx",TRUE
"pharynx","body chordotonal",0.00000000000000742787237409036,"pharynx",TRUE
"front leg","antenna",0.00000000000000838536303704969,"pharynx",TRUE
"middle leg","hemolymph",0.0000000000000161975222720425,"pharynx",TRUE
"thoracic-abdominal","body chordotonal",0.0000000000000172190028328509,"pharynx",TRUE
"thorax","body chordotonal",0.0000000000000212829710553593,"pharynx",TRUE
"reproductive","hemolymph",0.0000000000000232570266513428,"pharynx",TRUE
"antenna","abdomen",0.0000000000000580083746366216,"pharynx",TRUE
"enteric","abdomen",0.000000000000138162825734982,"pharynx",TRUE
"reproductive","enteric",0.000000000000140057104838999,"pharynx",TRUE
"haltere","enteric",0.000000000000363988282588493,"pharynx",TRUE
"middle leg","body chordotonal",0.000000000000621258143364603,"pharynx",TRUE
"neck","hemolymph",0.000000000000622165825862768,"pharynx",TRUE
"thorax","hemolymph",0.000000000000932766726718818,"pharynx",TRUE
"thorax","enteric",0.00000000000125475537142875,"pharynx",TRUE
"neck","enteric",0.00000000000151692748868657,"pharynx",TRUE
"reproductive","antenna",0.00000000000161277412033071,"pharynx",TRUE
"hemolymph","abdomen",0.00000000000233075043015654,"pharynx",TRUE
"pharynx","neck",0.00000000000423141070001726,"pharynx",TRUE
"hemolymph","body chordotonal",0.00000000000463069980099424,"pharynx",TRUE
"enteric","body chordotonal",0.00000000000489938813936413,"pharynx",TRUE
"hemolymph","haltere",0.0000000000355960444640259,"pharynx",TRUE
"reproductive","pharynx",0.0000000000356303725167635,"pharynx",TRUE
"pharynx","abdomen",0.000000000238583878477914,"pharynx",TRUE
"reproductive","body chordotonal",0.000000000339154497167995,"pharynx",TRUE
"eye","antenna",0.000000000428139293458619,"pharynx",TRUE
"hemolymph","front leg",0.000000000515268830542274,"pharynx",TRUE
"front leg","body chordotonal",0.000000000874976740694176,"pharynx",TRUE
"wing","body chordotonal",0.00000000120671117713218,"pharynx",TRUE
"thorax","haltere",0.00000000275101561848619,"pharynx",TRUE
"wing","antenna",0.00000000423497940314981,"pharynx",TRUE
"hind leg","haltere",0.00000000437110074432061,"pharynx",TRUE
"hind leg","abdomen",0.00000000697934794179945,"pharynx",TRUE
"eye","body chordotonal",0.00000000937637427749488,"pharynx",TRUE
"head","eye",0.0000000177811163671734,"pharynx",TRUE
"thoracic-abdominal","eye",0.000000116394173796396,"pharynx",TRUE
"thorax","pharynx",0.000000116394173796396,"pharynx",TRUE
"head","haltere",0.000000134023127062876,"pharynx",TRUE
"wing","abdomen",0.000000171438418088064,"pharynx",TRUE
"neck","head",0.000000385155486661006,"pharynx",TRUE
"reproductive","abdomen",0.000000470269027246959,"pharynx",TRUE
"proboscis","eye",0.000000504606154375298,"pharynx",TRUE
"hemolymph","eye",0.000000758743673548819,"pharynx",TRUE
"middle leg","haltere",0.00000102385150552703,"pharynx",TRUE
"neck","abdomen",0.0000013521507851302,"pharynx",TRUE
"eye","enteric",0.00000253898379518742,"pharynx",TRUE
"body chordotonal","abdomen",0.00000264806884984206,"pharynx",TRUE
"hemolymph","enteric",0.00000481193229722446,"pharynx",TRUE
"haltere","eye",0.00000963176759200462,"pharynx",TRUE
"haltere","abdomen",0.0000101650605319161,"pharynx",TRUE
"neck","body chordotonal",0.0000101650605319161,"pharynx",TRUE
"thorax","abdomen",0.0000199689867843017,"pharynx",TRUE
"haltere","body chordotonal",0.0000361357507353778,"pharynx",TRUE
"proboscis","hemolymph",0.0000600597441521774,"pharynx",TRUE
"thoracic-abdominal","proboscis",0.000137906671516263,"pharynx",TRUE
"body chordotonal","antenna",0.000153500789069681,"pharynx",TRUE
"haltere","front leg",0.000331774975780621,"pharynx",TRUE
"wing","middle leg",0.000356210756162006,"pharynx",TRUE
"neck","middle leg",0.000398428050973937,"pharynx",TRUE
"thoracic-abdominal","pharynx",0.000587199172664349,"pharynx",TRUE
"neck","eye",0.000615272581680151,"pharynx",TRUE
"thorax","neck",0.00063202152196354,"pharynx",TRUE
"thoracic-abdominal","enteric",0.0007617856800627,"pharynx",TRUE
"wing","front leg",0.00227222998332318,"pharynx",TRUE
"proboscis","pharynx",0.0023780436097255,"pharynx",TRUE
"neck","hind leg",0.00348942073573901,"pharynx",TRUE
"reproductive","haltere",0.00401293051422057,"pharynx",TRUE
"neck","front leg",0.00495184996786628,"pharynx",TRUE
"pharynx","hemolymph",0.00495184996786628,"pharynx",TRUE
"head","body chordotonal",0.00987362922478558,"pharynx",TRUE
"head","antenna",0.0109663400116047,"pharynx",TRUE
"pharynx","eye",0.0115168901061397,"pharynx",TRUE
"wing","eye",0.0158380041777831,"pharynx",TRUE
"neck","antenna",0.0172003185559582,"pharynx",TRUE
"hind leg","front leg",0.0172003185559582,"pharynx",TRUE
"middle leg","hind leg",0.0210145849146439,"pharynx",TRUE
"hind leg","eye",0.0276786999156643,"pharynx",TRUE
"thorax","eye",0.0341958513724384,"pharynx",TRUE
"eye","abdomen",0.0418118770870436,"pharynx",TRUE
"thoracic-abdominal","hemolymph",0.0419493817893795,"pharynx",TRUE
"reproductive","neck",0.211283394667756,"pharynx",FALSE
"reproductive","front leg",0.292769274573845,"pharynx",FALSE
"wing","haltere",0.292769274573845,"pharynx",FALSE
"haltere","antenna",0.450385250407908,"pharynx",FALSE
"reproductive","middle leg",0.450385250407908,"pharynx",FALSE
"wing","thorax",0.450385250407908,"pharynx",FALSE
"wing","reproductive",0.495357239694189,"pharynx",FALSE
"reproductive","eye",0.632312071772746,"pharynx",FALSE
"wing","hind leg",0.632312071772746,"pharynx",FALSE
"middle leg","abdomen",0.740352483171518,"pharynx",FALSE
"front leg","abdomen",1,"pharynx",FALSE
"pharynx","enteric",1,"pharynx",FALSE
"proboscis","enteric",1,"pharynx",FALSE
"front leg","eye",1,"pharynx",FALSE
"middle leg","eye",1,"pharynx",FALSE
"middle leg","front leg",1,"pharynx",FALSE
"thorax","front leg",1,"pharynx",FALSE
"neck","haltere",1,"pharynx",FALSE
"reproductive","hind leg",1,"pharynx",FALSE
"thorax","hind leg",1,"pharynx",FALSE
"thorax","middle leg",1,"pharynx",FALSE
"wing","neck",1,"pharynx",FALSE
"thorax","reproductive",1,"pharynx",FALSE
"proboscis","head",0.000000000000000000000000000000000000000000000000000000000000000000000000000000000000000144252892336737,"proboscis",TRUE
"proboscis","hind leg",0.000000000000000000000000000000000000000000000000000000000000000000000000000000000000000298072306393537,"proboscis",TRUE
"proboscis","middle leg",0.0000000000000000000000000000000000000000000000000000000000000000000000000000000151317177337852,"proboscis",TRUE
"proboscis","antenna",0.00000000000000000000000000000000000000000000000000000000000000000000000296296539131856,"proboscis",TRUE
"wing","proboscis",0.00000000000000000000000000000000000000000000000000000000000000000000429026886640191,"proboscis",TRUE
"proboscis","front leg",0.0000000000000000000000000000000000000000000000000000000000000000000462844465883356,"proboscis",TRUE
"pharynx","head",0.000000000000000000000000000000000000000000000000000000000241795211600832,"proboscis",TRUE
"proboscis","haltere",0.0000000000000000000000000000000000000000000000000000583739416110287,"proboscis",TRUE
"pharynx","antenna",0.000000000000000000000000000000000000000000000000000586870831666762,"proboscis",TRUE
"proboscis","abdomen",0.0000000000000000000000000000000000000000000000000777127064733777,"proboscis",TRUE
"pharynx","hind leg",0.000000000000000000000000000000000000000000000000572717397674208,"proboscis",TRUE
"reproductive","proboscis",0.000000000000000000000000000000000000000000000582441386243055,"proboscis",TRUE
"wing","pharynx",0.00000000000000000000000000000000000000000000102834240193127,"proboscis",TRUE
"pharynx","haltere",0.00000000000000000000000000000000000000000000300313321474734,"proboscis",TRUE
"pharynx","middle leg",0.00000000000000000000000000000000000000000722197302507068,"proboscis",TRUE
"hind leg","haltere",0.0000000000000000000000000000000000000000111295679236776,"proboscis",TRUE
"thorax","proboscis",0.0000000000000000000000000000000000000370194583606599,"proboscis",TRUE
"thoracic-abdominal","proboscis",0.0000000000000000000000000000000000000401112183992965,"proboscis",TRUE
"middle leg","haltere",0.00000000000000000000000000000000000248846385762642,"proboscis",TRUE
"proboscis","neck",0.000000000000000000000000000000000102199922118852,"proboscis",TRUE
"pharynx","front leg",0.000000000000000000000000000000000559638055796668,"proboscis",TRUE
"enteric","antenna",0.0000000000000000000000000000000723565867635648,"proboscis",TRUE
"middle leg","head",0.000000000000000000000000000000132256859871686,"proboscis",TRUE
"reproductive","pharynx",0.000000000000000000000000000000430416535897184,"proboscis",TRUE
"head","enteric",0.00000000000000000000000000000101308722729991,"proboscis",TRUE
"thoracic-abdominal","haltere",0.00000000000000000000000000000875728175432444,"proboscis",TRUE
"proboscis","body chordotonal",0.0000000000000000000000000000605915188461576,"proboscis",TRUE
"proboscis","hemolymph",0.00000000000000000000000000026822215833852,"proboscis",TRUE
"hind leg","enteric",0.000000000000000000000000000415047592493559,"proboscis",TRUE
"wing","enteric",0.00000000000000000000000000126405306843637,"proboscis",TRUE
"haltere","enteric",0.00000000000000000000000000142573418220387,"proboscis",TRUE
"hemolymph","haltere",0.00000000000000000000000000352607882970992,"proboscis",TRUE
"pharynx","body chordotonal",0.0000000000000000000000000165453445338277,"proboscis",TRUE
"head","front leg",0.0000000000000000000000000339566980004143,"proboscis",TRUE
"pharynx","abdomen",0.0000000000000000000000000844601860300544,"proboscis",TRUE
"thorax","pharynx",0.00000000000000000000000016449983743358,"proboscis",TRUE
"hind leg","body chordotonal",0.000000000000000000000000896746361110767,"proboscis",TRUE
"pharynx","neck",0.00000000000000000000000431187366912585,"proboscis",TRUE
"middle leg","antenna",0.00000000000000000000000549048035041167,"proboscis",TRUE
"reproductive","enteric",0.0000000000000000000000121999763249682,"proboscis",TRUE
"thoracic-abdominal","pharynx",0.0000000000000000000000821573144716486,"proboscis",TRUE
"hind leg","antenna",0.0000000000000000000000901346725458522,"proboscis",TRUE
"middle leg","body chordotonal",0.0000000000000000000001652246750715,"proboscis",TRUE
"front leg","antenna",0.00000000000000000000394030180220282,"proboscis",TRUE
"thorax","haltere",0.00000000000000000000657653568295116,"proboscis",TRUE
"proboscis","enteric",0.00000000000000000000662879345875672,"proboscis",TRUE
"haltere","front leg",0.0000000000000000000109326670359591,"proboscis",TRUE
"thorax","enteric",0.0000000000000000000139366199775004,"proboscis",TRUE
"thoracic-abdominal","body chordotonal",0.0000000000000000000201045407011178,"proboscis",TRUE
"hind leg","head",0.000000000000000000029887272719147,"proboscis",TRUE
"hemolymph","antenna",0.0000000000000000000673821764277987,"proboscis",TRUE
"thoracic-abdominal","enteric",0.0000000000000000000874723624044035,"proboscis",TRUE
"enteric","body chordotonal",0.000000000000000000359213668473462,"proboscis",TRUE
"hemolymph","body chordotonal",0.000000000000000000616219903464676,"proboscis",TRUE
"haltere","abdomen",0.0000000000000000425609474765006,"proboscis",TRUE
"thorax","body chordotonal",0.0000000000000000661342865687301,"proboscis",TRUE
"front leg","body chordotonal",0.0000000000000000999632654539611,"proboscis",TRUE
"head","eye",0.00000000000000300854044272273,"proboscis",TRUE
"wing","middle leg",0.00000000000000312782764020789,"proboscis",TRUE
"eye","antenna",0.00000000000000364529903342491,"proboscis",TRUE
"hemolymph","enteric",0.00000000000000395561547355442,"proboscis",TRUE
"antenna","abdomen",0.0000000000000134762809753645,"proboscis",TRUE
"haltere","eye",0.000000000000022440499701534,"proboscis",TRUE
"enteric","abdomen",0.0000000000000377809594748926,"proboscis",TRUE
"wing","eye",0.0000000000000389783082233599,"proboscis",TRUE
"wing","front leg",0.0000000000000433154379571525,"proboscis",TRUE
"hind leg","eye",0.0000000000000477285968981867,"proboscis",TRUE
"pharynx","hemolymph",0.000000000000070881789597696,"proboscis",TRUE
"wing","body chordotonal",0.000000000000268553516843088,"proboscis",TRUE
"reproductive","eye",0.000000000000961633478762633,"proboscis",TRUE
"reproductive","body chordotonal",0.00000000000133198340026887,"proboscis",TRUE
"hemolymph","head",0.00000000000144404134260928,"proboscis",TRUE
"eye","body chordotonal",0.00000000000704290464285041,"proboscis",TRUE
"middle leg","enteric",0.0000000000110863647539157,"proboscis",TRUE
"thorax","eye",0.0000000000237806502621185,"proboscis",TRUE
"hind leg","front leg",0.00000000003937762514177,"proboscis",TRUE
"thoracic-abdominal","eye",0.0000000000413685247136916,"proboscis",TRUE
"body chordotonal","antenna",0.000000000146091629518141,"proboscis",TRUE
"head","body chordotonal",0.000000000185071036964326,"proboscis",TRUE
"eye","abdomen",0.000000000292955247193477,"proboscis",TRUE
"wing","haltere",0.000000000320385051084854,"proboscis",TRUE
"head","abdomen",0.00000000034008562461098,"proboscis",TRUE
"wing","hemolymph",0.00000000035372862700059,"proboscis",TRUE
"middle leg","eye",0.000000000431481256674657,"proboscis",TRUE
"body chordotonal","abdomen",0.000000000964245487382238,"proboscis",TRUE
"hemolymph","eye",0.00000000289425161783713,"proboscis",TRUE
"thoracic-abdominal","antenna",0.00000000474132074260917,"proboscis",TRUE
"neck","enteric",0.0000000190181783478785,"proboscis",TRUE
"reproductive","hemolymph",0.0000000224459630388223,"proboscis",TRUE
"wing","hind leg",0.0000000382468806627297,"proboscis",TRUE
"reproductive","haltere",0.0000000431477785165092,"proboscis",TRUE
"reproductive","middle leg",0.000000112219712231162,"proboscis",TRUE
"wing","abdomen",0.000000131549660957518,"proboscis",TRUE
"thoracic-abdominal","head",0.000000167447448430694,"proboscis",TRUE
"neck","eye",0.000000257114901134599,"proboscis",TRUE
"reproductive","front leg",0.00000025773163173652,"proboscis",TRUE
"neck","body chordotonal",0.000000364055995564711,"proboscis",TRUE
"thorax","hemolymph",0.000000420095262290726,"proboscis",TRUE
"pharynx","enteric",0.000000497027645570228,"proboscis",TRUE
"middle leg","hind leg",0.0000034934465881337,"proboscis",TRUE
"proboscis","eye",0.0000151525551116509,"proboscis",TRUE
"reproductive","abdomen",0.0000154455600567366,"proboscis",TRUE
"front leg","eye",0.0000206525335738421,"proboscis",TRUE
"haltere","body chordotonal",0.000106971082102329,"proboscis",TRUE
"thorax","front leg",0.000137897868698075,"proboscis",TRUE
"haltere","antenna",0.000291127228188517,"proboscis",TRUE
"head","haltere",0.000293975823377612,"proboscis",TRUE
"thorax","abdomen",0.00029427227782556,"proboscis",TRUE
"wing","thoracic-abdominal",0.000343131889606678,"proboscis",TRUE
"thorax","antenna",0.000356607933738137,"proboscis",TRUE
"thorax","middle leg",0.000395614974881155,"proboscis",TRUE
"reproductive","hind leg",0.000399702089463068,"proboscis",TRUE
"front leg","abdomen",0.00106794736710305,"proboscis",TRUE
"front leg","enteric",0.0011239380255079,"proboscis",TRUE
"hind leg","abdomen",0.00165474602231616,"proboscis",TRUE
"thorax","head",0.00176915197413464,"proboscis",TRUE
"thoracic-abdominal","hemolymph",0.00176915197413464,"proboscis",TRUE
"hind leg","hemolymph",0.00204140810955051,"proboscis",TRUE
"middle leg","front leg",0.00378157961181266,"proboscis",TRUE
"thoracic-abdominal","front leg",0.0044780832612551,"proboscis",TRUE
"neck","haltere",0.00463345784841329,"proboscis",TRUE
"neck","hemolymph",0.00668962204360386,"proboscis",TRUE
"wing","antenna",0.0112662204976895,"proboscis",TRUE
"thoracic-abdominal","abdomen",0.0199498656411624,"proboscis",TRUE
"thoracic-abdominal","neck",0.0218890163487412,"proboscis",TRUE
"thoracic-abdominal","reproductive",0.0387728626947739,"proboscis",TRUE
"neck","front leg",0.0503233988572015,"proboscis",FALSE
"neck","head",0.0606062316200376,"proboscis",FALSE
"neck","middle leg",0.0841852912973255,"proboscis",FALSE
"thoracic-abdominal","middle leg",0.0883265511496285,"proboscis",FALSE
"eye","enteric",0.0965026649923269,"proboscis",FALSE
"pharynx","eye",0.0965026649923269,"proboscis",FALSE
"thorax","hind leg",0.0965026649923269,"proboscis",FALSE
"neck","antenna",0.121875570907575,"proboscis",FALSE
"reproductive","antenna",0.151590139567093,"proboscis",FALSE
"proboscis","pharynx",0.243251913614843,"proboscis",FALSE
"thorax","neck",0.270910834038188,"proboscis",FALSE
"thorax","thoracic-abdominal",0.270910834038188,"proboscis",FALSE
"wing","thorax",0.270910834038188,"proboscis",FALSE
"neck","hind leg",0.288014159561301,"proboscis",FALSE
"wing","head",0.336558798089114,"proboscis",FALSE
"head","antenna",0.454253807111568,"proboscis",FALSE
"hemolymph","front leg",0.926473763496486,"proboscis",FALSE
"hemolymph","abdomen",1,"proboscis",FALSE
"middle leg","abdomen",1,"proboscis",FALSE
"neck","abdomen",1,"proboscis",FALSE
"reproductive","head",1,"proboscis",FALSE
"middle leg","hemolymph",1,"proboscis",FALSE
"thoracic-abdominal","hind leg",1,"proboscis",FALSE
"reproductive","neck",1,"proboscis",FALSE
"wing","neck",1,"proboscis",FALSE
"thorax","reproductive",1,"proboscis",FALSE
"wing","reproductive",1,"proboscis",FALSE
"hind leg","head",0.0000000000000000582678386727638,"antenna",TRUE
"middle leg","head",0.000000000000944038543747359,"antenna",TRUE
"proboscis","head",0.0000000000570960445153416,"antenna",TRUE
"thoracic-abdominal","hind leg",0.00000000107112685793526,"antenna",TRUE
"thoracic-abdominal","proboscis",0.00000000196052954197405,"antenna",TRUE
"wing","head",0.00000000490370157670143,"antenna",TRUE
"thoracic-abdominal","pharynx",0.00000000714260389899924,"antenna",TRUE
"wing","thoracic-abdominal",0.0000000197237954530119,"antenna",TRUE
"pharynx","head",0.0000000636643860035978,"antenna",TRUE
"thoracic-abdominal","middle leg",0.0000000636643860035978,"antenna",TRUE
"head","antenna",0.000000121493901132443,"antenna",TRUE
"head","front leg",0.000000367448081682656,"antenna",TRUE
"hind leg","body chordotonal",0.00000167039777467494,"antenna",TRUE
"reproductive","hind leg",0.00000411594002063962,"antenna",TRUE
"proboscis","body chordotonal",0.00000478467647316987,"antenna",TRUE
"hind leg","hemolymph",0.00000648177524134493,"antenna",TRUE
"proboscis","hemolymph",0.0000077894107535435,"antenna",TRUE
"proboscis","enteric",0.00000875565002639388,"antenna",TRUE
"middle leg","body chordotonal",0.00000981297795284301,"antenna",TRUE
"pharynx","body chordotonal",0.0000101676856046585,"antenna",TRUE
"thoracic-abdominal","antenna",0.000016667468998752,"antenna",TRUE
"reproductive","proboscis",0.0000183143983136428,"antenna",TRUE
"pharynx","hemolymph",0.0000217734556477669,"antenna",TRUE
"hind leg","eye",0.000022166062676634,"antenna",TRUE
"wing","body chordotonal",0.0000241292218605586,"antenna",TRUE
"hind leg","enteric",0.0000303431943242452,"antenna",TRUE
"head","eye",0.0000323511671516542,"antenna",TRUE
"pharynx","enteric",0.0000449727973519228,"antenna",TRUE
"reproductive","middle leg",0.0000601329405421612,"antenna",TRUE
"body chordotonal","antenna",0.000064958737550374,"antenna",TRUE
"thoracic-abdominal","neck",0.0000860158657234226,"antenna",TRUE
"haltere","eye",0.000090718779008819,"antenna",TRUE
"reproductive","eye",0.000157304790096048,"antenna",TRUE
"pharynx","eye",0.000162806367215253,"antenna",TRUE
"front leg","body chordotonal",0.000247696556367412,"antenna",TRUE
"wing","hemolymph",0.000263269493026546,"antenna",TRUE
"reproductive","antenna",0.000293666113756356,"antenna",TRUE
"thoracic-abdominal","front leg",0.000332965643056589,"antenna",TRUE
"middle leg","hemolymph",0.000332965643056589,"antenna",TRUE
"thoracic-abdominal","eye",0.000340392747142769,"antenna",TRUE
"wing","reproductive",0.000505972062026983,"antenna",TRUE
"reproductive","pharynx",0.000619114202130558,"antenna",TRUE
"proboscis","eye",0.000789071756531697,"antenna",TRUE
"middle leg","eye",0.00112489963933038,"antenna",TRUE
"middle leg","enteric",0.00127739442291867,"antenna",TRUE
"eye","body chordotonal",0.00129701963711587,"antenna",TRUE
"eye","enteric",0.00129701963711587,"antenna",TRUE
"hemolymph","eye",0.00129701963711587,"antenna",TRUE
"wing","enteric",0.00169269577889547,"antenna",TRUE
"eye","abdomen",0.00190085893925225,"antenna",TRUE
"wing","eye",0.00192575227406963,"antenna",TRUE
"hind leg","haltere",0.00255114528404918,"antenna",TRUE
"proboscis","haltere",0.00333815139730136,"antenna",TRUE
"thorax","eye",0.00349424420331292,"antenna",TRUE
"hemolymph","antenna",0.00393479681437429,"antenna",TRUE
"eye","antenna",0.00573433381218217,"antenna",TRUE
"middle leg","haltere",0.00705960563347615,"antenna",TRUE
"thorax","thoracic-abdominal",0.00829806982374307,"antenna",TRUE
"haltere","antenna",0.00924835673584868,"antenna",TRUE
"reproductive","front leg",0.00943514235457917,"antenna",TRUE
"front leg","eye",0.0100756490846164,"antenna",TRUE
"enteric","antenna",0.0122657987291249,"antenna",TRUE
"thorax","body chordotonal",0.0125406123442042,"antenna",TRUE
"haltere","body chordotonal",0.013558830190204,"antenna",TRUE
"thoracic-abdominal","head",0.0187264149571541,"antenna",TRUE
"hemolymph","front leg",0.0335476836117511,"antenna",TRUE
"neck","body chordotonal",0.0442371598267343,"antenna",TRUE
"pharynx","haltere",0.0506075046105646,"antenna",FALSE
"front leg","enteric",0.0738961989369337,"antenna",FALSE
"thoracic-abdominal","abdomen",0.0817810911570668,"antenna",FALSE
"haltere","front leg",0.0826846029470444,"antenna",FALSE
"thoracic-abdominal","haltere",0.0897472494589535,"antenna",FALSE
"wing","haltere",0.0932141966557328,"antenna",FALSE
"neck","head",0.111048348817801,"antenna",FALSE
"neck","eye",0.119676508416605,"antenna",FALSE
"head","body chordotonal",0.134634184537931,"antenna",FALSE
"thorax","hemolymph",0.345502047565242,"antenna",FALSE
"neck","hemolymph",0.385035431286678,"antenna",FALSE
"thoracic-abdominal","enteric",0.484369010926517,"antenna",FALSE
"reproductive","body chordotonal",0.637493528543974,"antenna",FALSE
"body chordotonal","abdomen",0.685332087136034,"antenna",FALSE
"thorax","head",0.685332087136034,"antenna",FALSE
"thorax","reproductive",0.685332087136034,"antenna",FALSE
"antenna","abdomen",1,"antenna",FALSE
"enteric","abdomen",1,"antenna",FALSE
"front leg","abdomen",1,"antenna",FALSE
"haltere","abdomen",1,"antenna",FALSE
"head","abdomen",1,"antenna",FALSE
"hemolymph","abdomen",1,"antenna",FALSE
"hind leg","abdomen",1,"antenna",FALSE
"middle leg","abdomen",1,"antenna",FALSE
"neck","abdomen",1,"antenna",FALSE
"pharynx","abdomen",1,"antenna",FALSE
"proboscis","abdomen",1,"antenna",FALSE
"reproductive","abdomen",1,"antenna",FALSE
"thorax","abdomen",1,"antenna",FALSE
"wing","abdomen",1,"antenna",FALSE
"front leg","antenna",1,"antenna",FALSE
"hind leg","antenna",1,"antenna",FALSE
"middle leg","antenna",1,"antenna",FALSE
"neck","antenna",1,"antenna",FALSE
"pharynx","antenna",1,"antenna",FALSE
"proboscis","antenna",1,"antenna",FALSE
"thorax","antenna",1,"antenna",FALSE
"wing","antenna",1,"antenna",FALSE
"enteric","body chordotonal",1,"antenna",FALSE
"hemolymph","body chordotonal",1,"antenna",FALSE
"thoracic-abdominal","body chordotonal",1,"antenna",FALSE
"haltere","enteric",1,"antenna",FALSE
"head","enteric",1,"antenna",FALSE
"hemolymph","enteric",1,"antenna",FALSE
"neck","enteric",1,"antenna",FALSE
"reproductive","enteric",1,"antenna",FALSE
"thorax","enteric",1,"antenna",FALSE
"hind leg","front leg",1,"antenna",FALSE
"middle leg","front leg",1,"antenna",FALSE
"neck","front leg",1,"antenna",FALSE
"pharynx","front leg",1,"antenna",FALSE
"proboscis","front leg",1,"antenna",FALSE
"thorax","front leg",1,"antenna",FALSE
"wing","front leg",1,"antenna",FALSE
"head","haltere",1,"antenna",FALSE
"hemolymph","haltere",1,"antenna",FALSE
"neck","haltere",1,"antenna",FALSE
"reproductive","haltere",1,"antenna",FALSE
"thorax","haltere",1,"antenna",FALSE
"hemolymph","head",1,"antenna",FALSE
"reproductive","head",1,"antenna",FALSE
"reproductive","hemolymph",1,"antenna",FALSE
"thoracic-abdominal","hemolymph",1,"antenna",FALSE
"middle leg","hind leg",1,"antenna",FALSE
"neck","hind leg",1,"antenna",FALSE
"pharynx","hind leg",1,"antenna",FALSE
"proboscis","hind leg",1,"antenna",FALSE
"thorax","hind leg",1,"antenna",FALSE
"wing","hind leg",1,"antenna",FALSE
"neck","middle leg",1,"antenna",FALSE
"pharynx","middle leg",1,"antenna",FALSE
"proboscis","middle leg",1,"antenna",FALSE
"thorax","middle leg",1,"antenna",FALSE
"wing","middle leg",1,"antenna",FALSE
"pharynx","neck",1,"antenna",FALSE
"proboscis","neck",1,"antenna",FALSE
"reproductive","neck",1,"antenna",FALSE
"thorax","neck",1,"antenna",FALSE
"wing","neck",1,"antenna",FALSE
"proboscis","pharynx",1,"antenna",FALSE
"thorax","pharynx",1,"antenna",FALSE
"wing","pharynx",1,"antenna",FALSE
"thorax","proboscis",1,"antenna",FALSE
"wing","proboscis",1,"antenna",FALSE
"thoracic-abdominal","reproductive",1,"antenna",FALSE
"wing","thorax",1,"antenna",FALSE
"hind leg","head",0.00000000000200435950829635,"eye",TRUE
"middle leg","head",0.0000000160166843825416,"eye",TRUE
"proboscis","head",0.000000114017130526934,"eye",TRUE
"pharynx","head",0.000000398335767132598,"eye",TRUE
"head","front leg",0.0000128392890060074,"eye",TRUE
"wing","head",0.000167493473256887,"eye",TRUE
"thoracic-abdominal","proboscis",0.000211806716428998,"eye",TRUE
"reproductive","proboscis",0.000414422620792467,"eye",TRUE
"thoracic-abdominal","pharynx",0.000466013167248342,"eye",TRUE
"thoracic-abdominal","hind leg",0.000808586023845551,"eye",TRUE
"reproductive","hind leg",0.000849279491900153,"eye",TRUE
"wing","thoracic-abdominal",0.00101812084624995,"eye",TRUE
"thoracic-abdominal","middle leg",0.00248612477623055,"eye",TRUE
"reproductive","pharynx",0.00294827496221403,"eye",TRUE
"hind leg","abdomen",0.00367492922732998,"eye",TRUE
"hind leg","body chordotonal",0.00412130219568849,"eye",TRUE
"head","antenna",0.00465207240578526,"eye",TRUE
"proboscis","abdomen",0.00472778701178614,"eye",TRUE
"pharynx","abdomen",0.00491006023208136,"eye",TRUE
"proboscis","body chordotonal",0.00517465712548919,"eye",TRUE
"proboscis","enteric",0.00619791124799113,"eye",TRUE
"pharynx","body chordotonal",0.00683662804547136,"eye",TRUE
"pharynx","enteric",0.00683662804547136,"eye",TRUE
"pharynx","hemolymph",0.00683662804547136,"eye",TRUE
"thoracic-abdominal","neck",0.00752092269190333,"eye",TRUE
"thoracic-abdominal","antenna",0.0112929975352682,"eye",TRUE
"middle leg","body chordotonal",0.0112929975352682,"eye",TRUE
"reproductive","middle leg",0.0144637611507345,"eye",TRUE
"proboscis","hemolymph",0.0145079537995098,"eye",TRUE
"hind leg","enteric",0.0257146284034416,"eye",TRUE
"thoracic-abdominal","enteric",0.0298071253738103,"eye",TRUE
"hind leg","hemolymph",0.0376135804231098,"eye",TRUE
"wing","body chordotonal",0.0597438214190104,"eye",FALSE
"front leg","abdomen",0.0620649245180204,"eye",FALSE
"thoracic-abdominal","front leg",0.0766167294042897,"eye",FALSE
"head","eye",0.0948098034625011,"eye",FALSE
"hind leg","eye",0.0948098034625011,"eye",FALSE
"middle leg","eye",0.0998529660923114,"eye",FALSE
"front leg","eye",0.102014864859609,"eye",FALSE
"front leg","body chordotonal",0.107637021439783,"eye",FALSE
"middle leg","abdomen",0.116569212773992,"eye",FALSE
"body chordotonal","antenna",0.116858894551102,"eye",FALSE
"eye","antenna",0.129898760157827,"eye",FALSE
"haltere","body chordotonal",0.135671698837697,"eye",FALSE
"wing","eye",0.138046353539604,"eye",FALSE
"wing","reproductive",0.138046353539604,"eye",FALSE
"reproductive","front leg",0.138062103391398,"eye",FALSE
"middle leg","enteric",0.149964422435208,"eye",FALSE
"middle leg","hemolymph",0.166935936295546,"eye",FALSE
"proboscis","eye",0.186845510500012,"eye",FALSE
"head","haltere",0.206188538704875,"eye",FALSE
"eye","abdomen",0.219063638474442,"eye",FALSE
"haltere","eye",0.219852645810569,"eye",FALSE
"pharynx","eye",0.219852645810569,"eye",FALSE
"reproductive","eye",0.284476350918539,"eye",FALSE
"hind leg","antenna",0.388026310576016,"eye",FALSE
"thoracic-abdominal","eye",0.413253929047059,"eye",FALSE
"thorax","eye",0.419977046648621,"eye",FALSE
"wing","hemolymph",0.421757020578575,"eye",FALSE
"proboscis","antenna",0.448022545904135,"eye",FALSE
"thoracic-abdominal","haltere",0.497537083614325,"eye",FALSE
"thoracic-abdominal","abdomen",0.550377014575046,"eye",FALSE
"neck","eye",0.564930579363635,"eye",FALSE
"reproductive","antenna",0.570047628422966,"eye",FALSE
"eye","body chordotonal",0.754257368401691,"eye",FALSE
"eye","enteric",0.754257368401691,"eye",FALSE
"hemolymph","eye",0.754257368401691,"eye",FALSE
"hemolymph","front leg",0.78395043112237,"eye",FALSE
"front leg","enteric",0.953090230353293,"eye",FALSE
"antenna","abdomen",1,"eye",FALSE
"body chordotonal","abdomen",1,"eye",FALSE
"enteric","abdomen",1,"eye",FALSE
"haltere","abdomen",1,"eye",FALSE
"head","abdomen",1,"eye",FALSE
"hemolymph","abdomen",1,"eye",FALSE
"neck","abdomen",1,"eye",FALSE
"reproductive","abdomen",1,"eye",FALSE
"thorax","abdomen",1,"eye",FALSE
"wing","abdomen",1,"eye",FALSE
"enteric","antenna",1,"eye",FALSE
"front leg","antenna",1,"eye",FALSE
"haltere","antenna",1,"eye",FALSE
"hemolymph","antenna",1,"eye",FALSE
"middle leg","antenna",1,"eye",FALSE
"neck","antenna",1,"eye",FALSE
"pharynx","antenna",1,"eye",FALSE
"thorax","antenna",1,"eye",FALSE
"wing","antenna",1,"eye",FALSE
"enteric","body chordotonal",1,"eye",FALSE
"head","body chordotonal",1,"eye",FALSE
"hemolymph","body chordotonal",1,"eye",FALSE
"neck","body chordotonal",1,"eye",FALSE
"reproductive","body chordotonal",1,"eye",FALSE
"thoracic-abdominal","body chordotonal",1,"eye",FALSE
"thorax","body chordotonal",1,"eye",FALSE
"haltere","enteric",1,"eye",FALSE
"head","enteric",1,"eye",FALSE
"hemolymph","enteric",1,"eye",FALSE
"neck","enteric",1,"eye",FALSE
"reproductive","enteric",1,"eye",FALSE
"thorax","enteric",1,"eye",FALSE
"wing","enteric",1,"eye",FALSE
"haltere","front leg",1,"eye",FALSE
"hind leg","front leg",1,"eye",FALSE
"middle leg","front leg",1,"eye",FALSE
"neck","front leg",1,"eye",FALSE
"pharynx","front leg",1,"eye",FALSE
"proboscis","front leg",1,"eye",FALSE
"thorax","front leg",1,"eye",FALSE
"wing","front leg",1,"eye",FALSE
"hemolymph","haltere",1,"eye",FALSE
"hind leg","haltere",1,"eye",FALSE
"middle leg","haltere",1,"eye",FALSE
"neck","haltere",1,"eye",FALSE
"pharynx","haltere",1,"eye",FALSE
"proboscis","haltere",1,"eye",FALSE
"reproductive","haltere",1,"eye",FALSE
"thorax","haltere",1,"eye",FALSE
"wing","haltere",1,"eye",FALSE
"hemolymph","head",1,"eye",FALSE
"neck","head",1,"eye",FALSE
"reproductive","head",1,"eye",FALSE
"thoracic-abdominal","head",1,"eye",FALSE
"thorax","head",1,"eye",FALSE
"neck","hemolymph",1,"eye",FALSE
"reproductive","hemolymph",1,"eye",FALSE
"thoracic-abdominal","hemolymph",1,"eye",FALSE
"thorax","hemolymph",1,"eye",FALSE
"middle leg","hind leg",1,"eye",FALSE
"neck","hind leg",1,"eye",FALSE
"pharynx","hind leg",1,"eye",FALSE
"proboscis","hind leg",1,"eye",FALSE
"thorax","hind leg",1,"eye",FALSE
"wing","hind leg",1,"eye",FALSE
"neck","middle leg",1,"eye",FALSE
"pharynx","middle leg",1,"eye",FALSE
"proboscis","middle leg",1,"eye",FALSE
"thorax","middle leg",1,"eye",FALSE
"wing","middle leg",1,"eye",FALSE
"pharynx","neck",1,"eye",FALSE
"proboscis","neck",1,"eye",FALSE
"reproductive","neck",1,"eye",FALSE
"thorax","neck",1,"eye",FALSE
"wing","neck",1,"eye",FALSE
"proboscis","pharynx",1,"eye",FALSE
"thorax","pharynx",1,"eye",FALSE
"wing","pharynx",1,"eye",FALSE
"thorax","proboscis",1,"eye",FALSE
"wing","proboscis",1,"eye",FALSE
"thoracic-abdominal","reproductive",1,"eye",FALSE
"thorax","reproductive",1,"eye",FALSE
"thorax","thoracic-abdominal",1,"eye",FALSE
"wing","thorax",1,"eye",FALSE
"proboscis","head",0.000000000000000000000000000000000000000000000000000000000000000000000000000000000000000000000000000000000000000000000135084701337968,"neck",TRUE
"hind leg","head",0.000000000000000000000000000000000000000000000000000000000000000000000000000000000000000000000000000000000000000000000695826512231537,"neck",TRUE
"pharynx","head",0.0000000000000000000000000000000000000000000000000000000000000000000000000000000000000000000803518512887218,"neck",TRUE
"middle leg","head",0.000000000000000000000000000000000000000000000000000000000000000000000000000000000326248866383665,"neck",TRUE
"proboscis","abdomen",0.00000000000000000000000000000000000000000000000000000000000000000000000000000729723742460815,"neck",TRUE
"reproductive","proboscis",0.00000000000000000000000000000000000000000000000000000000000000000000000000624102947096271,"neck",TRUE
"reproductive","hind leg",0.0000000000000000000000000000000000000000000000000000000000000000000706914509872559,"neck",TRUE
"reproductive","pharynx",0.00000000000000000000000000000000000000000000000000000000000000000104447161795197,"neck",TRUE
"pharynx","abdomen",0.00000000000000000000000000000000000000000000000000000000000000000820937509982205,"neck",TRUE
"thoracic-abdominal","proboscis",0.00000000000000000000000000000000000000000000000000000000000000714092773627615,"neck",TRUE
"thoracic-abdominal","hind leg",0.0000000000000000000000000000000000000000000000000000000000114868498935866,"neck",TRUE
"hind leg","abdomen",0.0000000000000000000000000000000000000000000000000000000000167474781294585,"neck",TRUE
"wing","thoracic-abdominal",0.000000000000000000000000000000000000000000000000000000000121399525227941,"neck",TRUE
"thoracic-abdominal","pharynx",0.00000000000000000000000000000000000000000000000000000000126187692229176,"neck",TRUE
"proboscis","hind leg",0.00000000000000000000000000000000000000000000000000000000686419805243976,"neck",TRUE
"wing","head",0.00000000000000000000000000000000000000000000000000000354726272173949,"neck",TRUE
"thoracic-abdominal","middle leg",0.000000000000000000000000000000000000000000000000181026888445441,"neck",TRUE
"reproductive","middle leg",0.000000000000000000000000000000000000000000000000365192331674807,"neck",TRUE
"wing","reproductive",0.000000000000000000000000000000000000000000000000627386148462954,"neck",TRUE
"proboscis","body chordotonal",0.00000000000000000000000000000000000000000000000329724788342256,"neck",TRUE
"thoracic-abdominal","antenna",0.00000000000000000000000000000000000000000000281522963422507,"neck",TRUE
"proboscis","antenna",0.00000000000000000000000000000000000000000000341461639013051,"neck",TRUE
"proboscis","hemolymph",0.00000000000000000000000000000000000000000000422030066108227,"neck",TRUE
"pharynx","body chordotonal",0.0000000000000000000000000000000000000000000118648300027592,"neck",TRUE
"reproductive","antenna",0.00000000000000000000000000000000000000000008003191235014,"neck",TRUE
"hind leg","body chordotonal",0.0000000000000000000000000000000000000000000935889828031888,"neck",TRUE
"head","front leg",0.000000000000000000000000000000000000000000345842754394545,"neck",TRUE
"head","antenna",0.00000000000000000000000000000000000000000306574681662532,"neck",TRUE
"pharynx","hemolymph",0.000000000000000000000000000000000000000009546777170149,"neck",TRUE
"middle leg","abdomen",0.0000000000000000000000000000000000000000164714747910008,"neck",TRUE
"thoracic-abdominal","neck",0.0000000000000000000000000000000000000000221162922763396,"neck",TRUE
"proboscis","enteric",0.000000000000000000000000000000000000000146456976252404,"neck",TRUE
"head","haltere",0.0000000000000000000000000000000000000500638910554344,"neck",TRUE
"pharynx","enteric",0.0000000000000000000000000000000000109231898107505,"neck",TRUE
"middle leg","body chordotonal",0.000000000000000000000000000000000111675581939524,"neck",TRUE
"hind leg","hemolymph",0.000000000000000000000000000000000233843651748899,"neck",TRUE
"haltere","abdomen",0.00000000000000000000000000000000230579363188462,"neck",TRUE
"hind leg","eye",0.00000000000000000000000000000000249719385015362,"neck",TRUE
"head","eye",0.00000000000000000000000000000000256976653258524,"neck",TRUE
"middle leg","eye",0.00000000000000000000000000000000768506453562511,"neck",TRUE
"front leg","eye",0.0000000000000000000000000000000168924226516096,"neck",TRUE
"eye","antenna",0.00000000000000000000000000000011125398626051,"neck",TRUE
"proboscis","middle leg",0.000000000000000000000000000000402566197098247,"neck",TRUE
"wing","eye",0.000000000000000000000000000000771071540506283,"neck",TRUE
"haltere","body chordotonal",0.000000000000000000000000000007026810651134,"neck",TRUE
"wing","proboscis",0.0000000000000000000000000000127685634354257,"neck",TRUE
"wing","body chordotonal",0.0000000000000000000000000000148170822952134,"neck",TRUE
"thoracic-abdominal","front leg",0.0000000000000000000000000000312291933989235,"neck",TRUE
"eye","abdomen",0.000000000000000000000000000032047564665869,"neck",TRUE
"reproductive","front leg",0.0000000000000000000000000000498214729993701,"neck",TRUE
"wing","abdomen",0.0000000000000000000000000000591853127331673,"neck",TRUE
"pharynx","eye",0.0000000000000000000000000000831265955369549,"neck",TRUE
"thoracic-abdominal","enteric",0.000000000000000000000000000101318799792699,"neck",TRUE
"reproductive","haltere",0.000000000000000000000000000122891924022575,"neck",TRUE
"proboscis","eye",0.000000000000000000000000000215090660726562,"neck",TRUE
"reproductive","eye",0.000000000000000000000000000631405723121646,"neck",TRUE
"body chordotonal","antenna",0.000000000000000000000000000644640670559027,"neck",TRUE
"front leg","abdomen",0.00000000000000000000000000196068987577966,"neck",TRUE
"thoracic-abdominal","head",0.00000000000000000000000000994692648679617,"neck",TRUE
"reproductive","neck",0.0000000000000000000000000154642876773778,"neck",TRUE
"antenna","abdomen",0.000000000000000000000000021876190117653,"neck",TRUE
"thoracic-abdominal","eye",0.0000000000000000000000000387723066545789,"neck",TRUE
"thorax","eye",0.0000000000000000000000000417744130309385,"neck",TRUE
"pharynx","hind leg",0.0000000000000000000000000614928795757839,"neck",TRUE
"middle leg","hemolymph",0.000000000000000000000000325125650235187,"neck",TRUE
"front leg","body chordotonal",0.000000000000000000000000535872417220592,"neck",TRUE
"wing","hemolymph",0.00000000000000000000000255490272437296,"neck",TRUE
"thoracic-abdominal","haltere",0.0000000000000000000000199348453964006,"neck",TRUE
"pharynx","antenna",0.0000000000000000000000202871371344558,"neck",TRUE
"eye","body chordotonal",0.0000000000000000000000321312896471865,"neck",TRUE
"eye","enteric",0.0000000000000000000000341960405846314,"neck",TRUE
"hemolymph","eye",0.0000000000000000000000341960405846314,"neck",TRUE
"hind leg","enteric",0.0000000000000000000000431957125849053,"neck",TRUE
"thorax","proboscis",0.0000000000000000000000823426265618089,"neck",TRUE
"proboscis","front leg",0.000000000000000000000273948133782532,"neck",TRUE
"hemolymph","antenna",0.000000000000000000960536612609421,"neck",TRUE
"haltere","eye",0.0000000000000000110744822846502,"neck",TRUE
"hemolymph","haltere",0.000000000000000133045216091676,"neck",TRUE
"neck","eye",0.00000000000000465497733535838,"neck",TRUE
"middle leg","enteric",0.0000000000000115209458634583,"neck",TRUE
"neck","head",0.0000000000000137854898349847,"neck",TRUE
"wing","pharynx",0.0000000000000178068063963896,"neck",TRUE
"thorax","body chordotonal",0.0000000000000233971902213689,"neck",TRUE
"haltere","enteric",0.0000000000000320804542571783,"neck",TRUE
"neck","body chordotonal",0.0000000000000341476370521291,"neck",TRUE
"thoracic-abdominal","abdomen",0.0000000000000416431545018071,"neck",TRUE
"reproductive","head",0.0000000000000463012775939252,"neck",TRUE
"hemolymph","front leg",0.000000000000158108647653767,"neck",TRUE
"thorax","pharynx",0.000000000000158108647653767,"neck",TRUE
"hind leg","haltere",0.000000000000258402249759473,"neck",TRUE
"reproductive","enteric",0.000000000000775870228045672,"neck",TRUE
"neck","hemolymph",0.000000000000838979946955528,"neck",TRUE
"thorax","reproductive",0.00000000000121401151259231,"neck",TRUE
"haltere","antenna",0.00000000000134208587459732,"neck",TRUE
"pharynx","middle leg",0.00000000000315384217284495,"neck",TRUE
"thorax","thoracic-abdominal",0.0000000000185374520531373,"neck",TRUE
"haltere","front leg",0.0000000000818132285627261,"neck",TRUE
"wing","enteric",0.000000000186916275131332,"neck",TRUE
"middle leg","haltere",0.000000000245512350767143,"neck",TRUE
"head","body chordotonal",0.00000000177203850823901,"neck",TRUE
"wing","haltere",0.00000000946032732309545,"neck",TRUE
"thoracic-abdominal","hemolymph",0.0000000100926285029363,"neck",TRUE
"neck","abdomen",0.0000000234949441253487,"neck",TRUE
"enteric","antenna",0.0000000424578114707611,"neck",TRUE
"enteric","body chordotonal",0.000000110664201587326,"neck",TRUE
"thorax","haltere",0.000000219415893261579,"neck",TRUE
"front leg","enteric",0.000000296008652988185,"neck",TRUE
"pharynx","front leg",0.000000697227210968763,"neck",TRUE
"thorax","abdomen",0.00000254185273139841,"neck",TRUE
"proboscis","neck",0.00000376569909823329,"neck",TRUE
"hemolymph","enteric",0.0000202915302451082,"neck",TRUE
"proboscis","pharynx",0.0000637193759309119,"neck",TRUE
"thorax","head",0.0000781161622540054,"neck",TRUE
"pharynx","neck",0.0000900739374927081,"neck",TRUE
"thorax","hemolymph",0.000172472596433767,"neck",TRUE
"reproductive","abdomen",0.000178755198507712,"neck",TRUE
"thorax","middle leg",0.00406465764165892,"neck",TRUE
"neck","enteric",0.0102815231239329,"neck",TRUE
"thorax","hind leg",0.0114026072809834,"neck",TRUE
"wing","thorax",0.0151921813071602,"neck",TRUE
"middle leg","antenna",0.0160240192342663,"neck",TRUE
"hemolymph","body chordotonal",0.024868792376769,"neck",TRUE
"reproductive","body chordotonal",0.0315577862529118,"neck",TRUE
"body chordotonal","abdomen",0.0339761162232525,"neck",TRUE
"reproductive","hemolymph",0.0431078909005725,"neck",TRUE
"head","enteric",0.058313782061031,"neck",FALSE
"hind leg","antenna",0.0597735493529796,"neck",FALSE
"hemolymph","head",0.13265890913406,"neck",FALSE
"thorax","front leg",0.150492803259601,"neck",FALSE
"front leg","antenna",0.199816388739039,"neck",FALSE
"thorax","neck",0.199816388739039,"neck",FALSE
"thorax","enteric",0.309499247714763,"neck",FALSE
"neck","haltere",0.309499247714763,"neck",FALSE
"hemolymph","abdomen",0.359391260933222,"neck",FALSE
"neck","hind leg",0.399450331230833,"neck",FALSE
"enteric","abdomen",0.579653737177458,"neck",FALSE
"thoracic-abdominal","reproductive",0.594910568735342,"neck",FALSE
"pharynx","haltere",0.676501655898179,"neck",FALSE
"thorax","antenna",0.867384024788605,"neck",FALSE
"head","abdomen",1,"neck",FALSE
"neck","antenna",1,"neck",FALSE
"wing","antenna",1,"neck",FALSE
"thoracic-abdominal","body chordotonal",1,"neck",FALSE
"hind leg","front leg",1,"neck",FALSE
"middle leg","front leg",1,"neck",FALSE
"neck","front leg",1,"neck",FALSE
"wing","front leg",1,"neck",FALSE
"proboscis","haltere",1,"neck",FALSE
"middle leg","hind leg",1,"neck",FALSE
"wing","hind leg",1,"neck",FALSE
"neck","middle leg",1,"neck",FALSE
"wing","middle leg",1,"neck",FALSE
"wing","neck",1,"neck",FALSE
"hind leg","head",0,"wing",TRUE
"wing","head",0.0000000000000000000000000000000000000000000000000000000000000000000000000000000000000000000000000000000000000000000000000000000000000000000000000000000000000000000000000000000000000000000000000000000000000000000000000000000000000000000000000000000000000000000000000000000000000000000000721821184684922,"wing",TRUE
"middle leg","head",0.00000000000000000000000000000000000000000000000000000000000000000000000000000000000000000000000000000000000000000000000000000000000000000000000000000000000000000000000000000000000000000000000000000000000000000000000000000000000000000000000000000000459743251147164,"wing",TRUE
"wing","front leg",0.000000000000000000000000000000000000000000000000000000000000000000000000000000000000000000000000000000000000000000000000000000000000000000000000000000189861740446361,"wing",TRUE
"head","antenna",0.00000000000000000000000000000000000000000000000000000000000000000000000000000000000000000000000000000000000000000000000000000000000000000000000000000864165329395563,"wing",TRUE
"wing","hind leg",0.000000000000000000000000000000000000000000000000000000000000000000000000000000000000000000000000000000000000000000000000000000000000000000000000000126942640538119,"wing",TRUE
"wing","proboscis",0.000000000000000000000000000000000000000000000000000000000000000000000000000000000000000000000000000000000000000000000000000000000000000000000130827538787131,"wing",TRUE
"wing","antenna",0.0000000000000000000000000000000000000000000000000000000000000000000000000000000000000000000000000000000000000000000000000000000000000000000311533904649227,"wing",TRUE
"head","haltere",0.00000000000000000000000000000000000000000000000000000000000000000000000000000000000000000000000000000000000000000000000000000299239200117014,"wing",TRUE
"wing","middle leg",0.000000000000000000000000000000000000000000000000000000000000000000000000000000000000000000000000000000000000000136987503440885,"wing",TRUE
"wing","pharynx",0.00000000000000000000000000000000000000000000000000000000000000000000000000000000000000000000000000000000000000200278404812739,"wing",TRUE
"wing","reproductive",0.0000000000000000000000000000000000000000000000000000000000000000000000000000000000000000000000000000000000000424837609056521,"wing",TRUE
"pharynx","head",0.0000000000000000000000000000000000000000000000000000000000000000000000000000000000000000000000000000000000186385575815316,"wing",TRUE
"head","front leg",0.0000000000000000000000000000000000000000000000000000000000000000000000000000000000000000000000000000000000795279853489498,"wing",TRUE
"proboscis","head",0.000000000000000000000000000000000000000000000000000000000000000000000000000000000000000000000000000000202670491417151,"wing",TRUE
"wing","abdomen",0.00000000000000000000000000000000000000000000000000000000000000000000000000000000000000000000300555644800939,"wing",TRUE
"neck","head",0.0000000000000000000000000000000000000000000000000000000000000000000000000000000000107222599003614,"wing",TRUE
"wing","body chordotonal",0.0000000000000000000000000000000000000000000000000000000000000000000142822288235218,"wing",TRUE
"thoracic-abdominal","head",0.00000000000000000000000000000000000000000000000000000000000000000681412604051495,"wing",TRUE
"proboscis","hind leg",0.00000000000000000000000000000000000000000000000000000000004663402200733,"wing",TRUE
"proboscis","haltere",0.00000000000000000000000000000000000000000000000000000000205609276269272,"wing",TRUE
"wing","enteric",0.0000000000000000000000000000000000000000000000000000000411029916616975,"wing",TRUE
"thorax","head",0.000000000000000000000000000000000000000000000000000000123583248926406,"wing",TRUE
"head","abdomen",0.00000000000000000000000000000000000000000000000000000140911538581595,"wing",TRUE
"reproductive","hind leg",0.0000000000000000000000000000000000000000000000000000145580752920869,"wing",TRUE
"reproductive","haltere",0.0000000000000000000000000000000000000000000000000000249589923172159,"wing",TRUE
"haltere","front leg",0.00000000000000000000000000000000000000000000000000810537628649421,"wing",TRUE
"wing","neck",0.00000000000000000000000000000000000000000000000570653009836631,"wing",TRUE
"haltere","antenna",0.000000000000000000000000000000000000000000000618593469514709,"wing",TRUE
"head","eye",0.0000000000000000000000000000000000000000000014916868497175,"wing",TRUE
"hind leg","body chordotonal",0.00000000000000000000000000000000000000000000459003051490418,"wing",TRUE
"pharynx","haltere",0.0000000000000000000000000000000000000000000660550664333379,"wing",TRUE
"haltere","body chordotonal",0.0000000000000000000000000000000000000000199949003381739,"wing",TRUE
"reproductive","middle leg",0.00000000000000000000000000000000000000128152724867151,"wing",TRUE
"proboscis","middle leg",0.00000000000000000000000000000000000000654017383263014,"wing",TRUE
"proboscis","eye",0.000000000000000000000000000000000000152339196878501,"wing",TRUE
"haltere","abdomen",0.000000000000000000000000000000000000382976284505302,"wing",TRUE
"hind leg","haltere",0.00000000000000000000000000000000000100019453607387,"wing",TRUE
"wing","hemolymph",0.0000000000000000000000000000000000520494526366453,"wing",TRUE
"hemolymph","head",0.000000000000000000000000000000000086787450282549,"wing",TRUE
"reproductive","eye",0.000000000000000000000000000000000346556146785991,"wing",TRUE
"middle leg","body chordotonal",0.00000000000000000000000000000000403723896780377,"wing",TRUE
"pharynx","hind leg",0.00000000000000000000000000000018921331987117,"wing",TRUE
"pharynx","eye",0.00000000000000000000000000000050346081491777,"wing",TRUE
"eye","body chordotonal",0.00000000000000000000000000000862987895153395,"wing",TRUE
"eye","antenna",0.000000000000000000000000000091410360676485,"wing",TRUE
"haltere","enteric",0.0000000000000000000000000214854239854678,"wing",TRUE
"middle leg","haltere",0.0000000000000000000000000417191675920272,"wing",TRUE
"eye","abdomen",0.0000000000000000000000000510461830889725,"wing",TRUE
"neck","body chordotonal",0.000000000000000000000000392087255547847,"wing",TRUE
"front leg","eye",0.000000000000000000000000403336590067788,"wing",TRUE
"hind leg","eye",0.00000000000000000000000185291001402488,"wing",TRUE
"eye","enteric",0.0000000000000000000000052525018802536,"wing",TRUE
"thorax","body chordotonal",0.00000000000000000000000598287448136932,"wing",TRUE
"body chordotonal","antenna",0.0000000000000000000000174321664472769,"wing",TRUE
"thorax","reproductive",0.0000000000000000000000620182494573431,"wing",TRUE
"thoracic-abdominal","body chordotonal",0.0000000000000000000000844190974465119,"wing",TRUE
"pharynx","middle leg",0.0000000000000000000000983721879497805,"wing",TRUE
"thorax","front leg",0.000000000000000000000251722874852084,"wing",TRUE
"head","enteric",0.00000000000000000000243390087655631,"wing",TRUE
"hind leg","enteric",0.00000000000000000002875753270917,"wing",TRUE
"reproductive","neck",0.0000000000000000000720723999573309,"wing",TRUE
"thoracic-abdominal","reproductive",0.000000000000000000375054257373336,"wing",TRUE
"middle leg","front leg",0.000000000000000000779094257841608,"wing",TRUE
"wing","thoracic-abdominal",0.00000000000000000470120003752802,"wing",TRUE
"reproductive","antenna",0.00000000000000000589499180195197,"wing",TRUE
"middle leg","eye",0.00000000000000000976145739970439,"wing",TRUE
"neck","eye",0.00000000000000000976145739970439,"wing",TRUE
"hind leg","antenna",0.000000000000000011082540168507,"wing",TRUE
"reproductive","head",0.0000000000000000320077879283065,"wing",TRUE
"thorax","abdomen",0.000000000000000217767265098071,"wing",TRUE
"middle leg","enteric",0.000000000000000340626004547124,"wing",TRUE
"thorax","antenna",0.00000000000000133549251976716,"wing",TRUE
"proboscis","neck",0.00000000000000261128370780717,"wing",TRUE
"neck","haltere",0.00000000000000344010939149466,"wing",TRUE
"front leg","body chordotonal",0.0000000000000101231918708379,"wing",TRUE
"middle leg","antenna",0.0000000000000106844927563161,"wing",TRUE
"hind leg","front leg",0.0000000000000130011915962268,"wing",TRUE
"pharynx","body chordotonal",0.0000000000000185085769275705,"wing",TRUE
"hemolymph","eye",0.0000000000000190875658604362,"wing",TRUE
"thorax","proboscis",0.0000000000000406736870519843,"wing",TRUE
"hemolymph","body chordotonal",0.000000000000632234234794603,"wing",TRUE
"proboscis","body chordotonal",0.000000000000925027811389549,"wing",TRUE
"thorax","middle leg",0.00000000000659796897884342,"wing",TRUE
"thorax","hind leg",0.00000000000724082333467773,"wing",TRUE
"hemolymph","haltere",0.00000000000915773715348082,"wing",TRUE
"thoracic-abdominal","proboscis",0.0000000000186394743512062,"wing",TRUE
"thorax","enteric",0.0000000000226529793913392,"wing",TRUE
"thorax","pharynx",0.0000000000290601566886133,"wing",TRUE
"body chordotonal","abdomen",0.0000000000613261776535427,"wing",TRUE
"reproductive","front leg",0.000000000092280891866807,"wing",TRUE
"proboscis","abdomen",0.00000000083485957714934,"wing",TRUE
"thoracic-abdominal","enteric",0.00000000134398368394289,"wing",TRUE
"reproductive","abdomen",0.0000000015776649768587,"wing",TRUE
"proboscis","antenna",0.00000000218965446158831,"wing",TRUE
"neck","enteric",0.00000000255647776015557,"wing",TRUE
"reproductive","pharynx",0.00000000263220512702647,"wing",TRUE
"middle leg","abdomen",0.00000000613972581436493,"wing",TRUE
"thoracic-abdominal","front leg",0.0000000078024271856669,"wing",TRUE
"thoracic-abdominal","pharynx",0.0000000379644384249182,"wing",TRUE
"reproductive","hemolymph",0.000000139559190801225,"wing",TRUE
"pharynx","neck",0.000000159796068497382,"wing",TRUE
"hind leg","abdomen",0.000000164421171930792,"wing",TRUE
"wing","haltere",0.000000367795266742587,"wing",TRUE
"proboscis","front leg",0.000000624115362019939,"wing",TRUE
"thorax","hemolymph",0.00000261946117654453,"wing",TRUE
"thoracic-abdominal","eye",0.00000512469006387347,"wing",TRUE
"thoracic-abdominal","antenna",0.0000101703116588173,"wing",TRUE
"enteric","body chordotonal",0.0000126372704232142,"wing",TRUE
"thoracic-abdominal","abdomen",0.0000542294708220241,"wing",TRUE
"enteric","antenna",0.0000983312145749767,"wing",TRUE
"reproductive","proboscis",0.000132966241268469,"wing",TRUE
"thorax","neck",0.000192098282553083,"wing",TRUE
"pharynx","enteric",0.000383841738823746,"wing",TRUE
"reproductive","body chordotonal",0.000832067534016712,"wing",TRUE
"hind leg","hemolymph",0.0036858645337811,"wing",TRUE
"enteric","abdomen",0.00398992149386482,"wing",TRUE
"thoracic-abdominal","haltere",0.00465849528249175,"wing",TRUE
"hemolymph","enteric",0.0087959564169049,"wing",TRUE
"pharynx","abdomen",0.00909171703064011,"wing",TRUE
"front leg","enteric",0.0100135034284577,"wing",TRUE
"proboscis","hemolymph",0.0172666741292829,"wing",TRUE
"thoracic-abdominal","hemolymph",0.0316515196380071,"wing",TRUE
"proboscis","pharynx",0.0536573229238841,"wing",FALSE
"neck","antenna",0.0655623685331487,"wing",FALSE
"neck","front leg",0.0756805618754761,"wing",FALSE
"wing","thorax",0.108209970734726,"wing",FALSE
"pharynx","antenna",0.147167313323736,"wing",FALSE
"thorax","thoracic-abdominal",0.147167313323736,"wing",FALSE
"thoracic-abdominal","middle leg",0.184715697675403,"wing",FALSE
"pharynx","hemolymph",0.273748877610915,"wing",FALSE
"haltere","eye",0.372967675208492,"wing",FALSE
"neck","hemolymph",0.372967675208492,"wing",FALSE
"proboscis","enteric",0.389249345264162,"wing",FALSE
"pharynx","front leg",0.414382960151785,"wing",FALSE
"middle leg","hemolymph",0.469276653745058,"wing",FALSE
"neck","hind leg",0.469276653745058,"wing",FALSE
"reproductive","enteric",0.572882816203513,"wing",FALSE
"neck","abdomen",0.955158726921599,"wing",FALSE
"thoracic-abdominal","hind leg",0.986380364683035,"wing",FALSE
"antenna","abdomen",1,"wing",FALSE
"front leg","abdomen",1,"wing",FALSE
"hemolymph","abdomen",1,"wing",FALSE
"front leg","antenna",1,"wing",FALSE
"hemolymph","antenna",1,"wing",FALSE
"head","body chordotonal",1,"wing",FALSE
"thorax","eye",1,"wing",FALSE
"wing","eye",1,"wing",FALSE
"hemolymph","front leg",1,"wing",FALSE
"thorax","haltere",1,"wing",FALSE
"middle leg","hind leg",1,"wing",FALSE
"neck","middle leg",1,"wing",FALSE
"thoracic-abdominal","neck",1,"wing",FALSE
"hind leg","head",0.0000000000000000000000000000000000000000000000000000000000000000000000000000000000000135574873877824,"haltere",TRUE
"wing","head",0.00000000000000000000000000000000000000000000000000000000000000000000000000000101347858792309,"haltere",TRUE
"middle leg","head",0.000000000000000000000000000000000000000000000000000000000000000000225043009499434,"haltere",TRUE
"head","antenna",0.00000000000000000000000000000000000274345412635006,"haltere",TRUE
"wing","proboscis",0.00000000000000000000000000000313713243120127,"haltere",TRUE
"head","front leg",0.0000000000000000000000000000370709306847928,"haltere",TRUE
"wing","reproductive",0.00000000000000000000000000279084927753683,"haltere",TRUE
"wing","antenna",0.00000000000000000000000000537723005160925,"haltere",TRUE
"head","haltere",0.0000000000000000000000000574560368338366,"haltere",TRUE
"wing","pharynx",0.0000000000000000000000000756006655855968,"haltere",TRUE
"wing","front leg",0.000000000000000000000000961290628109988,"haltere",TRUE
"proboscis","head",0.00000000000000000000000472185507270267,"haltere",TRUE
"pharynx","head",0.00000000000000000000000807982061801282,"haltere",TRUE
"wing","abdomen",0.0000000000000000000000118357385516356,"haltere",TRUE
"wing","thoracic-abdominal",0.0000000000000000000345091601413119,"haltere",TRUE
"wing","body chordotonal",0.0000000000000000000407024079108985,"haltere",TRUE
"haltere","front leg",0.000000000000000000128483614495711,"haltere",TRUE
"reproductive","hind leg",0.00000000000000000213437581083053,"haltere",TRUE
"wing","enteric",0.0000000000000000361453650369383,"haltere",TRUE
"hind leg","body chordotonal",0.00000000000000126491953355323,"haltere",TRUE
"neck","head",0.00000000000000237779704075946,"haltere",TRUE
"haltere","antenna",0.00000000000000331178066295824,"haltere",TRUE
"middle leg","haltere",0.00000000000000934196078572929,"haltere",TRUE
"proboscis","hind leg",0.0000000000000133280260632266,"haltere",TRUE
"reproductive","middle leg",0.0000000000000167267843463309,"haltere",TRUE
"haltere","abdomen",0.0000000000000552600608811823,"haltere",TRUE
"hind leg","haltere",0.000000000000110372213713531,"haltere",TRUE
"reproductive","haltere",0.000000000000203946864881051,"haltere",TRUE
"wing","hemolymph",0.000000000000251754698596223,"haltere",TRUE
"proboscis","haltere",0.000000000000371777583164433,"haltere",TRUE
"middle leg","body chordotonal",0.000000000000405253019141293,"haltere",TRUE
"head","eye",0.000000000000572581673884504,"haltere",TRUE
"thoracic-abdominal","hind leg",0.000000000000572581673884504,"haltere",TRUE
"wing","middle leg",0.00000000000114086786988566,"haltere",TRUE
"hind leg","enteric",0.00000000000560568064123532,"haltere",TRUE
"pharynx","hind leg",0.00000000000908826563545263,"haltere",TRUE
"haltere","body chordotonal",0.0000000000110215214890859,"haltere",TRUE
"pharynx","haltere",0.0000000000110215214890859,"haltere",TRUE
"head","abdomen",0.0000000000282461552471213,"haltere",TRUE
"hind leg","abdomen",0.0000000000329267970917541,"haltere",TRUE
"wing","hind leg",0.000000000050295808970363,"haltere",TRUE
"thoracic-abdominal","middle leg",0.000000000158355973979547,"haltere",TRUE
"thorax","head",0.000000000373361737651469,"haltere",TRUE
"proboscis","eye",0.000000000398520116860269,"haltere",TRUE
"proboscis","middle leg",0.000000000440095925444748,"haltere",TRUE
"middle leg","enteric",0.00000000049836940269405,"haltere",TRUE
"pharynx","eye",0.00000000116022376434381,"haltere",TRUE
"eye","abdomen",0.00000000167216691836789,"haltere",TRUE
"reproductive","eye",0.0000000021566600316195,"haltere",TRUE
"hind leg","antenna",0.00000000282707907970814,"haltere",TRUE
"eye","body chordotonal",0.00000000391029965495856,"haltere",TRUE
"body chordotonal","antenna",0.00000000452148227251842,"haltere",TRUE
"thoracic-abdominal","haltere",0.00000000486417667141451,"haltere",TRUE
"eye","antenna",0.00000000944723354707909,"haltere",TRUE
"wing","neck",0.0000000117983863552183,"haltere",TRUE
"thoracic-abdominal","eye",0.0000000198850779138265,"haltere",TRUE
"pharynx","middle leg",0.0000000495754411912666,"haltere",TRUE
"middle leg","abdomen",0.0000000504829371568316,"haltere",TRUE
"thorax","body chordotonal",0.0000000701090131448694,"haltere",TRUE
"eye","enteric",0.000000126120046303062,"haltere",TRUE
"haltere","enteric",0.00000016963323975874,"haltere",TRUE
"hind leg","hemolymph",0.000000179650233885796,"haltere",TRUE
"front leg","eye",0.000000198670835220088,"haltere",TRUE
"hemolymph","haltere",0.000000212721366893502,"haltere",TRUE
"reproductive","antenna",0.000000349782843107859,"haltere",TRUE
"neck","body chordotonal",0.000000500073924208185,"haltere",TRUE
"front leg","body chordotonal",0.000000511413941987534,"haltere",TRUE
"hind leg","front leg",0.00000080507477966221,"haltere",TRUE
"hemolymph","eye",0.00000122715663088894,"haltere",TRUE
"enteric","antenna",0.00000131091947983384,"haltere",TRUE
"proboscis","body chordotonal",0.00000153815944126711,"haltere",TRUE
"pharynx","enteric",0.00000184590831812705,"haltere",TRUE
"pharynx","body chordotonal",0.00000474798678960072,"haltere",TRUE
"wing","haltere",0.00000899205326171975,"haltere",TRUE
"thoracic-abdominal","antenna",0.00000981849653742322,"haltere",TRUE
"proboscis","enteric",0.0000102283124875714,"haltere",TRUE
"middle leg","hemolymph",0.0000106840374200675,"haltere",TRUE
"middle leg","antenna",0.0000173827803309792,"haltere",TRUE
"neck","eye",0.0000179373263167979,"haltere",TRUE
"neck","haltere",0.0000180068935338277,"haltere",TRUE
"thorax","haltere",0.0000223296066345069,"haltere",TRUE
"neck","enteric",0.0000255212531420974,"haltere",TRUE
"reproductive","neck",0.0000358946830824644,"haltere",TRUE
"hind leg","eye",0.0000441511938376809,"haltere",TRUE
"thoracic-abdominal","pharynx",0.0000441511938376809,"haltere",TRUE
"middle leg","eye",0.0000470137583641012,"haltere",TRUE
"thorax","reproductive",0.0000496220399437009,"haltere",TRUE
"reproductive","front leg",0.0000557234760341532,"haltere",TRUE
"reproductive","pharynx",0.000119202084963435,"haltere",TRUE
"thoracic-abdominal","neck",0.000156258383058392,"haltere",TRUE
"reproductive","proboscis",0.000189969358449356,"haltere",TRUE
"thoracic-abdominal","proboscis",0.000283836754795401,"haltere",TRUE
"middle leg","front leg",0.000464441930417717,"haltere",TRUE
"front leg","enteric",0.00140342687473387,"haltere",TRUE
"thoracic-abdominal","front leg",0.00248500948946935,"haltere",TRUE
"thorax","abdomen",0.00504119698420077,"haltere",TRUE
"enteric","abdomen",0.00639559320324714,"haltere",TRUE
"thorax","enteric",0.00980497438440058,"haltere",TRUE
"thorax","thoracic-abdominal",0.012729256091139,"haltere",TRUE
"hemolymph","antenna",0.0167751805847941,"haltere",TRUE
"thorax","front leg",0.0201331546908072,"haltere",TRUE
"front leg","abdomen",0.0213130526624618,"haltere",TRUE
"body chordotonal","abdomen",0.0303784126458283,"haltere",TRUE
"thorax","hemolymph",0.0318904975283034,"haltere",TRUE
"neck","hemolymph",0.0410296349904005,"haltere",TRUE
"hemolymph","body chordotonal",0.0633640949435656,"haltere",FALSE
"thoracic-abdominal","body chordotonal",0.0633640949435656,"haltere",FALSE
"pharynx","hemolymph",0.0633640949435656,"haltere",FALSE
"thorax","proboscis",0.0849210207757188,"haltere",FALSE
"neck","hind leg",0.0892600057801994,"haltere",FALSE
"proboscis","hemolymph",0.127720799092478,"haltere",FALSE
"thoracic-abdominal","abdomen",0.135905473175828,"haltere",FALSE
"thorax","antenna",0.135905473175828,"haltere",FALSE
"reproductive","body chordotonal",0.135905473175828,"haltere",FALSE
"proboscis","front leg",0.135905473175828,"haltere",FALSE
"reproductive","abdomen",0.147385829029205,"haltere",FALSE
"hemolymph","front leg",0.147385829029205,"haltere",FALSE
"thorax","pharynx",0.147385829029205,"haltere",FALSE
"thorax","eye",0.205971577523535,"haltere",FALSE
"wing","thorax",0.217761023348748,"haltere",FALSE
"hemolymph","head",0.260344495174843,"haltere",FALSE
"proboscis","antenna",0.38583006463751,"haltere",FALSE
"pharynx","front leg",0.39355869302484,"haltere",FALSE
"thoracic-abdominal","head",0.39355869302484,"haltere",FALSE
"enteric","body chordotonal",0.456812607246684,"haltere",FALSE
"proboscis","neck",0.456812607246684,"haltere",FALSE
"neck","middle leg",0.535831356963815,"haltere",FALSE
"antenna","abdomen",0.56862464693224,"haltere",FALSE
"neck","abdomen",0.56862464693224,"haltere",FALSE
"head","body chordotonal",0.56862464693224,"haltere",FALSE
"wing","eye",0.56862464693224,"haltere",FALSE
"pharynx","neck",0.670927129575149,"haltere",FALSE
"pharynx","antenna",0.727165080059957,"haltere",FALSE
"reproductive","head",0.742649124924586,"haltere",FALSE
"hemolymph","abdomen",1,"haltere",FALSE
"pharynx","abdomen",1,"haltere",FALSE
"proboscis","abdomen",1,"haltere",FALSE
"front leg","antenna",1,"haltere",FALSE
"neck","antenna",1,"haltere",FALSE
"head","enteric",1,"haltere",FALSE
"hemolymph","enteric",1,"haltere",FALSE
"reproductive","enteric",1,"haltere",FALSE
"thoracic-abdominal","enteric",1,"haltere",FALSE
"haltere","eye",1,"haltere",FALSE
"neck","front leg",1,"haltere",FALSE
"reproductive","hemolymph",1,"haltere",FALSE
"thoracic-abdominal","hemolymph",1,"haltere",FALSE
"middle leg","hind leg",1,"haltere",FALSE
"thorax","hind leg",1,"haltere",FALSE
"thorax","middle leg",1,"haltere",FALSE
"thorax","neck",1,"haltere",FALSE
"proboscis","pharynx",1,"haltere",FALSE
"thoracic-abdominal","reproductive",1,"haltere",FALSE
"head","front leg",0,"front leg",TRUE
"hind leg","head",0,"front leg",TRUE
"middle leg","head",0,"front leg",TRUE
"proboscis","head",0,"front leg",TRUE
"pharynx","head",0.000000000000000000000000000000000000000000000000000000000000000000000000000000000000000000000000000000000000000000000000000000000000000000000000000000000000000000000000000000000000000000000000000000000000000000000000000000000000000323676677055534,"front leg",TRUE
"hind leg","antenna",0.00000000000000000000000000000000000000000000000000000000000000000000000000000000000000000000000000000000000000000000000000000000000000000000000000000000000000000000000000000000000000000000000000000000780428260728878,"front leg",TRUE
"front leg","antenna",0.00000000000000000000000000000000000000000000000000000000000000000000000000000000000000000000000000000000000000000000000000000000000000000000000000000000000000000000000000000000000000000000322163968971641,"front leg",TRUE
"thoracic-abdominal","hind leg",0.0000000000000000000000000000000000000000000000000000000000000000000000000000000000000000000000000000000000000000000000000000000000000000000000000000000000000000000000199068642542395,"front leg",TRUE
"middle leg","antenna",0.000000000000000000000000000000000000000000000000000000000000000000000000000000000000000000000000000000000000000000000000000000000000000000000000000000000000000000000150060400413317,"front leg",TRUE
"thoracic-abdominal","proboscis",0.000000000000000000000000000000000000000000000000000000000000000000000000000000000000000000000000000000000000000000000000000000000000000000000000000000000000000000336206836798131,"front leg",TRUE
"wing","head",0.0000000000000000000000000000000000000000000000000000000000000000000000000000000000000000000000000000000000000000000000000000000000000000000000000000000291841102834555,"front leg",TRUE
"thoracic-abdominal","pharynx",0.00000000000000000000000000000000000000000000000000000000000000000000000000000000000000000000000000000000000000000000000000000000000000000000000000002569765509377,"front leg",TRUE
"proboscis","antenna",0.000000000000000000000000000000000000000000000000000000000000000000000000000000000000000000000000000000000000000000000000000000000000000000000000000705580139877787,"front leg",TRUE
"reproductive","hind leg",0.00000000000000000000000000000000000000000000000000000000000000000000000000000000000000000000000000000000000000000000000000000000000000000000000000322813853952388,"front leg",TRUE
"thoracic-abdominal","middle leg",0.000000000000000000000000000000000000000000000000000000000000000000000000000000000000000000000000000000000000000000000000000000000000000000000000125391439977359,"front leg",TRUE
"reproductive","proboscis",0.00000000000000000000000000000000000000000000000000000000000000000000000000000000000000000000000000000000000000000000000000000000000000000000213078078898288,"front leg",TRUE
"wing","front leg",0.00000000000000000000000000000000000000000000000000000000000000000000000000000000000000000000000000000000000000000000000000000000000000000012025912567848,"front leg",TRUE
"hind leg","front leg",0.00000000000000000000000000000000000000000000000000000000000000000000000000000000000000000000000000000000000000000000000000000000000000000715849773485111,"front leg",TRUE
"hind leg","haltere",0.000000000000000000000000000000000000000000000000000000000000000000000000000000000000000000000000000000000000000000000000000000000000156174168143307,"front leg",TRUE
"haltere","front leg",0.000000000000000000000000000000000000000000000000000000000000000000000000000000000000000000000000000000000000000000000000000000000000859104250513486,"front leg",TRUE
"proboscis","haltere",0.0000000000000000000000000000000000000000000000000000000000000000000000000000000000000000000000000000000000000000000000000000161739464278675,"front leg",TRUE
"reproductive","middle leg",0.00000000000000000000000000000000000000000000000000000000000000000000000000000000000000000000000000000000000000000000000000363978682228804,"front leg",TRUE
"front leg","abdomen",0.00000000000000000000000000000000000000000000000000000000000000000000000000000000000000000000000000000000000000000000000000961570392174772,"front leg",TRUE
"middle leg","haltere",0.0000000000000000000000000000000000000000000000000000000000000000000000000000000000000000000000000000000000000000000000000929645624473597,"front leg",TRUE
"reproductive","front leg",0.00000000000000000000000000000000000000000000000000000000000000000000000000000000000000000000000000000000000000000144576312415347,"front leg",TRUE
"thoracic-abdominal","neck",0.000000000000000000000000000000000000000000000000000000000000000000000000000000000000000000000000000000000000000834239383581984,"front leg",TRUE
"neck","head",0.0000000000000000000000000000000000000000000000000000000000000000000000000000000000000000000000000000000000000020563863475443,"front leg",TRUE
"proboscis","enteric",0.00000000000000000000000000000000000000000000000000000000000000000000000000000000000000000000000000000000000000328693512334998,"front leg",TRUE
"wing","thoracic-abdominal",0.000000000000000000000000000000000000000000000000000000000000000000000000000000000000000000000000000000000315623636473976,"front leg",TRUE
"hind leg","body chordotonal",0.000000000000000000000000000000000000000000000000000000000000000000000000000000000000000000000000000000127935529910271,"front leg",TRUE
"thoracic-abdominal","front leg",0.0000000000000000000000000000000000000000000000000000000000000000000000000000000000000000000000000000103848502893248,"front leg",TRUE
"proboscis","body chordotonal",0.0000000000000000000000000000000000000000000000000000000000000000000000000000000000000000000000000000393886750496243,"front leg",TRUE
"reproductive","pharynx",0.000000000000000000000000000000000000000000000000000000000000000000000000000000000000000000000000000534205965127469,"front leg",TRUE
"proboscis","hemolymph",0.00000000000000000000000000000000000000000000000000000000000000000000000000000000000000000000146071336339067,"front leg",TRUE
"middle leg","body chordotonal",0.0000000000000000000000000000000000000000000000000000000000000000000000000000000000000000000935224843951696,"front leg",TRUE
"pharynx","enteric",0.000000000000000000000000000000000000000000000000000000000000000000000000000000000000000000181955564004008,"front leg",TRUE
"front leg","body chordotonal",0.00000000000000000000000000000000000000000000000000000000000000000000000000000000000000000130177228474509,"front leg",TRUE
"wing","middle leg",0.0000000000000000000000000000000000000000000000000000000000000000000000000000000000000000608734155499997,"front leg",TRUE
"middle leg","front leg",0.00000000000000000000000000000000000000000000000000000000000000000000000000000000000000555826767003138,"front leg",TRUE
"wing","hind leg",0.00000000000000000000000000000000000000000000000000000000000000000000000000000000000000607569674178647,"front leg",TRUE
"hind leg","enteric",0.000000000000000000000000000000000000000000000000000000000000000000000000000000000000056043351052266,"front leg",TRUE
"hind leg","hemolymph",0.0000000000000000000000000000000000000000000000000000000000000000000000000000000000612214935490469,"front leg",TRUE
"pharynx","haltere",0.000000000000000000000000000000000000000000000000000000000000000000000000000000000205516175550517,"front leg",TRUE
"hind leg","abdomen",0.000000000000000000000000000000000000000000000000000000000000000000000000000000000226537099816777,"front leg",TRUE
"middle leg","abdomen",0.00000000000000000000000000000000000000000000000000000000000000000000000000000000314069435176145,"front leg",TRUE
"pharynx","body chordotonal",0.00000000000000000000000000000000000000000000000000000000000000000000000000000000555195118487548,"front leg",TRUE
"thoracic-abdominal","enteric",0.000000000000000000000000000000000000000000000000000000000000000000000000000000120542234679614,"front leg",TRUE
"thorax","thoracic-abdominal",0.00000000000000000000000000000000000000000000000000000000000000000000000000000112088972138459,"front leg",TRUE
"pharynx","antenna",0.0000000000000000000000000000000000000000000000000000000000000000000000000000516009508549677,"front leg",TRUE
"head","eye",0.00000000000000000000000000000000000000000000000000000000000000000000000000140562277075342,"front leg",TRUE
"wing","proboscis",0.0000000000000000000000000000000000000000000000000000000000000000000000000166804065208616,"front leg",TRUE
"pharynx","front leg",0.0000000000000000000000000000000000000000000000000000000000000000000000000806710218539996,"front leg",TRUE
"middle leg","enteric",0.000000000000000000000000000000000000000000000000000000000000000000000000244514773587591,"front leg",TRUE
"pharynx","hemolymph",0.00000000000000000000000000000000000000000000000000000000000000000000000252187639109079,"front leg",TRUE
"proboscis","abdomen",0.000000000000000000000000000000000000000000000000000000000000000000000587825117808419,"front leg",TRUE
"middle leg","hemolymph",0.000000000000000000000000000000000000000000000000000000000000000000000640269669035116,"front leg",TRUE
"head","antenna",0.000000000000000000000000000000000000000000000000000000000000000894757039490794,"front leg",TRUE
"thoracic-abdominal","eye",0.0000000000000000000000000000000000000000000000000000000000000325271747131356,"front leg",TRUE
"thorax","front leg",0.0000000000000000000000000000000000000000000000000000000000000840191450689045,"front leg",TRUE
"reproductive","eye",0.0000000000000000000000000000000000000000000000000000000000000925620165001451,"front leg",TRUE
"eye","antenna",0.000000000000000000000000000000000000000000000000000000000000244591562016197,"front leg",TRUE
"hemolymph","front leg",0.000000000000000000000000000000000000000000000000000000000178611853862884,"front leg",TRUE
"front leg","enteric",0.000000000000000000000000000000000000000000000000000000000818885036662677,"front leg",TRUE
"haltere","eye",0.0000000000000000000000000000000000000000000000000000000180148131026834,"front leg",TRUE
"thorax","head",0.0000000000000000000000000000000000000000000000000000000350495757804405,"front leg",TRUE
"eye","enteric",0.000000000000000000000000000000000000000000000000000000962341506708093,"front leg",TRUE
"thoracic-abdominal","antenna",0.00000000000000000000000000000000000000000000000000000814736598740376,"front leg",TRUE
"eye","body chordotonal",0.0000000000000000000000000000000000000000000000000000204951614626516,"front leg",TRUE
"proboscis","front leg",0.0000000000000000000000000000000000000000000000000000424968257431803,"front leg",TRUE
"hemolymph","eye",0.00000000000000000000000000000000000000000000000000452264141616916,"front leg",TRUE
"neck","front leg",0.00000000000000000000000000000000000000000000000000605529900557779,"front leg",TRUE
"eye","abdomen",0.000000000000000000000000000000000000000000000000162240627787472,"front leg",TRUE
"reproductive","neck",0.0000000000000000000000000000000000000000000000274437411319522,"front leg",TRUE
"thoracic-abdominal","abdomen",0.000000000000000000000000000000000000000000000106941971856851,"front leg",TRUE
"neck","enteric",0.000000000000000000000000000000000000000000000234829837034468,"front leg",TRUE
"wing","eye",0.000000000000000000000000000000000000000000000410846231572339,"front leg",TRUE
"thorax","proboscis",0.0000000000000000000000000000000000000000000373707560726903,"front leg",TRUE
"wing","body chordotonal",0.000000000000000000000000000000000000000000105604303711546,"front leg",TRUE
"thoracic-abdominal","haltere",0.000000000000000000000000000000000000000000222359909224505,"front leg",TRUE
"head","abdomen",0.000000000000000000000000000000000000000000537484712963278,"front leg",TRUE
"neck","body chordotonal",0.00000000000000000000000000000000000000000791688368445491,"front leg",TRUE
"thorax","middle leg",0.0000000000000000000000000000000000000000377661763334091,"front leg",TRUE
"thorax","eye",0.00000000000000000000000000000000000175028339781976,"front leg",TRUE
"pharynx","eye",0.00000000000000000000000000000000000345159470651026,"front leg",TRUE
"thorax","hind leg",0.00000000000000000000000000000000000634335795235447,"front leg",TRUE
"wing","reproductive",0.00000000000000000000000000000000000643960439775544,"front leg",TRUE
"neck","hemolymph",0.0000000000000000000000000000000000157152312982829,"front leg",TRUE
"neck","eye",0.00000000000000000000000000000000416857234163146,"front leg",TRUE
"proboscis","neck",0.0000000000000000000000000000000317899976420521,"front leg",TRUE
"neck","haltere",0.000000000000000000000000000000190756852793094,"front leg",TRUE
"body chordotonal","antenna",0.0000000000000000000000000000307736219149411,"front leg",TRUE
"thoracic-abdominal","reproductive",0.000000000000000000000000000214080449164362,"front leg",TRUE
"pharynx","abdomen",0.00000000000000000000000000160003468176858,"front leg",TRUE
"wing","pharynx",0.00000000000000000000000000425270939612032,"front leg",TRUE
"neck","middle leg",0.00000000000000000000000007324192129078,"front leg",TRUE
"neck","hind leg",0.00000000000000000000000164001519608826,"front leg",TRUE
"thorax","body chordotonal",0.0000000000000000000000110148790716021,"front leg",TRUE
"wing","hemolymph",0.0000000000000000000000110148790716021,"front leg",TRUE
"thoracic-abdominal","hemolymph",0.000000000000000000000193121868677804,"front leg",TRUE
"pharynx","middle leg",0.000000000000000000000499936791537554,"front leg",TRUE
"head","enteric",0.000000000000000000000611559867396553,"front leg",TRUE
"hind leg","eye",0.000000000000000000000660158738564307,"front leg",TRUE
"wing","haltere",0.000000000000000000000751079607410977,"front leg",TRUE
"thorax","pharynx",0.00000000000000000000091909159137417,"front leg",TRUE
"head","haltere",0.000000000000000000038427203143653,"front leg",TRUE
"neck","antenna",0.000000000000000000219441323441274,"front leg",TRUE
"wing","enteric",0.000000000000000000277589716657629,"front leg",TRUE
"proboscis","pharynx",0.00000000000000000251101365522788,"front leg",TRUE
"pharynx","hind leg",0.0000000000000000057737039173097,"front leg",TRUE
"proboscis","eye",0.000000000000000328719981915769,"front leg",TRUE
"wing","antenna",0.00000000000000464096956083359,"front leg",TRUE
"thorax","reproductive",0.00000000000000877530144685237,"front leg",TRUE
"body chordotonal","abdomen",0.0000000000000131846906361658,"front leg",TRUE
"thorax","hemolymph",0.0000000000000901153287246307,"front leg",TRUE
"haltere","body chordotonal",0.0000000000120178952128642,"front leg",TRUE
"hemolymph","abdomen",0.000000000118631833196001,"front leg",TRUE
"reproductive","antenna",0.000000000118631833196001,"front leg",TRUE
"reproductive","abdomen",0.000000000460023538493212,"front leg",TRUE
"pharynx","neck",0.000000000800855530923881,"front leg",TRUE
"thoracic-abdominal","head",0.000000000883252735323159,"front leg",TRUE
"reproductive","body chordotonal",0.0000000016194574088473,"front leg",TRUE
"middle leg","hind leg",0.0000000016194574088473,"front leg",TRUE
"enteric","abdomen",0.0000000132991878583249,"front leg",TRUE
"middle leg","eye",0.0000000789681218211963,"front leg",TRUE
"hemolymph","head",0.000000221921944553191,"front leg",TRUE
"hemolymph","body chordotonal",0.000000643886721909879,"front leg",TRUE
"thorax","neck",0.000000854549133239047,"front leg",TRUE
"thorax","haltere",0.00000236485963027406,"front leg",TRUE
"head","body chordotonal",0.00000442080045638738,"front leg",TRUE
"thorax","enteric",0.00000442080045638738,"front leg",TRUE
"enteric","antenna",0.00000478971534784382,"front leg",TRUE
"hemolymph","antenna",0.00000478971534784382,"front leg",TRUE
"reproductive","head",0.00000583168269530375,"front leg",TRUE
"neck","abdomen",0.000052425696464852,"front leg",TRUE
"haltere","antenna",0.0000542518752281559,"front leg",TRUE
"haltere","abdomen",0.000155114452763102,"front leg",TRUE
"enteric","body chordotonal",0.000233449620568886,"front leg",TRUE
"front leg","eye",0.00063590843211905,"front leg",TRUE
"thorax","antenna",0.000820348000976325,"front leg",TRUE
"wing","neck",0.00133291206512428,"front leg",TRUE
"reproductive","enteric",0.0241449823398403,"front leg",TRUE
"wing","abdomen",0.0307720005339721,"front leg",TRUE
"antenna","abdomen",0.0586193918297267,"front leg",FALSE
"reproductive","haltere",0.0617263672166805,"front leg",FALSE
"hemolymph","enteric",0.0883074512492218,"front leg",FALSE
"hemolymph","haltere",0.100940449963735,"front leg",FALSE
"proboscis","middle leg",0.298964738824162,"front leg",FALSE
"haltere","enteric",0.356956391838648,"front leg",FALSE
"wing","thorax",0.780267530246038,"front leg",FALSE
"proboscis","hind leg",0.820390644794589,"front leg",FALSE
"thorax","abdomen",0.998661505269383,"front leg",FALSE
"thoracic-abdominal","body chordotonal",0.998661505269383,"front leg",FALSE
"reproductive","hemolymph",0.998661505269383,"front leg",FALSE
"middle leg","antenna",0,"middle leg",TRUE
"hind leg","head",0,"middle leg",TRUE
"middle leg","head",0,"middle leg",TRUE
"hind leg","antenna",0.0000000000000000000000000000000000000000000000000000000000000000000000000000000000000000000000000000000000000000000000000000000000000000000000000000000000000000000000000000000000000000000000000000000000000000000000000000000000000000000000000000000000000000000000000000000000000000000000000000000000000000256045060838053,"middle leg",TRUE
"wing","head",0.00000000000000000000000000000000000000000000000000000000000000000000000000000000000000000000000000000000000000000000000000000000000000000000000000000000000000000000000000000000000000000000000000000000000000000000000000000000000000000000000000000000000000000000000000000000000000012711054623771,"middle leg",TRUE
"head","front leg",0.000000000000000000000000000000000000000000000000000000000000000000000000000000000000000000000000000000000000000000000000000000000000000000000000000000000000000000000000000000000000000000000000000000000000000000000000000000000000000000000000000000000000000000000000000000000000313639688370593,"middle leg",TRUE
"proboscis","head",0.0000000000000000000000000000000000000000000000000000000000000000000000000000000000000000000000000000000000000000000000000000000000000000000000000000000000000000000000000000000000000000000000000000000000000000000000000000000000000000000000000000000000000000000169572861810195,"middle leg",TRUE
"wing","middle leg",0.0000000000000000000000000000000000000000000000000000000000000000000000000000000000000000000000000000000000000000000000000000000000000000000000000000000000000000000000000000000000000000000000000000000000000000000000000000000000000000000000000000000000425756852923976,"middle leg",TRUE
"middle leg","front leg",0.00000000000000000000000000000000000000000000000000000000000000000000000000000000000000000000000000000000000000000000000000000000000000000000000000000000000000000000000000000000000000000000000000000000000000000000000147765983227094,"middle leg",TRUE
"pharynx","head",0.000000000000000000000000000000000000000000000000000000000000000000000000000000000000000000000000000000000000000000000000000000000000000000000000000000000000000000000000000000000000000000000000000000000000090748667794321,"middle leg",TRUE
"middle leg","abdomen",0.00000000000000000000000000000000000000000000000000000000000000000000000000000000000000000000000000000000000000000000000000000000000000000000000000000000000000000000000000000000000000000000000000000000000351381913963328,"middle leg",TRUE
"middle leg","haltere",0.0000000000000000000000000000000000000000000000000000000000000000000000000000000000000000000000000000000000000000000000000000000000000000000000000000000000000000000000000000000000000000000000000000000000340262449321697,"middle leg",TRUE
"proboscis","middle leg",0.00000000000000000000000000000000000000000000000000000000000000000000000000000000000000000000000000000000000000000000000000000000000000000000000000000000000000000000000000000000000000000000000000000108438235682325,"middle leg",TRUE
"pharynx","middle leg",0.00000000000000000000000000000000000000000000000000000000000000000000000000000000000000000000000000000000000000000000000000000000000000000000000000000000000000000000000000000000000000000000000107167888269845,"middle leg",TRUE
"thoracic-abdominal","hind leg",0.00000000000000000000000000000000000000000000000000000000000000000000000000000000000000000000000000000000000000000000000000000000000000000000000000000000000000000000000000000000000000093433028305878,"middle leg",TRUE
"reproductive","middle leg",0.000000000000000000000000000000000000000000000000000000000000000000000000000000000000000000000000000000000000000000000000000000000000000000000000000000000000000000000000000266392981171518,"middle leg",TRUE
"middle leg","hind leg",0.00000000000000000000000000000000000000000000000000000000000000000000000000000000000000000000000000000000000000000000000000000000000000000000000000000000000000000000000000731064866306201,"middle leg",TRUE
"pharynx","hind leg",0.0000000000000000000000000000000000000000000000000000000000000000000000000000000000000000000000000000000000000000000000000000000000000000000000000000000000000000000000000990988194194215,"middle leg",TRUE
"thoracic-abdominal","middle leg",0.00000000000000000000000000000000000000000000000000000000000000000000000000000000000000000000000000000000000000000000000000000000000000000000000000000000000000811911422399005,"middle leg",TRUE
"hind leg","haltere",0.0000000000000000000000000000000000000000000000000000000000000000000000000000000000000000000000000000000000000000000000000000000000000000000000000000000000000334190447200574,"middle leg",TRUE
"hind leg","abdomen",0.000000000000000000000000000000000000000000000000000000000000000000000000000000000000000000000000000000000000000000000000000000000000000000000000000000000261435560306599,"middle leg",TRUE
"reproductive","hind leg",0.00000000000000000000000000000000000000000000000000000000000000000000000000000000000000000000000000000000000000000000000000000000000000000000000000000000147956069273692,"middle leg",TRUE
"wing","thoracic-abdominal",0.0000000000000000000000000000000000000000000000000000000000000000000000000000000000000000000000000000000000000000000000000000000000000000000000000000000547032890170671,"middle leg",TRUE
"neck","head",0.000000000000000000000000000000000000000000000000000000000000000000000000000000000000000000000000000000000000000000000000000000000000000000000000000000434190595963997,"middle leg",TRUE
"wing","hind leg",0.00000000000000000000000000000000000000000000000000000000000000000000000000000000000000000000000000000000000000000000000000000000000000000000000000340875125448483,"middle leg",TRUE
"thoracic-abdominal","proboscis",0.0000000000000000000000000000000000000000000000000000000000000000000000000000000000000000000000000000000000000000000000000000000000000000000000706937626865616,"middle leg",TRUE
"thoracic-abdominal","pharynx",0.00000000000000000000000000000000000000000000000000000000000000000000000000000000000000000000000000000000000000000000000000000000000615964017444648,"middle leg",TRUE
"proboscis","hind leg",0.00000000000000000000000000000000000000000000000000000000000000000000000000000000000000000000000000000000000000000000000000608878170194656,"middle leg",TRUE
"neck","middle leg",0.00000000000000000000000000000000000000000000000000000000000000000000000000000000000000000000000000000000000000000000000834491810909201,"middle leg",TRUE
"middle leg","body chordotonal",0.00000000000000000000000000000000000000000000000000000000000000000000000000000000000000000000000000000000000000152870629107527,"middle leg",TRUE
"hind leg","body chordotonal",0.00000000000000000000000000000000000000000000000000000000000000000000000000000000000000000000000000000000000108365765912038,"middle leg",TRUE
"hind leg","enteric",0.0000000000000000000000000000000000000000000000000000000000000000000000000000000000000000000000000000000000034031052165616,"middle leg",TRUE
"thoracic-abdominal","neck",0.0000000000000000000000000000000000000000000000000000000000000000000000000000000000000000000000000000000000468519794823784,"middle leg",TRUE
"hind leg","hemolymph",0.000000000000000000000000000000000000000000000000000000000000000000000000000000000000000000000000000000000076710934988236,"middle leg",TRUE
"front leg","antenna",0.000000000000000000000000000000000000000000000000000000000000000000000000000000000000000000000000000000674340017861047,"middle leg",TRUE
"middle leg","hemolymph",0.0000000000000000000000000000000000000000000000000000000000000000000000000000000000000000000000000000165189841695495,"middle leg",TRUE
"middle leg","enteric",0.0000000000000000000000000000000000000000000000000000000000000000000000000000000000000000000000000000226374295066208,"middle leg",TRUE
"thorax","middle leg",0.000000000000000000000000000000000000000000000000000000000000000000000000000000000000000000000000000555194850356176,"middle leg",TRUE
"head","antenna",0.000000000000000000000000000000000000000000000000000000000000000000000000000000000000000000000000016992788359856,"middle leg",TRUE
"proboscis","enteric",0.000000000000000000000000000000000000000000000000000000000000000000000000000000000000000000135614653215723,"middle leg",TRUE
"thoracic-abdominal","front leg",0.00000000000000000000000000000000000000000000000000000000000000000000000000000000000000020288387885404,"middle leg",TRUE
"thorax","head",0.0000000000000000000000000000000000000000000000000000000000000000000000000000000000000069833246955479,"middle leg",TRUE
"thorax","thoracic-abdominal",0.0000000000000000000000000000000000000000000000000000000000000000000000000000000000000217860875357927,"middle leg",TRUE
"pharynx","enteric",0.000000000000000000000000000000000000000000000000000000000000000000000000000000000102786413506445,"middle leg",TRUE
"neck","hind leg",0.000000000000000000000000000000000000000000000000000000000000000000000000000000450156596412386,"middle leg",TRUE
"neck","enteric",0.000000000000000000000000000000000000000000000000000000000000000000000000000219264098343521,"middle leg",TRUE
"head","haltere",0.0000000000000000000000000000000000000000000000000000000000000000000000000686949836749486,"middle leg",TRUE
"head","eye",0.0000000000000000000000000000000000000000000000000000000000000000000300181785278519,"middle leg",TRUE
"wing","enteric",0.000000000000000000000000000000000000000000000000000000000000000000124165484797462,"middle leg",TRUE
"thoracic-abdominal","antenna",0.00000000000000000000000000000000000000000000000000000000000000554827902553766,"middle leg",TRUE
"front leg","body chordotonal",0.00000000000000000000000000000000000000000000000000000000000000776698921712978,"middle leg",TRUE
"proboscis","hemolymph",0.000000000000000000000000000000000000000000000000000000000000014502447455083,"middle leg",TRUE
"reproductive","front leg",0.0000000000000000000000000000000000000000000000000000000000000277823743788409,"middle leg",TRUE
"thoracic-abdominal","enteric",0.0000000000000000000000000000000000000000000000000000000000000624765190074754,"middle leg",TRUE
"head","abdomen",0.0000000000000000000000000000000000000000000000000000000000000990864693937336,"middle leg",TRUE
"thoracic-abdominal","eye",0.00000000000000000000000000000000000000000000000000000000167217738821029,"middle leg",TRUE
"front leg","abdomen",0.0000000000000000000000000000000000000000000000000000000144932504600427,"middle leg",TRUE
"reproductive","proboscis",0.0000000000000000000000000000000000000000000000000000000479501125339956,"middle leg",TRUE
"haltere","front leg",0.0000000000000000000000000000000000000000000000000000000511925434595648,"middle leg",TRUE
"wing","hemolymph",0.0000000000000000000000000000000000000000000000000000069172966544212,"middle leg",TRUE
"neck","hemolymph",0.000000000000000000000000000000000000000000000000000115320585563124,"middle leg",TRUE
"front leg","enteric",0.000000000000000000000000000000000000000000000000000261752410228745,"middle leg",TRUE
"thoracic-abdominal","haltere",0.00000000000000000000000000000000000000000000000000237236305148265,"middle leg",TRUE
"pharynx","hemolymph",0.0000000000000000000000000000000000000000000000000340552397439753,"middle leg",TRUE
"pharynx","front leg",0.0000000000000000000000000000000000000000000000000861515843579578,"middle leg",TRUE
"eye","enteric",0.000000000000000000000000000000000000000000000000659856672268491,"middle leg",TRUE
"wing","body chordotonal",0.00000000000000000000000000000000000000000000000907214255335093,"middle leg",TRUE
"thoracic-abdominal","abdomen",0.0000000000000000000000000000000000000000000000114631339525893,"middle leg",TRUE
"proboscis","body chordotonal",0.0000000000000000000000000000000000000000000000192008685553702,"middle leg",TRUE
"proboscis","antenna",0.000000000000000000000000000000000000000000000255828068612055,"middle leg",TRUE
"hemolymph","front leg",0.0000000000000000000000000000000000000000000021065281726703,"middle leg",TRUE
"thorax","hind leg",0.000000000000000000000000000000000000000000011651267314654,"middle leg",TRUE
"wing","antenna",0.000000000000000000000000000000000000000000054308091688355,"middle leg",TRUE
"wing","reproductive",0.0000000000000000000000000000000000000000000860724051583194,"middle leg",TRUE
"hemolymph","eye",0.000000000000000000000000000000000000000000262468342637925,"middle leg",TRUE
"neck","body chordotonal",0.0000000000000000000000000000000000000000247803992698809,"middle leg",TRUE
"eye","body chordotonal",0.0000000000000000000000000000000000000000497625121537997,"middle leg",TRUE
"reproductive","neck",0.000000000000000000000000000000000000000529711179571624,"middle leg",TRUE
"eye","antenna",0.00000000000000000000000000000000000000112357026876041,"middle leg",TRUE
"middle leg","eye",0.00000000000000000000000000000000000000391176118013228,"middle leg",TRUE
"pharynx","eye",0.00000000000000000000000000000000000190447759577716,"middle leg",TRUE
"reproductive","eye",0.00000000000000000000000000000000000592113743807896,"middle leg",TRUE
"thorax","body chordotonal",0.000000000000000000000000000000000112979492382714,"middle leg",TRUE
"reproductive","pharynx",0.000000000000000000000000000000000182803306672664,"middle leg",TRUE
"thorax","hemolymph",0.00000000000000000000000000000000126921753710533,"middle leg",TRUE
"hind leg","front leg",0.00000000000000000000000000000014256516000419,"middle leg",TRUE
"pharynx","body chordotonal",0.000000000000000000000000000000539176420674106,"middle leg",TRUE
"haltere","enteric",0.000000000000000000000000000000626000038741063,"middle leg",TRUE
"neck","antenna",0.0000000000000000000000000000112403476950061,"middle leg",TRUE
"thoracic-abdominal","reproductive",0.0000000000000000000000000000472016787109413,"middle leg",TRUE
"wing","front leg",0.000000000000000000000000000812573871734239,"middle leg",TRUE
"haltere","eye",0.00000000000000000000000000855606480478847,"middle leg",TRUE
"eye","abdomen",0.00000000000000000000000100192890953376,"middle leg",TRUE
"thorax","enteric",0.00000000000000000000000415215248341372,"middle leg",TRUE
"enteric","abdomen",0.0000000000000000000000126260817186298,"middle leg",TRUE
"proboscis","front leg",0.0000000000000000000000571311633780214,"middle leg",TRUE
"thorax","reproductive",0.00000000000000000000580783373356028,"middle leg",TRUE
"thorax","antenna",0.000000000000000000020205151392458,"middle leg",TRUE
"body chordotonal","antenna",0.000000000000000000743702890197013,"middle leg",TRUE
"reproductive","head",0.00000000000000000450132874919864,"middle leg",TRUE
"enteric","antenna",0.0000000000000000216334348837197,"middle leg",TRUE
"neck","front leg",0.000000000000000486806864150981,"middle leg",TRUE
"neck","eye",0.00000000000000234959061464591,"middle leg",TRUE
"hemolymph","haltere",0.00000000000000487570270107684,"middle leg",TRUE
"haltere","body chordotonal",0.00000000000000963286820819101,"middle leg",TRUE
"proboscis","eye",0.0000000000000515341660616409,"middle leg",TRUE
"thoracic-abdominal","head",0.0000000000000728543932566798,"middle leg",TRUE
"proboscis","haltere",0.000000000000226478265106198,"middle leg",TRUE
"hemolymph","abdomen",0.000000000000786425355709666,"middle leg",TRUE
"proboscis","pharynx",0.00000000000165230431537663,"middle leg",TRUE
"pharynx","neck",0.00000000000362286948193616,"middle leg",TRUE
"pharynx","antenna",0.00000000000412154230185314,"middle leg",TRUE
"wing","eye",0.00000000000448246198981357,"middle leg",TRUE
"hemolymph","antenna",0.0000000000174606663863366,"middle leg",TRUE
"body chordotonal","abdomen",0.0000000000198264609973443,"middle leg",TRUE
"hind leg","eye",0.0000000000207787391143761,"middle leg",TRUE
"wing","haltere",0.0000000000299521049437741,"middle leg",TRUE
"proboscis","abdomen",0.0000000000405364587347196,"middle leg",TRUE
"neck","haltere",0.00000000095582465930505,"middle leg",TRUE
"wing","pharynx",0.00000000140013629993505,"middle leg",TRUE
"wing","abdomen",0.00000000272113869391487,"middle leg",TRUE
"reproductive","haltere",0.00000000998206676833344,"middle leg",TRUE
"head","enteric",0.0000000141025483804062,"middle leg",TRUE
"thorax","haltere",0.0000000141326121699068,"middle leg",TRUE
"thoracic-abdominal","hemolymph",0.000000021471287196506,"middle leg",TRUE
"thorax","abdomen",0.000000108371389948902,"middle leg",TRUE
"thorax","front leg",0.000000518864270342928,"middle leg",TRUE
"reproductive","enteric",0.000000604989970691817,"middle leg",TRUE
"neck","abdomen",0.0000010485868357562,"middle leg",TRUE
"reproductive","body chordotonal",0.000001088469397967,"middle leg",TRUE
"thorax","pharynx",0.00000556283599184492,"middle leg",TRUE
"hemolymph","head",0.0000161672511658599,"middle leg",TRUE
"reproductive","antenna",0.0000199652642395066,"middle leg",TRUE
"reproductive","abdomen",0.0000383637952475626,"middle leg",TRUE
"thorax","eye",0.000287372137107458,"middle leg",TRUE
"antenna","abdomen",0.00845819823133056,"middle leg",TRUE
"haltere","antenna",0.0164266345018719,"middle leg",TRUE
"hemolymph","body chordotonal",0.0509568192362624,"middle leg",FALSE
"head","body chordotonal",0.984546628817023,"middle leg",FALSE
"haltere","abdomen",1,"middle leg",FALSE
"pharynx","abdomen",1,"middle leg",FALSE
"enteric","body chordotonal",1,"middle leg",FALSE
"thoracic-abdominal","body chordotonal",1,"middle leg",FALSE
"hemolymph","enteric",1,"middle leg",FALSE
"front leg","eye",1,"middle leg",FALSE
"pharynx","haltere",1,"middle leg",FALSE
"reproductive","hemolymph",1,"middle leg",FALSE
"proboscis","neck",1,"middle leg",FALSE
"thorax","neck",1,"middle leg",FALSE
"wing","neck",1,"middle leg",FALSE
"thorax","proboscis",1,"middle leg",FALSE
"wing","proboscis",1,"middle leg",FALSE
"wing","thorax",1,"middle leg",FALSE
"hind leg","antenna",0,"hind leg",TRUE
"hind leg","front leg",0,"hind leg",TRUE
"hind leg","head",0,"hind leg",TRUE
"middle leg","head",0,"hind leg",TRUE
"wing","head",0,"hind leg",TRUE
"proboscis","head",0.00000000000000000000000000000000000000000000000000000000000000000000000000000000000000000000000000000000000000000000000000000000000000000000000000000000000000000000000000000000000000000000000000000000000000000000000000000000000000000000000000000000000000000000000533625933982178,"hind leg",TRUE
"wing","hind leg",0.0000000000000000000000000000000000000000000000000000000000000000000000000000000000000000000000000000000000000000000000000000000000000000000000000000000000000000000000000000000000000000000000000000000000000000000000000000000000000000000000000000000000000703769853914034,"hind leg",TRUE
"head","front leg",0.00000000000000000000000000000000000000000000000000000000000000000000000000000000000000000000000000000000000000000000000000000000000000000000000000000000000000000000000000000000000000000000000000000000000000000000000000000000000000000000000000000000742805369135195,"hind leg",TRUE
"proboscis","hind leg",0.0000000000000000000000000000000000000000000000000000000000000000000000000000000000000000000000000000000000000000000000000000000000000000000000000000000000000000000000000000000000000000000000000000000000000000000000000000000000107547345683271,"hind leg",TRUE
"pharynx","hind leg",0.000000000000000000000000000000000000000000000000000000000000000000000000000000000000000000000000000000000000000000000000000000000000000000000000000000000000000000000000000000000000000000000000000000000000000000000000000000998830471418623,"hind leg",TRUE
"middle leg","hind leg",0.000000000000000000000000000000000000000000000000000000000000000000000000000000000000000000000000000000000000000000000000000000000000000000000000000000000000000000000000000000000000000000000000000000000000000000000000000067028676688936,"hind leg",TRUE
"middle leg","antenna",0.00000000000000000000000000000000000000000000000000000000000000000000000000000000000000000000000000000000000000000000000000000000000000000000000000000000000000000000000000000000000000000000000000000000000000000883954062639055,"hind leg",TRUE
"hind leg","haltere",0.00000000000000000000000000000000000000000000000000000000000000000000000000000000000000000000000000000000000000000000000000000000000000000000000000000000000000000000000000000000000000000000000000000000000840967440419367,"hind leg",TRUE
"pharynx","head",0.000000000000000000000000000000000000000000000000000000000000000000000000000000000000000000000000000000000000000000000000000000000000000000000000000000000000000000000000000000000000000000000000000000011886550806083,"hind leg",TRUE
"hind leg","abdomen",0.0000000000000000000000000000000000000000000000000000000000000000000000000000000000000000000000000000000000000000000000000000000000000000000000000000000000000000000000000000000000000000000000000715402542437552,"hind leg",TRUE
"thoracic-abdominal","hind leg",0.000000000000000000000000000000000000000000000000000000000000000000000000000000000000000000000000000000000000000000000000000000000000000000000000000000000000000000000000000000000749614033989958,"hind leg",TRUE
"reproductive","hind leg",0.0000000000000000000000000000000000000000000000000000000000000000000000000000000000000000000000000000000000000000000000000000000000000000000000000000000000000000000000000000146365246477408,"hind leg",TRUE
"wing","thoracic-abdominal",0.000000000000000000000000000000000000000000000000000000000000000000000000000000000000000000000000000000000000000000000000000000000000000000000000210138181913462,"hind leg",TRUE
"neck","head",0.00000000000000000000000000000000000000000000000000000000000000000000000000000000000000000000000000000000000000000000000000000000000000000000000121548834465572,"hind leg",TRUE
"thoracic-abdominal","middle leg",0.000000000000000000000000000000000000000000000000000000000000000000000000000000000000000000000000000000000000000000000000000000000000000000304891443623946,"hind leg",TRUE
"thoracic-abdominal","proboscis",0.00000000000000000000000000000000000000000000000000000000000000000000000000000000000000000000000000000000000000000000000000000000000000000931636031736869,"hind leg",TRUE
"neck","hind leg",0.00000000000000000000000000000000000000000000000000000000000000000000000000000000000000000000000000000000000000000000000000000000000271294068560536,"hind leg",TRUE
"thoracic-abdominal","pharynx",0.0000000000000000000000000000000000000000000000000000000000000000000000000000000000000000000000000000000000000000000000000000000729024469758993,"hind leg",TRUE
"hind leg","body chordotonal",0.0000000000000000000000000000000000000000000000000000000000000000000000000000000000000000000000000000000000000000000000251270162306221,"hind leg",TRUE
"pharynx","middle leg",0.0000000000000000000000000000000000000000000000000000000000000000000000000000000000000000000000000000000000000000000290124088892492,"hind leg",TRUE
"hind leg","hemolymph",0.0000000000000000000000000000000000000000000000000000000000000000000000000000000000000000000000000000000000000000000341168300267166,"hind leg",TRUE
"hind leg","enteric",0.000000000000000000000000000000000000000000000000000000000000000000000000000000000000000000000000000000000000000000372775242139623,"hind leg",TRUE
"thorax","hind leg",0.00000000000000000000000000000000000000000000000000000000000000000000000000000000000000000000000000000000000421063622193255,"hind leg",TRUE
"head","antenna",0.0000000000000000000000000000000000000000000000000000000000000000000000000000000000000000000000000000000000477042527012617,"hind leg",TRUE
"thoracic-abdominal","neck",0.00000000000000000000000000000000000000000000000000000000000000000000000000000000000000000000000000000000864711571679089,"hind leg",TRUE
"thorax","head",0.00000000000000000000000000000000000000000000000000000000000000000000000000000000000000000000000124574849634592,"hind leg",TRUE
"head","abdomen",0.00000000000000000000000000000000000000000000000000000000000000000000000000000000000000000000423989888319772,"hind leg",TRUE
"head","haltere",0.000000000000000000000000000000000000000000000000000000000000000000000000000000000000000000294842521967984,"hind leg",TRUE
"middle leg","body chordotonal",0.000000000000000000000000000000000000000000000000000000000000000000000000000000000000000429303792321826,"hind leg",TRUE
"middle leg","enteric",0.000000000000000000000000000000000000000000000000000000000000000000000000000000000000000695536107245115,"hind leg",TRUE
"proboscis","enteric",0.00000000000000000000000000000000000000000000000000000000000000000000000000000000000000424335656491833,"hind leg",TRUE
"front leg","antenna",0.0000000000000000000000000000000000000000000000000000000000000000000000000000000000585500885533624,"hind leg",TRUE
"middle leg","hemolymph",0.00000000000000000000000000000000000000000000000000000000000000000000000000000000142549431721148,"hind leg",TRUE
"thorax","thoracic-abdominal",0.00000000000000000000000000000000000000000000000000000000000000000000000000000000684513293781939,"hind leg",TRUE
"middle leg","haltere",0.000000000000000000000000000000000000000000000000000000000000000000000000000000475875913725741,"hind leg",TRUE
"pharynx","enteric",0.0000000000000000000000000000000000000000000000000000000000000000000000000750198647895945,"hind leg",TRUE
"proboscis","middle leg",0.000000000000000000000000000000000000000000000000000000000000000000000000249809239824463,"hind leg",TRUE
"thoracic-abdominal","front leg",0.000000000000000000000000000000000000000000000000000000000000000000000000998190560445276,"hind leg",TRUE
"reproductive","middle leg",0.000000000000000000000000000000000000000000000000000000000000000000000012093610489773,"hind leg",TRUE
"wing","enteric",0.0000000000000000000000000000000000000000000000000000000000000000000000295262404512213,"hind leg",TRUE
"wing","antenna",0.0000000000000000000000000000000000000000000000000000000000000000000000430166480826761,"hind leg",TRUE
"reproductive","head",0.000000000000000000000000000000000000000000000000000000000000000000000653380838127372,"hind leg",TRUE
"head","eye",0.000000000000000000000000000000000000000000000000000000000000000000102007623420499,"hind leg",TRUE
"neck","enteric",0.000000000000000000000000000000000000000000000000000000000000000000399201485848851,"hind leg",TRUE
"proboscis","hemolymph",0.00000000000000000000000000000000000000000000000000000000000000988224530676078,"hind leg",TRUE
"wing","hemolymph",0.000000000000000000000000000000000000000000000000000000000000570754975416812,"hind leg",TRUE
"thoracic-abdominal","antenna",0.0000000000000000000000000000000000000000000000000000000840758883391477,"hind leg",TRUE
"wing","body chordotonal",0.000000000000000000000000000000000000000000000000000000883902935262005,"hind leg",TRUE
"front leg","body chordotonal",0.00000000000000000000000000000000000000000000000000000606324669658428,"hind leg",TRUE
"thoracic-abdominal","eye",0.00000000000000000000000000000000000000000000000000000659913964702198,"hind leg",TRUE
"neck","middle leg",0.000000000000000000000000000000000000000000000000653126536453522,"hind leg",TRUE
"proboscis","antenna",0.00000000000000000000000000000000000000000000000129500340814889,"hind leg",TRUE
"middle leg","abdomen",0.00000000000000000000000000000000000000000000000295959960359901,"hind leg",TRUE
"thoracic-abdominal","haltere",0.00000000000000000000000000000000000000000000000309410908076187,"hind leg",TRUE
"eye","enteric",0.0000000000000000000000000000000000000000000000130025013805794,"hind leg",TRUE
"proboscis","body chordotonal",0.0000000000000000000000000000000000000000000000395741892227192,"hind leg",TRUE
"thoracic-abdominal","abdomen",0.0000000000000000000000000000000000000000000000493936415836481,"hind leg",TRUE
"neck","hemolymph",0.0000000000000000000000000000000000000000000000614899522352805,"hind leg",TRUE
"front leg","enteric",0.00000000000000000000000000000000000000000000489568460820049,"hind leg",TRUE
"wing","middle leg",0.00000000000000000000000000000000000000000000541994219504419,"hind leg",TRUE
"thoracic-abdominal","enteric",0.000000000000000000000000000000000000000000591334850573875,"hind leg",TRUE
"hemolymph","eye",0.000000000000000000000000000000000000000000633556204181569,"hind leg",TRUE
"pharynx","hemolymph",0.000000000000000000000000000000000000000000752997966279469,"hind leg",TRUE
"pharynx","front leg",0.00000000000000000000000000000000000000172358733895117,"hind leg",TRUE
"eye","body chordotonal",0.00000000000000000000000000000000000000196289288612399,"hind leg",TRUE
"hemolymph","front leg",0.00000000000000000000000000000000000000493626950403837,"hind leg",TRUE
"thoracic-abdominal","reproductive",0.00000000000000000000000000000000000000690389879884876,"hind leg",TRUE
"eye","antenna",0.0000000000000000000000000000000000000077406229692993,"hind leg",TRUE
"hind leg","eye",0.0000000000000000000000000000000000000340086817180957,"hind leg",TRUE
"thorax","body chordotonal",0.0000000000000000000000000000000000000540004997024166,"hind leg",TRUE
"thorax","hemolymph",0.00000000000000000000000000000000000952869739876817,"hind leg",TRUE
"pharynx","eye",0.00000000000000000000000000000000010273192525325,"hind leg",TRUE
"haltere","enteric",0.000000000000000000000000000000000152058868902664,"hind leg",TRUE
"enteric","abdomen",0.000000000000000000000000000000000300735442781182,"hind leg",TRUE
"neck","body chordotonal",0.00000000000000000000000000000000725785454161802,"hind leg",TRUE
"middle leg","front leg",0.000000000000000000000000000000128518566065482,"hind leg",TRUE
"thorax","antenna",0.00000000000000000000000000819615842886781,"hind leg",TRUE
"hemolymph","abdomen",0.0000000000000000000000000182793834779676,"hind leg",TRUE
"thorax","enteric",0.0000000000000000000000000210058493402266,"hind leg",TRUE
"antenna","abdomen",0.0000000000000000000000000307200305874614,"hind leg",TRUE
"wing","pharynx",0.0000000000000000000000000790334008700714,"hind leg",TRUE
"haltere","front leg",0.0000000000000000000000000912855545301942,"hind leg",TRUE
"wing","reproductive",0.000000000000000000000000929309755924462,"hind leg",TRUE
"hemolymph","haltere",0.00000000000000000000000107909317536257,"hind leg",TRUE
"pharynx","body chordotonal",0.000000000000000000000012365170173741,"hind leg",TRUE
"haltere","body chordotonal",0.0000000000000000000000150110457323752,"hind leg",TRUE
"neck","antenna",0.0000000000000000000000291945638959432,"hind leg",TRUE
"reproductive","front leg",0.000000000000000000000137540334864333,"hind leg",TRUE
"body chordotonal","abdomen",0.000000000000000000000575763423499486,"hind leg",TRUE
"thorax","middle leg",0.0000000000000000000150689247021407,"hind leg",TRUE
"reproductive","eye",0.0000000000000000000375541314440881,"hind leg",TRUE
"reproductive","enteric",0.000000000000000000232622438274354,"hind leg",TRUE
"reproductive","proboscis",0.00000000000000000179536904368432,"hind leg",TRUE
"proboscis","pharynx",0.00000000000000000367469594793421,"hind leg",TRUE
"body chordotonal","antenna",0.0000000000000000482210941947929,"hind leg",TRUE
"haltere","eye",0.0000000000000000565942591688974,"hind leg",TRUE
"enteric","antenna",0.000000000000000131053430842521,"hind leg",TRUE
"neck","eye",0.000000000000000148281188091859,"hind leg",TRUE
"reproductive","body chordotonal",0.000000000000000227364896841501,"hind leg",TRUE
"pharynx","abdomen",0.000000000000000728094419074639,"hind leg",TRUE
"proboscis","eye",0.00000000000000210990337336532,"hind leg",TRUE
"proboscis","front leg",0.0000000000000327550601725155,"hind leg",TRUE
"front leg","abdomen",0.00000000000177596686324799,"hind leg",TRUE
"haltere","antenna",0.00000000000366794712661162,"hind leg",TRUE
"head","enteric",0.0000000000105524845733942,"hind leg",TRUE
"neck","front leg",0.0000000000139858241156397,"hind leg",TRUE
"wing","haltere",0.0000000000406916211026789,"hind leg",TRUE
"pharynx","antenna",0.0000000000680301221504742,"hind leg",TRUE
"hemolymph","antenna",0.000000000165670232724961,"hind leg",TRUE
"reproductive","neck",0.000000000235397752614211,"hind leg",TRUE
"thorax","pharynx",0.00000000037427605435563,"hind leg",TRUE
"reproductive","hemolymph",0.000000000728409819081558,"hind leg",TRUE
"thorax","reproductive",0.00000000102860718348199,"hind leg",TRUE
"pharynx","neck",0.0000000921016674772716,"hind leg",TRUE
"hemolymph","head",0.000000104418875585719,"hind leg",TRUE
"thorax","haltere",0.000000370478205087687,"hind leg",TRUE
"reproductive","abdomen",0.00000078036433157487,"hind leg",TRUE
"eye","abdomen",0.00000267559895550013,"hind leg",TRUE
"pharynx","haltere",0.0000102763118534459,"hind leg",TRUE
"wing","neck",0.000190472670625035,"hind leg",TRUE
"reproductive","pharynx",0.000226302273323595,"hind leg",TRUE
"wing","eye",0.00038379754849809,"hind leg",TRUE
"reproductive","haltere",0.00116671384748372,"hind leg",TRUE
"thoracic-abdominal","hemolymph",0.00130941056133248,"hind leg",TRUE
"thorax","eye",0.00161734912120972,"hind leg",TRUE
"wing","proboscis",0.00351811681101903,"hind leg",TRUE
"haltere","abdomen",0.0166524797285298,"hind leg",TRUE
"thoracic-abdominal","head",0.0250513536419956,"hind leg",TRUE
"middle leg","eye",0.0345105986974188,"hind leg",TRUE
"hemolymph","body chordotonal",0.0368078775629398,"hind leg",TRUE
"neck","abdomen",0.0379772752120174,"hind leg",TRUE
"wing","front leg",0.0379772752120174,"hind leg",TRUE
"proboscis","haltere",0.0495223009828295,"hind leg",TRUE
"thorax","neck",0.0524234960754755,"hind leg",FALSE
"wing","abdomen",0.0747612577512059,"hind leg",FALSE
"reproductive","antenna",0.0902681029787178,"hind leg",FALSE
"thorax","proboscis",0.221663537281544,"hind leg",FALSE
"proboscis","abdomen",0.225963055974202,"hind leg",FALSE
"thorax","front leg",0.27227769545054,"hind leg",FALSE
"thorax","abdomen",0.410835220690455,"hind leg",FALSE
"proboscis","neck",0.497864452075401,"hind leg",FALSE
"head","body chordotonal",0.552171172113402,"hind leg",FALSE
"enteric","body chordotonal",0.848202800198163,"hind leg",FALSE
"thoracic-abdominal","body chordotonal",1,"hind leg",FALSE
"hemolymph","enteric",1,"hind leg",FALSE
"front leg","eye",1,"hind leg",FALSE
"neck","haltere",1,"hind leg",FALSE
"wing","thorax",1,"hind leg",FALSE
"hind leg","head",0.000000000000000000000000000000000000000020284877821184,"thoracic-abdominal",TRUE
"proboscis","head",0.000000000000000000000000000000000000000178515606686672,"thoracic-abdominal",TRUE
"proboscis","antenna",0.0000000000000000000000000000000663324954922321,"thoracic-abdominal",TRUE
"middle leg","head",0.000000000000000000000000000000290054625700682,"thoracic-abdominal",TRUE
"pharynx","head",0.000000000000000000000000000339263801731546,"thoracic-abdominal",TRUE
"thoracic-abdominal","head",0.0000000000000000000000215779419737022,"thoracic-abdominal",TRUE
"proboscis","haltere",0.0000000000000000000000683002955759211,"thoracic-abdominal",TRUE
"thorax","head",0.000000000000000000000635083828973408,"thoracic-abdominal",TRUE
"hind leg","antenna",0.00000000000000000000101977181560687,"thoracic-abdominal",TRUE
"proboscis","hind leg",0.0000000000000000000011982019794831,"thoracic-abdominal",TRUE
"pharynx","antenna",0.00000000000000000000468133797890219,"thoracic-abdominal",TRUE
"thoracic-abdominal","antenna",0.0000000000000000000135782155186342,"thoracic-abdominal",TRUE
"reproductive","head",0.0000000000000000000206082075692188,"thoracic-abdominal",TRUE
"wing","head",0.0000000000000000000340503849514958,"thoracic-abdominal",TRUE
"thoracic-abdominal","hind leg",0.00000000000000000037184876375974,"thoracic-abdominal",TRUE
"wing","proboscis",0.00000000000000000988846879991566,"thoracic-abdominal",TRUE
"thorax","antenna",0.0000000000000000452263288581668,"thoracic-abdominal",TRUE
"thoracic-abdominal","haltere",0.000000000000000172879221384599,"thoracic-abdominal",TRUE
"proboscis","neck",0.00000000000000020087154696024,"thoracic-abdominal",TRUE
"head","enteric",0.000000000000000361192936838833,"thoracic-abdominal",TRUE
"hemolymph","head",0.000000000000000361192936838833,"thoracic-abdominal",TRUE
"middle leg","antenna",0.00000000000000213463561147801,"thoracic-abdominal",TRUE
"thoracic-abdominal","front leg",0.0000000000000022341926009312,"thoracic-abdominal",TRUE
"wing","thoracic-abdominal",0.00000000000000254202800310323,"thoracic-abdominal",TRUE
"proboscis","front leg",0.00000000000000390900776278974,"thoracic-abdominal",TRUE
"enteric","antenna",0.00000000000000952881822834203,"thoracic-abdominal",TRUE
"hemolymph","antenna",0.00000000000000952881822834203,"thoracic-abdominal",TRUE
"head","front leg",0.0000000000000125810621035193,"thoracic-abdominal",TRUE
"hind leg","enteric",0.0000000000000144699707184797,"thoracic-abdominal",TRUE
"thorax","haltere",0.0000000000000254493866530705,"thoracic-abdominal",TRUE
"wing","enteric",0.0000000000000345016610214563,"thoracic-abdominal",TRUE
"wing","pharynx",0.0000000000000862397705625813,"thoracic-abdominal",TRUE
"front leg","enteric",0.000000000000127511320761755,"thoracic-abdominal",TRUE
"middle leg","enteric",0.000000000000359347671947084,"thoracic-abdominal",TRUE
"thoracic-abdominal","neck",0.000000000000368139923612253,"thoracic-abdominal",TRUE
"pharynx","hind leg",0.000000000000523574436309519,"thoracic-abdominal",TRUE
"pharynx","haltere",0.000000000000912554042509767,"thoracic-abdominal",TRUE
"head","abdomen",0.000000000000943158012291237,"thoracic-abdominal",TRUE
"pharynx","front leg",0.00000000000134567472020478,"thoracic-abdominal",TRUE
"haltere","enteric",0.00000000000151328069936095,"thoracic-abdominal",TRUE
"hind leg","hemolymph",0.00000000000173934458544676,"thoracic-abdominal",TRUE
"reproductive","antenna",0.00000000000220084367769618,"thoracic-abdominal",TRUE
"proboscis","body chordotonal",0.00000000000288345260722476,"thoracic-abdominal",TRUE
"hemolymph","haltere",0.00000000000343689935674,"thoracic-abdominal",TRUE
"thoracic-abdominal","middle leg",0.0000000000049893612497061,"thoracic-abdominal",TRUE
"thoracic-abdominal","reproductive",0.00000000000818527557139333,"thoracic-abdominal",TRUE
"pharynx","middle leg",0.00000000000942280424173105,"thoracic-abdominal",TRUE
"reproductive","enteric",0.000000000012798324656144,"thoracic-abdominal",TRUE
"proboscis","middle leg",0.0000000000497445369446763,"thoracic-abdominal",TRUE
"thorax","neck",0.000000000139218607518431,"thoracic-abdominal",TRUE
"antenna","abdomen",0.00000000014597517312677,"thoracic-abdominal",TRUE
"thoracic-abdominal","body chordotonal",0.00000000019054503077734,"thoracic-abdominal",TRUE
"neck","enteric",0.00000000019054503077734,"thoracic-abdominal",TRUE
"neck","hemolymph",0.00000000019054503077734,"thoracic-abdominal",TRUE
"wing","hemolymph",0.00000000026910510787364,"thoracic-abdominal",TRUE
"pharynx","body chordotonal",0.000000000504983399201894,"thoracic-abdominal",TRUE
"hind leg","abdomen",0.00000000053665059339442,"thoracic-abdominal",TRUE
"reproductive","proboscis",0.000000000608352358491309,"thoracic-abdominal",TRUE
"pharynx","neck",0.00000000149568685214004,"thoracic-abdominal",TRUE
"wing","antenna",0.00000000337122409886719,"thoracic-abdominal",TRUE
"hemolymph","front leg",0.0000000115844684484803,"thoracic-abdominal",TRUE
"enteric","body chordotonal",0.0000000129177327815302,"thoracic-abdominal",TRUE
"hemolymph","body chordotonal",0.0000000129177327815302,"thoracic-abdominal",TRUE
"head","haltere",0.0000000166588512587024,"thoracic-abdominal",TRUE
"thorax","body chordotonal",0.0000000360882632970083,"thoracic-abdominal",TRUE
"hind leg","haltere",0.000000050033410401704,"thoracic-abdominal",TRUE
"haltere","abdomen",0.0000000818495482556532,"thoracic-abdominal",TRUE
"reproductive","body chordotonal",0.0000000876198671551505,"thoracic-abdominal",TRUE
"reproductive","pharynx",0.000000129673759176753,"thoracic-abdominal",TRUE
"thorax","enteric",0.000000165597034415429,"thoracic-abdominal",TRUE
"middle leg","hemolymph",0.000000174068621527677,"thoracic-abdominal",TRUE
"hind leg","body chordotonal",0.000000183714764324228,"thoracic-abdominal",TRUE
"reproductive","hemolymph",0.000000188003931953558,"thoracic-abdominal",TRUE
"front leg","antenna",0.000000261255242289915,"thoracic-abdominal",TRUE
"proboscis","enteric",0.000000261255242289915,"thoracic-abdominal",TRUE
"reproductive","neck",0.000000597056798084403,"thoracic-abdominal",TRUE
"front leg","abdomen",0.000000688510339653125,"thoracic-abdominal",TRUE
"wing","abdomen",0.000000768834390876131,"thoracic-abdominal",TRUE
"middle leg","body chordotonal",0.000000889009739943045,"thoracic-abdominal",TRUE
"reproductive","haltere",0.00000092417389589944,"thoracic-abdominal",TRUE
"proboscis","eye",0.0000016633127303702,"thoracic-abdominal",TRUE
"thoracic-abdominal","eye",0.00000199990306200066,"thoracic-abdominal",TRUE
"neck","head",0.00000551884125163058,"thoracic-abdominal",TRUE
"neck","abdomen",0.00000795973401339404,"thoracic-abdominal",TRUE
"eye","enteric",0.0000125967293491973,"thoracic-abdominal",TRUE
"hemolymph","eye",0.0000125967293491973,"thoracic-abdominal",TRUE
"wing","body chordotonal",0.0000212333465455735,"thoracic-abdominal",TRUE
"wing","thorax",0.0000232112994135639,"thoracic-abdominal",TRUE
"thorax","hind leg",0.0000384930711581039,"thoracic-abdominal",TRUE
"middle leg","abdomen",0.0000397629837609319,"thoracic-abdominal",TRUE
"middle leg","haltere",0.0000651595401177381,"thoracic-abdominal",TRUE
"reproductive","abdomen",0.000130137425316032,"thoracic-abdominal",TRUE
"thorax","thoracic-abdominal",0.000132132658252738,"thoracic-abdominal",TRUE
"enteric","abdomen",0.00014043351840307,"thoracic-abdominal",TRUE
"thorax","eye",0.000200330263052261,"thoracic-abdominal",TRUE
"head","eye",0.000204784249447654,"thoracic-abdominal",TRUE
"body chordotonal","abdomen",0.000211430777736297,"thoracic-abdominal",TRUE
"front leg","body chordotonal",0.000421141643440366,"thoracic-abdominal",TRUE
"thorax","hemolymph",0.000806166795836445,"thoracic-abdominal",TRUE
"neck","middle leg",0.00215410041760638,"thoracic-abdominal",TRUE
"thorax","pharynx",0.00215410041760638,"thoracic-abdominal",TRUE
"eye","antenna",0.00261718743826584,"thoracic-abdominal",TRUE
"haltere","body chordotonal",0.00261718743826584,"thoracic-abdominal",TRUE
"thoracic-abdominal","enteric",0.00287833838908652,"thoracic-abdominal",TRUE
"neck","hind leg",0.00344467432269861,"thoracic-abdominal",TRUE
"haltere","antenna",0.0045450146729129,"thoracic-abdominal",TRUE
"thorax","front leg",0.00459570460277034,"thoracic-abdominal",TRUE
"pharynx","eye",0.00635887814180113,"thoracic-abdominal",TRUE
"eye","abdomen",0.0186227183820552,"thoracic-abdominal",TRUE
"haltere","eye",0.0196462910612707,"thoracic-abdominal",TRUE
"eye","body chordotonal",0.0287735691700734,"thoracic-abdominal",TRUE
"thorax","proboscis",0.0497852201580699,"thoracic-abdominal",TRUE
"neck","antenna",0.0652415347663698,"thoracic-abdominal",FALSE
"neck","body chordotonal",0.0744945682796812,"thoracic-abdominal",FALSE
"proboscis","pharynx",0.0936713230282982,"thoracic-abdominal",FALSE
"pharynx","enteric",0.102459594435097,"thoracic-abdominal",FALSE
"haltere","front leg",0.109856297239049,"thoracic-abdominal",FALSE
"hemolymph","enteric",0.111534724325601,"thoracic-abdominal",FALSE
"thoracic-abdominal","proboscis",0.148526749447544,"thoracic-abdominal",FALSE
"wing","haltere",0.15233920496595,"thoracic-abdominal",FALSE
"body chordotonal","antenna",0.160771683783352,"thoracic-abdominal",FALSE
"thorax","middle leg",0.165779749740013,"thoracic-abdominal",FALSE
"thorax","abdomen",0.176793190000118,"thoracic-abdominal",FALSE
"head","antenna",0.176793190000118,"thoracic-abdominal",FALSE
"wing","middle leg",0.203711147180799,"thoracic-abdominal",FALSE
"reproductive","eye",0.234993529219401,"thoracic-abdominal",FALSE
"wing","reproductive",0.342812188119406,"thoracic-abdominal",FALSE
"thoracic-abdominal","abdomen",0.382301436604865,"thoracic-abdominal",FALSE
"neck","front leg",0.382301436604865,"thoracic-abdominal",FALSE
"thorax","reproductive",0.382301436604865,"thoracic-abdominal",FALSE
"wing","neck",0.41938765409428,"thoracic-abdominal",FALSE
"middle leg","front leg",0.562138284303066,"thoracic-abdominal",FALSE
"proboscis","hemolymph",0.66767932432753,"thoracic-abdominal",FALSE
"neck","eye",0.837842757472119,"thoracic-abdominal",FALSE
"middle leg","hind leg",0.844001673717705,"thoracic-abdominal",FALSE
"reproductive","hind leg",0.862843915803102,"thoracic-abdominal",FALSE
"head","body chordotonal",0.88651315704339,"thoracic-abdominal",FALSE
"hemolymph","abdomen",1,"thoracic-abdominal",FALSE
"pharynx","abdomen",1,"thoracic-abdominal",FALSE
"proboscis","abdomen",1,"thoracic-abdominal",FALSE
"front leg","eye",1,"thoracic-abdominal",FALSE
"hind leg","eye",1,"thoracic-abdominal",FALSE
"middle leg","eye",1,"thoracic-abdominal",FALSE
"wing","eye",1,"thoracic-abdominal",FALSE
"hind leg","front leg",1,"thoracic-abdominal",FALSE
"reproductive","front leg",1,"thoracic-abdominal",FALSE
"wing","front leg",1,"thoracic-abdominal",FALSE
"neck","haltere",1,"thoracic-abdominal",FALSE
"pharynx","hemolymph",1,"thoracic-abdominal",FALSE
"thoracic-abdominal","hemolymph",1,"thoracic-abdominal",FALSE
"wing","hind leg",1,"thoracic-abdominal",FALSE
"reproductive","middle leg",1,"thoracic-abdominal",FALSE
"thoracic-abdominal","pharynx",1,"thoracic-abdominal",FALSE
"hind leg","head",0.000000000000000000000000000934545869403813,"ureter",TRUE
"middle leg","head",0.00000000000000000000575004566456577,"ureter",TRUE
"proboscis","head",0.00000000000000000117253697061329,"ureter",TRUE
"hind leg","antenna",0.000000000000000337819676853339,"ureter",TRUE
"reproductive","head",0.0000000000000141933504721903,"ureter",TRUE
"proboscis","antenna",0.0000000000000213478626303307,"ureter",TRUE
"pharynx","head",0.0000000000000802541877191442,"ureter",TRUE
"reproductive","hind leg",0.000000000000208593354500341,"ureter",TRUE
"reproductive","front leg",0.00000000000075093941713821,"ureter",TRUE
"reproductive","middle leg",0.000000000000911033502649625,"ureter",TRUE
"reproductive","antenna",0.00000000000214672544664461,"ureter",TRUE
"wing","head",0.0000000000181750400506828,"ureter",TRUE
"thoracic-abdominal","head",0.0000000000228605501641117,"ureter",TRUE
"wing","reproductive",0.0000000000232096703712505,"ureter",TRUE
"thoracic-abdominal","hind leg",0.0000000000494044985471003,"ureter",TRUE
"middle leg","antenna",0.0000000000579369830711675,"ureter",TRUE
"head","front leg",0.000000000192923442390166,"ureter",TRUE
"thoracic-abdominal","front leg",0.00000000031664334010817,"ureter",TRUE
"thoracic-abdominal","middle leg",0.000000000431988047873037,"ureter",TRUE
"thoracic-abdominal","antenna",0.000000000608755102893611,"ureter",TRUE
"pharynx","antenna",0.00000000125414499732168,"ureter",TRUE
"thorax","head",0.00000000189455747746939,"ureter",TRUE
"wing","thoracic-abdominal",0.00000000199441738235056,"ureter",TRUE
"reproductive","haltere",0.00000000241809415142806,"ureter",TRUE
"proboscis","haltere",0.00000000953891702135497,"ureter",TRUE
"reproductive","proboscis",0.00000000995463768495914,"ureter",TRUE
"wing","proboscis",0.0000000102892541850271,"ureter",TRUE
"thorax","antenna",0.0000000381723034178532,"ureter",TRUE
"proboscis","neck",0.0000000565993810114568,"ureter",TRUE
"thoracic-abdominal","haltere",0.0000000719258655339309,"ureter",TRUE
"head","haltere",0.0000000790595283989969,"ureter",TRUE
"reproductive","pharynx",0.000000145953669948877,"ureter",TRUE
"hemolymph","head",0.000000182476383010253,"ureter",TRUE
"head","enteric",0.000000195624455856937,"ureter",TRUE
"reproductive","neck",0.000000356747690025326,"ureter",TRUE
"thoracic-abdominal","proboscis",0.000000561299978416138,"ureter",TRUE
"enteric","antenna",0.00000101158034688208,"ureter",TRUE
"hemolymph","antenna",0.00000133113309573682,"ureter",TRUE
"thorax","reproductive",0.00000186933210100629,"ureter",TRUE
"proboscis","hind leg",0.00000236405337902309,"ureter",TRUE
"wing","hemolymph",0.00000293168357210209,"ureter",TRUE
"thoracic-abdominal","neck",0.00000343825170290351,"ureter",TRUE
"thorax","thoracic-abdominal",0.00000343825262139669,"ureter",TRUE
"neck","hind leg",0.00000373880162224022,"ureter",TRUE
"head","abdomen",0.00000458031552852258,"ureter",TRUE
"proboscis","body chordotonal",0.00000461437730684804,"ureter",TRUE
"hind leg","body chordotonal",0.00000610992435304383,"ureter",TRUE
"thorax","neck",0.00000768529148714903,"ureter",TRUE
"wing","enteric",0.0000138442784663545,"ureter",TRUE
"hind leg","abdomen",0.0000142207946490122,"ureter",TRUE
"front leg","antenna",0.0000182550619689715,"ureter",TRUE
"hind leg","hemolymph",0.0000182550619689715,"ureter",TRUE
"reproductive","body chordotonal",0.0000182920060248792,"ureter",TRUE
"wing","pharynx",0.00002018353838283,"ureter",TRUE
"haltere","enteric",0.0000207382404634462,"ureter",TRUE
"hemolymph","haltere",0.000023115011177052,"ureter",TRUE
"hind leg","enteric",0.0000296920058961388,"ureter",TRUE
"thoracic-abdominal","pharynx",0.0000332977241093879,"ureter",TRUE
"hind leg","haltere",0.0000521745945068378,"ureter",TRUE
"antenna","abdomen",0.000055670078639924,"ureter",TRUE
"middle leg","abdomen",0.0000705273339544869,"ureter",TRUE
"thoracic-abdominal","body chordotonal",0.0000736135697701796,"ureter",TRUE
"thorax","body chordotonal",0.0000736135697701796,"ureter",TRUE
"neck","enteric",0.0000736135697701796,"ureter",TRUE
"neck","hemolymph",0.0000736135697701796,"ureter",TRUE
"pharynx","haltere",0.0000847577156206005,"ureter",TRUE
"front leg","abdomen",0.0000889380861353038,"ureter",TRUE
"wing","abdomen",0.000114459863355011,"ureter",TRUE
"wing","antenna",0.000209152591352874,"ureter",TRUE
"thorax","haltere",0.000272505177824711,"ureter",TRUE
"pharynx","body chordotonal",0.000291749720496672,"ureter",TRUE
"reproductive","hemolymph",0.000340018083623373,"ureter",TRUE
"neck","head",0.000375375473996557,"ureter",TRUE
"thorax","enteric",0.000404341736248231,"ureter",TRUE
"thorax","hemolymph",0.000404341736248231,"ureter",TRUE
"pharynx","neck",0.000444376354269159,"ureter",TRUE
"enteric","body chordotonal",0.000575023954803046,"ureter",TRUE
"hemolymph","body chordotonal",0.000575023954803046,"ureter",TRUE
"middle leg","body chordotonal",0.000630713743419272,"ureter",TRUE
"thoracic-abdominal","hemolymph",0.000814754880043106,"ureter",TRUE
"pharynx","hind leg",0.00116823701483108,"ureter",TRUE
"haltere","abdomen",0.00143001013439645,"ureter",TRUE
"hemolymph","front leg",0.00143001013439645,"ureter",TRUE
"reproductive","enteric",0.00145072514999545,"ureter",TRUE
"front leg","enteric",0.00174960010202726,"ureter",TRUE
"proboscis","front leg",0.00208358255326718,"ureter",TRUE
"thorax","proboscis",0.00210097920802684,"ureter",TRUE
"neck","middle leg",0.00219745512545773,"ureter",TRUE
"middle leg","enteric",0.00320986911178131,"ureter",TRUE
"middle leg","hemolymph",0.00336494116354675,"ureter",TRUE
"reproductive","eye",0.00362307879904178,"ureter",TRUE
"middle leg","haltere",0.00540679683945108,"ureter",TRUE
"thoracic-abdominal","eye",0.0064564783795522,"ureter",TRUE
"head","eye",0.00843733393510629,"ureter",TRUE
"front leg","body chordotonal",0.00853202098307144,"ureter",TRUE
"neck","abdomen",0.0112033051868256,"ureter",TRUE
"thorax","abdomen",0.0112033051868256,"ureter",TRUE
"proboscis","eye",0.011968539166996,"ureter",TRUE
"wing","hind leg",0.011968539166996,"ureter",TRUE
"proboscis","middle leg",0.013853530433432,"ureter",TRUE
"proboscis","abdomen",0.0139574072107633,"ureter",TRUE
"eye","enteric",0.0154186228523619,"ureter",TRUE
"hemolymph","eye",0.0154186228523619,"ureter",TRUE
"haltere","antenna",0.0191254037149516,"ureter",TRUE
"wing","body chordotonal",0.0211693388873822,"ureter",TRUE
"thoracic-abdominal","enteric",0.0234446199955012,"ureter",TRUE
"pharynx","front leg",0.0234446199955012,"ureter",TRUE
"wing","middle leg",0.0234446199955012,"ureter",TRUE
"body chordotonal","abdomen",0.0516350942567592,"ureter",FALSE
"eye","antenna",0.0516350942567592,"ureter",FALSE
"thorax","pharynx",0.0592068422852006,"ureter",FALSE
"eye","body chordotonal",0.0638702493751275,"ureter",FALSE
"pharynx","middle leg",0.0645697295154653,"ureter",FALSE
"neck","eye",0.0987707477859842,"ureter",FALSE
"pharynx","abdomen",0.123828735087607,"ureter",FALSE
"neck","front leg",0.137521780214725,"ureter",FALSE
"thorax","eye",0.154286701105109,"ureter",FALSE
"wing","thorax",0.178479152226524,"ureter",FALSE
"haltere","body chordotonal",0.191443857620032,"ureter",FALSE
"head","antenna",0.25203299824692,"ureter",FALSE
"pharynx","eye",0.307438763043651,"ureter",FALSE
"haltere","front leg",0.307438763043651,"ureter",FALSE
"eye","abdomen",0.418779735253277,"ureter",FALSE
"neck","antenna",0.534810020344415,"ureter",FALSE
"proboscis","hemolymph",0.535225642969963,"ureter",FALSE
"hemolymph","abdomen",0.574943609057425,"ureter",FALSE
"hind leg","eye",0.574943609057425,"ureter",FALSE
"proboscis","enteric",0.616603157695616,"ureter",FALSE
"enteric","abdomen",1,"ureter",FALSE
"reproductive","abdomen",1,"ureter",FALSE
"thoracic-abdominal","abdomen",1,"ureter",FALSE
"body chordotonal","antenna",1,"ureter",FALSE
"head","body chordotonal",1,"ureter",FALSE
"neck","body chordotonal",1,"ureter",FALSE
"hemolymph","enteric",1,"ureter",FALSE
"pharynx","enteric",1,"ureter",FALSE
"front leg","eye",1,"ureter",FALSE
"haltere","eye",1,"ureter",FALSE
"middle leg","eye",1,"ureter",FALSE
"wing","eye",1,"ureter",FALSE
"hind leg","front leg",1,"ureter",FALSE
"middle leg","front leg",1,"ureter",FALSE
"thorax","front leg",1,"ureter",FALSE
"wing","front leg",1,"ureter",FALSE
"neck","haltere",1,"ureter",FALSE
"wing","haltere",1,"ureter",FALSE
"pharynx","hemolymph",1,"ureter",FALSE
"middle leg","hind leg",1,"ureter",FALSE
"thorax","hind leg",1,"ureter",FALSE
"thorax","middle leg",1,"ureter",FALSE
"wing","neck",1,"ureter",FALSE
"proboscis","pharynx",1,"ureter",FALSE
"thoracic-abdominal","reproductive",1,"ureter",FALSE
"hind leg","antenna",0,"abdomen",TRUE
"reproductive","antenna",0,"abdomen",TRUE
"hind leg","head",0,"abdomen",TRUE
"middle leg","head",0,"abdomen",TRUE
"pharynx","head",0,"abdomen",TRUE
"proboscis","head",0,"abdomen",TRUE
"reproductive","head",0,"abdomen",TRUE
"thoracic-abdominal","head",0,"abdomen",TRUE
"wing","head",0,"abdomen",TRUE
"thorax","head",0.0000000000000000000000000000000000000000000000000000000000000000000000000000000000000000000000000000000000000000000000000000000000000000000000000000000000000000000000000000000000000000000000000000000000000000000000000000000000000000000000000000000000000000000000000000000000000000000000000000000000166442576159728,"abdomen",TRUE
"head","front leg",0.0000000000000000000000000000000000000000000000000000000000000000000000000000000000000000000000000000000000000000000000000000000000000000000000000000000000000000000000000000000000000000000000000000000000000000000000000000000000000000000000000000000000000000000000000000000000000000000574837639278078,"abdomen",TRUE
"thoracic-abdominal","antenna",0.0000000000000000000000000000000000000000000000000000000000000000000000000000000000000000000000000000000000000000000000000000000000000000000000000000000000000000000000000000000000000000000000000000000000000000000000000000000000000000000000000000000000000480856840476988,"abdomen",TRUE
"reproductive","front leg",0.00000000000000000000000000000000000000000000000000000000000000000000000000000000000000000000000000000000000000000000000000000000000000000000000000000000000000000000000000000000000000000000000000000000000000000000000000000000000000000000000000111792589452504,"abdomen",TRUE
"head","haltere",0.00000000000000000000000000000000000000000000000000000000000000000000000000000000000000000000000000000000000000000000000000000000000000000000000000000000000000000000000000000000000000000000000000000000000000000000000000000000000815858478581589,"abdomen",TRUE
"proboscis","antenna",0.0000000000000000000000000000000000000000000000000000000000000000000000000000000000000000000000000000000000000000000000000000000000000000000000000000000000000000000000000000000000000000000000000000000000000000000000000000000261816186535774,"abdomen",TRUE
"head","abdomen",0.0000000000000000000000000000000000000000000000000000000000000000000000000000000000000000000000000000000000000000000000000000000000000000000000000000000000000000000000000000000000000000000000000000000000000000000000000000268002290292714,"abdomen",TRUE
"reproductive","middle leg",0.0000000000000000000000000000000000000000000000000000000000000000000000000000000000000000000000000000000000000000000000000000000000000000000000000000000000000000000000000000000000000000000000000000000000000633488316529134,"abdomen",TRUE
"middle leg","antenna",0.00000000000000000000000000000000000000000000000000000000000000000000000000000000000000000000000000000000000000000000000000000000000000000000000000000000000000000000000000000000000000000000000000000000951330485549666,"abdomen",TRUE
"head","enteric",0.0000000000000000000000000000000000000000000000000000000000000000000000000000000000000000000000000000000000000000000000000000000000000000000000000000000000000000000000000000000000000000000000000000510592997169846,"abdomen",TRUE
"hemolymph","head",0.0000000000000000000000000000000000000000000000000000000000000000000000000000000000000000000000000000000000000000000000000000000000000000000000000000000000000000000000000000000000000000000000000131109536844484,"abdomen",TRUE
"wing","reproductive",0.000000000000000000000000000000000000000000000000000000000000000000000000000000000000000000000000000000000000000000000000000000000000000000000000000000000000000000000000000000000000000000000017560978950192,"abdomen",TRUE
"reproductive","neck",0.00000000000000000000000000000000000000000000000000000000000000000000000000000000000000000000000000000000000000000000000000000000000000000000000000000000000000000000000000000000000000000000366446029314279,"abdomen",TRUE
"antenna","abdomen",0.000000000000000000000000000000000000000000000000000000000000000000000000000000000000000000000000000000000000000000000000000000000000000000000000000000000000000000000000000000001090187742928,"abdomen",TRUE
"reproductive","body chordotonal",0.00000000000000000000000000000000000000000000000000000000000000000000000000000000000000000000000000000000000000000000000000000000000000000000000000000000000000000000000000000000561062604941295,"abdomen",TRUE
"front leg","abdomen",0.00000000000000000000000000000000000000000000000000000000000000000000000000000000000000000000000000000000000000000000000000000000000000000000000000000000000000000000000000000648397029446389,"abdomen",TRUE
"reproductive","hind leg",0.0000000000000000000000000000000000000000000000000000000000000000000000000000000000000000000000000000000000000000000000000000000000000000000000000000000000000000000000270194291670595,"abdomen",TRUE
"middle leg","abdomen",0.00000000000000000000000000000000000000000000000000000000000000000000000000000000000000000000000000000000000000000000000000000000000000000000000000000000000000000000421247352877666,"abdomen",TRUE
"pharynx","antenna",0.000000000000000000000000000000000000000000000000000000000000000000000000000000000000000000000000000000000000000000000000000000000000000000000000000000000000000000014872417971331,"abdomen",TRUE
"reproductive","haltere",0.000000000000000000000000000000000000000000000000000000000000000000000000000000000000000000000000000000000000000000000000000000000000000000000000000000000000000044538087178171,"abdomen",TRUE
"reproductive","proboscis",0.00000000000000000000000000000000000000000000000000000000000000000000000000000000000000000000000000000000000000000000000000000000000000000000000000000000000000234567879063253,"abdomen",TRUE
"thoracic-abdominal","front leg",0.00000000000000000000000000000000000000000000000000000000000000000000000000000000000000000000000000000000000000000000000000000000000000000000000000000000000000598817913917837,"abdomen",TRUE
"wing","antenna",0.00000000000000000000000000000000000000000000000000000000000000000000000000000000000000000000000000000000000000000000000000000000000000000000000000000000000348837562327047,"abdomen",TRUE
"thoracic-abdominal","body chordotonal",0.0000000000000000000000000000000000000000000000000000000000000000000000000000000000000000000000000000000000000000000000000000000000000000000000000000000000168139577009397,"abdomen",TRUE
"thoracic-abdominal","neck",0.00000000000000000000000000000000000000000000000000000000000000000000000000000000000000000000000000000000000000000000000000000000000000000000000000000000022062866765219,"abdomen",TRUE
"hind leg","body chordotonal",0.000000000000000000000000000000000000000000000000000000000000000000000000000000000000000000000000000000000000000000000000000000000000000000000000000000000693797694210577,"abdomen",TRUE
"thorax","antenna",0.0000000000000000000000000000000000000000000000000000000000000000000000000000000000000000000000000000000000000000000000000000000000000000000000000000000477242662205108,"abdomen",TRUE
"hind leg","abdomen",0.0000000000000000000000000000000000000000000000000000000000000000000000000000000000000000000000000000000000000000000000000000000000000000000000000000026612584831221,"abdomen",TRUE
"proboscis","body chordotonal",0.000000000000000000000000000000000000000000000000000000000000000000000000000000000000000000000000000000000000000000000000000000000000000000000000000456340841548717,"abdomen",TRUE
"reproductive","pharynx",0.0000000000000000000000000000000000000000000000000000000000000000000000000000000000000000000000000000000000000000000000000000000000000000000000194724428055748,"abdomen",TRUE
"wing","abdomen",0.0000000000000000000000000000000000000000000000000000000000000000000000000000000000000000000000000000000000000000000000000000000000000000000248215793948998,"abdomen",TRUE
"wing","thoracic-abdominal",0.00000000000000000000000000000000000000000000000000000000000000000000000000000000000000000000000000000000000000000000000000000000140133728364956,"abdomen",TRUE
"thoracic-abdominal","middle leg",0.00000000000000000000000000000000000000000000000000000000000000000000000000000000000000000000000000000000000000000000000000000000211423101928871,"abdomen",TRUE
"pharynx","body chordotonal",0.0000000000000000000000000000000000000000000000000000000000000000000000000000000000000000000000000000000000000000000000000000000937519133343302,"abdomen",TRUE
"proboscis","abdomen",0.0000000000000000000000000000000000000000000000000000000000000000000000000000000000000000000000000000000000000000000000000000575717654020074,"abdomen",TRUE
"thorax","body chordotonal",0.000000000000000000000000000000000000000000000000000000000000000000000000000000000000000000000000000000000000000000000000000542771521584683,"abdomen",TRUE
"thoracic-abdominal","haltere",0.000000000000000000000000000000000000000000000000000000000000000000000000000000000000000000000000000000000000000000000000165345686524481,"abdomen",TRUE
"middle leg","body chordotonal",0.00000000000000000000000000000000000000000000000000000000000000000000000000000000000000000000000000000000000000000000538494568636457,"abdomen",TRUE
"wing","body chordotonal",0.0000000000000000000000000000000000000000000000000000000000000000000000000000000000000000000000000000000000000000000287443086377936,"abdomen",TRUE
"hemolymph","antenna",0.000000000000000000000000000000000000000000000000000000000000000000000000000000000000000000000000000000000000000103920458431227,"abdomen",TRUE
"enteric","antenna",0.000000000000000000000000000000000000000000000000000000000000000000000000000000000000000000000000000000000000000637063290432801,"abdomen",TRUE
"pharynx","abdomen",0.0000000000000000000000000000000000000000000000000000000000000000000000000000000000000000000000000000000000035094039134483,"abdomen",TRUE
"thoracic-abdominal","hind leg",0.00000000000000000000000000000000000000000000000000000000000000000000000000000000000000000000000000000000220896945068928,"abdomen",TRUE
"thoracic-abdominal","proboscis",0.0000000000000000000000000000000000000000000000000000000000000000000000000000000000000000000000000000000137567836569201,"abdomen",TRUE
"haltere","abdomen",0.000000000000000000000000000000000000000000000000000000000000000000000000000000000000000000000000000000707908650247145,"abdomen",TRUE
"neck","head",0.0000000000000000000000000000000000000000000000000000000000000000000000000000000000000000000000000000254265250774375,"abdomen",TRUE
"thoracic-abdominal","pharynx",0.000000000000000000000000000000000000000000000000000000000000000000000000000000000000000000000000000220169022291798,"abdomen",TRUE
"hemolymph","body chordotonal",0.00000000000000000000000000000000000000000000000000000000000000000000000000000000000000000000000000280797588911435,"abdomen",TRUE
"enteric","body chordotonal",0.00000000000000000000000000000000000000000000000000000000000000000000000000000000000000000000000000328525815253981,"abdomen",TRUE
"thorax","reproductive",0.00000000000000000000000000000000000000000000000000000000000000000000000000000000000000000000000000690927070705186,"abdomen",TRUE
"neck","abdomen",0.0000000000000000000000000000000000000000000000000000000000000000000000000000000000000000000000000177199284172687,"abdomen",TRUE
"proboscis","neck",0.000000000000000000000000000000000000000000000000000000000000000000000000000000000000000000000000285988638217911,"abdomen",TRUE
"neck","hind leg",0.000000000000000000000000000000000000000000000000000000000000000000000000000000000000000000506261004571848,"abdomen",TRUE
"thorax","neck",0.0000000000000000000000000000000000000000000000000000000000000000000000000000000000754936504024747,"abdomen",TRUE
"haltere","body chordotonal",0.000000000000000000000000000000000000000000000000000000000000000000000000000000000242294575459355,"abdomen",TRUE
"head","eye",0.0000000000000000000000000000000000000000000000000000000000000000000000000000000157441528619272,"abdomen",TRUE
"thorax","abdomen",0.0000000000000000000000000000000000000000000000000000000000000000000000000000000260398569868519,"abdomen",TRUE
"front leg","antenna",0.0000000000000000000000000000000000000000000000000000000000000000000000000000000364501393696958,"abdomen",TRUE
"body chordotonal","abdomen",0.0000000000000000000000000000000000000000000000000000000000000000000000000000139488961980925,"abdomen",TRUE
"front leg","body chordotonal",0.000000000000000000000000000000000000000000000000000000000000000000000184901726021309,"abdomen",TRUE
"pharynx","neck",0.0000000000000000000000000000000000000000000000000000000000000000000202694010119449,"abdomen",TRUE
"head","antenna",0.0000000000000000000000000000000000000000000000000000000000000000000499382788476284,"abdomen",TRUE
"haltere","antenna",0.000000000000000000000000000000000000000000000000000000000000000000185772064100554,"abdomen",TRUE
"thorax","thoracic-abdominal",0.000000000000000000000000000000000000000000000000000000000000000000969227955301105,"abdomen",TRUE
"reproductive","eye",0.000000000000000000000000000000000000000000000000000000000000000244949217923314,"abdomen",TRUE
"hind leg","front leg",0.000000000000000000000000000000000000000000000000000000000000000268773689171496,"abdomen",TRUE
"neck","hemolymph",0.000000000000000000000000000000000000000000000000000000000000000552717592798521,"abdomen",TRUE
"neck","enteric",0.00000000000000000000000000000000000000000000000000000000000000197326376034105,"abdomen",TRUE
"thoracic-abdominal","eye",0.0000000000000000000000000000000000000000000000000000932228964867949,"abdomen",TRUE
"neck","middle leg",0.000000000000000000000000000000000000000000000000000769222725463571,"abdomen",TRUE
"eye","body chordotonal",0.000000000000000000000000000000000000000000000000345396822195768,"abdomen",TRUE
"neck","body chordotonal",0.0000000000000000000000000000000000000000000000724290218281741,"abdomen",TRUE
"reproductive","hemolymph",0.000000000000000000000000000000000000000000000115253049352456,"abdomen",TRUE
"hemolymph","abdomen",0.0000000000000000000000000000000000000000000722366091182633,"abdomen",TRUE
"wing","neck",0.0000000000000000000000000000000000000000565419181160855,"abdomen",TRUE
"eye","abdomen",0.00000000000000000000000000000000000000259317483504841,"abdomen",TRUE
"reproductive","enteric",0.00000000000000000000000000000000000793547942525026,"abdomen",TRUE
"hind leg","haltere",0.000000000000000000000000000000000869812468050318,"abdomen",TRUE
"body chordotonal","antenna",0.00000000000000000000000000000000112681794050995,"abdomen",TRUE
"thoracic-abdominal","hemolymph",0.00000000000000000000000000000000979758824118483,"abdomen",TRUE
"enteric","abdomen",0.0000000000000000000000000000000520877598144435,"abdomen",TRUE
"eye","antenna",0.000000000000000000000000000000728695535459711,"abdomen",TRUE
"front leg","enteric",0.00000000000000000000000000000896652195787646,"abdomen",TRUE
"proboscis","haltere",0.000000000000000000000000000221624451134073,"abdomen",TRUE
"haltere","enteric",0.000000000000000000000000000491042123785846,"abdomen",TRUE
"hemolymph","front leg",0.000000000000000000000000000963600426868139,"abdomen",TRUE
"hemolymph","haltere",0.00000000000000000000000000428525265416184,"abdomen",TRUE
"thorax","haltere",0.00000000000000000000000000903883300136732,"abdomen",TRUE
"thoracic-abdominal","enteric",0.0000000000000000000000000316246777969764,"abdomen",TRUE
"middle leg","front leg",0.00000000000000000000455005660825074,"abdomen",TRUE
"wing","hind leg",0.0000000000000000000462972784662234,"abdomen",TRUE
"thorax","front leg",0.0000000000000000000636443846102081,"abdomen",TRUE
"wing","enteric",0.000000000000000000467115657505319,"abdomen",TRUE
"proboscis","front leg",0.00000000000000000166532580333564,"abdomen",TRUE
"wing","hemolymph",0.00000000000000000446002314361981,"abdomen",TRUE
"neck","front leg",0.000000000000000455495984021224,"abdomen",TRUE
"pharynx","haltere",0.000000000000000585823540874183,"abdomen",TRUE
"neck","eye",0.0000000000000124211540216211,"abdomen",TRUE
"neck","haltere",0.0000000000000627562490619961,"abdomen",TRUE
"middle leg","enteric",0.0000000000000754990648074591,"abdomen",TRUE
"neck","antenna",0.000000000000137168135707815,"abdomen",TRUE
"hemolymph","eye",0.000000000000542050847551396,"abdomen",TRUE
"middle leg","hind leg",0.000000000000685942667774885,"abdomen",TRUE
"middle leg","hemolymph",0.00000000000614618938807963,"abdomen",TRUE
"eye","enteric",0.0000000000079209239426489,"abdomen",TRUE
"wing","thorax",0.00000000000820713099096855,"abdomen",TRUE
"pharynx","front leg",0.0000000000218108605772837,"abdomen",TRUE
"pharynx","hemolymph",0.0000000000234866905447776,"abdomen",TRUE
"head","body chordotonal",0.000000000043657556261297,"abdomen",TRUE
"middle leg","haltere",0.000000000246496549373659,"abdomen",TRUE
"thorax","eye",0.000000000385544028118683,"abdomen",TRUE
"pharynx","enteric",0.000000000564476065198593,"abdomen",TRUE
"proboscis","hemolymph",0.00000000231607674805231,"abdomen",TRUE
"wing","proboscis",0.00000000430888861351327,"abdomen",TRUE
"wing","front leg",0.0000000852643077622616,"abdomen",TRUE
"proboscis","eye",0.000000100747922892186,"abdomen",TRUE
"proboscis","enteric",0.000000168218581966903,"abdomen",TRUE
"hind leg","eye",0.000000221332190256813,"abdomen",TRUE
"reproductive","abdomen",0.000000235204381259226,"abdomen",TRUE
"wing","haltere",0.0000238961859474687,"abdomen",TRUE
"pharynx","hind leg",0.0000354970916398176,"abdomen",TRUE
"hind leg","enteric",0.0000414180871656715,"abdomen",TRUE
"thorax","pharynx",0.000106574649833207,"abdomen",TRUE
"hind leg","hemolymph",0.000170932078031779,"abdomen",TRUE
"thorax","middle leg",0.000245288097492121,"abdomen",TRUE
"pharynx","eye",0.00158272514613268,"abdomen",TRUE
"thorax","hemolymph",0.00231131990460339,"abdomen",TRUE
"wing","pharynx",0.00231131990460339,"abdomen",TRUE
"thorax","enteric",0.00765581688333644,"abdomen",TRUE
"thoracic-abdominal","abdomen",0.00940236305175487,"abdomen",TRUE
"proboscis","hind leg",0.0262121360567256,"abdomen",TRUE
"middle leg","eye",0.0350306485680077,"abdomen",TRUE
"thorax","proboscis",0.0483179062081852,"abdomen",TRUE
"wing","middle leg",0.0657885138064373,"abdomen",FALSE
"proboscis","pharynx",0.0657885138064373,"abdomen",FALSE
"proboscis","middle leg",0.217479494962358,"abdomen",FALSE
"haltere","eye",0.465398727335493,"abdomen",FALSE
"hemolymph","enteric",1,"abdomen",FALSE
"front leg","eye",1,"abdomen",FALSE
"wing","eye",1,"abdomen",FALSE
"haltere","front leg",1,"abdomen",FALSE
"thorax","hind leg",1,"abdomen",FALSE
"pharynx","middle leg",1,"abdomen",FALSE
"thoracic-abdominal","reproductive",1,"abdomen",FALSE
"hind leg","head",0.00000000000000000000000000000000000000000000000000000105047213048128,"reproductive",TRUE
"middle leg","head",0.0000000000000000000000000000000000000192583799935648,"reproductive",TRUE
"proboscis","head",0.000000000000000000000000000000000000780003552785285,"reproductive",TRUE
"hind leg","antenna",0.0000000000000000000000000000000000453745008910591,"reproductive",TRUE
"reproductive","head",0.0000000000000000000000000000016486633780199,"reproductive",TRUE
"proboscis","antenna",0.00000000000000000000000000000879817447237327,"reproductive",TRUE
"pharynx","head",0.0000000000000000000000000000130819734958446,"reproductive",TRUE
"wing","head",0.000000000000000000000000000117801927421023,"reproductive",TRUE
"reproductive","antenna",0.0000000000000000000000000838931130012604,"reproductive",TRUE
"thoracic-abdominal","head",0.000000000000000000000000427894320286535,"reproductive",TRUE
"pharynx","antenna",0.0000000000000000000000336146894200968,"reproductive",TRUE
"middle leg","antenna",0.0000000000000000000000423199481451595,"reproductive",TRUE
"thoracic-abdominal","antenna",0.0000000000000000000000899406621041739,"reproductive",TRUE
"thorax","head",0.000000000000000000000243970822377992,"reproductive",TRUE
"thorax","antenna",0.0000000000000000000177499635368918,"reproductive",TRUE
"head","front leg",0.0000000000000000000625885650793631,"reproductive",TRUE
"head","haltere",0.00000000000000000248236585904838,"reproductive",TRUE
"hemolymph","head",0.000000000000000107304296652209,"reproductive",TRUE
"head","enteric",0.00000000000000013606375430362,"reproductive",TRUE
"wing","antenna",0.000000000000000307813744399198,"reproductive",TRUE
"reproductive","front leg",0.000000000000000356708843325594,"reproductive",TRUE
"wing","reproductive",0.00000000000000165846546605012,"reproductive",TRUE
"hemolymph","antenna",0.00000000000000260992916848827,"reproductive",TRUE
"enteric","antenna",0.00000000000000319430586926371,"reproductive",TRUE
"proboscis","neck",0.00000000000000423828921610325,"reproductive",TRUE
"reproductive","neck",0.00000000000000469846339035178,"reproductive",TRUE
"reproductive","haltere",0.00000000000000667406382784775,"reproductive",TRUE
"reproductive","hind leg",0.00000000000000757552414206575,"reproductive",TRUE
"thoracic-abdominal","neck",0.0000000000000108638461283489,"reproductive",TRUE
"head","abdomen",0.0000000000000125553254757885,"reproductive",TRUE
"thoracic-abdominal","haltere",0.0000000000000313845167958489,"reproductive",TRUE
"reproductive","middle leg",0.0000000000000422685718431665,"reproductive",TRUE
"hind leg","abdomen",0.00000000000016646902176792,"reproductive",TRUE
"thorax","neck",0.000000000000463508554607504,"reproductive",TRUE
"front leg","abdomen",0.000000000000848344797334844,"reproductive",TRUE
"middle leg","abdomen",0.00000000000212318710161734,"reproductive",TRUE
"reproductive","body chordotonal",0.00000000000332212966473307,"reproductive",TRUE
"front leg","antenna",0.0000000000036554976723069,"reproductive",TRUE
"antenna","abdomen",0.00000000000416547763935789,"reproductive",TRUE
"haltere","antenna",0.00000000000538894650508165,"reproductive",TRUE
"pharynx","neck",0.0000000000060217866282698,"reproductive",TRUE
"proboscis","body chordotonal",0.0000000000101488678483918,"reproductive",TRUE
"neck","hind leg",0.0000000000101844858932183,"reproductive",TRUE
"wing","thoracic-abdominal",0.0000000000145734847763489,"reproductive",TRUE
"hind leg","body chordotonal",0.0000000000339958761294506,"reproductive",TRUE
"thoracic-abdominal","body chordotonal",0.0000000000507268413400686,"reproductive",TRUE
"wing","abdomen",0.0000000000551265493079076,"reproductive",TRUE
"neck","hemolymph",0.000000000180346163131926,"reproductive",TRUE
"neck","enteric",0.000000000205720215541283,"reproductive",TRUE
"thoracic-abdominal","hind leg",0.000000000245435196605806,"reproductive",TRUE
"pharynx","body chordotonal",0.000000000525953536726899,"reproductive",TRUE
"thoracic-abdominal","front leg",0.000000000525953536726899,"reproductive",TRUE
"thorax","body chordotonal",0.000000000745379593791064,"reproductive",TRUE
"proboscis","haltere",0.00000000660969375711652,"reproductive",TRUE
"hemolymph","haltere",0.00000000719791232539849,"reproductive",TRUE
"haltere","abdomen",0.00000000755653608228916,"reproductive",TRUE
"enteric","body chordotonal",0.00000000755653608228916,"reproductive",TRUE
"haltere","enteric",0.00000000760462070145231,"reproductive",TRUE
"reproductive","proboscis",0.00000000774566637675439,"reproductive",TRUE
"proboscis","abdomen",0.00000000790630263144305,"reproductive",TRUE
"hemolymph","body chordotonal",0.00000000940991798991276,"reproductive",TRUE
"thorax","haltere",0.000000026927974104901,"reproductive",TRUE
"middle leg","body chordotonal",0.0000000276952540798645,"reproductive",TRUE
"thoracic-abdominal","middle leg",0.0000000719280137696005,"reproductive",TRUE
"pharynx","abdomen",0.00000011940039521607,"reproductive",TRUE
"wing","body chordotonal",0.000000160433643829687,"reproductive",TRUE
"reproductive","pharynx",0.000000160433643829687,"reproductive",TRUE
"haltere","body chordotonal",0.000000191461140718341,"reproductive",TRUE
"wing","enteric",0.00000034435391720444,"reproductive",TRUE
"wing","hemolymph",0.000000527255716239874,"reproductive",TRUE
"neck","middle leg",0.00000054525960703011,"reproductive",TRUE
"neck","abdomen",0.00000114849323787431,"reproductive",TRUE
"thorax","abdomen",0.0000012375702017963,"reproductive",TRUE
"thoracic-abdominal","eye",0.00000236757637171596,"reproductive",TRUE
"front leg","enteric",0.00000447063487390102,"reproductive",TRUE
"thorax","reproductive",0.00000571794734043172,"reproductive",TRUE
"hemolymph","front leg",0.00000955238429643698,"reproductive",TRUE
"front leg","body chordotonal",0.0000111952535397394,"reproductive",TRUE
"hind leg","enteric",0.0000136032784052789,"reproductive",TRUE
"thoracic-abdominal","proboscis",0.0000178757647696334,"reproductive",TRUE
"hind leg","hemolymph",0.0000190093924744303,"reproductive",TRUE
"pharynx","haltere",0.0000192920195165703,"reproductive",TRUE
"reproductive","eye",0.000024840346479775,"reproductive",TRUE
"neck","head",0.000040654644321087,"reproductive",TRUE
"body chordotonal","abdomen",0.0000563819249800149,"reproductive",TRUE
"hind leg","haltere",0.0000721414753203802,"reproductive",TRUE
"middle leg","enteric",0.0000764302818560719,"reproductive",TRUE
"wing","proboscis",0.000111512625838792,"reproductive",TRUE
"head","eye",0.000116968161662216,"reproductive",TRUE
"middle leg","hemolymph",0.000140999060321272,"reproductive",TRUE
"thorax","eye",0.000146507975697101,"reproductive",TRUE
"thoracic-abdominal","pharynx",0.000146507975697101,"reproductive",TRUE
"wing","neck",0.000182540670564474,"reproductive",TRUE
"eye","enteric",0.00020161917458211,"reproductive",TRUE
"hemolymph","eye",0.00020161917458211,"reproductive",TRUE
"neck","haltere",0.000317785652570959,"reproductive",TRUE
"thorax","thoracic-abdominal",0.000332432228442225,"reproductive",TRUE
"eye","antenna",0.000460702540410948,"reproductive",TRUE
"eye","body chordotonal",0.000949862829349222,"reproductive",TRUE
"wing","thorax",0.00245867848093149,"reproductive",TRUE
"neck","front leg",0.00288188245874325,"reproductive",TRUE
"proboscis","eye",0.00312805939932689,"reproductive",TRUE
"wing","pharynx",0.0034899812629255,"reproductive",TRUE
"thorax","hemolymph",0.00402171458015413,"reproductive",TRUE
"proboscis","enteric",0.0041288302950509,"reproductive",TRUE
"hemolymph","abdomen",0.00587838774803529,"reproductive",TRUE
"proboscis","hemolymph",0.00595243049872558,"reproductive",TRUE
"eye","abdomen",0.00723915313031902,"reproductive",TRUE
"thorax","enteric",0.00775363433917686,"reproductive",TRUE
"neck","eye",0.00793781593631871,"reproductive",TRUE
"proboscis","front leg",0.00911879113793407,"reproductive",TRUE
"pharynx","enteric",0.0110616978338201,"reproductive",TRUE
"middle leg","haltere",0.0259933323681455,"reproductive",TRUE
"pharynx","hemolymph",0.0265500977553778,"reproductive",TRUE
"neck","body chordotonal",0.0278987141599958,"reproductive",TRUE
"pharynx","front leg",0.04726929469396,"reproductive",TRUE
"pharynx","eye",0.0643426375516116,"reproductive",FALSE
"wing","hind leg",0.0789724128867682,"reproductive",FALSE
"proboscis","hind leg",0.180171821339014,"reproductive",FALSE
"body chordotonal","antenna",0.181371693498589,"reproductive",FALSE
"neck","antenna",0.210635151995989,"reproductive",FALSE
"head","antenna",0.224421664631868,"reproductive",FALSE
"thorax","front leg",0.224563428016721,"reproductive",FALSE
"reproductive","hemolymph",0.224563428016721,"reproductive",FALSE
"enteric","abdomen",0.234925738892846,"reproductive",FALSE
"thorax","hind leg",0.280845732567429,"reproductive",FALSE
"hind leg","eye",0.341500310075814,"reproductive",FALSE
"proboscis","middle leg",0.423731786825532,"reproductive",FALSE
"hind leg","front leg",0.505764552385235,"reproductive",FALSE
"head","body chordotonal",0.586542700846377,"reproductive",FALSE
"reproductive","enteric",0.586542700846377,"reproductive",FALSE
"wing","middle leg",0.586542700846377,"reproductive",FALSE
"thoracic-abdominal","abdomen",0.775527435271652,"reproductive",FALSE
"pharynx","hind leg",0.922444605705164,"reproductive",FALSE
"middle leg","front leg",0.94329092162,"reproductive",FALSE
"pharynx","middle leg",0.94329092162,"reproductive",FALSE
"reproductive","abdomen",1,"reproductive",FALSE
"hemolymph","enteric",1,"reproductive",FALSE
"thoracic-abdominal","enteric",1,"reproductive",FALSE
"front leg","eye",1,"reproductive",FALSE
"haltere","eye",1,"reproductive",FALSE
"middle leg","eye",1,"reproductive",FALSE
"wing","eye",1,"reproductive",FALSE
"haltere","front leg",1,"reproductive",FALSE
"wing","front leg",1,"reproductive",FALSE
"wing","haltere",1,"reproductive",FALSE
"thoracic-abdominal","hemolymph",1,"reproductive",FALSE
"middle leg","hind leg",1,"reproductive",FALSE
"thorax","middle leg",1,"reproductive",FALSE
"proboscis","pharynx",1,"reproductive",FALSE
"thorax","pharynx",1,"reproductive",FALSE
"thorax","proboscis",1,"reproductive",FALSE
"thoracic-abdominal","reproductive",1,"reproductive",FALSE
