"Coordinate 1","Coordinate 2","Ellipsoid Dimensions","Tags","Description","Segment IDs","Parent ID","Type","ID","syn_id","size","size_bin","region","side","neuropil","pre_root_id","post_root_id","pre_status","post_status"
"(403984, 999136, 249975)","","","","ABDNM","","","Point","","82377753",5,1,"ventral_nerve_cord","left","ABDNM","720575941562933549","720575941530457112","proofread","fragment"
"(398816, 1002080, 234000)","","","","ABDNM","","","Point","","82266716",4,1,"ventral_nerve_cord","left","ABDNM","720575940868612454","720575940868994406","fragment","fragment"
"(407552, 949392, 276840)","","","","ABDNM","","","Point","","87920197",5,1,"ventral_nerve_cord","left","ABDNM","720575941540205949","720575941537583331","proofread","proofread"
"(401680, 973568, 277875)","","","","ABDNM","","","Point","","82593875",4,1,"ventral_nerve_cord","left","ABDNM","720575941475788906","720575941171275465","proofread","fragment"
"(397264, 960896, 285300)","","","","ABDNM","","","Point","","82089680",4,1,"ventral_nerve_cord","left","ABDNM","720575941007506363","720575941007526843","fragment","fragment"
"(397232, 947360, 276885)","","","","ABDNM","","","Point","","82392172",5,1,"ventral_nerve_cord","left","ABDNM","720575941618263253","720575941264807927","proofread","fragment"
"(457664, 886256, 252540)","","","","ABDNM","","","Point","","122171733",3,1,"ventral_nerve_cord","left","ABDNM","720575941654103960","720575941586379241","fragment","fragment"
"(406448, 1005216, 260595)","","","","ABDNM","","","Point","","87955187",3,1,"ventral_nerve_cord","left","ABDNM","720575941558317860","720575941568536178","proofread","fragment"
"(495136, 814480, 256950)","","","","ABDNM","","","Point","","144185034",5,1,"ventral_nerve_cord","left","ABDNM","720575941030493916","720575941030296028","fragment","fragment"
"(403552, 946976, 277965)","","","","ABDNM","","","Point","","82396968",3,1,"ventral_nerve_cord","left","ABDNM","720575941681388440","720575941178815815","fragment","fragment"
"(440528, 840544, 236115)","","","","ABDNM","","","Point","","107541271",3,1,"ventral_nerve_cord","right","ABDNM","720575941601976617","720575941504740797","proofread","fragment"
"(358528, 1011264, 268920)","","","","ABDNM","","","Point","","62689399",4,1,"ventral_nerve_cord","right","ABDNM","720575941396741994","720575941493325232","fragment","proofread"
"(385168, 957888, 260460)","","","","ABDNM","","","Point","","72849264",3,1,"ventral_nerve_cord","right","ABDNM","720575941633108640","720575941392310283","proofread","fragment"
"(433184, 868752, 236700)","","","","ABDNM","","","Point","","107189561",3,1,"ventral_nerve_cord","right","ABDNM","720575941559715876","720575941608336493","proofread","proofread"
"(439872, 878880, 227340)","","","","ABDNM","","","Point","","107030091",3,1,"ventral_nerve_cord","right","ABDNM","720575941561380397","720575941534893912","proofread","proofread"
"(384352, 990128, 252405)","","","","ABDNM","","","Point","","73230636",3,1,"ventral_nerve_cord","right","ABDNM","720575941513184003","720575941088674264","proofread","fragment"
"(423216, 895840, 245880)","","","","ABDNM","","","Point","","93250029",4,1,"ventral_nerve_cord","right","ABDNM","720575940837477955","720575941662596476","fragment","fragment"
"(365920, 1011664, 232965)","","","","ABDNM","","","Point","","66011748",3,1,"ventral_nerve_cord","right","ABDNM","720575941551070207","720575940825557914","proofread","fragment"
"(360672, 1016128, 266175)","","","","ABDNM","","","Point","","65944585",3,1,"ventral_nerve_cord","right","ABDNM","720575941294629953","720575941294708033","fragment","fragment"
"(380752, 998976, 217350)","","","","ABDNM","","","Point","","72866103",3,1,"ventral_nerve_cord","right","ABDNM","720575941658944336","720575941436464904","proofread","fragment"
"(556512, 106768, 124290)","","","","AL","","","Point","","179950012",4,1,"central_brain","left","AL","720575941494528640","720575941592119336","proofread","proofread"
"(545184, 77152, 96120)","","","","AL","","","Point","","173658539",3,1,"central_brain","left","AL","720575941498221641","720575941467736854","identified","proofread"
"(552880, 82352, 143550)","","","","AL","","","Point","","173505675",3,1,"central_brain","left","AL","720575941545168023","720575940680696241","fragment","fragment"
"(576224, 78080, 91350)","","","","AL","","","Point","","190348404",3,1,"central_brain","left","AL","720575941486511682","720575941230558792","proofread","fragment"
"(571008, 57968, 142155)","","","","AL","","","Point","","184789702",3,1,"central_brain","left","AL","720575941564149416","720575941437344761","proofread","fragment"
"(492704, 93136, 133875)","","","","AL","","","Point","","140537797",4,1,"outside","left","AL","720575941445415093","720575941445524149","identified","fragment"
"(547600, 79872, 124650)","","","","AL","","","Point","","175420073",3,1,"central_brain","left","AL","720575941575785596","720575941537753320","fragment","proofread"
"(539360, 90032, 126945)","","","","AL","","","Point","","168491380",3,1,"central_brain","left","AL","720575941519075438","720575941429058900","proofread","proofread"
"(596272, 105408, 107955)","","","","AL","","","Point","","200720233",5,1,"central_brain","left","AL","720575941411131819","720575941444451754","proofread","proofread"
"(539680, 85744, 133920)","","","","AL","","","Point","","168206025",4,1,"central_brain","left","AL","720575941474918442","720575941707023674","proofread","fragment"
"(461808, 110832, 92610)","","","","AL","","","Point","","124967532",5,1,"central_brain","right","AL","720575941496984448","720575941548900253","proofread","fragment"
"(424656, 118880, 70470)","","","","AL","","","Point","","94877516",3,1,"central_brain","right","AL","720575941651705073","720575941528134310","proofread","proofread"
"(439760, 80480, 101250)","","","","AL","","","Point","","101170711",3,1,"central_brain","right","AL","720575941411771247","720575941535144385","proofread","proofread"
"(488432, 71760, 147960)","","","","AL","","","Point","","135499033",2,1,"outside","right","AL","720575941408072548","720575941408360036","fragment","fragment"
"(383312, 95600, 110520)","","","","AL","","","Point","","69646691",3,1,"central_brain","right","AL","720575941611340874","720575940528069881","proofread","fragment"
"(453280, 67712, 135450)","","","","AL","","","Point","","115794270",5,1,"central_brain","right","AL","720575941597601669","720575941671349671","proofread","proofread"
"(459488, 77344, 91575)","","","","AL","","","Point","","115373896",4,1,"central_brain","right","AL","720575941611690086","720575940985432875","proofread","fragment"
"(403648, 49904, 140355)","","","","AL","","","Point","","77624929",3,1,"outside","right","AL","720575941355410494","720575941485356541","fragment","identified"
"(427536, 110352, 82440)","","","","AL","","","Point","","94796312",3,1,"central_brain","right","AL","720575941478490433","720575941431155936","proofread","fragment"
"(400752, 60320, 114975)","","","","AL","","","Point","","77660958",4,1,"central_brain","right","AL","720575941410638356","720575941341005076","fragment","fragment"
"(701488, 117856, 109935)","","","","AME","","","Point","","235296577",4,1,"optic_lobe","left","AME","720575940833310372","720575941630879270","fragment","proofread"
"(705616, 127488, 103050)","","","","AME","","","Point","","235646543",3,1,"optic_lobe","left","AME","720575941523862998","720575941632742626","fragment","proofread"
"(703872, 123040, 109080)","","","","AME","","","Point","","235597774",4,1,"optic_lobe","left","AME","720575940943419182","720575941489735868","fragment","fragment"
"(702992, 132992, 102690)","","","","AME","","","Point","","235350544",4,1,"optic_lobe","left","AME","720575941517165715","720575941285283160","proofread","fragment"
"(691184, 135136, 115380)","","","","AME","","","Point","","230840552",1,1,"optic_lobe","left","AME","720575941476858435","720575941238708888","fragment","fragment"
"(709120, 123728, 109485)","","","","AME","","","Point","","236331951",5,1,"optic_lobe","left","AME","720575941595868709","720575941237937998","proofread","fragment"
"(702160, 122816, 101115)","","","","AME","","","Point","","235645481",3,1,"optic_lobe","left","AME","720575941489521596","720575941489523388","fragment","fragment"
"(699632, 121920, 105975)","","","","AME","","","Point","","233146387",3,1,"optic_lobe","left","AME","720575941500544585","720575940859426750","proofread","fragment"
"(705840, 126640, 106155)","","","","AME","","","Point","","235600525",4,1,"optic_lobe","left","AME","720575941261046568","720575941523981014","fragment","fragment"
"(700336, 120240, 108270)","","","","AME","","","Point","","233146554",4,1,"optic_lobe","left","AME","720575941534638680","720575941524243959","proofread","proofread"
"(274288, 152512, 98910)","","","","AME","","","Point","","37218559",5,1,"optic_lobe","right","AME","720575941446780330","720575940764056771","identified","fragment"
"(281344, 142704, 99270)","","","","AME","","","Point","","39454298",3,1,"optic_lobe","right","AME","720575941516229187","720575940400705125","proofread","fragment"
"(281904, 153184, 104670)","","","","AME","","","Point","","39688001",3,1,"optic_lobe","right","AME","720575941003467237","720575941003438053","fragment","fragment"
"(271392, 135008, 93960)","","","","AME","","","Point","","37276911",5,1,"optic_lobe","right","AME","720575941555185435","720575940452054623","proofread","fragment"
"(269760, 145584, 83250)","","","","AME","","","Point","","37276551",4,1,"optic_lobe","right","AME","720575941595072625","720575941497379357","proofread","fragment"
"(274784, 147280, 104130)","","","","AME","","","Point","","37630568",3,1,"optic_lobe","right","AME","720575941471360477","720575941566726993","proofread","fragment"
"(270896, 143472, 92520)","","","","AME","","","Point","","37354264",5,1,"optic_lobe","right","AME","720575941516229187","720575941568010294","proofread","proofread"
"(267008, 136688, 94770)","","","","AME","","","Point","","35080690",3,1,"optic_lobe","right","AME","720575941461685318","720575941599340856","identified","fragment"
"(265920, 127408, 104670)","","","","AME","","","Point","","35024820",3,1,"outside","right","AME","720575941449359124","720575941002643862","proofread","fragment"
"(269696, 147440, 78165)","","","","AME","","","Point","","37307089",3,1,"optic_lobe","right","AME","720575941189998737","720575941497781713","fragment","fragment"
"(589024, 156064, 74475)","","","","AMMC","","","Point","","195813572",5,1,"central_brain","left","AMMC","720575941495135660","720575941424933895","fragment","fragment"
"(581008, 149648, 87075)","","","","AMMC","","","Point","","195924574",3,1,"central_brain","left","AMMC","720575941440631615","720575940743755734","proofread","fragment"
"(612496, 117536, 94680)","","","","AMMC","","","Point","","209571019",4,1,"central_brain","left","AMMC","720575940605662816","720575941568499246","fragment","proofread"
"(571392, 157600, 79695)","","","","AMMC","","","Point","","191592094",1,1,"central_brain","left","AMMC","720575940735966982","720575940736027142","fragment","fragment"
"(532192, 194256, 101115)","","","","AMMC","","","Point","","165228117",4,1,"central_brain","left","AMMC","720575941565953890","720575941507812773","proofread","proofread"
"(566944, 156912, 98820)","","","","AMMC","","","Point","","185801914",4,1,"central_brain","left","AMMC","720575941543840361","720575940470317360","proofread","fragment"
"(555824, 158528, 81495)","","","","AMMC","","","Point","","180840030",4,1,"central_brain","left","AMMC","720575941703244762","720575941433351182","proofread","proofread"
"(598032, 112048, 79380)","","","","AMMC","","","Point","","200872450",3,1,"central_brain","left","AMMC","720575941599769792","720575941458837138","proofread","fragment"
"(563184, 164128, 94410)","","","","AMMC","","","Point","","186611058",3,1,"central_brain","left","AMMC","720575941491988681","720575941457910241","proofread","fragment"
"(562464, 153056, 97830)","","","","AMMC","","","Point","","185043209",3,1,"central_brain","left","AMMC","720575941546440197","720575940482844947","proofread","fragment"
"(374000, 155904, 80910)","","","","AMMC","","","Point","","66356376",5,1,"central_brain","right","AMMC","720575941449330452","720575941466048854","proofread","proofread"
"(400656, 163664, 75195)","","","","AMMC","","","Point","","79189210",4,1,"central_brain","right","AMMC","720575941524125515","720575941526091303","proofread","fragment"
"(374816, 142432, 61245)","","","","AMMC","","","Point","","67280595",3,1,"central_brain","right","AMMC","720575941187304564","720575941187281780","fragment","fragment"
"(367616, 176832, 70065)","","","","AMMC","","","Point","","64784152",5,1,"central_brain","right","AMMC","720575941517924780","720575940407228900","proofread","fragment"
"(366832, 151552, 67725)","","","","AMMC","","","Point","","64373607",3,1,"central_brain","right","AMMC","720575941624393199","720575940781549733","fragment","fragment"
"(370448, 144960, 77940)","","","","AMMC","","","Point","","66994418",3,1,"central_brain","right","AMMC","720575941517924780","720575941467066902","proofread","proofread"
"(361392, 148208, 67905)","","","","AMMC","","","Point","","64367487",3,1,"central_brain","right","AMMC","720575941440868831","720575941515774019","proofread","proofread"
"(414672, 152080, 86715)","","","","AMMC","","","Point","","83034168",4,1,"central_brain","right","AMMC","720575941435456288","720575941014213610","proofread","fragment"
"(400512, 165808, 78165)","","","","AMMC","","","Point","","79189136",4,1,"central_brain","right","AMMC","720575941618847957","720575940890156792","proofread","fragment"
"(374928, 125808, 85545)","","","","AMMC","","","Point","","66302430",3,1,"central_brain","right","AMMC","720575941442415039","720575941594496552","proofread","proofread"
"(595760, 655584, 197325)","","","","AMNP","","","Point","","203696412",3,1,"ventral_nerve_cord","left","AMNP","720575941587908229","720575941610066172","fragment","fragment"
"(585488, 672896, 204840)","","","","AMNP","","","Point","","199316944",5,1,"ventral_nerve_cord","left","AMNP","720575941443934704","720575941443866608","fragment","fragment"
"(559248, 673296, 149805)","","","","AMNP","","","Point","","183686807",5,1,"ventral_nerve_cord","left","AMNP","720575941585842527","720575941461833924","proofread","proofread"
"(543952, 672208, 167085)","","","","AMNP","","","Point","","177853752",5,1,"ventral_nerve_cord","left","AMNP","720575941474543931","720575941364640054","proofread","fragment"
"(587024, 674896, 189360)","","","","AMNP","","","Point","","199184907",4,1,"ventral_nerve_cord","left","AMNP","720575940994107043","720575940994156451","fragment","fragment"
"(568160, 694208, 170100)","","","","AMNP","","","Point","","189333641",5,1,"ventral_nerve_cord","left","AMNP","720575941536279745","720575941435751266","proofread","fragment"
"(587680, 678208, 197640)","","","","AMNP","","","Point","","199235662",3,1,"ventral_nerve_cord","left","AMNP","720575941405843118","720575941446064031","proofread","fragment"
"(531680, 692624, 166050)","","","","AMNP","","","Point","","167099900",3,1,"ventral_nerve_cord","left","AMNP","720575941571084087","720575941628636217","fragment","proofread"
"(575088, 689664, 181845)","","","","AMNP","","","Point","","194488864",3,1,"ventral_nerve_cord","left","AMNP","720575941507530369","720575941321037626","proofread","fragment"
"(541440, 675776, 178335)","","","","AMNP","","","Point","","172365996",3,1,"ventral_nerve_cord","left","AMNP","720575941582561688","720575941403753863","fragment","fragment"
"(479936, 673040, 148725)","","","","AMNP","","","Point","","137912554",4,1,"ventral_nerve_cord","right","AMNP","720575941566364982","720575941614929884","proofread","proofread"
"(500240, 655152, 141030)","","","","AMNP","","","Point","","148703411",3,1,"ventral_nerve_cord","right","AMNP","720575941447815700","720575941348606492","proofread","fragment"
"(436320, 686048, 179145)","","","","AMNP","","","Point","","105650412",5,1,"ventral_nerve_cord","right","AMNP","720575941511049804","720575940477024744","proofread","fragment"
"(436160, 655712, 180945)","","","","AMNP","","","Point","","105461004",3,1,"ventral_nerve_cord","right","AMNP","720575941604719074","720575941013896221","fragment","fragment"
"(431552, 672768, 184455)","","","","AMNP","","","Point","","98489972",3,1,"ventral_nerve_cord","right","AMNP","720575941456340895","720575941089287052","proofread","fragment"
"(492560, 690688, 160965)","","","","AMNP","","","Point","","143327392",5,1,"ventral_nerve_cord","right","AMNP","720575941539026674","720575941119562461","proofread","fragment"
"(489168, 657648, 152460)","","","","AMNP","","","Point","","143380451",4,1,"ventral_nerve_cord","right","AMNP","720575941510651152","720575940858751385","proofread","fragment"
"(446624, 680128, 170460)","","","","AMNP","","","Point","","112831921",4,1,"ventral_nerve_cord","right","AMNP","720575941449893721","720575941449921625","fragment","fragment"
"(423552, 672512, 185625)","","","","AMNP","","","Point","","92069964",3,1,"ventral_nerve_cord","right","AMNP","720575941576934645","720575941402515013","proofread","fragment"
"(466624, 668448, 173340)","","","","AMNP","","","Point","","126753271",4,1,"ventral_nerve_cord","right","AMNP","720575941439915308","720575940896365137","proofread","fragment"
"(602304, 655968, 226125)","","","","AMNp","","","Point","","207904050",4,1,"ventral_nerve_cord","left","AMNp","720575941644236232","720575941483542714","proofread","proofread"
"(602064, 655872, 226935)","","","","AMNp","","","Point","","207903905",3,1,"ventral_nerve_cord","left","AMNp","720575941579809013","720575940949988802","proofread","fragment"
"(583072, 694080, 190485)","","","","AMNp","","","Point","","199225915",3,1,"ventral_nerve_cord","left","AMNp","720575941456201887","720575940997977547","proofread","fragment"
"(560496, 666080, 180360)","","","","AMNp","","","Point","","183376436",4,1,"ventral_nerve_cord","left","AMNp","720575941469720029","720575940756962600","proofread","fragment"
"(603648, 655056, 224550)","","","","AMNp","","","Point","","207967952",3,1,"ventral_nerve_cord","left","AMNp","720575941507728709","720575941024754047","proofread","fragment"
"(579552, 696864, 188370)","","","","AMNp","","","Point","","194227052",5,1,"ventral_nerve_cord","left","AMNp","720575941610087498","720575941131433740","proofread","fragment"
"(601792, 657744, 228330)","","","","AMNp","","","Point","","207903644",5,1,"ventral_nerve_cord","left","AMNp","720575941615613971","720575941548599924","proofread","proofread"
"(603168, 655232, 222525)","","","","AMNp","","","Point","","207967629",4,1,"ventral_nerve_cord","left","AMNp","720575941668950234","720575941668951002","fragment","fragment"
"(580656, 697024, 191250)","","","","AMNp","","","Point","","199225766",5,1,"ventral_nerve_cord","left","AMNp","720575941428498505","720575941042925233","fragment","fragment"
"(602128, 660192, 227565)","","","","AMNp","","","Point","","207903960",4,1,"ventral_nerve_cord","left","AMNp","720575941587773406","720575941535457256","proofread","proofread"
"(519264, 687424, 141930)","","","","AMNp","","","Point","","161244286",3,1,"ventral_nerve_cord","right","AMNp","720575941546814747","720575941587181879","fragment","proofread"
"(479744, 662720, 172080)","","","","AMNp","","","Point","","137862963",5,1,"ventral_nerve_cord","right","AMNp","720575941491129038","720575941104436413","proofread","fragment"
"(478864, 663472, 173025)","","","","AMNp","","","Point","","132494367",3,1,"ventral_nerve_cord","right","AMNp","720575941491129038","720575941512716612","proofread","fragment"
"(438928, 649216, 178065)","","","","AMNp","","","Point","","105278348",5,1,"ventral_nerve_cord","right","AMNp","720575941606639981","720575941473223744","proofread","proofread"
"(481808, 663344, 172305)","","","","AMNp","","","Point","","137864751",3,1,"ventral_nerve_cord","right","AMNp","720575941604286946","720575941512644676","fragment","fragment"
"(478944, 663712, 172845)","","","","AMNp","","","Point","","132466263",3,1,"ventral_nerve_cord","right","AMNp","720575941491129038","720575941484206889","proofread","fragment"
"(456656, 657424, 180405)","","","","AMNp","","","Point","","120158677",3,1,"ventral_nerve_cord","right","AMNp","720575941645099425","720575940515143711","proofread","fragment"
"(479504, 663024, 172215)","","","","AMNp","","","Point","","137862863",4,1,"ventral_nerve_cord","right","AMNp","720575941560068334","720575941104777917","proofread","fragment"
"(479312, 663424, 172530)","","","","AMNp","","","Point","","137862531",5,1,"ventral_nerve_cord","right","AMNp","720575941491129038","720575941512649540","proofread","fragment"
"(441648, 648560, 174240)","","","","AMNp","","","Point","","105279306",3,1,"ventral_nerve_cord","right","AMNp","720575941584448390","720575941545711086","proofread","fragment"
"(364320, 1016960, 274410)","","","","ANm","","","Point","","66076510",5,1,"ventral_nerve_cord","left","ANm","720575941294770241","720575941278545783","fragment","fragment"
"(401648, 948592, 293580)","","","","ANm","","","Point","","82409280",5,1,"ventral_nerve_cord","left","ANm","720575941592623911","720575941408374656","proofread","fragment"
"(448720, 876672, 283815)","","","","ANm","","","Point","","114769847",3,1,"ventral_nerve_cord","left","ANm","720575941536378200","720575941638477941","fragment","proofread"
"(392224, 969600, 294165)","","","","ANm","","","Point","","77204890",4,1,"ventral_nerve_cord","left","ANm","720575941444211562","720575940872132331","fragment","fragment"
"(416016, 978960, 293355)","","","","ANm","","","Point","","93912714",4,1,"ventral_nerve_cord","left","ANm","720575941645312200","720575941499944771","proofread","fragment"
"(402128, 953024, 294390)","","","","ANm","","","Point","","82051716",3,1,"ventral_nerve_cord","left","ANm","720575940870086094","720575941388592705","fragment","fragment"
"(469392, 845120, 281295)","","","","ANm","","","Point","","128389150",4,1,"ventral_nerve_cord","left","ANm","720575941476218945","720575941368137404","proofread","fragment"
"(383616, 989808, 291195)","","","","ANm","","","Point","","72983399",4,1,"ventral_nerve_cord","left","ANm","720575941572464798","720575941609423021","proofread","proofread"
"(412896, 990736, 291510)","","","","ANm","","","Point","","88006293",4,1,"ventral_nerve_cord","left","ANm","720575941480366755","720575941509707634","proofread","fragment"
"(481600, 808048, 271530)","","","","ANm","","","Point","","139058844",5,1,"ventral_nerve_cord","left","ANm","720575940942721942","720575941474624053","fragment","fragment"
"(436928, 823696, 256815)","","","","ANm","","","Point","","106884266",4,1,"ventral_nerve_cord","right","ANm","720575940662077316","720575940661955204","fragment","fragment"
"(424240, 856832, 267255)","","","","ANm","","","Point","","99703660",3,1,"ventral_nerve_cord","right","ANm","720575941451022688","720575941021984318","fragment","fragment"
"(429936, 845152, 261855)","","","","ANm","","","Point","","100326606",5,1,"ventral_nerve_cord","right","ANm","720575941485321424","720575941525327270","proofread","proofread"
"(427584, 850528, 265995)","","","","ANm","","","Point","","99704167",4,1,"ventral_nerve_cord","right","ANm","720575941652710552","720575941528976004","fragment","proofread"
"(364304, 1018640, 271710)","","","","ANm","","","Point","","66076506",3,1,"ventral_nerve_cord","right","ANm","720575941398989681","720575941626280330","fragment","proofread"
"(361904, 1015040, 273645)","","","","ANm","","","Point","","66075832",4,1,"ventral_nerve_cord","right","ANm","720575941612374236","720575940390333188","proofread","fragment"
"(434544, 829648, 258885)","","","","ANm","","","Point","","106811301",3,1,"ventral_nerve_cord","right","ANm","720575940596353486","720575941580343258","fragment","fragment"
"(429040, 849072, 264825)","","","","ANm","","","Point","","99783385",3,1,"ventral_nerve_cord","right","ANm","720575941514845137","720575941428028344","proofread","fragment"
"(441552, 817392, 257040)","","","","ANm","","","Point","","106752080",3,1,"ventral_nerve_cord","right","ANm","720575941557002610","720575940765029528","fragment","fragment"
"(435408, 824368, 256320)","","","","ANm","","","Point","","106882801",5,1,"ventral_nerve_cord","right","ANm","720575940634781329","720575941554888612","fragment","proofread"
"(605168, 96816, 185715)","","","","AOTU","","","Point","","205459050",5,1,"central_brain","left","AOTU","720575941671630759","720575941460329392","proofread","fragment"
"(600176, 100112, 182475)","","","","AOTU","","","Point","","205041197",4,1,"central_brain","left","AOTU","720575941345914465","720575941477667121","fragment","proofread"
"(657424, 85376, 192870)","","","","AOTU","","","Point","","223269773",5,1,"central_brain","left","AOTU","720575941417483036","720575941289479533","fragment","fragment"
"(588224, 85632, 192600)","","","","AOTU","","","Point","","195796633",5,1,"central_brain","left","AOTU","720575941480773762","720575941433359886","proofread","proofread"
"(586688, 85584, 207180)","","","","AOTU","","","Point","","195587886",3,1,"central_brain","left","AOTU","720575941450177373","720575941575879761","proofread","fragment"
"(635312, 99536, 182385)","","","","AOTU","","","Point","","215606981",4,1,"central_brain","left","AOTU","720575941316389795","720575941316385955","fragment","fragment"
"(601744, 100912, 186435)","","","","AOTU","","","Point","","205448809",4,1,"central_brain","left","AOTU","720575941505064252","720575940619516642","proofread","fragment"
"(609360, 90496, 187605)","","","","AOTU","","","Point","","208481223",3,1,"central_brain","left","AOTU","720575941482809871","720575940432449771","fragment","fragment"
"(602704, 82608, 203040)","","","","AOTU","","","Point","","204531913",4,1,"central_brain","left","AOTU","720575941489603815","720575941479392017","identified","fragment"
"(657072, 89104, 196965)","","","","AOTU","","","Point","","223210658",4,1,"central_brain","left","AOTU","720575941649531706","720575941649510714","fragment","fragment"
"(336704, 84464, 178740)","","","","AOTU","","","Point","","54185364",4,1,"central_brain","right","AOTU","720575941670791335","720575941205694553","proofread","fragment"
"(350400, 75248, 171270)","","","","AOTU","","","Point","","59806491",5,1,"central_brain","right","AOTU","720575941574474678","720575940576418887","proofread","fragment"
"(390928, 88768, 181530)","","","","AOTU","","","Point","","73504682",4,1,"central_brain","right","AOTU","720575940704148809","720575940704086857","fragment","fragment"
"(340816, 77120, 178740)","","","","AOTU","","","Point","","54292023",5,1,"central_brain","right","AOTU","720575941453711175","720575940636548272","proofread","fragment"
"(355952, 91568, 189585)","","","","AOTU","","","Point","","61329848",4,1,"central_brain","right","AOTU","720575941501731746","720575940978472685","proofread","fragment"
"(338864, 82736, 193995)","","","","AOTU","","","Point","","54180910",3,1,"central_brain","right","AOTU","720575941485177094","720575940767036593","proofread","fragment"
"(389600, 78256, 192195)","","","","AOTU","","","Point","","73588230",5,1,"central_brain","right","AOTU","720575941404913264","720575940968556230","proofread","fragment"
"(373488, 79680, 188865)","","","","AOTU","","","Point","","66110135",3,1,"central_brain","right","AOTU","720575941600474921","720575940438757613","proofread","fragment"
"(332592, 82448, 191880)","","","","AOTU","","","Point","","54170542",3,1,"central_brain","right","AOTU","720575941482330307","720575940741051437","proofread","fragment"
"(341888, 76784, 188145)","","","","AOTU","","","Point","","56845237",4,1,"central_brain","right","AOTU","720575941571914398","720575941239550420","identified","fragment"
"(522656, 151440, 217980)","","","","ATL","","","Point","","158597737",4,1,"central_brain","left","ATL","720575941451610951","720575941462341310","proofread","fragment"
"(507008, 162496, 213300)","","","","ATL","","","Point","","152837941",5,1,"central_brain","left","ATL","720575941563566504","720575940626218215","proofread","fragment"
"(518016, 168832, 203535)","","","","ATL","","","Point","","160274794",3,1,"central_brain","left","ATL","720575941463581840","720575940413366171","proofread","fragment"
"(536640, 152656, 226620)","","","","ATL","","","Point","","169845673",3,1,"central_brain","left","ATL","720575941528698022","720575941483809722","proofread","proofread"
"(546544, 155568, 228060)","","","","ATL","","","Point","","175039971",5,1,"central_brain","left","ATL","720575941543469916","720575941434932432","proofread","fragment"
"(523808, 171600, 214740)","","","","ATL","","","Point","","159236994",5,1,"central_brain","left","ATL","720575941503551979","720575941516420012","proofread","proofread"
"(519984, 157440, 209295)","","","","ATL","","","Point","","159441501",4,1,"central_brain","left","ATL","720575941411320491","720575940680939865","proofread","fragment"
"(524304, 155584, 210375)","","","","ATL","","","Point","","159331782",4,1,"central_brain","left","ATL","720575941514845283","720575941586867430","proofread","fragment"
"(518160, 167488, 206730)","","","","ATL","","","Point","","160274922",4,1,"central_brain","left","ATL","720575941569391098","720575940406328149","proofread","fragment"
"(539760, 155632, 221130)","","","","ATL","","","Point","","169999091",5,1,"central_brain","left","ATL","720575941453746754","720575941479343650","fragment","fragment"
"(460160, 155248, 213750)","","","","ATL","","","Point","","116321230",5,1,"central_brain","right","ATL","720575941538178278","720575941076046923","fragment","fragment"
"(459648, 165728, 200340)","","","","ATL","","","Point","","117083943",3,1,"central_brain","right","ATL","720575941671534503","720575941356163640","proofread","fragment"
"(453648, 158368, 214110)","","","","ATL","","","Point","","117146869",3,1,"central_brain","right","ATL","720575941516193114","720575940846484634","proofread","fragment"
"(456640, 163680, 206505)","","","","ATL","","","Point","","117637003",4,1,"central_brain","right","ATL","720575941436851662","720575941585884646","fragment","fragment"
"(471440, 180400, 196110)","","","","ATL","","","Point","","131604467",5,1,"central_brain","right","ATL","720575941438689580","720575941540257741","proofread","proofread"
"(418720, 152272, 222030)","","","","ATL","","","Point","","91244508",4,1,"central_brain","right","ATL","720575941417598478","720575941100910353","fragment","fragment"
"(419344, 148832, 223920)","","","","ATL","","","Point","","91245626",5,1,"central_brain","right","ATL","720575941471076107","720575941077929785","proofread","fragment"
"(451344, 149072, 219375)","","","","ATL","","","Point","","110192243",3,1,"central_brain","right","ATL","720575940830301192","720575941534661810","fragment","proofread"
"(470896, 166608, 200385)","","","","ATL","","","Point","","131008240",3,1,"central_brain","right","ATL","720575941295901962","720575941295993354","fragment","fragment"
"(462416, 158784, 210375)","","","","ATL","","","Point","","125558301",5,1,"central_brain","right","ATL","720575941547422388","720575941182029151","proofread","fragment"
"(647584, 129008, 136620)","","","","AVLP","","","Point","","221711020",3,1,"central_brain","left","AVLP","720575941704432346","720575941477437236","proofread","proofread"
"(605024, 134000, 128970)","","","","AVLP","","","Point","","205310239",5,1,"central_brain","left","AVLP","720575941431480783","720575940856309663","fragment","fragment"
"(664496, 104928, 106965)","","","","AVLP","","","Point","","226762679",4,1,"central_brain","left","AVLP","720575941172797858","720575941376553732","fragment","fragment"
"(599488, 123648, 160245)","","","","AVLP","","","Point","","205073804",4,1,"central_brain","left","AVLP","720575941484610251","720575941413578385","fragment","fragment"
"(658608, 136160, 175275)","","","","AVLP","","","Point","","225148152",4,1,"central_brain","left","AVLP","720575941182714534","720575941182749606","fragment","fragment"
"(654592, 146512, 147600)","","","","AVLP","","","Point","","224083953",5,1,"central_brain","left","AVLP","720575941620189567","720575941493710149","proofread","fragment"
"(625904, 109456, 162225)","","","","AVLP","","","Point","","212541260",4,1,"central_brain","left","AVLP","720575941460970822","720575941334068815","proofread","fragment"
"(636528, 113616, 96615)","","","","AVLP","","","Point","","219164770",3,1,"central_brain","left","AVLP","720575941475939963","720575941476006267","fragment","fragment"
"(683776, 138992, 136395)","","","","AVLP","","","Point","","231023842",5,1,"central_brain","left","AVLP","720575941548617205","720575941476683331","fragment","fragment"
"(613968, 102016, 150615)","","","","AVLP","","","Point","","208856455",4,1,"central_brain","left","AVLP","720575941503726117","720575940593730525","fragment","fragment"
"(321776, 81680, 138915)","","","","AVLP","","","Point","","48797690",3,1,"central_brain","right","AVLP","720575941595106678","720575941595107190","fragment","fragment"
"(338768, 122688, 134370)","","","","AVLP","","","Point","","55624304",3,1,"central_brain","right","AVLP","720575941592071052","720575941575485947","proofread","proofread"
"(346544, 107360, 111510)","","","","AVLP","","","Point","","57483087",3,1,"central_brain","right","AVLP","720575941504521963","720575940478851811","proofread","fragment"
"(312160, 119280, 90855)","","","","AVLP","","","Point","","46358108",4,1,"central_brain","right","AVLP","720575941466318870","720575941491990448","proofread","fragment"
"(318224, 91424, 114750)","","","","AVLP","","","Point","","48850692",5,1,"central_brain","right","AVLP","720575941505387800","720575940881560277","fragment","fragment"
"(383200, 118800, 126540)","","","","AVLP","","","Point","","70459584",4,1,"central_brain","right","AVLP","720575941489446564","720575941489460388","fragment","fragment"
"(305120, 121456, 156915)","","","","AVLP","","","Point","","47451167",4,1,"central_brain","right","AVLP","720575941460778255","720575941601585705","fragment","proofread"
"(347584, 117040, 107325)","","","","AVLP","","","Point","","58514129",3,1,"central_brain","right","AVLP","720575941688947183","720575940383557865","proofread","fragment"
"(368560, 114000, 105165)","","","","AVLP","","","Point","","63456399",3,1,"central_brain","right","AVLP","720575941459156146","720575941511559952","fragment","proofread"
"(319728, 147824, 130095)","","","","AVLP","","","Point","","50458235",4,1,"central_brain","right","AVLP","720575941595787478","720575941279098398","proofread","fragment"
"(556928, 111792, 186795)","","","","BU","","","Point","","180034562",4,1,"central_brain","left","BU","720575941478486558","720575941536436250","proofread","proofread"
"(543856, 118784, 181170)","","","","BU","","","Point","","173974852",4,1,"central_brain","left","BU","720575941457475534","720575941024764525","fragment","fragment"
"(550784, 109360, 187290)","","","","BU","","","Point","","173760685",4,1,"central_brain","left","BU","720575941632179938","720575941538945778","proofread","proofread"
"(546400, 119872, 172215)","","","","BU","","","Point","","174303035",3,1,"central_brain","left","BU","720575940836322454","720575940837131158","fragment","fragment"
"(549744, 117072, 193725)","","","","BU","","","Point","","174841282",3,1,"central_brain","left","BU","720575941550606881","720575940388017883","proofread","fragment"
"(558096, 110480, 184680)","","","","BU","","","Point","","179474055",5,1,"central_brain","left","BU","720575941507736353","720575940561852812","fragment","fragment"
"(547040, 118384, 173835)","","","","BU","","","Point","","174327888",4,1,"central_brain","left","BU","720575941514707644","720575940837683094","fragment","fragment"
"(553408, 117120, 173250)","","","","BU","","","Point","","179310194",5,1,"central_brain","left","BU","720575941454308521","720575941515476668","proofread","fragment"
"(548576, 115392, 172395)","","","","BU","","","Point","","173651549",4,1,"central_brain","left","BU","720575941512419794","720575941514599612","proofread","fragment"
"(552832, 118704, 172800)","","","","BU","","","Point","","174337700",2,1,"central_brain","left","BU","720575941515545020","720575941515545532","fragment","fragment"
"(408896, 114384, 180270)","","","","BU","","","Point","","83367443",4,1,"central_brain","right","BU","720575941600029052","720575941502374123","fragment","proofread"
"(420640, 112752, 183870)","","","","BU","","","Point","","89833167",4,1,"central_brain","right","BU","720575940565232757","720575940565260405","fragment","fragment"
"(418080, 119232, 178290)","","","","BU","","","Point","","88706593",3,1,"central_brain","right","BU","720575941579692153","720575941517395465","proofread","fragment"
"(418928, 112688, 186525)","","","","BU","","","Point","","88592086",4,1,"central_brain","right","BU","720575941555632804","720575940466103118","proofread","fragment"
"(420720, 117984, 175320)","","","","BU","","","Point","","88707775",3,1,"central_brain","right","BU","720575941517222665","720575941287606167","fragment","fragment"
"(409632, 111984, 178920)","","","","BU","","","Point","","83367679",3,1,"central_brain","right","BU","720575941592811404","720575941599990140","proofread","fragment"
"(416240, 116752, 176310)","","","","BU","","","Point","","88705944",3,1,"central_brain","right","BU","720575941652139025","720575941514342803","proofread","proofread"
"(411248, 112464, 184095)","","","","BU","","","Point","","83368564",4,1,"central_brain","right","BU","720575941624875175","720575941624859559","fragment","fragment"
"(417696, 114848, 173655)","","","","BU","","","Point","","88706460",5,1,"central_brain","right","BU","720575941680575677","720575941487348868","proofread","fragment"
"(428416, 116672, 179910)","","","","BU","","","Point","","95275763",5,1,"central_brain","right","BU","720575941507089246","720575940973156519","proofread","fragment"
"(510736, 192864, 107460)","","","","CAN","","","Point","","153473344",4,1,"central_brain","left","CAN","720575941605165758","720575941579221493","proofread","proofread"
"(505232, 176768, 115155)","","","","CAN","","","Point","","146738401",4,1,"central_brain","left","CAN","720575941475132993","720575941513268585","proofread","fragment"
"(508976, 203504, 114300)","","","","CAN","","","Point","","153753487",4,1,"central_brain","left","CAN","720575941535322602","720575941605165758","proofread","proofread"
"(519856, 192848, 105120)","","","","CAN","","","Point","","159391728",5,1,"central_brain","left","CAN","720575941497811555","720575940841917911","fragment","fragment"
"(510592, 195264, 118350)","","","","CAN","","","Point","","154301900",5,1,"central_brain","left","CAN","720575941544358492","720575940493152556","proofread","fragment"
"(519408, 194592, 114435)","","","","CAN","","","Point","","159679342",5,1,"central_brain","left","CAN","720575941624455114","720575940966433900","proofread","fragment"
"(505664, 175856, 122580)","","","","CAN","","","Point","","146850734",3,1,"central_brain","left","CAN","720575941644587109","720575940450225720","proofread","fragment"
"(505824, 205728, 110340)","","","","CAN","","","Point","","147200287",3,1,"central_brain","left","CAN","720575941475689820","720575941304300180","fragment","fragment"
"(514992, 201152, 110700)","","","","CAN","","","Point","","153513145",4,1,"central_brain","left","CAN","720575941450215261","720575940883003946","proofread","fragment"
"(513296, 202896, 109890)","","","","CAN","","","Point","","153756946",4,1,"central_brain","left","CAN","720575940882468906","720575940882626346","fragment","fragment"
"(452624, 193824, 117495)","","","","CAN","","","Point","","117832729",4,1,"central_brain","right","CAN","720575940840554410","720575940840574634","fragment","fragment"
"(454080, 174480, 115920)","","","","CAN","","","Point","","117467864",4,1,"central_brain","right","CAN","720575940743455556","720575941611846124","fragment","fragment"
"(457696, 183680, 124335)","","","","CAN","","","Point","","117988194",5,1,"central_brain","right","CAN","720575941542366776","720575941574715208","fragment","proofread"
"(459584, 196160, 113445)","","","","CAN","","","Point","","118197110",3,1,"central_brain","right","CAN","720575941519528046","720575941032350126","identified","fragment"
"(460576, 188464, 107685)","","","","CAN","","","Point","","118278978",5,1,"central_brain","right","CAN","720575941704055002","720575941432405207","proofread","proofread"
"(455616, 177408, 107055)","","","","CAN","","","Point","","118847347",5,1,"central_brain","right","CAN","720575941551077236","720575940428860785","proofread","fragment"
"(462592, 193280, 108135)","","","","CAN","","","Point","","124900843",4,1,"central_brain","right","CAN","720575941632367852","720575941030695876","proofread","fragment"
"(458800, 173696, 124155)","","","","CAN","","","Point","","117945590",3,1,"central_brain","right","CAN","720575941688629516","720575941646274360","proofread","fragment"
"(452144, 180816, 109440)","","","","CAN","","","Point","","117829041",1,1,"central_brain","right","CAN","720575941572671995","720575941560931087","proofread","proofread"
"(453568, 177664, 112365)","","","","CAN","","","Point","","117835279",3,1,"central_brain","right","CAN","720575940465153167","720575940465174671","fragment","fragment"
"(507936, 95568, 163125)","","","","CRE","","","Point","","152011059",5,1,"central_brain","left","CRE","720575941448327136","720575941448101856","fragment","fragment"
"(540944, 109328, 214380)","","","","CRE","","","Point","","169039802",3,1,"central_brain","left","CRE","720575941563819880","720575941563847272","fragment","fragment"
"(554496, 89392, 160605)","","","","CRE","","","Point","","179489955",4,1,"central_brain","left","CRE","720575941545732247","720575941545745303","fragment","fragment"
"(538016, 45344, 181710)","","","","CRE","","","Point","","168034610",3,1,"central_brain","left","CRE","720575940549787371","720575940549986539","fragment","fragment"
"(532096, 51872, 174510)","","","","CRE","","","Point","","162636938",5,1,"central_brain","left","CRE","720575941415582865","720575941458047989","proofread","fragment"
"(547280, 73152, 205425)","","","","CRE","","","Point","","173766609",3,1,"central_brain","left","CRE","720575941548993057","720575941487772526","proofread","fragment"
"(527680, 77872, 207990)","","","","CRE","","","Point","","163254813",3,1,"central_brain","left","CRE","720575941528137960","720575940450878880","fragment","fragment"
"(514016, 100832, 206370)","","","","CRE","","","Point","","151723291",3,1,"central_brain","left","CRE","720575941520830493","720575941414862170","fragment","fragment"
"(540752, 91184, 185265)","","","","CRE","","","Point","","168208014",5,1,"central_brain","left","CRE","720575941411560590","720575941551461846","fragment","fragment"
"(544160, 81296, 199755)","","","","CRE","","","Point","","174255770",4,1,"central_brain","left","CRE","720575941646667976","720575941461332749","proofread","fragment"
"(456000, 110304, 169920)","","","","CRE","","","Point","","115781774",4,1,"central_brain","right","CRE","720575941515199459","720575940799586625","fragment","fragment"
"(446224, 80544, 177345)","","","","CRE","","","Point","","108314855",3,1,"central_brain","right","CRE","720575941535017448","720575941088118938","fragment","fragment"
"(442960, 109328, 197370)","","","","CRE","","","Point","","108921849",4,1,"central_brain","right","CRE","720575941630852059","720575941450133341","fragment","proofread"
"(446464, 60704, 171765)","","","","CRE","","","Point","","108102000",4,1,"central_brain","right","CRE","720575941634045351","720575940405247531","fragment","fragment"
"(408784, 89088, 182115)","","","","CRE","","","Point","","83032066",3,1,"central_brain","right","CRE","720575941643008935","720575941376480035","fragment","fragment"
"(454368, 76160, 153225)","","","","CRE","","","Point","","115709983",5,1,"central_brain","right","CRE","720575941582739833","720575940387877522","proofread","fragment"
"(465200, 43600, 187515)","","","","CRE","","","Point","","123085554",4,1,"central_brain","right","CRE","720575941566064135","720575941432981669","proofread","fragment"
"(470400, 46704, 187695)","","","","CRE","","","Point","","129787304",5,1,"central_brain","right","CRE","720575941514764620","720575941510662061","proofread","fragment"
"(441056, 65072, 149670)","","","","CRE","","","Point","","101175362",3,1,"central_brain","right","CRE","720575941410370068","720575941409666324","fragment","fragment"
"(442592, 77280, 150930)","","","","CRE","","","Point","","108310332",3,1,"central_brain","right","CRE","720575940389318434","720575940397584253","fragment","fragment"
"(487712, 124768, 190215)","","","","EB","","","Point","","135783725",5,1,"central_brain","left","EB","720575941553743844","720575941679092925","proofread","proofread"
"(502048, 103808, 180990)","","","","EB","","","Point","","146419294",3,1,"central_brain","left","EB","720575941439747669","720575941538945778","proofread","proofread"
"(501008, 117968, 158445)","","","","EB","","","Point","","146214682",5,1,"central_brain","left","EB","720575941611865619","720575941643294920","proofread","proofread"
"(504224, 107760, 181485)","","","","EB","","","Point","","146421191",5,1,"central_brain","left","EB","720575941585668191","720575941372217003","proofread","fragment"
"(487936, 111776, 183195)","","","","EB","","","Point","","136118821",4,1,"central_brain","left","EB","720575941513511267","720575941515235587","proofread","proofread"
"(490832, 119472, 178065)","","","","EB","","","Point","","140624259",5,1,"central_brain","left","EB","720575941562891618","720575941572568841","proofread","proofread"
"(506592, 119360, 183465)","","","","EB","","","Point","","145938492",5,1,"central_brain","left","EB","720575941644038311","720575941437446418","fragment","proofread"
"(491216, 115872, 149760)","","","","EB","","","Point","","140792526",2,1,"central_brain","left","EB","720575941667891955","720575941521625847","proofread","proofread"
"(498864, 119856, 177255)","","","","EB","","","Point","","146383102",4,1,"central_brain","left","EB","720575941527302474","720575940858247026","fragment","fragment"
"(500992, 111024, 165825)","","","","EB","","","Point","","146448465",3,1,"central_brain","left","EB","720575941469381696","720575940973932878","proofread","fragment"
"(475456, 113920, 190080)","","","","EB","","","Point","","130462308",4,1,"central_brain","right","EB","720575941551131336","720575941408776239","fragment","proofread"
"(468480, 120496, 154260)","","","","EB","","","Point","","123689934",3,1,"central_brain","right","EB","720575941570167540","720575941553413604","proofread","proofread"
"(479760, 116704, 190350)","","","","EB","","","Point","","135897613",5,1,"central_brain","right","EB","720575941406137135","720575941535506698","proofread","proofread"
"(479664, 123280, 183015)","","","","EB","","","Point","","135996506",4,1,"central_brain","right","EB","720575941340494704","720575941601934521","fragment","proofread"
"(471616, 124704, 173430)","","","","EB","","","Point","","130299714",4,1,"central_brain","right","EB","720575941627083577","720575941642682273","proofread","proofread"
"(481296, 114688, 148365)","","","","EB","","","Point","","135767542",5,1,"central_brain","right","EB","720575941486683008","720575941486743424","fragment","fragment"
"(484352, 106608, 192780)","","","","EB","","","Point","","135682094",5,1,"central_brain","right","EB","720575941393675926","720575941443259990","proofread","fragment"
"(477952, 122880, 189360)","","","","EB","","","Point","","129914633",4,1,"central_brain","right","EB","720575941408776239","720575941430544376","proofread","proofread"
"(464688, 111488, 157500)","","","","EB","","","Point","","123770950",4,1,"central_brain","right","EB","720575941455244670","720575941688240091","fragment","proofread"
"(476032, 110224, 186300)","","","","EB","","","Point","","130115465",3,1,"central_brain","right","EB","720575941667666097","720575941556156900","proofread","proofread"
"(534976, 151168, 151245)","","","","EPA","","","Point","","170400505",5,1,"central_brain","left","EPA","720575941460455664","720575941604205558","proofread","proofread"
"(548832, 143344, 137025)","","","","EPA","","","Point","","175981331",5,1,"central_brain","left","EPA","720575941537733096","720575941435918144","proofread","fragment"
"(556032, 152416, 141030)","","","","EPA","","","Point","","179752884",4,1,"central_brain","left","EPA","720575941446718378","720575941145964254","proofread","fragment"
"(556400, 139904, 148050)","","","","EPA","","","Point","","180801651",3,1,"central_brain","left","EPA","720575941467516438","720575940728753227","proofread","fragment"
"(561504, 145440, 156285)","","","","EPA","","","Point","","181004266",4,1,"central_brain","left","EPA","720575941511438697","720575941691800539","fragment","proofread"
"(546048, 140112, 148095)","","","","EPA","","","Point","","175324596",3,1,"central_brain","left","EPA","720575941537733096","720575940795492723","proofread","fragment"
"(561920, 142048, 140850)","","","","EPA","","","Point","","180558468",3,1,"central_brain","left","EPA","720575940673966482","720575940674143122","fragment","fragment"
"(552512, 134928, 149850)","","","","EPA","","","Point","","175323997",5,1,"central_brain","left","EPA","720575941491333429","720575941445895002","proofread","fragment"
"(562032, 151280, 136890)","","","","EPA","","","Point","","180275157",5,1,"central_brain","left","EPA","720575941616623769","720575941585258118","proofread","proofread"
"(551824, 153728, 143145)","","","","EPA","","","Point","","174527092",4,1,"central_brain","left","EPA","720575941553702279","720575941167677006","proofread","fragment"
"(406720, 138848, 153045)","","","","EPA","","","Point","","84460296",5,1,"central_brain","right","EPA","720575941461795268","720575941483266246","proofread","proofread"
"(418544, 141504, 136800)","","","","EPA","","","Point","","89404558",4,1,"central_brain","right","EPA","720575941564369920","720575940664641936","proofread","fragment"
"(418976, 153968, 139545)","","","","EPA","","","Point","","88632146",5,1,"central_brain","right","EPA","720575941436585234","720575941569398830","proofread","proofread"
"(418864, 156944, 130320)","","","","EPA","","","Point","","90573986",5,1,"central_brain","right","EPA","720575941724216634","720575940615011320","identified","fragment"
"(400256, 155584, 146790)","","","","EPA","","","Point","","78427885",5,1,"central_brain","right","EPA","720575941554072382","720575941409394465","fragment","fragment"
"(410144, 132192, 153810)","","","","EPA","","","Point","","83834060",5,1,"central_brain","right","EPA","720575941440597077","720575941545836549","proofread","proofread"
"(422368, 135280, 153405)","","","","EPA","","","Point","","89956023",3,1,"central_brain","right","EPA","720575941534890404","720575941570862586","fragment","proofread"
"(413392, 138624, 156060)","","","","EPA","","","Point","","84202576",4,1,"central_brain","right","EPA","720575941472073195","720575941112485009","fragment","fragment"
"(427936, 142640, 148185)","","","","EPA","","","Point","","95478006",3,1,"central_brain","right","EPA","720575941393693334","720575940976175084","proofread","fragment"
"(416032, 146192, 130230)","","","","EPA","","","Point","","89170842",4,1,"central_brain","right","EPA","720575941548287849","720575941516000346","proofread","proofread"
"(532064, 123520, 188415)","","","","FB","","","Point","","163461478",4,1,"central_brain","left","FB","720575941516458243","720575941722447162","proofread","proofread"
"(519856, 135760, 166140)","","","","FB","","","Point","","158210016",4,1,"central_brain","left","FB","720575941485423938","720575941435875116","proofread","fragment"
"(533232, 119504, 191970)","","","","FB","","","Point","","163680193",4,1,"central_brain","left","FB","720575941571540638","720575941472445451","proofread","proofread"
"(492160, 149296, 193185)","","","","FB","","","Point","","140962654",4,1,"central_brain","left","FB","720575941461858354","720575941461993778","fragment","fragment"
"(487776, 133648, 227340)","","","","FB","","","Point","","135992669",3,1,"central_brain","left","FB","720575941506048094","720575941133894448","fragment","fragment"
"(526560, 131136, 190710)","","","","FB","","","Point","","164477454",5,1,"central_brain","left","FB","720575941556660182","720575941503590706","fragment","proofread"
"(490368, 138768, 153315)","","","","FB","","","Point","","141020122",4,1,"central_brain","left","FB","720575941467342934","720575941459221919","proofread","proofread"
"(506608, 154320, 175365)","","","","FB","","","Point","","146810784",4,1,"central_brain","left","FB","720575941488741065","720575940623737479","proofread","fragment"
"(509296, 119344, 201825)","","","","FB","","","Point","","151493334",3,1,"central_brain","left","FB","720575941392460950","720575941561290029","proofread","proofread"
"(517632, 123328, 187695)","","","","FB","","","Point","","158037672",5,1,"central_brain","left","FB","720575941354967347","720575941634734267","fragment","proofread"
"(463872, 134720, 159480)","","","","FB","","","Point","","124400136",4,1,"central_brain","right","FB","720575941553148295","720575940655216209","proofread","fragment"
"(454320, 125728, 166005)","","","","FB","","","Point","","116777349",3,1,"central_brain","right","FB","720575941507042689","720575941509449232","proofread","proofread"
"(462752, 155168, 175095)","","","","FB","","","Point","","124558266",5,1,"central_brain","right","FB","720575941411032635","720575940945095212","fragment","fragment"
"(461088, 132704, 198090)","","","","FB","","","Point","","123644343",5,1,"central_brain","right","FB","720575941600689961","720575941433194840","proofread","fragment"
"(451680, 142352, 197955)","","","","FB","","","Point","","116708565",4,1,"central_brain","right","FB","720575941596298277","720575941449051780","proofread","fragment"
"(443264, 124128, 176535)","","","","FB","","","Point","","109652143",3,1,"central_brain","right","FB","720575941573553820","720575941612980582","fragment","proofread"
"(455840, 139952, 193185)","","","","FB","","","Point","","117072100",5,1,"central_brain","right","FB","720575941533879474","720575941619170943","proofread","fragment"
"(476416, 152320, 167175)","","","","FB","","","Point","","130611079",4,1,"central_brain","right","FB","720575941428636335","720575941577347688","proofread","proofread"
"(483536, 139376, 191970)","","","","FB","","","Point","","136164694",3,1,"central_brain","right","FB","720575941720542522","720575941401996525","proofread","fragment"
"(469072, 153088, 170685)","","","","FB","","","Point","","124534798",3,1,"central_brain","right","FB","720575941513374673","720575940950261177","proofread","fragment"
"(515888, 140848, 88695)","","","","FLA","","","Point","","151652039",5,1,"central_brain","left","FLA","720575941491284199","720575940955684035","proofread","fragment"
"(517184, 139616, 71415)","","","","FLA","","","Point","","158171089",5,1,"central_brain","left","FLA","720575941634690747","720575940977942858","proofread","fragment"
"(491280, 175008, 82890)","","","","FLA","","","Point","","140776287",3,1,"central_brain","left","FLA","720575941563466152","720575940472723034","proofread","fragment"
"(510880, 161440, 80460)","","","","FLA","","","Point","","153340808",4,1,"central_brain","left","FLA","720575941591033598","720575941197721886","proofread","fragment"
"(498352, 160688, 73980)","","","","FLA","","","Point","","146565356",4,1,"central_brain","left","FLA","720575941633860037","720575941585097116","proofread","fragment"
"(518080, 156512, 98775)","","","","FLA","","","Point","","159354821",4,1,"central_brain","left","FLA","720575941583701599","720575940884105442","proofread","fragment"
"(521968, 141392, 90225)","","","","FLA","","","Point","","159079996",4,1,"central_brain","left","FLA","720575941393989124","720575941399042851","proofread","proofread"
"(506576, 140080, 81945)","","","","FLA","","","Point","","146098125",5,1,"central_brain","left","FLA","720575941506463909","720575941035080867","proofread","fragment"
"(523472, 161600, 84060)","","","","FLA","","","Point","","158723462",5,1,"central_brain","left","FLA","720575941505523043","720575941590516636","fragment","fragment"
"(512384, 142960, 83880)","","","","FLA","","","Point","","152553059",3,1,"central_brain","left","FLA","720575941570168820","720575940871006658","proofread","fragment"
"(462496, 173456, 91440)","","","","FLA","","","Point","","124380800",5,1,"central_brain","right","FLA","720575941478920527","720575941567365678","proofread","proofread"
"(450576, 135488, 89280)","","","","FLA","","","Point","","108974027",3,1,"central_brain","right","FLA","720575941496974464","720575941507034954","proofread","fragment"
"(461920, 153776, 112320)","","","","FLA","","","Point","","124102398",5,1,"central_brain","right","FLA","720575941633127621","720575941023381283","proofread","fragment"
"(451104, 154272, 83295)","","","","FLA","","","Point","","109499476",4,1,"central_brain","right","FLA","720575941465861686","720575941465087542","fragment","fragment"
"(459024, 143472, 89685)","","","","FLA","","","Point","","116874450",3,1,"central_brain","right","FLA","720575941541583133","720575941557826151","proofread","fragment"
"(449408, 149264, 99135)","","","","FLA","","","Point","","109773838",3,1,"central_brain","right","FLA","720575941644258642","720575940484996217","proofread","fragment"
"(470016, 167632, 84510)","","","","FLA","","","Point","","131025955",1,1,"central_brain","right","FLA","720575941564723456","720575941671438247","proofread","proofread"
"(464160, 133024, 74925)","","","","FLA","","","Point","","124039008",3,1,"central_brain","right","FLA","720575941482333635","720575940491646805","proofread","fragment"
"(449200, 143024, 100755)","","","","FLA","","","Point","","109399166",5,1,"central_brain","right","FLA","720575941520268248","720575940613191895","proofread","fragment"
"(448800, 141776, 94590)","","","","FLA","","","Point","","111411473",5,1,"central_brain","right","FLA","720575941430989511","720575940652394612","fragment","fragment"
"(580592, 106064, 156645)","","","","GA","","","Point","","190549132",3,1,"central_brain","left","GA","720575941663811196","720575940828910198","proofread","fragment"
"(578576, 97616, 162225)","","","","GA","","","Point","","190779040",5,1,"central_brain","left","GA","720575941730092331","720575941510433296","proofread","proofread"
"(583568, 90432, 152595)","","","","GA","","","Point","","195811728",4,1,"central_brain","left","GA","720575941564468487","720575940524906295","proofread","fragment"
"(585664, 91504, 148725)","","","","GA","","","Point","","195553345",4,1,"central_brain","left","GA","720575940496027072","720575940494863552","fragment","fragment"
"(581472, 89776, 151920)","","","","GA","","","Point","","195807775",3,1,"central_brain","left","GA","720575941520626099","720575941627083577","proofread","proofread"
"(579376, 90656, 155610)","","","","GA","","","Point","","190418232",4,1,"central_brain","left","GA","720575941489708929","720575941507231255","fragment","proofread"
"(578160, 102064, 157545)","","","","GA","","","Point","","190542915",5,1,"central_brain","left","GA","720575941510709008","720575941475555899","fragment","proofread"
"(573136, 108176, 168210)","","","","GA","","","Point","","191667576",4,1,"central_brain","left","GA","720575941550254148","720575941479807712","fragment","proofread"
"(586944, 90736, 157590)","","","","GA","","","Point","","195616995",4,1,"central_brain","left","GA","720575941413483853","720575940494803679","fragment","fragment"
"(582032, 94256, 148455)","","","","GA","","","Point","","195526574",5,1,"central_brain","left","GA","720575941576223670","720575941438689042","proofread","proofread"
"(396816, 84576, 142560)","","","","GA","","","Point","","78917944",5,1,"central_brain","right","GA","720575941572937288","720575940653081663","proofread","fragment"
"(387056, 91488, 144000)","","","","GA","","","Point","","69736217",4,1,"central_brain","right","GA","720575941472363818","720575941553485585","proofread","fragment"
"(392240, 88544, 139950)","","","","GA","","","Point","","73467540",5,1,"central_brain","right","GA","720575941547561588","720575941570167540","proofread","proofread"
"(398880, 92304, 150345)","","","","GA","","","Point","","78159539",4,1,"central_brain","right","GA","720575941474874154","720575941479167850","proofread","proofread"
"(391360, 86320, 145440)","","","","GA","","","Point","","73551745",4,1,"central_brain","right","GA","720575941643294920","720575941553465939","proofread","proofread"
"(390832, 99056, 150120)","","","","GA","","","Point","","73881715",3,1,"central_brain","right","GA","720575941597132114","720575941562190738","fragment","proofread"
"(395664, 83616, 143550)","","","","GA","","","Point","","73472410",4,1,"central_brain","right","GA","720575941432200879","720575940726949200","proofread","fragment"
"(387360, 97408, 145800)","","","","GA","","","Point","","73366467",4,1,"central_brain","right","GA","720575940700350678","720575940700277206","fragment","fragment"
"(393104, 89776, 150210)","","","","GA","","","Point","","73733450",4,1,"central_brain","right","GA","720575941614567250","720575941614441685","fragment","fragment"
"(387520, 86400, 143595)","","","","GA","","","Point","","73463720",3,1,"central_brain","right","GA","720575941437061695","720575940772708959","proofread","fragment"
"(558752, 170736, 48420)","","","","GNG","","","Point","","181430219",5,1,"central_brain","left","GNG","720575941344960555","720575941344642091","fragment","fragment"
"(553920, 221936, 105030)","","","","GNG","","","Point","","182349800",5,1,"central_brain","left","GNG","720575941414452961","720575941553264211","fragment","proofread"
"(562064, 195872, 66375)","","","","GNG","","","Point","","182294480",3,1,"central_brain","left","GNG","720575941492841136","720575941492973031","proofread","identified"
"(503008, 223264, 54045)","","","","GNG","","","Point","","147473673",5,1,"central_brain","left","GNG","720575940562212591","720575940562299375","fragment","fragment"
"(541056, 192560, 60120)","","","","GNG","","","Point","","171315803",5,1,"central_brain","left","GNG","720575941536141746","720575941461054174","proofread","fragment"
"(571384, 210056, 90945)","","","","GNG","","","Point","","187333728",2,1,"central_brain","left","GNG","720575941477270963","720575941107079851","fragment","fragment"
"(512240, 223232, 72855)","","","","GNG","","","Point","","153710112",3,1,"central_brain","left","GNG","720575941564803513","720575941491857461","fragment","proofread"
"(517232, 266832, 71100)","","","","GNG","","","Point","","160339007",3,1,"outside","left","GNG","720575940537378590","720575940537279262","fragment","fragment"
"(512960, 221776, 89235)","","","","GNG","","","Point","","153817987",4,1,"central_brain","left","GNG","720575941690954971","720575940952200096","proofread","fragment"
"(544592, 252960, 117540)","","","","GNG","","","Point","","177015641",5,1,"central_brain","left","GNG","720575941477013825","720575940636231660","proofread","fragment"
"(403840, 249808, 97245)","","","","GNG","","","Point","","80723927",5,1,"central_brain","right","GNG","720575941507987877","720575940555616347","proofread","fragment"
"(432400, 227536, 72900)","","","","GNG","","","Point","","97423880",4,1,"central_brain","right","GNG","720575941556631222","720575941479913858","fragment","proofread"
"(448944, 188320, 62640)","","","","GNG","","","Point","","110697137",5,1,"central_brain","right","GNG","720575941556195300","720575941452255730","proofread","fragment"
"(474576, 148864, 37755)","","","","GNG","","","Point","","130817050",4,1,"central_brain","right","GNG","720575941688188399","720575941022994776","proofread","fragment"
"(476304, 217344, 66735)","","","","GNG","","","Point","","131454855",5,1,"central_brain","right","GNG","720575941597051761","720575940454990985","proofread","fragment"
"(444528, 238416, 115200)","","","","GNG","","","Point","","111354314",1,1,"central_brain","right","GNG","720575941425138218","720575941482535366","fragment","proofread"
"(417040, 156784, 31455)","","","","GNG","","","Point","","90206468",5,1,"central_brain","right","GNG","720575941424408637","720575941424579389","fragment","fragment"
"(448288, 192688, 98010)","","","","GNG","","","Point","","110503973",3,1,"central_brain","right","GNG","720575941563967847","720575941438934292","proofread","fragment"
"(462960, 159584, 44505)","","","","GNG","","","Point","","125431139",3,1,"central_brain","right","GNG","720575941660555856","720575940962336634","proofread","fragment"
"(460800, 227856, 50535)","","","","GNG","","","Point","","125129008",1,1,"central_brain","right","GNG","720575941604179646","720575941093108933","proofread","fragment"
"(555888, 164768, 174825)","","","","GOR","","","Point","","180908375",4,1,"central_brain","left","GOR","720575941507476805","720575940511299397","proofread","fragment"
"(530576, 158544, 165105)","","","","GOR","","","Point","","164407865",3,1,"central_brain","left","GOR","720575941569801586","720575941429070942","proofread","fragment"
"(508480, 156128, 163845)","","","","GOR","","","Point","","152766791",3,1,"central_brain","left","GOR","720575941509891945","720575941509868649","fragment","fragment"
"(523728, 143680, 155430)","","","","GOR","","","Point","","158321404",4,1,"central_brain","left","GOR","720575941477434420","720575940585764895","fragment","fragment"
"(561584, 161424, 165555)","","","","GOR","","","Point","","181664059",4,1,"central_brain","left","GOR","720575941472459531","720575940498932935","proofread","fragment"
"(547712, 153152, 171360)","","","","GOR","","","Point","","175425123",4,1,"central_brain","left","GOR","720575941481191866","720575941545693660","fragment","fragment"
"(552576, 156832, 168705)","","","","GOR","","","Point","","175117225",5,1,"central_brain","left","GOR","720575941551023476","720575941041691274","proofread","fragment"
"(517984, 167328, 168615)","","","","GOR","","","Point","","159627420",3,1,"central_brain","left","GOR","720575940683914855","720575940684358759","fragment","fragment"
"(523216, 162032, 165645)","","","","GOR","","","Point","","159404341",3,1,"central_brain","left","GOR","720575941483106243","720575940682287773","proofread","fragment"
"(560288, 169856, 169965)","","","","GOR","","","Point","","181585640",3,1,"central_brain","left","GOR","720575940614594099","720575940615135539","fragment","fragment"
"(457216, 157248, 162000)","","","","GOR","","","Point","","118079500",3,1,"central_brain","right","GOR","720575941483053510","720575941013037058","proofread","fragment"
"(423680, 144816, 165600)","","","","GOR","","","Point","","91599382",3,1,"central_brain","right","GOR","720575941558647204","720575940820581096","proofread","fragment"
"(444160, 157456, 166050)","","","","GOR","","","Point","","110345328",5,1,"central_brain","right","GOR","720575941035897894","720575941530951763","fragment","fragment"
"(442048, 160016, 172620)","","","","GOR","","","Point","","103191744",3,1,"central_brain","right","GOR","720575941507205541","720575941024684483","proofread","fragment"
"(436176, 158384, 170865)","","","","GOR","","","Point","","103182612",5,1,"central_brain","right","GOR","720575941042425958","720575941042426214","fragment","fragment"
"(417584, 159504, 167850)","","","","GOR","","","Point","","90169460",3,1,"central_brain","right","GOR","720575941514364739","720575941613092269","proofread","identified"
"(405856, 158064, 165330)","","","","GOR","","","Point","","84833374",4,1,"central_brain","right","GOR","720575941030576701","720575941030794813","fragment","fragment"
"(406176, 154144, 158535)","","","","GOR","","","Point","","84110795",4,1,"central_brain","right","GOR","720575941600738857","720575941022161988","proofread","fragment"
"(397376, 160896, 154035)","","","","GOR","","","Point","","78987760",4,1,"central_brain","right","GOR","720575941547495092","720575940988004576","proofread","fragment"
"(399824, 154064, 154440)","","","","GOR","","","Point","","79954002",3,1,"central_brain","right","GOR","720575940926823874","720575940927434178","fragment","fragment"
"(506816, 809024, 250200)","","","","HTct","","","Point","","150000702",4,1,"ventral_nerve_cord","left","HTct","720575941476202801","720575941053133146","proofread","fragment"
"(503232, 752880, 262395)","","","","HTct","","","Point","","149401198",4,1,"ventral_nerve_cord","left","HTct","720575941491877833","720575941619865738","proofread","fragment"
"(513840, 745344, 237735)","","","","HTct","","","Point","","155753110",3,1,"ventral_nerve_cord","left","HTct","720575941566805498","720575941223426708","proofread","fragment"
"(505312, 759232, 250695)","","","","HTct","","","Point","","149700925",4,1,"ventral_nerve_cord","left","HTct","720575941616420053","720575941566895098","proofread","proofread"
"(496992, 736960, 241110)","","","","HTct","","","Point","","143982283",3,1,"ventral_nerve_cord","left","HTct","720575941473850720","720575941119912113","proofread","fragment"
"(533392, 700544, 250380)","","","","HTct","","","Point","","167362449",3,1,"ventral_nerve_cord","left","HTct","720575941411441323","720575941590250536","proofread","proofread"
"(505136, 811552, 269370)","","","","HTct","","","Point","","150046717",5,1,"ventral_nerve_cord","left","HTct","720575941567556918","720575941434381710","fragment","proofread"
"(503952, 751216, 229860)","","","","HTct","","","Point","","149438449",5,1,"ventral_nerve_cord","left","HTct","720575941438773548","720575940586993848","proofread","fragment"
"(486704, 776032, 254205)","","","","HTct","","","Point","","138762161",3,1,"ventral_nerve_cord","left","HTct","720575940888318533","720575941447279146","fragment","fragment"
"(503744, 708784, 254205)","","","","HTct","","","Point","","149152945",5,1,"ventral_nerve_cord","left","HTct","720575940993562809","720575941569529458","fragment","proofread"
"(437312, 720320, 214920)","","","","HTct","","","Point","","106014437",5,1,"ventral_nerve_cord","right","HTct","720575941522965053","720575940462358599","fragment","fragment"
"(452224, 781280, 246150)","","","","HTct","","","Point","","120975204",5,1,"ventral_nerve_cord","right","HTct","720575941485179856","720575941201351300","proofread","fragment"
"(474160, 753424, 234495)","","","","HTct","","","Point","","133426213",3,1,"ventral_nerve_cord","right","HTct","720575941539809997","720575941594515158","proofread","proofread"
"(487600, 693328, 219330)","","","","HTct","","","Point","","138121745",4,1,"ventral_nerve_cord","right","HTct","720575941572851087","720575941223531494","proofread","fragment"
"(465216, 680208, 255825)","","","","HTct","","","Point","","126949837",4,1,"ventral_nerve_cord","right","HTct","720575941626272650","720575941470540573","proofread","fragment"
"(473904, 736016, 222120)","","","","HTct","","","Point","","133780877",5,1,"ventral_nerve_cord","right","HTct","720575941542617117","720575941526681421","proofread","proofread"
"(467216, 780704, 225315)","","","","HTct","","","Point","","128092886",5,1,"ventral_nerve_cord","right","HTct","720575941473472608","720575941549753150","proofread","proofread"
"(452064, 794496, 231615)","","","","HTct","","","Point","","121435881",5,1,"ventral_nerve_cord","right","HTct","720575941652915924","720575940977071144","proofread","fragment"
"(438224, 740208, 223650)","","","","HTct","","","Point","","106254902",3,1,"ventral_nerve_cord","right","HTct","720575941473760554","720575940573689797","proofread","fragment"
"(458336, 693504, 241515)","","","","HTct","","","Point","","120379917",3,1,"ventral_nerve_cord","right","HTct","720575941613233171","720575941495591291","proofread","proofread"
"(519280, 772704, 275580)","","","","HTct_UTct_T3","","","Point","","161935878",4,1,"ventral_nerve_cord","left","HTct_UTct_T3","720575941555640740","720575940641246476","proofread","fragment"
"(515264, 697760, 259065)","","","","HTct_UTct_T3","","","Point","","155269089",4,1,"ventral_nerve_cord","left","HTct_UTct_T3","720575940801113525","720575940801047221","fragment","fragment"
"(511328, 763184, 269415)","","","","HTct_UTct_T3","","","Point","","156064278",3,1,"ventral_nerve_cord","left","HTct_UTct_T3","720575940406118807","720575940406117527","fragment","fragment"
"(517728, 778416, 273465)","","","","HTct_UTct_T3","","","Point","","161977795",4,1,"ventral_nerve_cord","left","HTct_UTct_T3","720575941516782220","720575941688267416","fragment","proofread"
"(507600, 780496, 270540)","","","","HTct_UTct_T3","","","Point","","156053266",5,1,"ventral_nerve_cord","left","HTct_UTct_T3","720575940636363208","720575941654144499","fragment","fragment"
"(506896, 762464, 267660)","","","","HTct_UTct_T3","","","Point","","156062732",4,1,"ventral_nerve_cord","left","HTct_UTct_T3","720575941471932901","720575941319715503","fragment","fragment"
"(528016, 752096, 271845)","","","","HTct_UTct_T3","","","Point","","167906822",5,1,"ventral_nerve_cord","left","HTct_UTct_T3","720575941506644540","720575941343176606","proofread","fragment"
"(540096, 762016, 264555)","","","","HTct_UTct_T3","","","Point","","173469617",4,1,"ventral_nerve_cord","left","HTct_UTct_T3","720575941506522021","720575941469139817","proofread","fragment"
"(502128, 789888, 272340)","","","","HTct_UTct_T3","","","Point","","149822348",3,1,"ventral_nerve_cord","left","HTct_UTct_T3","720575941521115319","720575941058917340","fragment","fragment"
"(532384, 771472, 264915)","","","","HTct_UTct_T3","","","Point","","167679802",5,1,"ventral_nerve_cord","left","HTct_UTct_T3","720575941438449708","720575941478399850","proofread","proofread"
"(457264, 706624, 258165)","","","","HTct_UTct_T3","","","Point","","120371342",5,1,"ventral_nerve_cord","right","HTct_UTct_T3","720575941435581740","720575940406249034","proofread","fragment"
"(463472, 711040, 259605)","","","","HTct_UTct_T3","","","Point","","127065580",4,1,"ventral_nerve_cord","right","HTct_UTct_T3","720575941444405812","720575941023200487","fragment","fragment"
"(479728, 685440, 258525)","","","","HTct_UTct_T3","","","Point","","137771344",4,1,"ventral_nerve_cord","right","HTct_UTct_T3","720575941527833016","720575940508109384","proofread","fragment"
"(480096, 675584, 255285)","","","","HTct_UTct_T3","","","Point","","137681130",4,1,"ventral_nerve_cord","right","HTct_UTct_T3","720575941458177747","720575940539990393","proofread","fragment"
"(462176, 755888, 253440)","","","","HTct_UTct_T3","","","Point","","127533243",1,1,"ventral_nerve_cord","right","HTct_UTct_T3","720575940888036429","720575941531867585","fragment","fragment"
"(471584, 700448, 258750)","","","","HTct_UTct_T3","","","Point","","132898996",4,1,"ventral_nerve_cord","right","HTct_UTct_T3","720575941486700098","720575941473497062","proofread","fragment"
"(429840, 776880, 234000)","","","","HTct_UTct_T3","","","Point","","99361301",4,1,"ventral_nerve_cord","right","HTct_UTct_T3","720575940796677929","720575940797134121","fragment","fragment"
"(467392, 695744, 260550)","","","","HTct_UTct_T3","","","Point","","126962096",3,1,"ventral_nerve_cord","right","HTct_UTct_T3","720575941602242750","720575941421752336","proofread","fragment"
"(457808, 746560, 254430)","","","","HTct_UTct_T3","","","Point","","120807380",4,1,"ventral_nerve_cord","right","HTct_UTct_T3","720575941024360246","720575941024087862","fragment","fragment"
"(472528, 698912, 259695)","","","","HTct_UTct_T3","","","Point","","133211108",3,1,"ventral_nerve_cord","right","HTct_UTct_T3","720575941461076493","720575941643100754","proofread","proofread"
"(486896, 176192, 189495)","","","","IB","","","Point","","136380428",3,1,"central_brain","left","IB","720575941489716944","720575941408698798","proofread","proofread"
"(494480, 179760, 161370)","","","","IB","","","Point","","141451959",3,1,"central_brain","left","IB","720575941557445796","720575941039086869","proofread","fragment"
"(513504, 193392, 193455)","","","","IB","","","Point","","153740527",3,1,"central_brain","left","IB","720575941564728576","720575940616728175","proofread","fragment"
"(486912, 179168, 182250)","","","","IB","","","Point","","136397332",5,1,"central_brain","left","IB","720575941599334556","720575940690543200","identified","fragment"
"(533408, 159696, 184185)","","","","IB","","","Point","","164770635",4,1,"central_brain","left","IB","720575941578560470","720575941581289174","fragment","fragment"
"(498304, 188304, 166230)","","","","IB","","","Point","","147398903",3,1,"central_brain","left","IB","720575941501963202","720575941447403339","fragment","fragment"
"(530736, 170352, 191880)","","","","IB","","","Point","","164968639",3,1,"central_brain","left","IB","720575941452917882","720575941480437739","proofread","fragment"
"(510880, 165696, 174825)","","","","IB","","","Point","","152937109",5,1,"central_brain","left","IB","720575941516707427","720575941638580085","proofread","proofread"
"(510752, 161360, 170595)","","","","IB","","","Point","","152056930",5,1,"central_brain","left","IB","720575940635311358","720575940635411710","fragment","fragment"
"(527568, 183856, 180585)","","","","IB","","","Point","","166159119",5,1,"central_brain","left","IB","720575941668467699","720575941554924571","proofread","proofread"
"(430720, 169184, 190485)","","","","IB","","","Point","","96992746",4,1,"central_brain","right","IB","720575941444062283","720575941449875893","fragment","proofread"
"(470672, 185296, 172260)","","","","IB","","","Point","","131212497",3,1,"central_brain","right","IB","720575941393603990","720575941212644387","proofread","fragment"
"(444960, 187120, 191295)","","","","IB","","","Point","","111056078",4,1,"central_brain","right","IB","720575941562314230","720575940710533237","fragment","fragment"
"(459520, 197056, 182025)","","","","IB","","","Point","","118958662",3,1,"central_brain","right","IB","720575941529352328","720575941009371415","fragment","fragment"
"(472336, 194144, 170595)","","","","IB","","","Point","","131294218",3,1,"central_brain","right","IB","720575941494177406","720575941390374149","proofread","fragment"
"(448832, 184160, 168795)","","","","IB","","","Point","","110965529",4,1,"central_brain","right","IB","720575941515358051","720575941569596718","fragment","proofread"
"(448464, 177952, 169785)","","","","IB","","","Point","","110964949",4,1,"central_brain","right","IB","720575941097230360","720575940983851038","fragment","fragment"
"(434208, 191424, 178110)","","","","IB","","","Point","","104018997",5,1,"central_brain","right","IB","720575941377472477","720575941377467357","fragment","fragment"
"(480304, 175760, 188685)","","","","IB","","","Point","","136359505",4,1,"central_brain","right","IB","720575941565130642","720575941357660675","proofread","fragment"
"(453216, 199312, 188235)","","","","IB","","","Point","","118533760",5,1,"central_brain","right","IB","720575941565854610","720575941122195569","proofread","fragment"
"(582896, 171584, 189720)","","","","ICL","","","Point","","196975788",4,1,"central_brain","left","ICL","720575941504652850","720575940465314637","proofread","fragment"
"(580784, 160736, 188865)","","","","ICL","","","Point","","197021545",3,1,"central_brain","left","ICL","720575941627074668","720575940788445291","proofread","fragment"
"(536224, 143072, 202500)","","","","ICL","","","Point","","169722784",5,1,"central_brain","left","ICL","720575941523192147","720575941177098159","fragment","fragment"
"(588048, 180912, 174690)","","","","ICL","","","Point","","197441319",3,1,"central_brain","left","ICL","720575941473290592","720575941488028844","fragment","fragment"
"(546848, 137328, 208665)","","","","ICL","","","Point","","174832730",3,1,"central_brain","left","ICL","720575941453086535","720575941455736642","proofread","fragment"
"(542224, 156224, 178380)","","","","ICL","","","Point","","169897043",4,1,"central_brain","left","ICL","720575940994945635","720575941545563356","fragment","fragment"
"(550112, 138192, 214605)","","","","ICL","","","Point","","175692040",5,1,"central_brain","left","ICL","720575941498082688","720575941529943712","proofread","fragment"
"(570416, 166752, 166635)","","","","ICL","","","Point","","186997601",5,1,"central_brain","left","ICL","720575940626819563","720575940626983147","fragment","fragment"
"(574736, 122016, 169425)","","","","ICL","","","Point","","190723956",3,1,"central_brain","left","ICL","720575941491815113","720575940831995943","proofread","fragment"
"(582896, 145648, 171000)","","","","ICL","","","Point","","196823270",5,1,"central_brain","left","ICL","720575941514761804","720575940464444782","proofread","fragment"
"(397600, 167376, 168885)","","","","ICL","","","Point","","79858234",5,1,"central_brain","right","ICL","720575941461192132","720575940781618433","proofread","fragment"
"(388608, 151072, 172125)","","","","ICL","","","Point","","74786107",5,1,"central_brain","right","ICL","720575941610658634","720575940483946295","proofread","fragment"
"(372736, 185360, 177705)","","","","ICL","","","Point","","67534323",3,1,"central_brain","right","ICL","720575941480979680","720575941449847118","proofread","proofread"
"(426128, 138208, 184680)","","","","ICL","","","Point","","95610391",3,1,"central_brain","right","ICL","720575941537191907","720575941660898727","proofread","fragment"
"(410368, 138848, 159255)","","","","ICL","","","Point","","84191986",4,1,"central_brain","right","ICL","720575941690109915","720575941114272145","proofread","fragment"
"(419680, 150480, 203940)","","","","ICL","","","Point","","89334633",3,1,"central_brain","right","ICL","720575941595626791","720575941670062257","proofread","proofread"
"(384960, 130288, 162270)","","","","ICL","","","Point","","70975606",4,1,"central_brain","right","ICL","720575941549684596","720575941614232146","proofread","fragment"
"(378592, 185600, 189270)","","","","ICL","","","Point","","72192458",3,1,"central_brain","right","ICL","720575941664348028","720575940405954082","proofread","fragment"
"(422080, 130592, 206730)","","","","ICL","","","Point","","89455615",4,1,"central_brain","right","ICL","720575941441446079","720575941236249452","proofread","fragment"
"(403152, 158704, 177165)","","","","ICL","","","Point","","79253016",4,1,"central_brain","right","ICL","720575941564710056","720575941071556634","identified","fragment"
"(547136, 241440, 130815)","","","","IPS","","","Point","","176959426",5,1,"central_brain","left","IPS","720575941546221317","720575941454244265","proofread","proofread"
"(526768, 193520, 127665)","","","","IPS","","","Point","","165415409",2,1,"central_brain","left","IPS","720575940880761448","720575940881197416","fragment","fragment"
"(579248, 208592, 121500)","","","","IPS","","","Point","","192890749",3,1,"central_brain","left","IPS","720575941549300541","720575940673011165","proofread","fragment"
"(540208, 197312, 112410)","","","","IPS","","","Point","","170955856",3,1,"central_brain","left","IPS","720575941569349370","720575940522350869","proofread","fragment"
"(538752, 230352, 132030)","","","","IPS","","","Point","","171477234",4,1,"central_brain","left","IPS","720575941448373056","720575940555040036","fragment","fragment"
"(582624, 203104, 127305)","","","","IPS","","","Point","","197792070",5,1,"central_brain","left","IPS","720575941565310215","720575940632047152","proofread","fragment"
"(543488, 215152, 122940)","","","","IPS","","","Point","","171564165",4,1,"central_brain","left","IPS","720575941516638467","720575941002083401","proofread","fragment"
"(560848, 205664, 105615)","","","","IPS","","","Point","","182132699",5,1,"central_brain","left","IPS","720575941113105728","720575941112913216","fragment","fragment"
"(528992, 240416, 122625)","","","","IPS","","","Point","","166019215",5,1,"central_brain","left","IPS","720575940556119686","720575940556120710","fragment","fragment"
"(605136, 211248, 121140)","","","","IPS","","","Point","","207064420",4,1,"central_brain","left","IPS","720575941437394143","720575941189917488","proofread","fragment"
"(412704, 195424, 116100)","","","","IPS","","","Point","","85395903",3,1,"central_brain","right","IPS","720575941450793385","720575941595590951","proofread","proofread"
"(398448, 211040, 114885)","","","","IPS","","","Point","","80018857",3,1,"central_brain","right","IPS","720575941644799826","720575941651737877","proofread","fragment"
"(367856, 209408, 98730)","","","","IPS","","","Point","","65134624",3,1,"central_brain","right","IPS","720575941515238234","720575940449100365","proofread","fragment"
"(410864, 222960, 111600)","","","","IPS","","","Point","","85499149",5,1,"central_brain","right","IPS","720575941577519961","720575940712038894","proofread","fragment"
"(452640, 217344, 135810)","","","","IPS","","","Point","","118439726",5,1,"central_brain","right","IPS","720575941519536051","720575940476495261","proofread","fragment"
"(382688, 201472, 127935)","","","","IPS","","","Point","","71777201",4,1,"central_brain","right","IPS","720575941536270360","720575940435126620","fragment","fragment"
"(380848, 217520, 117765)","","","","IPS","","","Point","","71747199",4,1,"central_brain","right","IPS","720575941406474031","720575941505880719","proofread","fragment"
"(380864, 215808, 105660)","","","","IPS","","","Point","","72051495",3,1,"central_brain","right","IPS","720575941595497509","720575940804018154","proofread","fragment"
"(419360, 213424, 111555)","","","","IPS","","","Point","","91145582",5,1,"central_brain","right","IPS","720575941638266399","720575941569015981","proofread","fragment"
"(406400, 225408, 107100)","","","","IPS","","","Point","","85706818",4,1,"central_brain","right","IPS","720575941596301607","720575941466719766","proofread","proofread"
"(550192, 695904, 225180)","","","","IntTct","","","Point","","177945988",3,1,"ventral_nerve_cord","left","IntTct","720575941458128307","720575941457797360","fragment","proofread"
"(532304, 669456, 198990)","","","","IntTct","","","Point","","166830457",5,1,"ventral_nerve_cord","left","IntTct","720575941482557882","720575941519376217","proofread","fragment"
"(559952, 622816, 177435)","","","","IntTct","","","Point","","182925826",3,1,"ventral_nerve_cord","left","IntTct","720575941393490838","720575941629359000","proofread","fragment"
"(517136, 608144, 198180)","","","","IntTct","","","Point","","160565862",4,1,"ventral_nerve_cord","left","IntTct","720575941498438523","720575940532483432","proofread","fragment"
"(516016, 660336, 208710)","","","","IntTct","","","Point","","155121352",3,1,"ventral_nerve_cord","left","IntTct","720575941411724050","720575941508861521","fragment","fragment"
"(522256, 592608, 188010)","","","","IntTct","","","Point","","160702523",4,1,"ventral_nerve_cord","left","IntTct","720575941510509072","720575940766019310","proofread","fragment"
"(503120, 655824, 215910)","","","","IntTct","","","Point","","148878566",4,1,"ventral_nerve_cord","left","IntTct","720575941692996314","720575941692979674","fragment","fragment"
"(552192, 649312, 209160)","","","","IntTct","","","Point","","177986507",5,1,"ventral_nerve_cord","left","IntTct","720575941579198585","720575940806220187","proofread","fragment"
"(528576, 644160, 199305)","","","","IntTct","","","Point","","166402786",5,1,"ventral_nerve_cord","left","IntTct","720575941568043388","720575940397500303","fragment","fragment"
"(544912, 660704, 214875)","","","","IntTct","","","Point","","177429699",4,1,"ventral_nerve_cord","left","IntTct","720575941573620744","720575940493697463","proofread","fragment"
"(486640, 608240, 181800)","","","","IntTct","","","Point","","137155567",1,1,"ventral_nerve_cord","right","IntTct","720575940964964380","720575941463160208","fragment","proofread"
"(448352, 682096, 198720)","","","","IntTct","","","Point","","112767556",3,1,"ventral_nerve_cord","right","IntTct","720575941530867075","720575941101736943","proofread","fragment"
"(470008, 681568, 182632)","","","","IntTct","","","Point","","126850283",2,1,"ventral_nerve_cord","right","IntTct","720575941721638714","720575941390672790","proofread","proofread"
"(507840, 587616, 146520)","","","","IntTct","","","Point","","154414699",4,1,"ventral_nerve_cord","right","IntTct","720575941594853590","720575940593194356","proofread","fragment"
"(490736, 640224, 196065)","","","","IntTct","","","Point","","142548882",3,1,"ventral_nerve_cord","right","IntTct","720575941513798097","720575941480587394","proofread","proofread"
"(499264, 669472, 190935)","","","","IntTct","","","Point","","149087064",4,1,"ventral_nerve_cord","right","IntTct","720575941433493191","720575941433493447","fragment","fragment"
"(478000, 684032, 178515)","","","","IntTct","","","Point","","132981046",1,1,"ventral_nerve_cord","right","IntTct","720575941467856726","720575941499725986","proofread","proofread"
"(472528, 627600, 175140)","","","","IntTct","","","Point","","132048667",4,1,"ventral_nerve_cord","right","IntTct","720575941578803025","720575940973434744","proofread","fragment"
"(476176, 664720, 187110)","","","","IntTct","","","Point","","132757845",4,1,"ventral_nerve_cord","right","IntTct","720575941536196757","720575941678519997","proofread","proofread"
"(478784, 685648, 183420)","","","","IntTct","","","Point","","133077215",3,1,"ventral_nerve_cord","right","IntTct","720575941515071299","720575941655202265","proofread","proofread"
"(564640, 118544, 131985)","","","","LAL","","","Point","","185513251",5,1,"central_brain","left","LAL","720575941585991302","720575941102447704","proofread","fragment"
"(537136, 134160, 142110)","","","","LAL","","","Point","","169344973",5,1,"central_brain","left","LAL","720575941530060472","720575941627557926","proofread","proofread"
"(519424, 104720, 147465)","","","","LAL","","","Point","","157473486",3,1,"central_brain","left","LAL","720575941520269272","720575941527568714","proofread","fragment"
"(522560, 125008, 147285)","","","","LAL","","","Point","","157343380",4,1,"central_brain","left","LAL","720575941478030477","720575940869000135","fragment","fragment"
"(530736, 104768, 147825)","","","","LAL","","","Point","","163133541",3,1,"central_brain","left","LAL","720575941372901914","720575941372786714","fragment","fragment"
"(553792, 124272, 122580)","","","","LAL","","","Point","","180862172",3,1,"central_brain","left","LAL","720575941483172026","720575940671686506","proofread","fragment"
"(581456, 128608, 115245)","","","","LAL","","","Point","","195967928",3,1,"central_brain","left","LAL","720575941591407244","720575941526364306","proofread","fragment"
"(578208, 153536, 121365)","","","","LAL","","","Point","","191491841",3,1,"central_brain","left","LAL","720575941558820004","720575940467171991","proofread","fragment"
"(534976, 106368, 150345)","","","","LAL","","","Point","","169264415",5,1,"central_brain","left","LAL","720575941669332979","720575941452794723","proofread","fragment"
"(541568, 121408, 150210)","","","","LAL","","","Point","","169172785",3,1,"central_brain","left","LAL","720575941483285889","720575941483309953","fragment","fragment"
"(410336, 141808, 103860)","","","","LAL","","","Point","","84406453",5,1,"central_brain","right","LAL","720575941563514024","720575941480046946","proofread","fragment"
"(404144, 124768, 124425)","","","","LAL","","","Point","","78817341",3,1,"central_brain","right","LAL","720575941569415162","720575940847041563","proofread","fragment"
"(416864, 113232, 146565)","","","","LAL","","","Point","","89028856",3,1,"central_brain","right","LAL","720575941472478839","720575941519464046","proofread","proofread"
"(415216, 102528, 123975)","","","","LAL","","","Point","","90289842",4,1,"central_brain","right","LAL","720575941631158754","720575941528042521","proofread","proofread"
"(422080, 106240, 141435)","","","","LAL","","","Point","","89734878",3,1,"central_brain","right","LAL","720575941647517498","720575941647641914","fragment","fragment"
"(434112, 127504, 112365)","","","","LAL","","","Point","","101553464",4,1,"central_brain","right","LAL","720575941412424593","720575941529350388","proofread","fragment"
"(398544, 135440, 129735)","","","","LAL","","","Point","","77957682",5,1,"central_brain","right","LAL","720575941565310215","720575941486644621","proofread","proofread"
"(426224, 131232, 110205)","","","","LAL","","","Point","","95801394",4,1,"central_brain","right","LAL","720575941546173876","720575941622048423","proofread","fragment"
"(392416, 124224, 117000)","","","","LAL","","","Point","","73583123",4,1,"central_brain","right","LAL","720575941469011895","720575941469025719","fragment","fragment"
"(396144, 134832, 100800)","","","","LAL","","","Point","","74018671",4,1,"central_brain","right","LAL","720575941547508841","720575941168853222","proofread","fragment"
"(639680, 139376, 213390)","","","","LH","","","Point","","219179347",4,1,"central_brain","left","LH","720575941496233482","720575941538447231","fragment","fragment"
"(691056, 136464, 237015)","","","","LH","","","Point","","232503243",5,1,"central_brain","left","LH","720575941491304396","720575940405010886","proofread","fragment"
"(660304, 154128, 213795)","","","","LH","","","Point","","223847125",4,1,"central_brain","left","LH","720575941652809713","720575941168667970","proofread","fragment"
"(696656, 141104, 213480)","","","","LH","","","Point","","233342342",4,1,"central_brain","left","LH","720575941402007331","720575941447231508","proofread","fragment"
"(640656, 160032, 194085)","","","","LH","","","Point","","220306170",3,1,"central_brain","left","LH","720575941077427737","720575941077405721","fragment","fragment"
"(676416, 158352, 196875)","","","","LH","","","Point","","228882303",3,1,"central_brain","left","LH","720575941531245850","720575941591697114","fragment","fragment"
"(674256, 151984, 218565)","","","","LH","","","Point","","228926641",5,1,"central_brain","left","LH","720575941481324000","720575940854794473","proofread","fragment"
"(678384, 132016, 213570)","","","","LH","","","Point","","229315475",5,1,"central_brain","left","LH","720575941432132961","720575941081780029","proofread","fragment"
"(698800, 119552, 221175)","","","","LH","","","Point","","234067068",5,1,"central_brain","left","LH","720575941248603640","720575941249261816","fragment","fragment"
"(674848, 146416, 218835)","","","","LH","","","Point","","228974725",2,1,"central_brain","left","LH","720575941570124532","720575941445122903","proofread","fragment"
"(300960, 120880, 199170)","","","","LH","","","Point","","44384791",4,1,"central_brain","right","LH","720575941597601669","720575940570135382","proofread","fragment"
"(346016, 125232, 211815)","","","","LH","","","Point","","58761915",3,1,"central_brain","right","LH","720575941461364691","720575941035998518","proofread","fragment"
"(304288, 129008, 227610)","","","","LH","","","Point","","46539204",4,1,"central_brain","right","LH","720575941633176773","720575941636358226","proofread","fragment"
"(331296, 128272, 204660)","","","","LH","","","Point","","52856415",3,1,"central_brain","right","LH","720575941688038924","720575941362057914","fragment","fragment"
"(314000, 152912, 189630)","","","","LH","","","Point","","50161024",3,1,"central_brain","right","LH","720575941558475428","720575941093349921","proofread","fragment"
"(308080, 154768, 179595)","","","","LH","","","Point","","47533463",4,1,"central_brain","right","LH","720575941605324397","720575941128512344","proofread","fragment"
"(313328, 144192, 198945)","","","","LH","","","Point","","47505431",5,1,"central_brain","right","LH","720575941482111139","720575941278709079","proofread","fragment"
"(295600, 141216, 179460)","","","","LH","","","Point","","45085265",3,1,"central_brain","right","LH","720575941481769891","720575941279544033","proofread","fragment"
"(312848, 147200, 216450)","","","","LH","","","Point","","47825692",3,1,"central_brain","right","LH","720575941515773901","720575940593178008","fragment","fragment"
"(328128, 136800, 187785)","","","","LH","","","Point","","53068108",3,1,"central_brain","right","LH","720575941563476904","720575940658502625","proofread","fragment"
"(615168, 596544, 208350)","","","","LNp_T1","","","Point","","211398512",3,1,"ventral_nerve_cord","left","LNp_T1","720575941016141715","720575941016057235","fragment","fragment"
"(598416, 595952, 211995)","","","","LNp_T1","","","Point","","203068365",3,1,"ventral_nerve_cord","left","LNp_T1","720575941545080252","720575941625808330","proofread","proofread"
"(646144, 589776, 167715)","","","","LNp_T1","","","Point","","223022616",4,1,"ventral_nerve_cord","left","LNp_T1","720575941585396358","720575941398161940","proofread","fragment"
"(644272, 606400, 166230)","","","","LNp_T1","","","Point","","220481534",3,1,"ventral_nerve_cord","left","LNp_T1","720575941536621802","720575940822611069","proofread","fragment"
"(635088, 617920, 117090)","","","","LNp_T1","","","Point","","217600850",4,1,"ventral_nerve_cord","left","LNp_T1","720575941461144960","720575940808376090","fragment","fragment"
"(589840, 648304, 206595)","","","","LNp_T1","","","Point","","203839092",3,1,"ventral_nerve_cord","left","LNp_T1","720575941400569515","720575941400567467","fragment","fragment"
"(642368, 619152, 138420)","","","","LNp_T1","","","Point","","220483680",5,1,"ventral_nerve_cord","left","LNp_T1","720575941554358355","720575940482323700","proofread","fragment"
"(631376, 632224, 175410)","","","","LNp_T1","","","Point","","217871198",3,1,"ventral_nerve_cord","left","LNp_T1","720575941442197595","720575941645114273","proofread","proofread"
"(639808, 597424, 113130)","","","","LNp_T1","","","Point","","220521248",4,1,"ventral_nerve_cord","left","LNp_T1","720575941541483927","720575941059437616","fragment","fragment"
"(648688, 583552, 153675)","","","","LNp_T1","","","Point","","223028815",5,1,"ventral_nerve_cord","left","LNp_T1","720575941527213240","720575940801313819","identified","fragment"
"(432368, 602592, 182970)","","","","LNp_T1","","","Point","","98261120",5,1,"ventral_nerve_cord","right","LNp_T1","720575941414321297","720575940768326677","proofread","fragment"
"(443952, 645328, 153270)","","","","LNp_T1","","","Point","","112625953",3,1,"ventral_nerve_cord","right","LNp_T1","720575940460505656","720575941614878421","fragment","proofread"
"(449248, 587232, 178650)","","","","LNp_T1","","","Point","","112366664",4,1,"ventral_nerve_cord","right","LNp_T1","720575941686035162","720575941435050113","fragment","fragment"
"(523296, 660768, 124740)","","","","LNp_T1","","","Point","","161060253",4,1,"ventral_nerve_cord","right","LNp_T1","720575941653563153","720575940870386265","proofread","fragment"
"(423456, 605136, 168975)","","","","LNp_T1","","","Point","","91827225",5,1,"ventral_nerve_cord","right","LNp_T1","720575941549394292","720575940608742463","proofread","fragment"
"(532528, 660592, 122490)","","","","LNp_T1","","","Point","","166924204",4,1,"ventral_nerve_cord","right","LNp_T1","720575941561381933","720575940999670683","proofread","fragment"
"(434816, 597792, 177435)","","","","LNp_T1","","","Point","","105153323",4,1,"ventral_nerve_cord","right","LNp_T1","720575941575416975","720575941403806548","proofread","fragment"
"(451344, 652656, 179505)","","","","LNp_T1","","","Point","","112700336",4,1,"ventral_nerve_cord","right","LNp_T1","720575941393648309","720575940710769054","fragment","fragment"
"(434704, 593120, 174015)","","","","LNp_T1","","","Point","","105153224",4,1,"ventral_nerve_cord","right","LNp_T1","720575941474456154","720575940754242147","fragment","fragment"
"(433392, 595504, 174870)","","","","LNp_T1","","","Point","","105152084",3,1,"ventral_nerve_cord","right","LNp_T1","720575941465035277","720575940710340031","proofread","fragment"
"(518960, 779456, 208350)","","","","LNp_T2","","","Point","","162342326",3,1,"ventral_nerve_cord","left","LNp_T2","720575941572787599","720575940733330714","proofread","fragment"
"(559632, 736000, 258750)","","","","LNp_T2","","","Point","","184118648",4,1,"ventral_nerve_cord","left","LNp_T2","720575941450559566","720575941072152481","proofread","fragment"
"(594656, 736784, 254115)","","","","LNp_T2","","","Point","","204025751",3,1,"ventral_nerve_cord","left","LNp_T2","720575941535121379","720575941617250431","proofread","proofread"
"(582160, 747808, 255915)","","","","LNp_T2","","","Point","","199871005",5,1,"ventral_nerve_cord","left","LNp_T2","720575941503519794","720575941488743884","proofread","proofread"
"(567552, 808576, 176355)","","","","LNp_T2","","","Point","","190155552",3,1,"ventral_nerve_cord","left","LNp_T2","720575941386397950","720575941478232350","fragment","proofread"
"(586128, 749744, 251955)","","","","LNp_T2","","","Point","","199996880",3,1,"ventral_nerve_cord","left","LNp_T2","720575941535423770","720575941347073037","proofread","fragment"
"(534576, 781824, 233685)","","","","LNp_T2","","","Point","","173400508",3,1,"ventral_nerve_cord","left","LNp_T2","720575940420861399","720575940420435415","fragment","fragment"
"(595728, 755024, 237600)","","","","LNp_T2","","","Point","","204251284",4,1,"ventral_nerve_cord","left","LNp_T2","720575941006633717","720575941684824815","fragment","proofread"
"(564672, 729840, 256950)","","","","LNp_T2","","","Point","","189346012",3,1,"ventral_nerve_cord","left","LNp_T2","720575941522604979","720575941450085703","proofread","proofread"
"(577984, 736528, 260550)","","","","LNp_T2","","","Point","","194680272",5,1,"ventral_nerve_cord","left","LNp_T2","720575941565368366","720575940809908350","proofread","fragment"
"(423744, 733344, 208575)","","","","LNp_T2","","","Point","","92581466",4,1,"ventral_nerve_cord","right","LNp_T2","720575941557819238","720575941392372211","fragment","fragment"
"(430592, 732896, 207900)","","","","LNp_T2","","","Point","","99122996",5,1,"ventral_nerve_cord","right","LNp_T2","720575941507079703","720575941436406856","proofread","fragment"
"(395536, 716608, 196425)","","","","LNp_T2","","","Point","","76320757",4,1,"ventral_nerve_cord","right","LNp_T2","720575941646349944","720575941347192371","proofread","fragment"
"(442816, 703312, 127800)","","","","LNp_T2","","","Point","","112936477",4,1,"ventral_nerve_cord","right","LNp_T2","720575941479658831","720575940731812097","proofread","fragment"
"(398048, 736992, 191610)","","","","LNp_T2","","","Point","","80928375",3,1,"ventral_nerve_cord","right","LNp_T2","720575941537626829","720575940799194422","proofread","fragment"
"(445456, 762640, 192600)","","","","LNp_T2","","","Point","","113673493",4,1,"ventral_nerve_cord","right","LNp_T2","720575941646349944","720575941094752836","proofread","fragment"
"(396528, 731648, 192915)","","","","LNp_T2","","","Point","","80926868",3,1,"ventral_nerve_cord","right","LNp_T2","720575941570949108","720575940758542704","proofread","fragment"
"(439744, 737808, 205290)","","","","LNp_T2","","","Point","","106032273",5,1,"ventral_nerve_cord","right","LNp_T2","720575941555503187","720575941472359585","proofread","fragment"
"(447008, 758432, 195975)","","","","LNp_T2","","","Point","","113282705",3,1,"ventral_nerve_cord","right","LNp_T2","720575941459555472","720575941482967837","proofread","fragment"
"(434096, 749632, 201870)","","","","LNp_T2","","","Point","","106350456",3,1,"ventral_nerve_cord","right","LNp_T2","720575941401814307","720575941543178629","proofread","fragment"
"(524240, 811008, 258390)","","","","LNp_T3","","","Point","","162312481",2,1,"ventral_nerve_cord","left","LNp_T3","720575941558455085","720575941463979533","proofread","proofread"
"(470816, 942656, 280080)","","","","LNp_T3","","","Point","","135308970",3,1,"ventral_nerve_cord","left","LNp_T3","720575941471159671","720575941377370469","proofread","fragment"
"(460704, 953392, 265545)","","","","LNp_T3","","","Point","","122476059",4,1,"ventral_nerve_cord","left","LNp_T3","720575941410561056","720575941561352686","fragment","identified"
"(483056, 882624, 301410)","","","","LNp_T3","","","Point","","139567493",4,1,"ventral_nerve_cord","left","LNp_T3","720575941561355535","720575941242998448","proofread","fragment"
"(469504, 916784, 295695)","","","","LNp_T3","","","Point","","129102073",4,1,"ventral_nerve_cord","left","LNp_T3","720575941520046007","720575941360853080","proofread","fragment"
"(496224, 905792, 296325)","","","","LNp_T3","","","Point","","145216398",4,1,"ventral_nerve_cord","left","LNp_T3","720575941352934192","720575941547643836","proofread","proofread"
"(460320, 964848, 258030)","","","","LNp_T3","","","Point","","122476968",3,1,"ventral_nerve_cord","left","LNp_T3","720575941684119448","720575941638826452","fragment","fragment"
"(483856, 921376, 294615)","","","","LNp_T3","","","Point","","140049987",4,1,"ventral_nerve_cord","left","LNp_T3","720575941687971291","720575940792226905","proofread","fragment"
"(467424, 960736, 264960)","","","","LNp_T3","","","Point","","129609479",1,1,"ventral_nerve_cord","left","LNp_T3","720575941454546679","720575941454453751","fragment","fragment"
"(463136, 945744, 273645)","","","","LNp_T3","","","Point","","129458504",5,1,"ventral_nerve_cord","left","LNp_T3","720575941253273515","720575941252921515","fragment","fragment"
"(394864, 877792, 249840)","","","","LNp_T3","","","Point","","76711719",5,1,"ventral_nerve_cord","right","LNp_T3","720575941689154828","720575941525489508","proofread","proofread"
"(382848, 956560, 210555)","","","","LNp_T3","","","Point","","72801980",3,1,"ventral_nerve_cord","right","LNp_T3","720575941435104003","720575940437138999","fragment","fragment"
"(366144, 923456, 227295)","","","","LNp_T3","","","Point","","65579504",4,1,"ventral_nerve_cord","right","LNp_T3","720575941627125817","720575940502466480","proofread","fragment"
"(371472, 929648, 228150)","","","","LNp_T3","","","Point","","68971389",3,1,"ventral_nerve_cord","right","LNp_T3","720575941512640978","720575940497600934","proofread","fragment"
"(366848, 933584, 221355)","","","","LNp_T3","","","Point","","65625379",3,1,"ventral_nerve_cord","right","LNp_T3","720575941556819713","720575941578439513","proofread","proofread"
"(364752, 917888, 231705)","","","","LNp_T3","","","Point","","65520323",5,1,"ventral_nerve_cord","right","LNp_T3","720575941590285096","720575941470220643","proofread","fragment"
"(398816, 843008, 243855)","","","","LNp_T3","","","Point","","81183279",5,1,"ventral_nerve_cord","right","LNp_T3","720575941456443807","720575941446226757","identified","fragment"
"(367888, 923872, 229455)","","","","LNp_T3","","","Point","","65580357",4,1,"ventral_nerve_cord","right","LNp_T3","720575941491605447","720575940518089582","fragment","fragment"
"(371744, 926528, 229185)","","","","LNp_T3","","","Point","","68971497",5,1,"ventral_nerve_cord","right","LNp_T3","720575941471573347","720575940498767526","fragment","fragment"
"(379584, 959936, 202635)","","","","LNp_T3","","","Point","","72626739",5,1,"ventral_nerve_cord","right","LNp_T3","720575941468970304","720575940576128821","proofread","fragment"
"(648480, 216224, 102870)","","","","LO","","","Point","","222948490",5,1,"optic_lobe","left","LO","720575941499565986","720575941442986959","fragment","fragment"
"(681760, 212576, 67410)","","","","LO","","","Point","","230394654",5,1,"optic_lobe","left","LO","720575941633590432","720575941574129161","proofread","proofread"
"(728128, 164304, 150120)","","","","LO","","","Point","","243384946",5,1,"optic_lobe","left","LO","720575941546014213","720575941261955553","proofread","fragment"
"(724816, 133024, 129195)","","","","LO","","","Point","","239946571",4,1,"optic_lobe","left","LO","720575941635352251","720575941536510296","proofread","proofread"
"(668864, 182560, 86760)","","","","LO","","","Point","","227840454",5,1,"optic_lobe","left","LO","720575941500122593","720575940935231717","proofread","fragment"
"(699488, 156976, 99135)","","","","LO","","","Point","","233315947",4,1,"optic_lobe","left","LO","720575941553532415","720575941446048426","proofread","proofread"
"(714320, 122576, 127665)","","","","LO","","","Point","","237777441",4,1,"optic_lobe","left","LO","720575941627855498","720575941535071619","proofread","identified"
"(709600, 137344, 128295)","","","","LO","","","Point","","235416063",3,1,"optic_lobe","left","LO","720575941171445253","720575941245313736","fragment","fragment"
"(713280, 140400, 140580)","","","","LO","","","Point","","237735560",4,1,"optic_lobe","left","LO","720575941473350954","720575940596912091","proofread","fragment"
"(734016, 131376, 127035)","","","","LO","","","Point","","243354451",5,1,"optic_lobe","left","LO","720575941534085093","720575941520547955","proofread","fragment"
"(296112, 218080, 148545)","","","","LO","","","Point","","45978548",5,1,"optic_lobe","right","LO","720575941573445432","720575941426902483","fragment","fragment"
"(281616, 213952, 175680)","","","","LO","","","Point","","40476561",3,1,"optic_lobe","right","LO","720575941473270283","720575941296520445","identified","fragment"
"(248000, 188752, 156195)","","","","LO","","","Point","","31079997",3,1,"optic_lobe","right","LO","720575941154985062","720575941544994459","fragment","fragment"
"(224800, 155456, 145305)","","","","LO","","","Point","","25001567",3,1,"optic_lobe","right","LO","720575941353859356","720575941347987841","fragment","fragment"
"(255328, 174736, 81675)","","","","LO","","","Point","","33443373",3,1,"optic_lobe","right","LO","720575941456956656","720575941432854946","proofread","fragment"
"(233952, 176960, 134370)","","","","LO","","","Point","","28860190",3,1,"optic_lobe","right","LO","720575941574038415","720575941257945876","proofread","fragment"
"(267552, 134624, 151785)","","","","LO","","","Point","","37487604",3,1,"optic_lobe","right","LO","720575941471045341","720575940858033778","proofread","fragment"
"(259856, 191136, 136125)","","","","LO","","","Point","","36463864",5,1,"optic_lobe","right","LO","720575941541396509","720575940678861186","proofread","fragment"
"(268640, 165056, 133245)","","","","LO","","","Point","","37947237",3,1,"optic_lobe","right","LO","720575941473107498","720575941505979301","proofread","proofread"
"(267200, 209120, 79920)","","","","LO","","","Point","","36826076",3,1,"optic_lobe","right","LO","720575941594660971","720575941609655017","identified","proofread"
"(738016, 163552, 170730)","","","","LOP","","","Point","","246314903",5,1,"optic_lobe","left","LOP","720575941446748586","720575941591707672","proofread","fragment"
"(725376, 204000, 154080)","","","","LOP","","","Point","","242078488",3,1,"optic_lobe","left","LOP","720575941510274433","720575941535392600","proofread","proofread"
"(753776, 221328, 53550)","","","","LOP","","","Point","","248670600",3,1,"optic_lobe","left","LOP","720575941555403770","720575941461749971","fragment","proofread"
"(682960, 230064, 103635)","","","","LOP","","","Point","","232708139",1,1,"optic_lobe","left","LOP","720575941542913031","720575941475325694","fragment","fragment"
"(741120, 188208, 158625)","","","","LOP","","","Point","","246849237",5,1,"optic_lobe","left","LOP","720575941439540703","720575940706357226","proofread","fragment"
"(760688, 176576, 132570)","","","","LOP","","","Point","","250701844",4,1,"optic_lobe","left","LOP","720575941461738310","720575941390857297","proofread","fragment"
"(737344, 221040, 93330)","","","","LOP","","","Point","","246777332",4,1,"optic_lobe","left","LOP","720575941543617053","720575941536822810","proofread","proofread"
"(747184, 223184, 38250)","","","","LOP","","","Point","","248950504",4,1,"optic_lobe","left","LOP","720575940460853603","720575941518235795","fragment","proofread"
"(707712, 225296, 112095)","","","","LOP","","","Point","","236684273",5,1,"optic_lobe","left","LOP","720575941524251639","720575941563703797","proofread","fragment"
"(690477, 230509, 57906)","","","","LOP","","","Point","","232702967",5,1,"optic_lobe","left","LOP","720575941491826124","720575940699452580","proofread","fragment"
"(220864, 200272, 124605)","","","","LOP","","","Point","","24195244",3,1,"optic_lobe","right","LOP","720575941438390357","720575941500382281","proofread","proofread"
"(272992, 231664, 104895)","","","","LOP","","","Point","","39046290",5,1,"optic_lobe","right","LOP","720575941517795950","720575941245154510","proofread","fragment"
"(195888, 196752, 128880)","","","","LOP","","","Point","","18669034",4,1,"optic_lobe","right","LOP","720575941508987717","720575941364541629","identified","fragment"
"(254592, 235264, 144720)","","","","LOP","","","Point","","34309970",4,1,"optic_lobe","right","LOP","720575941473125440","720575940578756337","proofread","fragment"
"(193104, 208960, 72225)","","","","LOP","","","Point","","16786629",3,1,"optic_lobe","right","LOP","720575941564284470","720575940627108026","proofread","fragment"
"(204464, 194256, 164880)","","","","LOP","","","Point","","21411029",3,1,"optic_lobe","right","LOP","720575941423679919","720575940595711069","fragment","fragment"
"(206800, 215264, 75645)","","","","LOP","","","Point","","21689621",5,1,"optic_lobe","right","LOP","720575941627139227","720575941626863929","proofread","proofread"
"(234880, 208304, 132750)","","","","LOP","","","Point","","29373115",3,1,"optic_lobe","right","LOP","720575941638696223","720575940427310982","proofread","fragment"
"(266064, 237680, 108540)","","","","LOP","","","Point","","37040257",5,1,"optic_lobe","right","LOP","720575941679264445","720575941361490282","proofread","fragment"
"(211424, 186864, 149130)","","","","LOP","","","Point","","20961717",4,1,"optic_lobe","right","LOP","720575941407845038","720575941483704829","proofread","proofread"
"(552288, 645840, 133605)","","","","LTct","","","Point","","177909245",3,1,"ventral_nerve_cord","left","LTct","720575941491506997","720575940991120230","proofread","fragment"
"(506864, 722016, 202500)","","","","LTct","","","Point","","149793867",1,1,"ventral_nerve_cord","left","LTct","720575941451960387","720575941516100954","fragment","proofread"
"(554400, 637648, 157500)","","","","LTct","","","Point","","182947259",5,1,"ventral_nerve_cord","left","LTct","720575941402823715","720575941105417297","proofread","fragment"
"(529680, 662224, 175320)","","","","LTct","","","Point","","166600852",3,1,"ventral_nerve_cord","left","LTct","720575941470633871","720575941470634127","fragment","fragment"
"(508576, 733296, 178425)","","","","LTct","","","Point","","155574170",3,1,"ventral_nerve_cord","left","LTct","720575941579945561","720575941418503129","proofread","fragment"
"(501552, 738048, 181980)","","","","LTct","","","Point","","149589299",5,1,"ventral_nerve_cord","left","LTct","720575941668481779","720575941384699865","proofread","fragment"
"(539520, 723328, 211320)","","","","LTct","","","Point","","172883137",3,1,"ventral_nerve_cord","left","LTct","720575941574746377","720575940912148836","proofread","fragment"
"(517008, 726512, 178515)","","","","LTct","","","Point","","161572878",5,1,"ventral_nerve_cord","left","LTct","720575941521525579","720575941536303858","proofread","proofread"
"(522496, 670288, 179730)","","","","LTct","","","Point","","161869521",4,1,"ventral_nerve_cord","left","LTct","720575941474434078","720575941088837111","fragment","fragment"
"(526288, 725792, 177390)","","","","LTct","","","Point","","167146852",5,1,"ventral_nerve_cord","left","LTct","720575941494330750","720575941456334751","proofread","proofread"
"(516080, 705040, 165825)","","","","LTct","","","Point","","155389867",4,1,"ventral_nerve_cord","right","LTct","720575941552129927","720575941464508865","proofread","fragment"
"(484736, 725680, 175905)","","","","LTct","","","Point","","138268862",4,1,"ventral_nerve_cord","right","LTct","720575941580279229","720575941559245038","fragment","proofread"
"(531456, 633056, 128430)","","","","LTct","","","Point","","166805666",4,1,"ventral_nerve_cord","right","LTct","720575941586314308","720575941479284960","proofread","proofread"
"(483728, 714784, 165825)","","","","LTct","","","Point","","138306807",3,1,"ventral_nerve_cord","right","LTct","720575941593904342","720575941614841045","proofread","proofread"
"(501200, 692336, 176265)","","","","LTct","","","Point","","149009679",3,1,"ventral_nerve_cord","right","LTct","720575941439278421","720575940739725791","proofread","fragment"
"(508432, 668560, 171585)","","","","LTct","","","Point","","155097914",5,1,"ventral_nerve_cord","right","LTct","720575941475633514","720575941205720290","fragment","fragment"
"(505024, 705232, 179055)","","","","LTct","","","Point","","149225606",5,1,"ventral_nerve_cord","right","LTct","720575941413455252","720575941369918597","proofread","fragment"
"(475712, 671344, 179460)","","","","LTct","","","Point","","133031340",5,1,"ventral_nerve_cord","right","LTct","720575941626271626","720575941034265522","proofread","fragment"
"(530480, 637536, 144720)","","","","LTct","","","Point","","166408210",3,1,"ventral_nerve_cord","right","LTct","720575941336192839","720575941335669831","fragment","fragment"
"(504432, 704736, 179325)","","","","LTct","","","Point","","149225212",4,1,"ventral_nerve_cord","right","LTct","720575941424973396","720575941570733420","proofread","fragment"
"(578816, 188112, 225405)","","","","MB_CA","","","Point","","193070186",5,1,"central_brain","left","MB_CA","720575941592972840","720575941485907518","proofread","fragment"
"(579008, 196256, 218745)","","","","MB_CA","","","Point","","192909757",5,1,"central_brain","left","MB_CA","720575941479047648","720575940468519174","proofread","fragment"
"(567392, 177184, 228150)","","","","MB_CA","","","Point","","186987662",3,1,"central_brain","left","MB_CA","720575941734526507","720575941463594368","proofread","fragment"
"(613920, 180208, 208980)","","","","MB_CA","","","Point","","210798925",3,1,"central_brain","left","MB_CA","720575941237399122","720575941575821176","fragment","fragment"
"(574400, 175968, 235035)","","","","MB_CA","","","Point","","192155333",5,1,"central_brain","left","MB_CA","720575941413891156","720575941411651668","fragment","fragment"
"(606080, 161552, 233010)","","","","MB_CA","","","Point","","205858541",4,1,"central_brain","left","MB_CA","720575941496971136","720575940629911893","proofread","fragment"
"(561520, 185360, 217530)","","","","MB_CA","","","Point","","181836062",5,1,"central_brain","left","MB_CA","720575940380135412","720575941533685258","fragment","proofread"
"(612272, 190272, 215595)","","","","MB_CA","","","Point","","210875975",3,1,"central_brain","left","MB_CA","720575941627520923","720575941538291861","proofread","proofread"
"(589680, 192464, 203580)","","","","MB_CA","","","Point","","197497945",4,1,"central_brain","left","MB_CA","720575941512884044","720575941604971710","fragment","proofread"
"(609632, 183024, 215010)","","","","MB_CA","","","Point","","209492960",4,1,"central_brain","left","MB_CA","720575941564011062","720575941558608676","fragment","proofread"
"(395296, 195600, 205695)","","","","MB_CA","","","Point","","75241704",3,1,"central_brain","right","MB_CA","720575941530840504","720575941489940172","proofread","proofread"
"(367248, 171216, 217485)","","","","MB_CA","","","Point","","64625025",3,1,"central_brain","right","MB_CA","720575941669349107","720575941585532126","proofread","proofread"
"(400448, 169200, 231390)","","","","MB_CA","","","Point","","80408770",3,1,"central_brain","right","MB_CA","720575941482622627","720575941674731578","proofread","fragment"
"(377440, 183872, 211725)","","","","MB_CA","","","Point","","67731573",5,1,"central_brain","right","MB_CA","720575941517877331","720575941432332247","fragment","proofread"
"(399200, 190192, 211995)","","","","MB_CA","","","Point","","80696496",4,1,"central_brain","right","MB_CA","720575941563501736","720575941489498677","proofread","proofread"
"(363248, 175472, 215550)","","","","MB_CA","","","Point","","64458522",5,1,"central_brain","right","MB_CA","720575941554922119","720575941625154762","proofread","proofread"
"(363840, 178112, 226125)","","","","MB_CA","","","Point","","64681406",4,1,"central_brain","right","MB_CA","720575941547471721","720575941391012758","proofread","fragment"
"(384320, 177584, 233190)","","","","MB_CA","","","Point","","71228167",4,1,"central_brain","right","MB_CA","720575941482622627","720575940622914892","proofread","fragment"
"(403168, 180064, 233865)","","","","MB_CA","","","Point","","79373739",4,1,"central_brain","right","MB_CA","720575941604176886","720575941553266726","proofread","fragment"
"(405008, 168720, 222300)","","","","MB_CA","","","Point","","79097792",3,1,"central_brain","right","MB_CA","720575941641538079","720575941384928250","proofread","fragment"
"(571808, 57136, 178425)","","","","MB_ML","","","Point","","190315358",4,1,"central_brain","left","MB_ML","720575941482495930","720575941643337298","fragment","proofread"
"(496256, 77072, 174015)","","","","MB_ML","","","Point","","140429907",4,1,"central_brain","left","MB_ML","720575941656845268","720575941449558621","proofread","proofread"
"(502272, 93888, 167265)","","","","MB_ML","","","Point","","145778433",4,1,"central_brain","left","MB_ML","720575941431047343","720575941330819519","fragment","fragment"
"(501696, 95728, 178290)","","","","MB_ML","","","Point","","145661666",4,1,"central_brain","left","MB_ML","720575941439309631","720575941499400012","proofread","fragment"
"(583856, 68704, 171945)","","","","MB_ML","","","Point","","195484297",3,1,"central_brain","left","MB_ML","720575941443040794","720575941443651098","fragment","fragment"
"(498608, 64880, 168975)","","","","MB_ML","","","Point","","146111941",4,1,"central_brain","left","MB_ML","720575941553906589","720575940710718688","fragment","fragment"
"(577136, 60496, 172620)","","","","MB_ML","","","Point","","190390857",3,1,"central_brain","left","MB_ML","720575941573151227","720575941348624665","fragment","fragment"
"(583040, 63600, 166095)","","","","MB_ML","","","Point","","195573696",4,1,"central_brain","left","MB_ML","720575941475915313","720575940627773027","proofread","fragment"
"(506304, 89344, 160515)","","","","MB_ML","","","Point","","145889957",4,1,"central_brain","left","MB_ML","720575941448126688","720575941498581068","fragment","fragment"
"(579008, 83920, 173115)","","","","MB_ML","","","Point","","190469272",4,1,"central_brain","left","MB_ML","720575941564876951","720575941522517323","proofread","proofread"
"(421808, 61056, 160515)","","","","MB_ML","","","Point","","88300119",5,1,"central_brain","right","MB_ML","720575941430677719","720575941218023389","proofread","fragment"
"(489056, 78592, 163080)","","","","MB_ML","","","Point","","140445229",3,1,"central_brain","right","MB_ML","720575941552141191","720575941234143743","proofread","fragment"
"(420992, 62736, 154620)","","","","MB_ML","","","Point","","88659100",3,1,"central_brain","right","MB_ML","720575941549179965","720575941216329693","proofread","fragment"
"(416800, 68928, 160335)","","","","MB_ML","","","Point","","88445668",5,1,"central_brain","right","MB_ML","720575941469116858","720575941447058535","fragment","fragment"
"(422768, 52352, 168075)","","","","MB_ML","","","Point","","88269042",4,1,"central_brain","right","MB_ML","720575941667191795","720575941508203536","fragment","fragment"
"(426832, 59792, 145170)","","","","MB_ML","","","Point","","94499481",4,1,"central_brain","right","MB_ML","720575941525447140","720575941313804269","fragment","fragment"
"(416512, 60608, 158355)","","","","MB_ML","","","Point","","88296695",5,1,"central_brain","right","MB_ML","720575941482622627","720575941524453091","proofread","fragment"
"(389152, 85792, 160335)","","","","MB_ML","","","Point","","73417901",3,1,"central_brain","right","MB_ML","720575941597551552","720575941497798369","proofread","proofread"
"(405072, 80960, 172485)","","","","MB_ML","","","Point","","77612435",5,1,"central_brain","right","MB_ML","720575941559276303","720575941519203251","proofread","proofread"
"(445696, 45040, 173115)","","","","MB_ML","","","Point","","108076421",4,1,"central_brain","right","MB_ML","720575941402093088","720575940639369595","fragment","fragment"
"(611488, 87776, 169965)","","","","MB_PED","","","Point","","208399662",4,1,"central_brain","left","MB_PED","720575941536688872","720575940589742695","proofread","fragment"
"(607712, 130736, 184635)","","","","MB_PED","","","Point","","205178048",3,1,"central_brain","left","MB_PED","720575941503929889","720575941463530672","fragment","fragment"
"(596688, 125792, 187290)","","","","MB_PED","","","Point","","200426550",3,1,"central_brain","left","MB_PED","720575941246506735","720575941246551791","fragment","fragment"
"(603216, 118272, 183375)","","","","MB_PED","","","Point","","205984955",5,1,"central_brain","left","MB_PED","720575941456690096","720575941457315534","fragment","fragment"
"(574080, 104720, 176490)","","","","MB_PED","","","Point","","190674898",3,1,"central_brain","left","MB_PED","720575941492122800","720575941543234845","proofread","proofread"
"(586656, 111952, 177660)","","","","MB_PED","","","Point","","195745957",4,1,"central_brain","left","MB_PED","720575940551567378","720575941447510197","fragment","fragment"
"(598976, 99504, 169470)","","","","MB_PED","","","Point","","200266309",4,1,"central_brain","left","MB_PED","720575941590011972","720575941403979120","proofread","proofread"
"(589760, 101648, 182835)","","","","MB_PED","","","Point","","195761211",5,1,"central_brain","left","MB_PED","720575941513673487","720575941513669903","fragment","fragment"
"(595232, 105936, 171045)","","","","MB_PED","","","Point","","200530160",5,1,"central_brain","left","MB_PED","720575941482152387","720575940613854751","identified","fragment"
"(597360, 80608, 172755)","","","","MB_PED","","","Point","","200165868",5,1,"central_brain","left","MB_PED","720575941642161016","720575941689127692","fragment","proofread"
"(389600, 90880, 155925)","","","","MB_PED","","","Point","","73418024",5,1,"central_brain","right","MB_PED","720575941466605142","720575941476655156","proofread","proofread"
"(397456, 105808, 157230)","","","","MB_PED","","","Point","","77782496",3,1,"central_brain","right","MB_PED","720575941626773962","720575940388986672","proofread","fragment"
"(387728, 108080, 166815)","","","","MB_PED","","","Point","","73593505",4,1,"central_brain","right","MB_PED","720575941547093384","720575941415411996","fragment","proofread"
"(391936, 96752, 166770)","","","","MB_PED","","","Point","","74081313",3,1,"central_brain","right","MB_PED","720575941516139354","720575941462437776","fragment","proofread"
"(380400, 85216, 158985)","","","","MB_PED","","","Point","","69831787",5,1,"central_brain","right","MB_PED","720575941553717383","720575941416009108","proofread","proofread"
"(387360, 100928, 157500)","","","","MB_PED","","","Point","","73891299",3,1,"central_brain","right","MB_PED","720575941525905252","720575940450812996","proofread","fragment"
"(379776, 114768, 160380)","","","","MB_PED","","","Point","","70508398",5,1,"central_brain","right","MB_PED","720575941556209152","720575941556215296","fragment","fragment"
"(369536, 97312, 168075)","","","","MB_PED","","","Point","","66184128",4,1,"central_brain","right","MB_PED","720575941644463736","720575941040910158","proofread","fragment"
"(384064, 101744, 161505)","","","","MB_PED","","","Point","","69807776",3,1,"central_brain","right","MB_PED","720575941606204606","720575941586084230","proofread","proofread"
"(393088, 98608, 163485)","","","","MB_PED","","","Point","","74081799",3,1,"central_brain","right","MB_PED","720575941434317198","720575941426566740","proofread","proofread"
"(574000, 106704, 210330)","","","","MB_VL","","","Point","","191389158",5,1,"central_brain","left","MB_VL","720575941486712898","720575941333753259","identified","fragment"
"(579216, 100624, 187425)","","","","MB_VL","","","Point","","190439626",4,1,"central_brain","left","MB_VL","720575941206586044","720575941206557116","fragment","fragment"
"(569200, 98816, 200880)","","","","MB_VL","","","Point","","185132026",3,1,"central_brain","left","MB_VL","720575941588637252","720575940565124800","proofread","fragment"
"(585040, 109568, 239310)","","","","MB_VL","","","Point","","196458668",4,1,"central_brain","left","MB_VL","720575941549685620","720575940696994934","proofread","fragment"
"(574144, 102176, 193230)","","","","MB_VL","","","Point","","191290821",4,1,"central_brain","left","MB_VL","720575941673002663","720575941133701501","proofread","fragment"
"(566912, 111968, 249975)","","","","MB_VL","","","Point","","186194170",4,1,"central_brain","left","MB_VL","720575940908428216","720575941014842961","fragment","fragment"
"(549776, 94512, 245025)","","","","MB_VL","","","Point","","173878576",3,1,"central_brain","left","MB_VL","720575940857023405","720575940792256891","fragment","fragment"
"(590336, 99040, 205875)","","","","MB_VL","","","Point","","200306603",4,1,"central_brain","left","MB_VL","720575941627819372","720575940641568554","proofread","fragment"
"(580992, 108496, 241020)","","","","MB_VL","","","Point","","196450427",4,1,"central_brain","left","MB_VL","720575941480332825","720575941690120344","fragment","proofread"
"(590736, 103136, 236475)","","","","MB_VL","","","Point","","200877698",5,1,"central_brain","left","MB_VL","720575941559024366","720575940831019502","proofread","fragment"
"(391088, 80688, 171090)","","","","MB_VL","","","Point","","73349823",3,1,"central_brain","right","MB_VL","720575941498067666","720575941553155411","fragment","fragment"
"(412112, 90992, 237645)","","","","MB_VL","","","Point","","83000992",3,1,"central_brain","right","MB_VL","720575941514521699","720575941352043547","fragment","fragment"
"(414976, 77040, 198765)","","","","MB_VL","","","Point","","88313093",4,1,"central_brain","right","MB_VL","720575941611385674","720575940930201712","proofread","fragment"
"(403472, 97008, 200655)","","","","MB_VL","","","Point","","77701246",3,1,"central_brain","right","MB_VL","720575941449571194","720575941538293383","fragment","fragment"
"(414496, 89392, 202275)","","","","MB_VL","","","Point","","82894668",3,1,"central_brain","right","MB_VL","720575941491905737","720575941615358937","proofread","fragment"
"(387856, 84304, 169695)","","","","MB_VL","","","Point","","73557572",3,1,"central_brain","right","MB_VL","720575941575815784","720575941498029266","proofread","fragment"
"(407248, 98336, 200880)","","","","MB_VL","","","Point","","83177103",4,1,"central_brain","right","MB_VL","720575941435542158","720575941610973357","proofread","proofread"
"(411280, 95328, 221895)","","","","MB_VL","","","Point","","85286913",5,1,"central_brain","right","MB_VL","720575941498609633","720575940847879829","fragment","fragment"
"(400400, 94208, 196695)","","","","MB_VL","","","Point","","77698609",5,1,"central_brain","right","MB_VL","720575941572952059","720575941532523478","fragment","fragment"
"(393504, 78768, 178335)","","","","MB_VL","","","Point","","73341469",3,1,"central_brain","right","MB_VL","720575941638397301","720575941561727286","proofread","fragment"
"(801728, 121264, 33165)","","","","ME","","","Point","","257704600",4,1,"optic_lobe","left","ME","720575941450946573","720575940969564929","fragment","fragment"
"(827472, 130768, 135990)","","","","ME","","","Point","","265163843",5,1,"optic_lobe","left","ME","720575941432625545","720575941429029209","proofread","fragment"
"(774560, 151328, 77535)","","","","ME","","","Point","","255152970",3,1,"optic_lobe","left","ME","720575941428247380","720575940809423437","proofread","fragment"
"(759056, 188960, 58410)","","","","ME","","","Point","","250646710",5,1,"optic_lobe","left","ME","720575941640721013","720575940506146063","proofread","fragment"
"(763984, 115776, 90765)","","","","ME","","","Point","","249705953",3,1,"optic_lobe","left","ME","720575941577964392","720575941209491696","proofread","fragment"
"(796064, 127200, 176760)","","","","ME","","","Point","","258015887",5,1,"optic_lobe","left","ME","720575941518332819","720575941456084471","proofread","fragment"
"(766064, 121904, 126540)","","","","ME","","","Point","","252116597",3,1,"optic_lobe","left","ME","720575941418268444","720575941443219273","proofread","fragment"
"(781552, 96080, 120645)","","","","ME","","","Point","","254908012",4,1,"optic_lobe","left","ME","720575941550482292","720575941088380818","proofread","fragment"
"(782464, 135408, 174915)","","","","ME","","","Point","","254146022",5,1,"optic_lobe","left","ME","720575941536219992","720575941146439231","proofread","fragment"
"(821696, 112112, 78120)","","","","ME","","","Point","","263829267",3,1,"optic_lobe","left","ME","720575941200524319","720575941200823071","fragment","fragment"
"(223408, 112032, 138150)","","","","ME","","","Point","","25154619",3,1,"optic_lobe","right","ME","720575941613767526","720575941489835580","proofread","fragment"
"(187440, 99488, 99945)","","","","ME","","","Point","","15005494",4,1,"optic_lobe","right","ME","720575941531196600","720575940933802352","proofread","fragment"
"(126720, 135024, 130770)","","","","ME","","","Point","","1048835",3,1,"optic_lobe","right","ME","720575941582949333","720575941594164261","fragment","proofread"
"(128176, 211184, 67725)","","","","ME","","","Point","","1622687",4,1,"optic_lobe","right","ME","720575941536264730","720575941264339646","proofread","fragment"
"(225184, 197744, 49410)","","","","ME","","","Point","","26493716",4,1,"optic_lobe","right","ME","720575941411161884","720575940902161283","fragment","fragment"
"(159392, 209200, 104895)","","","","ME","","","Point","","9501556",5,1,"optic_lobe","right","ME","720575941446780330","720575941144424004","identified","fragment"
"(133504, 164688, 82170)","","","","ME","","","Point","","2187686",5,1,"optic_lobe","right","ME","720575941523876863","720575941481916614","fragment","proofread"
"(152752, 150208, 46440)","","","","ME","","","Point","","6452229",5,1,"optic_lobe","right","ME","720575941659725648","720575940805637900","proofread","fragment"
"(210832, 117664, 87570)","","","","ME","","","Point","","19779353",4,1,"optic_lobe","right","ME","720575941454922221","720575941222036924","proofread","fragment"
"(211600, 136992, 111915)","","","","ME","","","Point","","21066704",5,1,"optic_lobe","right","ME","720575941087777463","720575941087777207","fragment","fragment"
"(552240, 743792, 191250)","","","","MesoNM-T2","","","Point","","178649654",5,1,"ventral_nerve_cord","left","MesoNM-T2","720575941524103524","720575940406425800","proofread","fragment"
"(576672, 773856, 176310)","","","","MesoNM-T2","","","Point","","195179124",4,1,"ventral_nerve_cord","left","MesoNM-T2","720575941434096910","720575940489597910","proofread","fragment"
"(558432, 764208, 156015)","","","","MesoNM-T2","","","Point","","184237920",5,1,"ventral_nerve_cord","left","MesoNM-T2","720575941458435283","720575941319503746","proofread","fragment"
"(560096, 731728, 253575)","","","","MesoNM-T2","","","Point","","184120518",5,1,"ventral_nerve_cord","left","MesoNM-T2","720575941441633883","720575941454008265","proofread","fragment"
"(590320, 798352, 187785)","","","","MesoNM-T2","","","Point","","204480984",5,1,"ventral_nerve_cord","left","MesoNM-T2","720575941499033431","720575940896859383","fragment","fragment"
"(562112, 731808, 189315)","","","","MesoNM-T2","","","Point","","183807282",3,1,"ventral_nerve_cord","left","MesoNM-T2","720575941549359103","720575940885482219","proofread","fragment"
"(525504, 770720, 183870)","","","","MesoNM-T2","","","Point","","167667464",4,1,"ventral_nerve_cord","left","MesoNM-T2","720575941615267225","720575941551870692","proofread","fragment"
"(566128, 742720, 256275)","","","","MesoNM-T2","","","Point","","189536375",3,1,"ventral_nerve_cord","left","MesoNM-T2","720575941527860390","720575941570793288","proofread","proofread"
"(523072, 743376, 190620)","","","","MesoNM-T2","","","Point","","161961214",4,1,"ventral_nerve_cord","left","MesoNM-T2","720575941645096865","720575941492350078","proofread","proofread"
"(567712, 761024, 233190)","","","","MesoNM-T2","","","Point","","189765948",4,1,"ventral_nerve_cord","left","MesoNM-T2","720575941459558800","720575941483891386","proofread","proofread"
"(446064, 767616, 160335)","","","","MesoNM-T2","","","Point","","113562441",3,1,"ventral_nerve_cord","right","MesoNM-T2","720575940880958501","720575941407690744","fragment","fragment"
"(441248, 676448, 185760)","","","","MesoNM-T2","","","Point","","105523648",5,1,"ventral_nerve_cord","right","MesoNM-T2","720575940954532915","720575940989586779","fragment","fragment"
"(477472, 713616, 143730)","","","","MesoNM-T2","","","Point","","133016175",3,1,"ventral_nerve_cord","right","MesoNM-T2","720575941576229385","720575940879516626","proofread","fragment"
"(420304, 694256, 192960)","","","","MesoNM-T2","","","Point","","92085530",5,1,"ventral_nerve_cord","right","MesoNM-T2","720575941572062729","720575941552001307","proofread","identified"
"(416784, 738192, 164025)","","","","MesoNM-T2","","","Point","","92552161",5,1,"ventral_nerve_cord","right","MesoNM-T2","720575941687832539","720575940944972598","proofread","fragment"
"(454000, 761520, 126675)","","","","MesoNM-T2","","","Point","","121079416",1,1,"ventral_nerve_cord","right","MesoNM-T2","720575941583921651","720575941571502075","fragment","proofread"
"(485536, 697056, 152955)","","","","MesoNM-T2","","","Point","","137916906",4,1,"ventral_nerve_cord","right","MesoNM-T2","720575941626692646","720575940566706290","proofread","fragment"
"(412096, 764640, 136485)","","","","MesoNM-T2","","","Point","","86420195",5,1,"ventral_nerve_cord","right","MesoNM-T2","720575941409860782","720575941189105118","proofread","fragment"
"(480560, 760208, 191205)","","","","MesoNM-T2","","","Point","","138922484",5,1,"ventral_nerve_cord","right","MesoNM-T2","720575941337708608","720575940591110287","fragment","fragment"
"(472320, 753344, 156870)","","","","MesoNM-T2","","","Point","","133722341",5,1,"ventral_nerve_cord","right","MesoNM-T2","720575941534750851","720575940463393941","proofread","fragment"
"(472416, 911056, 239625)","","","","MetaNM-T3","","","Point","","135080614",4,1,"ventral_nerve_cord","left","MetaNM-T3","720575941401738787","720575941005806016","proofread","fragment"
"(462816, 898880, 266535)","","","","MetaNM-T3","","","Point","","129027781",3,1,"ventral_nerve_cord","left","MetaNM-T3","720575941433523943","720575940423621956","fragment","fragment"
"(464000, 954496, 258075)","","","","MetaNM-T3","","","Point","","129577704",3,1,"ventral_nerve_cord","left","MetaNM-T3","720575941525212875","720575941431160824","fragment","proofread"
"(483104, 906080, 234180)","","","","MetaNM-T3","","","Point","","140031998",4,1,"ventral_nerve_cord","left","MetaNM-T3","720575940592157340","720575940592156316","fragment","fragment"
"(488800, 897984, 192870)","","","","MetaNM-T3","","","Point","","145465223",5,1,"ventral_nerve_cord","left","MetaNM-T3","720575941403210275","720575941552806279","proofread","proofread"
"(463488, 887184, 237825)","","","","MetaNM-T3","","","Point","","129270347",5,1,"ventral_nerve_cord","left","MetaNM-T3","720575941544034878","720575941240041898","fragment","fragment"
"(503056, 829248, 262350)","","","","MetaNM-T3","","","Point","","150058057",3,1,"ventral_nerve_cord","left","MetaNM-T3","720575941471915328","720575940729276662","proofread","fragment"
"(467504, 934896, 232785)","","","","MetaNM-T3","","","Point","","129344252",3,1,"ventral_nerve_cord","left","MetaNM-T3","720575941501059723","720575941535971777","proofread","proofread"
"(497472, 938192, 265860)","","","","MetaNM-T3","","","Point","","145457883",5,1,"ventral_nerve_cord","left","MetaNM-T3","720575941482927814","720575941378455986","proofread","fragment"
"(481104, 917824, 205155)","","","","MetaNM-T3","","","Point","","139758978",4,1,"ventral_nerve_cord","left","MetaNM-T3","720575941573209595","720575940635911706","proofread","fragment"
"(414624, 944368, 202050)","","","","MetaNM-T3","","","Point","","87623976",4,1,"ventral_nerve_cord","right","MetaNM-T3","720575941563184040","720575940651899847","proofread","fragment"
"(391696, 945120, 195570)","","","","MetaNM-T3","","","Point","","77196344",4,1,"ventral_nerve_cord","right","MetaNM-T3","720575941455601645","720575941619584101","proofread","fragment"
"(415520, 845888, 213075)","","","","MetaNM-T3","","","Point","","93827536",3,1,"ventral_nerve_cord","right","MetaNM-T3","720575941486466189","720575941421291349","proofread","fragment"
"(443936, 818928, 213480)","","","","MetaNM-T3","","","Point","","114083232",3,1,"ventral_nerve_cord","right","MetaNM-T3","720575941460315832","720575941460325560","fragment","fragment"
"(450128, 860704, 210825)","","","","MetaNM-T3","","","Point","","114652446",3,1,"ventral_nerve_cord","right","MetaNM-T3","720575941540266109","720575941193149284","proofread","fragment"
"(425776, 851696, 194805)","","","","MetaNM-T3","","","Point","","99760707",5,1,"ventral_nerve_cord","right","MetaNM-T3","720575941578803025","720575940395488099","proofread","fragment"
"(464320, 841936, 212040)","","","","MetaNM-T3","","","Point","","128530119",4,1,"ventral_nerve_cord","right","MetaNM-T3","720575941483848122","720575941589566206","proofread","proofread"
"(378224, 920720, 209970)","","","","MetaNM-T3","","","Point","","72589946",5,1,"ventral_nerve_cord","right","MetaNM-T3","720575941432810638","720575941612097811","proofread","proofread"
"(478032, 822416, 195525)","","","","MetaNM-T3","","","Point","","134199883",4,1,"ventral_nerve_cord","right","MetaNM-T3","720575941475224672","720575941565577319","proofread","fragment"
"(424896, 917440, 171720)","","","","MetaNM-T3","","","Point","","100056244",4,1,"ventral_nerve_cord","right","MetaNM-T3","720575941498155081","720575941522005636","proofread","fragment"
"(502368, 140736, 151200)","","","","NO","","","Point","","146582477",5,1,"central_brain","left","NO","720575941431132246","720575941474484320","fragment","fragment"
"(495536, 130224, 152055)","","","","NO","","","Point","","140879239",3,1,"central_brain","left","NO","720575941429474401","720575941503564860","proofread","proofread"
"(496272, 132832, 152370)","","","","NO","","","Point","","140886404",3,1,"central_brain","left","NO","720575941613149670","720575941608514122","proofread","proofread"
"(497856, 136176, 142965)","","","","NO","","","Point","","146043663",3,1,"central_brain","left","NO","720575941527884900","720575941592631079","proofread","proofread"
"(486800, 153088, 156420)","","","","NO","","","Point","","135944956",3,1,"central_brain","left","NO","720575941162746249","720575941428044628","fragment","proofread"
"(490256, 133264, 143325)","","","","NO","","","Point","","140715382",4,1,"central_brain","left","NO","720575941608514122","720575941624663916","proofread","proofread"
"(496096, 135728, 145935)","","","","NO","","","Point","","140644651",3,1,"central_brain","left","NO","720575941613149670","720575941459221919","proofread","proofread"
"(499840, 128944, 154350)","","","","NO","","","Point","","146036513",5,1,"central_brain","left","NO","720575941438536927","720575941613149670","fragment","proofread"
"(492640, 135888, 147060)","","","","NO","","","Point","","140642647",3,1,"central_brain","left","NO","720575941613149670","720575941592341206","proofread","proofread"
"(493424, 142240, 140400)","","","","NO","","","Point","","141446425",5,1,"central_brain","left","NO","720575941415581464","720575941615708536","fragment","fragment"
"(483680, 142800, 147510)","","","","NO","","","Point","","135854882",5,1,"central_brain","right","NO","720575941470062017","720575941470065601","fragment","fragment"
"(482160, 151648, 147915)","","","","NO","","","Point","","135878927",4,1,"central_brain","right","NO","720575941544330857","720575941307033680","proofread","fragment"
"(479440, 141168, 140895)","","","","NO","","","Point","","135860045",5,1,"central_brain","right","NO","720575940510076523","720575941502097202","fragment","proofread"
"(483360, 144992, 148410)","","","","NO","","","Point","","135853204",5,1,"central_brain","right","NO","720575941527954342","720575941650901013","proofread","proofread"
"(483248, 146784, 148680)","","","","NO","","","Point","","135853089",5,1,"central_brain","right","NO","720575941500916689","720575941467414846","fragment","fragment"
"(482240, 149584, 144450)","","","","NO","","","Point","","135878970",5,1,"central_brain","right","NO","720575941589284164","720575941500226257","proofread","fragment"
"(479504, 155920, 156735)","","","","NO","","","Point","","135942925",5,1,"central_brain","right","NO","720575941589284164","720575941282373320","proofread","fragment"
"(471152, 126672, 151425)","","","","NO","","","Point","","130628161",4,1,"central_brain","right","NO","720575941563601462","720575941620188799","proofread","proofread"
"(475360, 141712, 138735)","","","","NO","","","Point","","130338537",4,1,"central_brain","right","NO","720575941524339277","720575941438496274","proofread","proofread"
"(483712, 150048, 154575)","","","","NO","","","Point","","136543948",4,1,"central_brain","right","NO","720575941589284164","720575941527644493","proofread","proofread"
"(533904, 594848, 190710)","","","","NTct","","","Point","","166319082",3,1,"ventral_nerve_cord","left","NTct","720575941595958385","720575940626914230","proofread","fragment"
"(564896, 605984, 178200)","","","","NTct","","","Point","","188010648",3,1,"ventral_nerve_cord","left","NTct","720575941502004107","720575940504212582","proofread","fragment"
"(562160, 618880, 220905)","","","","NTct","","","Point","","183165527",2,1,"ventral_nerve_cord","left","NTct","720575941415497617","720575941535409178","proofread","proofread"
"(550736, 619328, 211590)","","","","NTct","","","Point","","177641366",5,1,"ventral_nerve_cord","left","NTct","720575941487967689","720575941658595352","proofread","proofread"
"(540608, 629600, 220500)","","","","NTct","","","Point","","171987996",4,1,"ventral_nerve_cord","left","NTct","720575941482518970","720575941428236536","proofread","proofread"
"(580592, 625904, 214695)","","","","NTct","","","Point","","193720483",2,1,"ventral_nerve_cord","left","NTct","720575941029955406","720575941029760590","fragment","fragment"
"(531952, 602416, 198855)","","","","NTct","","","Point","","166297913",4,1,"ventral_nerve_cord","left","NTct","720575941483106243","720575940695232924","proofread","fragment"
"(544352, 640960, 223425)","","","","NTct","","","Point","","177759073",5,1,"ventral_nerve_cord","left","NTct","720575941590381380","720575940765908802","proofread","fragment"
"(538032, 625840, 212490)","","","","NTct","","","Point","","172292905",4,1,"ventral_nerve_cord","left","NTct","720575941460125248","720575940774570555","proofread","fragment"
"(550400, 600880, 181530)","","","","NTct","","","Point","","177379156",4,1,"ventral_nerve_cord","left","NTct","720575941478399850","720575941498290850","proofread","proofread"
"(491200, 577072, 157140)","","","","NTct","","","Point","","142817944",5,1,"ventral_nerve_cord","right","NTct","720575941581684601","720575941688806412","proofread","proofread"
"(474064, 597120, 181665)","","","","NTct","","","Point","","132007604",4,1,"ventral_nerve_cord","right","NTct","720575941526636290","720575940743471595","proofread","fragment"
"(485472, 590608, 183555)","","","","NTct","","","Point","","137150688",4,1,"ventral_nerve_cord","right","NTct","720575941492153214","720575940548888890","proofread","fragment"
"(498992, 586416, 163485)","","","","NTct","","","Point","","148687537",5,1,"ventral_nerve_cord","right","NTct","720575941689710299","720575940920830800","proofread","fragment"
"(468384, 578544, 169335)","","","","NTct","","","Point","","125929990",5,1,"ventral_nerve_cord","right","NTct","720575941591050494","720575941463192459","proofread","fragment"
"(483120, 607424, 193590)","","","","NTct","","","Point","","137495551",3,1,"ventral_nerve_cord","right","NTct","720575941513136593","720575940622204681","proofread","fragment"
"(476944, 623248, 219780)","","","","NTct","","","Point","","132523588",3,1,"ventral_nerve_cord","right","NTct","720575941546500984","720575941476733243","fragment","proofread"
"(477520, 587856, 179010)","","","","NTct","","","Point","","132217088",3,1,"ventral_nerve_cord","right","NTct","720575941550649599","720575941663471740","proofread","proofread"
"(470000, 609920, 175005)","","","","NTct","","","Point","","126469271",2,1,"ventral_nerve_cord","right","NTct","720575941461224147","720575940715992734","proofread","fragment"
"(469360, 620384, 188640)","","","","NTct","","","Point","","126297240",4,1,"ventral_nerve_cord","right","NTct","720575941518246327","720575940977395406","proofread","fragment"
"(552576, 561680, 115245)","","","","NTct_UTct_T1","","","Point","","177172650",3,1,"ventral_nerve_cord","left","NTct_UTct_T1","720575941390352388","720575941492404770","proofread","fragment"
"(538688, 635744, 233775)","","","","NTct_UTct_T1","","","Point","","172083079",5,1,"ventral_nerve_cord","left","NTct_UTct_T1","720575941602811577","720575941374518351","proofread","fragment"
"(544176, 631872, 231840)","","","","NTct_UTct_T1","","","Point","","177582867",4,1,"ventral_nerve_cord","left","NTct_UTct_T1","720575941616608469","720575941571904669","proofread","proofread"
"(554288, 568464, 129825)","","","","NTct_UTct_T1","","","Point","","182645406",3,1,"ventral_nerve_cord","left","NTct_UTct_T1","720575941469717111","720575941072436595","proofread","fragment"
"(563136, 561984, 156780)","","","","NTct_UTct_T1","","","Point","","187969149",3,1,"ventral_nerve_cord","left","NTct_UTct_T1","720575940816118668","720575940816243852","fragment","fragment"
"(534384, 556224, 99630)","","","","NTct_UTct_T1","","","Point","","166269848",4,1,"ventral_nerve_cord","left","NTct_UTct_T1","720575940782581441","720575940782405569","fragment","fragment"
"(582304, 635232, 220860)","","","","NTct_UTct_T1","","","Point","","227128690",3,1,"ventral_nerve_cord","left","NTct_UTct_T1","720575941582885919","720575941419834877","fragment","fragment"
"(548544, 561280, 145800)","","","","NTct_UTct_T1","","","Point","","177170066",5,1,"ventral_nerve_cord","left","NTct_UTct_T1","720575941534975425","720575940888571076","proofread","fragment"
"(555424, 599440, 203940)","","","","NTct_UTct_T1","","","Point","","182818121",5,1,"ventral_nerve_cord","left","NTct_UTct_T1","720575941505797682","720575940631808641","proofread","fragment"
"(553232, 573488, 159345)","","","","NTct_UTct_T1","","","Point","","182639905",5,1,"ventral_nerve_cord","left","NTct_UTct_T1","720575941554228481","720575940778000990","proofread","fragment"
"(485072, 581728, 185265)","","","","NTct_UTct_T1","","","Point","","137732758",4,1,"ventral_nerve_cord","right","NTct_UTct_T1","720575941614893013","720575941021678294","proofread","fragment"
"(495360, 571904, 162270)","","","","NTct_UTct_T1","","","Point","","142186268",4,1,"ventral_nerve_cord","right","NTct_UTct_T1","720575941390623382","720575940879526236","proofread","fragment"
"(494608, 591968, 196965)","","","","NTct_UTct_T1","","","Point","","142139583",5,1,"ventral_nerve_cord","right","NTct_UTct_T1","720575941623062815","720575941622980895","fragment","fragment"
"(500576, 568672, 127575)","","","","NTct_UTct_T1","","","Point","","147929261",4,1,"ventral_nerve_cord","right","NTct_UTct_T1","720575941579761785","720575941064202574","proofread","fragment"
"(533792, 554576, 91575)","","","","NTct_UTct_T1","","","Point","","166638459",3,1,"ventral_nerve_cord","right","NTct_UTct_T1","720575941390728468","720575941314985832","fragment","fragment"
"(493744, 578736, 173250)","","","","NTct_UTct_T1","","","Point","","142060965",4,1,"ventral_nerve_cord","right","NTct_UTct_T1","720575941658910488","720575940917906256","proofread","fragment"
"(516368, 562512, 124650)","","","","NTct_UTct_T1","","","Point","","160698756",4,1,"ventral_nerve_cord","right","NTct_UTct_T1","720575941420350679","720575941514742092","fragment","identified"
"(474288, 597968, 200250)","","","","NTct_UTct_T1","","","Point","","131701145",4,1,"ventral_nerve_cord","right","NTct_UTct_T1","720575941445153715","720575941445154995","fragment","fragment"
"(466336, 594448, 192420)","","","","NTct_UTct_T1","","","Point","","125942266",4,1,"ventral_nerve_cord","right","NTct_UTct_T1","720575941407153407","720575941545491049","fragment","fragment"
"(486080, 608656, 214695)","","","","NTct_UTct_T1","","","Point","","137109025",3,1,"ventral_nerve_cord","right","NTct_UTct_T1","720575941430403563","720575941372868429","fragment","fragment"
"(506432, 165056, 243315)","","","","PB","","","Point","","146530610",3,1,"outside","left","PB","720575941356084943","720575941572143434","fragment","fragment"
"(548608, 191776, 194985)","","","","PB","","","Point","","176700067",3,1,"central_brain","left","PB","720575941481013732","720575941375230148","fragment","fragment"
"(524864, 176544, 214560)","","","","PB","","","Point","","159466504",3,1,"central_brain","left","PB","720575941484009794","720575941604821750","proofread","proofread"
"(541200, 199824, 193995)","","","","PB","","","Point","","171042091",3,1,"central_brain","left","PB","720575941588577534","720575940686001481","proofread","fragment"
"(498320, 175648, 209655)","","","","PB","","","Point","","147082753",3,1,"central_brain","left","PB","720575941522680567","720575941068225102","proofread","fragment"
"(501728, 169952, 221940)","","","","PB","","","Point","","147081795",4,1,"central_brain","left","PB","720575941481512387","720575941049467981","proofread","fragment"
"(490752, 174368, 205065)","","","","PB","","","Point","","140833286",3,1,"central_brain","left","PB","720575941488692681","720575941249246864","proofread","fragment"
"(490400, 174496, 208935)","","","","PB","","","Point","","141552476",5,1,"central_brain","left","PB","720575941468764182","720575941483922429","proofread","proofread"
"(500384, 172480, 213795)","","","","PB","","","Point","","146884736",3,1,"central_brain","left","PB","720575941298546480","720575941298079536","fragment","fragment"
"(544000, 197440, 197730)","","","","PB","","","Point","","176238041",4,1,"central_brain","left","PB","720575941480003714","720575941492710375","proofread","proofread"
"(427344, 189696, 214065)","","","","PB","","","Point","","96908261",4,1,"central_brain","right","PB","720575941542967581","720575940853587923","proofread","fragment"
"(445824, 173968, 215460)","","","","PB","","","Point","","110584990",4,1,"central_brain","right","PB","720575941557550607","720575940641883048","proofread","fragment"
"(434480, 174592, 219915)","","","","PB","","","Point","","103496975",3,1,"central_brain","right","PB","720575941478424053","720575940823876683","fragment","fragment"
"(456464, 174384, 221265)","","","","PB","","","Point","","118298076",4,1,"central_brain","right","PB","720575941518911927","720575940645465770","proofread","fragment"
"(422016, 184256, 212175)","","","","PB","","","Point","","90479952",4,1,"central_brain","right","PB","720575941287152561","720575941287264689","fragment","fragment"
"(419104, 192304, 195345)","","","","PB","","","Point","","90909569",3,1,"central_brain","right","PB","720575941476836754","720575941523218572","fragment","fragment"
"(456016, 166416, 226035)","","","","PB","","","Point","","117598788",4,1,"central_brain","right","PB","720575940617407359","720575941503751659","fragment","proofread"
"(457696, 174528, 220455)","","","","PB","","","Point","","118301367",3,1,"central_brain","right","PB","720575940644757674","720575940644941482","fragment","fragment"
"(475984, 166560, 211680)","","","","PB","","","Point","","131095633",4,1,"central_brain","right","PB","720575941506371493","720575941487694979","proofread","fragment"
"(448672, 173968, 220140)","","","","PB","","","Point","","111469242",3,1,"central_brain","right","PB","720575941393645462","720575941482104230","proofread","fragment"
"(603824, 166096, 175455)","","","","PLP","","","Point","","206235842",3,1,"central_brain","left","PLP","720575941556317156","720575941526936653","proofread","proofread"
"(630896, 207296, 152910)","","","","PLP","","","Point","","217417593",5,1,"central_brain","left","PLP","720575941450966877","720575941043182350","proofread","fragment"
"(643520, 178448, 175545)","","","","PLP","","","Point","","219919171",4,1,"central_brain","left","PLP","720575941505828507","720575941376624812","fragment","fragment"
"(627488, 177168, 211455)","","","","PLP","","","Point","","217209673",3,1,"central_brain","left","PLP","720575941432632495","720575940599431183","proofread","fragment"
"(627648, 171488, 221895)","","","","PLP","","","Point","","217368103",5,1,"central_brain","left","PLP","720575941441908315","720575940656756767","proofread","fragment"
"(593968, 175056, 134100)","","","","PLP","","","Point","","202184289",4,1,"central_brain","left","PLP","720575941537567759","720575940661029624","fragment","fragment"
"(652272, 160784, 176085)","","","","PLP","","","Point","","221795110",4,1,"central_brain","left","PLP","720575941438520364","720575940909592342","proofread","fragment"
"(620272, 166288, 208080)","","","","PLP","","","Point","","213984308",3,1,"central_brain","left","PLP","720575941430930391","720575941173418109","fragment","fragment"
"(613952, 196512, 139005)","","","","PLP","","","Point","","210160674",4,1,"central_brain","left","PLP","720575941692268184","720575941510157570","proofread","fragment"
"(617696, 181168, 190575)","","","","PLP","","","Point","","214122301",4,1,"central_brain","left","PLP","720575941490905545","720575940882088333","proofread","fragment"
"(353744, 173648, 188595)","","","","PLP","","","Point","","62120106",3,1,"central_brain","right","PLP","720575941521993911","720575941618811609","proofread","fragment"
"(370624, 157200, 149670)","","","","PLP","","","Point","","66875913",5,1,"central_brain","right","PLP","720575941484015066","720575941403366215","fragment","fragment"
"(329408, 199808, 162180)","","","","PLP","","","Point","","53985680",4,1,"central_brain","right","PLP","720575941536739354","720575940887279554","proofread","fragment"
"(309968, 178800, 175815)","","","","PLP","","","Point","","47829639",4,1,"central_brain","right","PLP","720575940393746685","720575940394124797","fragment","fragment"
"(320816, 173584, 179190)","","","","PLP","","","Point","","51178615",4,1,"central_brain","right","PLP","720575941555704403","720575940477961515","proofread","fragment"
"(377216, 174000, 120105)","","","","PLP","","","Point","","68111355",3,1,"central_brain","right","PLP","720575941596503079","720575940802137791","fragment","fragment"
"(358720, 182592, 176175)","","","","PLP","","","Point","","61828688",3,1,"central_brain","right","PLP","720575940963637005","720575941445833779","fragment","fragment"
"(369056, 160880, 161010)","","","","PLP","","","Point","","67168509",3,1,"central_brain","right","PLP","720575941481232070","720575941560920401","proofread","fragment"
"(354160, 177824, 201915)","","","","PLP","","","Point","","61604250",4,1,"central_brain","right","PLP","720575941412501903","720575941626516106","fragment","proofread"
"(342672, 211424, 142740)","","","","PLP","","","Point","","59307425",3,1,"central_brain","right","PLP","720575941460119967","720575941123555023","proofread","fragment"
"(512592, 142512, 58725)","","","","PRW","","","Point","","152186128",4,1,"central_brain","left","PRW","720575940669395652","720575940669479364","fragment","fragment"
"(521264, 148752, 62640)","","","","PRW","","","Point","","158524836",4,1,"central_brain","left","PRW","720575940463016931","720575941591484812","fragment","proofread"
"(512368, 155712, 56835)","","","","PRW","","","Point","","151860542",5,1,"central_brain","left","PRW","720575941462195154","720575941462481618","fragment","fragment"
"(507984, 133536, 58050)","","","","PRW","","","Point","","151833265",4,1,"central_brain","left","PRW","720575941565599542","720575941551512904","proofread","fragment"
"(523136, 145440, 61245)","","","","PRW","","","Point","","158519105",5,1,"central_brain","left","PRW","720575941671509927","720575940716504807","proofread","fragment"
"(509680, 145264, 52695)","","","","PRW","","","Point","","152093495",3,1,"central_brain","left","PRW","720575941533662083","720575940657689860","proofread","fragment"
"(525456, 133424, 49230)","","","","PRW","","","Point","","163841106",3,1,"central_brain","left","PRW","720575941483701227","720575940586003050","fragment","fragment"
"(536176, 134464, 58275)","","","","PRW","","","Point","","168746806",3,1,"central_brain","left","PRW","720575941593748519","720575940624067642","proofread","fragment"
"(521040, 151248, 63990)","","","","PRW","","","Point","","158891332",5,1,"central_brain","left","PRW","720575941662565944","720575940463614179","proofread","fragment"
"(513248, 148416, 63675)","","","","PRW","","","Point","","152738856",5,1,"central_brain","left","PRW","720575941562656168","720575940495187001","proofread","fragment"
"(459600, 145872, 67545)","","","","PRW","","","Point","","119007388",3,1,"central_brain","right","PRW","720575941508674514","720575941414728852","proofread","proofread"
"(453392, 133872, 65475)","","","","PRW","","","Point","","118254916",4,1,"central_brain","right","PRW","720575941440766175","720575940933909755","proofread","fragment"
"(445520, 141296, 75285)","","","","PRW","","","Point","","109860701",5,1,"central_brain","right","PRW","720575941621367423","720575940624534972","proofread","fragment"
"(473536, 149008, 59895)","","","","PRW","","","Point","","130636772",3,1,"central_brain","right","PRW","720575941581367673","720575941515303491","proofread","proofread"
"(477232, 150384, 60750)","","","","PRW","","","Point","","130644713",3,1,"central_brain","right","PRW","720575941627692326","720575941056357847","proofread","fragment"
"(454432, 129744, 50580)","","","","PRW","","","Point","","118141192",4,1,"central_brain","right","PRW","720575941386146083","720575941526454553","fragment","proofread"
"(461008, 130144, 48015)","","","","PRW","","","Point","","124317559",4,1,"central_brain","right","PRW","720575941476269627","720575941280154639","proofread","fragment"
"(450352, 128176, 52740)","","","","PRW","","","Point","","108584277",4,1,"central_brain","right","PRW","720575941627692326","720575941509286427","proofread","fragment"
"(475360, 138944, 48060)","","","","PRW","","","Point","","130735279",4,1,"central_brain","right","PRW","720575941580859893","720575941413876932","proofread","fragment"
"(470192, 137824, 41355)","","","","PRW","","","Point","","130143639",3,1,"central_brain","right","PRW","720575941453033543","720575940447562603","proofread","fragment"
"(620288, 150320, 162900)","","","","PVLP","","","Point","","214039353",3,1,"central_brain","left","PVLP","720575941452634688","720575941058858267","fragment","fragment"
"(627424, 156496, 146745)","","","","PVLP","","","Point","","215707367",4,1,"central_brain","left","PVLP","720575941508354142","720575941405133373","fragment","fragment"
"(652160, 154496, 144945)","","","","PVLP","","","Point","","221562504",3,1,"central_brain","left","PVLP","720575941433670154","720575941241352232","fragment","fragment"
"(646208, 168192, 125730)","","","","PVLP","","","Point","","222364968",4,1,"central_brain","left","PVLP","720575941576037736","720575940427057371","proofread","fragment"
"(662912, 150400, 158445)","","","","PVLP","","","Point","","224060796",3,1,"central_brain","left","PVLP","720575941551370557","720575941232940932","proofread","fragment"
"(611088, 138752, 174870)","","","","PVLP","","","Point","","209425969",5,1,"central_brain","left","PVLP","720575941615918355","720575941468978989","proofread","fragment"
"(612448, 144480, 170100)","","","","PVLP","","","Point","","209746143",3,1,"central_brain","left","PVLP","720575941474146090","720575940451887672","proofread","fragment"
"(601136, 144400, 172890)","","","","PVLP","","","Point","","204945762",3,1,"central_brain","left","PVLP","720575941436005143","720575941436064279","fragment","fragment"
"(632192, 140960, 190080)","","","","PVLP","","","Point","","216762990",2,1,"central_brain","left","PVLP","720575941162670531","720575941551006580","fragment","proofread"
"(658176, 157776, 133470)","","","","PVLP","","","Point","","225417773",3,1,"central_brain","left","PVLP","720575941526917453","720575940391554868","proofread","fragment"
"(301648, 163392, 104490)","","","","PVLP","","","Point","","44873802",5,1,"central_brain","right","PVLP","720575941484493965","720575941433486643","proofread","fragment"
"(311568, 150976, 137385)","","","","PVLP","","","Point","","47705690",5,1,"central_brain","right","PVLP","720575941566821783","720575941329295261","proofread","fragment"
"(352464, 183360, 109395)","","","","PVLP","","","Point","","61940924",4,1,"central_brain","right","PVLP","720575941514905859","720575941484698042","proofread","proofread"
"(329360, 169408, 129465)","","","","PVLP","","","Point","","53381625",5,1,"central_brain","right","PVLP","720575941569011194","720575940861630239","proofread","fragment"
"(333824, 161872, 136575)","","","","PVLP","","","Point","","55907029",5,1,"central_brain","right","PVLP","720575941482914895","720575941149371442","proofread","fragment"
"(316672, 171472, 134100)","","","","PVLP","","","Point","","50820483",4,1,"central_brain","right","PVLP","720575941625000330","720575941562829736","proofread","proofread"
"(361456, 128016, 162540)","","","","PVLP","","","Point","","64205100",5,1,"central_brain","right","PVLP","720575941533792856","720575941364504583","proofread","fragment"
"(322704, 144304, 147420)","","","","PVLP","","","Point","","52281427",3,1,"central_brain","right","PVLP","720575941077343240","720575941529289092","fragment","proofread"
"(377664, 155792, 124650)","","","","PVLP","","","Point","","67087812",3,1,"central_brain","right","PVLP","720575941428932148","720575941428966964","fragment","fragment"
"(324320, 160896, 131805)","","","","PVLP","","","Point","","53604425",3,1,"central_brain","right","PVLP","720575941437838866","720575941565758615","proofread","proofread"
"(557600, 609760, 107865)","","","","ProNM-T1","","","Point","","182985562",4,1,"ventral_nerve_cord","left","ProNM-T1","720575941390690966","720575941057878558","proofread","fragment"
"(563168, 590560, 119520)","","","","ProNM-T1","","","Point","","188054984",5,1,"ventral_nerve_cord","left","ProNM-T1","720575941438416172","720575940803159819","proofread","fragment"
"(594272, 608816, 183510)","","","","ProNM-T1","","","Point","","203064642",3,1,"ventral_nerve_cord","left","ProNM-T1","720575941617750780","720575941720479034","fragment","proofread"
"(569872, 645056, 172170)","","","","ProNM-T1","","","Point","","188487577",4,1,"ventral_nerve_cord","left","ProNM-T1","720575941439802130","720575941358875843","proofread","fragment"
"(608208, 628000, 171360)","","","","ProNM-T1","","","Point","","207976383",4,1,"ventral_nerve_cord","left","ProNM-T1","720575941644070226","720575941565620677","proofread","fragment"
"(622768, 639680, 150705)","","","","ProNM-T1","","","Point","","214833443",4,1,"ventral_nerve_cord","left","ProNM-T1","720575941495764963","720575941588072516","fragment","proofread"
"(624288, 566672, 137205)","","","","ProNM-T1","","","Point","","214546390",4,1,"ventral_nerve_cord","left","ProNM-T1","720575941619653531","720575940560714986","fragment","fragment"
"(599856, 591952, 166500)","","","","ProNM-T1","","","Point","","207399958",4,1,"ventral_nerve_cord","left","ProNM-T1","720575940651984266","720575940652000394","fragment","fragment"
"(570464, 589408, 107640)","","","","ProNM-T1","","","Point","","188252339",5,1,"ventral_nerve_cord","left","ProNM-T1","720575941613401958","720575941386877099","proofread","fragment"
"(611536, 609008, 180405)","","","","ProNM-T1","","","Point","","211181907",3,1,"ventral_nerve_cord","left","ProNM-T1","720575941191273690","720575941191474138","fragment","fragment"
"(513712, 590448, 117855)","","","","ProNM-T1","","","Point","","154479075",5,1,"ventral_nerve_cord","right","ProNM-T1","720575941568317230","720575940676173419","proofread","fragment"
"(449184, 594384, 92430)","","","","ProNM-T1","","","Point","","112186863",5,1,"ventral_nerve_cord","right","ProNM-T1","720575941575136037","720575940631834737","fragment","fragment"
"(486960, 635232, 76320)","","","","ProNM-T1","","","Point","","138556943",3,1,"ventral_nerve_cord","right","ProNM-T1","720575940962045235","720575941636500341","fragment","proofread"
"(464368, 626736, 151020)","","","","ProNM-T1","","","Point","","126581776",3,1,"ventral_nerve_cord","right","ProNM-T1","720575941626175643","720575940828211243","proofread","fragment"
"(432336, 600208, 100710)","","","","ProNM-T1","","","Point","","98159189",5,1,"ventral_nerve_cord","right","ProNM-T1","720575941592388971","720575941043313119","proofread","fragment"
"(422336, 616384, 132660)","","","","ProNM-T1","","","Point","","91920261",5,1,"ventral_nerve_cord","right","ProNM-T1","720575941520199340","720575940925114039","proofread","fragment"
"(488720, 600352, 152145)","","","","ProNM-T1","","","Point","","142284124",4,1,"ventral_nerve_cord","right","ProNM-T1","720575941404874352","720575941169948375","proofread","fragment"
"(473184, 628768, 89820)","","","","ProNM-T1","","","Point","","132083565",5,1,"ventral_nerve_cord","right","ProNM-T1","720575941517797804","720575940982096921","fragment","fragment"
"(479008, 649120, 125055)","","","","ProNM-T1","","","Point","","132880750",4,1,"ventral_nerve_cord","right","ProNM-T1","720575941498083041","720575941083265480","proofread","fragment"
"(453728, 651216, 94770)","","","","ProNM-T1","","","Point","","120043523",5,1,"ventral_nerve_cord","right","ProNM-T1","720575941541341146","720575941568367610","fragment","proofread"
"(609040, 176000, 84645)","","","","SAD","","","Point","","208964879",4,1,"central_brain","left","SAD","720575941532259019","720575941398861733","proofread","fragment"
"(614608, 149360, 92160)","","","","SAD","","","Point","","209706427",5,1,"central_brain","left","SAD","720575941436087328","720575941535245234","identified","proofread"
"(588448, 175712, 97875)","","","","SAD","","","Point","","197485205",4,1,"central_brain","left","SAD","720575940481846517","720575941610058413","fragment","proofread"
"(529520, 198832, 107370)","","","","SAD","","","Point","","165479002",5,1,"central_brain","left","SAD","720575941428755849","720575941515097690","proofread","proofread"
"(587136, 182384, 79605)","","","","SAD","","","Point","","197007761",3,1,"central_brain","left","SAD","720575941505515685","720575940757100515","proofread","fragment"
"(589264, 184944, 81945)","","","","SAD","","","Point","","197132550",5,1,"central_brain","left","SAD","720575940758088163","720575941662407992","fragment","proofread"
"(522304, 171712, 82530)","","","","SAD","","","Point","","159151999",3,1,"central_brain","left","SAD","720575941585932422","720575941513506094","proofread","fragment"
"(608576, 173808, 78885)","","","","SAD","","","Point","","210171989",5,1,"central_brain","left","SAD","720575941385558110","720575941552453561","fragment","fragment"
"(613616, 151296, 86085)","","","","SAD","","","Point","","208865546",3,1,"central_brain","left","SAD","720575941431211951","720575940916854703","proofread","fragment"
"(596192, 185088, 85275)","","","","SAD","","","Point","","202150856",5,1,"central_brain","left","SAD","720575941470739211","720575941449315421","identified","proofread"
"(370032, 173456, 64125)","","","","SAD","","","Point","","67551790",4,1,"central_brain","right","SAD","720575941535890565","720575941568499502","fragment","proofread"
"(399584, 142848, 66645)","","","","SAD","","","Point","","79051698",3,1,"central_brain","right","SAD","720575941539093224","720575941244358264","proofread","fragment"
"(388272, 198016, 80595)","","","","SAD","","","Point","","75560911",3,1,"central_brain","right","SAD","720575941540729692","720575941477527730","proofread","fragment"
"(399376, 132448, 63270)","","","","SAD","","","Point","","78072111",4,1,"central_brain","right","SAD","720575941214691797","720575941589066039","fragment","fragment"
"(360928, 170560, 64980)","","","","SAD","","","Point","","64804146",4,1,"central_brain","right","SAD","720575941653240085","720575941515330051","proofread","proofread"
"(382096, 158800, 89820)","","","","SAD","","","Point","","70895901",3,1,"central_brain","right","SAD","720575941475769393","720575940659803951","proofread","fragment"
"(365296, 176768, 65070)","","","","SAD","","","Point","","65174744",5,1,"central_brain","right","SAD","720575941458999711","720575940752312965","proofread","fragment"
"(402496, 179664, 96930)","","","","SAD","","","Point","","79470612",5,1,"central_brain","right","SAD","720575941086295157","720575941086355573","fragment","fragment"
"(385232, 183504, 67995)","","","","SAD","","","Point","","71319412",3,1,"central_brain","right","SAD","720575941573658184","720575941627128266","proofread","proofread"
"(392672, 177952, 59850)","","","","SAD","","","Point","","75110316",3,1,"central_brain","right","SAD","720575941505812663","720575941505806007","fragment","fragment"
"(613328, 122416, 186255)","","","","SCL","","","Point","","208889654",3,1,"central_brain","left","SCL","720575941354024240","720575941461716115","proofread","fragment"
"(609152, 163968, 205425)","","","","SCL","","","Point","","210040441",4,1,"central_brain","left","SCL","720575941427727956","720575941454091847","proofread","proofread"
"(612784, 145456, 218385)","","","","SCL","","","Point","","209662684",3,1,"central_brain","left","SCL","720575941527686914","720575940863537988","proofread","fragment"
"(560720, 145200, 219825)","","","","SCL","","","Point","","180988559",4,1,"central_brain","left","SCL","720575941566696295","720575941515685475","proofread","proofread"
"(623280, 134992, 195300)","","","","SCL","","","Point","","214031530",3,1,"central_brain","left","SCL","720575941603207050","720575941093912080","fragment","fragment"
"(572336, 116480, 191835)","","","","SCL","","","Point","","190836782",5,1,"central_brain","left","SCL","720575941568215912","720575941396774840","fragment","fragment"
"(593776, 146016, 220950)","","","","SCL","","","Point","","201828235",5,1,"central_brain","left","SCL","720575940392387815","720575941534955608","fragment","proofread"
"(602208, 132832, 208035)","","","","SCL","","","Point","","205834639",3,1,"central_brain","left","SCL","720575940390003722","720575940389934858","fragment","fragment"
"(581488, 123136, 200025)","","","","SCL","","","Point","","197659320",4,1,"central_brain","left","SCL","720575941687965708","720575941429405442","fragment","fragment"
"(584704, 125056, 197235)","","","","SCL","","","Point","","197662595",5,1,"central_brain","left","SCL","720575941535282922","720575941497597819","proofread","proofread"
"(384416, 143472, 205335)","","","","SCL","","","Point","","70216166",4,1,"central_brain","right","SCL","720575941482693199","720575941407634749","proofread","fragment"
"(384928, 151616, 209565)","","","","SCL","","","Point","","70825672",3,1,"central_brain","right","SCL","720575941548416630","720575941548447094","fragment","fragment"
"(376672, 142032, 195795)","","","","SCL","","","Point","","67102125",2,1,"central_brain","right","SCL","720575941659212880","720575941421923456","proofread","fragment"
"(365216, 141344, 208935)","","","","SCL","","","Point","","64378443",4,1,"central_brain","right","SCL","720575941490840009","720575941047514956","proofread","fragment"
"(379600, 127008, 187425)","","","","SCL","","","Point","","70566370",5,1,"central_brain","right","SCL","720575941520646583","720575940928885802","proofread","fragment"
"(392512, 153472, 215325)","","","","SCL","","","Point","","74344371",5,1,"central_brain","right","SCL","720575941517867191","720575941517855148","fragment","proofread"
"(414448, 132160, 212175)","","","","SCL","","","Point","","84340109",3,1,"central_brain","right","SCL","720575941590012228","720575940477125230","proofread","fragment"
"(352128, 147200, 190035)","","","","SCL","","","Point","","60343605",2,1,"central_brain","right","SCL","720575941550224701","720575941498760662","proofread","fragment"
"(376096, 126720, 213615)","","","","SCL","","","Point","","66802957",4,1,"central_brain","right","SCL","720575941481865696","720575940432928280","identified","fragment"
"(362224, 152112, 227700)","","","","SCL","","","Point","","64130653",3,1,"central_brain","right","SCL","720575940932440259","720575940932578499","fragment","fragment"
"(586944, 109024, 190620)","","","","SIP","","","Point","","196416685",3,1,"central_brain","left","SIP","720575941429983151","720575941591493260","fragment","proofread"
"(594800, 119312, 209025)","","","","SIP","","","Point","","200253201",3,1,"central_brain","left","SIP","720575941689429772","720575941480857113","proofread","fragment"
"(608768, 108704, 209790)","","","","SIP","","","Point","","209153374",4,1,"central_brain","left","SIP","720575941532249547","720575940540443309","proofread","fragment"
"(584912, 120480, 234990)","","","","SIP","","","Point","","196244310",3,1,"central_brain","left","SIP","720575940835196142","720575940835091694","fragment","fragment"
"(571888, 112896, 223110)","","","","SIP","","","Point","","191663197",3,1,"central_brain","left","SIP","720575940499504438","720575940500159542","fragment","fragment"
"(570752, 116656, 223875)","","","","SIP","","","Point","","186394105",4,1,"central_brain","left","SIP","720575941478215198","720575940537322180","proofread","fragment"
"(598112, 109952, 244125)","","","","SIP","","","Point","","201874144",5,1,"central_brain","left","SIP","720575941504697794","720575941599766976","proofread","proofread"
"(595584, 117984, 217170)","","","","SIP","","","Point","","202664292",3,1,"central_brain","left","SIP","720575940881096407","720575941008417336","fragment","fragment"
"(563920, 120944, 208620)","","","","SIP","","","Point","","185411970",3,1,"central_brain","left","SIP","720575940548844309","720575940549181205","fragment","fragment"
"(584304, 123904, 245970)","","","","SIP","","","Point","","196949676",5,1,"central_brain","left","SIP","720575941500855714","720575940819818366","fragment","fragment"
"(373520, 100944, 253485)","","","","SIP","","","Point","","66131269",3,1,"central_brain","right","SIP","720575941442508609","720575941442546497","fragment","fragment"
"(380512, 87856, 208305)","","","","SIP","","","Point","","70410727",4,1,"central_brain","right","SIP","720575941471507008","720575941633032901","proofread","proofread"
"(419504, 108816, 226350)","","","","SIP","","","Point","","89489714",4,1,"central_brain","right","SIP","720575941570978778","720575941431759494","fragment","fragment"
"(400352, 112752, 249750)","","","","SIP","","","Point","","78869437",3,1,"central_brain","right","SIP","720575941481762979","720575941471710274","proofread","fragment"
"(382736, 112544, 258300)","","","","SIP","","","Point","","70716587",5,1,"central_brain","right","SIP","720575941461850308","720575940966362890","proofread","fragment"
"(379680, 91136, 205875)","","","","SIP","","","Point","","70415206",4,1,"central_brain","right","SIP","720575940392750308","720575940392693476","fragment","fragment"
"(389744, 109424, 186840)","","","","SIP","","","Point","","73385700",3,1,"central_brain","right","SIP","720575941629879078","720575940791471085","proofread","fragment"
"(381424, 104032, 217620)","","","","SIP","","","Point","","70166515",4,1,"central_brain","right","SIP","720575941461413075","720575940759972263","proofread","fragment"
"(379968, 101776, 199890)","","","","SIP","","","Point","","70012429",3,1,"central_brain","right","SIP","720575941641660005","720575940809260607","fragment","fragment"
"(372176, 106480, 185535)","","","","SIP","","","Point","","66341906",5,1,"central_brain","right","SIP","720575941531394251","720575941486593050","proofread","fragment"
"(676272, 105696, 228285)","","","","SLP","","","Point","","228357280",4,1,"central_brain","left","SLP","720575941478207262","720575940924454105","proofread","fragment"
"(637568, 121920, 197505)","","","","SLP","","","Point","","218520791",5,1,"central_brain","left","SLP","720575941490855143","720575941537980643","proofread","identified"
"(623712, 114496, 244260)","","","","SLP","","","Point","","212290184",4,1,"central_brain","left","SLP","720575941523270761","720575941524253545","fragment","fragment"
"(591520, 126096, 252810)","","","","SLP","","","Point","","201426603",5,1,"central_brain","left","SLP","720575941485196569","720575941143537872","fragment","fragment"
"(633920, 120608, 214875)","","","","SLP","","","Point","","215390653",3,1,"central_brain","left","SLP","720575941491543349","720575940787020482","proofread","fragment"
"(668064, 109296, 208035)","","","","SLP","","","Point","","226220532",3,1,"central_brain","left","SLP","720575941440407519","720575941561638517","proofread","fragment"
"(635664, 117312, 188820)","","","","SLP","","","Point","","215038680",4,1,"central_brain","left","SLP","720575940551893501","720575941404925040","fragment","proofread"
"(652608, 126896, 242775)","","","","SLP","","","Point","","221122497",5,1,"central_brain","left","SLP","720575941566081543","720575940934908434","proofread","fragment"
"(651488, 126256, 244755)","","","","SLP","","","Point","","221118783",5,1,"central_brain","left","SLP","720575941506291506","720575940993517451","proofread","fragment"
"(600096, 128384, 254700)","","","","SLP","","","Point","","205457364",3,1,"central_brain","left","SLP","720575941411309983","720575941490651350","fragment","fragment"
"(336096, 94832, 227070)","","","","SLP","","","Point","","55066210",3,1,"central_brain","right","SLP","720575941546654908","720575941603140086","proofread","fragment"
"(340416, 131760, 235170)","","","","SLP","","","Point","","55264880",5,1,"central_brain","right","SLP","720575941519613656","720575940557048788","proofread","fragment"
"(317808, 117072, 235170)","","","","SLP","","","Point","","49248799",5,1,"central_brain","right","SLP","720575941555266018","720575941555391204","fragment","fragment"
"(379968, 141568, 232290)","","","","SLP","","","Point","","70131025",5,1,"central_brain","right","SLP","720575941559570414","720575941181191656","proofread","fragment"
"(317232, 108528, 244215)","","","","SLP","","","Point","","48996032",3,1,"central_brain","right","SLP","720575940875227760","720575940874840432","fragment","fragment"
"(328544, 99936, 211455)","","","","SLP","","","Point","","52694358",5,1,"central_brain","right","SLP","720575941677763371","720575941051463067","fragment","fragment"
"(314768, 94640, 239040)","","","","SLP","","","Point","","49349975",3,1,"central_brain","right","SLP","720575940710421166","720575940710397614","fragment","fragment"
"(309776, 96192, 203625)","","","","SLP","","","Point","","48112064",4,1,"central_brain","right","SLP","720575941590931177","720575941086041523","fragment","fragment"
"(364704, 104944, 251685)","","","","SLP","","","Point","","64170117",5,1,"central_brain","right","SLP","720575941592244364","720575940976025441","proofread","fragment"
"(310016, 87328, 209655)","","","","SLP","","","Point","","48143058",5,1,"central_brain","right","SLP","720575941479602051","720575941585078662","fragment","proofread"
"(536192, 106032, 222930)","","","","SMP","","","Point","","169558343",5,1,"central_brain","left","SMP","720575941631286566","720575941315284690","proofread","fragment"
"(495760, 107600, 222525)","","","","SMP","","","Point","","140958237",4,1,"central_brain","left","SMP","720575941527615977","720575940934987233","fragment","fragment"
"(565280, 73056, 205425)","","","","SMP","","","Point","","184837531",4,1,"central_brain","left","SMP","720575941548255390","720575941548251294","fragment","fragment"
"(523248, 79792, 232290)","","","","SMP","","","Point","","157272383",3,1,"central_brain","left","SMP","720575941614407900","720575941480431328","proofread","proofread"
"(551040, 120976, 265365)","","","","SMP","","","Point","","175350969",3,1,"central_brain","left","SMP","720575941585022346","720575941017680944","fragment","fragment"
"(498240, 84240, 214065)","","","","SMP","","","Point","","145869128",3,1,"central_brain","left","SMP","720575941501545451","720575941510951378","proofread","proofread"
"(508688, 146016, 213660)","","","","SMP","","","Point","","152304354",5,1,"central_brain","left","SMP","720575940705977532","720575940705842876","fragment","fragment"
"(509840, 115968, 214650)","","","","SMP","","","Point","","151700117",3,1,"central_brain","left","SMP","720575941474956519","720575941469362048","fragment","fragment"
"(536304, 84912, 243000)","","","","SMP","","","Point","","168276821",5,1,"central_brain","left","SMP","720575941511543568","720575941516339449","proofread","proofread"
"(522112, 131120, 231615)","","","","SMP","","","Point","","158687366",4,1,"central_brain","left","SMP","720575941577150007","720575941644969433","fragment","fragment"
"(443888, 116704, 236115)","","","","SMP","","","Point","","108806392",4,1,"central_brain","right","SMP","720575941536386648","720575940707625800","fragment","fragment"
"(429072, 141952, 209790)","","","","SMP","","","Point","","96286205",3,1,"central_brain","right","SMP","720575940901558717","720575940901503421","fragment","fragment"
"(421328, 143344, 244665)","","","","SMP","","","Point","","90510413",5,1,"central_brain","right","SMP","720575941078378446","720575941524753052","fragment","fragment"
"(434528, 136800, 239805)","","","","SMP","","","Point","","103300460",4,1,"central_brain","right","SMP","720575941586874758","720575941638977141","proofread","proofread"
"(441040, 104704, 244305)","","","","SMP","","","Point","","101470255",3,1,"central_brain","right","SMP","720575941641838930","720575940777780585","fragment","fragment"
"(440688, 118096, 226485)","","","","SMP","","","Point","","102320128",5,1,"central_brain","right","SMP","720575940860035090","720575940860383506","fragment","fragment"
"(455088, 101728, 251370)","","","","SMP","","","Point","","116075338",3,1,"central_brain","right","SMP","720575941541981764","720575941442145231","fragment","proofread"
"(421248, 117968, 234360)","","","","SMP","","","Point","","89251319",5,1,"central_brain","right","SMP","720575941486786054","720575941536204554","proofread","proofread"
"(481504, 67392, 210060)","","","","SMP","","","Point","","135641447",4,1,"central_brain","right","SMP","720575941396016992","720575941653782545","fragment","proofread"
"(463776, 107600, 219960)","","","","SMP","","","Point","","123923778",5,1,"central_brain","right","SMP","720575941415380625","720575940583918403","proofread","fragment"
"(507472, 233584, 155070)","","","","SPS","","","Point","","153987645",4,1,"outside","left","SPS","720575940839564181","720575940748569858","fragment","fragment"
"(526224, 193968, 151020)","","","","SPS","","","Point","","165285576",4,1,"central_brain","left","SPS","720575941517015289","720575941219267027","proofread","fragment"
"(583600, 188592, 141660)","","","","SPS","","","Point","","197279789",4,1,"central_brain","left","SPS","720575941491018446","720575941403492548","fragment","fragment"
"(523760, 176912, 129780)","","","","SPS","","","Point","","158810009",4,1,"central_brain","left","SPS","720575941529139844","720575941575606454","proofread","proofread"
"(503600, 205136, 154620)","","","","SPS","","","Point","","147652785",3,1,"central_brain","left","SPS","720575941432286639","720575941454411667","proofread","fragment"
"(540272, 196032, 155880)","","","","SPS","","","Point","","170797636",4,1,"central_brain","left","SPS","720575941549619080","720575941228008217","proofread","fragment"
"(583520, 167824, 162540)","","","","SPS","","","Point","","197110091",4,1,"central_brain","left","SPS","720575941412148907","720575941072223456","proofread","fragment"
"(570400, 182992, 126675)","","","","SPS","","","Point","","186973711",3,1,"central_brain","left","SPS","720575941581772153","720575941450936336","proofread","fragment"
"(545904, 218480, 157185)","","","","SPS","","","Point","","176561865",4,1,"central_brain","left","SPS","720575941599935388","720575940647419870","proofread","fragment"
"(517472, 171088, 133155)","","","","SPS","","","Point","","159255107",3,1,"central_brain","left","SPS","720575941589124492","720575941585700798","proofread","fragment"
"(393936, 184320, 171360)","","","","SPS","","","Point","","75279460",1,1,"central_brain","right","SPS","720575941632954073","720575941409555247","fragment","proofread"
"(404544, 193936, 154575)","","","","SPS","","","Point","","80154326",4,1,"central_brain","right","SPS","720575940785831034","720575940785668730","fragment","fragment"
"(408864, 192256, 136890)","","","","SPS","","","Point","","85011821",3,1,"central_brain","right","SPS","720575941429650057","720575940829052291","proofread","fragment"
"(411680, 213776, 164340)","","","","SPS","","","Point","","85845460",3,1,"central_brain","right","SPS","720575941478387306","720575941530925663","proofread","fragment"
"(419328, 210816, 154035)","","","","SPS","","","Point","","91450210",5,1,"central_brain","right","SPS","720575941422701007","720575940585072028","fragment","fragment"
"(398496, 179824, 152910)","","","","SPS","","","Point","","79404041",5,1,"central_brain","right","SPS","720575941632759634","720575940944824099","fragment","fragment"
"(413456, 170240, 169785)","","","","SPS","","","Point","","84561787",4,1,"central_brain","right","SPS","720575941566690151","720575940510674689","proofread","fragment"
"(446608, 213344, 161055)","","","","SPS","","","Point","","111903711",4,1,"central_brain","right","SPS","720575941733215019","720575941519791913","proofread","fragment"
"(405088, 190896, 130455)","","","","SPS","","","Point","","79217071",5,1,"central_brain","right","SPS","720575941536237490","720575940846491884","proofread","fragment"
"(425680, 216032, 171630)","","","","SPS","","","Point","","97464445",4,1,"central_brain","right","SPS","720575941603984825","720575941325449940","proofread","fragment"
"(494656, 752096, 210150)","","","","Tct","","","Point","","143944519",3,1,"ventral_nerve_cord","left","Tct","720575941452465833","720575940640730265","proofread","fragment"
"(494800, 747232, 207585)","","","","Tct","","","Point","","143944531",4,1,"ventral_nerve_cord","left","Tct","720575940626172447","720575940626148895","fragment","fragment"
"(497424, 745664, 209925)","","","","Tct","","","Point","","143940565",4,1,"ventral_nerve_cord","left","Tct","720575941515951459","720575941313112491","proofread","fragment"
"(498272, 752368, 210555)","","","","Tct","","","Point","","149456681",4,1,"ventral_nerve_cord","left","Tct","720575941527175524","720575940640779417","proofread","fragment"
"(497200, 752000, 211005)","","","","Tct","","","Point","","143944918",4,1,"ventral_nerve_cord","left","Tct","720575941527175524","720575941452429690","proofread","proofread"
"(501344, 747760, 211905)","","","","Tct","","","Point","","149460198",5,1,"ventral_nerve_cord","left","Tct","720575941615559955","720575940624787102","proofread","fragment"
"(502320, 746560, 211455)","","","","Tct","","","Point","","149460294",3,1,"ventral_nerve_cord","left","Tct","720575941611944668","720575940624574878","proofread","fragment"
"(493920, 749168, 213525)","","","","Tct","","","Point","","143609200",4,1,"ventral_nerve_cord","left","Tct","720575940642312345","720575940642633113","fragment","fragment"
"(500112, 751120, 210645)","","","","Tct","","","Point","","149459824",3,1,"ventral_nerve_cord","left","Tct","720575941547677033","720575941575144886","proofread","proofread"
"(500080, 746048, 210735)","","","","Tct","","","Point","","149562766",5,1,"ventral_nerve_cord","left","Tct","720575941615534489","720575941313811883","proofread","fragment"
"(487456, 755312, 209385)","","","","Tct","","","Point","","138716552",5,1,"ventral_nerve_cord","right","Tct","720575941449517127","720575940585000794","fragment","fragment"
"(487984, 748768, 210960)","","","","Tct","","","Point","","138716662",4,1,"ventral_nerve_cord","right","Tct","720575940801083689","720575941515591523","fragment","proofread"
"(488416, 746480, 206190)","","","","Tct","","","Point","","138487917",4,1,"ventral_nerve_cord","right","Tct","720575941358198641","720575941358447473","fragment","fragment"
"(488544, 747056, 206685)","","","","Tct","","","Point","","143690549",4,1,"ventral_nerve_cord","right","Tct","720575941478534407","720575941358582129","fragment","fragment"
"(486384, 749264, 209970)","","","","Tct","","","Point","","138716440",4,1,"ventral_nerve_cord","right","Tct","720575940751802251","720575941461031901","fragment","fragment"
"(487376, 755376, 207990)","","","","Tct","","","Point","","138716539",5,1,"ventral_nerve_cord","right","Tct","720575941484965698","720575940584183898","proofread","fragment"
"(490480, 744880, 206820)","","","","Tct","","","Point","","143767534",3,1,"ventral_nerve_cord","right","Tct","720575941574715208","720575941201703947","proofread","fragment"
"(486816, 748592, 210645)","","","","Tct","","","Point","","138716487",4,1,"ventral_nerve_cord","right","Tct","720575941561409581","720575940800938281","proofread","fragment"
"(488448, 748576, 211815)","","","","Tct","","","Point","","143944239",1,1,"ventral_nerve_cord","right","Tct","720575941612667238","720575940801626665","proofread","fragment"
"(489584, 746624, 206370)","","","","Tct","","","Point","","143691180",4,1,"ventral_nerve_cord","right","Tct","720575941450360757","720575941358223985","proofread","fragment"
"(538688, 130384, 101700)","","","","VES","","","Point","","169499896",5,1,"central_brain","left","VES","720575941653943793","720575941401766435","proofread","proofread"
"(518304, 138640, 113490)","","","","VES","","","Point","","158722043",3,1,"central_brain","left","VES","720575941572655774","720575940584314987","proofread","fragment"
"(510160, 166848, 118170)","","","","VES","","","Point","","153175935",4,1,"central_brain","left","VES","720575941518818220","720575941583701599","proofread","proofread"
"(525232, 128960, 112545)","","","","VES","","","Point","","157768939",5,1,"central_brain","left","VES","720575941554316315","720575941381106139","proofread","fragment"
"(553536, 140048, 101430)","","","","VES","","","Point","","179943077",3,1,"central_brain","left","VES","720575941605128889","720575941246852542","proofread","fragment"
"(524560, 149616, 145035)","","","","VES","","","Point","","158384490",4,1,"central_brain","left","VES","720575941500591478","720575941469643661","fragment","fragment"
"(506208, 152176, 130455)","","","","VES","","","Point","","146468688",5,1,"central_brain","left","VES","720575941567394663","720575941043971758","proofread","fragment"
"(516160, 128912, 126135)","","","","VES","","","Point","","158544192",3,1,"central_brain","left","VES","720575941412424593","720575941329076848","proofread","fragment"
"(518368, 143520, 144000)","","","","VES","","","Point","","158549344",2,1,"central_brain","left","VES","720575941462734480","720575940490556166","proofread","fragment"
"(520896, 171744, 104265)","","","","VES","","","Point","","159003904",3,1,"central_brain","left","VES","720575941639446645","720575940726168547","proofread","fragment"
"(407552, 128800, 96750)","","","","VES","","","Point","","83812578",3,1,"central_brain","right","VES","720575941600423360","720575940796478644","proofread","fragment"
"(449264, 137952, 106830)","","","","VES","","","Point","","109106216",5,1,"central_brain","right","VES","720575941663741240","720575940722158879","proofread","fragment"
"(445072, 139200, 107100)","","","","VES","","","Point","","110000346",4,1,"central_brain","right","VES","720575941564690176","720575941445229817","proofread","fragment"
"(429328, 172144, 101925)","","","","VES","","","Point","","96069038",3,1,"central_brain","right","VES","720575941463894285","720575941415598737","proofread","proofread"
"(448384, 171952, 122220)","","","","VES","","","Point","","111219165",3,1,"central_brain","right","VES","720575941415629596","720575941612270182","proofread","proofread"
"(453696, 144336, 141705)","","","","VES","","","Point","","116819974",3,1,"central_brain","right","VES","720575941611437642","720575940772795002","proofread","fragment"
"(448368, 143616, 126720)","","","","VES","","","Point","","109026879",5,1,"central_brain","right","VES","720575941574285307","720575941432213703","proofread","fragment"
"(429152, 167312, 91170)","","","","VES","","","Point","","96602644",4,1,"central_brain","right","VES","720575941624461564","720575941477713770","proofread","proofread"
"(407232, 138112, 92835)","","","","VES","","","Point","","83975643",3,1,"central_brain","right","VES","720575941205450417","720575941526767874","fragment","proofread"
"(447584, 163008, 132030)","","","","VES","","","Point","","110078672",4,1,"central_brain","right","VES","720575941495055486","720575940668097755","proofread","fragment"
"(608288, 180464, 98685)","","","","WED","","","Point","","210132639",4,1,"central_brain","left","WED","720575940785061246","720575941574813705","fragment","identified"
"(608992, 170368, 107145)","","","","WED","","","Point","","210610078",5,1,"central_brain","left","WED","720575941733702443","720575940807632512","proofread","fragment"
"(553120, 178576, 116505)","","","","WED","","","Point","","181559947",5,1,"central_brain","left","WED","720575940838783653","720575940838814117","fragment","fragment"
"(560400, 176096, 122535)","","","","WED","","","Point","","181279953",4,1,"central_brain","left","WED","720575941652912657","720575940816169697","proofread","fragment"
"(560704, 158864, 110880)","","","","WED","","","Point","","180886828",5,1,"central_brain","left","WED","720575941445859754","720575940515406106","proofread","fragment"
"(576720, 142192, 104670)","","","","WED","","","Point","","191385190",3,1,"central_brain","left","WED","720575941517471075","720575941215445906","proofread","fragment"
"(613072, 190144, 92925)","","","","WED","","","Point","","210902997",3,1,"central_brain","left","WED","720575941500154337","720575940834082497","proofread","fragment"
"(608304, 185088, 107190)","","","","WED","","","Point","","210835801",5,1,"central_brain","left","WED","720575941469852893","720575940786716100","proofread","fragment"
"(603008, 168016, 108180)","","","","WED","","","Point","","207028655",5,1,"central_brain","left","WED","720575941439436123","720575941226976632","proofread","fragment"
"(610240, 190384, 94590)","","","","WED","","","Point","","210901132",4,1,"central_brain","left","WED","720575941464681229","720575940834998977","proofread","fragment"
"(361104, 180784, 84330)","","","","WED","","","Point","","64791536",5,1,"central_brain","right","WED","720575941456801261","720575940527316841","proofread","fragment"
"(337408, 191808, 108810)","","","","WED","","","Point","","56682008",3,1,"central_brain","right","WED","720575941440422879","720575940986982973","proofread","fragment"
"(348752, 178016, 76905)","","","","WED","","","Point","","59360211",4,1,"central_brain","right","WED","720575941535139672","720575940649629776","proofread","fragment"
"(398640, 171392, 110430)","","","","WED","","","Point","","79141301",3,1,"central_brain","right","WED","720575941573235209","720575940993886243","proofread","fragment"
"(351760, 167888, 88155)","","","","WED","","","Point","","61803339",5,1,"central_brain","right","WED","720575941485804685","720575941511689836","proofread","fragment"
"(343504, 178560, 79875)","","","","WED","","","Point","","59350018",3,1,"central_brain","right","WED","720575941526123778","720575941433436257","proofread","proofread"
"(342544, 177456, 90720)","","","","WED","","","Point","","58245063",5,1,"central_brain","right","WED","720575941575562397","720575940461495348","proofread","fragment"
"(355760, 159088, 78030)","","","","WED","","","Point","","61919587",4,1,"central_brain","right","WED","720575941338748272","720575940538566293","fragment","fragment"
"(348208, 188144, 102150)","","","","WED","","","Point","","59442549",4,1,"central_brain","right","WED","720575941504221746","720575941029361617","proofread","fragment"
"(409120, 166320, 103680)","","","","WED","","","Point","","85764104",1,1,"central_brain","right","WED","720575941595376677","720575941595914407","proofread","fragment"
"(559552, 724304, 255150)","","","","WTct","","","Point","","184025207",4,1,"ventral_nerve_cord","left","WTct","720575941521101495","720575940911613019","proofread","fragment"
"(564736, 661008, 234765)","","","","WTct","","","Point","","188846163",4,1,"ventral_nerve_cord","left","WTct","720575941433281312","720575940722424115","proofread","fragment"
"(556048, 725648, 255105)","","","","WTct","","","Point","","184021524",3,1,"ventral_nerve_cord","left","WTct","720575941631436780","720575940483352421","proofread","fragment"
"(591504, 664096, 222210)","","","","WTct","","","Point","","203769292",5,1,"ventral_nerve_cord","left","WTct","720575941522790475","720575940891531406","proofread","fragment"
"(588832, 668672, 220005)","","","","WTct","","","Point","","199306398",5,1,"ventral_nerve_cord","left","WTct","720575941464168534","720575941680338927","proofread","fragment"
"(598912, 662928, 233370)","","","","WTct","","","Point","","203427592",4,1,"ventral_nerve_cord","left","WTct","720575941537710824","720575941553009153","proofread","identified"
"(553680, 685312, 253170)","","","","WTct","","","Point","","183705405",3,1,"ventral_nerve_cord","left","WTct","720575941534415491","720575941546208692","proofread","proofread"
"(594160, 665936, 224730)","","","","WTct","","","Point","","203849141",4,1,"ventral_nerve_cord","left","WTct","720575940892545166","720575940893032078","fragment","fragment"
"(541856, 676896, 240885)","","","","WTct","","","Point","","172613254",3,1,"ventral_nerve_cord","left","WTct","720575941609572849","720575941609584113","fragment","fragment"
"(584896, 687568, 244530)","","","","WTct","","","Point","","198915600",3,1,"ventral_nerve_cord","left","WTct","720575941567639922","720575941392008385","proofread","fragment"
"(439856, 663424, 196065)","","","","WTct","","","Point","","105333728",3,1,"ventral_nerve_cord","right","WTct","720575941397379116","720575941476873690","fragment","fragment"
"(448992, 651952, 202050)","","","","WTct","","","Point","","112565822",3,1,"ventral_nerve_cord","right","WTct","720575941553530503","720575941530867075","proofread","proofread"
"(434592, 683232, 238185)","","","","WTct","","","Point","","105711466",5,1,"ventral_nerve_cord","right","WTct","720575941652872404","720575941463664689","proofread","fragment"
"(439856, 705504, 213570)","","","","WTct","","","Point","","105702192",5,1,"ventral_nerve_cord","right","WTct","720575941500898795","720575941651851797","proofread","proofread"
"(427440, 676096, 227520)","","","","WTct","","","Point","","98483179",3,1,"ventral_nerve_cord","right","WTct","720575941563161512","720575940562676959","proofread","fragment"
"(454160, 682128, 229995)","","","","WTct","","","Point","","120123553",4,1,"ventral_nerve_cord","right","WTct","720575941652633585","720575941440280767","proofread","proofread"
"(438864, 691408, 210420)","","","","WTct","","","Point","","105642983",4,1,"ventral_nerve_cord","right","WTct","720575941519449863","720575941244304136","fragment","fragment"
"(442112, 667840, 241245)","","","","WTct","","","Point","","105583112",4,1,"ventral_nerve_cord","right","WTct","720575941524264985","720575940938514273","proofread","fragment"
"(481232, 654752, 221715)","","","","WTct","","","Point","","137804527",3,1,"ventral_nerve_cord","right","WTct","720575941620788706","720575940450028843","fragment","fragment"
"(452128, 649584, 187245)","","","","WTct","","","Point","","119672188",5,1,"ventral_nerve_cord","right","WTct","720575941478387050","720575941219698881","proofread","fragment"
"(514176, 648384, 236925)","","","","WTct_UTct_T2","","","Point","","155144430",3,1,"ventral_nerve_cord","left","WTct_UTct_T2","720575941526334729","720575941501842626","fragment","proofread"
"(515536, 679008, 250425)","","","","WTct_UTct_T2","","","Point","","155857224",4,1,"ventral_nerve_cord","left","WTct_UTct_T2","720575941499761058","720575940941085428","proofread","fragment"
"(562768, 674608, 259110)","","","","WTct_UTct_T2","","","Point","","188909904",3,1,"ventral_nerve_cord","left","WTct_UTct_T2","720575940774894297","720575940727362198","fragment","fragment"
"(568736, 675408, 260055)","","","","WTct_UTct_T2","","","Point","","189001093",5,1,"ventral_nerve_cord","left","WTct_UTct_T2","720575941402601175","720575940763130838","fragment","fragment"
"(575872, 690208, 264060)","","","","WTct_UTct_T2","","","Point","","194496707",5,1,"ventral_nerve_cord","left","WTct_UTct_T2","720575941129452475","720575941624155644","fragment","proofread"
"(567776, 646352, 243360)","","","","WTct_UTct_T2","","","Point","","188499987",3,1,"ventral_nerve_cord","left","WTct_UTct_T2","720575941618366079","720575940534254805","proofread","fragment"
"(568592, 696336, 267030)","","","","WTct_UTct_T2","","","Point","","189243147",4,1,"ventral_nerve_cord","left","WTct_UTct_T2","720575941464002461","720575941505514231","fragment","fragment"
"(573008, 690800, 262845)","","","","WTct_UTct_T2","","","Point","","194490172",5,1,"ventral_nerve_cord","left","WTct_UTct_T2","720575941587396151","720575941555458852","proofread","proofread"
"(495808, 648320, 239355)","","","","WTct_UTct_T2","","","Point","","142990504",3,1,"ventral_nerve_cord","left","WTct_UTct_T2","720575941694781146","720575941596050112","fragment","proofread"
"(520368, 672976, 248040)","","","","WTct_UTct_T2","","","Point","","161434182",5,1,"ventral_nerve_cord","left","WTct_UTct_T2","720575941567110900","720575940933693323","proofread","fragment"
"(419872, 654176, 194130)","","","","WTct_UTct_T2","","","Point","","92255479",3,1,"ventral_nerve_cord","right","WTct_UTct_T2","720575941592148075","720575941050044642","proofread","fragment"
"(494208, 636320, 231345)","","","","WTct_UTct_T2","","","Point","","142629097",4,1,"ventral_nerve_cord","right","WTct_UTct_T2","720575941514530892","720575941434275279","proofread","fragment"
"(481472, 640064, 237690)","","","","WTct_UTct_T2","","","Point","","137289001",5,1,"ventral_nerve_cord","right","WTct_UTct_T2","720575941487086806","720575941499558369","fragment","proofread"
"(470816, 639296, 239175)","","","","WTct_UTct_T2","","","Point","","132302705",4,1,"ventral_nerve_cord","right","WTct_UTct_T2","720575941663489404","720575941485570774","proofread","fragment"
"(411920, 700400, 218475)","","","","WTct_UTct_T2","","","Point","","86051381",3,1,"ventral_nerve_cord","right","WTct_UTct_T2","720575941672244903","720575940648475654","identified","fragment"
"(443360, 661088, 243900)","","","","WTct_UTct_T2","","","Point","","112487112",5,1,"ventral_nerve_cord","right","WTct_UTct_T2","720575941557556974","720575940393164935","proofread","fragment"
"(418528, 669120, 232965)","","","","WTct_UTct_T2","","","Point","","91991132",4,1,"ventral_nerve_cord","right","WTct_UTct_T2","720575941438989147","720575941558525734","proofread","fragment"
"(489696, 666704, 250245)","","","","WTct_UTct_T2","","","Point","","143127740",4,1,"ventral_nerve_cord","right","WTct_UTct_T2","720575941012691451","720575940974898813","fragment","fragment"
"(410400, 676384, 211095)","","","","WTct_UTct_T2","","","Point","","86053261",5,1,"ventral_nerve_cord","right","WTct_UTct_T2","720575941413308561","720575940995034171","proofread","fragment"
"(444000, 670368, 249930)","","","","WTct_UTct_T2","","","Point","","113640513",5,1,"ventral_nerve_cord","right","WTct_UTct_T2","720575941410088559","720575940408062984","proofread","fragment"
"(575344, 646128, 251145)","","","","Xnerve","","","Point","","194086746",3,1,"ventral_nerve_cord","left","Xnerve","720575940567894191","720575940567878063","fragment","fragment"
"(587888, 651952, 257355)","","","","Xnerve","","","Point","","198896537",5,1,"ventral_nerve_cord","left","Xnerve","720575941471389644","720575941471306188","fragment","fragment"
"(591200, 661824, 265725)","","","","Xnerve","","","Point","","203592124",3,1,"ventral_nerve_cord","left","Xnerve","720575941527843768","720575941512498104","proofread","fragment"
"(577328, 657008, 257715)","","","","Xnerve","","","Point","","194213489",5,1,"ventral_nerve_cord","left","Xnerve","720575941142443381","720575941144081269","fragment","fragment"
"(588608, 663552, 263115)","","","","Xnerve","","","Point","","199164868",1,1,"ventral_nerve_cord","left","Xnerve","720575941386568173","720575941529212619","fragment","proofread"
"(579872, 651920, 254700)","","","","Xnerve","","","Point","","194077678",3,1,"ventral_nerve_cord","left","Xnerve","720575941643797624","720575940822885551","proofread","fragment"
"(586176, 661312, 263610)","","","","Xnerve","","","Point","","198977610",4,1,"ventral_nerve_cord","left","Xnerve","720575941527843768","720575941101188830","proofread","fragment"
"(589360, 655296, 256455)","","","","Xnerve","","","Point","","198831632",3,1,"ventral_nerve_cord","left","Xnerve","720575941566167094","720575941483970505","proofread","fragment"
"(583264, 655872, 257625)","","","","Xnerve","","","Point","","198831599",4,1,"ventral_nerve_cord","left","Xnerve","720575941483941321","720575941062445565","fragment","fragment"
"(577888, 648064, 249930)","","","","Xnerve","","","Point","","194086805",3,1,"ventral_nerve_cord","left","Xnerve","720575941643797624","720575940615078267","proofread","fragment"
"(423296, 645168, 229320)","","","","Xnerve","","","Point","","91896922",4,1,"ventral_nerve_cord","right","Xnerve","720575940982377849","720575941569376250","fragment","proofread"
"(429216, 637136, 223560)","","","","Xnerve","","","Point","","98384976",5,1,"ventral_nerve_cord","right","Xnerve","720575941549397247","720575941596050112","proofread","proofread"
"(421184, 639552, 226800)","","","","Xnerve","","","Point","","91881031",4,1,"ventral_nerve_cord","right","Xnerve","720575941432125198","720575940981102713","fragment","fragment"
"(415072, 644816, 227430)","","","","Xnerve","","","Point","","91881009",4,1,"ventral_nerve_cord","right","Xnerve","720575941583297480","720575940946221956","fragment","fragment"
"(439488, 635136, 223380)","","","","Xnerve","","","Point","","105047183",3,1,"ventral_nerve_cord","right","Xnerve","720575941633520059","720575940488997868","proofread","fragment"
"(434864, 637584, 226215)","","","","Xnerve","","","Point","","105049774",3,1,"ventral_nerve_cord","right","Xnerve","720575941582353096","720575941549397247","fragment","proofread"
"(433856, 641344, 226845)","","","","Xnerve","","","Point","","105049570",4,1,"ventral_nerve_cord","right","Xnerve","720575941536210581","720575940976301687","proofread","fragment"
"(431936, 636928, 223245)","","","","Xnerve","","","Point","","98385139",3,1,"ventral_nerve_cord","right","Xnerve","720575941549397247","720575941596050112","proofread","proofread"
"(435056, 635904, 222975)","","","","Xnerve","","","Point","","105299088",3,1,"ventral_nerve_cord","right","Xnerve","720575941549397247","720575940488572396","proofread","fragment"
"(420256, 639696, 226845)","","","","Xnerve","","","Point","","91881028",5,1,"ventral_nerve_cord","right","Xnerve","720575941432125198","720575940981103481","fragment","fragment"
"(489792, 573552, 159930)","","","","cervical_connective","","","Point","","142816741",5,1,"ventral_nerve_cord","right","cervical_connective","720575941480673154","720575941671255473","proofread","proofread"
"(488880, 573664, 169020)","","","","cervical_connective","","","Point","","142031454",5,1,"ventral_nerve_cord","right","cervical_connective","720575941526853030","720575941467961560","proofread","fragment"
"(482448, 570544, 163890)","","","","cervical_connective","","","Point","","136944746",4,1,"ventral_nerve_cord","right","cervical_connective","720575941486437954","720575941358763705","proofread","fragment"
"(487552, 572912, 169380)","","","","cervical_connective","","","Point","","136785068",5,1,"ventral_nerve_cord","right","cervical_connective","720575941614893013","720575941603618713","proofread","fragment"
"(491056, 574912, 169920)","","","","cervical_connective","","","Point","","142032160",4,1,"ventral_nerve_cord","right","cervical_connective","720575941514608995","720575940919125390","proofread","fragment"
"(488768, 573808, 170190)","","","","cervical_connective","","","Point","","142031437",3,1,"ventral_nerve_cord","right","cervical_connective","720575941428365193","720575940919334286","proofread","fragment"
"(483184, 570656, 164025)","","","","cervical_connective","","","Point","","136944749",4,1,"ventral_nerve_cord","right","cervical_connective","720575941435830192","720575941435827632","fragment","fragment"
"(486464, 571904, 160650)","","","","cervical_connective","","","Point","","136826207",3,1,"ventral_nerve_cord","right","cervical_connective","720575941595517735","720575940416477673","proofread","fragment"
"(488944, 573760, 167400)","","","","cervical_connective","","","Point","","142031468",5,1,"ventral_nerve_cord","right","cervical_connective","720575941460227824","720575941469611480","proofread","fragment"
"(487968, 572816, 161370)","","","","cervical_connective","","","Point","","136997911",3,1,"ventral_nerve_cord","right","cervical_connective","720575941489332169","720575941469189592","proofread","fragment"
"(578768, 629968, 138420)","","","","mVAC","","","Point","","193483699",5,1,"ventral_nerve_cord","left","mVAC","720575941691440091","720575940610739019","proofread","fragment"
"(570176, 638656, 130635)","","","","mVAC","","","Point","","188729289",4,1,"ventral_nerve_cord","left","mVAC","720575941413320337","720575941639503599","proofread","fragment"
"(562240, 652352, 149535)","","","","mVAC","","","Point","","188870080",5,1,"ventral_nerve_cord","left","mVAC","720575941561512844","720575941687916015","fragment","proofread"
"(565360, 636224, 129465)","","","","mVAC","","","Point","","188724632",5,1,"ventral_nerve_cord","left","mVAC","720575941491194878","720575941491200766","fragment","fragment"
"(577840, 630096, 122985)","","","","mVAC","","","Point","","193643224",4,1,"ventral_nerve_cord","left","mVAC","720575941687552268","720575940902481321","proofread","fragment"
"(555376, 646672, 134505)","","","","mVAC","","","Point","","183312347",5,1,"ventral_nerve_cord","left","mVAC","720575940991613798","720575940991822694","fragment","fragment"
"(568144, 629328, 134640)","","","","mVAC","","","Point","","188882364",4,1,"ventral_nerve_cord","left","mVAC","720575941038464895","720575941612622313","fragment","proofread"
"(565184, 645456, 160920)","","","","mVAC","","","Point","","188425753",3,1,"ventral_nerve_cord","left","mVAC","720575941626991910","720575941439600684","proofread","proofread"
"(540144, 625504, 127440)","","","","mVAC","","","Point","","171797164",3,1,"ventral_nerve_cord","left","mVAC","720575941525451960","720575941583112582","proofread","proofread"
"(576608, 622768, 127035)","","","","mVAC","","","Point","","194169025",5,1,"ventral_nerve_cord","left","mVAC","720575941624521368","720575941026703467","fragment","fragment"
"(500848, 635456, 134775)","","","","mVAC","","","Point","","148446794",4,1,"ventral_nerve_cord","right","mVAC","720575941613848473","720575940644516252","proofread","fragment"
"(526176, 650832, 123030)","","","","mVAC","","","Point","","166807648",3,1,"ventral_nerve_cord","right","mVAC","720575941549450301","720575940569311046","proofread","fragment"
"(499264, 651152, 144315)","","","","mVAC","","","Point","","148519340",3,1,"ventral_nerve_cord","right","mVAC","720575941348802588","720575940650140549","fragment","fragment"
"(495616, 651792, 129060)","","","","mVAC","","","Point","","142753030",4,1,"ventral_nerve_cord","right","mVAC","720575941517802412","720575940540799526","proofread","fragment"
"(512256, 630768, 116595)","","","","mVAC","","","Point","","154757953",3,1,"ventral_nerve_cord","right","mVAC","720575941393160663","720575941438618910","fragment","fragment"
"(509792, 642784, 126225)","","","","mVAC","","","Point","","154982806",5,1,"ventral_nerve_cord","right","mVAC","720575941471068023","720575940744498474","proofread","fragment"
"(510048, 645664, 124425)","","","","mVAC","","","Point","","154893475",3,1,"ventral_nerve_cord","right","mVAC","720575941463764368","720575940718693839","proofread","fragment"
"(533600, 623216, 125775)","","","","mVAC","","","Point","","167222586",5,1,"ventral_nerve_cord","right","mVAC","720575940730864401","720575941631157408","fragment","proofread"
"(512992, 622064, 118800)","","","","mVAC","","","Point","","154434109",4,1,"ventral_nerve_cord","right","mVAC","720575941421554591","720575940548270091","fragment","fragment"
"(496368, 644432, 132660)","","","","mVAC","","","Point","","142731905",3,1,"ventral_nerve_cord","right","mVAC","720575941477954609","720575940562001477","proofread","fragment"
"(482000, 801424, 182340)","","","","mVAC_T3","","","Point","","139552882",5,1,"ventral_nerve_cord","right","mVAC_T3","720575941570551540","720575940659947589","proofread","fragment"
"(482016, 801184, 182475)","","","","mVAC_T3","","","Point","","139552883",3,1,"ventral_nerve_cord","right","mVAC_T3","720575941570551540","720575940660028485","proofread","fragment"
"(477296, 797248, 181440)","","","","mVAC_T3","","","Point","","134129501",4,1,"ventral_nerve_cord","right","mVAC_T3","720575941625328522","720575940659308101","proofread","fragment"
"(NA, NA, NA)","","","","outside","","","Point","","92041377",3,1,"outside","centre","outside","720575941559511846","720575941559511846","fragment","fragment"
"(NA, NA, NA)","","","","outside","","","Point","","47011542",3,1,"outside","centre","outside","720575940514307193","720575940514307193","fragment","fragment"
"(NA, NA, NA)","","","","outside","","","Point","","30433022",3,1,"outside","centre","outside","720575941497472762","720575941497472762","fragment","fragment"
"(NA, NA, NA)","","","","outside","","","Point","","49338048",3,1,"outside","centre","outside","720575941555439514","720575941555439514","proofread","proofread"
"(NA, NA, NA)","","","","outside","","","Point","","249349052",5,1,"outside","centre","outside","720575941472700427","720575941472700427","proofread","proofread"
"(NA, NA, NA)","","","","outside","","","Point","","29344402",3,1,"outside","centre","outside","720575941533178090","720575941533178090","proofread","proofread"
"(NA, NA, NA)","","","","outside","","","Point","","223555474",3,1,"outside","centre","outside","720575941551139117","720575941551139117","fragment","fragment"
"(NA, NA, NA)","","","","outside","","","Point","","258137045",3,1,"outside","centre","outside","720575940980341990","720575940980341990","fragment","fragment"
"(NA, NA, NA)","","","","outside","","","Point","","73129264",3,1,"outside","centre","outside","720575941536518170","720575941536518170","proofread","proofread"
"(NA, NA, NA)","","","","outside","","","Point","","124022138",4,1,"outside","centre","outside","720575941543203613","720575941543203613","proofread","proofread"
