1,mn_9_optogenetic_activation_rate,split_gal_4_behavioral_information,shortest_path,10_hz_mn_9_left_5,10_hz_mn_9_right_6,20_hz_mn_9_left_7,20_hz_mn_9_right_8,30_hz_mn_9_left_9,30_hz_mn_9_right_10,40_hz_mn_9_left_11,40_hz_mn_9_right_12,50_hz_mn_9_left_13,50_hz_mn_9_right_14,100_hz_mn_9_left_15,100_hz_mn_9_right_16,150_hz_mn_9_left_17,150_hz_mn_9_right_18,200_hz_mn_9_left_19,200_hz_mn_9_right_20,standard_deviation,10_hz_mn_9_left_22,10_hz_mn_9_right_23,20_hz_mn_9_left_24,20_hz_mn_9_right_25,30_hz_mn_9_left_26,30_hz_mn_9_right_27,40_hz_mn_9_left_28,40_hz_mn_9_right_29,50_hz_mn_9_left_30,50_hz_mn_9_right_31,100_hz_mn_9_left_32,100_hz_mn_9_right_33,150_hz_mn_9_left_34,150_hz_mn_9_right_35,200_hz_mn_9_left_36,200_hz_mn_9_right_37,neuron_name,flywire_id,root_id,root_783,supervoxel_id,proofread,status,pos_x,pos_y,pos_z,nucleus_id,soma_x,soma_y,soma_z,side,nerve,top_nt,flow,super_class,cell_class,cell_sub_class,cell_type,hemibrain_match,hemibrain_type,morphology_group,known_nt,known_nt_source,notes,region,hemilineage,modality,seed,top_nt_conf,optic,flywire_xyz,root_recent,dataset,soma_dcv_density,soma_dcv_count,soma_volume,cell_dcv_count,cell_dcv_avg_size,known_np,total_outputs,total_inputs,axon_outputs,dend_outputs,axon_inputs,dend_inputs,pd_outputs,pn_outputs,pd_inputs,pn_inputs,total_outputs_density,total_inputs_density,axon_outputs_density,dend_outputs_density,axon_inputs_density,dend_inputs_density,axon_length,dend_length,pd_length,pn_length,axon_width,dend_width,pd_width,pn_width,segregation_index,projection_score,root,nodes,segments,branchpoints,endpoints,cable_length,n_trees,connectors,postsynapse_side_index,presynapse_side_index,cell_dcv_density,conf_nt,conf_nt_p,top_p,gaba,acetylcholine,glutamate,octopamine,serotonin,dopamine,output_degree,input_degree,sez_class
roundup,1,"SS47730: .9, SS47731: .8, SS47744: 1, SS47745: .9; See also Shiu, Sterne et al., 2022",1,19.6333333333333,16.2,39.6,37.8666666666666,55.2333333333333,56.4,68.0333333333333,68.8,79.5,82.6666666666666,115.4,118.533333333333,134.466666666666,141.1,154.7,157.7,NA,5.52861244396417,6.04648658313239,5.71897426700511,5.63757236957737,6.15729016875299,6.35400136397005,5.94689461446523,6.63023378170031,6.97973256412211,6.6147982248558,5.70730526021986,6.44325659550786,6.05933623060773,5.00233278914281,4.82458979257995,4.79687398208458,roundup,720575940607272649,720575940607272649,720575940607272649,81140591077162165,1,NA,153096,87024,1892,6508849,153096,87024,1892,right,NA,acetylcholine,brain_intrinsic,central,NA,NA,CB0553,NA,NA,NA,NA,NA,NA,midbrain,putative_primary,NA,NA,0.9324765,FALSE,"(153096, 87024, 1892)",720575940607272649,flywire,0.4166,161,38650461,4059,136,NA,11670,5281,4983,3270,53,4842,0,0,0,0,1.687,0.7636000000000001,11.79,0.6941999999999999,0.1254,1.028,422.6,4710,127.5,116.2,0.902,0.324,0.98,0.674,0.33599999999999997,124.4,1,13134,4423,2152,2272,6916,1,16951,1,1,0.5869,acetylcholine,0.891,0.901,0.032690000000000004,0.8414,0.06629000000000002,0.0034390000000000002,0.015489999999999999,0.03862,4823,5281,sez_intrinsic
roundup,1,"SS47730: .9, SS47731: .8, SS47744: 1, SS47745: .9; See also Shiu, Sterne et al., 2022",1,19.6333333333333,16.2,39.6,37.8666666666666,55.2333333333333,56.4,68.0333333333333,68.8,79.5,82.6666666666666,115.4,118.533333333333,134.466666666666,141.1,154.7,157.7,NA,5.52861244396417,6.04648658313239,5.71897426700511,5.63757236957737,6.15729016875299,6.35400136397005,5.94689461446523,6.63023378170031,6.97973256412211,6.6147982248558,5.70730526021986,6.44325659550786,6.05933623060773,5.00233278914281,4.82458979257995,4.79687398208458,roundup,720575940623211725,720575940623211725,720575940623211725,78044160308835700,1,NA,107712,84480,2599,3247552,107712,84480,2599,left,NA,acetylcholine,brain_intrinsic,central,NA,NA,CB0553,NA,NA,NA,NA,NA,NA,midbrain,putative_primary,NA,NA,0.8975733,FALSE,"(107712, 84480, 2599)",720575940623211725,flywire,0.5347,73,13652157,3787,135,NA,11044,6322,7905,2653,141,4619,0,0,0,0,1.555,0.8902,14.16,0.6332,0.2526,1.102,558.1,4190,149.6,98.37,0.85,0.314,0.99,0.619,0.42250000000000004,127.5,1,13741,4693,2276,2418,7102,1,17366,1,1,0.5332,acetylcholine,0.913,0.927,0.02791,0.8640000000000001,0.048150000000000005,0.006725,0.01157,0.04024,4302,6322,sez_intrinsic
diatom,0.6,SS40945: 0.4; SS35298: .6,2,0,0,0,0,2.13333333333333,1.1,8.33333333333333,4.96666666666666,29.1333333333333,28.3333333333333,79.1,94.1333333333333,86.4,103.4,89.5,107.766666666666,NA,0,0,0,0,4.17718671941881,5.23036008957955,12.4988888395017,15.7701898811932,27.5786551924168,35.7736712619149,14.1594491418275,16.9641451957421,5.03057319464359,6.49923072370876,2.33452350598575,3.91308346732116,diatom,720575940626679317,720575940626679317,720575940626679317,78607728737692592,1,NA,115813,93132,3074,NA,NA,NA,NA,left,MxLbN,serotonin,brain_afferent,sensory,mechanosensory,unknown,unknown,NA,NA,NA,NA,NA,NA,sez,NA,mechanosensory,mechanosensory_left,0.7655939,FALSE,"(115813, 93132, 3074)",720575940626679317,flywire,NA,NA,NA,4482,226,NA,958,169,958,0,169,0,0,0,0,0,1.49,0.2629,1.49,0,0.2629,0,642.9,0,0,0,0.428,0,0,0,NA,NA,1,1220,202,98,104,642.9,1,1127,1,1,6.972,serotonin,0.557,0.632,0.007895000000000001,0.15470000000000003,0.12210000000000001,0.0042109999999999995,0.6076,0.10210000000000001,236,NA,sez_sensory
diatom,0.6,SS40945: 0.4; SS35298: .6,2,0,0,0,0,2.13333333333333,1.1,8.33333333333333,4.96666666666666,29.1333333333333,28.3333333333333,79.1,94.1333333333333,86.4,103.4,89.5,107.766666666666,NA,0,0,0,0,4.17718671941881,5.23036008957955,12.4988888395017,15.7701898811932,27.5786551924168,35.7736712619149,14.1594491418275,16.9641451957421,5.03057319464359,6.49923072370876,2.33452350598575,3.91308346732116,diatom,720575940637107312,720575940637107312,720575940637107312,80437384805746002,1,NA,142880,94078,2982,NA,NA,NA,NA,right,MxLbN,serotonin,brain_afferent,sensory,mechanosensory,unknown,unknown,NA,NA,NA,NA,NA,NA,sez,NA,mechanosensory,mechanosensory_right,0.7332473,FALSE,"(142880, 94078, 2982)",720575940637107312,flywire,NA,NA,NA,3062,216,NA,669,109,669,0,109,0,0,0,0,0,1.21,0.19720000000000001,1.21,0,0.19720000000000001,0,552.8,0,0,0,0.398,0,0,0,NA,NA,1,1055,131,65,67,552.8,1,778,1,1,5.539,serotonin,0.647,0.735,0.05559,0.17320000000000002,0.022350000000000002,0.001176,0.7243999999999999,0.02294,NA,NA,sez_sensory
diatom,0.6,SS40945: 0.4; SS35298: .6,2,0,0,0,0,2.13333333333333,1.1,8.33333333333333,4.96666666666666,29.1333333333333,28.3333333333333,79.1,94.1333333333333,86.4,103.4,89.5,107.766666666666,NA,0,0,0,0,4.17718671941881,5.23036008957955,12.4988888395017,15.7701898811932,27.5786551924168,35.7736712619149,14.1594491418275,16.9641451957421,5.03057319464359,6.49923072370876,2.33452350598575,3.91308346732116,diatom,720575940641058523,720575940641058523,720575940641058523,78959160074853835,1,NA,121418,86921,2364,NA,NA,NA,NA,right,MxLbN,serotonin,brain_afferent,sensory,mechanosensory,unknown,unknown,NA,NA,NA,NA,NA,NA,sez,NA,mechanosensory,mechanosensory_right,0.8239615,FALSE,"(121418, 86921, 2364)",720575940641058523,flywire,NA,NA,NA,3269,217,NA,729,199,198,264,63,107,0,0,0,0,1.1480000000000001,0.3134,1.33,0.8458000000000001,0.42310000000000003,0.3428,148.9,312.1,145.3,9.482,0.384,0.364,0.48,0.352,0.002359,44.38,1,1207,175,85,90,634.9,1,928,1,1,5.149,serotonin,0.7909999999999999,0.897,0.008461999999999999,0.09359,0.034100000000000005,0.001538,0.8208000000000001,0.041800000000000004,218,NA,sez_sensory
diatom,0.6,SS40945: 0.4; SS35298: .6,2,0,0,0,0,2.13333333333333,1.1,8.33333333333333,4.96666666666666,29.1333333333333,28.3333333333333,79.1,94.1333333333333,86.4,103.4,89.5,107.766666666666,NA,0,0,0,0,4.17718671941881,5.23036008957955,12.4988888395017,15.7701898811932,27.5786551924168,35.7736712619149,14.1594491418275,16.9641451957421,5.03057319464359,6.49923072370876,2.33452350598575,3.91308346732116,diatom,720575940622198230,720575940622198230,720575940622198230,80366878689765761,1,NA,141381,92026,3181,NA,NA,NA,NA,right,MxLbN,serotonin,brain_afferent,sensory,mechanosensory,unknown,unknown,NA,NA,NA,NA,NA,NA,sez,NA,mechanosensory,mechanosensory_right,0.7867136,FALSE,"(141381, 92026, 3181)",720575940622198230,flywire,NA,NA,NA,2104,225,NA,630,96,183,344,32,57,0,0,0,0,1.4409999999999998,0.21950000000000003,0.9894999999999999,1.6500000000000001,0.17300000000000001,0.27340000000000003,184.9,208.5,0.9407000000000001,36.43,0.43,0.383,1.224,0.472,9.900000000000001e-5,46.59,1,837,134,66,68,437.3,1,726,1,1,4.811,serotonin,0.77,0.8750000000000001,0.0034380000000000005,0.036559999999999995,0.08906,0.001875,0.8312,0.03719,164,NA,sez_sensory
diatom,0.6,SS40945: 0.4; SS35298: .6,2,0,0,0,0,2.13333333333333,1.1,8.33333333333333,4.96666666666666,29.1333333333333,28.3333333333333,79.1,94.1333333333333,86.4,103.4,89.5,107.766666666666,NA,0,0,0,0,4.17718671941881,5.23036008957955,12.4988888395017,15.7701898811932,27.5786551924168,35.7736712619149,14.1594491418275,16.9641451957421,5.03057319464359,6.49923072370876,2.33452350598575,3.91308346732116,diatom,720575940627854595,720575940627854595,720575940627854595,78607728737698126,1,NA,115728,93229,3084,NA,NA,NA,NA,left,MxLbN,serotonin,brain_afferent,sensory,mechanosensory,unknown,unknown,NA,NA,NA,NA,NA,NA,sez,NA,mechanosensory,mechanosensory_left,0.7582900,FALSE,"(115728, 93229, 3084)",720575940627854595,flywire,NA,NA,NA,3563,211,NA,856,173,856,0,173,0,0,0,0,0,1.476,0.2982,1.476,0,0.2982,0,580.1,0,0,0,0.418,0,0,0,NA,NA,1,1107,90,44,46,580.1,1,1029,1,1,6.142,serotonin,0.729,0.8270000000000001,0.003846,0.09654,0.10880000000000001,1.92e-4,0.7169,0.07250000000000001,NA,NA,sez_sensory
diatom,0.6,SS40945: 0.4; SS35298: .6,2,0,0,0,0,2.13333333333333,1.1,8.33333333333333,4.96666666666666,29.1333333333333,28.3333333333333,79.1,94.1333333333333,86.4,103.4,89.5,107.766666666666,NA,0,0,0,0,4.17718671941881,5.23036008957955,12.4988888395017,15.7701898811932,27.5786551924168,35.7736712619149,14.1594491418275,16.9641451957421,5.03057319464359,6.49923072370876,2.33452350598575,3.91308346732116,diatom,720575940605699104,720575940605699104,720575940605699104,79803653724230339,1,NA,133616,87912,2276,NA,NA,NA,NA,left,MxLbN,serotonin,brain_afferent,sensory,mechanosensory,unknown,unknown,NA,NA,NA,NA,NA,NA,sez,NA,mechanosensory,mechanosensory_left,0.6944099,FALSE,"(133616, 87912, 2276)",720575940605699104,flywire,94.05,97,103136,11444,297,NA,1737,139,553,994,33,98,0,0,0,0,2.0519999999999996,0.1642,1.3900000000000001,3.219,0.08296,0.3174,397.8,308.8,118.4,0.1477,0.472,0.434,0.574,2.134,0.00676,28.49,1,1515,236,116,121,846.6,1,1876,1,1,13.52,serotonin,0.625,0.704,0.004693999999999999,0.07459000000000002,0.03755,0.02051,0.6848,0.17670000000000002,424,NA,sez_sensory
diatom,0.6,SS40945: 0.4; SS35298: .6,2,0,0,0,0,2.13333333333333,1.1,8.33333333333333,4.96666666666666,29.1333333333333,28.3333333333333,79.1,94.1333333333333,86.4,103.4,89.5,107.766666666666,NA,0,0,0,0,4.17718671941881,5.23036008957955,12.4988888395017,15.7701898811932,27.5786551924168,35.7736712619149,14.1594491418275,16.9641451957421,5.03057319464359,6.49923072370876,2.33452350598575,3.91308346732116,diatom,720575940638726717,720575940638726717,720575940638726717,80507822269351136,1,NA,143856,95232,2881,NA,NA,NA,NA,right,MxLbN,serotonin,brain_afferent,sensory,mechanosensory,unknown,unknown,NA,NA,NA,NA,NA,NA,sez,NA,mechanosensory,mechanosensory_right,0.7769848,FALSE,"(143856, 95232, 2881)",720575940638726717,flywire,NA,NA,NA,2908,208,NA,578,174,578,0,174,0,0,0,0,0,1.059,0.3189,1.059,0,0.3189,0,545.6,0,0,0,0.428,0,0,0,NA,NA,1,1023,109,53,56,545.6,1,752,1,1,5.33,serotonin,0.706,0.8,0.02775,0.07375000000000001,0.03475,0.0015,0.8162,0.045,NA,NA,sez_sensory
diatom,0.6,SS40945: 0.4; SS35298: .6,2,0,0,0,0,2.13333333333333,1.1,8.33333333333333,4.96666666666666,29.1333333333333,28.3333333333333,79.1,94.1333333333333,86.4,103.4,89.5,107.766666666666,NA,0,0,0,0,4.17718671941881,5.23036008957955,12.4988888395017,15.7701898811932,27.5786551924168,35.7736712619149,14.1594491418275,16.9641451957421,5.03057319464359,6.49923072370876,2.33452350598575,3.91308346732116,diatom,720575940628527439,720575940628527439,720575940628527439,80437247433880625,1,NA,142641,92267,3132,NA,NA,NA,NA,right,MxLbN,serotonin,brain_afferent,sensory,mechanosensory,unknown,unknown,NA,NA,NA,NA,NA,NA,sez,NA,mechanosensory,mechanosensory_right,0.7964308,FALSE,"(142641, 92267, 3132)",720575940628527439,flywire,NA,NA,NA,2557,217,NA,636,129,636,0,129,0,0,0,0,0,1.242,0.2519,1.242,0,0.2519,0,512.1,0,0,0,0.438,0,0,0,NA,NA,1,961,116,57,60,512.1,1,765,1,1,4.993,serotonin,0.8210000000000001,0.933,0.002667,0.038,0.061779999999999995,6.67e-4,0.8780000000000001,0.01844,183,NA,sez_sensory
diatom,0.6,SS40945: 0.4; SS35298: .6,2,0,0,0,0,2.13333333333333,1.1,8.33333333333333,4.96666666666666,29.1333333333333,28.3333333333333,79.1,94.1333333333333,86.4,103.4,89.5,107.766666666666,NA,0,0,0,0,4.17718671941881,5.23036008957955,12.4988888395017,15.7701898811932,27.5786551924168,35.7736712619149,14.1594491418275,16.9641451957421,5.03057319464359,6.49923072370876,2.33452350598575,3.91308346732116,diatom,720575940627979782,720575940627979782,720575940627979782,80437384805753894,1,NA,142752,93863,2985,NA,NA,NA,NA,right,MxLbN,serotonin,brain_afferent,sensory,mechanosensory,unknown,unknown,NA,NA,NA,NA,NA,NA,sez,NA,mechanosensory,mechanosensory_right,0.7352065,FALSE,"(142752, 93863, 2985)",720575940627979782,flywire,NA,NA,NA,4163,232,NA,1031,165,280,546,54,111,0,0,0,0,1.539,0.24640000000000004,1.708,1.4489999999999998,0.3294,0.29460000000000003,164,376.8,60.18,57.39,0.414,0.398,0.479,0.452,9.5e-5,37.01,1,1260,132,64,68,669.8,1,1196,1,1,6.215,serotonin,0.713,0.809,0.005957,0.09084999999999999,0.05872,0.0034040000000000003,0.7574,0.08277000000000001,NA,NA,sez_sensory
diatom,0.6,SS40945: 0.4; SS35298: .6,2,0,0,0,0,2.13333333333333,1.1,8.33333333333333,4.96666666666666,29.1333333333333,28.3333333333333,79.1,94.1333333333333,86.4,103.4,89.5,107.766666666666,NA,0,0,0,0,4.17718671941881,5.23036008957955,12.4988888395017,15.7701898811932,27.5786551924168,35.7736712619149,14.1594491418275,16.9641451957421,5.03057319464359,6.49923072370876,2.33452350598575,3.91308346732116,diatom,720575940614897458,720575940633968045,720575940633968045,78678097481699625,1,NA,116752,93693,2886,NA,NA,NA,NA,left,MxLbN,serotonin,brain_afferent,sensory,mechanosensory,unknown,unknown,NA,NA,NA,NA,NA,NA,sez,NA,mechanosensory,mechanosensory_left,0.8088420,FALSE,"(116752, 93693, 2886)",720575940633968045,flywire,NA,NA,NA,3724,225,NA,NA,NA,NA,NA,NA,NA,NA,NA,NA,NA,NA,NA,NA,NA,NA,NA,NA,NA,NA,NA,NA,NA,NA,NA,NA,NA,NA,NA,NA,NA,NA,NA,NA,NA,NA,NA,NA,NA,0.8088420000000001,NA,NA,NA,NA,NA,NA,NA,208,NA,sez_sensory
diatom,0.6,SS40945: 0.4; SS35298: .6,2,0,0,0,0,2.13333333333333,1.1,8.33333333333333,4.96666666666666,29.1333333333333,28.3333333333333,79.1,94.1333333333333,86.4,103.4,89.5,107.766666666666,NA,0,0,0,0,4.17718671941881,5.23036008957955,12.4988888395017,15.7701898811932,27.5786551924168,35.7736712619149,14.1594491418275,16.9641451957421,5.03057319464359,6.49923072370876,2.33452350598575,3.91308346732116,diatom,720575940617303857,720575940617303857,720575940617303857,80437384805779979,1,NA,142578,94458,3016,NA,NA,NA,NA,right,MxLbN,serotonin,brain_afferent,sensory,mechanosensory,unknown,unknown,NA,NA,NA,NA,NA,NA,sez,NA,mechanosensory,mechanosensory_right,0.7146688,FALSE,"(142578, 94458, 3016)",720575940617303857,flywire,NA,NA,NA,4847,213,NA,1074,176,333,692,52,118,0,0,0,0,1.507,0.24690000000000004,2.0789999999999997,1.699,0.3246,0.2897,160.2,407.3,51.760000000000005,81.88,0.402,0.44,0.49,0.462,2.48e-4,37.42,1,1354,230,113,117,712.9,1,1250,1,1,6.799,serotonin,0.742,0.8410000000000001,0.0027270000000000003,0.06204,0.06841,2.2700000000000002e-4,0.7951999999999999,0.07114000000000001,322,NA,sez_sensory
diatom,0.6,SS40945: 0.4; SS35298: .6,2,0,0,0,0,2.13333333333333,1.1,8.33333333333333,4.96666666666666,29.1333333333333,28.3333333333333,79.1,94.1333333333333,86.4,103.4,89.5,107.766666666666,NA,0,0,0,0,4.17718671941881,5.23036008957955,12.4988888395017,15.7701898811932,27.5786551924168,35.7736712619149,14.1594491418275,16.9641451957421,5.03057319464359,6.49923072370876,2.33452350598575,3.91308346732116,diatom,720575940619697134,720575940619697134,720575940619697134,78677891390893356,1,NA,117569,89822,3472,NA,NA,NA,NA,left,MxLbN,serotonin,brain_afferent,sensory,mechanosensory,unknown,unknown,NA,NA,NA,NA,NA,NA,sez,NA,mechanosensory,mechanosensory_left,0.6941775,FALSE,"(117569, 89822, 3472)",720575940619697134,flywire,NA,NA,NA,3686,222,NA,995,193,995,0,193,0,0,0,0,0,1.508,0.29240000000000005,1.508,0,0.29240000000000005,0,660,0,0,0,0.404,0,0,0,NA,NA,1,1250,174,85,89,660,1,1188,1,1,5.585,serotonin,0.617,0.7,0.0124,0.14700000000000002,0.1138,2e-4,0.6639999999999999,0.0628,348,NA,sez_sensory
diatom,0.6,SS40945: 0.4; SS35298: .6,2,0,0,0,0,2.13333333333333,1.1,8.33333333333333,4.96666666666666,29.1333333333333,28.3333333333333,79.1,94.1333333333333,86.4,103.4,89.5,107.766666666666,NA,0,0,0,0,4.17718671941881,5.23036008957955,12.4988888395017,15.7701898811932,27.5786551924168,35.7736712619149,14.1594491418275,16.9641451957421,5.03057319464359,6.49923072370876,2.33452350598575,3.91308346732116,diatom,720575940621717025,720575940621717025,720575940621717025,78677891391009581,1,NA,116832,89907,3552,NA,NA,NA,NA,left,MxLbN,serotonin,brain_afferent,sensory,mechanosensory,unknown,unknown,NA,NA,NA,NA,NA,NA,sez,NA,mechanosensory,mechanosensory_left,0.7932150,FALSE,"(116832, 89907, 3552)",720575940621717025,flywire,NA,NA,NA,4122,205,NA,858,185,330,352,76,89,0,0,0,0,1.153,0.24860000000000002,0.8414,1.452,0.1938,0.367,392.2,242.5,93.03,4.107,0.42,0.378,0.51,0.438,3.45e-4,40.92,1,1418,172,84,88,744.1,1,1043,1,1,5.54,serotonin,0.755,0.8570000000000001,0.005509999999999999,0.06,0.08694,6.12e-4,0.7888,0.05816,182,NA,sez_sensory
diatom,0.6,SS40945: 0.4; SS35298: .6,2,0,0,0,0,2.13333333333333,1.1,8.33333333333333,4.96666666666666,29.1333333333333,28.3333333333333,79.1,94.1333333333333,86.4,103.4,89.5,107.766666666666,NA,0,0,0,0,4.17718671941881,5.23036008957955,12.4988888395017,15.7701898811932,27.5786551924168,35.7736712619149,14.1594491418275,16.9641451957421,5.03057319464359,6.49923072370876,2.33452350598575,3.91308346732116,diatom,720575940638280270,720575940638280270,720575940638280270,78537428712915833,1,NA,115561,94771,3065,NA,NA,NA,NA,left,MxLbN,serotonin,brain_afferent,sensory,mechanosensory,unknown,unknown,NA,NA,NA,NA,NA,NA,sez,NA,mechanosensory,mechanosensory_left,0.7119284,FALSE,"(115561, 94771, 3065)",720575940638280270,flywire,0,0,77936,3600,227,NA,903,171,342,369,55,102,0,0,0,0,1.3800000000000001,0.2614,2.215,1.091,0.35619999999999996,0.3015,154.4,338.3,131,16.56,0.378,0.368,0.5,0.605,0.01096,51.3,1,1223,163,79,84,654.1,1,1074,1,1,5.504,serotonin,0.726,0.8210000000000001,0.006071,0.09268,0.05786,0.015,0.7604,0.06714,NA,NA,sez_sensory
sink_sync,0.2,SS31372: 0.2,1,0.133333333333333,0,1.8,1.63333333333333,8.2,8.06666666666666,15.1,15.2333333333333,22.1666666666666,22.766666666666602,58.1333333333333,59.2333333333333,73.9333333333333,78.9,84.0666666666666,87.9333333333333,NA,0.339934634239519,0,1.95618676681616,1.97456042928265,5.26877594892779,5.51925920955178,5.95734840344259,6.59637947833675,7.36696831961575,8.1962728656926,8.1475285959745,8.6359069523061,9.3020905655067,8.90449324779349,6.50094010295605,7.26605502012994,sink_sync,720575940622624214,720575940622624214,720575940622624214,77691904338462206,1,NA,102864,77648,3246,2694268,102864,77648,3246,left,NA,acetylcholine,brain_intrinsic,central,NA,NA,CB0434,NA,NA,NA,NA,NA,NA,midbrain,putative_primary,NA,NA,0.8736731,FALSE,"(102864, 77648, 3246)",720575940622624214,flywire,0.5597,127,22691645,3730,141,NA,6157,2515,5319,695,583,1801,0,0,0,0,1.189,0.48580000000000007,6.4030000000000005,0.24960000000000002,0.7018,0.6468,830.7,2785,162.1,96.47,0.416,0.282,0.852,0.508,0.3255,110.8,1,10343,3258,1591,1668,5177,1,8672,1,1,0.7205,acetylcholine,0.915,0.929,0.031239999999999997,0.8383,0.03618,0.003822,0.026670000000000003,0.061959999999999994,1637,2515,sez_intrinsic
sink_sync,0.2,SS31372: 0.2,1,0.133333333333333,0,1.8,1.63333333333333,8.2,8.06666666666666,15.1,15.2333333333333,22.1666666666666,22.766666666666602,58.1333333333333,59.2333333333333,73.9333333333333,78.9,84.0666666666666,87.9333333333333,NA,0.339934634239519,0,1.95618676681616,1.97456042928265,5.26877594892779,5.51925920955178,5.95734840344259,6.59637947833675,7.36696831961575,8.1962728656926,8.1475285959745,8.6359069523061,9.3020905655067,8.90449324779349,6.50094010295605,7.26605502012994,sink_sync,720575940638001498,720575940638001498,720575940638001498,81140385052836434,1,NA,153256,83864,2699,6511441,153256,83864,2699,right,NA,acetylcholine,brain_intrinsic,central,NA,NA,CB0434,NA,NA,NA,NA,NA,NA,midbrain,putative_primary,NA,NA,0.8884490,FALSE,"(153256, 83864, 2699)",720575940638001498,flywire,0.6023,128,21253469,3805,143,NA,6125,2040,4915,746,374,1600,0,0,0,0,1.274,0.42430000000000007,6.869,0.26580000000000004,0.5227,0.5700000000000001,715.5,2807,132.5,77.4,0.428,0.294,0.75,0.47,0.35409999999999997,113.3,1,9482,2910,1423,1488,4808,1,8165,1,1,0.7914,acetylcholine,0.902,0.915,0.0224,0.8258000000000001,0.03565,0.00685,0.03115,0.07620000000000002,1622,2040,sez_intrinsic
sink_sync,0.2,SS31372: 0.2,1,0.133333333333333,0,1.8,1.63333333333333,8.2,8.06666666666666,15.1,15.2333333333333,22.1666666666666,22.766666666666602,58.1333333333333,59.2333333333333,73.9333333333333,78.9,84.0666666666666,87.9333333333333,NA,0.339934634239519,0,1.95618676681616,1.97456042928265,5.26877594892779,5.51925920955178,5.95734840344259,6.59637947833675,7.36696831961575,8.1962728656926,8.1475285959745,8.6359069523061,9.3020905655067,8.90449324779349,6.50094010295605,7.26605502012994,sink_sync,720575940628029180,720575940628029180,720575940628029180,81281053754456415,1,NA,154672,83000,2069,6509585,154672,83000,2069,right,NA,gaba,brain_intrinsic,central,NA,NA,CB0225,NA,NA,NA,NA,NA,NA,sez,MD3,NA,NA,0.6184215,FALSE,"(154672, 83000, 2069)",720575940628029180,flywire,1.786,615,34442173,4829,162,NA,5064,1190,3731,1333,100,1083,0,0,0,0,1.44,0.3383,7.846,0.635,0.21030000000000001,0.5159,475.5,2099,114.4,116.5,0.574,0.331,0.897,0.516,0.29910000000000003,107.5,1,6815,1823,893,931,3517,1,6254,1,1,1.373,unknown,NA,0.448,0.40380000000000005,0.35969999999999996,0.15290000000000004,0.00232,0.01688,0.0628,1599,1190,sez_intrinsic
sink_sync,0.2,SS31372: 0.2,1,0.133333333333333,0,1.8,1.63333333333333,8.2,8.06666666666666,15.1,15.2333333333333,22.1666666666666,22.766666666666602,58.1333333333333,59.2333333333333,73.9333333333333,78.9,84.0666666666666,87.9333333333333,NA,0.339934634239519,0,1.95618676681616,1.97456042928265,5.26877594892779,5.51925920955178,5.95734840344259,6.59637947833675,7.36696831961575,8.1962728656926,8.1475285959745,8.6359069523061,9.3020905655067,8.90449324779349,6.50094010295605,7.26605502012994,sink_sync,720575940647560500,720575940621681088,720575940647560500,77691973192229174,1,NA,102752,79040,4358,2698158,102752,79040,4358,left,CV,acetylcholine,brain_vnc_transfer,descending,descending_neuron,NA,DNg61,NA,NA,NA,NA,NA,NA,midbrain,putative_primary,NA,descending_left,0.9192761,FALSE,"(102752, 79040, 4358)",720575940621681088,flywire,1.061,304,28657080,3527,142,NA,4535,2483,0,4535,0,2483,0,0,0,0,1.021,0.5591,0,1.021,0,0.5591,0,4441,0,0,0,0.29,0,0,NA,NA,1,8844,3373,1620,1754,4441,1,7018,1,1,0.7942,acetylcholine,0.9380000000000001,0.9540000000000001,0.016380000000000002,0.8799000000000001,0.032510000000000004,0.013510000000000001,0.01576,0.03984,NA,NA,NA
G2N_1,1,"SS56399: 1; See also Shiu, Sterne et al., 2022",2,0,0,0.2,0.166666666666666,1.93333333333333,1.76666666666666,6.56666666666666,6.93333333333333,12.3666666666666,13.9666666666666,45.8333333333333,50.2333333333333,65.8,72.3,80.2,85.1333333333333,NA,0,0,0.599999999999999,0.453382350291181,2.18987569408757,2.076589083623,4.8831911242092,4.87806883464712,5.75316338103559,7.15301024433458,6.51707159867238,6.49965811066671,5.76425768565794,5.64594249586963,6.34770299662274,5.09727596096407,G2N_1,720575940623718380,720575940623718380,720575940623718380,80436972489145285,1,NA,143207,87751,2832,NA,159121,83060,2344,right,NA,acetylcholine,brain_intrinsic,central,NA,NA,CB0616,NA,NA,NA,NA,NA,NA,midbrain,putative_primary,NA,NA,0.8777252,FALSE,"(143207, 87751, 2832)",720575940623718380,flywire,NA,NA,NA,979,134,NA,2243,1434,749,1423,74,1296,0,0,0,0,1.2429999999999999,0.7947,5.225,1.222,0.5163,1.113,143.3,1165,53.82,129.6,0.581,0.381,0.512,0.39,0.09859000000000001,33.66,1,3417,1253,598,656,1804,1,3677,1,1,0.5427,acetylcholine,0.904,0.917,0.02391,0.8116000000000001,0.051050000000000005,0.01714,0.028350000000000004,0.06579000000000002,581,1434,sez_intrinsic
G2N_1,1,"SS56399: 1; See also Shiu, Sterne et al., 2022",2,0,0,0.2,0.166666666666666,1.93333333333333,1.76666666666666,6.56666666666666,6.93333333333333,12.3666666666666,13.9666666666666,45.8333333333333,50.2333333333333,65.8,72.3,80.2,85.1333333333333,NA,0,0,0.599999999999999,0.453382350291181,2.18987569408757,2.076589083623,4.8831911242092,4.87806883464712,5.75316338103559,7.15301024433458,6.51707159867238,6.49965811066671,5.76425768565794,5.64594249586963,6.34770299662274,5.09727596096407,G2N_1,720575940620874757,720575940620874757,720575940620874757,78959435153895791,1,NA,121442,91538,3739,4093542,121520,91392,3791,left,NA,acetylcholine,brain_intrinsic,central,NA,NA,CB0616,NA,NA,NA,NA,NA,NA,midbrain,putative_primary,NA,NA,0.8648427,FALSE,"(121442, 91538, 3739)",720575940620874757,flywire,0.4109,34,8274367,820,132,NA,2350,1685,963,1272,134,1373,0,0,0,0,1.347,0.9654999999999999,5.688,1.22,0.7914999999999999,1.317,169.3,1043,66.13,93.86,0.456,0.356,0.454,0.368,0.1125,51.56,1,3370,1273,611,663,1745,1,4035,1,1,0.4699,acetylcholine,0.893,0.904,0.01918,0.7958,0.06304,0.01422,0.03237,0.07400000000000001,660,1685,sez_intrinsic
clavicle,0.5,"SS48947: 0.5, See also Shiu, Sterne et al., 2022",2,0.0666666666666666,0,0.866666666666666,0.266666666666666,2.2,0.933333333333333,5.66666666666666,3.2,10.5,7.1,40.2,37.5666666666666,64.0666666666666,61.1666666666666,77.5666666666666,73.5333333333333,NA,0.249443825784929,0,0.763034876150639,0.442216638714053,1.22202018532155,1.09341463112378,2.18072363117281,1.93907194296653,4.47772263544762,3.84144070195892,5.73527099040083,6.35968203258272,6.54692463850182,5.2920275467495,5.82342014817943,5.70808393615775,clavicle,720575940632648868,720575940632648868,720575940632648868,80014554268112111,1,NA,136426,84923,5807,NA,NA,NA,NA,right,CV,acetylcholine,vnc_brain_transfer,ascending,ascending_neuron,AN_GNG,AN_GNG_30,NA,NA,NA,NA,NA,NA,midbrain,NA,NA,ascending_right,0.9424548,FALSE,"(136426, 84923, 5807)",720575940632648868,flywire,NA,NA,NA,3923,149,NA,4691,1365,4691,0,1365,0,0,0,0,0,1.801,0.524,1.801,0,0.524,0,2605,0,0,0,0.308,0,0,0,NA,NA,1,5106,2116,1013,1104,2605,1,6056,1,1,1.506,acetylcholine,0.921,0.937,0.01444,0.8781000000000001,0.009602999999999999,0.003889,0.03468,0.057620000000000005,981,NA,sez_ascending
clavicle,0.5,"SS48947: 0.5, See also Shiu, Sterne et al., 2022",2,0.0666666666666666,0,0.866666666666666,0.266666666666666,2.2,0.933333333333333,5.66666666666666,3.2,10.5,7.1,40.2,37.5666666666666,64.0666666666666,61.1666666666666,77.5666666666666,73.5333333333333,NA,0.249443825784929,0,0.763034876150639,0.442216638714053,1.22202018532155,1.09341463112378,2.18072363117281,1.93907194296653,4.47772263544762,3.84144070195892,5.73527099040083,6.35968203258272,6.54692463850182,5.2920275467495,5.82342014817943,5.70808393615775,clavicle,720575940655014049,720575940655014049,720575940655014049,79310729387400943,1,NA,126651,82751,5799,NA,NA,NA,NA,left,CV,acetylcholine,vnc_brain_transfer,ascending,ascending_neuron,AN_GNG,AN_GNG_30,NA,NA,NA,NA,NA,NA,midbrain,NA,NA,ascending_left,0.9380349,FALSE,"(126651, 82751, 5799)",720575940655014049,flywire,NA,NA,NA,2918,147,NA,4474,2005,4474,0,2005,0,0,0,0,0,1.716,0.7689,1.716,0,0.7689,0,2607,0,0,0,0.302,0,0,0,NA,NA,1,5150,2075,988,1088,2607,1,6479,1,1,1.119,acetylcholine,0.937,0.9530000000000001,0.01209,0.8956000000000001,0.01081,0.006512,0.020229999999999998,0.05285000000000001,919,NA,sez_ascending
Fdg,0.8,"SS31333: 0.8,  See also Shiu, Sterne et al., 2022; Flood et al., 2013",2,0.666666666666666,0.7,4.23333333333333,3.8,9.93333333333333,9.13333333333333,15.633333333333301,14.2666666666666,22.5333333333333,20.3333333333333,47.4,41.7666666666666,62.8666666666666,55.4,74.7666666666666,65.4666666666666,NA,1.2202003478482,1.34536240470737,3.44173728741104,2.89136645896019,3.39542175419915,3.36386021641143,5.23120976023286,4.61832100323146,4.93783578323765,4.46716415140025,5.12249938994627,4.35647665997292,5.33999583853354,5.41971708978737,4.63812701661157,4.01441845795322,Fdg,720575940647030324,720575940647030324,720575940647030324,81843935055791236,1,NA,163192,82320,2785,6916845,163192,82320,2785,right,NA,acetylcholine,brain_intrinsic,central,NA,NA,CB0038,NA,NA,NA,NA,NA,NA,sez,MD_SA1__prim,NA,NA,0.8779488,FALSE,"(163192, 82320, 2785)",720575940647030324,flywire,0.7827,256,32706009,5876,176,NA,9662,3681,5192,4470,251,3430,0,0,0,0,1.685,0.6418,8.629999999999999,0.8933,0.4172,0.6854999999999999,601.6,5004,38.49,83.03,0.475,0.264,0.674,0.852,0.1825,39.45,1,11199,3949,1906,2044,5735,1,13343,1,1,1.025,acetylcholine,0.927,0.9410000000000001,0.02247,0.8346000000000001,0.04859,0.009686,0.018390000000000004,0.06451,2162,3681,sez_intrinsic
Fdg,0.8,"SS31333: 0.8,  See also Shiu, Sterne et al., 2022; Flood et al., 2013",2,0.666666666666666,0.7,4.23333333333333,3.8,9.93333333333333,9.13333333333333,15.633333333333301,14.2666666666666,22.5333333333333,20.3333333333333,47.4,41.7666666666666,62.8666666666666,55.4,74.7666666666666,65.4666666666666,NA,1.2202003478482,1.34536240470737,3.44173728741104,2.89136645896019,3.39542175419915,3.36386021641143,5.23120976023286,4.61832100323146,4.93783578323765,4.46716415140025,5.12249938994627,4.35647665997292,5.33999583853354,5.41971708978737,4.63812701661157,4.01441845795322,Fdg,720575940631997032,720575940631997032,720575940631997032,77339991898181249,1,NA,97936,76512,3333,2140046,97936,76512,3333,left,NA,acetylcholine,brain_intrinsic,central,NA,NA,CB0038,NA,NA,NA,NA,NA,NA,sez,MD_SA1__prim,NA,NA,0.9320138,FALSE,"(97936, 76512, 3333)",720575940631997032,flywire,0.5249,154,29340009,5545,180,NA,9885,4267,5312,4536,281,3737,0,0,0,0,1.597,0.6894999999999999,9.885000000000002,1.083,0.5229,0.8921,537.4,4189,55.720000000000006,98.03,0.524,0.294,0.697,0.652,0.18409999999999999,37.62,1,12266,4231,2031,2201,6189,1,14152,1,1,0.8959,acetylcholine,0.926,0.9400000000000001,0.01273,0.8734000000000001,0.02966,0.009250999999999999,0.01431,0.058730000000000004,2387,4267,sez_intrinsic
bract,0.8,"SS31320: 0.8, SS31386: 0.5; See also Shiu, Sterne et al., 2022",2,1.93333333333333,0.233333333333333,6.76666666666666,3.03333333333333,13.2333333333333,7.86666666666666,22.4666666666666,15.5666666666666,33.6666666666666,25.2333333333333,56.3,45.2666666666666,59.8666666666666,52.9333333333333,63.9666666666666,56.0666666666666,NA,1.4360439485692,0.42295258468165,3.20086793784991,2.15225979431439,4.73767406599014,3.3836206774532,6.23823336815444,4.91041976028752,7.39969969360619,6.46365909442081,5.74543296888929,4.82309259938291,3.97268451078388,2.92042614850793,6.41084151175872,4.87123073656841,bract,720575940626557442,720575940626557442,720575940626557442,80296372506900829,1,complete,140883,89738,3377,5454267,133944,92960,4288,right,CV,acetylcholine,brain_vnc_transfer,descending,descending_neuron,NA,DNge173,NA,NA,MX12__prim__0,NA,NA,NA,sez,MX12__prim,NA,descending_right,0.7852331,FALSE,"(140883, 89738, 3377)",720575940626557442,flywire,0.3089,85,27520645,2085,140,NA,4729,4246,0,4729,0,4246,0,0,0,0,0.8644000000000001,0.7761,0,0.8644000000000001,0,0.7761,0,5471,0,0,0,0.27,0,0,NA,NA,1,11007,4353,2082,2272,5471,1,8975,1,1,0.3811,acetylcholine,0.8370000000000001,0.8420000000000001,0.02065,0.7142,0.1094,0.00536,0.04845,0.1003,1125,NA,sez_descending
bract,0.8,"SS31320: 0.8, SS31386: 0.5; See also Shiu, Sterne et al., 2022",2,1.93333333333333,0.233333333333333,6.76666666666666,3.03333333333333,13.2333333333333,7.86666666666666,22.4666666666666,15.5666666666666,33.6666666666666,25.2333333333333,56.3,45.2666666666666,59.8666666666666,52.9333333333333,63.9666666666666,56.0666666666666,NA,1.4360439485692,0.42295258468165,3.20086793784991,2.15225979431439,4.73767406599014,3.3836206774532,6.23823336815444,4.91041976028752,7.39969969360619,6.46365909442081,5.74543296888929,4.82309259938291,3.97268451078388,2.92042614850793,6.41084151175872,4.87123073656841,bract,720575940645045527,720575940645045527,720575940645045527,79310660667936467,1,NA,126612,82255,5798,4795727,130744,91560,4429,left,CV,acetylcholine,brain_vnc_transfer,descending,descending_neuron,NA,DNge174,NA,NA,MX12__prim__0,NA,NA,NA,sez,MX12__prim,NA,descending_left,0.8240617,FALSE,"(126612, 82255, 5798)",720575940645045527,flywire,0.8321,161,19347935,1451,152,NA,1804,2101,854,925,236,1857,0,0,0,0,0.5674,0.6607999999999999,1.397,0.387,0.3861,0.7768,611.3,2390,39.52,106,0.33,0.242,0.66,0.436,0.12450000000000001,56.49,1,6442,2337,1132,1206,3179,1,3905,1,1,0.4564,acetylcholine,0.887,0.898,0.01543,0.7971999999999999,0.06614,0.01244,0.036379999999999996,0.07087,387,NA,sez_descending
bract,0.8,"SS31320: 0.8, SS31386: 0.5; See also Shiu, Sterne et al., 2022",2,1.93333333333333,0.233333333333333,6.76666666666666,3.03333333333333,13.2333333333333,7.86666666666666,22.4666666666666,15.5666666666666,33.6666666666666,25.2333333333333,56.3,45.2666666666666,59.8666666666666,52.9333333333333,63.9666666666666,56.0666666666666,NA,1.4360439485692,0.42295258468165,3.20086793784991,2.15225979431439,4.73767406599014,3.3836206774532,6.23823336815444,4.91041976028752,7.39969969360619,6.46365909442081,5.74543296888929,4.82309259938291,3.97268451078388,2.92042614850793,6.41084151175872,4.87123073656841,bract,720575940627285267,720575940617863766,720575940627285267,80366741251080393,1,incomplete,141938,89751,3380,5455878,134480,92352,4372,right,CV,acetylcholine,brain_vnc_transfer,descending,descending_neuron,NA,DNge174,NA,NA,MX12__prim__0,NA,NA,NA,sez,MX12__prim,NA,descending_right,0.7510758,FALSE,"(141938, 89751, 3380)",720575940617863766,flywire,0.7101,130,18306285,1601,145,NA,2186,1969,0,2186,0,1969,0,0,0,0,0.7053999999999999,0.6354,0,0.7053999999999999,0,0.6354,0,3099,0,0,0,0.268,0,0,NA,NA,1,6175,2265,1097,1169,3099,1,4155,1,1,0.5166,acetylcholine,0.8280000000000001,0.8330000000000001,0.01854,0.7183999999999999,0.09139,0.01188,0.06708,0.09215,NA,NA,NA
bract,0.8,"SS31320: 0.8, SS31386: 0.5; See also Shiu, Sterne et al., 2022",2,1.93333333333333,0.233333333333333,6.76666666666666,3.03333333333333,13.2333333333333,7.86666666666666,22.4666666666666,15.5666666666666,33.6666666666666,25.2333333333333,56.3,45.2666666666666,59.8666666666666,52.9333333333333,63.9666666666666,56.0666666666666,NA,1.4360439485692,0.42295258468165,3.20086793784991,2.15225979431439,4.73767406599014,3.3836206774532,6.23823336815444,4.91041976028752,7.39969969360619,6.46365909442081,5.74543296888929,4.82309259938291,3.97268451078388,2.92042614850793,6.41084151175872,4.87123073656841,bract,720575940610001220,720575940610001220,720575940610001220,79310660667931699,1,NA,126761,82279,5798,5447799,131744,93000,4401,left,CV,acetylcholine,brain_vnc_transfer,descending,descending_neuron,NA,DNge173,NA,NA,MX12__prim__0,NA,NA,NA,sez,MX12__prim,NA,descending_left,0.8371314,FALSE,"(126761, 82279, 5798)",720575940610001220,flywire,0.4001,112,27992737,2093,137,NA,5946,3894,0,5946,0,3894,0,0,0,0,1.105,0.7233999999999999,0,1.105,0,0.7233999999999999,0,5383,0,0,0,0.268,0,0,NA,NA,1,10966,4455,2142,2314,5383,1,9840,1,1,0.3888,acetylcholine,0.881,0.89,0.02742,0.7847,0.08028,0.010530000000000001,0.02269,0.07283,NA,NA,sez_descending
vice,0,SS49415: 0,2,0,0,0,0,0,0,0,0,0,0,6.06666666666666,6.5,27.766666666666602,32.5,39.9333333333333,47.1333333333333,NA,0,0,0,0,0,0,0,0,0,0,2.70719206723292,3.11715682420161,4.03883921717889,5.01165308722248,4.28122516213395,3.97268451078388,vice,720575940621431884,720575940621431884,720575940621431884,80788266253000236,1,NA,148200,79928,1385,6464923,148200,79928,1385,right,NA,acetylcholine,brain_intrinsic,central,NA,NA,CB2551,NA,NA,TRdl_b__0,NA,NA,NA,sez,TRdl_b,NA,NA,0.7766704,FALSE,"(148200, 79928, 1385)",720575940621431884,flywire,4.149,682,16436129,3214,214,NA,1227,696,986,199,96,527,0,0,0,0,0.7416,0.4207,4.611999999999999,0.2146,0.449,0.5684,213.8,927.1,38.68,52.84,0.444,0.3,0.518,0.352,0.3554,62.74,1,3295,890,433,457,1654,1,1923,1,1,1.943,acetylcholine,0.753,0.75,0.02025,0.615,0.043500000000000004,2.5e-4,0.066,0.2517,258,696,sez_intrinsic
vice,0,SS49415: 0,2,0,0,0,0,0,0,0,0,0,0,6.06666666666666,6.5,27.766666666666602,32.5,39.9333333333333,47.1333333333333,NA,0,0,0,0,0,0,0,0,0,0,2.70719206723292,3.11715682420161,4.03883921717889,5.01165308722248,4.28122516213395,3.97268451078388,vice,720575940622392260,720575940630835650,720575940622392260,78395591578937548,1,NA,112952,77976,1739,3194048,112952,77976,1739,left,NA,acetylcholine,brain_intrinsic,central,NA,NA,CB2551,NA,NA,TRdl_b__0,NA,NA,NA,sez,TRdl_b,NA,NA,0.7782442,FALSE,"(112952, 77976, 1739)",720575940630835650,flywire,10.08,2037,20207450,3280,261,NA,1073,556,582,427,42,493,0,0,0,0,0.6402,0.33169999999999994,3.734,0.3975,0.2695,0.459,155.9,1074,55.99,36.59,0.442,0.316,0.456,0.328,0.2078,85.8,1,3335,769,375,394,1676,1,1629,1,1,1.957,acetylcholine,0.8650000000000001,0.8730000000000001,0.042910000000000004,0.6872999999999999,0.07109000000000001,0.013270000000000002,0.04254,0.14090000000000003,NA,NA,NA
vice,0,SS49415: 0,2,0,0,0,0,0,0,0,0,0,0,6.06666666666666,6.5,27.766666666666602,32.5,39.9333333333333,47.1333333333333,NA,0,0,0,0,0,0,0,0,0,0,2.70719206723292,3.11715682420161,4.03883921717889,5.01165308722248,4.28122516213395,3.97268451078388,vice,720575940616623590,720575940623758460,720575940639142116,80788266253073928,1,adequate,147568,80256,1448,5821345,147568,80256,1448,right,NA,acetylcholine,brain_intrinsic,central,NA,NA,CB2551,NA,NA,TRdl_b__0,NA,NA,NA,sez,TRdl_b,NA,NA,0.7439905,FALSE,"(147568, 80256, 1448)",720575940623758460,flywire,7.669,1472,19193149,4705,243,NA,NA,NA,NA,NA,NA,NA,NA,NA,NA,NA,NA,NA,NA,NA,NA,NA,NA,NA,NA,NA,NA,NA,NA,NA,NA,NA,NA,NA,NA,NA,NA,NA,NA,NA,NA,NA,NA,NA,0.7439905,NA,NA,NA,NA,NA,NA,NA,NA,NA,NA
vice,0,SS49415: 0,2,0,0,0,0,0,0,0,0,0,0,6.06666666666666,6.5,27.766666666666602,32.5,39.9333333333333,47.1333333333333,NA,0,0,0,0,0,0,0,0,0,0,2.70719206723292,3.11715682420161,4.03883921717889,5.01165308722248,4.28122516213395,3.97268451078388,vice,720575940612879783,720575940609915145,720575940612879783,78465891603447129,1,NA,114000,76944,1613,3195186,114000,76944,1613,left,NA,acetylcholine,brain_intrinsic,central,NA,NA,CB2551,NA,NA,TRdl_b__0,NA,NA,NA,sez,TRdl_b,NA,NA,0.8037001,FALSE,"(114000, 76944, 1613)",720575940609915145,flywire,7.359,1035,14064562,3231,213,NA,1179,603,862,276,59,500,0,0,0,0,0.7076,0.3619,4.873,0.2671,0.33349999999999996,0.48380000000000006,176.9,1033,56.67,57.17,0.469,0.298,0.474,0.37,0.3266,70.38,1,3404,1009,493,517,1666,1,1782,1,1,1.939,acetylcholine,0.768,0.767,0.02517,0.6787,0.055830000000000005,0.002333,0.07767000000000002,0.15770000000000003,233,603,sez_intrinsic
vice,0,SS49415: 0,2,0,0,0,0,0,0,0,0,0,0,6.06666666666666,6.5,27.766666666666602,32.5,39.9333333333333,47.1333333333333,NA,0,0,0,0,0,0,0,0,0,0,2.70719206723292,3.11715682420161,4.03883921717889,5.01165308722248,4.28122516213395,3.97268451078388,vice,720575940623252407,720575940623252407,720575940623252407,80788266252871551,1,adequate,148232,80040,1285,6464933,148232,80040,1285,right,NA,acetylcholine,brain_intrinsic,central,NA,NA,CB2551,NA,NA,TRdl_b__0,NA,NA,NA,sez,TRdl_b,NA,NA,0.7008237,FALSE,"(148232, 80040, 1285)",720575940623252407,flywire,7.128,1293,18139854,3908,253,NA,1083,613,586,470,53,547,0,0,0,0,0.6741999999999999,0.3816,3.7,0.43620000000000003,0.33459999999999995,0.5077,158.4,1077,70.26,49.49,0.488,0.314,0.484,0.328,0.184,78.77,1,3209,775,378,397,1606,1,1696,1,1,2.433,acetylcholine,0.768,0.766,0.018750000000000003,0.6384,0.06891,0.0032810000000000005,0.05469000000000001,0.21480000000000002,334,613,sez_intrinsic
vice,0,SS49415: 0,2,0,0,0,0,0,0,0,0,0,0,6.06666666666666,6.5,27.766666666666602,32.5,39.9333333333333,47.1333333333333,NA,0,0,0,0,0,0,0,0,0,0,2.70719206723292,3.11715682420161,4.03883921717889,5.01165308722248,4.28122516213395,3.97268451078388,vice,720575940611156978,720575940611156978,720575940611156978,78465891603511113,1,incomplete,113599,76456,1646,3194865,113688,76360,1550,left,NA,acetylcholine,brain_intrinsic,central,NA,NA,CB2551,NA,NA,TRdl_b__0,NA,NA,NA,sez,TRdl_b,NA,NA,0.7447129,FALSE,"(113599, 76456, 1646)",720575940611156978,flywire,9.746,1435,14724430,3676,228,NA,1067,697,656,371,52,622,0,0,0,0,0.6098,0.39840000000000003,3.7030000000000003,0.3194,0.29350000000000004,0.5354,177.2,1162,51.160000000000004,47.18,0.516,0.302,0.48,0.37,0.2627,91.75,1,3469,831,409,423,1750,1,1764,1,1,2.101,acetylcholine,0.769,0.77,0.048850000000000005,0.6826,0.05656,0.011149999999999998,0.07115,0.128,236,697,sez_intrinsic
rattle,0.9,"SS46917: .9; SS:50091: .9; See also Shiu, Sterne et al., 2022",2,0,0,0.0666666666666666,0.0666666666666666,0.3,0.166666666666666,2.06666666666666,1,1.86666666666666,1.16666666666666,16.1,11.7,29.1333333333333,20.6333333333333,39.6,29.5666666666666,NA,0,0,0.249443825784929,0.249443825784929,0.9,0.582141639885766,1.73076733143295,1.21106014163899,1.78387842136795,1.29314431608472,4.01123422402631,4.21228362451216,3.94743235815665,3.55418376314762,4.31740662898458,3.54667293232529,rattle,720575940630461660,720575940630461660,720575940630461660,81492297560821838,1,NA,158336,84960,3560,6962266,158336,84960,3560,right,NA,acetylcholine,brain_intrinsic,central,NA,NA,CB0499,NA,NA,NA,NA,NA,NA,midbrain,putative_primary,NA,NA,0.7994176,FALSE,"(158336, 84960, 3560)",720575940630461660,flywire,0.5581,137,24547925,4925,146,NA,5293,2455,3066,2022,265,2125,0,0,0,0,1.078,0.5001,6.068,0.6933999999999999,0.5245,0.7287,505.3,2916,54.25,108.9,0.559,0.31,0.809,0.481,0.1894,68.46,1,9551,3530,1705,1826,4909,1,7748,1,1,1.003,acetylcholine,0.8170000000000001,0.8200000000000001,0.01672,0.717,0.09406,0.00291,0.05365000000000001,0.11370000000000001,1533,2455,sez_intrinsic
rattle,0.9,"SS46917: .9; SS:50091: .9; See also Shiu, Sterne et al., 2022",2,0,0,0.0666666666666666,0.0666666666666666,0.3,0.166666666666666,2.06666666666666,1,1.86666666666666,1.16666666666666,16.1,11.7,29.1333333333333,20.6333333333333,39.6,29.5666666666666,NA,0,0,0.249443825784929,0.249443825784929,0.9,0.582141639885766,1.73076733143295,1.21106014163899,1.78387842136795,1.29314431608472,4.01123422402631,4.21228362451216,3.94743235815665,3.55418376314762,4.31740662898458,3.54667293232529,rattle,720575940638103349,720575940638103349,720575940638103349,78606972823367481,1,incomplete,116357,81805,2596,3250452,107528,83992,3880,left,NA,acetylcholine,brain_intrinsic,central,NA,NA,CB0499,NA,NA,NA,NA,NA,NA,midbrain,putative_primary,NA,NA,0.8022434,FALSE,"(116357, 81805, 2596)",720575940638103349,flywire,0.5414,125,23089181,4232,143,NA,5979,3196,1977,2345,124,2566,0,0,0,0,1.199,0.641,6.979000000000001,0.7742,0.43770000000000003,0.8472000000000001,283.3,3029,47.65,97.72,0.632,0.304,0.794,0.428,0.171,61.51,1,9842,3577,1725,1853,4986,1,9175,1,1,0.8488,acetylcholine,0.8430000000000001,0.8480000000000001,0.021660000000000002,0.7488,0.0906,0.004653999999999999,0.038110000000000005,0.09484,1600,3196,sez_intrinsic
FMIn,1,"SS48944: 0.7, SS48949: 0.7, SS48948: 1; See also Shiu, Sterne et al., 2022",2,0,0,0.133333333333333,0.0333333333333333,0.0666666666666666,0.1,0.4,0,0.366666666666666,0.1,3.23333333333333,2.06666666666666,12,12.4333333333333,32.2666666666666,33.6,NA,0,0,0.426874949162189,0.17950549357115,0.249443825784929,0.3,0.553774924194538,0,0.657436097443867,0.3,2.89463104538193,2.94316534061921,5.36656314599949,4.8005786688227,5.24679796532026,5.22557811793744,FMIn,720575940636675214,720575940636675214,720575940636675214,81492228706833152,1,NA,157832,83816,2538,6956939,157832,83816,2538,right,NA,acetylcholine,brain_intrinsic,central,NA,NA,CB0366,NA,NA,NA,NA,NA,NA,midbrain,putative_primary,NA,NA,0.8778841,FALSE,"(157832, 83816, 2538)",720575940636675214,flywire,0.6778,122,18000593,1699,137,NA,3736,1677,1678,2058,78,1585,0,0,0,0,1.476,0.6626,9.185,1.197,0.42700000000000005,0.9217000000000001,182.7,1720,49.47,98.61,0.648,0.34,0.641,0.431,0.15610000000000002,28.65,1,4839,1818,872,946,2531,1,5413,1,1,0.6713,acetylcholine,0.902,0.914,0.01402,0.8263,0.050170000000000006,0.006609,0.02661,0.07328000000000001,1019,1677,sez_intrinsic
FMIn,1,"SS48944: 0.7, SS48949: 0.7, SS48948: 1; See also Shiu, Sterne et al., 2022",2,0,0,0.133333333333333,0.0333333333333333,0.0666666666666666,0.1,0.4,0,0.366666666666666,0.1,3.23333333333333,2.06666666666666,12,12.4333333333333,32.2666666666666,33.6,NA,0,0,0.426874949162189,0.17950549357115,0.249443825784929,0.3,0.553774924194538,0,0.657436097443867,0.3,2.89463104538193,2.94316534061921,5.36656314599949,4.8005786688227,5.24679796532026,5.22557811793744,FMIn,720575940614763666,720575940614763666,720575940614763666,79311347661256060,1,NA,125928,91944,4156,4773001,125928,91944,4156,left,NA,acetylcholine,brain_intrinsic,central,NA,NA,CB0366,NA,NA,NA,NA,NA,NA,midbrain,putative_primary,NA,NA,0.8947514,FALSE,"(125928, 91944, 4156)",720575940614763666,flywire,0.4577,73,15948296,1598,131,NA,3510,1980,1578,1859,96,1538,0,0,0,0,1.436,0.81,8.509,1.2,0.5176000000000001,0.9927,185.5,1549,43.230000000000004,72.59,0.56,0.346,0.647,0.43,0.15070000000000003,30.44,1,4780,1882,906,977,2445,1,5490,1,1,0.6536,acetylcholine,0.883,0.894,0.02319,0.8157000000000001,0.044539999999999996,0.01088,0.025050000000000003,0.07810000000000002,1122,1980,sez_intrinsic
TH_VUM,1,"SS46885: .9, SS46889: 1; See also Marella et al., 2012",1,0,0,0,0.1,0,0.333333333333333,0.0333333333333333,1.33333333333333,0.0333333333333333,2.46666666666666,1.26666666666666,12.5666666666666,6,24.0666666666666,13.7,34.4333333333333,NA,0,0,0,0.3,0,0.64978628965393,0.17950549357115,1.13529242439509,0.17950549357115,1.20369800568451,0.997775303139717,2.31924317157319,2,2.90898989723619,2.28254244210266,3.37326086878689,TH_VUM,720575940616857174,720575940610482883,720575940610482883,79662985224166653,1,NA,131752,88976,4482,5342970,131752,88976,4482,center,NA,serotonin,brain_intrinsic,central,NA,NA,NA,NA,NA,NA,NA,NA,NA,midbrain,putative_primary,NA,NA,0.4843983,FALSE,"(131752, 88976, 4482)",720575940610482883,flywire,3.518,1690,48037812,47563,264,NA,NA,NA,NA,NA,NA,NA,NA,NA,NA,NA,NA,NA,NA,NA,NA,NA,NA,NA,NA,NA,NA,NA,NA,NA,NA,NA,NA,NA,NA,NA,NA,NA,NA,NA,NA,NA,NA,NA,0.48439830000000006,NA,NA,NA,NA,NA,NA,NA,1989,2059,sez_intrinsic
aster,0,SS45679: 0; SS45680: 0: SS45682: 0,3,0,0,0,0,0,0,0,0,0,0,0.0666666666666666,0.2,2.33333333333333,4,12.0666666666666,14.1666666666666,NA,0,0,0,0,0,0,0,0,0,0,0.249443825784929,0.748331477354788,2.34283778544074,2.97769485788363,3.81167796237941,4.34421710118431,aster,720575940621982413,720575940611686702,720575940624528068,81914235013404405,1,NA,164192,80976,2285,6917117,164192,80976,2285,right,NA,serotonin,brain_intrinsic,central,NA,NA,CB0722,NA,NA,NA,NA,NA,NA,midbrain,putative_primary,NA,NA,0.3293524,FALSE,"(164192, 80976, 2285)",720575940611686702,flywire,14.7,9934,67563472,23917,247,NA,NA,NA,NA,NA,NA,NA,NA,NA,NA,NA,NA,NA,NA,NA,NA,NA,NA,NA,NA,NA,NA,NA,NA,NA,NA,NA,NA,NA,NA,NA,NA,NA,NA,NA,NA,NA,NA,NA,0.32935240000000005,NA,NA,NA,NA,NA,NA,NA,NA,NA,NA
aster,0,SS45679: 0; SS45680: 0: SS45682: 0,3,0,0,0,0,0,0,0,0,0,0,0.0666666666666666,0.2,2.33333333333333,4,12.0666666666666,14.1666666666666,NA,0,0,0,0,0,0,0,0,0,0,0.249443825784929,0.748331477354788,2.34283778544074,2.97769485788363,3.81167796237941,4.34421710118431,aster,720575940614965691,720575940614965691,720575940614965691,77339785605485935,1,NA,97664,73472,2516,2121036,97664,73472,2516,left,NA,glutamate,brain_intrinsic,central,NA,NA,CB0722,NA,NA,NA,NA,NA,NA,midbrain,putative_primary,NA,NA,0.3689471,FALSE,"(97664, 73472, 2516)",720575940614965691,flywire,20.29,10034,49452126,23347,239,NA,2922,890,1517,1045,205,558,0,0,0,0,1.187,0.3615,2.6559999999999997,1.101,0.3589,0.5877,571.2,949.5,77.89,118.3,0.392,0.326,0.533,0.57,0.07060000000000001,27.69,1,4558,1198,578,621,2462,1,3812,1,1,9.483,unknown,NA,0.42000000000000004,0.0239,0.1778,0.33719999999999994,6e-4,0.40790000000000004,0.052300000000000006,603,890,sez_intrinsic
aster,0,SS45679: 0; SS45680: 0: SS45682: 0,3,0,0,0,0,0,0,0,0,0,0,0.0666666666666666,0.2,2.33333333333333,4,12.0666666666666,14.1666666666666,NA,0,0,0,0,0,0,0,0,0,0,0.249443825784929,0.748331477354788,2.34283778544074,2.97769485788363,3.81167796237941,4.34421710118431,aster,720575940623988733,720575940639788102,720575940623988733,81703059994131564,1,NA,161120,79832,1872,6911595,161120,79832,1872,right,NA,serotonin,brain_intrinsic,central,NA,NA,CB0722,NA,NA,NA,NA,NA,NA,midbrain,putative_primary,NA,NA,0.4544066,FALSE,"(161120, 79832, 1872)",720575940639788102,flywire,14.6,9022,61789568,25403,249,NA,3059,848,2319,705,365,433,0,0,0,0,1.208,0.3348,2.4739999999999998,1.01,0.3894,0.6204,937.3,697.9,43.11,138.4,0.362,0.345,0.545,0.736,0.06895,31.35,1,4764,1386,665,722,2533,1,3907,1,1,10.03,serotonin,0.449,0.51,0.02061,0.24950000000000003,0.1935,7.14e-4,0.4998,0.03561,749,848,sez_intrinsic
aster,0,SS45679: 0; SS45680: 0: SS45682: 0,3,0,0,0,0,0,0,0,0,0,0,0.0666666666666666,0.2,2.33333333333333,4,12.0666666666666,14.1666666666666,NA,0,0,0,0,0,0,0,0,0,0,0.249443825784929,0.748331477354788,2.34283778544074,2.97769485788363,3.81167796237941,4.34421710118431,aster,720575940619453831,720575940619453831,720575940619453831,77551029276977670,1,NA,100864,75400,2516,2671926,100864,75400,2516,left,NA,acetylcholine,brain_intrinsic,central,NA,NA,CB0722,NA,NA,NA,NA,NA,NA,midbrain,putative_primary,NA,NA,0.3351157,FALSE,"(100864, 75400, 2516)",720575940619453831,flywire,18.86,10390,55086454,24666,248,NA,3131,885,2321,601,370,416,0,0,0,0,1.228,0.34719999999999995,2.489,0.8307000000000001,0.39680000000000004,0.5750000000000001,932.6,723.5,77.99000000000001,83.04,0.374,0.338,0.694,0.51,0.07828000000000002,24.85,1,4780,1179,575,605,2549,1,4016,1,1,9.677,unknown,NA,0.33899999999999997,0.025320000000000002,0.3192,0.267,0.00422,0.3284,0.05532,768,885,sez_intrinsic
seagull,0,SS41402: 0,2,0,0,0,0,0,0,0,0,0,0,0.166666666666666,0,1.93333333333333,0.0666666666666666,6.46666666666666,0.9,NA,0,0,0,0,0,0,0,0,0,0,0.372677996249964,0,1.20922380981447,0.249443825784929,2.07739152678438,0.7895146188218,seagull,720575940626278974,720575940626278974,720575940626278974,80085129036612323,1,NA,137792,88064,4790,5344082,137792,88064,4790,right,NA,dopamine,brain_intrinsic,central,NA,NA,CB0494,NA,NA,NA,NA,NA,NA,midbrain,putative_primary,NA,NA,0.6362571,FALSE,"(137792, 88064, 4790)",720575940626278974,flywire,0.913,249,27272393,4961,157,NA,1584,1733,1315,217,946,728,0,0,0,0,0.394,0.43110000000000004,0.8186000000000001,0.17950000000000002,0.5889,0.6022,1606,1209,90.1,113.8,0.392,0.322,0.866,0.642,0.07793000000000001,25.61,1,7888,2635,1271,1365,4020,1,3317,1,1,1.234,dopamine,0.602,0.713,0.03056,0.07736000000000001,0.08410000000000001,0.025450000000000004,0.1633,0.6164999999999999,322,1733,sez_intrinsic
mist,0,SS34739: 0,2,0,0,0,0,0,0,0,0,0,0,0.666666666666666,0,2.6,0,3.83333333333333,0,NA,0,0,0,0,0,0,0,0,0,0,0.745355992499929,0,1.33166562369587,0,1.63469331136523,0,mist,720575940646530612,720575940621256384,720575940621256384,80717691417555176,1,adequate,146813,76486,1906,NA,146813,76486,1906,right,NA,glutamate,brain_intrinsic,central,NA,NA,CB0588,NA,NA,NA,NA,NA,"removed FLAa2 as this was for a minor process not primary neurite


",midbrain,putative_primary,NA,NA,0.3999913,FALSE,"(146813, 76486, 1906)",720575940621256384,flywire,NA,NA,NA,4868,151,NA,NA,NA,NA,NA,NA,NA,NA,NA,NA,NA,NA,NA,NA,NA,NA,NA,NA,NA,NA,NA,NA,NA,NA,NA,NA,NA,NA,NA,NA,NA,NA,NA,NA,NA,NA,NA,NA,NA,0.3999913,NA,NA,NA,NA,NA,NA,NA,1798,4190,sez_intrinsic
mist,0,SS34739: 0,2,0,0,0,0,0,0,0,0,0,0,0.666666666666666,0,2.6,0,3.83333333333333,0,NA,0,0,0,0,0,0,0,0,0,0,0.745355992499929,0,1.33166562369587,0,1.63469331136523,0,mist,720575940637216624,720575940651129209,720575940637216624,78465410500220753,1,NA,113800,69728,1241,3140943,113800,69728,1241,left,NA,glutamate,brain_intrinsic,central,NA,NA,CB0588,NA,NA,NA,NA,NA,NA,midbrain,putative_primary,NA,NA,0.3438319,FALSE,"(113800, 69728, 1241)",720575940651129209,flywire,0.9081,490,53956696,6288,156,NA,5634,3536,2549,2629,374,2577,0,0,0,0,0.6385,0.40080000000000005,1.312,0.5725,0.1926,0.5612,1942,4592,161,77.73,0.364,0.318,0.7,0.771,0.1125,78.06,1,17279,4412,2143,2270,8823,1,9170,1,1,0.7127,dopamine,0.344,0.392,0.03172,0.05756,0.2647,0.031129999999999998,0.2619,0.35069999999999996,NA,3536,NA
kitty,0,SS41391: 0,2,6.3,8.1,8.4,10.2666666666666,8.4,11.6666666666666,7.86666666666666,11.5666666666666,7.3,10.8666666666666,4.5,7.9,3.93333333333333,6.7,3.13333333333333,5.63333333333333,NA,1.88237438713273,1.9723082923316,1.87260958735841,2.66999791926677,2.4576411454889,3.33999334663342,2.5130769099961,2.96291898115505,1.98578280114753,3.00813711271426,1.70782512765993,2.50798724079689,2.35135894513978,2.39652526240249,1.62754074876449,2.71395570257798,kitty,720575940644669732,720575940644669732,720575940644669732,79170541386905813,1,NA,123960,91712,4054,4751193,123960,91712,4054,left,NA,acetylcholine,brain_intrinsic,central,NA,NA,CB0759,NA,NA,NA,NA,NA,NA,midbrain,putative_primary,NA,NA,0.8290829,FALSE,"(123960, 91712, 4054)",720575940644669732,flywire,1.905,425,22305068,6950,164,NA,4524,1197,2393,1497,344,720,0,0,0,0,1.404,0.3714,3.11,1.073,0.447,0.5161,769.6,1395,35.58,77.33,0.39,0.344,0.618,0.427,0.05614,31.11,1,6301,1874,910,965,3223,1,5721,1,1,2.156,acetylcholine,0.899,0.912,0.03565,0.7948,0.034010000000000006,0.007755,0.04075,0.08619000000000002,1802,1197,sez_intrinsic
kitty,0,SS41391: 0,2,6.3,8.1,8.4,10.2666666666666,8.4,11.6666666666666,7.86666666666666,11.5666666666666,7.3,10.8666666666666,4.5,7.9,3.93333333333333,6.7,3.13333333333333,5.63333333333333,NA,1.88237438713273,1.9723082923316,1.87260958735841,2.66999791926677,2.4576411454889,3.33999334663342,2.5130769099961,2.96291898115505,1.98578280114753,3.00813711271426,1.70782512765993,2.50798724079689,2.35135894513978,2.39652526240249,1.62754074876449,2.71395570257798,kitty,720575940610056772,720575940626798736,720575940626798736,79592616479561009,1,NA,130360,89520,4175,4708116,130360,89520,4175,left,NA,gaba,brain_intrinsic,central,NA,NA,CB0370,NA,NA,NA,NA,NA,NA,midbrain,putative_primary,NA,NA,0.8171467,FALSE,"(130360, 89520, 4175)",720575940626798736,flywire,0.6697,118,17620621,1528,192,NA,NA,NA,NA,NA,NA,NA,NA,NA,NA,NA,NA,NA,NA,NA,NA,NA,NA,NA,NA,NA,NA,NA,NA,NA,NA,NA,NA,NA,NA,NA,NA,NA,NA,NA,NA,NA,NA,NA,0.8171467,NA,NA,NA,NA,NA,NA,NA,1893,931,sez_intrinsic
kitty,0,SS41391: 0,2,6.3,8.1,8.4,10.2666666666666,8.4,11.6666666666666,7.86666666666666,11.5666666666666,7.3,10.8666666666666,4.5,7.9,3.93333333333333,6.7,3.13333333333333,5.63333333333333,NA,1.88237438713273,1.9723082923316,1.87260958735841,2.66999791926677,2.4576411454889,3.33999334663342,2.5130769099961,2.96291898115505,1.98578280114753,3.00813711271426,1.70782512765993,2.50798724079689,2.35135894513978,2.39652526240249,1.62754074876449,2.71395570257798,kitty,720575940624987175,720575940624987175,720575940624987175,81351628724435583,1,NA,156112,85752,2806,6512861,156112,85752,2806,right,NA,acetylcholine,brain_intrinsic,central,NA,NA,CB0759,NA,NA,NA,NA,NA,NA,midbrain,putative_primary,NA,NA,0.8393924,FALSE,"(156112, 85752, 2806)",720575940624987175,flywire,1.44,355,24648886,7234,159,NA,4229,1079,2640,1216,515,503,0,0,0,0,1.307,0.33359999999999995,2.21,1.1700000000000002,0.43110000000000004,0.48400000000000004,1195,1039,51.37,93.77,0.368,0.332,0.582,0.474,0.02187,38.84,1,6291,2044,984,1061,3235,1,5308,1,1,2.236,acetylcholine,0.906,0.918,0.03619,0.7883999999999999,0.03884,0.002585,0.03837,0.09449,1781,1079,sez_intrinsic
kitty,0,SS41391: 0,2,6.3,8.1,8.4,10.2666666666666,8.4,11.6666666666666,7.86666666666666,11.5666666666666,7.3,10.8666666666666,4.5,7.9,3.93333333333333,6.7,3.13333333333333,5.63333333333333,NA,1.88237438713273,1.9723082923316,1.87260958735841,2.66999791926677,2.4576411454889,3.33999334663342,2.5130769099961,2.96291898115505,1.98578280114753,3.00813711271426,1.70782512765993,2.50798724079689,2.35135894513978,2.39652526240249,1.62754074876449,2.71395570257798,kitty,720575940627704392,720575940646564718,720575940627704392,80085335127897560,1,NA,137912,91096,4274,5460598,137912,91096,4274,right,NA,gaba,brain_intrinsic,central,NA,NA,CB0370,NA,NA,NA,NA,NA,NA,midbrain,putative_primary,NA,NA,0.7279047,FALSE,"(137912, 91096, 4274)",720575940646564718,flywire,0.5588,119,21296527,1678,193,NA,4520,959,2256,1457,442,385,0,0,0,0,1.77,0.3755,3.086,2.07,0.6046,0.5469,731,704,81.83,113.7,0.36,0.353,0.837,0.403,0.0034470000000000004,23,1,4825,1542,736,807,2554,1,5479,1,1,0.657,gaba,0.585,0.598,0.5667000000000001,0.3154,0.07625000000000001,0.006339,0.006071,0.02804,1777,959,sez_intrinsic
fudog,0,"SS35291: 0; See also Shiu, Sterne et al., 2022",2,0,0,0,0,0,0,0,0,0,0,1.93333333333333,2.26666666666666,2.23333333333333,3.13333333333333,1.33333333333333,2.33333333333333,NA,0,0,0,0,0,0,0,0,0,0,2.2647050335284,2.40739601136903,2.36196716507424,2.72926526539449,1.63978318349984,1.7575235101952,fudog,720575940632877869,720575940632877869,720575940632877869,81492159987222739,1,NA,157848,82592,2215,6956942,157848,82592,2215,right,CV,acetylcholine,brain_vnc_transfer,descending,descending_neuron,NA,DNg67,NA,NA,NA,NA,NA,NA,midbrain,putative_primary,NA,descending_right,0.9523741,FALSE,"(157848, 82592, 2215)",720575940632877869,flywire,0.5489,141,25687281,2374,146,NA,3171,613,0,3171,0,613,0,0,0,0,1.257,0.2431,0,1.257,0,0.2431,0,2522,0,0,0,0.3,0,0,NA,NA,1,4886,1256,601,656,2522,1,3784,1,1,0.9413,acetylcholine,0.923,0.937,0.01522,0.8867,0.013080000000000001,0.0022640000000000004,0.0339,0.047610000000000006,770,NA,sez_descending
fudog,0,"SS35291: 0; See also Shiu, Sterne et al., 2022",2,0,0,0,0,0,0,0,0,0,0,1.93333333333333,2.26666666666666,2.23333333333333,3.13333333333333,1.33333333333333,2.33333333333333,NA,0,0,0,0,0,0,0,0,0,0,2.2647050335284,2.40739601136903,2.36196716507424,2.72926526539449,1.63978318349984,1.7575235101952,fudog,720575940612648106,720575940612648106,720575940612648106,77832779265713351,1,NA,105048,79672,3218,2695613,105048,79672,3218,left,CV,acetylcholine,brain_vnc_transfer,descending,descending_neuron,NA,DNg67,NA,NA,NA,NA,NA,NA,midbrain,putative_primary,NA,descending_left,0.9369823,FALSE,"(105048, 79672, 3218)",720575940612648106,flywire,0.8152,160,19627623,2355,150,NA,3616,797,0,3616,0,797,0,0,0,0,1.313,0.28940000000000005,0,1.313,0,0.28940000000000005,0,2754,0,0,0,0.298,0,0,NA,NA,1,5399,1559,750,810,2754,1,4413,1,1,0.8551,acetylcholine,0.937,0.9530000000000001,0.01597,0.8891,0.008792,0.007114,0.01906,0.05859,808,NA,sez_descending
aDT6,0,SS39040:0; SS39052:0; SS39054:0,4,0,0,0,0,0,0,0,0,0,0,0,0,0,0,0,0,NA,0,0,0,0,0,0,0,0,0,0,0,0,0,0,0,0,aDT6,720575940630165007,720575940630165007,720575940630165007,78887691751936662,1,adequate,120554,71229,1782,3195546,114520,76088,1513,left,NA,acetylcholine,brain_intrinsic,central,NA,NA,CB2367,NA,NA,FLAa2__0,NA,NA,NA,sez,FLAa2,NA,NA,0.8506267,FALSE,"(120554, 71229, 1782)",720575940630165007,flywire,1.363,189,13870130,1073,151,NA,1333,269,1167,66,117,59,0,0,0,0,0.9979,0.20140000000000002,2.733,0.35159999999999997,0.274,0.3143,426.9,187.7,282.5,51.96,0.322,0.374,0.472,0.346,0.09875,182.9,1,2573,541,264,278,1336,1,1602,1,1,0.8031,acetylcholine,0.8630000000000001,0.8720000000000001,0.029099999999999997,0.7728,0.05744,0.022439999999999998,0.02013,0.09628,250,269,NA
aDT6,0,SS39040:0; SS39052:0; SS39054:0,4,0,0,0,0,0,0,0,0,0,0,0,0,0,0,0,0,NA,0,0,0,0,0,0,0,0,0,0,0,0,0,0,0,0,aDT6,720575940637381466,720575940637381466,720575940637381466,78817391727219425,1,adequate,118890,71959,1782,3194364,113344,75976,1624,left,NA,acetylcholine,brain_intrinsic,central,NA,NA,CB3413,482805831,NA,FLAa2__0,NA,NA,NA,sez,FLAa2,NA,NA,0.9258864,FALSE,"(118890, 71959, 1782)",720575940637381466,flywire,2.027,375,18497416,2217,151,NA,1282,353,1167,0,185,64,0,0,0,0,1.051,0.28930000000000006,2.8549999999999995,0,0.4526,0.4016,408.7,159.3,273.5,48.45,0.356,0.41,0.63,0.412,0.1804,188,1,2327,517,251,267,1220,1,1635,1,1,1.817,acetylcholine,0.919,0.933,0.01067,0.8723000000000001,0.018670000000000003,3.33e-4,0.037,0.05867000000000001,84,353,NA
aDT6,0,SS39040:0; SS39052:0; SS39054:0,4,0,0,0,0,0,0,0,0,0,0,0,0,0,0,0,0,NA,0,0,0,0,0,0,0,0,0,0,0,0,0,0,0,0,aDT6,720575940620306300,720575940627376702,720575940627376702,80365710190661057,1,incomplete,141525,74615,1387,5812966,142584,75368,764,right,NA,acetylcholine,brain_intrinsic,central,NA,NA,CB3312,NA,NA,FLAa2__0,NA,NA,NA,sez,FLAa2,NA,NA,0.9231049,FALSE,"(141525, 74615, 1387)",720575940627376702,flywire,1.515,299,19738845,2025,154,NA,NA,NA,NA,NA,NA,NA,NA,NA,NA,NA,NA,NA,NA,NA,NA,NA,NA,NA,NA,NA,NA,NA,NA,NA,NA,NA,NA,NA,NA,NA,NA,NA,NA,NA,NA,NA,NA,NA,0.9231049,NA,NA,NA,NA,NA,NA,NA,112,503,NA
aDT6,0,SS39040:0; SS39052:0; SS39054:0,4,0,0,0,0,0,0,0,0,0,0,0,0,0,0,0,0,NA,0,0,0,0,0,0,0,0,0,0,0,0,0,0,0,0,aDT6,720575940612302506,720575940630054928,720575940612302506,79447755554688532,1,adequate,128431,27859,2546,3769662,116952,75584,1450,left,NA,acetylcholine,brain_intrinsic,central,NA,NA,CB2537,456506289,NA,FLAa2__0,NA,NA,NA,sez,FLAa2,NA,NA,0.8056633,FALSE,"(128431, 27859, 2546)",720575940630054928,flywire,1.615,208,12876354,1932,187,NA,1498,435,1341,4,311,17,0,0,0,0,1.116,0.3241,2.8019999999999996,0.0623,0.6497,0.26480000000000004,478.7,64.21000000000001,307.2,43.08,0.308,0.438,0.554,0.408,0.02255,193.3,1,2596,696,328,369,1342,1,1933,1,1,1.44,acetylcholine,0.8650000000000001,0.8730000000000001,0.03479,0.7414,0.10550000000000001,0.004648,0.03535,0.07732000000000001,NA,NA,NA
aDT6,0,SS39040:0; SS39052:0; SS39054:0,4,0,0,0,0,0,0,0,0,0,0,0,0,0,0,0,0,NA,0,0,0,0,0,0,0,0,0,0,0,0,0,0,0,0,aDT6,720575940626512881,720575940626512881,720575940626512881,80295272726941559,1,incomplete,140711,74110,1387,5812533,141680,74480,833,right,NA,acetylcholine,brain_intrinsic,central,NA,NA,CB3413,NA,NA,FLAa2__0,NA,NA,NA,sez,FLAa2,NA,NA,0.9117269,FALSE,"(140711, 74110, 1387)",720575940626512881,flywire,1.796,445,24783067,2320,153,NA,1463,391,1373,0,242,48,0,0,0,0,1.177,0.3144,2.94,0,0.5182,0.395,467,121.5,273.9,62.26,0.362,0.402,0.642,0.472,0.1135,188.2,1,2341,548,267,282,1243,1,1854,1,1,1.866,acetylcholine,0.9410000000000001,0.9580000000000001,0.015829999999999997,0.8892,0.01771,0.0010420000000000002,0.04688,0.02833,180,391,NA
aDT6,0,SS39040:0; SS39052:0; SS39054:0,4,0,0,0,0,0,0,0,0,0,0,0,0,0,0,0,0,NA,0,0,0,0,0,0,0,0,0,0,0,0,0,0,0,0,aDT6,720575940644751651,720575940644751651,720575940644751651,80295341446443417,1,incomplete,141141,74771,1387,5813369,143320,76704,902,right,NA,acetylcholine,brain_intrinsic,central,NA,NA,CB3627,NA,NA,FLAa2__0,NA,NA,NA,sez,FLAa2,NA,NA,0.8774972,FALSE,"(141141, 74771, 1387)",720575940644751651,flywire,2.273,519,22833452,2959,189,NA,1603,349,1544,58,117,169,0,0,0,0,1.005,0.21880000000000002,3.695,0.1103,0.28,0.3214,417.8,525.8,232.7,58.84,0.378,0.36,0.612,0.426,0.3123,195.9,1,3094,692,340,353,1595,1,1952,1,1,1.855,acetylcholine,0.9460000000000001,0.963,0.01537,0.86240000000000006,0.02611,0.003333,0.052410000000000005,0.03889,119,349,NA
aDT6,0,SS39040:0; SS39052:0; SS39054:0,4,0,0,0,0,0,0,0,0,0,0,0,0,0,0,0,0,NA,0,0,0,0,0,0,0,0,0,0,0,0,0,0,0,0,aDT6,720575940638900469,720575940638900469,720575940638900469,78747022983022809,1,adequate,118643,72133,1782,3192833,110568,75904,1741,left,NA,acetylcholine,brain_intrinsic,central,NA,NA,CB3413,NA,NA,FLAa2__0,NA,NA,NA,sez,FLAa2,NA,NA,0.8964015,FALSE,"(118643, 72133, 1782)",720575940638900469,flywire,1.903,458,24067356,1703,150,NA,1117,382,1089,0,247,81,0,0,0,0,0.9841,0.33649999999999997,2.5109999999999997,0,0.5696000000000001,0.4617,433.6,175.4,275.7,62.5,0.354,0.403,0.614,0.466,0.1658,185.7,1,2143,492,240,253,1135,1,1499,1,1,1.5,acetylcholine,0.8670000000000001,0.8750000000000001,0.006562000000000001,0.7588,0.06406,0.0034380000000000005,0.1091,0.055310000000000005,101,382,NA
aDT6,0,SS39040:0; SS39052:0; SS39054:0,4,0,0,0,0,0,0,0,0,0,0,0,0,0,0,0,0,NA,0,0,0,0,0,0,0,0,0,0,0,0,0,0,0,0,aDT6,720575940604764862,720575940604764862,720575940604764862,78747022983019420,1,needs_extending,118400,72201,1782,3193291,111656,75944,1629,left,NA,acetylcholine,brain_intrinsic,central,NA,NA,CB3312,NA,NA,FLAa2__0,NA,NA,NA,sez,FLAa2,NA,NA,0.8688270,FALSE,"(118400, 72201, 1782)",720575940604764862,flywire,1.813,316,17429606,2183,154,NA,1156,444,938,0,255,74,0,0,0,0,0.9098,0.3495,1.9489999999999998,0,0.53,0.6325,481.2,117,295.6,62.84,0.322,0.352,0.626,0.474,0.14690000000000003,190.1,1,2433,628,302,327,1271,1,1600,1,1,1.718,acetylcholine,0.907,0.921,0.01342,0.8134,0.03474,0.009474,0.07632000000000001,0.05079,NA,444,NA
aDT6,0,SS39040:0; SS39052:0; SS39054:0,4,0,0,0,0,0,0,0,0,0,0,0,0,0,0,0,0,NA,0,0,0,0,0,0,0,0,0,0,0,0,0,0,0,0,aDT6,720575940631570636,720575940631570636,720575940631570636,80295341446444488,1,incomplete,141043,74475,1387,5814093,144504,76720,867,right,NA,acetylcholine,brain_intrinsic,central,NA,NA,CB3312,NA,NA,FLAa2__0,NA,NA,NA,sez,FLAa2,NA,NA,0.8634784,FALSE,"(141043, 74475, 1387)",720575940631570636,flywire,2.107,500,23734891,1573,145,NA,1087,434,1011,1,257,71,0,0,0,0,0.8365,0.33399999999999996,2.275,0.005952,0.5783,0.42260000000000003,444.4,168,289.9,52.3,0.349,0.372,0.632,0.487,0.1358,184.3,1,2478,647,308,339,1300,1,1521,1,1,1.21,acetylcholine,0.913,0.925,0.01375,0.8220000000000001,0.0555,0.005,0.043250000000000004,0.058,165,434,NA
aDT6,0,SS39040:0; SS39052:0; SS39054:0,4,0,0,0,0,0,0,0,0,0,0,0,0,0,0,0,0,NA,0,0,0,0,0,0,0,0,0,0,0,0,0,0,0,0,aDT6,720575940635191438,720575940635191438,720575940635191438,78817391727214656,1,needs_extending,118928,72013,1782,3193228,111536,75920,1720,left,NA,acetylcholine,brain_intrinsic,central,NA,NA,CB3413,NA,NA,FLAa2__0,NA,NA,NA,sez,FLAa2,NA,NA,0.9076471,FALSE,"(118928, 72013, 1782)",720575940635191438,flywire,2.062,541,26242581,2093,157,NA,1312,341,1223,0,225,59,0,0,0,0,1.1360000000000001,0.29510000000000003,2.73,0,0.5023,0.4007,447.9,147.2,277.8,63.01,0.353,0.46,0.624,0.472,0.14250000000000002,187.5,1,2171,467,227,241,1155,1,1653,1,1,1.812,acetylcholine,0.8540000000000001,0.8610000000000001,0.006944,0.7874999999999999,0.06833,0.003889,0.1028,0.029169999999999998,157,341,NA
aDT6,0,SS39040:0; SS39052:0; SS39054:0,4,0,0,0,0,0,0,0,0,0,0,0,0,0,0,0,0,NA,0,0,0,0,0,0,0,0,0,0,0,0,0,0,0,0,aDT6,720575940637531369,720575940637531369,720575940637531369,78747022983024521,1,complete,118631,71992,1782,3193620,112376,76096,1577,left,NA,acetylcholine,brain_intrinsic,central,NA,NA,CB1951,NA,NA,FLAa2__0,NA,NA,NA,sez,FLAa2,NA,NA,0.9206883,FALSE,"(118631, 71992, 1782)",720575940637531369,flywire,1.397,266,19042855,1765,154,NA,1672,300,700,902,56,238,0,0,0,0,1.23,0.2206,2.8939999999999997,1.125,0.2315,0.29680000000000006,241.9,801.9,250.8,52.96,0.322,0.32,0.653,0.432,0.041870000000000004,115.7,1,2599,576,282,295,1360,1,1972,1,1,1.298,acetylcholine,0.928,0.9420000000000001,0.010870000000000001,0.8832,0.03275,0.0028989999999999997,0.029419999999999998,0.03884,NA,300,NA
aSG1,0,SS45907:0; SS45898:0; SS45913:0,No path,0,0,0,0,0,0,0,0,0,0,0,0,0,0,0,0,NA,0,0,0,0,0,0,0,0,0,0,0,0,0,0,0,0,aSG1,720575940633376301,720575940618736797,720575940618736797,79803928937583802,1,adequate,133992,91816,4652,5453709,133992,91816,4652,right,NCC,octopamine,brain_efferent,endocrine,NA,SEZ-NSC,CAPA,NA,NA,NA,capability; myosupressin,"Reinhard et al., 2023 (immuno); McKim et al. 2024 (immuno)","cell_type==SEZ-NSC_CAPA


",midbrain,primary,endocrine,endocrine_right,0.3469237,FALSE,"(133992, 91816, 4652)",720575940618736797,flywire,1.845,2819,152788942,15671,189,"capability, myosupressin",NA,NA,NA,NA,NA,NA,NA,NA,NA,NA,NA,NA,NA,NA,NA,NA,NA,NA,NA,NA,NA,NA,NA,NA,NA,NA,NA,NA,NA,NA,NA,NA,NA,NA,NA,NA,NA,NA,0.3469237,NA,NA,NA,NA,NA,NA,NA,NA,NA,sez_endocrine
aSG1,0,SS45907:0; SS45898:0; SS45913:0,No path,0,0,0,0,0,0,0,0,0,0,0,0,0,0,0,0,NA,0,0,0,0,0,0,0,0,0,0,0,0,0,0,0,0,aSG1,720575940620829878,720575940620829878,720575940620829878,79732598120814123,1,adequate,132430,77510,4695,4788996,128648,91288,4832,left,NCC,serotonin,brain_efferent,endocrine,NA,SEZ-NSC,CAPA,NA,NA,NA,capability; myosupressin,"Reinhard et al., 2023 (immuno); McKim et al. 2024 (immuno)","cell_type==SEZ-NSC_CAPA


",midbrain,primary,endocrine,endocrine_left,0.2895444,FALSE,"(132430, 77510, 4695)",720575940620829878,flywire,2.073,2987,144088803,16298,192,"capability, myosupressin",35,1572,0,35,0,1572,0,0,0,0,0.00531,0.23850000000000002,0,0.00531,0,0.23850000000000002,0,6591,0,0,0,0.151,0,0,NA,NA,1,8626,4560,1916,2645,6591,1,1607,1,1,2.473,unknown,NA,0.3,0.07143000000000001,0.2857,0.03571,0.3214,0.2857,0,NA,NA,sez_endocrine
aSG7,0,SS43327: 0; SS43329: 0; SS45915: 0; SS45921:0; SS45926:0; SS45929: 0; SS46202: 0;,4,0,0,0,0,0,0,0,0,0,0,0,0,0,0,0,0,NA,0,0,0,0,0,0,0,0,0,0,0,0,0,0,0,0,aSG7,720575940636928398,720575940636928398,720575940636928398,79729299317615523,1,adequate,132238,29059,2749,5869991,143672,87816,1504,right,NA,serotonin,brain_intrinsic,central,NA,NA,CB0878,NA,NA,TRdm__1,"hugin, sNPF","Carlsson et al., 2013 (immuno)",NA,sez,TRdm,NA,NA,0.9126496,FALSE,"(132238, 29059, 2749)",720575940636928398,flywire,14.42,2701,18728687,6187,257,"hugin, sNPF",459,388,442,0,272,99,0,0,0,0,0.2088,0.17650000000000002,0.5657000000000001,0,0.34809999999999997,0.1511,781.3,655.4,286.6,111.9,0.334,0.306,0.674,0.55,0.15340000000000004,66.58,1,4113,614,301,314,2199,1,847,1,1,2.814,serotonin,0.771,0.8700000000000001,0.0032470000000000003,0.01312,0.013250000000000001,0.03779,0.8621000000000001,0.06986999999999999,13,388,NA
aSG7,0,SS43327: 0; SS43329: 0; SS45915: 0; SS45921:0; SS45926:0; SS45929: 0; SS46202: 0;,4,0,0,0,0,0,0,0,0,0,0,0,0,0,0,0,0,NA,0,0,0,0,0,0,0,0,0,0,0,0,0,0,0,0,aSG7,720575940622273868,720575940622273868,720575940622273868,78676791543634252,1,NA,117368,73672,982,3733501,117368,73672,982,left,NA,glutamate,brain_intrinsic,central,NA,NA,CB0699,NA,NA,NA,NA,NA,NA,midbrain,putative_primary,NA,NA,0.9174779,FALSE,"(117368, 73672, 982)",720575940622273868,flywire,5.936,6469,108976403,20474,217,NA,8748,722,5371,2764,286,176,0,0,0,0,2.033,0.1678,4.086,5.253,0.21760000000000002,0.33449999999999996,1314,526.2,159.3,105,0.458,0.497,0.91,1.68,9.01e-4,154.6,1,7582,1964,934,1031,4303,1,9470,1,1,4.758,glutamate,0.641,0.8550000000000001,0.025970000000000003,0.059840000000000004,0.8193,0.01,0.049600000000000005,0.033710000000000004,2154,722,sez_projection
aSG7,0,SS43327: 0; SS43329: 0; SS45915: 0; SS45921:0; SS45926:0; SS45929: 0; SS46202: 0;,4,0,0,0,0,0,0,0,0,0,0,0,0,0,0,0,0,NA,0,0,0,0,0,0,0,0,0,0,0,0,0,0,0,0,aSG7,720575940625082298,720575940630423655,720575940625082298,80084922408231410,1,incomplete,137688,85235,1486,5870847,145800,87032,1418,right,NA,serotonin,brain_intrinsic,central,NA,NA,TRdm_50,NA,NA,TRdm__1,"hugin, sNPF","Carlsson et al., 2013 (immuno)",NA,sez,TRdm,NA,NA,0.8966857,FALSE,"(137688, 85235, 1486)",720575940630423655,flywire,12.4,3962,31952425,9786,246,"hugin, sNPF",605,363,408,162,194,137,0,0,0,0,0.28880000000000006,0.1733,0.7087,0.2556,0.33699999999999997,0.21620000000000003,575.7,633.7,242.6,195.6,0.32,0.339,0.614,0.691,0.013240000000000002,56.76,1,3939,622,306,316,2095,1,968,1,1,4.671,serotonin,0.773,0.8750000000000001,0.01029,0.02231,0.0375,0.006923,0.88,0.042600000000000006,NA,NA,NA
aSG7,0,SS43327: 0; SS43329: 0; SS45915: 0; SS45921:0; SS45926:0; SS45929: 0; SS46202: 0;,4,0,0,0,0,0,0,0,0,0,0,0,0,0,0,0,0,NA,0,0,0,0,0,0,0,0,0,0,0,0,0,0,0,0,aSG7,720575940620879809,720575940620879809,720575940620879809,80084922408232753,1,incomplete,137815,85238,1483,5870532,145104,87872,1469,right,NA,serotonin,brain_intrinsic,central,NA,NA,TRdm_50,NA,NA,TRdm__1,"hugin, sNPF","Carlsson et al., 2013 (immuno)",NA,sez,TRdm,NA,NA,0.8579925,FALSE,"(137815, 85238, 1483)",720575940620879809,flywire,16.92,5961,35232106,11777,255,"hugin, sNPF",685,454,523,124,292,135,0,0,0,0,0.259,0.1716,0.5491,0.1603,0.3066,0.17450000000000002,952.5,773.7,280.6,132.1,0.34,0.326,0.738,0.622,0.014870000000000001,74.36,1,4873,654,321,334,2645,1,1139,1,1,4.453,serotonin,0.756,0.8560000000000001,0.014,0.028560000000000002,0.03533,0.01489,0.8226000000000001,0.08422000000000002,48,454,NA
aSG7,0,SS43327: 0; SS43329: 0; SS45915: 0; SS45921:0; SS45926:0; SS45929: 0; SS46202: 0;,4,0,0,0,0,0,0,0,0,0,0,0,0,0,0,0,0,NA,0,0,0,0,0,0,0,0,0,0,0,0,0,0,0,0,aSG7,720575940613428707,720575940613428707,720575940613428707,80295272726950513,1,bad_nucleus,140929,74140,1387,5790154,141936,74672,1190,right,NA,glutamate,brain_intrinsic,central,NA,NA,CB0699,NA,NA,NA,NA,NA,"first_larval_born


",midbrain,putative_primary,NA,NA,0.9094086,FALSE,"(140929, 74140, 1387)",720575940613428707,flywire,NA,NA,NA,18214,231,NA,8780,639,2626,5700,137,496,0,0,0,0,2.137,0.15550000000000003,3.1,2.0719999999999996,0.1617,0.1803,847.1,2751,256.7,70.37,0.432,0.432,0.712,0.985,0.006279,62.67,1,6973,1849,865,985,4109,1,9419,1,1,4.433,glutamate,0.6659999999999999,0.888,0.02938,0.05292,0.8558000000000001,0.01429,0.0323,0.013600000000000001,NA,639,sez_projection
amulet,0,SS32423: 0,3,0,0,0,0,0,0,0,0,0,0,0,0,0,0,0,0,NA,0,0,0,0,0,0,0,0,0,0,0,0,0,0,0,0,amulet,720575940604470240,720575940604470240,720575940604470240,80083960537272990,1,complete,137802,71220,2922,6914592,156824,81552,2136,right,NA,gaba,brain_intrinsic,central,NA,NA,CB0626,5813083315,hb5813083315,NA,NA,NA,NA,midbrain,putative_primary,NA,NA,0.8491719,FALSE,"(137802, 71220, 2922)",720575940604470240,flywire,2.589,1975,76295892,16799,160,NA,30748,9626,29598,340,2478,6592,0,0,0,0,2.257,0.7067,8.167,0.047650000000000005,0.6838,0.9238000000000001,3624,7135,108.8,108.4,0.43,0.312,1.431,0.937,0.5234,127.8,1,25902,7682,3742,3941,13620,1,40374,1,1,1.233,gaba,0.716,0.727,0.6742999999999999,0.14890000000000003,0.12120000000000002,0.003176,0.02398,0.02707,7231,9626,NA
amulet,0,SS32423: 0,3,0,0,0,0,0,0,0,0,0,0,0,0,0,0,0,0,NA,0,0,0,0,0,0,0,0,0,0,0,0,0,0,0,0,amulet,720575940635211768,720575940635211768,720575940635211768,79309835631773144,1,complete,125932,70232,2863,2686235,106624,79032,2851,left,NA,gaba,brain_intrinsic,central,NA,NA,CB0626,5813083315,hb5813083315,NA,NA,NA,NA,midbrain,putative_primary,NA,NA,0.8646358,FALSE,"(125932, 70232, 2863)",720575940635211768,flywire,2.637,1379,52302529,11782,151,NA,22172,7785,21050,247,1611,5814,0,0,0,0,1.81,0.6355,6.461,0.03884,0.4945,0.9142,3258,6360,103.8,96.95,0.48,0.314,1.323,0.902,0.5831,126.5,1,23620,7118,3454,3665,12250,1,29957,1,1,0.9618,gaba,0.804,0.8210000000000001,0.7715,0.07301,0.1286,0.001928,0.015799999999999998,0.007995,4682,7785,NA
asteroid,0,SS35282: 0; SS42335: 0,2,0,0,0,0,0,0,0,0,0,0,0,0,0,0,0,0,NA,0,0,0,0,0,0,0,0,0,0,0,0,0,0,0,0,asteroid,NA,NA,NA,NA,NA,NA,NA,NA,NA,NA,NA,NA,NA,NA,NA,NA,NA,NA,NA,NA,NA,NA,NA,NA,NA,NA,NA,NA,NA,NA,NA,NA,NA,NA,NA,NA,NA,NA,NA,NA,NA,NA,NA,NA,NA,NA,NA,NA,NA,NA,NA,NA,NA,NA,NA,NA,NA,NA,NA,NA,NA,NA,NA,NA,NA,NA,NA,NA,NA,NA,NA,NA,NA,NA,NA,NA,NA,NA,NA,NA,NA,NA,NA,NA,NA,NA,NA,NA,NA,NA,NA
bamboo,0,"SS44928, SS44937: 0",2,0,0,0,0,0,0,0,0,0,0,0,0,0,0,0,0,NA,0,0,0,0,0,0,0,0,0,0,0,0,0,0,0,0,bamboo,720575940634333631,720575940622491632,720575940622491632,78465479152515292,1,outlier_bio,114104,70680,847,3137697,114104,70680,847,left,NA,glutamate,brain_intrinsic,antennal_lobe,ALLN,NA,vLN26,NA,vLN26,NA,NA,NA,"this guy is missing the ventral branch of the vLN26 - looks like it gets lost in the segmentation?


",midbrain,ALv2,NA,NA,0.3751531,FALSE,"(114104, 70680, 847)",720575940622491632,flywire,2.236,604,27017422,2350,200,NA,NA,NA,NA,NA,NA,NA,NA,NA,NA,NA,NA,NA,NA,NA,NA,NA,NA,NA,NA,NA,NA,NA,NA,NA,NA,NA,NA,NA,NA,NA,NA,NA,NA,NA,NA,NA,NA,NA,0.37515309999999996,NA,NA,NA,NA,NA,NA,NA,584,338,NA
bamboo,0,"SS44928, SS44937: 0",2,0,0,0,0,0,0,0,0,0,0,0,0,0,0,0,0,NA,0,0,0,0,0,0,0,0,0,0,0,0,0,0,0,0,bamboo,720575940612107673,720575940612991381,720575940612991381,80576816288417197,1,adequate,144684,74535,439,NA,144633,74517,438,right,NA,glutamate,brain_intrinsic,antennal_lobe,ALLN,NA,vLN26,NA,vLN26,NA,NA,NA,"\[YY] perhaps first larval born


",midbrain,ALv2,NA,NA,0.5555846,FALSE,"(144684, 74535, 439)",720575940612991381,flywire,NA,NA,NA,3242,195,NA,NA,NA,NA,NA,NA,NA,NA,NA,NA,NA,NA,NA,NA,NA,NA,NA,NA,NA,NA,NA,NA,NA,NA,NA,NA,NA,NA,NA,NA,NA,NA,NA,NA,NA,NA,NA,NA,NA,0.5555846,NA,NA,NA,NA,NA,NA,NA,1457,432,NA
basket,0,SS29227: 0,4,0,0,0,0,0,0,0,0,0,0,0,0,0,0,0,0,NA,0,0,0,0,0,0,0,0,0,0,0,0,0,0,0,0,basket,720575940618299216,720575940628031896,720575940628031896,80155085464063086,1,adequate,138301,82353,4916,6475228,155760,78312,4845,right,NA,acetylcholine,brain_intrinsic,central,NA,NA,CB2195,NA,NA,LB19__0,NA,NA,NA,sez,LB19,NA,NA,0.7416545,FALSE,"(138301, 82353, 4916)",720575940628031896,flywire,1.049,87,8289874,886,156,NA,NA,NA,NA,NA,NA,NA,NA,NA,NA,NA,NA,NA,NA,NA,NA,NA,NA,NA,NA,NA,NA,NA,NA,NA,NA,NA,NA,NA,NA,NA,NA,NA,NA,NA,NA,NA,NA,NA,0.7416545,NA,NA,NA,NA,NA,NA,NA,222,66,sez_superior_projection
basket,0,SS29227: 0,4,0,0,0,0,0,0,0,0,0,0,0,0,0,0,0,0,NA,0,0,0,0,0,0,0,0,0,0,0,0,0,0,0,0,basket,720575940626922810,720575940626922810,720575940626922810,80155085464064272,1,incomplete,138331,82450,4919,6474786,153352,76752,5074,right,NA,acetylcholine,brain_intrinsic,central,NA,NA,CB2195,NA,NA,LB19__0,NA,NA,NA,sez,LB19,NA,NA,0.8223525,FALSE,"(138331, 82450, 4919)",720575940626922810,flywire,0.3129,23,7350264,615,136,NA,1003,170,932,0,61,88,0,0,0,0,0.8994,0.15240000000000004,2.897,0,0.1896,0.3097,321.8,284.1,221.8,100.4,0.312,0.344,0.464,0.327,0.4711,120,1,2050,313,152,162,1115,1,1173,1,1,0.5516,acetylcholine,0.8610000000000001,0.8670000000000001,0.01467,0.7347,0.09267,0.001333,0.03033,0.1263,285,170,sez_superior_projection
basket,0,SS29227: 0,4,0,0,0,0,0,0,0,0,0,0,0,0,0,0,0,0,NA,0,0,0,0,0,0,0,0,0,0,0,0,0,0,0,0,basket,720575940613043939,720575940637321079,720575940637321079,80155154183543271,1,incomplete,139061,82986,4919,6475201,155632,79160,4807,right,NA,acetylcholine,brain_intrinsic,central,NA,NA,CB2415,NA,NA,LB19__0,NA,NA,NA,sez,LB19,NA,NA,0.8154262,FALSE,"(139061, 82986, 4919)",720575940637321079,flywire,0.4291,41,9553983,774,138,NA,NA,NA,NA,NA,NA,NA,NA,NA,NA,NA,NA,NA,NA,NA,NA,NA,NA,NA,NA,NA,NA,NA,NA,NA,NA,NA,NA,NA,NA,NA,NA,NA,NA,NA,NA,NA,NA,NA,0.8154262,NA,NA,NA,NA,NA,NA,NA,343,315,sez_intrinsic
basket,0,SS29227: 0,4,0,0,0,0,0,0,0,0,0,0,0,0,0,0,0,0,NA,0,0,0,0,0,0,0,0,0,0,0,0,0,0,0,0,basket,720575940626412298,720575940626412298,720575940626412298,79381029278248545,1,adequate,127821,82140,5018,3868218,119232,84224,5157,left,NA,acetylcholine,brain_intrinsic,central,NA,NA,CB3150,NA,NA,LB19__0,NA,NA,NA,sez,LB19,NA,NA,0.7771566,FALSE,"(127821, 82140, 5018)",720575940626412298,flywire,0.5413,60,11083487,760,144,NA,1590,193,1386,148,112,59,0,0,0,0,1.28,0.15540000000000004,3.8219999999999996,0.5153,0.3089,0.20540000000000003,362.6,287.2,261.6,50.86,0.344,0.446,0.512,0.316,0.0603,113.1,1,2351,472,231,241,1242,1,1783,1,1,0.6119,acetylcholine,0.8560000000000001,0.8630000000000001,0.01781,0.6979,0.08849,0.006438,0.03945,0.14840000000000003,382,193,NA
basket,0,SS29227: 0,4,0,0,0,0,0,0,0,0,0,0,0,0,0,0,0,0,NA,0,0,0,0,0,0,0,0,0,0,0,0,0,0,0,0,basket,720575940613950530,720575940613950530,720575940613950530,79451398022414979,1,incomplete,128165,81999,5018,3202259,109288,75536,5169,left,NA,acetylcholine,brain_intrinsic,central,NA,NA,CB3150,NA,NA,LB19__0,NA,NA,NA,sez,LB19,NA,NA,0.7650984,FALSE,"(128165, 81999, 5018)",720575940613950530,flywire,1.189,113,9503836,579,152,NA,997,161,958,0,44,99,0,0,0,0,0.8693000000000001,0.14040000000000002,3.21,0,0.14740000000000003,0.3378,298.5,293.1,229.2,116.8,0.34,0.339,0.47,0.284,0.5754,116.5,1,2136,345,169,177,1147,1,1158,1,1,0.5048,acetylcholine,0.8230000000000001,0.8210000000000001,0.03,0.6889,0.1932,0.004286,0.01036,0.07143000000000001,230,161,NA
basket,0,SS29227: 0,4,0,0,0,0,0,0,0,0,0,0,0,0,0,0,0,0,NA,0,0,0,0,0,0,0,0,0,0,0,0,0,0,0,0,basket,720575940624005868,720575940628433490,720575940624005868,80155154183536907,1,adequate,138830,82775,4916,6474823,153720,76048,5051,right,NA,acetylcholine,brain_intrinsic,central,NA,NA,CB3158,NA,NA,LB19__0,NA,NA,"\*not a tadpole - fixed continuation


",sez,LB19,NA,NA,0.6364662,FALSE,"(138830, 82775, 4916)",720575940628433490,flywire,0.5369,66,12293496,738,137,NA,985,491,571,341,8,474,0,0,0,0,0.536,0.2672,2.8949999999999996,0.33009999999999995,0.04055,0.45890000000000003,197.3,1033,176,101.6,0.456,0.348,0.515,0.35,0.33669999999999994,102.5,1,3483,744,366,379,1838,1,1476,1,1,0.4015,acetylcholine,0.778,0.776,0.029599999999999998,0.5992,0.14,0.0104,0.07790000000000001,0.1421,206,491,sez_intrinsic
basket,0,SS29227: 0,4,0,0,0,0,0,0,0,0,0,0,0,0,0,0,0,0,NA,0,0,0,0,0,0,0,0,0,0,0,0,0,0,0,0,basket,720575940628134555,720575940628134555,720575940628134555,78395385890354717,1,NA,113056,74696,5415,3204078,113056,74696,5415,left,NA,acetylcholine,brain_intrinsic,central,NA,NA,CB3158,NA,NA,LB19__0,NA,NA,NA,sez,LB19,NA,NA,0.6025985,FALSE,"(113056, 74696, 5415)",720575940628134555,flywire,0.5851,78,13330931,857,138,NA,1217,286,1023,132,40,244,0,0,0,0,0.7371,0.17320000000000002,3.3569999999999998,0.17200000000000001,0.1313,0.3179,304.7,767.5,176.7,92.38,0.478,0.366,0.54,0.296,0.42060000000000003,107.1,1,3089,609,298,312,1651,1,1503,1,1,0.5191,acetylcholine,0.612,0.591,0.029699999999999997,0.4626,0.202,0.00303,0.08061,0.2206,290,286,sez_intrinsic
basket,0,SS29227: 0,4,0,0,0,0,0,0,0,0,0,0,0,0,0,0,0,0,NA,0,0,0,0,0,0,0,0,0,0,0,0,0,0,0,0,basket,720575940633611418,720575940633611418,720575940633611418,80155085464060779,1,incomplete,138496,82556,4919,6474744,152656,75344,5067,right,NA,acetylcholine,brain_intrinsic,central,NA,NA,CB3150,NA,NA,LB19__0,NA,NA,NA,sez,LB19,NA,NA,0.7990487,FALSE,"(138496, 82556, 4919)",720575940633611418,flywire,0.5176,44,8500201,523,136,NA,990,174,877,15,49,112,0,0,0,0,0.8770000000000001,0.15410000000000001,3.744,0.041150000000000006,0.20920000000000002,0.3072,234.2,364.5,267.1,103.5,0.342,0.348,0.447,0.322,0.47200000000000003,119.3,1,2071,333,162,172,1129,1,1164,1,1,0.4632,acetylcholine,0.763,0.76,0.0172,0.6344,0.0796,0.0044,0.08839999999999999,0.17520000000000002,253,174,sez_superior_projection
basket,0,SS29227: 0,4,0,0,0,0,0,0,0,0,0,0,0,0,0,0,0,0,NA,0,0,0,0,0,0,0,0,0,0,0,0,0,0,0,0,basket,720575940631177809,720575940631177809,720575940631177809,79451398022402030,1,adequate,128195,82020,5021,3774795,115504,74744,5437,left,NA,acetylcholine,brain_intrinsic,central,NA,NA,CB2415,NA,NA,LB19__0,NA,NA,NA,sez,LB19,NA,NA,0.6554812,FALSE,"(128195, 82020, 5021)",720575940631177809,flywire,0.8984,108,12020965,842,137,NA,839,245,706,114,19,206,0,0,0,0,0.5647000000000001,0.16490000000000002,3.4509999999999996,0.184,0.09287999999999999,0.33249999999999996,204.6,619.5,164.6,91.93,0.459,0.36,0.52,0.284,0.4556,110.4,1,2800,626,303,324,1486,1,1084,1,1,0.5666,acetylcholine,0.775,0.773,0.052730000000000006,0.5650000000000001,0.15700000000000003,0.007955,0.06841,0.14840000000000003,168,245,sez_intrinsic
basket,0,SS29227: 0,4,0,0,0,0,0,0,0,0,0,0,0,0,0,0,0,0,NA,0,0,0,0,0,0,0,0,0,0,0,0,0,0,0,0,basket,720575940620183462,720575940620183462,720575940620183462,79381029278245449,1,incomplete,127777,82128,5021,3202182,108696,75096,5209,left,NA,acetylcholine,brain_intrinsic,central,NA,NA,CB3150,NA,NA,LB19__0,NA,NA,NA,sez,LB19,NA,NA,0.7732639,FALSE,"(127777, 82128, 5021)",720575940620183462,flywire,0.4884,45,9214444,748,148,NA,1293,245,1166,20,68,160,0,0,0,0,0.9612999999999999,0.1822,4.2010000000000005,0.04466,0.24500000000000002,0.3573,277.6,447.9,222.9,119.7,0.384,0.35,0.488,0.304,0.4781,114.6,1,2496,465,230,236,1345,1,1538,1,1,0.5561,acetylcholine,0.7919999999999999,0.7889999999999999,0.02368,0.6408,0.1395,0.0028949999999999996,0.04263000000000001,0.14970000000000003,329,245,NA
basket,0,SS29227: 0,4,0,0,0,0,0,0,0,0,0,0,0,0,0,0,0,0,NA,0,0,0,0,0,0,0,0,0,0,0,0,0,0,0,0,basket,720575940631416121,720575940631416121,720575940631416121,80225522927710705,1,incomplete,139237,83065,4919,6919776,156944,77848,4804,right,NA,acetylcholine,brain_intrinsic,central,NA,NA,CB2415,NA,NA,LB19__0,NA,NA,NA,sez,LB19,NA,NA,0.6808881,FALSE,"(139237, 83065, 4919)",720575940631416121,flywire,0.8142,100,12282271,739,140,NA,1351,474,1051,258,35,439,0,0,0,0,0.6501,0.2281,3.34,0.24140000000000003,0.11120000000000001,0.4107,314.7,1069,190.5,107.2,0.474,0.312,0.584,0.336,0.40530000000000005,122,1,3933,738,361,378,2078,1,1825,1,1,0.3556,acetylcholine,0.747,0.742,0.02015,0.6073,0.1332,0.00697,0.08788,0.1426,272,474,sez_intrinsic
basket,0,SS29227: 0,4,0,0,0,0,0,0,0,0,0,0,0,0,0,0,0,0,NA,0,0,0,0,0,0,0,0,0,0,0,0,0,0,0,0,basket,720575940621614246,720575940631480364,720575940621614246,80155085464060568,1,incomplete,138619,82253,4916,6919658,156784,81000,4697,right,NA,acetylcholine,brain_intrinsic,central,NA,NA,CB3150,NA,NA,LB19__0,NA,NA,NA,sez,LB19,NA,NA,0.8244849,FALSE,"(138619, 82253, 4916)",720575940631480364,flywire,0.3513,41,11671955,742,144,NA,1167,241,1015,43,54,178,0,0,0,0,0.8702000000000001,0.17970000000000003,3.464,0.08301,0.1843,0.34359999999999996,293,518,233.3,97.14,0.352,0.321,0.49,0.366,0.46900000000000003,115,1,2513,399,197,202,1341,1,1408,1,1,0.5533,acetylcholine,0.7879999999999999,0.7859999999999999,0.01214,0.7057,0.1125,0.0025,0.02571,0.1393,268,241,sez_superior_projection
basket,0,SS29227: 0,4,0,0,0,0,0,0,0,0,0,0,0,0,0,0,0,0,NA,0,0,0,0,0,0,0,0,0,0,0,0,0,0,0,0,basket,720575940628069904,720575940628069904,720575940628069904,79381029278256519,1,incomplete,127780,81883,5021,3200242,107312,75408,5131,left,NA,acetylcholine,brain_intrinsic,central,NA,NA,CB2415,NA,NA,LB19__0,NA,NA,NA,sez,LB19,NA,NA,0.7295210,FALSE,"(127780, 81883, 5021)",720575940628069904,flywire,0.5512,73,13243789,805,145,NA,1474,258,1371,94,71,176,0,0,0,0,0.8378000000000001,0.1466,3.063,0.14870000000000003,0.15860000000000002,0.27840000000000004,447.6,632.3,188,115.6,0.392,0.374,0.544,0.302,0.3524,113.3,1,3289,566,280,287,1759,1,1732,1,1,0.4576,acetylcholine,0.729,0.721,0.01688,0.6031,0.1456,0.006066,0.07033,0.15750000000000003,377,258,sez_intrinsic
basket,0,SS29227: 0,4,0,0,0,0,0,0,0,0,0,0,0,0,0,0,0,0,NA,0,0,0,0,0,0,0,0,0,0,0,0,0,0,0,0,basket,720575940616287645,720575940616287645,720575940616287645,80155085464060590,1,incomplete,138202,82295,4916,6431321,152952,72600,5134,right,NA,acetylcholine,brain_intrinsic,central,NA,NA,CB2195,NA,NA,LB19__0,NA,NA,NA,sez,LB19,NA,NA,0.7989006,FALSE,"(138202, 82295, 4916)",720575940616287645,flywire,0.7881,69,8754826,640,145,NA,833,87,697,1,33,45,0,0,0,0,0.7725,0.08068,2.508,0.004899000000000001,0.1187,0.2205,277.9,204.1,252.8,113.9,0.322,0.346,0.424,0.33,0.4499,108.6,1,1995,284,140,145,1078,1,920,1,1,0.5937,acetylcholine,0.9530000000000001,0.969,0.01844,0.7974999999999999,0.053750000000000006,0,0.043120000000000006,0.08438,281,87,sez_superior_projection
basket,0,SS29227: 0,4,0,0,0,0,0,0,0,0,0,0,0,0,0,0,0,0,NA,0,0,0,0,0,0,0,0,0,0,0,0,0,0,0,0,basket,720575940627565059,720575940627565059,720575940627565059,81351147956457564,1,NA,156080,78520,4774,6919432,156080,78520,4774,right,NA,acetylcholine,brain_intrinsic,central,NA,NA,CB2415,NA,NA,LB19__0,NA,NA,NA,sez,LB19,NA,NA,0.6638512,FALSE,"(156080, 78520, 4774)",720575940627565059,flywire,0.5806,63,10851216,731,136,NA,1445,443,1111,207,73,366,0,0,0,0,0.7541,0.23120000000000002,2.907,0.2268,0.191,0.401,382.2,912.7,212.4,98.77,0.401,0.316,0.552,0.344,0.34299999999999997,106.3,1,3652,734,361,374,1916,1,1888,1,1,0.3815,acetylcholine,0.659,0.645,0.03566,0.5187,0.1645,0.02276,0.08907999999999999,0.1683,351,443,sez_intrinsic
bluebell,0,"SS31328, SS31341: 0",2,0,0,0,0,0,0,0,0,0,0,0,0,0,0,0,0,NA,0,0,0,0,0,0,0,0,0,0,0,0,0,0,0,0,bluebell,720575940635166571,720575940635166571,720575940635166571,81210685010825340,1,NA,154536,82944,2441,6512286,154536,82944,2441,right,CV,gaba,brain_vnc_transfer,descending,descending_neuron,NA,DNg60,NA,NA,NA,gaba,Sapkal et al. 2024 (FISH),"cell_type==BB


",sez,MD3,NA,descending_right,0.5765406,FALSE,"(154536, 82944, 2441)",720575940635166571,flywire,1.988,823,41408525,2825,167,NA,4449,2685,3263,1183,53,2631,0,0,0,0,1.079,0.6509,4.2219999999999995,0.3792,0.06858,0.8434,772.8,3120,120.8,92.22,0.516,0.268,0.8,0.689,0.4423,95.46,1,8149,2865,1393,1473,4125,1,7134,1,1,0.6848,gaba,0.5630000000000001,0.556,0.4957,0.2529,0.22790000000000002,8.020000000000001e-4,0.008025,0.013090000000000001,1422,NA,sez_descending
bluebell,0,"SS31328, SS31341: 0",2,0,0,0,0,0,0,0,0,0,0,0,0,0,0,0,0,NA,0,0,0,0,0,0,0,0,0,0,0,0,0,0,0,0,bluebell,720575940631168057,720575940631168057,720575940631168057,78747641592848143,1,adequate,118198,81208,3060,2684074,103312,78664,2527,left,CV,gaba,brain_vnc_transfer,descending,descending_neuron,NA,DNg60,NA,NA,NA,gaba,Sapkal et al. 2024 (FISH),"cell_type==BB


",sez,MD3,NA,descending_left,0.5035298,FALSE,"(118198, 81208, 3060)",720575940631168057,flywire,1.861,484,26004162,2849,163,NA,4741,2576,0,4741,0,2576,0,0,0,0,1.204,0.6543,0,1.204,0,0.6543,0,3937,0,0,0,0.33,0,0,NA,NA,1,7769,2528,1230,1299,3937,1,7317,1,1,0.7236,gaba,0.492,0.464,0.4402,0.2001,0.3144,0.01,0.015,0.01884,1727,NA,sez_descending
bobber,0,SS29032: 0,2,0,0,0,0,0,0,0,0,0,0,0,0,0,0,0,0,NA,0,0,0,0,0,0,0,0,0,0,0,0,0,0,0,0,bobber,720575940621628582,720575940623044613,720575940621628582,79451672832915358,1,incomplete,128326,86462,4279,4708968,124464,84280,5185,left,CV,acetylcholine,brain_vnc_transfer,descending,descending_neuron,NA,DNg85,NA,NA,LB23__0,NA,NA,NA,sez,LB23,NA,descending_left,0.8795861,FALSE,"(128326, 86462, 4279)",720575940623044613,flywire,1.001,242,24176553,1528,141,NA,2779,5164,761,1917,907,4229,0,0,0,0,0.6268,1.165,0.9708,0.5513,1.157,1.216,783.9,3477,35.379999999999995,93.74,0.1415,0.14,0.614,0.446,0.011729999999999999,16.63,1,8570,3206,1543,1664,4433,1,7943,1,1,0.3447,acetylcholine,0.919,0.8580000000000001,0.009458999999999999,0.9338000000000001,0.013510000000000001,0.002703,0.01712,0.02342,NA,NA,NA
box,0,SS35283: 0,3,0,0,0,0,0,0,0,0,0,0,0,0,0,0,0,0,NA,0,0,0,0,0,0,0,0,0,0,0,0,0,0,0,0,box,720575940637849822,720575940637849822,720575940637849822,80507135275937530,1,adequate,144121,84770,4152,6917784,159248,82008,3674,right,NA,gaba,brain_intrinsic,central,NA,NA,CB0241,NA,NA,LB7__3,NA,NA,NA,sez,LB7,NA,NA,0.5254553,FALSE,"(144121, 84770, 4152)",720575940637849822,flywire,1.684,337,20009717,3741,174,NA,3343,1014,2029,1241,345,667,0,0,0,0,1.2049999999999998,0.3654,2.6919999999999997,1.013,0.4577,0.5442,753.7,1226,137,79.29,0.41,0.366,0.727,0.52,0.052360000000000004,49.62,1,5395,1568,765,804,2775,1,4357,1,1,1.348,gaba,0.521,0.51,0.48040000000000005,0.1968,0.1953,0.002349,0.0451,0.07906,739,1014,sez_intrinsic
box,0,SS35283: 0,3,0,0,0,0,0,0,0,0,0,0,0,0,0,0,0,0,NA,0,0,0,0,0,0,0,0,0,0,0,0,0,0,0,0,box,720575940633340953,720575940625154487,720575940633340953,78325772925947429,1,adequate,112012,85951,4193,2692955,101512,77552,4078,left,NA,gaba,brain_intrinsic,central,NA,NA,CB0241,NA,NA,LB7__3,NA,NA,NA,sez,LB7,NA,NA,0.4431542,FALSE,"(112012, 85951, 4193)",720575940625154487,flywire,0.9274,240,25879072,3108,184,NA,3395,821,2185,1107,253,564,0,0,0,0,1.282,0.31,3.123,0.8994,0.3616,0.4582,699.6,1231,96.55,98.59,0.465,0.402,0.644,0.546,0.08222000000000002,42.79,1,5000,1334,651,684,2649,1,4216,1,1,1.173,unknown,NA,0.389,0.36269999999999997,0.21980000000000002,0.3073,0.0040739999999999995,0.026850000000000002,0.07732000000000001,NA,NA,NA
bridle,0,"SS50095, SS50120: 0",No path,0,0,0,0,0,0,0,0,0,0,0,0,0,0,0,0,NA,0,0,0,0,0,0,0,0,0,0,0,0,0,0,0,0,bridle,720575940627293201,720575940627293201,720575940627293201,80296303585836566,1,NA,140656,89192,1923,5868620,140656,89192,1923,right,NCC,gaba,brain_efferent,endocrine,NA,SEZ-NSC,Hugin-RG,NA,NA,NA,hugin,"Reinhard et al., 2023 (immuno)","cell_type==SEZ-NSC_Hugin


",midbrain,putative_primary,endocrine,endocrine_right,0.4244534,FALSE,"(140656, 89192, 1923)",720575940627293201,flywire,18.44,6166,33447194,4425,316,hugin,31,283,0,31,0,283,0,0,0,0,0.0279,0.2547,0,0.0279,0,0.2547,0,1111,0,0,0,0.35,0,0,NA,NA,1,2105,718,345,373,1111,1,314,1,1,3.983,acetylcholine,0.516,0.5,0.30619999999999997,0.33249999999999996,0.1312,0.04875,0.1312,0.04625,NA,NA,sez_endocrine
bridle,0,"SS50095, SS50120: 0",No path,0,0,0,0,0,0,0,0,0,0,0,0,0,0,0,0,NA,0,0,0,0,0,0,0,0,0,0,0,0,0,0,0,0,bridle,720575940637851069,720575940637851069,720575940637851069,78888860049812454,1,NA,120248,87864,2150,3823083,120248,87864,2150,left,NCC,serotonin,brain_efferent,endocrine,NA,SEZ-NSC,Hugin-RG,NA,NA,NA,hugin,"Reinhard et al., 2023 (immuno)","cell_type==SEZ-NSC_Hugin


",midbrain,putative_primary,endocrine,endocrine_left,0.2859234,FALSE,"(120248, 87864, 2150)",720575940637851069,flywire,19.19,5970,31105925,2824,284,hugin,6,297,0,6,0,297,0,0,0,0,0.006540000000000001,0.3237,0,0.006540000000000001,0,0.3237,0,917.4,0,0,0,0.39,0,0,NA,NA,1,1681,489,234,256,917.4,1,303,1,1,3.078,acetylcholine,0.98,1,0.33999999999999997,0.38,0.09,0.03,0.14,0.03,NA,NA,sez_endocrine
bridle,0,"SS50095, SS50120: 0",No path,0,0,0,0,0,0,0,0,0,0,0,0,0,0,0,0,NA,0,0,0,0,0,0,0,0,0,0,0,0,0,0,0,0,bridle,720575940643847022,720575940643847022,720575940643847022,80437041074177802,1,NA,142576,89008,1774,5869554,142576,89008,1774,right,NCC,octopamine,brain_efferent,endocrine,NA,SEZ-NSC,Hugin-RG,NA,NA,NA,hugin,"Reinhard et al., 2023 (immuno)","cell_type==SEZ-NSC_Hugin


",midbrain,putative_primary,endocrine,endocrine_right,0.5037917,FALSE,"(142576, 89008, 1774)",720575940643847022,flywire,16.98,8345,49142198,4806,312,hugin,7,165,4,3,10,154,0,0,0,0,0.00732,0.1726,0.01376,0.0061600000000000005,0.034390000000000004,0.3162,290.8,487,24.24,115.2,0.422,0.29,0.694,0.858,0.20550000000000002,55.46,1,1777,620,297,324,956.2,1,172,1,1,5.026,unknown,NA,0.33299999999999996,0.11829999999999999,0.3217,0.05833000000000001,0.3533,0.04333000000000001,0.10170000000000001,NA,NA,sez_endocrine
bridle,0,"SS50095, SS50120: 0",No path,0,0,0,0,0,0,0,0,0,0,0,0,0,0,0,0,NA,0,0,0,0,0,0,0,0,0,0,0,0,0,0,0,0,bridle,720575940638394446,720575940638394446,720575940638394446,78818422586095413,1,NA,118753,87263,2064,NA,118401,86694,1942,left,NCC,acetylcholine,brain_efferent,endocrine,NA,SEZ-NSC,Hugin-RG,NA,NA,NA,hugin,"Reinhard et al., 2023 (immuno)","cell_type==SEZ-NSC_Hugin


",midbrain,putative_primary,endocrine,endocrine_left,0.6097478,FALSE,"(118753, 87263, 2064)",720575940638394446,flywire,NA,NA,NA,4588,303,hugin,2,211,0,2,0,211,0,0,0,0,0.001912,0.20170000000000002,0,0.001912,0,0.20170000000000002,0,1046,0,0,0,0.404,0,0,NA,NA,1,1913,545,261,284,1046,1,213,1,1,4.386,unknown,NA,0.5,0.1,0.49,0.185,0.10500000000000001,0.08,0.034999999999999996,NA,NA,NA
brontosaraus,0,SS40950: 0,3,0,0,0,0,0,0,0,0,0,0,0,0,0,0,0,0,NA,0,0,0,0,0,0,0,0,0,0,0,0,0,0,0,0,brontosaraus,720575940627514627,720575940627514627,720575940627514627,81068847943628425,1,NA,152328,66624,1887,6424053,152328,66624,1887,right,NA,acetylcholine,brain_intrinsic,central,NA,NA,CB1397,NA,NA,ALlv1__2,gaba-negative,"Ito et al., 2013 (immuno, lineage based)",NA,midbrain,ALlv1,NA,NA,0.8309164,FALSE,"(152328, 66624, 1887)",720575940627514627,flywire,1.354,252,18616805,1831,173,NA,831,175,708,63,75,87,0,0,0,0,0.6784999999999999,0.14290000000000003,3.923,0.12940000000000002,0.4156,0.17870000000000003,180.5,486.9,278.8,50.68,0.405,0.374,0.412,0.358,0.189,207.6,1,2324,299,146,153,1225,1,1006,1,1,1.495,acetylcholine,0.631,0.618,0.07353000000000001,0.5385,0.11939999999999999,0.006176,0.02529,0.2338,157,175,NA
brontosaraus,0,SS40950: 0,3,0,0,0,0,0,0,0,0,0,0,0,0,0,0,0,0,NA,0,0,0,0,0,0,0,0,0,0,0,0,0,0,0,0,brontosaraus,720575940609617614,720575940609617614,720575940609617614,80505760551388797,1,adequate,143597,64666,2006,6424774,153632,66568,1886,right,NA,acetylcholine,brain_intrinsic,central,NA,NA,CB2388,NA,"VP2+Z_lvPN,Z_lvPNm1",ALlv1__2,acetylcholine; gaba-negative,"Tanaka et al., 2012 (immuno, tract based); Ito et al., 2013 (immuno, lineage based)",NA,midbrain,ALlv1,NA,NA,0.7693664,FALSE,"(143597, 64666, 2006)",720575940609617614,flywire,1.478,258,17453507,3278,169,NA,1281,394,874,337,92,288,0,0,0,0,0.7141,0.21960000000000002,3.4959999999999996,0.352,0.368,0.3009,250,957.3,284.4,51.21,0.354,0.346,0.442,0.36,0.15950000000000003,211.5,1,3441,564,277,288,1794,1,1675,1,1,1.827,acetylcholine,0.739,0.738,0.019839999999999997,0.6094999999999999,0.05148,0.008197,0.1107,0.19920000000000002,208,394,sez_projection
brontosaraus,0,SS40950: 0,3,0,0,0,0,0,0,0,0,0,0,0,0,0,0,0,0,NA,0,0,0,0,0,0,0,0,0,0,0,0,0,0,0,0,brontosaraus,720575940628362058,720575940621624491,720575940621624491,81209516712454542,1,NA,153648,66024,1848,6424809,153648,66024,1848,right,NA,acetylcholine,brain_intrinsic,central,NA,NA,CB1397,NA,NA,ALlv1__2,gaba-negative,"Ito et al., 2013 (immuno, lineage based)",NA,midbrain,ALlv1,NA,NA,0.8642959,FALSE,"(153648, 66024, 1848)",720575940621624491,flywire,0.7161,109,15222319,1501,170,NA,NA,NA,NA,NA,NA,NA,NA,NA,NA,NA,NA,NA,NA,NA,NA,NA,NA,NA,NA,NA,NA,NA,NA,NA,NA,NA,NA,NA,NA,NA,NA,NA,NA,NA,NA,NA,NA,NA,0.8642959000000001,NA,NA,NA,NA,NA,NA,NA,100,119,NA
brontosaraus,0,SS40950: 0,3,0,0,0,0,0,0,0,0,0,0,0,0,0,0,0,0,NA,0,0,0,0,0,0,0,0,0,0,0,0,0,0,0,0,brontosaraus,720575940638642547,720575940638642547,720575940638642547,77831748339469165,1,NA,104544,64664,2287,2535052,104544,64664,2287,left,NA,acetylcholine,brain_intrinsic,central,NA,NA,CB1397,NA,NA,ALlv1__2,gaba-negative,"Ito et al., 2013 (immuno, lineage based)",NA,midbrain,ALlv1,NA,NA,0.6695381,FALSE,"(104544, 64664, 2287)",720575940638642547,flywire,1.401,291,20764190,2310,163,NA,926,293,573,267,74,214,0,0,0,0,0.594,0.1879,2.8819999999999997,0.3329,0.3723,0.26680000000000004,198.8,802.1,290.2,50.64,0.356,0.338,0.45,0.36,0.1253,212.4,1,3007,509,251,259,1559,1,1219,1,1,1.482,acetylcholine,0.773,0.774,0.06528,0.6347,0.07566000000000002,0.007547,0.04094,0.17490000000000003,167,293,sez_projection
brontosaraus,0,SS40950: 0,3,0,0,0,0,0,0,0,0,0,0,0,0,0,0,0,0,NA,0,0,0,0,0,0,0,0,0,0,0,0,0,0,0,0,brontosaraus,720575940609030776,720575940609030776,720575940609030776,80505829270902593,1,complete,143460,65482,2014,6888029,156536,69328,1613,right,NA,acetylcholine,brain_intrinsic,central,NA,NA,CB2388,NA,"VP2+Z_lvPN,Z_lvPNm1",ALlv1__2,acetylcholine; gaba-negative,"Tanaka et al., 2012 (immuno, tract based); Ito et al., 2013 (immuno, lineage based)",NA,midbrain,ALlv1,NA,NA,0.7622252,FALSE,"(143460, 65482, 2014)",720575940609030776,flywire,2.181,367,16823372,4341,186,NA,1497,591,913,566,83,506,0,0,0,0,0.7653,0.3021,3.4059999999999997,0.5048,0.3096,0.45130000000000003,268.1,1121,239.5,75.6,0.4,0.344,0.454,0.389,0.16870000000000002,204.2,1,3732,667,328,339,1956,1,2088,1,1,2.219,acetylcholine,0.701,0.691,0.0258,0.6032,0.12070000000000002,0.0075309999999999995,0.08704,0.15520000000000003,161,591,sez_projection
brontosaraus,0,SS40950: 0,3,0,0,0,0,0,0,0,0,0,0,0,0,0,0,0,0,NA,0,0,0,0,0,0,0,0,0,0,0,0,0,0,0,0,brontosaraus,720575940632852124,720575940632852124,720575940632852124,78605873245052401,1,needs_extending,115937,65294,2396,3102039,107072,64008,2295,left,NA,acetylcholine,brain_intrinsic,central,NA,NA,CB1397,NA,NA,ALlv1__2,gaba-negative,"Ito et al., 2013 (immuno, lineage based)",NA,midbrain,ALlv1,NA,NA,0.8642044,FALSE,"(115937, 65294, 2396)",720575940632852124,flywire,0.7939,140,17635426,1658,165,NA,583,158,483,32,69,85,0,0,0,0,0.5026,0.13620000000000002,2.3189999999999995,0.06573000000000001,0.3313,0.1746,208.3,486.8,294.4,52.51,0.344,0.344,0.406,0.362,0.2336,218,1,2204,211,105,107,1160,1,741,1,1,1.429,acetylcholine,0.8130000000000001,0.8160000000000001,0.0329,0.7116,0.03553,0.0129,0.042370000000000005,0.1618,65,158,NA
brontosaraus,0,SS40950: 0,3,0,0,0,0,0,0,0,0,0,0,0,0,0,0,0,0,NA,0,0,0,0,0,0,0,0,0,0,0,0,0,0,0,0,brontosaraus,720575940636734382,720575940636734382,720575940636734382,81139285407189346,1,NA,153336,67232,1818,6424736,153336,67232,1818,right,NA,acetylcholine,brain_intrinsic,central,NA,NA,CB1397,NA,NA,ALlv1__2,gaba-negative,"Ito et al., 2013 (immuno, lineage based)",NA,midbrain,ALlv1,NA,NA,0.8146120,FALSE,"(153336, 67232, 1818)",720575940636734382,flywire,1.429,268,18748942,2741,168,NA,906,241,676,108,73,155,0,0,0,0,0.6052,0.161,3.8619999999999997,0.1451,0.4171,0.20820000000000002,175,744.4,280.7,55.42,0.356,0.35,0.428,0.368,0.227,203.5,1,2847,489,240,249,1497,1,1147,1,1,1.831,acetylcholine,0.6819999999999999,0.6739999999999999,0.03609,0.5704,0.03609,0.004783000000000001,0.08,0.2722,158,241,sez_projection
brontosaraus,0,SS40950: 0,3,0,0,0,0,0,0,0,0,0,0,0,0,0,0,0,0,NA,0,0,0,0,0,0,0,0,0,0,0,0,0,0,0,0,brontosaraus,720575940636592270,720575940636592270,720575940636592270,78676448147575223,1,needs_extending,117620,68319,2333,2532888,103680,65680,2091,left,NA,acetylcholine,brain_intrinsic,central,NA,NA,CB1397,NA,NA,ALlv1__2,gaba-negative,"Ito et al., 2013 (immuno, lineage based)",NA,midbrain,ALlv1,NA,NA,0.8139665,FALSE,"(117620, 68319, 2333)",720575940636592270,flywire,1.041,153,14695279,2247,167,NA,741,181,595,47,49,118,0,0,0,0,0.5597000000000001,0.13670000000000002,3.189,0.08073000000000001,0.2626,0.20270000000000002,186.6,582.2,288,54.89,0.378,0.338,0.444,0.384,0.33999999999999997,208,1,2519,311,154,158,1324,1,922,1,1,1.697,acetylcholine,0.7979999999999999,0.8,0.0465,0.6575,0.1115,0.0285,0.02025,0.1332,141,181,NA
brontosaraus,0,SS40950: 0,3,0,0,0,0,0,0,0,0,0,0,0,0,0,0,0,0,NA,0,0,0,0,0,0,0,0,0,0,0,0,0,0,0,0,brontosaraus,720575940626390018,720575940626390018,720575940626390018,78605804525544515,1,complete,116012,65149,2378,2559078,100056,69000,1795,left,NA,acetylcholine,brain_intrinsic,central,NA,NA,CB2388,NA,"VP2+Z_lvPN,Z_lvPNm1",ALlv1__2,acetylcholine; gaba-negative,"Tanaka et al., 2012 (immuno, tract based); Ito et al., 2013 (immuno, lineage based)",NA,midbrain,ALlv1,NA,NA,0.8374235,FALSE,"(116012, 65149, 2378)",720575940626390018,flywire,3.793,921,24280976,7051,221,NA,2847,460,1490,1293,47,413,0,0,0,0,1.374,0.222,4.413,1.147,0.13920000000000002,0.3664,337.6,1127,247.8,80.44,0.364,0.347,0.502,0.402,0.1282,198.6,1,3969,686,332,354,2072,1,3307,1,1,3.403,acetylcholine,0.8420000000000001,0.8500000000000001,0.023719999999999998,0.7656000000000001,0.051590000000000004,0.006637,0.08195,0.06982,301,460,sez_projection
brontosaraus,0,SS40950: 0,3,0,0,0,0,0,0,0,0,0,0,0,0,0,0,0,0,NA,0,0,0,0,0,0,0,0,0,0,0,0,0,0,0,0,brontosaraus,720575940627947772,720575940627947772,720575940627947772,78676310708655858,1,needs_extending,116786,66553,2353,2561573,101432,66400,1917,left,NA,acetylcholine,brain_intrinsic,central,NA,NA,CB2388,NA,"VP2+Z_lvPN,Z_lvPNm1",ALlv1__2,acetylcholine; gaba-negative,"Tanaka et al., 2012 (immuno, tract based); Ito et al., 2013 (immuno, lineage based)",NA,midbrain,ALlv1,NA,NA,0.7384051,FALSE,"(116786, 66553, 2353)",720575940627947772,flywire,1.495,269,17988055,3386,170,NA,1084,429,671,288,88,336,0,0,0,0,0.5946,0.2353,2.778,0.3046,0.3644,0.3554,241.5,945.5,286.9,72.53,0.368,0.344,0.472,0.38,0.1753,207.5,1,3505,635,310,326,1823,1,1513,1,1,1.857,acetylcholine,0.701,0.694,0.037419999999999995,0.5801999999999999,0.1044,0.009839,0.07387,0.1935,153,429,sez_projection
brontosaraus,0,SS40950: 0,3,0,0,0,0,0,0,0,0,0,0,0,0,0,0,0,0,NA,0,0,0,0,0,0,0,0,0,0,0,0,0,0,0,0,brontosaraus,720575940619559838,720575940619559838,720575940619559838,80505760551382650,1,adequate,143458,64679,1996,6874332,161080,66360,1042,right,NA,acetylcholine,brain_intrinsic,central,NA,NA,CB2388,NA,"VP2+Z_lvPN,Z_lvPNm1",ALlv1__2,acetylcholine; gaba-negative,"Tanaka et al., 2012 (immuno, tract based); Ito et al., 2013 (immuno, lineage based)",NA,midbrain,ALlv1,NA,NA,0.8051126,FALSE,"(143458, 64679, 1996)",720575940619559838,flywire,2.961,519,17529245,5100,193,NA,1966,525,1139,813,57,462,0,0,0,0,0.9714999999999999,0.2594,3.722,0.7358,0.1863,0.4181,306,1105,239.5,106,0.364,0.334,0.464,0.372,0.1623,195.1,1,3899,743,364,379,2024,1,2491,1,1,2.52,acetylcholine,0.771,0.771,0.025300000000000003,0.6443,0.08349000000000001,0.0028919999999999996,0.13940000000000002,0.10410000000000001,171,525,sez_projection
brontosaraus,0,SS40950: 0,3,0,0,0,0,0,0,0,0,0,0,0,0,0,0,0,0,NA,0,0,0,0,0,0,0,0,0,0,0,0,0,0,0,0,brontosaraus,720575940621089741,720575940621089741,720575940621089741,78676173269659357,1,adequate,117661,64648,2328,2559981,100824,67928,1740,left,NA,acetylcholine,brain_intrinsic,central,NA,NA,CB2388,698565676,"VP2+Z_lvPN,Z_lvPNm1",ALlv1__2,acetylcholine; gaba-negative,"Tanaka et al., 2012 (immuno, tract based); Ito et al., 2013 (immuno, lineage based)",NA,midbrain,ALlv1,NA,NA,0.7654094,FALSE,"(117661, 64648, 2328)",720575940621089741,flywire,1.289,295,22882738,4914,198,NA,1744,694,945,789,72,622,0,0,0,0,0.7439,0.29600000000000004,3.086,0.5665,0.2351,0.4466,306.2,1393,241.3,86.13,0.368,0.324,0.472,0.382,0.15470000000000003,204.2,1,4588,949,465,485,2344,1,2438,1,1,2.096,acetylcholine,0.765,0.763,0.029029999999999997,0.6516000000000001,0.09624,0.008280000000000001,0.11420000000000001,0.09817000000000001,153,694,sez_projection
broom,0,SS39923: 0,2,0,0,0,0,0,0,0,0,0,0,0,0,0,0,0,0,NA,0,0,0,0,0,0,0,0,0,0,0,0,0,0,0,0,broom,720575940624710653,720575940624710653,720575940624710653,81562391427094210,1,NA,158776,81216,3583,6917693,158776,81216,3583,right,NA,gaba,brain_intrinsic,central,NA,NA,CB0543,NA,NA,NA,NA,NA,NA,midbrain,putative_primary,NA,NA,0.8716764,FALSE,"(158776, 81216, 3583)",720575940624710653,flywire,2.225,855,38430103,6215,165,NA,11084,3612,10470,591,1069,2452,0,0,0,0,1.556,0.5069,4.477,0.1819,0.4571,0.7546,2339,3249,108.1,104,0.397,0.312,1.011,0.538,0.3724,44.62,1,13658,3654,1785,1870,7125,1,14696,1,1,0.8723,gaba,0.715,0.729,0.6824999999999999,0.1642,0.12340000000000001,0.0068390000000000005,0.00929,0.01213,3133,3612,sez_peripheral
broom,0,SS39923: 0,2,0,0,0,0,0,0,0,0,0,0,0,0,0,0,0,0,NA,0,0,0,0,0,0,0,0,0,0,0,0,0,0,0,0,broom,720575940612033253,720575940612033253,720575940612033253,77762204430407715,1,NA,104296,77432,3862,2695224,104296,77432,3862,left,NA,gaba,brain_intrinsic,central,NA,NA,CB0543,NA,NA,NA,NA,NA,NA,midbrain,putative_primary,NA,NA,0.8780254,FALSE,"(104296, 77432, 3862)",720575940612033253,flywire,1.588,567,35698448,6084,168,NA,10438,2879,9379,963,381,2406,0,0,0,0,1.6960000000000002,0.46780000000000005,8.042,0.2675,0.3267,0.6682999999999999,1166,3600,101.6,105.7,0.643,0.33,0.998,0.548,0.46590000000000004,64.37,1,11808,3001,1469,1532,6155,1,13317,1,1,0.9885,gaba,0.701,0.712,0.6486000000000001,0.1835,0.1332,0.002808,0.007808000000000001,0.022809999999999997,2835,2879,sez_peripheral
buddy,0,"SS47281, SS47283: 0",1,0,0,0,0,0,0,0,0,0,0,0,0,0,0,0,0,NA,0,0,0,0,0,0,0,0,0,0,0,0,0,0,0,0,buddy,720575940626961241,720575940626961241,720575940626961241,81773703817889968,1,NA,162488,83608,3438,6963800,162488,83608,3438,right,NA,gaba,brain_intrinsic,central,NA,NA,CB0806,NA,NA,NA,NA,NA,NA,midbrain,putative_primary,NA,NA,0.7224193,FALSE,"(162488, 83608, 3438)",720575940626961241,flywire,4.522,1282,28348392,3764,240,NA,4473,1388,1865,2476,357,950,0,0,0,0,1.3,0.40330000000000005,2.8729999999999998,1.377,0.54990000000000006,0.5284,649.2,1798,16.49,85.37,0.421,0.376,0.966,0.676,0.017470000000000003,46.18,1,6675,2269,1098,1172,3441,1,5861,1,1,1.094,gaba,0.6609999999999999,0.6639999999999999,0.6303,0.1846,0.1601,0.001273,0.009545,0.01254,2172,1388,sez_intrinsic
buddy,0,"SS47281, SS47283: 0",1,0,0,0,0,0,0,0,0,0,0,0,0,0,0,0,0,NA,0,0,0,0,0,0,0,0,0,0,0,0,0,0,0,0,buddy,720575940618028125,720575940618028125,720575940618028125,81632760237962920,1,NA,159736,81128,3778,6917894,159736,81128,3778,right,NA,gaba,brain_intrinsic,central,NA,NA,CB0806,NA,NA,NA,NA,NA,NA,midbrain,putative_primary,NA,NA,0.7069282,FALSE,"(159736, 81128, 3778)",720575940618028125,flywire,3.142,890,28322479,4255,243,NA,4283,1377,869,3057,176,1061,0,0,0,0,1.238,0.3981,2.473,1.621,0.5009,0.5627000000000001,351.4,1886,69.4,74.43,0.438,0.38,0.87,0.472,0.006803000000000001,57.83,1,6613,2185,1060,1126,3459,1,5660,1,1,1.23,gaba,0.721,0.727,0.6197,0.1683,0.19790000000000002,0.004132,0.001818,0.00719,2017,1377,sez_intrinsic
buddy,0,"SS47281, SS47283: 0",1,0,0,0,0,0,0,0,0,0,0,0,0,0,0,0,0,NA,0,0,0,0,0,0,0,0,0,0,0,0,0,0,0,0,buddy,720575940647010356,720575940647010356,720575940647010356,77339991965251092,1,NA,98216,77128,3813,2140540,98216,77128,3813,left,NA,gaba,brain_intrinsic,central,NA,NA,CB0806,NA,NA,NA,NA,NA,NA,midbrain,putative_primary,NA,NA,0.7413589,FALSE,"(98216, 77128, 3813)",720575940647010356,flywire,1.827,507,27748955,3843,246,NA,4657,1551,1563,1800,254,833,0,0,0,0,1.2349999999999999,0.4112,2.3189999999999995,1.163,0.3769,0.5384,674,1547,102.8,81.91,0.432,0.35,0.91,0.45,0.03864,56.56,1,7292,2307,1109,1199,3772,1,6208,1,1,1.019,gaba,0.69,0.711,0.6321,0.23550000000000001,0.09504,0.005455,0.01215,0.018600000000000002,NA,1551,sez_intrinsic
coy,0,"SS51996, SS51997: 0",2,0,0,0,0,0,0,0,0,0,0,0,0,0,0,0,0,NA,0,0,0,0,0,0,0,0,0,0,0,0,0,0,0,0,coy,720575940618156689,720575940618156689,720575940618156689,79733491339801633,1,NA,132848,91704,3684,5435119,132848,91704,3684,center,NA,gaba,brain_intrinsic,central,NA,NA,CB3884,NA,NA,NA,NA,NA,NA,sez,MX0__prim,NA,NA,0.6923938,FALSE,"(132848, 91704, 3684)",720575940618156689,flywire,3.832,963,25132378,10525,245,NA,5174,959,2716,1910,294,606,0,0,0,0,1.536,0.2846,3.255,1.348,0.3523,0.42780000000000007,834.5,1417,96.2,75.65,0.396,0.36,0.55,0.528,0.04222,38.86,1,6550,1965,955,1011,3369,1,6133,1,1,3.124,gaba,0.709,0.725,0.6281,0.1879,0.1129,0.001833,0.034999999999999996,0.03308,1635,959,sez_intrinsic
crab,0,"SS45693, SS45694, SS45700: 0",2,0,0,0,0,0,0,0,0,0,0,0,0,0,0,0,0,NA,0,0,0,0,0,0,0,0,0,0,0,0,0,0,0,0,crab,720575940626140164,720575940626140164,720575940626140164,81280160267686428,1,adequate,154804,69676,1520,6853210,161920,64680,724,right,NA,acetylcholine,brain_intrinsic,central,NA,NA,VES025,2006222555,VES025,NA,NA,NA,NA,midbrain,ALl1_ventral,NA,NA,0.9386159,FALSE,"(154804, 69676, 1520)",720575940626140164,flywire,3.8,1163,30601903,12607,214,NA,14243,2229,12164,2078,445,1771,0,0,0,0,3.05,0.47740000000000005,9.403,0.8847,0.344,0.754,1294,2349,145.9,110.8,0.472,0.298,0.772,0.502,0.29560000000000003,115.4,1,9095,2628,1272,1356,4669,1,16472,1,1,2.7,acetylcholine,0.9480000000000001,0.965,0.014240000000000001,0.9023,0.01533,0.011919999999999998,0.01598,0.03838,3222,2229,NA
crab,0,"SS45693, SS45694, SS45700: 0",2,0,0,0,0,0,0,0,0,0,0,0,0,0,0,0,0,NA,0,0,0,0,0,0,0,0,0,0,0,0,0,0,0,0,crab,720575940635206251,720575940635206251,720575940635206251,78816910758238854,1,adequate,118870,64883,2488,2529417,100512,57856,1281,left,NA,acetylcholine,brain_intrinsic,central,NA,NA,VES025,2006222555,VES025,NA,NA,NA,NA,midbrain,ALl1_ventral,NA,NA,0.9372464,FALSE,"(118870, 64883, 2488)",720575940635206251,flywire,2.655,860,32393174,11245,223,NA,13759,2450,11745,2003,418,2027,0,0,0,0,2.8449999999999998,0.5066,9.406,0.7963999999999999,0.3348,0.806,1249,2515,127.2,115.9,0.488,0.29,0.774,0.524,0.32880000000000004,117,1,9446,2748,1328,1421,4836,1,16209,1,1,2.325,acetylcholine,0.892,0.904,0.02402,0.8488000000000001,0.02819,0.0059039999999999995,0.026910000000000003,0.0649,3162,2450,NA
cradle,0,SS48137: 0,2,0,0,0,0,0,0,0,0,0,0,0,0,0,0,0,0,NA,0,0,0,0,0,0,0,0,0,0,0,0,0,0,0,0,cradle,720575940620979638,720575940620979638,720575940620979638,81070360040176325,1,NA,152112,88824,3688,6513280,152112,88824,3688,right,NA,gaba,brain_intrinsic,central,NA,NA,CB0842,NA,NA,NA,NA,NA,NA,midbrain,putative_primary,NA,NA,0.4672993,FALSE,"(152112, 88824, 3688)",720575940620979638,flywire,0.7801,143,18331555,1563,145,NA,3639,1949,454,1443,229,1006,0,0,0,0,1.488,0.7969999999999999,1.7369999999999999,1.4849999999999999,0.8763000000000001,1.035,261.3,971.9,64.71000000000001,154.1,0.352,0.368,0.762,0.442,0.003079,27.3,1,4623,1625,780,845,2446,1,5588,1,1,0.639,unknown,NA,0.351,0.34719999999999995,0.2587,0.3379,0.005319,0.018400000000000003,0.03043,1461,1949,sez_intrinsic
cradle,0,SS48137: 0,2,0,0,0,0,0,0,0,0,0,0,0,0,0,0,0,0,NA,0,0,0,0,0,0,0,0,0,0,0,0,0,0,0,0,cradle,720575940625716357,720575940625716357,720575940625716357,79592753918737910,1,NA,130064,91336,4349,4792816,130064,91336,4349,left,NA,gaba,brain_intrinsic,central,NA,NA,CB0842,NA,NA,NA,NA,NA,NA,midbrain,putative_primary,NA,NA,0.4291974,FALSE,"(130064, 91336, 4349)",720575940625716357,flywire,0.6342,117,18449239,1441,152,NA,2513,1095,1133,1321,12,1071,0,0,0,0,1.111,0.48410000000000003,5.193999999999999,0.9669,0.05501,0.7838999999999999,218.1,1366,70.02,88.42,0.794,0.362,0.637,0.476,0.21450000000000002,33.76,1,4387,1704,810,895,2262,1,3608,1,1,0.637,unknown,NA,0.33299999999999996,0.3285,0.23320000000000002,0.3279,0.0071790000000000005,0.027950000000000003,0.07359000000000002,801,1095,sez_intrinsic
damsel,0,SS38113: 0,3,0,0,0,0,0,0,0,0,0,0,0,0,0,0,0,0,NA,0,0,0,0,0,0,0,0,0,0,0,0,0,0,0,0,damsel,720575940623457535,720575940623457535,720575940623457535,80857948338881734,1,outlier_seg,148568,70040,5176,6431700,148568,70040,5176,right,CV,serotonin,brain_efferent,motor,neck_motor_neuron,neck_motor_neuron,CB0831,NA,NA,NA,NA,NA,cell_type==CvN7,midbrain,putative_primary,neck_motor_neuron,neck_motor_neuron_right,0.3536447,FALSE,"(148568, 70040, 5176)",720575940623457535,flywire,4.485,3205,71466130,4834,209,NA,42,748,0,42,0,748,0,0,0,0,0.01489,0.2651,0,0.01489,0,0.2651,0,2822,0,0,0,0.356,0,0,NA,NA,1,4682,2544,1171,1374,2822,1,790,1,1,1.713,unknown,NA,0.353,0.12350000000000001,0.29650000000000004,0.27290000000000003,0.02118,0.24880000000000002,0.034710000000000005,NA,NA,sez_motor
damsel,0,SS38113: 0,3,0,0,0,0,0,0,0,0,0,0,0,0,0,0,0,0,NA,0,0,0,0,0,0,0,0,0,0,0,0,0,0,0,0,damsel,720575940621583286,720575940621674432,720575940632898105,78887142465811384,1,outlier_seg,120088,62880,5350,3728513,120088,62880,5350,left,CV,acetylcholine,brain_efferent,motor,neck_motor_neuron,neck_motor_neuron,CB0916,NA,NA,NA,NA,NA,cell_type==CvN6,midbrain,putative_primary,neck_motor_neuron,neck_motor_neuron_left,0.5150123,FALSE,"(120088, 62880, 5350)",720575940621674432,flywire,2.067,2305,111502236,5878,176,NA,NA,NA,NA,NA,NA,NA,NA,NA,NA,NA,NA,NA,NA,NA,NA,NA,NA,NA,NA,NA,NA,NA,NA,NA,NA,NA,NA,NA,NA,NA,NA,NA,NA,NA,NA,NA,NA,NA,0.5150122999999999,NA,NA,NA,NA,NA,NA,NA,NA,NA,NA
doublescoop,0,SS47081:0,3,0,0,0,0,0,0,0,0,0,0,0,0,0,0,0,0,NA,0,0,0,0,0,0,0,0,0,0,0,0,0,0,0,0,doublescoop,720575940623366538,720575940613747734,720575940613747734,81421859962731386,1,NA,157256,83720,2392,6956688,157256,83720,2392,right,NA,acetylcholine,brain_intrinsic,central,NA,NA,CB0576,NA,NA,NA,NA,NA,NA,midbrain,putative_primary,NA,NA,0.9154631,FALSE,"(157256, 83720, 2392)",720575940613747734,flywire,1.01,355,35138830,5179,159,NA,NA,NA,NA,NA,NA,NA,NA,NA,NA,NA,NA,NA,NA,NA,NA,NA,NA,NA,NA,NA,NA,NA,NA,NA,NA,NA,NA,NA,NA,NA,NA,NA,NA,NA,NA,NA,NA,NA,0.9154630999999999,NA,NA,NA,NA,NA,NA,NA,704,1150,sez_intrinsic
doublescoop,0,SS47081:0,3,0,0,0,0,0,0,0,0,0,0,0,0,0,0,0,0,NA,0,0,0,0,0,0,0,0,0,0,0,0,0,0,0,0,doublescoop,720575940620506996,720575940620506996,720575940620506996,77903216863517134,1,NA,105744,81016,4187,2700254,105744,81016,4187,left,NA,acetylcholine,brain_intrinsic,central,NA,NA,CB0576,NA,NA,NA,NA,NA,NA,midbrain,putative_primary,NA,NA,0.8461576,FALSE,"(105744, 81016, 4187)",720575940620506996,flywire,0.9525,423,44409923,14155,195,NA,4995,1510,569,2755,91,1177,0,0,0,0,1.62,0.48980000000000007,4.4830000000000005,1.9,0.717,0.8119000000000001,126.9,1450,140.1,258.6,0.439,0.362,0.927,0.652,0.015319999999999999,34.1,1,5695,1961,943,1019,3083,1,6505,1,1,4.591,acetylcholine,0.8770000000000001,0.888,0.01414,0.7877,0.021300000000000003,0.002308,0.06734,0.1053,1600,1510,sez_intrinsic
earmuff,0,SS31063: 0,3,0,0,0,0,0,0,0,0,0,0,0,0,0,0,0,0,NA,0,0,0,0,0,0,0,0,0,0,0,0,0,0,0,0,earmuff,720575940629013199,720575940626181671,720575940629013199,80435872977450148,1,adequate,142613,71308,2758,NA,160168,78915,1633,right,NA,gaba,brain_intrinsic,central,NA,NA,CB0550,NA,NA,VESa1__1,NA,NA,NA,midbrain,VESa1,NA,NA,0.7919274,FALSE,"(142613, 71308, 2758)",720575940626181671,flywire,NA,NA,NA,8388,163,NA,7550,1959,6712,817,500,1432,0,0,0,0,1.872,0.4857,6.6659999999999995,0.40850000000000003,0.4966,0.716,1007,2000,302,100.7,0.426,0.314,0.918,0.572,0.3129,163.3,1,8017,2370,1153,1218,4034,1,9509,1,1,2.079,gaba,0.6,0.587,0.5478000000000001,0.1438,0.24220000000000003,0.007832,0.01769,0.03951,NA,NA,NA
earmuff,0,SS31063: 0,3,0,0,0,0,0,0,0,0,0,0,0,0,0,0,0,0,NA,0,0,0,0,0,0,0,0,0,0,0,0,0,0,0,0,earmuff,720575940631448874,720575940634751202,720575940629861163,77196918014495888,1,complete,95982,42163,3683,2664064,104064,74856,1706,left,NA,gaba,brain_intrinsic,central,NA,NA,CB0550,NA,NA,VESa1__1,NA,NA,NA,midbrain,VESa1,NA,NA,0.7985180,FALSE,"(95982, 42163, 3683)",720575940634751202,flywire,0.6239,215,34461080,7269,165,NA,NA,NA,NA,NA,NA,NA,NA,NA,NA,NA,NA,NA,NA,NA,NA,NA,NA,NA,NA,NA,NA,NA,NA,NA,NA,NA,NA,NA,NA,NA,NA,NA,NA,NA,NA,NA,NA,NA,0.7985179999999998,NA,NA,NA,NA,NA,NA,NA,NA,NA,NA
earmuff,0,SS31063: 0,3,0,0,0,0,0,0,0,0,0,0,0,0,0,0,0,0,NA,0,0,0,0,0,0,0,0,0,0,0,0,0,0,0,0,earmuff,720575940611411057,720575940611411057,720575940611411057,80717554045491359,1,adequate,147331,75040,2269,6910804,159448,79368,1723,right,NA,gaba,brain_intrinsic,central,NA,NA,CB0653,NA,hb608166388,NA,NA,NA,NA,midbrain,VESa1,NA,NA,0.7956155,FALSE,"(147331, 75040, 2269)",720575940611411057,flywire,1.962,767,39099774,8203,229,NA,4037,1101,3946,90,423,676,0,0,0,0,1.368,0.3731,4.012,0.07722000000000002,0.43000000000000005,0.58,983.6,1165,241.6,83.29,0.34,0.318,0.762,0.574,0.3749,180.1,1,5699,1204,590,615,2951,1,5138,1,1,2.78,gaba,0.642,0.646,0.6194999999999999,0.17520000000000002,0.14950000000000002,0.00519,0.01987,0.02937,581,1101,NA
earmuff,0,SS31063: 0,3,0,0,0,0,0,0,0,0,0,0,0,0,0,0,0,0,NA,0,0,0,0,0,0,0,0,0,0,0,0,0,0,0,0,earmuff,720575940635642725,720575940635642725,720575940635642725,77196918014487515,1,adequate,95753,42227,3669,2116275,97768,70664,2023,left,NA,gaba,brain_intrinsic,central,NA,NA,CB0653,424379864,hb608166388,NA,NA,NA,NA,midbrain,VESa1,NA,NA,0.7138516,FALSE,"(95753, 42227, 3669)",720575940635642725,flywire,1.786,592,33141657,8147,220,NA,3860,938,3739,116,407,508,0,0,0,0,1.272,0.3092,3.384,0.1044,0.3683,0.45730000000000004,1105,1111,252.1,100.5,0.342,0.344,0.813,0.56,0.30069999999999997,181.2,1,5935,1265,624,642,3034,1,4798,1,1,2.685,gaba,0.6859999999999999,0.69,0.6083,0.1092,0.1895,0.005516999999999999,0.012759999999999999,0.07457000000000001,345,938,NA
eiffel,0,"SS52029, SS52034: 0",3,0,0,0,0,0,0,0,0,0,0,0,0,0,0,0,0,NA,0,0,0,0,0,0,0,0,0,0,0,0,0,0,0,0,eiffel,720575940627327238,720575940627327238,720575940627327238,79803791498775132,1,NA,133504,90256,4769,5343235,133504,90256,4769,right,NA,acetylcholine,brain_intrinsic,central,NA,NA,CB0113,NA,NA,NA,NA,NA,NA,midbrain,putative_primary,NA,NA,0.4257731,FALSE,"(133504, 90256, 4769)",720575940627327238,flywire,11.14,4387,39373511,25338,222,NA,5941,840,5246,610,276,497,0,0,0,0,1.315,0.1859,2.564,0.4192,0.13490000000000002,0.34159999999999996,2046,1455,103.7,61.94,0.456,0.354,0.958,0.868,0.22190000000000001,165.9,1,8670,1849,907,943,4519,1,6781,1,1,5.607,unknown,NA,0.42100000000000004,0.01282,0.35869999999999996,0.09724000000000001,0.002579,0.42280000000000006,0.10470000000000002,1199,840,sez_projection
eiffel,0,"SS52029, SS52034: 0",3,0,0,0,0,0,0,0,0,0,0,0,0,0,0,0,0,NA,0,0,0,0,0,0,0,0,0,0,0,0,0,0,0,0,eiffel,720575940629468026,720575940629468026,720575940629468026,79592685199339316,1,NA,130664,90048,4397,4708267,130664,90048,4397,left,NA,acetylcholine,brain_intrinsic,central,NA,NA,CB0113,NA,NA,NA,NA,NA,NA,midbrain,putative_primary,NA,NA,0.4284083,FALSE,"(130664, 90048, 4397)",720575940629468026,flywire,9.271,3630,39152628,25249,224,NA,5990,874,5149,712,261,514,0,0,0,0,1.1580000000000001,0.16890000000000002,3.074,0.4522,0.15580000000000002,0.3264,1675,1575,351.8,49.13,0.358,0.356,0.886,0.677,0.21430000000000002,187.8,1,9586,2352,1133,1220,5173,1,6864,1,1,4.881,unknown,NA,0.42500000000000004,0.01084,0.3559,0.0835,0.001455,0.42180000000000006,0.1258,1189,874,sez_projection
fluff,0,SS44912: 0,2,0,0,0,0,0,0,0,0,0,0,0,0,0,0,0,0,NA,0,0,0,0,0,0,0,0,0,0,0,0,0,0,0,0,fluff,720575940637360730,720575940637360730,720575940637360730,80085334926335879,1,NA,137488,90792,2608,5431147,137488,90792,2608,right,NA,gaba,brain_intrinsic,central,NA,NA,CB3813,NA,NA,NA,NA,NA,NA,midbrain,putative_primary,NA,NA,0.7391231,FALSE,"(137488, 90792, 2608)",720575940637360730,flywire,4.057,828,20409576,5502,227,NA,3736,2277,1348,1340,813,1096,0,0,0,0,0.8254,0.5031,1.104,0.8550000000000001,0.6657,0.6992999999999999,1221,1567,121.9,69.72,0.318,0.314,0.992,0.444,0.004114,84.35,1,8923,3000,1463,1537,4526,1,6013,1,1,1.216,gaba,0.634,0.64,0.5866,0.21280000000000002,0.14140000000000003,0.001081,0.01225,0.04486,1594,2277,sez_intrinsic
fluff,0,SS44912: 0,2,0,0,0,0,0,0,0,0,0,0,0,0,0,0,0,0,NA,0,0,0,0,0,0,0,0,0,0,0,0,0,0,0,0,fluff,720575940632134227,720575940632134227,720575940632134227,79663122528544776,1,NA,131240,91768,3364,4766393,131240,91768,3364,left,NA,gaba,brain_intrinsic,central,NA,NA,CB3813,NA,NA,NA,NA,NA,NA,midbrain,putative_primary,NA,NA,0.6906546,FALSE,"(131240, 91768, 3364)",720575940632134227,flywire,5.009,881,17588162,5826,230,NA,3833,2048,1882,1482,570,972,0,0,0,0,0.8435,0.4507,1.7269999999999999,0.8802,0.5231,0.5773,1090,1684,111.5,53.59,0.33,0.356,0.998,0.4,0.025160000000000002,85.38,1,8729,2617,1274,1343,4544,1,5881,1,1,1.282,gaba,0.6649999999999999,0.6759999999999999,0.6069,0.191,0.13190000000000002,0.001448,0.01414,0.05297,1495,2048,sez_intrinsic
foxglove,0,"SS40909, SS40926: 0",2,0,0,0,0,0,0,0,0,0,0,0,0,0,0,0,0,NA,0,0,0,0,0,0,0,0,0,0,0,0,0,0,0,0,foxglove,720575940611160930,720575940611160930,720575940611160930,80365779178516701,1,bad_nucleus,141320,75728,3454,5822601,141320,75728,3454,right,NA,gaba,brain_intrinsic,central,NA,NA,CB0890,NA,NA,NA,gaba,Sapkal et al. 2024 (FISH),"cell_type==FG


",midbrain,putative_primary,NA,NA,0.5367823,FALSE,"(152048, 83480, 2188)",720575940611160930,flywire,2.056,1039,50532595,5093,179,NA,8612,4884,8115,369,254,4564,0,0,0,0,1.145,0.6495,5.22,0.08233,0.16340000000000002,1.018,1555,4482,123.1,83.84,0.462,0.292,1.03,0.649,0.7187,74.43,1,14823,4872,2374,2499,7520,1,13496,1,1,0.6773,gaba,0.493,0.459,0.4136,0.2015,0.3256,0.002707,0.02326,0.03193,2570,4884,sez_intrinsic
foxglove,0,"SS40909, SS40926: 0",2,0,0,0,0,0,0,0,0,0,0,0,0,0,0,0,0,NA,0,0,0,0,0,0,0,0,0,0,0,0,0,0,0,0,foxglove,720575940628755815,720575940628755815,720575940628755815,77903079156624029,1,adequate,105848,78976,2517,2685885,105848,78976,2517,left,NA,gaba,brain_intrinsic,central,NA,NA,CB0890,NA,NA,NA,gaba,Sapkal et al. 2024 (FISH),"cell_type==FG


",midbrain,putative_primary,NA,NA,0.5202187,FALSE,"(105848, 78976, 2517)",720575940628755815,flywire,2.659,1052,39556594,5080,179,NA,8182,4618,7693,307,237,4237,0,0,0,0,1.161,0.6553,5.6,0.07427000000000002,0.17250000000000001,1.025,1374,4134,96.01,96.01,0.466,0.292,0.954,0.672,0.7311,75.09,1,13842,4260,2081,2180,7048,1,12800,1,1,0.7208,gaba,0.529,0.512,0.4383000000000001,0.194,0.2701,0.01056,0.04575,0.039939999999999996,2583,4618,sez_intrinsic
gallinule,0,"SS32060, SS34089, SS34096, SS31362: 0",3,0,0,0,0,0,0,0,0,0,0,0,0,0,0,0,0,NA,0,0,0,0,0,0,0,0,0,0,0,0,0,0,0,0,gallinule,720575940629663596,720575940633521828,720575940633521828,79380273095238514,1,adequate,127915,70924,2722,3826280,121672,90368,4516,left,NA,acetylcholine,brain_intrinsic,central,NA,NA,CB1228,NA,NA,LB5__0,NA,NA,NA,sez,LB5,NA,NA,0.7095559,FALSE,"(127915, 70924, 2722)",720575940633521828,flywire,11.8,2279,19311415,4518,286,NA,NA,NA,NA,NA,NA,NA,NA,NA,NA,NA,NA,NA,NA,NA,NA,NA,NA,NA,NA,NA,NA,NA,NA,NA,NA,NA,NA,NA,NA,NA,NA,NA,NA,NA,NA,NA,NA,NA,0.7095558999999999,NA,NA,NA,NA,NA,NA,NA,260,291,sez_projection
gallinule,0,"SS32060, SS34089, SS34096, SS31362: 0",3,0,0,0,0,0,0,0,0,0,0,0,0,0,0,0,0,NA,0,0,0,0,0,0,0,0,0,0,0,0,0,0,0,0,gallinule,720575940630620687,720575940610079957,720575940610079957,79309698125849971,1,incomplete,126801,67857,2441,4707559,127552,88760,4475,left,NA,acetylcholine,brain_intrinsic,central,NA,NA,CB3527,NA,NA,LB5__0,NA,NA,NA,sez,LB5,NA,NA,0.7606159,FALSE,"(126801, 67857, 2441)",720575940610079957,flywire,6.637,1175,17703881,5089,258,NA,NA,NA,NA,NA,NA,NA,NA,NA,NA,NA,NA,NA,NA,NA,NA,NA,NA,NA,NA,NA,NA,NA,NA,NA,NA,NA,NA,NA,NA,NA,NA,NA,NA,NA,NA,NA,NA,NA,0.7606159,NA,NA,NA,NA,NA,NA,NA,206,695,sez_projection
gallinule,0,"SS32060, SS34089, SS34096, SS31362: 0",3,0,0,0,0,0,0,0,0,0,0,0,0,0,0,0,0,NA,0,0,0,0,0,0,0,0,0,0,0,0,0,0,0,0,gallinule,720575940640464373,720575940628504081,720575940628504081,79801523353603345,1,incomplete,134011,56440,1847,5343509,135320,90080,4474,right,NA,serotonin,brain_intrinsic,central,NA,NA,CB1049,NA,NA,LB5__0,NA,NA,NA,sez,LB5,NA,NA,0.4940589,FALSE,"(134011, 56440, 1847)",720575940628504081,flywire,17.94,3492,19466187,8983,305,NA,NA,NA,NA,NA,NA,NA,NA,NA,NA,NA,NA,NA,NA,NA,NA,NA,NA,NA,NA,NA,NA,NA,NA,NA,NA,NA,NA,NA,NA,NA,NA,NA,NA,NA,NA,NA,NA,NA,0.4940589,NA,NA,NA,NA,NA,NA,NA,267,383,sez_intrinsic
gallinule,0,"SS32060, SS34089, SS34096, SS31362: 0",3,0,0,0,0,0,0,0,0,0,0,0,0,0,0,0,0,NA,0,0,0,0,0,0,0,0,0,0,0,0,0,0,0,0,gallinule,720575940645859972,720575940612738197,720575940612738197,80014897664327349,1,NA,136664,89904,4345,5343777,136664,89904,4345,right,NA,acetylcholine,brain_intrinsic,central,NA,NA,CB2291,NA,NA,LB5__0,NA,NA,NA,sez,LB5,NA,NA,0.5086843,FALSE,"(136664, 89904, 4345)",720575940612738197,flywire,14.07,2773,19710121,8986,302,NA,NA,NA,NA,NA,NA,NA,NA,NA,NA,NA,NA,NA,NA,NA,NA,NA,NA,NA,NA,NA,NA,NA,NA,NA,NA,NA,NA,NA,NA,NA,NA,NA,NA,NA,NA,NA,NA,NA,0.5086843,NA,NA,NA,NA,NA,NA,NA,279,474,sez_projection
gallinule,0,"SS32060, SS34089, SS34096, SS31362: 0",3,0,0,0,0,0,0,0,0,0,0,0,0,0,0,0,0,NA,0,0,0,0,0,0,0,0,0,0,0,0,0,0,0,0,gallinule,720575940639485648,720575940634545634,720575940634545634,79310041789874648,1,bad_nucleus,126805,72333,2622,3826023,121032,89152,4689,left,NA,serotonin,brain_intrinsic,central,NA,NA,CB1049,NA,NA,LB5__0,NA,NA,NA,sez,LB5,NA,NA,0.4710474,FALSE,"(126805, 72333, 2622)",720575940634545634,flywire,15.4,3530,22918854,10321,300,NA,NA,NA,NA,NA,NA,NA,NA,NA,NA,NA,NA,NA,NA,NA,NA,NA,NA,NA,NA,NA,NA,NA,NA,NA,NA,NA,NA,NA,NA,NA,NA,NA,NA,NA,NA,NA,NA,NA,0.4710474,NA,NA,NA,NA,NA,NA,NA,290,426,sez_intrinsic
gallinule,0,"SS32060, SS34089, SS34096, SS31362: 0",3,0,0,0,0,0,0,0,0,0,0,0,0,0,0,0,0,NA,0,0,0,0,0,0,0,0,0,0,0,0,0,0,0,0,gallinule,720575940626519704,720575940623853837,720575940623853837,79380410534110493,1,incomplete,127337,72342,2660,4706822,124824,90072,4560,left,NA,acetylcholine,brain_intrinsic,central,NA,NA,CB2291,NA,NA,LB5__0,NA,NA,NA,sez,LB5,NA,NA,0.5481105,FALSE,"(127337, 72342, 2660)",720575940623853837,flywire,11.15,2268,20341981,8017,304,NA,NA,NA,NA,NA,NA,NA,NA,NA,NA,NA,NA,NA,NA,NA,NA,NA,NA,NA,NA,NA,NA,NA,NA,NA,NA,NA,NA,NA,NA,NA,NA,NA,NA,NA,NA,NA,NA,NA,0.5481105,NA,NA,NA,NA,NA,NA,NA,332,538,sez_projection
gallinule,0,"SS32060, SS34089, SS34096, SS31362: 0",3,0,0,0,0,0,0,0,0,0,0,0,0,0,0,0,0,NA,0,0,0,0,0,0,0,0,0,0,0,0,0,0,0,0,gallinule,720575940638597283,720575940633017903,720575940633017903,80226003897004957,1,NA,139392,90504,4454,5344336,139392,90504,4454,right,NA,acetylcholine,brain_intrinsic,central,NA,NA,CB1049,NA,NA,LB5__0,NA,NA,NA,sez,LB5,NA,NA,0.5819704,FALSE,"(139392, 90504, 4454)",720575940633017903,flywire,17.56,3594,20467262,8344,295,NA,NA,NA,NA,NA,NA,NA,NA,NA,NA,NA,NA,NA,NA,NA,NA,NA,NA,NA,NA,NA,NA,NA,NA,NA,NA,NA,NA,NA,NA,NA,NA,NA,NA,NA,NA,NA,NA,NA,0.5819704,NA,NA,NA,NA,NA,NA,NA,227,374,sez_intrinsic
gallinule,0,"SS32060, SS34089, SS34096, SS31362: 0",3,0,0,0,0,0,0,0,0,0,0,0,0,0,0,0,0,NA,0,0,0,0,0,0,0,0,0,0,0,0,0,0,0,0,gallinule,720575940618926757,720575940635954879,720575940635954879,79591654407207006,1,incomplete,130226,75309,4419,4783320,127368,90672,4589,left,NA,acetylcholine,brain_intrinsic,central,NA,NA,CB3485,NA,NA,LB5__0,NA,NA,NA,sez,LB5,NA,NA,0.6492507,FALSE,"(130226, 75309, 4419)",720575940635954879,flywire,5.692,804,14124047,4340,223,NA,NA,NA,NA,NA,NA,NA,NA,NA,NA,NA,NA,NA,NA,NA,NA,NA,NA,NA,NA,NA,NA,NA,NA,NA,NA,NA,NA,NA,NA,NA,NA,NA,NA,NA,NA,NA,NA,NA,0.6492507,NA,NA,NA,NA,NA,NA,NA,191,752,sez_intrinsic
gallinule,0,"SS32060, SS34089, SS34096, SS31362: 0",3,0,0,0,0,0,0,0,0,0,0,0,0,0,0,0,0,NA,0,0,0,0,0,0,0,0,0,0,0,0,0,0,0,0,gallinule,720575940628046635,720575940628530961,720575940628530961,80085266408527214,1,NA,137864,90448,4368,5344117,137864,90448,4368,right,NA,acetylcholine,brain_intrinsic,central,NA,NA,CB1228,NA,NA,LB5__0,NA,NA,NA,sez,LB5,NA,NA,0.6069984,FALSE,"(137864, 90448, 4368)",720575940628530961,flywire,14.61,3310,22651555,5882,281,NA,NA,NA,NA,NA,NA,NA,NA,NA,NA,NA,NA,NA,NA,NA,NA,NA,NA,NA,NA,NA,NA,NA,NA,NA,NA,NA,NA,NA,NA,NA,NA,NA,NA,NA,NA,NA,NA,NA,0.6069984,NA,NA,NA,NA,NA,NA,NA,328,357,NA
gallinule,0,"SS32060, SS34089, SS34096, SS31362: 0",3,0,0,0,0,0,0,0,0,0,0,0,0,0,0,0,0,NA,0,0,0,0,0,0,0,0,0,0,0,0,0,0,0,0,gallinule,720575940623301256,720575940628504849,720575940628504849,79874228895637629,1,NA,135064,90872,4501,5457286,135064,90872,4501,right,NA,acetylcholine,brain_intrinsic,central,NA,NA,CB3527,NA,NA,LB5__0,NA,NA,NA,sez,LB5,NA,NA,0.7629364,FALSE,"(135064, 90872, 4501)",720575940628504849,flywire,5.462,897,16422217,5881,241,NA,NA,NA,NA,NA,NA,NA,NA,NA,NA,NA,NA,NA,NA,NA,NA,NA,NA,NA,NA,NA,NA,NA,NA,NA,NA,NA,NA,NA,NA,NA,NA,NA,NA,NA,NA,NA,NA,NA,0.7629364,NA,NA,NA,NA,NA,NA,NA,222,876,sez_projection
gazebo,0,SS28878: 0,3,0,0,0,0,0,0,0,0,0,0,0,0,0,0,0,0,NA,0,0,0,0,0,0,0,0,0,0,0,0,0,0,0,0,gazebo,720575940641282267,720575940641282267,720575940641282267,80154947890648230,1,adequate,138931,80273,3709,6961962,157552,83648,3366,right,NA,acetylcholine,brain_intrinsic,central,NA,NA,CB0519,NA,NA,NA,NA,NA,NA,midbrain,putative_primary,NA,NA,0.9572031,FALSE,"(138931, 80273, 3709)",720575940641282267,flywire,0.8797,286,32510026,2886,146,NA,21095,2520,20956,18,295,2206,0,0,0,0,2.737,0.3269,7.509,0.005443000000000001,0.10570000000000002,0.6670999999999999,2791,3307,216,104.5,0.498,0.298,0.95,0.566,0.7916,121.4,1,14822,3495,1711,1785,7708,1,23615,1,1,0.3744,acetylcholine,0.9440000000000001,0.961,0.01296,0.9232,0.02003,0.01421,0.005,0.023119999999999998,3516,2520,sez_superior_projection
gazebo,0,SS28878: 0,3,0,0,0,0,0,0,0,0,0,0,0,0,0,0,0,0,NA,0,0,0,0,0,0,0,0,0,0,0,0,0,0,0,0,gazebo,720575940620287623,720575940625132797,720575940625132797,79310385521845312,1,adequate,126767,77708,3928,2699173,104208,75624,4403,left,NA,acetylcholine,brain_intrinsic,central,NA,NA,CB0519,NA,NA,NA,NA,NA,NA,midbrain,putative_primary,NA,NA,0.9558620,FALSE,"(126767, 77708, 3928)",720575940625132797,flywire,0.5353,163,30449502,2634,147,NA,NA,NA,NA,NA,NA,NA,NA,NA,NA,NA,NA,NA,NA,NA,NA,NA,NA,NA,NA,NA,NA,NA,NA,NA,NA,NA,NA,NA,NA,NA,NA,NA,NA,NA,NA,NA,NA,NA,0.955862,NA,NA,NA,NA,NA,NA,NA,3918,2488,NA
genie,0,SS35835: 0,2,0,0,0,0,0,0,0,0,0,0,0,0,0,0,0,0,NA,0,0,0,0,0,0,0,0,0,0,0,0,0,0,0,0,genie,720575940626179614,720575940627509020,720575940626179614,81773703750839545,1,NA,161984,84320,3044,6958255,161984,84320,3044,right,CV,glutamate,brain_vnc_transfer,descending,descending_neuron,NA,DNg72,NA,NA,MX7__prim__0,NA,NA,NA,sez,MX7__prim,NA,descending_right,0.4537425,FALSE,"(161984, 84320, 3044)",720575940627509020,flywire,0.7605,214,28138210,1189,140,NA,3261,635,0,3261,0,635,0,0,0,0,1.488,0.28980000000000006,0,1.488,0,0.28980000000000006,0,2191,0,0,0,0.392,0,0,NA,NA,1,4060,1088,529,559,2191,1,3896,1,1,0.5427,glutamate,0.43700000000000006,0.581,0.17290000000000003,0.309,0.48480000000000006,0.004677,0.0121,0.01452,NA,NA,NA
genie,0,SS35835: 0,2,0,0,0,0,0,0,0,0,0,0,0,0,0,0,0,0,NA,0,0,0,0,0,0,0,0,0,0,0,0,0,0,0,0,genie,720575940636029807,720575940636029807,720575940636029807,81421997535508986,1,NA,157048,86192,3163,6961693,157048,86192,3163,right,CV,glutamate,brain_vnc_transfer,descending,descending_neuron,NA,DNg72,NA,NA,MX7__prim__0,NA,NA,NA,sez,MX7__prim,NA,descending_right,0.4483208,FALSE,"(157048, 86192, 3163)",720575940636029807,flywire,1.207,245,20302055,1042,139,NA,3143,613,0,3143,0,613,0,0,0,0,1.397,0.27240000000000003,0,1.397,0,0.27240000000000003,0,2250,0,0,0,0.39,0,0,NA,NA,1,4190,1062,507,556,2250,1,3756,1,1,0.4631,glutamate,0.391,0.519,0.16590000000000002,0.2982,0.5059,0.0030080000000000003,0.008420999999999998,0.01632,974,NA,sez_descending
genie,0,SS35835: 0,2,0,0,0,0,0,0,0,0,0,0,0,0,0,0,0,0,NA,0,0,0,0,0,0,0,0,0,0,0,0,0,0,0,0,genie,720575940615323298,720575940614402275,720575940615323298,78958816611712059,1,incomplete,121295,82068,3397,2683788,102992,80304,3028,left,CV,glutamate,brain_vnc_transfer,descending,descending_neuron,NA,DNg72,NA,NA,MX7__prim__0,NA,NA,NA,sez,MX7__prim,NA,descending_left,0.4162928,FALSE,"(121295, 82068, 3397)",720575940614402275,flywire,0.5134,119,23180202,1080,139,NA,3606,635,0,3606,0,635,0,0,0,0,1.601,0.28200000000000003,0,1.601,0,0.28200000000000003,0,2252,0,0,0,0.402,0,0,NA,NA,1,4263,1090,527,564,2252,1,4241,1,1,0.4796,glutamate,0.365,0.48400000000000004,0.1812,0.3454,0.4428,0.006484,0.008124999999999999,0.01461,NA,NA,NA
genie,0,SS35835: 0,2,0,0,0,0,0,0,0,0,0,0,0,0,0,0,0,0,NA,0,0,0,0,0,0,0,0,0,0,0,0,0,0,0,0,genie,720575940627366675,720575940627366675,720575940627366675,77832916637750649,1,NA,104376,81544,2968,2684946,104376,81544,2968,left,CV,glutamate,brain_vnc_transfer,descending,descending_neuron,NA,DNg72,NA,NA,MX7__prim__0,NA,NA,NA,sez,MX7__prim,NA,descending_left,0.4677633,FALSE,"(104376, 81544, 2968)",720575940627366675,flywire,0.6724,153,22754118,1201,142,NA,3491,522,0,3491,0,522,0,0,0,0,1.4769999999999999,0.2208,0,1.4769999999999999,0,0.2208,0,2364,0,0,0,0.41,0,0,NA,NA,1,4414,1097,530,568,2364,1,4013,1,1,0.508,unknown,NA,0.48600000000000004,0.1308,0.3798,0.4417,0.005137,0.02808,0.01219,1066,NA,sez_descending
gnome,0,SS37818: 0,2,0,0,0,0,0,0,0,0,0,0,0,0,0,0,0,0,NA,0,0,0,0,0,0,0,0,0,0,0,0,0,0,0,0,gnome,720575940648864633,720575940648864633,720575940648864633,80155291152455194,1,bad_nucleus,138187,85533,1483,6505863,148824,83728,1536,right,NA,glutamate,brain_intrinsic,central,NA,NA,CB0110,NA,NA,TRdm__0,NA,NA,NA,sez,TRdm,NA,NA,0.6820291,FALSE,"(138187, 85533, 1483)",720575940648864633,flywire,7.743,3024,39056304,14970,252,NA,5322,1817,3726,1567,1138,655,0,0,0,0,1.62,0.553,2.271,2.034,0.6934999999999999,0.8504,1641,770.2,152.6,99.74,0.366,0.338,0.697,0.546,0.003659,23.36,1,6314,2127,1019,1109,3285,1,7139,1,1,4.557,glutamate,0.463,0.613,0.09462000000000001,0.07807000000000001,0.5756000000000001,0.009663999999999999,0.08101,0.1613,1889,1817,sez_intrinsic
gnome,0,SS37818: 0,2,0,0,0,0,0,0,0,0,0,0,0,0,0,0,0,0,NA,0,0,0,0,0,0,0,0,0,0,0,0,0,0,0,0,gnome,720575940610232274,720575940610232274,720575940610232274,78888516385645332,1,incomplete,120226,83068,1807,3192387,109960,79584,1851,left,NA,glutamate,brain_intrinsic,central,NA,NA,CB0110,NA,NA,TRdm__0,NA,NA,NA,sez,TRdm,NA,NA,0.6264103,FALSE,"(120226, 83068, 1807)",720575940610232274,flywire,6.541,2893,44226180,14860,253,NA,5452,1619,1219,4194,151,1456,0,0,0,0,1.768,0.5251,4.837,2.083,0.5992,0.7232,252,2013,136,120.5,0.445,0.35,0.743,0.604,0.02041,31.11,1,5913,1982,948,1035,3083,1,7071,1,1,4.82,glutamate,0.47500000000000003,0.63,0.17500000000000002,0.08360000000000001,0.5647000000000001,7e-4,0.0587,0.11570000000000001,1981,1619,sez_intrinsic
good_dog,0,SS47293: 0,3,0,0,0,0,0,0,0,0,0,0,0,0,0,0,0,0,NA,0,0,0,0,0,0,0,0,0,0,0,0,0,0,0,0,good_dog,720575940621326324,720575940617019846,720575940617019846,78746542214974354,1,NA,118288,64880,3723,NA,136142,91512,4881,right,NA,gaba,brain_intrinsic,central,NA,NA,CB0095,NA,NA,NA,NA,NA,NA,midbrain,putative_primary,NA,NA,0.6821296,FALSE,"(118288, 64880, 3723)",720575940617019846,flywire,4.141,994,24005902,5329,167,NA,NA,NA,NA,NA,NA,NA,NA,NA,NA,NA,NA,NA,NA,NA,NA,NA,NA,NA,NA,NA,NA,NA,NA,NA,NA,NA,NA,NA,NA,NA,NA,NA,NA,NA,NA,NA,NA,NA,0.6821296,NA,NA,NA,NA,NA,NA,NA,1720,1139,sez_superior_projection
good_dog,0,SS47293: 0,3,0,0,0,0,0,0,0,0,0,0,0,0,0,0,0,0,NA,0,0,0,0,0,0,0,0,0,0,0,0,0,0,0,0,good_dog,720575940631740497,720575940631740497,720575940631740497,79381510314686869,1,NA,127528,89312,5066,4707539,127528,89312,5066,left,NA,gaba,brain_intrinsic,central,NA,NA,CB0095,NA,NA,NA,NA,NA,NA,midbrain,putative_primary,NA,NA,0.6991984,FALSE,"(127528, 89312, 5066)",720575940631740497,flywire,4.249,968,22782676,5067,170,NA,3842,932,3816,11,137,750,0,0,0,0,1.4289999999999998,0.34659999999999996,5.4510000000000005,0.008689,0.1957,0.5923999999999999,700.1,1266,66.5,65.41,0.588,0.325,0.572,0.532,0.7136,100,1,5214,1401,681,721,2689,1,4774,1,1,1.884,gaba,0.627,0.614,0.5618000000000001,0.13670000000000002,0.23750000000000002,0.0015789999999999999,0.018770000000000002,0.04263000000000001,2163,932,sez_superior_projection
gumdrop,0,SS46373: 0,3,0,0,0,0,0,0,0,0,0,0,0,0,0,0,0,0,NA,0,0,0,0,0,0,0,0,0,0,0,0,0,0,0,0,gumdrop,720575940631110095,720575940631110095,720575940631110095,79733422687716598,1,NA,132952,90568,4423,5343148,132952,90568,4423,right,CV,serotonin,brain_vnc_transfer,descending,descending_neuron,NA,DNg80,NA,NA,NA,NA,NA,NA,midbrain,putative_primary,NA,descending_right,0.4159107,FALSE,"(132952, 90568, 4423)",720575940631110095,flywire,40.73,29220,71737789,19936,293,NA,1432,1746,975,363,64,1670,0,0,0,0,0.2685,0.3274,0.7803999999999999,0.09977,0.051230000000000005,0.459,1249,3638,131.3,42.33,0.314,0.298,0.487,1.142,0.4323000000000001,51.99,1,9872,2209,1064,1146,5333,1,3178,1,1,3.738,serotonin,0.377,0.41800000000000004,0.019799999999999998,0.025750000000000002,0.252,2.6100000000000006e-4,0.43190000000000006,0.2696,213,NA,sez_descending
gumdrop,0,SS46373: 0,3,0,0,0,0,0,0,0,0,0,0,0,0,0,0,0,0,NA,0,0,0,0,0,0,0,0,0,0,0,0,0,0,0,0,gumdrop,720575940630697078,720575940621746310,720575940630697078,79663054010398587,1,NA,131664,90272,4735,4799715,131664,90272,4735,left,CV,glutamate,brain_vnc_transfer,descending,descending_neuron,NA,DNg80,NA,NA,NA,NA,NA,NA,midbrain,putative_primary,NA,descending_left,0.5025564,FALSE,"(131664, 90272, 4735)",720575940621746310,flywire,41.87,29833,71252566,23697,277,NA,1359,1643,0,1359,0,1643,0,0,0,0,0.2546,0.3078,0,0.2546,0,0.3078,0,5338,0,0,0,0.322,0,0,NA,NA,1,9715,2016,962,1055,5338,1,3002,1,1,4.439,glutamate,0.38,0.504,0.007287,0.02209,0.4892,0.0017050000000000001,0.29860000000000003,0.18059999999999998,NA,NA,NA
handle,0,"SS42328, SS47287: 0",2,0,0,0,0,0,0,0,0,0,0,0,0,0,0,0,0,NA,0,0,0,0,0,0,0,0,0,0,0,0,0,0,0,0,handle,720575940620527830,720575940634726113,720575940634726113,80296372506909719,1,adequate,141194,89751,3380,5442366,136928,91592,4055,right,NA,glutamate,brain_intrinsic,central,NA,NA,CB0597,NA,NA,MX12__prim__2,NA,NA,NA,sez,MX12__prim,NA,NA,0.6309357,FALSE,"(141194, 89751, 3380)",720575940634726113,flywire,0.4052,85,20977428,1533,142,NA,NA,NA,NA,NA,NA,NA,NA,NA,NA,NA,NA,NA,NA,NA,NA,NA,NA,NA,NA,NA,NA,NA,NA,NA,NA,NA,NA,NA,NA,NA,NA,NA,NA,NA,NA,NA,NA,NA,0.6309357,NA,NA,NA,NA,NA,NA,NA,1375,615,sez_intrinsic
handle,0,"SS42328, SS47287: 0",2,0,0,0,0,0,0,0,0,0,0,0,0,0,0,0,0,NA,0,0,0,0,0,0,0,0,0,0,0,0,0,0,0,0,handle,720575940620879476,720575940620879476,720575940620879476,80366672531619473,1,adequate,141864,89643,3377,5458914,136240,92608,4274,right,NA,acetylcholine,brain_intrinsic,central,NA,NA,CB0596,NA,NA,MX12__prim__2,NA,NA,NA,sez,MX12__prim,NA,NA,0.3857354,FALSE,"(141864, 89643, 3377)",720575940620879476,flywire,0.3933,126,32036197,1597,154,NA,6006,858,5668,8,49,748,0,0,0,0,2.601,0.3715,19.25,0.007723000000000001,0.16640000000000002,0.7221,294.4,1036,248,110.8,0.982,0.32,0.908,0.528,0.8649000000000001,126.7,1,4452,1332,646,687,2309,1,6864,1,1,0.6916,acetylcholine,0.553,0.531,0.2053,0.4452,0.27380000000000004,0.018750000000000003,0.02062,0.034530000000000005,2051,858,sez_intrinsic
handle,0,"SS42328, SS47287: 0",2,0,0,0,0,0,0,0,0,0,0,0,0,0,0,0,0,NA,0,0,0,0,0,0,0,0,0,0,0,0,0,0,0,0,handle,720575940628306114,720575940628306114,720575940628306114,78818285416135491,1,incomplete,119111,85066,4506,4786793,127832,92232,4437,left,NA,glutamate,brain_intrinsic,central,NA,NA,CB0596,NA,NA,MX12__prim__2,NA,NA,NA,sez,MX12__prim,NA,NA,0.4658066,FALSE,"(119111, 85066, 4506)",720575940628306114,flywire,0.4409,131,29710638,1733,150,NA,6001,456,5566,8,66,229,0,0,0,0,3.234,0.24570000000000003,15.69,0.017060000000000002,0.186,0.4882,354.8,469,215.4,111.2,0.914,0.406,0.868,0.526,0.6630999999999999,124.5,1,3430,1017,492,526,1856,1,6457,1,1,0.9337,glutamate,0.34199999999999997,0.453,0.2016,0.3236,0.42610000000000003,0.006563000000000001,0.023119999999999998,0.01828,1992,456,sez_intrinsic
handle,0,"SS42328, SS47287: 0",2,0,0,0,0,0,0,0,0,0,0,0,0,0,0,0,0,NA,0,0,0,0,0,0,0,0,0,0,0,0,0,0,0,0,handle,720575940629592567,720575940629592567,720575940629592567,78959297648227175,1,adequate,121527,88954,3501,4775543,126600,92080,4424,left,NA,glutamate,brain_intrinsic,central,NA,NA,CB0597,NA,NA,MX12__prim__2,NA,NA,NA,sez,MX12__prim,NA,NA,0.7439676,FALSE,"(121527, 88954, 3501)",720575940629592567,flywire,0.2936,65,22139317,1569,143,NA,4039,501,4029,5,119,243,0,0,0,0,2.2430000000000003,0.2782,7.22,0.01085,0.21330000000000002,0.5272,558,461,167.6,102.5,0.65,0.37,0.772,0.673,0.5487000000000001,117.7,1,3478,1031,500,532,1801,1,4540,1,1,0.8712,glutamate,0.601,0.8,0.06495,0.1109,0.7169,0.0034740000000000005,0.03663,0.06653,1503,501,sez_intrinsic
handup,0,SS47287: 0,1,0,0,0,0,0,0,0,0,0,0,0,0,0,0,0,0,NA,0,0,0,0,0,0,0,0,0,0,0,0,0,0,0,0,handup,720575940611697394,720575940611697394,720575940611697394,79874160109217139,1,NA,134768,89992,4104,5342795,134768,89992,4104,right,NA,gaba,brain_intrinsic,central,NA,NA,CB0180,NA,NA,MX12__prim__2,NA,NA,NA,sez,MX12__prim,NA,NA,0.5660256,FALSE,"(134768, 89992, 4104)",720575940611697394,flywire,0.8028,136,16940437,1776,144,NA,5571,408,5342,18,15,361,0,0,0,0,3.139,0.22990000000000002,12.870000000000001,0.03618,0.03614,0.7257,415.1,497.5,247.6,103.6,0.742,0.375,0.937,0.468,0.8735,110.9,1,3358,1393,671,723,1775,1,5979,1,1,1.001,unknown,NA,0.468,0.3634,0.42310000000000003,0.196,0.006452,0.0029029999999999998,0.0053230000000000005,1561,408,sez_intrinsic
handup,0,SS47287: 0,1,0,0,0,0,0,0,0,0,0,0,0,0,0,0,0,0,NA,0,0,0,0,0,0,0,0,0,0,0,0,0,0,0,0,handup,720575940612206810,720575940612206810,720575940612206810,78959297648225679,1,incomplete,121390,88978,3501,4789193,128552,91760,4369,left,CV,glutamate,brain_vnc_transfer,descending,descending_neuron,NA,DNge034,NA,NA,MX12__prim__2,NA,NA,NA,sez,MX12__prim,NA,descending_left,0.7060460,FALSE,"(121390, 88978, 3501)",720575940612206810,flywire,1.838,368,20022907,1499,173,NA,1367,285,1166,201,22,261,0,0,0,0,0.8556000000000001,0.17840000000000003,7.087,0.1915,0.1337,0.24870000000000003,164.5,1050,236.4,104.2,0.43,0.342,0.695,0.476,0.4368000000000001,104.4,1,3004,986,473,513,1598,1,1652,1,1,0.938,glutamate,0.43600000000000005,0.58,0.17140000000000002,0.21150000000000002,0.5209,0.025,0.03046,0.04057,406,NA,sez_descending
haystack,0,SS32391: 0,3,0,0,0,0,0,0,0,0,0,0,0,0,0,0,0,0,NA,0,0,0,0,0,0,0,0,0,0,0,0,0,0,0,0,haystack,720575940619741104,720575940619741104,720575940619741104,81562391292869584,1,adequate,158856,81320,2514,6915220,158856,81320,2514,right,NA,acetylcholine,brain_intrinsic,central,NA,NA,CB0502,NA,NA,NA,NA,NA,NA,midbrain,putative_primary,NA,NA,0.8480274,FALSE,"(158856, 81320, 2514)",720575940619741104,flywire,4.274,1330,31115567,9034,230,NA,5362,1227,4724,576,269,814,0,0,0,0,1.321,0.3023,4.015,0.3469,0.2286,0.49019999999999997,1177,1661,165.6,40.36,0.426,0.306,0.636,0.951,0.3152,33.79,1,7731,2033,986,1048,4059,1,6589,1,1,2.226,acetylcholine,0.8300000000000001,0.8370000000000001,0.05163000000000001,0.7039,0.05933000000000001,0.01185,0.06237,0.1099,1537,1227,sez_intrinsic
haystack,0,SS32391: 0,3,0,0,0,0,0,0,0,0,0,0,0,0,0,0,0,0,NA,0,0,0,0,0,0,0,0,0,0,0,0,0,0,0,0,haystack,720575940615071391,720575940615071391,720575940615071391,78817941483337254,1,adequate,118958,80148,2042,NA,118958,80148,2042,left,NA,acetylcholine,brain_intrinsic,central,NA,NA,CB0502,NA,NA,NA,NA,NA,NA,midbrain,putative_primary,NA,NA,0.8402067,FALSE,"(118958, 80148, 2042)",720575940615071391,flywire,NA,NA,NA,6626,220,NA,5303,938,4647,262,246,277,0,0,0,0,1.3920000000000001,0.24630000000000002,4.294,0.33769999999999994,0.2273,0.3571,1082,775.7,149.7,0,0.432,0.342,0.674,0,0.21630000000000002,32.73,1,7024,1833,889,945,3809,1,6241,1,1,1.74,acetylcholine,0.899,0.911,0.02429,0.7988,0.05313000000000001,0.008749999999999999,0.02134,0.09125,1516,938,sez_intrinsic
horn,0,SS38555: 0,2,0,0,0,0,0,0,0,0,0,0,0,0,0,0,0,0,NA,0,0,0,0,0,0,0,0,0,0,0,0,0,0,0,0,horn,720575940630133110,720575940630851010,720575940630133110,79733079090522907,1,incomplete,132047,85502,4575,5345346,133224,84152,5193,center,NA,gaba,brain_intrinsic,central,NA,NA,NA,NA,NA,NA,NA,NA,NA,sez,LB0_anterior,NA,NA,0.4812790,FALSE,"(132047, 85502, 4575)",720575940630851010,flywire,1.731,288,16635861,1609,158,NA,2010,1042,1446,555,554,465,0,0,0,0,0.6872999999999999,0.3563,1.301,0.5133,0.4985,0.43010000000000004,1111,1081,86.24000000000001,59.53,0.32,0.354,0.512,0.372,0.02459,29.76,1,5811,1477,724,754,2924,1,3052,1,1,0.5503,unknown,NA,0.42300000000000004,0.3885,0.15340000000000004,0.3458,0.0024820000000000003,0.035769999999999996,0.07277000000000002,NA,NA,NA
horn,0,SS38555: 0,2,0,0,0,0,0,0,0,0,0,0,0,0,0,0,0,0,NA,0,0,0,0,0,0,0,0,0,0,0,0,0,0,0,0,horn,720575940621333509,720575940621333509,720575940621333509,79662779065855610,1,incomplete,131820,86225,4578,4707296,126160,88400,5130,center,NA,gaba,brain_intrinsic,central,NA,NA,NA,NA,NA,NA,NA,NA,NA,sez,LB0_anterior,NA,NA,0.5040269,FALSE,"(131820, 86225, 4578)",720575940621333509,flywire,0.8947,129,14418376,1072,147,NA,1512,1034,1121,357,673,312,0,0,0,0,0.5469,0.374,0.7464999999999999,0.5373,0.4482,0.46950000000000003,1502,664.5,48.160000000000004,66.92,0.344,0.321,0.822,0.342,0.005052,38.36,1,5456,1350,662,689,2765,1,2546,1,1,0.3877,unknown,NA,0.468,0.42710000000000004,0.10210000000000001,0.3459,0.001429,0.045559999999999996,0.07706000000000002,472,1034,sez_intrinsic
horn,0,SS38555: 0,2,0,0,0,0,0,0,0,0,0,0,0,0,0,0,0,0,NA,0,0,0,0,0,0,0,0,0,0,0,0,0,0,0,0,horn,720575940604722278,720575940604722278,720575940604722278,79662779065858008,1,adequate,131836,86096,4575,4706854,124936,88784,5106,center,NA,glutamate,brain_intrinsic,central,NA,NA,NA,NA,NA,NA,NA,NA,NA,sez,LB0_anterior,NA,NA,0.4654017,FALSE,"(131836, 86096, 4575)",720575940604722278,flywire,5.066,873,17231221,3055,196,NA,1787,738,1169,594,284,443,0,0,0,0,0.7705,0.3182,1.669,0.5589000000000001,0.4055,0.41680000000000006,700.4,1063,36.690000000000005,85.8,0.372,0.328,0.529,0.383,0.05195,39.53,1,4585,1037,507,531,2319,1,2525,1,1,1.317,glutamate,0.41600000000000004,0.551,0.21520000000000003,0.1301,0.47200000000000003,0.001449,0.04913000000000001,0.1307,572,738,sez_intrinsic
horntail,0,SS51950: 0,2,0,0,0,0,0,0,0,0,0,0,0,0,0,0,0,0,NA,0,0,0,0,0,0,0,0,0,0,0,0,0,0,0,0,horntail,720575940631293202,720575940631293202,720575940631293202,80296303787288421,1,incomplete,140336,89244,3257,6512225,154456,86312,2606,right,NA,gaba,brain_intrinsic,central,NA,NA,CB0565,NA,NA,MX3__2,NA,NA,NA,sez,MX3,NA,NA,0.6932612,FALSE,"(140336, 89244, 3257)",720575940631293202,flywire,2.552,1101,43150650,7104,176,NA,13607,3856,13343,24,1334,2424,0,0,0,0,2.231,0.6322,8.007,0.00738,0.8005,0.7453,1667,3252,97.3,134.5,0.518,0.338,0.912,0.78,0.48890000000000006,50.9,1,11679,3025,1482,1544,6099,1,17463,1,1,1.165,gaba,0.652,0.658,0.5681,0.21070000000000003,0.164,0.0040539999999999994,0.022609999999999998,0.02937,4060,3856,sez_intrinsic
horntail,0,SS51950: 0,2,0,0,0,0,0,0,0,0,0,0,0,0,0,0,0,0,NA,0,0,0,0,0,0,0,0,0,0,0,0,0,0,0,0,horntail,720575940608451420,720575940608451420,720575940608451420,78537085115703771,1,NA,115199,89149,2892,NA,115345,89026,2835,left,NA,gaba,brain_intrinsic,central,NA,NA,CB0565,NA,NA,MX3__2,NA,NA,NA,sez,MX3,NA,NA,0.6654834,FALSE,"(115199, 89149, 2892)",720575940608451420,flywire,NA,NA,NA,7088,170,NA,13313,3329,12709,65,1149,2095,0,0,0,0,2.299,0.5748000000000001,8.11,0.021320000000000002,0.7332,0.6871999999999999,1567,3049,124.6,109.9,0.528,0.358,0.95,0.673,0.4731,48.25,1,11034,2891,1406,1486,5791,1,16642,1,1,1.224,gaba,0.5740000000000001,0.5770000000000001,0.4967,0.2745,0.14950000000000002,0.005155,0.0268,0.046079999999999996,4036,3329,sez_intrinsic
horseshoe,0,"SS41410, SS41414, SS41397: 0",3,0,0,0,0,0,0,0,0,0,0,0,0,0,0,0,0,NA,0,0,0,0,0,0,0,0,0,0,0,0,0,0,0,0,horseshoe,720575940604130481,720575940604130481,720575940604130481,78395522859323092,1,incomplete,112984,76904,1649,3193168,111384,74840,1262,left,NA,gaba,brain_intrinsic,central,NA,NA,CB1267,NA,NA,TRdl_a__0,NA,NA,NA,sez,TRdl_a,NA,NA,0.4333123,FALSE,"(112984, 76904, 1649)",720575940604130481,flywire,2.86,511,17865796,3235,208,NA,1219,139,1050,125,71,43,0,0,0,0,1.282,0.1461,3.1870000000000003,0.6866,0.21550000000000002,0.23620000000000002,329.5,182.1,72.64999999999999,67.36,0.382,0.408,0.515,0.383,0.06523000000000001,9.516,1,1814,473,233,241,951.1,1,1358,1,1,3.401,unknown,NA,0.368,0.3455,0.19920000000000002,0.27030000000000004,0.0015789999999999999,0.03947,0.14320000000000002,257,139,sez_intrinsic
horseshoe,0,"SS41410, SS41414, SS41397: 0",3,0,0,0,0,0,0,0,0,0,0,0,0,0,0,0,0,NA,0,0,0,0,0,0,0,0,0,0,0,0,0,0,0,0,horseshoe,720575940622028778,720575940661333889,720575940661333889,80788197466282487,1,NA,147720,79272,924,5818863,147720,79272,924,right,NA,gaba,brain_intrinsic,central,NA,NA,CB2303,NA,NA,TRdl_a__0,NA,NA,NA,sez,TRdl_a,NA,NA,0.3299962,FALSE,"(147720, 79272, 924)",720575940661333889,flywire,5.435,1137,20921821,4371,228,NA,NA,NA,NA,NA,NA,NA,NA,NA,NA,NA,NA,NA,NA,NA,NA,NA,NA,NA,NA,NA,NA,NA,NA,NA,NA,NA,NA,NA,NA,NA,NA,NA,NA,NA,NA,NA,NA,NA,0.3299962,NA,NA,NA,NA,NA,NA,NA,195,246,sez_intrinsic
horseshoe,0,"SS41410, SS41414, SS41397: 0",3,0,0,0,0,0,0,0,0,0,0,0,0,0,0,0,0,NA,0,0,0,0,0,0,0,0,0,0,0,0,0,0,0,0,horseshoe,720575940603514141,720575940603514141,720575940603514141,78395522859325458,1,incomplete,113103,76897,1646,3193703,112552,76208,1459,left,NA,gaba,brain_intrinsic,central,NA,NA,CB0840,NA,NA,TRdl_a__0,NA,NA,NA,sez,TRdl_a,NA,NA,0.4385415,FALSE,"(113103, 76897, 1646)",720575940603514141,flywire,5.753,1103,19174013,3794,262,NA,951,262,823,103,47,166,0,0,0,0,0.8742000000000001,0.24080000000000001,4.1419999999999995,0.2208,0.2366,0.3558,198.7,466.5,52.9,53.26,0.53,0.356,0.49,0.394,0.34059999999999996,13.62,1,2129,532,261,271,1088,1,1213,1,1,3.487,gaba,0.46900000000000003,0.467,0.3803,0.27530000000000004,0.1223,0,0.06733,0.15530000000000002,171,262,sez_intrinsic
horseshoe,0,"SS41410, SS41414, SS41397: 0",3,0,0,0,0,0,0,0,0,0,0,0,0,0,0,0,0,NA,0,0,0,0,0,0,0,0,0,0,0,0,0,0,0,0,horseshoe,720575940627498499,720575940627498499,720575940627498499,78395522859392359,1,incomplete,113550,77188,1700,3192046,109208,76376,1453,left,NA,gaba,brain_intrinsic,central,NA,NA,CB3156,NA,NA,TRdl_a__0,NA,NA,NA,sez,TRdl_a,NA,NA,0.3693823,FALSE,"(113550, 77188, 1700)",720575940627498499,flywire,4.635,609,13138969,3009,227,NA,717,132,370,271,54,59,0,0,0,0,0.8521000000000001,0.15690000000000004,1.9489999999999998,0.9719,0.28440000000000004,0.2116,189.9,278.8,47.7,79.84,0.393,0.382,0.486,0.41,0.006001,9.71,1,1582,379,184,196,841.4,1,849,1,1,3.576,unknown,NA,0.348,0.27430000000000004,0.24130000000000001,0.163,8.7e-4,0.05,0.27,246,132,sez_intrinsic
horseshoe,0,"SS41410, SS41414, SS41397: 0",3,0,0,0,0,0,0,0,0,0,0,0,0,0,0,0,0,NA,0,0,0,0,0,0,0,0,0,0,0,0,0,0,0,0,horseshoe,720575940621373278,720575940621373278,720575940621373278,80858566210463994,1,NA,148856,78816,970,6455072,148856,78816,970,right,NA,gaba,brain_intrinsic,central,NA,NA,CB3156,NA,NA,TRdl_a__0,NA,NA,NA,sez,TRdl_a,NA,NA,0.3721028,FALSE,"(148856, 78816, 970)",720575940621373278,flywire,5.316,957,18001161,3009,221,NA,1100,155,738,358,42,107,0,0,0,0,1.1860000000000002,0.1671,4.406000000000001,0.8565,0.2507,0.256,167.5,418,66.89,74.87,0.478,0.344,0.504,0.388,0.09132,7.722,1,1788,442,214,229,927.5,1,1255,1,1,3.244,unknown,NA,0.255,0.2371,0.2516,0.2,0.001091,0.10160000000000001,0.20640000000000003,354,155,sez_intrinsic
horseshoe,0,"SS41410, SS41414, SS41397: 0",3,0,0,0,0,0,0,0,0,0,0,0,0,0,0,0,0,NA,0,0,0,0,0,0,0,0,0,0,0,0,0,0,0,0,horseshoe,720575940632012243,720575940632012243,720575940632012243,80928934954520188,1,NA,149840,78560,913,6456087,149840,78560,913,right,NA,gaba,brain_intrinsic,central,NA,NA,CB2303,NA,NA,TRdl_a__0,NA,NA,NA,sez,TRdl_a,NA,NA,0.4613235,FALSE,"(149840, 78560, 913)",720575940632012243,flywire,2.363,489,20696675,2211,218,NA,1216,214,1086,123,119,79,0,0,0,0,1.09,0.1918,2.485,0.47300000000000003,0.27230000000000004,0.3038,437,260.1,85.66999999999999,84.1,0.376,0.328,0.545,0.39,0.08402000000000001,12.18,1,2171,515,251,265,1116,1,1430,1,1,1.981,acetylcholine,0.47400000000000003,0.452,0.2671,0.3802,0.1348,0.0023810000000000003,0.065,0.15070000000000003,248,214,sez_intrinsic
horseshoe,0,"SS41410, SS41414, SS41397: 0",3,0,0,0,0,0,0,0,0,0,0,0,0,0,0,0,0,NA,0,0,0,0,0,0,0,0,0,0,0,0,0,0,0,0,horseshoe,720575940630619719,720575940630619719,720575940630619719,78395522859329138,1,incomplete,113159,77204,1649,3193067,111160,76984,1479,left,NA,gaba,brain_intrinsic,central,NA,NA,CB2303,NA,NA,TRdl_a__0,NA,NA,NA,sez,TRdl_a,NA,NA,0.5775544,FALSE,"(113159, 77204, 1649)",720575940630619719,flywire,4.228,808,19112752,3016,230,NA,1208,248,980,201,48,147,0,0,0,0,0.9636,0.1978,3.5519999999999996,0.4436,0.17400000000000002,0.3244,275.9,453.1,7.99,77.1,0.457,0.33,0.54,0.414,0.2325,9.611,1,2438,587,287,300,1254,1,1456,1,1,2.405,gaba,0.41500000000000004,0.394,0.3261,0.24580000000000002,0.1961,0,0.06697,0.1633,256,248,sez_intrinsic
horseshoe,0,"SS41410, SS41414, SS41397: 0",3,0,0,0,0,0,0,0,0,0,0,0,0,0,0,0,0,NA,0,0,0,0,0,0,0,0,0,0,0,0,0,0,0,0,horseshoe,720575940623600619,720575940623600619,720575940623600619,80999372485136367,1,NA,150688,79776,1079,6457801,150688,79776,1079,right,NA,gaba,brain_intrinsic,central,NA,NA,CB1267,NA,NA,TRdl_a__0,NA,NA,NA,sez,TRdl_a,NA,NA,0.4570324,FALSE,"(150688, 79776, 1079)",720575940623600619,flywire,4.316,1668,38649001,3286,231,NA,2148,437,787,1317,62,349,0,0,0,0,1.348,0.2742,3.3459999999999996,1.785,0.2636,0.4731,235.2,737.7,32.56,73.62,0.398,0.388,0.822,0.554,0.03829,16.64,1,3065,913,443,471,1594,1,2585,1,1,2.061,unknown,NA,0.43300000000000005,0.3643,0.4107,0.15570000000000003,6.67e-4,0.007667,0.05867000000000001,430,437,sez_intrinsic
horseshoe,0,"SS41410, SS41414, SS41397: 0",3,0,0,0,0,0,0,0,0,0,0,0,0,0,0,0,0,NA,0,0,0,0,0,0,0,0,0,0,0,0,0,0,0,0,horseshoe,720575940620798284,720575940620798284,720575940620798284,78395522859316214,1,incomplete,112944,76762,1646,3192847,110600,74784,1193,left,NA,glutamate,brain_intrinsic,central,NA,NA,CB3267,NA,NA,TRdl_a__0,NA,NA,NA,sez,TRdl_a,NA,NA,0.5315147,FALSE,"(112944, 76762, 1646)",720575940620798284,flywire,4.281,578,13501721,3335,241,NA,698,167,470,164,80,75,0,0,0,0,0.8534,0.20420000000000002,2.0159999999999996,0.7482,0.34319999999999995,0.34219999999999995,233.1,219.2,75.04,71.14,0.363,0.358,0.498,0.347,0.0361,11.49,1,1565,388,189,200,817.9,1,865,1,1,4.078,glutamate,0.33399999999999996,0.44,0.2972,0.12400000000000001,0.4192,0.0032,0.0584,0.0992,197,167,sez_intrinsic
hound,0,SS47232: 0,2,0,0,0,0,0,0,0,0,0,0,0,0,0,0,0,0,NA,0,0,0,0,0,0,0,0,0,0,0,0,0,0,0,0,hound,720575940630094652,720575940631179831,720575940631179831,81070153613242992,1,NA,151904,86144,1600,6507978,151904,86144,1600,right,NA,dopamine,brain_intrinsic,central,NA,NA,CB0892,NA,NA,NA,serotonin,Yao and Scott 2022 (immuno),NA,midbrain,putative_primary,NA,NA,0.5052164,FALSE,"(151904, 86144, 1600)",720575940631179831,flywire,2.909,899,30908367,14307,228,NA,NA,NA,NA,NA,NA,NA,NA,NA,NA,NA,NA,NA,NA,NA,NA,NA,NA,NA,NA,NA,NA,NA,NA,NA,NA,NA,NA,NA,NA,NA,NA,NA,NA,NA,NA,NA,NA,NA,0.5052163999999999,NA,NA,NA,NA,NA,NA,NA,NA,2727,sez_intrinsic
hound,0,SS47232: 0,2,0,0,0,0,0,0,0,0,0,0,0,0,0,0,0,0,NA,0,0,0,0,0,0,0,0,0,0,0,0,0,0,0,0,hound,720575940628676457,720575940628676457,720575940628676457,78748053842587454,1,incomplete,118596,87619,2542,NA,108470,82763,2249,left,NA,dopamine,brain_intrinsic,central,NA,NA,CB0892,NA,NA,NA,serotonin,Yao and Scott 2022 (immuno),NA,midbrain,putative_primary,NA,NA,0.4635823,FALSE,"(118596, 87619, 2542)",720575940628676457,flywire,NA,NA,NA,13903,238,NA,1734,2522,918,624,699,1435,0,0,0,0,0.2556,0.3718,0.42430000000000007,0.2671,0.3231,0.6142,2164,2337,167.4,90.6,0.422,0.314,0.808,0.682,0.052450000000000004,96.4,1,13046,3641,1763,1879,6784,1,4256,1,1,2.049,unknown,NA,0.455,0.02401,0.08975,0.06851,0.001694,0.42660000000000003,0.388,414,2522,sez_intrinsic
hyacinth,0,SS39890: 0,3,0,0,0,0,0,0,0,0,0,0,0,0,0,0,0,0,NA,0,0,0,0,0,0,0,0,0,0,0,0,0,0,0,0,hyacinth,720575940654057889,720575940654057889,720575940654057889,77691766698085524,1,NA,102784,76176,2039,2663189,102784,76176,2039,left,NA,glutamate,brain_intrinsic,central,NA,NA,CB0041,NA,NA,NA,NA,NA,NA,midbrain,putative_primary,NA,NA,0.7325729,FALSE,"(102784, 76176, 2039)",720575940654057889,flywire,3.472,1085,31253270,14884,198,NA,7473,3316,4203,2981,1727,1490,0,0,0,0,1.315,0.5836,1.824,1.553,0.7496,0.7764,2304,1919,83.45,186.8,0.31,0.308,0.722,0.694,0.001633,41.09,1,11097,3578,1723,1856,5682,1,10789,1,1,2.62,glutamate,0.514,0.6849999999999999,0.10300000000000001,0.17400000000000002,0.5909,0.001576,0.051680000000000004,0.07749000000000002,1929,3316,sez_intrinsic
hyacinth,0,SS39890: 0,3,0,0,0,0,0,0,0,0,0,0,0,0,0,0,0,0,NA,0,0,0,0,0,0,0,0,0,0,0,0,0,0,0,0,hyacinth,720575940623044103,720575940623044103,720575940623044103,81703128781155818,1,NA,161648,80512,2492,6916010,161648,80512,2492,right,NA,glutamate,brain_intrinsic,central,NA,NA,CB0138,NA,NA,NA,NA,NA,NA,midbrain,putative_primary,NA,NA,0.8656672,FALSE,"(161648, 80512, 2492)",720575940623044103,flywire,6.808,4149,60945380,15917,255,NA,5575,1337,2373,3058,529,747,0,0,0,0,1.606,0.3851,2.4709999999999996,2.174,0.5509000000000001,0.531,960.2,1407,202.8,82.81,0.369,0.356,0.857,0.774,3.23e-4,28.29,1,6576,1601,780,822,3472,1,6912,1,1,4.584,glutamate,0.632,0.8420000000000001,0.050300000000000004,0.08900999999999999,0.7575,9.9e-4,0.05663000000000001,0.04386,1188,1337,sez_intrinsic
hyacinth,0,SS39890: 0,3,0,0,0,0,0,0,0,0,0,0,0,0,0,0,0,0,NA,0,0,0,0,0,0,0,0,0,0,0,0,0,0,0,0,hyacinth,720575940624532408,720575940634853345,720575940624532408,81351353846280015,1,NA,155888,81640,2587,6473567,155888,81640,2587,right,NA,dopamine,brain_intrinsic,central,NA,NA,CB0017,NA,NA,NA,NA,NA,NA,midbrain,putative_primary,NA,NA,0.4546787,FALSE,"(155888, 81640, 2587)",720575940634853345,flywire,1.187,450,37918808,19714,181,NA,1750,2633,943,670,1377,1162,0,0,0,0,0.28450000000000003,0.42810000000000004,0.3776,0.3484,0.5514,0.6043,2497,1923,203.4,75.99,0.34,0.332,0.736,0.565,0.0012920000000000002,34.14,1,11925,3518,1710,1809,6151,1,4383,1,1,3.205,dopamine,0.42000000000000004,0.48300000000000004,0.009542,0.026960000000000005,0.17770000000000002,0.001208,0.3495,0.43410000000000004,276,2633,sez_intrinsic
hyacinth,0,SS39890: 0,3,0,0,0,0,0,0,0,0,0,0,0,0,0,0,0,0,NA,0,0,0,0,0,0,0,0,0,0,0,0,0,0,0,0,hyacinth,720575940626015640,720575940626015640,720575940626015640,78114185455937852,1,bad_nucleus,108840,79256,2777,3196979,108840,79256,2777,left,NA,glutamate,brain_intrinsic,central,NA,NA,CB0138,NA,NA,NA,NA,NA,NA,midbrain,putative_primary,NA,NA,0.8688714,FALSE,"(108840, 79256, 2777)",720575940626015640,flywire,5.549,2632,47430019,16733,264,NA,5793,1259,2863,2773,410,770,0,0,0,0,1.661,0.361,3.208,1.6860000000000002,0.45940000000000003,0.4682,892.5,1645,130.2,42.26,0.38,0.374,0.881,0.75,0.01629,12.43,1,6640,1635,797,838,3488,1,7052,1,1,4.797,glutamate,0.556,0.74,0.07073000000000002,0.08552000000000001,0.7152999999999999,0.0014579999999999999,0.06469000000000001,0.06104,1207,1259,sez_intrinsic
hyacinth,0,SS39890: 0,3,0,0,0,0,0,0,0,0,0,0,0,0,0,0,0,0,NA,0,0,0,0,0,0,0,0,0,0,0,0,0,0,0,0,hyacinth,720575940620096171,720575940621851329,720575940620096171,77762341801853194,1,NA,104024,78584,3098,2684620,104024,78584,3098,left,NA,dopamine,brain_intrinsic,central,NA,NA,CB0017,NA,NA,NA,NA,NA,NA,midbrain,putative_primary,NA,NA,0.4422850,FALSE,"(104024, 78584, 3098)",720575940621851329,flywire,1.308,444,33947524,18237,180,NA,1750,2121,1024,580,823,1176,0,0,0,0,0.3205,0.3885,0.5382,0.3019,0.43250000000000005,0.6122,1903,1921,95.16,100.7,0.384,0.314,0.842,0.698,0.03734,27.09,1,10561,2894,1405,1490,5460,1,3871,1,1,3.34,dopamine,0.43800000000000006,0.506,0.01273,0.05208,0.15970000000000004,0.001342,0.3201,0.4525,349,2121,sez_intrinsic
hyacinth,0,SS39890: 0,3,0,0,0,0,0,0,0,0,0,0,0,0,0,0,0,0,NA,0,0,0,0,0,0,0,0,0,0,0,0,0,0,0,0,hyacinth,720575940630548751,720575940630548751,720575940630548751,81351353712165197,1,NA,156528,81840,1675,6909574,156528,81840,1675,right,NA,glutamate,brain_intrinsic,central,NA,NA,CB0041,NA,NA,NA,NA,NA,NA,midbrain,putative_primary,NA,NA,0.7540843,FALSE,"(156528, 81840, 1675)",720575940630548751,flywire,3.628,1108,30542971,14827,199,NA,7506,3043,5437,1878,1829,1126,0,0,0,0,1.458,0.5912,2.206,1.356,0.7422,0.8128000000000001,2464,1385,118.3,84.81,0.33,0.3,0.665,0.806,0.0124,26.02,1,10031,3257,1568,1690,5147,1,10549,1,1,2.881,glutamate,0.589,0.7839999999999999,0.07994,0.1115,0.6977,0.004489000000000001,0.03466,0.06942999999999999,1737,3043,sez_intrinsic
justice,0,SS29813: 0,2,0,0,0,0,0,0,0,0,0,0,0,0,0,0,0,0,NA,0,0,0,0,0,0,0,0,0,0,0,0,0,0,0,0,justice,720575940614660519,720575940614660519,720575940614660519,80437247366966878,1,adequate,142592,92120,2768,6001254,142592,92120,2768,right,NA,dopamine,brain_intrinsic,central,NA,NA,CB0461,NA,NA,NA,NA,NA,NA,midbrain,putative_primary,NA,NA,0.7015058,FALSE,"(142592, 92120, 2768)",720575940614660519,flywire,1.88,585,31109104,13782,244,NA,3816,2870,2591,1051,1667,1123,0,0,0,0,0.5172,0.389,0.7871999999999999,0.463,0.5065,0.4948,3291,2270,161.3,43.37,0.387,0.36,0.944,0.697,0.01037,65.97,1,14157,4297,2081,2217,7378,1,6686,1,1,1.868,dopamine,0.628,0.744,0.01593,0.04161000000000001,0.06666000000000001,0.0069169999999999995,0.1918,0.6748,869,2870,sez_intrinsic
justice,0,SS29813: 0,2,0,0,0,0,0,0,0,0,0,0,0,0,0,0,0,0,NA,0,0,0,0,0,0,0,0,0,0,0,0,0,0,0,0,justice,720575940635175007,720575940613825814,720575940613825814,78185035236220677,1,adequate,109760,86504,2630,3248312,109760,86504,2630,left,NA,dopamine,brain_intrinsic,central,NA,NA,CB0461,NA,NA,NA,NA,NA,NA,midbrain,putative_primary,NA,NA,0.6516318,FALSE,"(109760, 86504, 2630)",720575940613825814,flywire,2.677,461,17223502,12799,249,NA,NA,NA,NA,NA,NA,NA,NA,NA,NA,NA,NA,NA,NA,NA,NA,NA,NA,NA,NA,NA,NA,NA,NA,NA,NA,NA,NA,NA,NA,NA,NA,NA,NA,NA,NA,NA,NA,NA,0.6516318000000001,NA,NA,NA,NA,NA,NA,NA,659,2353,sez_intrinsic
kelp,0,"SS39895, SS43885, SS43889: 0",3,0,0,0,0,0,0,0,0,0,0,0,0,0,0,0,0,NA,0,0,0,0,0,0,0,0,0,0,0,0,0,0,0,0,kelp,720575940635239672,720575940635239672,720575940635239672,81070291052220154,1,NA,151592,87776,1732,6507868,151592,87776,1732,right,NA,serotonin,brain_intrinsic,central,NA,NA,CB0262,NA,NA,NA,serotonin,Yao and Scott 2022 (immuno),NA,midbrain,putative_primary,NA,NA,0.4974199,FALSE,"(151592, 87776, 1732)",720575940635239672,flywire,2.272,681,29968434,19574,200,NA,1587,3428,1044,404,1496,1530,0,0,0,0,0.18309999999999998,0.3956,0.2846,0.169,0.40780000000000005,0.6399,3668,2391,69.85,143.1,0.374,0.29,0.52,0.662,0.037439999999999994,99.2,1,16672,4058,1977,2082,8665,1,5015,1,1,2.259,unknown,NA,0.468,0.008796,0.06077,0.08562000000000002,0.002341,0.4665,0.3753,127,3428,sez_intrinsic
kelp,0,"SS39895, SS43885, SS43889: 0",3,0,0,0,0,0,0,0,0,0,0,0,0,0,0,0,0,NA,0,0,0,0,0,0,0,0,0,0,0,0,0,0,0,0,kelp,720575940622474899,720575940622474899,720575940622474899,81351422565945222,1,NA,155984,82872,2721,6512815,155984,82872,2721,right,NA,serotonin,brain_intrinsic,central,NA,NA,CB0212,NA,NA,NA,serotonin,Yao and Scott 2022 (immuno),NA,midbrain,putative_primary,NA,NA,0.5807272,FALSE,"(155984, 82872, 2721)",720575940622474899,flywire,1.754,497,28334439,14912,240,NA,1659,1938,1420,173,612,1266,0,0,0,0,0.3443,0.4022,0.7182999999999999,0.10600000000000001,0.3096,0.7758,1977,1632,120.6,46.53,0.426,0.298,0.919,0.763,0.2599,77.36,1,9393,2715,1318,1398,4819,1,3597,1,1,3.094,serotonin,0.48000000000000004,0.534,0.013810000000000001,0.05356,0.09784,5.93e-4,0.5245,0.3093,200,1938,sez_intrinsic
kelp,0,"SS39895, SS43885, SS43889: 0",3,0,0,0,0,0,0,0,0,0,0,0,0,0,0,0,0,NA,0,0,0,0,0,0,0,0,0,0,0,0,0,0,0,0,kelp,720575940636895406,720575940636895406,720575940636895406,78818422586753958,1,incomplete,119077,87644,2545,3241414,108560,82864,2027,left,NA,dopamine,brain_intrinsic,central,NA,NA,CB0262,NA,NA,NA,serotonin,Yao and Scott 2022 (immuno),NA,midbrain,putative_primary,NA,NA,0.4524822,FALSE,"(119077, 87644, 2545)",720575940636895406,flywire,2.052,645,31434190,16790,201,NA,1505,3323,936,501,1244,1806,0,0,0,0,0.1852,0.40900000000000003,0.28550000000000003,0.17540000000000003,0.3794,0.6322,3279,2857,158.6,90.94,0.384,0.29,0.76,0.606,0.04164,111.7,1,15745,3973,1947,2026,8124,1,4828,1,1,2.067,unknown,NA,0.47800000000000004,0.017060000000000002,0.0207,0.09798,9.21e-4,0.4232,0.43910000000000005,155,3323,sez_intrinsic
kelp,0,"SS39895, SS43885, SS43889: 0",3,0,0,0,0,0,0,0,0,0,0,0,0,0,0,0,0,NA,0,0,0,0,0,0,0,0,0,0,0,0,0,0,0,0,kelp,720575940612289010,720575940612289010,720575940612289010,77832710478994809,1,NA,104888,78512,2613,2685258,104888,78512,2613,left,NA,serotonin,brain_intrinsic,central,NA,NA,CB0212,NA,NA,NA,serotonin,Yao and Scott 2022 (immuno),NA,midbrain,putative_primary,NA,NA,0.4542007,FALSE,"(104888, 78512, 2613)",720575940612289010,flywire,2.779,876,31519913,15454,246,NA,1546,1801,1178,148,430,1198,0,0,0,0,0.33419999999999994,0.38930000000000003,0.7451,0.09575,0.272,0.775,1581,1546,209.9,67.98,0.456,0.292,0.85,0.527,0.3111,77.2,1,8940,2621,1264,1358,4626,1,3347,1,1,3.341,unknown,NA,0.42100000000000004,0.02226,0.0461,0.1807,0.002012,0.43270000000000003,0.3145,181,1801,sez_intrinsic
knees,0,SS42927: 0,4,0,0,0,0,0,0,0,0,0,0,0,0,0,0,0,0,NA,0,0,0,0,0,0,0,0,0,0,0,0,0,0,0,0,knees,720575940627731176,720575940614795501,720575940627731176,80647460514909353,1,incomplete,146105,79476,4954,6964960,158248,83624,4211,right,CV,acetylcholine,brain_vnc_transfer,descending,descending_neuron,NA,DNg05_a,NA,NA,LB12__0,NA,NA,NA,sez,LB12,NA,descending_right,0.7965318,FALSE,"(146105, 79476, 4954)",720575940614795501,flywire,1.004,236,23508349,2111,143,NA,1137,1586,0,1137,0,1586,0,0,0,0,0.3586,0.5002,0,0.3586,0,0.5002,0,3170,0,0,0,0.264,0,0,NA,NA,1,6304,2617,1247,1370,3170,1,2723,1,1,0.6659,acetylcholine,0.8730000000000001,0.884,0.06116,0.7469,0.07581,0.0018599999999999999,0.050120000000000005,0.06326000000000001,NA,NA,NA
knees,0,SS42927: 0,4,0,0,0,0,0,0,0,0,0,0,0,0,0,0,0,0,NA,0,0,0,0,0,0,0,0,0,0,0,0,0,0,0,0,knees,720575940609589443,720575940619469381,720575940609589443,79733285382855817,1,NA,132464,87856,5341,5344889,132464,87856,5341,left,CV,acetylcholine,brain_vnc_transfer,descending,descending_neuron,NA,DNg05_a,NA,NA,LB12__0,NA,NA,NA,sez,LB12,NA,descending_left,0.5218671,FALSE,"(132464, 87856, 5341)",720575940619469381,flywire,1.253,277,22108498,1513,132,NA,369,741,0,369,0,741,0,0,0,0,0.15460000000000002,0.3106,0,0.15460000000000002,0,0.3106,0,2386,0,0,0,0.272,0,0,NA,NA,1,4733,2254,1059,1196,2386,1,1110,1,1,0.6341,acetylcholine,0.659,0.651,0.08256000000000001,0.5798000000000001,0.08395,0.008605,0.1951,0.04884,NA,NA,NA
kokopelli,0,SS38523: 0,2,0,0,0,0,0,0,0,0,0,0,0,0,0,0,0,0,NA,0,0,0,0,0,0,0,0,0,0,0,0,0,0,0,0,kokopelli,720575940613761858,720575940613761858,720575940613761858,79803860084234207,1,NA,133120,91768,3865,5435443,133120,91768,3865,right,NA,gaba,brain_intrinsic,central,NA,NA,CB0610,NA,NA,MX3__10,NA,NA,NA,sez,MX3,NA,NA,0.7584704,FALSE,"(133120, 91768, 3865)",720575940613761858,flywire,1.041,357,34295637,3722,157,NA,5928,701,5925,3,166,527,0,0,0,0,1.779,0.21040000000000003,4.988,0.0024460000000000003,0.13970000000000002,0.42960000000000004,1188,1227,88.23,112.5,0.518,0.384,0.664,0.58,0.6484,59.47,1,6346,1662,817,846,3332,1,6629,1,1,1.117,gaba,0.523,0.522,0.5212,0.24220000000000003,0.1233,0.08313000000000001,0.01194,0.01492,2412,701,sez_intrinsic
kokopelli,0,SS38523: 0,2,0,0,0,0,0,0,0,0,0,0,0,0,0,0,0,0,NA,0,0,0,0,0,0,0,0,0,0,0,0,0,0,0,0,kokopelli,720575940634251164,720575940634251164,720575940634251164,79170472600056478,1,adequate,124016,90323,3394,4791358,129568,92296,4535,left,NA,gaba,brain_intrinsic,central,NA,NA,CB0610,NA,NA,MX3__10,NA,NA,NA,sez,MX3,NA,NA,0.7224584,FALSE,"(124016, 90323, 3394)",720575940634251164,flywire,1.493,406,27195082,3551,161,NA,5991,569,5934,56,130,427,0,0,0,0,1.7289999999999999,0.1642,5.021,0.0466,0.11,0.3554,1182,1202,79.2,136.5,0.464,0.376,0.636,0.588,0.5793,53.87,1,6653,1456,714,742,3465,1,6560,1,1,1.025,gaba,0.658,0.6629999999999999,0.6223,0.16290000000000002,0.1607,0.002907,0.028370000000000003,0.02163,2636,569,sez_intrinsic
landslide,0,SS38119: 0,3,0,0,0,0,0,0,0,0,0,0,0,0,0,0,0,0,NA,0,0,0,0,0,0,0,0,0,0,0,0,0,0,0,0,landslide,720575940617563577,720575940612963570,720575940612963570,80225935043085492,1,incomplete,139260,88738,3260,6508312,152184,88656,2061,right,NA,gaba,brain_intrinsic,visual_centrifugal,NA,NA,cL09,NA,NA,MX3__9,NA,NA,NA,sez,MX3,NA,visual_centrifugal_right,0.9113124,FALSE,"(139260, 88738, 3260)",720575940612963570,flywire,0.5914,174,29422571,2592,142,NA,NA,NA,NA,NA,NA,NA,NA,NA,NA,NA,NA,NA,NA,NA,NA,NA,NA,NA,NA,NA,NA,NA,NA,NA,NA,NA,NA,NA,NA,NA,NA,NA,NA,NA,NA,NA,NA,NA,0.9113123999999999,NA,NA,NA,NA,NA,NA,NA,2896,1385,NA
landslide,0,SS38119: 0,3,0,0,0,0,0,0,0,0,0,0,0,0,0,0,0,0,NA,0,0,0,0,0,0,0,0,0,0,0,0,0,0,0,0,landslide,720575940634290913,720575940634290913,720575940634290913,79029735111754592,1,incomplete,122027,89987,3394,4752334,124768,91760,3956,left,NA,gaba,brain_intrinsic,visual_centrifugal,NA,NA,cL09,NA,NA,MX3__9,NA,NA,NA,sez,MX3,NA,visual_centrifugal_left,0.8723619,FALSE,"(122027, 89987, 3394)",720575940634290913,flywire,1.162,364,31337553,2475,145,NA,4387,1019,3606,6,205,752,0,0,0,0,1.145,0.266,6.124999999999999,0.003641,0.34819999999999995,0.45630000000000004,588.7,1648,366.1,84.89,0.462,0.344,0.85,0.523,0.6445,177.6,1,7407,1912,936,977,3830,1,5406,1,1,0.6462,gaba,0.701,0.723,0.7283999999999999,0.2056,0.03563,0.005293999999999999,0.011759999999999998,0.01218,1307,1019,NA
lion,0,SS36657: 0,3,0,0,0,0,0,0,0,0,0,0,0,0,0,0,0,0,NA,0,0,0,0,0,0,0,0,0,0,0,0,0,0,0,0,lion,720575940621900981,720575940621900981,720575940621900981,80577160490230530,1,complete,145209,79588,4967,6961520,156648,85016,4024,right,NA,glutamate,brain_intrinsic,central,NA,NA,CB0402,NA,NA,LB6__0,NA,NA,NA,sez,LB6,NA,NA,0.4233814,FALSE,"(145209, 79588, 4967)",720575940621900981,flywire,1.094,230,21015904,2390,139,NA,1448,1955,782,553,812,833,0,0,0,0,0.3143,0.42440000000000005,0.5321,0.4455,0.5525,0.6710999999999999,1470,1241,138.2,113.9,0.36,0.352,0.704,0.495,0.006152,39.49,1,8939,2798,1355,1444,4607,1,3403,1,1,0.5188,glutamate,0.317,0.42000000000000004,0.1901,0.20190000000000002,0.3861,0.005333,0.14490000000000003,0.07053000000000001,476,1955,sez_intrinsic
lion,0,SS36657: 0,3,0,0,0,0,0,0,0,0,0,0,0,0,0,0,0,0,NA,0,0,0,0,0,0,0,0,0,0,0,0,0,0,0,0,lion,720575940630788882,720575940630788882,720575940630788882,78958335843612913,1,adequate,121394,75268,5274,3200247,107328,80952,4248,left,NA,glutamate,brain_intrinsic,central,NA,NA,CB0402,NA,NA,LB6__0,NA,NA,NA,sez,LB6,NA,NA,0.3707600,FALSE,"(121394, 75268, 5274)",720575940630788882,flywire,0.6346,153,24108044,1894,136,NA,749,1026,311,365,28,886,0,0,0,0,0.17870000000000003,0.24480000000000002,1.4569999999999999,0.1815,0.1312,0.4405,213.5,2011,161.9,93.9,0.459,0.362,0.703,0.45,0.21430000000000002,88.8,1,7986,2431,1172,1260,4192,1,1775,1,1,0.4518,glutamate,0.275,0.364,0.20770000000000002,0.18109999999999998,0.32980000000000004,0.006,0.23950000000000002,0.03391,216,1026,sez_intrinsic
mandala,0,"SS38164, SS38165: 0",3,0,0,0,0,0,0,0,0,0,0,0,0,0,0,0,0,NA,0,0,0,0,0,0,0,0,0,0,0,0,0,0,0,0,mandala,720575940626548605,720575940626548605,720575940626548605,79029185355904459,1,incomplete,121793,82017,3397,2695867,105432,81696,3512,left,NA,acetylcholine,brain_intrinsic,visual_centrifugal,NA,NA,cL01,NA,NA,MX7__1,NA,NA,NA,sez,MX7,NA,visual_centrifugal_left,0.8405667,FALSE,"(121793, 82017, 3397)",720575940626548605,flywire,1.343,218,16228216,1219,142,NA,2973,739,2952,10,93,607,0,0,0,0,1.472,0.3659,4.553,0.01185,0.14340000000000003,0.7194999999999999,648.3,843.6,96.85,172.9,0.447,0.318,0.586,0.37,0.7384999999999999,129.6,1,3816,726,356,371,2020,1,3712,1,1,0.6035,acetylcholine,0.8240000000000001,0.8280000000000001,0.043910000000000005,0.7625,0.08812,0.043590000000000004,0.004844,0.05484000000000001,692,739,NA
mandala,0,"SS38164, SS38165: 0",3,0,0,0,0,0,0,0,0,0,0,0,0,0,0,0,0,NA,0,0,0,0,0,0,0,0,0,0,0,0,0,0,0,0,mandala,720575940639295696,720575940639295696,720575940639295696,78958816611713447,1,incomplete,121485,82210,3397,3252056,114224,87960,3190,left,NA,acetylcholine,brain_intrinsic,visual_centrifugal,NA,NA,cL01,NA,NA,MX7__1,NA,NA,NA,sez,MX7,NA,visual_centrifugal_left,0.9134398,FALSE,"(121485, 82210, 3397)",720575940639295696,flywire,0.622,82,13182871,901,137,NA,2616,297,2217,9,42,242,0,0,0,0,1.606,0.1823,3.246,0.01905,0.061489999999999996,0.5122,683,472.4,170.4,97.22,0.384,0.334,0.538,0.322,0.7203999999999999,126.5,1,3015,427,211,217,1629,1,2913,1,1,0.5531,acetylcholine,0.919,0.932,0.01492,0.8536000000000001,0.06287999999999999,0.023219999999999998,0.007627,0.03712,422,297,NA
mandala,0,"SS38164, SS38165: 0",3,0,0,0,0,0,0,0,0,0,0,0,0,0,0,0,0,NA,0,0,0,0,0,0,0,0,0,0,0,0,0,0,0,0,mandala,720575940616648251,720575940641689040,720575940641689040,80436697678113337,1,incomplete,142479,84522,3164,6512366,154776,85968,2767,right,NA,acetylcholine,brain_intrinsic,visual_centrifugal,NA,NA,cL01,NA,NA,MX7__1,NA,NA,NA,sez,MX7,NA,visual_centrifugal_right,0.8695820,FALSE,"(142479, 84522, 3164)",720575940641689040,flywire,0.9753,134,13739778,1345,141,NA,NA,NA,NA,NA,NA,NA,NA,NA,NA,NA,NA,NA,NA,NA,NA,NA,NA,NA,NA,NA,NA,NA,NA,NA,NA,NA,NA,NA,NA,NA,NA,NA,NA,NA,NA,NA,NA,NA,0.869582,NA,NA,NA,NA,NA,NA,NA,500,455,NA
mandala,0,"SS38164, SS38165: 0",3,0,0,0,0,0,0,0,0,0,0,0,0,0,0,0,0,NA,0,0,0,0,0,0,0,0,0,0,0,0,0,0,0,0,mandala,720575940632089887,720575940632089887,720575940632089887,78958816611717268,1,incomplete,121293,82186,3400,2785881,106904,82232,3453,left,NA,acetylcholine,brain_intrinsic,visual_centrifugal,NA,NA,cL01,NA,NA,MX7__1,NA,NA,NA,sez,MX7,NA,visual_centrifugal_left,0.8204955,FALSE,"(121293, 82186, 3400)",720575940632089887,flywire,1.586,270,17020734,1274,143,NA,3112,784,2981,8,135,638,0,0,0,0,1.544,0.3889,4.785,0.009472,0.21670000000000003,0.7554,622.9,844.6,149.1,136.9,0.448,0.316,0.661,0.372,0.6866,122.4,1,3856,859,420,439,2016,1,3896,1,1,0.6319,acetylcholine,0.8540000000000001,0.8620000000000001,0.04904,0.7666000000000001,0.08202000000000001,0.050850000000000006,0.007766,0.04181000000000001,787,784,NA
mandala,0,"SS38164, SS38165: 0",3,0,0,0,0,0,0,0,0,0,0,0,0,0,0,0,0,NA,0,0,0,0,0,0,0,0,0,0,0,0,0,0,0,0,mandala,720575940632316205,720575940632316205,720575940632316205,78958816611705431,1,adequate,121688,82155,3400,3247720,108024,82608,2899,left,NA,acetylcholine,brain_intrinsic,central,NA,NA,CB2197,NA,NA,MX7__1,NA,NA,NA,sez,MX7,NA,NA,0.8975388,FALSE,"(121688, 82155, 3400)",720575940632316205,flywire,1.435,175,12199214,1090,149,NA,2477,858,2336,7,111,743,0,0,0,0,1.45,0.5023,6.843,0.007957,0.3251,0.8445,341.4,879.8,124,157,0.526,0.324,0.582,0.36,0.7351,108.6,1,3206,667,325,343,1708,1,3335,1,1,0.6382,acetylcholine,0.919,0.933,0.02067,0.8655,0.034,0.031670000000000004,0.006500000000000001,0.03867,837,858,NA
mandala,0,"SS38164, SS38165: 0",3,0,0,0,0,0,0,0,0,0,0,0,0,0,0,0,0,NA,0,0,0,0,0,0,0,0,0,0,0,0,0,0,0,0,mandala,720575940636079502,720575940636079502,720575940636079502,80436697678111932,1,adequate,142768,84440,3164,6512904,156040,85704,2986,right,NA,acetylcholine,brain_intrinsic,visual_centrifugal,NA,NA,cL01,NA,NA,MX7__1,NA,NA,NA,sez,MX7,NA,visual_centrifugal_right,0.7939082,FALSE,"(142768, 84440, 3164)",720575940636079502,flywire,1.862,298,16001785,1400,150,NA,2986,717,2956,10,92,602,0,0,0,0,1.3820000000000001,0.3319,4.8069999999999995,0.010870000000000001,0.1496,0.6544,615,920,132,139.2,0.48,0.31,0.648,0.373,0.7391,140.8,1,4120,806,395,412,2160,1,3703,1,1,0.6481,acetylcholine,0.766,0.765,0.04451,0.6988,0.1096,0.07431,0.02529,0.04569,672,717,NA
mandala,0,"SS38164, SS38165: 0",3,0,0,0,0,0,0,0,0,0,0,0,0,0,0,0,0,NA,0,0,0,0,0,0,0,0,0,0,0,0,0,0,0,0,mandala,720575940610390746,720575940610390746,720575940610390746,78958816611706713,1,incomplete,121734,82069,3397,2695765,105088,82104,3121,left,NA,acetylcholine,brain_intrinsic,visual_centrifugal,NA,NA,cL01,NA,NA,MX7__1,NA,NA,NA,sez,MX7,NA,visual_centrifugal_left,0.8709570,FALSE,"(121734, 82069, 3397)",720575940610390746,flywire,1.249,177,14167172,1108,141,NA,2539,423,2495,5,91,332,0,0,0,0,1.3940000000000001,0.23220000000000002,3.583,0.007706,0.1307,0.5117,696.4,648.9,152.2,140.2,0.416,0.332,0.514,0.364,0.6525,126.1,1,3399,570,283,288,1822,1,2962,1,1,0.6081,acetylcholine,0.8720000000000001,0.881,0.04797,0.801,0.07797000000000001,0.03356,0.00322,0.03475,504,423,NA
mandala,0,"SS38164, SS38165: 0",3,0,0,0,0,0,0,0,0,0,0,0,0,0,0,0,0,NA,0,0,0,0,0,0,0,0,0,0,0,0,0,0,0,0,mandala,720575940651919094,720575940651919094,720575940651919094,78958816611717171,1,incomplete,121685,82042,3400,2696456,106872,81872,3295,left,NA,acetylcholine,brain_intrinsic,visual_centrifugal,NA,NA,cL01,NA,NA,MX7__1,NA,NA,NA,sez,MX7,NA,visual_centrifugal_left,0.8990227,FALSE,"(121685, 82042, 3400)",720575940651919094,flywire,0.51,66,12941326,672,137,NA,2662,221,2496,2,75,141,0,0,0,0,1.71,0.14200000000000002,3.133,0.005912,0.09414,0.41680000000000006,796.7,338.3,158.2,125.2,0.376,0.32,0.578,0.33,0.5364,130.2,1,2854,294,145,150,1557,1,2883,1,1,0.4316,acetylcholine,0.98,1,0.01265,0.8931,0.03286,0.017350000000000004,0.002653,0.03959,455,221,NA
mandala,0,"SS38164, SS38165: 0",3,0,0,0,0,0,0,0,0,0,0,0,0,0,0,0,0,NA,0,0,0,0,0,0,0,0,0,0,0,0,0,0,0,0,mandala,720575940617437697,720575940617437697,720575940617437697,78958816611712158,1,adequate,121566,82190,3400,NA,107950,84974,3074,left,NA,acetylcholine,brain_intrinsic,central,NA,NA,CB3238,NA,NA,MX7__1,NA,NA,NA,sez,MX7,NA,NA,0.8416916,FALSE,"(121566, 82190, 3400)",720575940617437697,flywire,NA,NA,NA,1234,146,NA,2604,965,2162,7,138,818,0,0,0,0,1.404,0.5203,5.111,0.007991,0.3262,0.9338000000000001,423,876,162.4,112.1,0.47,0.32,0.608,0.366,0.7078,110.6,1,3542,861,420,442,1855,1,3569,1,1,0.6652,acetylcholine,0.761,0.757,0.05149,0.6886,0.1496,0.03243,0.0273,0.049600000000000005,NA,965,NA
mandala,0,"SS38164, SS38165: 0",3,0,0,0,0,0,0,0,0,0,0,0,0,0,0,0,0,NA,0,0,0,0,0,0,0,0,0,0,0,0,0,0,0,0,mandala,720575940625979650,720575940625979650,720575940625979650,78958816611716109,1,incomplete,121141,82311,3397,2785752,106496,83176,3311,left,NA,acetylcholine,brain_intrinsic,visual_centrifugal,NA,NA,cL01,NA,NA,MX7__1,NA,NA,NA,sez,MX7,NA,visual_centrifugal_left,0.8159098,FALSE,"(121141, 82311, 3397)",720575940625979650,flywire,1.803,244,13536041,1334,143,NA,3053,788,2934,23,99,676,0,0,0,0,1.476,0.3811,4.848,0.024650000000000002,0.1636,0.7243999999999999,605.2,933.2,115.1,164.9,0.431,0.326,0.668,0.373,0.7182,123.8,1,3874,778,378,401,2068,1,3841,1,1,0.6451,acetylcholine,0.8450000000000001,0.8520000000000001,0.04984,0.7787000000000001,0.06377000000000001,0.06475,0.008197,0.033120000000000004,NA,788,NA
marge,0.1,SS32463: 0.1,2,0,0,0,0,0,0,0,0,0,0,0,0,0,0,0,0,NA,0,0,0,0,0,0,0,0,0,0,0,0,0,0,0,0,marge,720575940620262465,720575940620262465,720575940620262465,81914166294118557,1,NA,163912,79920,2410,6917003,163912,79920,2410,right,NA,glutamate,brain_intrinsic,central,NA,NA,CB0812,NA,NA,NA,NA,NA,NA,midbrain,putative_primary,NA,NA,0.7460854,FALSE,"(163912, 79920, 2410)",720575940620262465,flywire,2.329,1225,52594090,10868,208,NA,7868,3363,5210,2147,1565,1515,0,0,0,0,1.059,0.45280000000000004,1.94,0.899,0.5827,0.6344,2686,2388,83.97,88.48,0.334,0.314,0.826,0.618,0.02945,20.37,1,14756,4533,2199,2334,7427,1,11231,1,1,1.463,glutamate,0.5,0.6649999999999999,0.07261000000000001,0.15560000000000002,0.6128,0.005953,0.06167,0.09014,1617,3363,sez_intrinsic
marge,0.1,SS32463: 0.1,2,0,0,0,0,0,0,0,0,0,0,0,0,0,0,0,0,NA,0,0,0,0,0,0,0,0,0,0,0,0,0,0,0,0,marge,720575940610690372,720575940633941293,720575940633941293,77128748159348120,1,adequate,95024,74544,3053,2133087,95024,74544,3053,left,NA,glutamate,brain_intrinsic,central,NA,NA,CB0812,NA,NA,NA,NA,NA,NA,midbrain,putative_primary,NA,NA,0.6898577,FALSE,"(95024, 74544, 3053)",720575940633941293,flywire,3.602,1640,45533287,9841,212,NA,NA,NA,NA,NA,NA,NA,NA,NA,NA,NA,NA,NA,NA,NA,NA,NA,NA,NA,NA,NA,NA,NA,NA,NA,NA,NA,NA,NA,NA,NA,NA,NA,NA,NA,NA,NA,NA,NA,0.6898576999999999,NA,NA,NA,NA,NA,NA,NA,1996,3741,sez_intrinsic
meteor,0,SS35420: 0,3,0,0,0,0,0,0,0,0,0,0,0,0,0,0,0,0,NA,0,0,0,0,0,0,0,0,0,0,0,0,0,0,0,0,meteor,720575940645474583,720575940618547641,720575940618547641,79874297547907353,1,adequate,134713,91892,3893,5437559,134728,91888,3895,right,NA,dopamine,brain_intrinsic,central,NA,NA,CB0623,1416796844,hb1416796844,NA,NA,NA,NA,sez,MX0__prim,NA,NA,0.7323579,FALSE,"(134713, 91892, 3893)",720575940618547641,flywire,0.6796,390,57384968,9346,182,NA,NA,NA,NA,NA,NA,NA,NA,NA,NA,NA,NA,NA,NA,NA,NA,NA,NA,NA,NA,NA,NA,NA,NA,NA,NA,NA,NA,NA,NA,NA,NA,NA,NA,NA,NA,NA,NA,NA,0.7323578999999999,NA,NA,NA,NA,NA,NA,NA,731,7578,NA
meteor,0,SS35420: 0,3,0,0,0,0,0,0,0,0,0,0,0,0,0,0,0,0,NA,0,0,0,0,0,0,0,0,0,0,0,0,0,0,0,0,meteor,720575940635112544,720575940637656974,720575940637656974,79522316388119281,1,adequate,129520,90552,3927,4706460,129520,90552,3927,left,NA,dopamine,brain_intrinsic,central,NA,NA,CB0623,1416796844,hb1416796844,NA,NA,NA,NA,sez,MX0__prim,NA,NA,0.8408577,FALSE,"(129520, 90552, 3927)",720575940637656974,flywire,0.9518,486,51061275,2,164,NA,NA,NA,NA,NA,NA,NA,NA,NA,NA,NA,NA,NA,NA,NA,NA,NA,NA,NA,NA,NA,NA,NA,NA,NA,NA,NA,NA,NA,NA,NA,NA,NA,NA,NA,NA,NA,NA,NA,0.8408577,NA,NA,NA,NA,NA,NA,NA,1439,9650,NA
mime,0,SS47275: 0,3,0,0,0,0,0,0,0,0,0,0,0,0,0,0,0,0,NA,0,0,0,0,0,0,0,0,0,0,0,0,0,0,0,0,mime,720575940627936515,720575940627936515,720575940627936515,79944597639762473,1,NA,136104,91112,4444,5458918,136104,91112,4444,right,NA,acetylcholine,brain_intrinsic,central,NA,NA,CB0963,NA,NA,LB5__0,NA,NA,NA,sez,LB5,NA,NA,0.6264536,FALSE,"(136104, 91112, 4444)",720575940627936515,flywire,2.462,408,16571939,6188,210,NA,1107,558,877,230,87,462,0,0,0,0,0.5332,0.26880000000000004,1.779,0.23,0.17650000000000002,0.462,492.9,1000,39.46,150.7,0.38,0.315,0.592,0.45,0.304,23.76,1,4142,1072,523,550,2076,1,1665,1,1,2.981,acetylcholine,0.7,0.694,0.0149,0.5418000000000001,0.1024,4.08e-4,0.21730000000000002,0.12120000000000002,262,558,sez_intrinsic
mime,0,SS47275: 0,3,0,0,0,0,0,0,0,0,0,0,0,0,0,0,0,0,NA,0,0,0,0,0,0,0,0,0,0,0,0,0,0,0,0,mime,720575940637742150,720575940637742150,720575940637742150,79450779278345893,1,adequate,128068,72876,2702,4707908,128968,89768,4647,left,NA,acetylcholine,brain_intrinsic,central,NA,NA,CB0963,NA,NA,LB5__0,NA,NA,NA,sez,LB5,NA,NA,0.6669883,FALSE,"(128068, 72876, 2702)",720575940637742150,flywire,5.146,836,16244301,7421,210,NA,1377,906,1042,251,185,688,0,0,0,0,0.5689000000000001,0.3743,1.781,0.21770000000000003,0.3163,0.5967,585,1153,74.25,153.3,0.386,0.296,0.559,0.457,0.27040000000000003,23.2,1,4774,1194,585,610,2421,1,2283,1,1,3.065,acetylcholine,0.756,0.754,0.02348,0.6767,0.08044,2.9e-4,0.12420000000000002,0.09362000000000001,314,906,sez_intrinsic
mime,0,SS47275: 0,3,0,0,0,0,0,0,0,0,0,0,0,0,0,0,0,0,NA,0,0,0,0,0,0,0,0,0,0,0,0,0,0,0,0,mime,720575940624273149,720575940624273149,720575940624273149,79591654407214383,1,incomplete,130340,75152,4419,4706733,124032,90336,4798,left,NA,acetylcholine,brain_intrinsic,central,NA,NA,CB1974,NA,NA,LB5__0,NA,NA,NA,sez,LB5,NA,NA,0.4774027,FALSE,"(130340, 75152, 4419)",720575940624273149,flywire,3.73,454,12171617,5645,200,NA,1197,617,497,506,101,469,0,0,0,0,0.6131,0.316,1.966,0.5231,0.3996,0.48480000000000006,252.8,967.4,35.339999999999996,215.8,0.374,0.326,0.476,0.468,0.08084,9.097,1,3850,959,471,489,1952,1,1814,1,1,2.892,acetylcholine,0.47200000000000003,0.43800000000000006,0.04297,0.41380000000000006,0.25980000000000003,3.12e-4,0.1753,0.10780000000000001,304,617,sez_intrinsic
mime,0,SS47275: 0,3,0,0,0,0,0,0,0,0,0,0,0,0,0,0,0,0,NA,0,0,0,0,0,0,0,0,0,0,0,0,0,0,0,0,mime,720575940634788247,720575940634788247,720575940634788247,79591654407221504,1,incomplete,130437,75007,4419,4707871,128600,88632,4485,left,NA,acetylcholine,brain_intrinsic,central,NA,NA,CB1097,NA,NA,LB5__0,NA,NA,NA,sez,LB5,NA,NA,0.7775341,FALSE,"(130437, 75007, 4419)",720575940634788247,flywire,4.141,524,12654542,3475,193,NA,1252,829,400,764,81,705,0,0,0,0,0.6532,0.43250000000000005,1.9329999999999998,0.6730999999999999,0.3914,0.6211,207,1135,115,148.8,0.387,0.308,0.514,0.414,0.06059,24.88,1,3768,934,456,479,1917,1,2081,1,1,1.813,acetylcholine,0.8240000000000001,0.8310000000000001,0.007231,0.7328,0.013230000000000002,0.004462000000000001,0.14350000000000002,0.09862000000000001,265,829,sez_intrinsic
mime,0,SS47275: 0,3,0,0,0,0,0,0,0,0,0,0,0,0,0,0,0,0,NA,0,0,0,0,0,0,0,0,0,0,0,0,0,0,0,0,mime,720575940638557312,720575940638557312,720575940638557312,79591654407204311,1,incomplete,130438,74912,4419,4707014,125480,89968,4786,left,NA,acetylcholine,brain_intrinsic,central,NA,NA,CB2355,NA,NA,LB5__0,NA,NA,NA,sez,LB5,NA,NA,0.7302693,FALSE,"(130438, 74912, 4419)",720575940638557312,flywire,4.833,705,14587920,6700,213,NA,1500,955,1064,387,191,740,0,0,0,0,0.6717,0.42760000000000004,2.0509999999999997,0.3569,0.36819999999999997,0.6824999999999999,518.7,1084,67.78,165.6,0.408,0.296,0.587,0.462,0.2093,20.38,1,4387,1024,500,525,2233,1,2455,1,1,3,acetylcholine,0.561,0.549,0.006471,0.5398000000000001,0.006667,3.92e-4,0.3831,0.06373000000000001,302,955,sez_intrinsic
mime,0,SS47275: 0,3,0,0,0,0,0,0,0,0,0,0,0,0,0,0,0,0,NA,0,0,0,0,0,0,0,0,0,0,0,0,0,0,0,0,mime,720575940613828202,720575940618502361,720575940613828202,81210960089871015,1,NA,153880,87592,3888,6513490,153880,87592,3888,right,NA,acetylcholine,brain_intrinsic,central,NA,NA,CB2299,NA,NA,LB5__0,NA,NA,NA,sez,LB5,NA,NA,0.6266200,FALSE,"(153880, 87592, 3888)",720575940618502361,flywire,6.348,902,14209558,6276,206,NA,1584,590,1367,217,179,398,0,0,0,0,0.8806,0.328,2.4939999999999998,0.30069999999999997,0.3266,0.5516000000000001,548.1,721.6,35.13,211.1,0.374,0.322,0.594,0.436,0.23970000000000002,11.53,1,3468,774,379,395,1799,1,2174,1,1,3.489,acetylcholine,0.56,0.533,0.02644,0.4947,0.2267,4.44e-4,0.14090000000000003,0.1104,179,590,sez_intrinsic
mime,0,SS47275: 0,3,0,0,0,0,0,0,0,0,0,0,0,0,0,0,0,0,NA,0,0,0,0,0,0,0,0,0,0,0,0,0,0,0,0,mime,720575940622688765,720575940622688765,720575940622688765,81210960089958526,1,NA,154512,87368,3943,6513682,154512,87368,3943,right,NA,acetylcholine,brain_intrinsic,central,NA,NA,CB0963,NA,NA,LB5__0,NA,NA,NA,sez,LB5,NA,NA,0.4880406,FALSE,"(154512, 87368, 3943)",720575940622688765,flywire,5.098,575,11279390,7000,200,NA,1198,592,361,832,28,560,0,0,0,0,0.5691,0.2812,2.5119999999999996,0.6466000000000001,0.1948,0.43520000000000003,143.7,1287,102.6,213.9,0.409,0.322,0.516,0.442,0.08047,11.71,1,4128,999,489,511,2105,1,1790,1,1,3.325,acetylcholine,0.514,0.48100000000000004,0.02296,0.4237,0.278,7.41e-4,0.1917,0.08259000000000001,277,592,sez_intrinsic
mime,0,SS47275: 0,3,0,0,0,0,0,0,0,0,0,0,0,0,0,0,0,0,NA,0,0,0,0,0,0,0,0,0,0,0,0,0,0,0,0,mime,720575940614223154,720575940623641932,720575940629987587,79591654407227574,1,incomplete,130288,75302,4422,4707521,127248,90048,4688,left,NA,acetylcholine,brain_intrinsic,central,NA,NA,CB2299,NA,NA,LB5__0,NA,NA,NA,sez,LB5,NA,NA,0.6494199,FALSE,"(130288, 75302, 4422)",720575940623641932,flywire,4.203,601,14300004,5992,219,NA,NA,NA,NA,NA,NA,NA,NA,NA,NA,NA,NA,NA,NA,NA,NA,NA,NA,NA,NA,NA,NA,NA,NA,NA,NA,NA,NA,NA,NA,NA,NA,NA,NA,NA,NA,NA,NA,NA,0.6494198999999999,NA,NA,NA,NA,NA,NA,NA,NA,NA,NA
mime,0,SS47275: 0,3,0,0,0,0,0,0,0,0,0,0,0,0,0,0,0,0,NA,0,0,0,0,0,0,0,0,0,0,0,0,0,0,0,0,mime,720575940621149709,720575940621149709,720575940621149709,80014897731180636,1,NA,136776,90360,4658,5343884,136776,90360,4658,right,NA,acetylcholine,brain_intrinsic,central,NA,NA,CB1097,NA,NA,LB5__0,NA,NA,NA,sez,LB5,NA,NA,0.5214697,FALSE,"(136776, 90360, 4658)",720575940621149709,flywire,4.12,509,12355129,4121,195,NA,1247,544,982,264,207,333,0,0,0,0,0.7882999999999999,0.3439,2.088,0.378,0.4401,0.47680000000000006,470.4,698.4,66.6,141.8,0.378,0.33,0.506,0.408,0.12340000000000001,21.92,1,3140,769,375,395,1582,1,1791,1,1,2.605,acetylcholine,0.6739999999999999,0.6609999999999999,0.02492,0.5017,0.14880000000000002,0.002542,0.1476,0.17220000000000002,263,544,sez_intrinsic
mime,0,SS47275: 0,3,0,0,0,0,0,0,0,0,0,0,0,0,0,0,0,0,NA,0,0,0,0,0,0,0,0,0,0,0,0,0,0,0,0,mime,720575940630575943,720575940630575943,720575940630575943,79591654407218078,1,incomplete,130112,75146,4419,4708060,130048,88544,4334,left,NA,acetylcholine,brain_intrinsic,central,NA,NA,CB1974,NA,NA,LB5__0,NA,NA,NA,sez,LB5,NA,NA,0.6230834,FALSE,"(130112, 75146, 4419)",720575940630575943,flywire,3.576,475,13281924,4982,206,NA,1484,718,1157,118,248,407,0,0,0,0,0.7456,0.3608,2.034,0.14590000000000003,0.43600000000000005,0.5033,568.8,808.6,68.64999999999999,152.6,0.35,0.29,0.559,0.426,0.2441,15.33,1,3910,927,450,478,1990,1,2202,1,1,2.504,acetylcholine,0.73,0.725,0.01681,0.5868,0.13990000000000002,0.006812,0.1164,0.133,250,718,sez_intrinsic
mime,0,SS47275: 0,3,0,0,0,0,0,0,0,0,0,0,0,0,0,0,0,0,NA,0,0,0,0,0,0,0,0,0,0,0,0,0,0,0,0,mime,720575940637788137,720575940637788137,720575940637788137,79944528920501087,1,NA,135816,90712,4616,5458638,135816,90712,4616,right,NA,acetylcholine,brain_intrinsic,central,NA,NA,CB2355,NA,NA,LB5__0,NA,NA,NA,sez,LB5,NA,NA,0.6949845,FALSE,"(135816, 90712, 4616)",720575940637788137,flywire,3.166,468,14781446,5802,202,NA,1494,809,1088,405,244,549,0,0,0,0,0.7102999999999999,0.3846,1.7149999999999999,0.41350000000000003,0.3845,0.5605,634.6,979.4,30.9,149,0.396,0.314,0.603,0.448,0.12940000000000002,15.79,1,4142,997,490,508,2103,1,2303,1,1,2.759,acetylcholine,0.692,0.69,0.008851,0.6255,0.01034,3.45e-4,0.276,0.07793000000000001,279,809,sez_intrinsic
mime,0,SS47275: 0,3,0,0,0,0,0,0,0,0,0,0,0,0,0,0,0,0,NA,0,0,0,0,0,0,0,0,0,0,0,0,0,0,0,0,mime,720575940624253991,720575940624253991,720575940624253991,79591654407222477,1,incomplete,130472,74766,4422,4707424,126576,89424,4534,left,NA,acetylcholine,brain_intrinsic,central,NA,NA,CB0963,NA,NA,LB5__0,NA,NA,NA,sez,LB5,NA,NA,0.7185958,FALSE,"(130472, 74766, 4422)",720575940624253991,flywire,3.858,567,14695831,7053,208,NA,1459,746,1030,282,102,618,0,0,0,0,0.6187,0.3164,1.8920000000000001,0.2401,0.1873,0.5261,544.4,1175,25.34,143.4,0.392,0.304,0.602,0.48,0.3169,27.67,1,4605,973,479,495,2358,1,2205,1,1,2.991,acetylcholine,0.745,0.742,0.01274,0.6315,0.07274000000000001,3.23e-4,0.17350000000000002,0.10660000000000001,323,746,sez_intrinsic
mime,0,SS47275: 0,3,0,0,0,0,0,0,0,0,0,0,0,0,0,0,0,0,NA,0,0,0,0,0,0,0,0,0,0,0,0,0,0,0,0,mime,720575940634844408,720575940634844408,720575940634844408,80085266475442318,1,adequate,137208,89792,4712,5343939,137208,89792,4712,right,NA,acetylcholine,brain_intrinsic,central,NA,NA,CB0963,NA,NA,LB5__0,NA,NA,NA,sez,LB5,NA,NA,0.6928903,FALSE,"(137208, 89792, 4712)",720575940634844408,flywire,2.251,386,17145476,7242,211,NA,1389,718,1094,294,95,610,0,0,0,0,0.6211,0.321,2.261,0.2586,0.1963,0.5366000000000001,483.9,1137,72.75,144,0.402,0.314,0.581,0.488,0.326,22.45,1,4411,1112,543,570,2237,1,2107,1,1,3.237,acetylcholine,0.728,0.726,0.01436,0.6471,0.05532,0.004032,0.1895,0.08823,290,718,sez_intrinsic
mime,0,SS47275: 0,3,0,0,0,0,0,0,0,0,0,0,0,0,0,0,0,0,NA,0,0,0,0,0,0,0,0,0,0,0,0,0,0,0,0,mime,720575940629598935,720575940629598935,720575940629598935,79874160176232760,1,NA,134648,89728,4545,5343434,134648,89728,4545,right,NA,acetylcholine,brain_intrinsic,central,NA,NA,CB1097,NA,NA,LB5__0,NA,NA,NA,sez,LB5,NA,NA,0.6745043,FALSE,"(134648, 89728, 4545)",720575940629598935,flywire,3.302,416,12597825,3787,195,NA,1346,679,858,486,253,423,0,0,0,0,0.7950999999999999,0.4011,2.058,0.6056,0.6068,0.5271,416.9,802.5,71.33,149.3,0.392,0.314,0.504,0.408,0.04943,17.62,1,3304,807,393,415,1693,1,2025,1,1,2.237,acetylcholine,0.7909999999999999,0.7969999999999999,0.010159999999999999,0.6544,0.01594,0.014530000000000001,0.2116,0.09297,299,679,sez_intrinsic
moor,0,"SS38140, SS45952, SS51939: 0",2,0,0,0,0,0,0,0,0,0,0,0,0,0,0,0,0,NA,0,0,0,0,0,0,0,0,0,0,0,0,0,0,0,0,moor,720575940635574958,720575940635574958,720575940635574958,79592616479675930,1,NA,130056,89328,4254,4708062,130056,89328,4254,left,NA,gaba,brain_intrinsic,central,NA,NA,CB0834,NA,NA,NA,NA,NA,NA,midbrain,putative_primary,NA,NA,0.4796489,FALSE,"(130056, 89328, 4254)",720575940635574958,flywire,0.6434,113,17561603,1531,153,NA,1956,988,856,1008,111,709,0,0,0,0,0.7544,0.3811,1.9069999999999998,0.6819999999999999,0.24730000000000002,0.4797,448.9,1478,8.901,93.09,0.444,0.352,0.963,0.432,0.08674000000000001,62.73,1,4999,1370,666,705,2593,1,2944,1,1,0.5904,unknown,NA,0.388,0.3757,0.24720000000000003,0.30419999999999997,0.007653,0.0148,0.04857,800,988,sez_intrinsic
moor,0,"SS38140, SS45952, SS51939: 0",2,0,0,0,0,0,0,0,0,0,0,0,0,0,0,0,0,NA,0,0,0,0,0,0,0,0,0,0,0,0,0,0,0,0,moor,720575940611849826,720575940611849826,720575940611849826,79803722645463233,1,NA,133640,89552,4029,5342687,133640,89552,4029,right,NA,gaba,brain_intrinsic,central,NA,NA,CB0834,NA,NA,NA,NA,NA,NA,midbrain,putative_primary,NA,NA,0.4057305,FALSE,"(133640, 89552, 4029)",720575940611849826,flywire,1.142,191,16724357,1625,155,NA,2408,1165,1191,677,433,394,0,0,0,0,0.9094,0.44,1.4069999999999998,0.7754,0.5114,0.45130000000000003,846.8,873.1,25.47,87.5,0.386,0.37,0.902,0.383,0.009277,33.3,1,5093,1430,694,737,2648,1,3573,1,1,0.6137,unknown,NA,0.361,0.3215,0.2388,0.36119999999999997,0.01124,0.026080000000000002,0.03918,997,1165,sez_intrinsic
mothership,0,SS38535: 0,2,0,0,0,0,0,0,0,0,0,0,0,0,0,0,0,0,NA,0,0,0,0,0,0,0,0,0,0,0,0,0,0,0,0,mothership,720575940620714150,720575940620714150,720575940620714150,79874160242993436,1,NA,135024,90272,4819,5343470,135024,90272,4819,right,CV,gaba,brain_vnc_transfer,descending,descending_neuron,NA,DNge046,NA,NA,NA,NA,NA,NA,sez,LB5__prim,NA,descending_right,0.5256463,FALSE,"(135024, 90272, 4819)",720575940620714150,flywire,0.6506,198,30434471,2588,140,NA,4703,3475,2865,1764,2047,1427,0,0,0,0,0.7142,0.5277000000000001,0.7692,0.6863999999999999,0.5496000000000001,0.5553,3724,2570,159.7,88.05,0.306,0.294,0.866,0.562,6.61e-4,69.77,1,12962,4195,2033,2163,6585,1,8178,1,1,0.393,gaba,0.48400000000000004,0.455,0.4177,0.2315,0.29950000000000004,0.009956999999999999,0.014419999999999999,0.026490000000000003,2132,NA,sez_descending
mothership,0,SS38535: 0,2,0,0,0,0,0,0,0,0,0,0,0,0,0,0,0,0,NA,0,0,0,0,0,0,0,0,0,0,0,0,0,0,0,0,mothership,720575940644758308,720575940644758308,720575940644758308,79099966618077308,1,NA,123296,88584,4784,3826549,123296,88584,4784,left,CV,gaba,brain_vnc_transfer,descending,descending_neuron,NA,DNge046,NA,NA,NA,NA,NA,NA,sez,LB5__prim,NA,descending_left,0.5135100,FALSE,"(123296, 88584, 4784)",720575940644758308,flywire,0.6372,169,26523334,2801,140,NA,5644,4245,0,5644,0,4245,0,0,0,0,0.7342,0.5522,0,0.7342,0,0.5522,0,7687,0,0,0,0.3,0,0,NA,NA,1,15275,5630,2732,2899,7687,1,9889,1,1,0.3644,gaba,0.463,0.43700000000000006,0.4092,0.24300000000000002,0.2639,0.005828000000000001,0.0345,0.04202,2534,NA,sez_descending
mute,0,SS42606: 0,No path,0,0,0,0,0,0,0,0,0,0,0,0,0,0,0,0,NA,0,0,0,0,0,0,0,0,0,0,0,0,0,0,0,0,mute,720575940630119532,720575940630119532,720575940630119532,80225728884651842,1,incomplete,139993,86284,3263,6510575,150840,88368,2278,right,CV,acetylcholine,brain_vnc_transfer,descending,descending_neuron,NA,DNge172,NA,NA,MX3__7,NA,NA,NA,sez,MX3,NA,descending_right,0.7558453,FALSE,"(139993, 86284, 3263)",720575940630119532,flywire,3.572,1996,55876129,5180,162,NA,99,742,28,44,0,731,0,0,0,0,0.03092,0.2318,21.66,0.0157,0,0.26080000000000003,1.293,2803,149.7,173,0.974,0.314,0.802,0.756,0.3028,24.51,1,6159,1815,883,933,3201,1,841,1,1,1.618,acetylcholine,0.601,0.5790000000000001,0.05263000000000001,0.5468000000000001,0.2211,0.05,0.09946999999999999,0.03,NA,NA,sez_descending
mute,0,SS42606: 0,No path,0,0,0,0,0,0,0,0,0,0,0,0,0,0,0,0,NA,0,0,0,0,0,0,0,0,0,0,0,0,0,0,0,0,mute,720575940616921629,720575940622420902,720575940624991495,79591723126711561,1,adequate,130382,75497,4419,3250084,115208,88304,3110,left,CV,acetylcholine,brain_vnc_transfer,descending,descending_neuron,NA,DNge172,NA,NA,MX3__7,NA,NA,NA,sez,MX3,NA,descending_left,0.8251270,FALSE,"(130382, 75497, 4419)",720575940622420902,flywire,4.817,2053,42619618,6184,173,NA,NA,NA,NA,NA,NA,NA,NA,NA,NA,NA,NA,NA,NA,NA,NA,NA,NA,NA,NA,NA,NA,NA,NA,NA,NA,NA,NA,NA,NA,NA,NA,NA,NA,NA,NA,NA,NA,NA,0.825127,NA,NA,NA,NA,NA,NA,NA,NA,NA,NA
nagini,0,SS47322: 0,3,0,0,0,0,0,0,0,0,0,0,0,0,0,0,0,0,NA,0,0,0,0,0,0,0,0,0,0,0,0,0,0,0,0,nagini,720575940625870640,720575940625870640,720575940625870640,80225934908847691,1,NA,139240,89616,2233,5342507,139240,89616,2233,right,CV,acetylcholine,brain_vnc_transfer,descending,descending_neuron,NA,DNg15,NA,NA,NA,NA,NA,NA,midbrain,putative_primary,NA,descending_right,0.4354742,FALSE,"(139240, 89616, 2233)",720575940625870640,flywire,0.6639,338,50914724,2972,141,NA,371,9202,0,371,0,9202,0,0,0,0,0.08867,2.199,0,0.08867,0,2.199,0,4184,0,0,0,0.382,0,0,NA,NA,1,7500,2779,1343,1437,4184,1,9573,1,1,0.7103,acetylcholine,0.635,0.623,0.1168,0.46340000000000003,0.12090000000000001,0.03195,0.13770000000000002,0.1278,37,NA,sez_descending
nagini,0,SS47322: 0,3,0,0,0,0,0,0,0,0,0,0,0,0,0,0,0,0,NA,0,0,0,0,0,0,0,0,0,0,0,0,0,0,0,0,nagini,720575940627825923,720575940627825923,720575940627825923,78114528986223376,1,NA,109328,84192,2345,3248137,109328,84192,2345,left,CV,acetylcholine,brain_vnc_transfer,descending,descending_neuron,NA,DNg15,NA,NA,NA,NA,NA,NA,midbrain,putative_primary,NA,descending_left,0.4337829,FALSE,"(109328, 84192, 2345)",720575940627825923,flywire,1.116,669,59941128,2755,142,NA,345,7630,0,345,0,7630,0,0,0,0,0.07994,1.768,0,0.07994,0,1.768,0,4316,0,0,0,0.394,0,0,NA,NA,1,7644,2671,1295,1377,4316,1,7975,1,1,0.6383,acetylcholine,0.601,0.589,0.1611,0.4489,0.13140000000000002,0.02018,0.1159,0.12270000000000002,10,NA,sez_descending
nori,0,SS50701: 0,1,0,0,0,0,0,0,0,0,0,0,0,0,0,0,0,0,NA,0,0,0,0,0,0,0,0,0,0,0,0,0,0,0,0,nori,720575940616851030,720575940616851030,720575940616851030,81632897609869826,1,NA,160448,83016,3312,6963260,160448,83016,3312,right,NA,gaba,brain_intrinsic,central,NA,NA,CB2516,NA,NA,NA,NA,NA,NA,midbrain,putative_primary,NA,NA,0.6280767,FALSE,"(160448, 83016, 3312)",720575940616851030,flywire,2.445,447,18282189,4856,225,NA,1727,519,1175,261,76,419,0,0,0,0,1.024,0.3078,4.7330000000000005,0.2841,0.3061,0.4561,248.3,918.7,42.5,60.55,0.54,0.338,0.75,0.478,0.32730000000000004,30.1,1,3226,839,409,431,1686,1,2246,1,1,2.88,gaba,0.603,0.591,0.5559000000000001,0.17890000000000003,0.21840000000000004,0.00045500000000000006,0.015,0.029089999999999998,844,519,sez_intrinsic
nori,0,SS50701: 0,1,0,0,0,0,0,0,0,0,0,0,0,0,0,0,0,0,NA,0,0,0,0,0,0,0,0,0,0,0,0,0,0,0,0,nori,720575940630670454,720575940635249177,720575940630670454,77410360709406370,1,NA,99064,76728,3790,2687358,99064,76728,3790,left,NA,gaba,brain_intrinsic,central,NA,NA,CB2516,NA,NA,NA,NA,NA,NA,midbrain,putative_primary,NA,NA,0.6998855,FALSE,"(99064, 76728, 3790)",720575940635249177,flywire,1.89,381,20155316,3837,235,NA,1803,565,110,698,2,418,0,0,0,0,1.01,0.3164,13.02,0.7233999999999999,0.2368,0.43320000000000003,8.447,964.9,36.36,109.9,1.338,0.364,0.834,0.481,0.05165000000000001,12.11,1,3388,942,456,487,1786,1,2368,1,1,2.148,gaba,0.5710000000000001,0.5650000000000001,0.5113,0.1643,0.21520000000000003,0.001087,0.08413000000000001,0.02152,957,565,sez_intrinsic
nori,0,SS50701: 0,1,0,0,0,0,0,0,0,0,0,0,0,0,0,0,0,0,NA,0,0,0,0,0,0,0,0,0,0,0,0,0,0,0,0,nori,720575940630679801,720575940630679801,720575940630679801,81844003842323755,1,NA,163704,83368,3257,6964169,163704,83368,3257,right,NA,gaba,brain_intrinsic,central,NA,NA,CB2516,NA,NA,NA,NA,NA,NA,midbrain,putative_primary,NA,NA,0.6274103,FALSE,"(163704, 83368, 3257)",720575940630679801,flywire,2.453,435,17736090,5344,225,NA,1700,503,1168,180,107,376,0,0,0,0,0.9971,0.29500000000000004,4.137,0.1968,0.379,0.4111,282.3,914.5,38.260000000000005,85.48,0.51,0.334,0.75,0.466,0.3207,27.13,1,3262,892,436,457,1705,1,2203,1,1,3.134,gaba,0.615,0.59,0.5503,0.09787,0.308,1.64e-4,0.016390000000000002,0.026560000000000004,862,503,sez_intrinsic
oink,0,SS47078: 0,3,0,0,0,0,0,0,0,0,0,0,0,0,0,0,0,0,NA,0,0,0,0,0,0,0,0,0,0,0,0,0,0,0,0,oink,720575940616172033,720575940633571020,720575940633571020,79240016509031163,1,incomplete,125225,78346,1723,3193003,110952,80928,1538,left,NA,glutamate,brain_intrinsic,central,NA,NA,CB2968,NA,NA,TRdm__0,NA,NA,"\[YY] root_id have a different cell body compared to root_630. The cell body on root_id corresponds to the nucleus_id. 


",sez,TRdm,NA,NA,0.6026669,FALSE,"(125225, 78346, 1723)",720575940633571020,flywire,2.426,288,11872380,3087,212,NA,NA,NA,NA,NA,NA,NA,NA,NA,NA,NA,NA,NA,NA,NA,NA,NA,NA,NA,NA,NA,NA,NA,NA,NA,NA,NA,NA,NA,NA,NA,NA,NA,NA,NA,NA,NA,NA,NA,0.6026668999999999,NA,NA,NA,NA,NA,NA,NA,164,473,sez_intrinsic
oink,0,SS47078: 0,3,0,0,0,0,0,0,0,0,0,0,0,0,0,0,0,0,NA,0,0,0,0,0,0,0,0,0,0,0,0,0,0,0,0,oink,720575940633156799,720575940633156799,720575940633156799,80155291152461792,1,incomplete,138344,85292,1483,6506422,149920,83424,1346,right,NA,glutamate,brain_intrinsic,central,NA,NA,CB2968,NA,NA,TRdm__0,NA,NA,NA,sez,TRdm,NA,NA,0.4933978,FALSE,"(138344, 85292, 1483)",720575940633156799,flywire,4.855,865,17817158,3810,209,NA,833,676,541,210,122,490,0,0,0,0,0.5514,0.4475,1.842,0.268,0.41540000000000005,0.6253,293.7,783.6,22.51,85.78,0.388,0.304,0.449,0.37,0.20640000000000003,13.2,1,2960,778,378,401,1511,1,1509,1,1,2.522,glutamate,0.308,0.405,0.1981,0.1395,0.3792,0,0.07730000000000001,0.2051,221,676,sez_intrinsic
oink,0,SS47078: 0,3,0,0,0,0,0,0,0,0,0,0,0,0,0,0,0,0,NA,0,0,0,0,0,0,0,0,0,0,0,0,0,0,0,0,oink,720575940616851030,720575940616851030,720575940616851030,81632897609869826,1,NA,160448,83016,3312,6963260,160448,83016,3312,right,NA,gaba,brain_intrinsic,central,NA,NA,CB2516,NA,NA,NA,NA,NA,NA,midbrain,putative_primary,NA,NA,0.6280767,FALSE,"(160448, 83016, 3312)",720575940616851030,flywire,2.445,447,18282189,4856,225,NA,1727,519,1175,261,76,419,0,0,0,0,1.024,0.3078,4.7330000000000005,0.2841,0.3061,0.4561,248.3,918.7,42.5,60.55,0.54,0.338,0.75,0.478,0.32730000000000004,30.1,1,3226,839,409,431,1686,1,2246,1,1,2.88,gaba,0.603,0.591,0.5559000000000001,0.17890000000000003,0.21840000000000004,0.00045500000000000006,0.015,0.029089999999999998,844,519,sez_intrinsic
oink,0,SS47078: 0,3,0,0,0,0,0,0,0,0,0,0,0,0,0,0,0,0,NA,0,0,0,0,0,0,0,0,0,0,0,0,0,0,0,0,oink,720575940635613358,720575940635613358,720575940635613358,80155291152459160,1,adequate,138452,85203,1483,6507055,150792,83184,1385,right,NA,glutamate,brain_intrinsic,central,NA,NA,CB2968,NA,NA,TRdm__0,NA,NA,NA,sez,TRdm,NA,NA,0.4030799,FALSE,"(138452, 85203, 1483)",720575940635613358,flywire,4.637,735,15850527,3601,210,NA,753,600,573,179,131,447,0,0,0,0,0.48430000000000006,0.3859,1.889,0.21780000000000002,0.43190000000000006,0.544,303.3,821.8,30.08,86.59,0.362,0.294,0.468,0.356,0.21700000000000003,11.61,1,3096,942,462,481,1555,1,1353,1,1,2.316,glutamate,0.326,0.42900000000000005,0.15620000000000003,0.1105,0.3505,4.76e-4,0.08286,0.29830000000000007,213,600,sez_intrinsic
oink,0,SS47078: 0,3,0,0,0,0,0,0,0,0,0,0,0,0,0,0,0,0,NA,0,0,0,0,0,0,0,0,0,0,0,0,0,0,0,0,oink,720575940630670454,720575940635249177,720575940630670454,77410360709406370,1,NA,99064,76728,3790,2687358,99064,76728,3790,left,NA,gaba,brain_intrinsic,central,NA,NA,CB2516,NA,NA,NA,NA,NA,NA,midbrain,putative_primary,NA,NA,0.6998855,FALSE,"(99064, 76728, 3790)",720575940635249177,flywire,1.89,381,20155316,3837,235,NA,1803,565,110,698,2,418,0,0,0,0,1.01,0.3164,13.02,0.7233999999999999,0.2368,0.43320000000000003,8.447,964.9,36.36,109.9,1.338,0.364,0.834,0.481,0.05165000000000001,12.11,1,3388,942,456,487,1786,1,2368,1,1,2.148,gaba,0.5710000000000001,0.5650000000000001,0.5113,0.1643,0.21520000000000003,0.001087,0.08413000000000001,0.02152,957,565,sez_intrinsic
oink,0,SS47078: 0,3,0,0,0,0,0,0,0,0,0,0,0,0,0,0,0,0,NA,0,0,0,0,0,0,0,0,0,0,0,0,0,0,0,0,oink,720575940626348106,720575940626348106,720575940626348106,78958885129827505,1,incomplete,120872,82767,1804,3193091,111224,79648,1657,left,NA,glutamate,brain_intrinsic,central,NA,NA,CB2968,NA,NA,TRdm__0,NA,NA,NA,sez,TRdm,NA,NA,0.5938698,FALSE,"(120872, 82767, 1804)",720575940626348106,flywire,7.519,1047,13925296,3909,218,NA,708,642,284,344,173,426,0,0,0,0,0.4318000000000001,0.3916,0.7920999999999999,0.4711,0.48250000000000004,0.5834999999999999,358.6,730.1,5.213,100.2,0.32,0.32,0.441,0.414,0.02076,18.85,1,3202,830,407,423,1640,1,1350,1,1,2.384,glutamate,0.40800000000000003,0.541,0.08216000000000001,0.09,0.4792,0.02189,0.14620000000000002,0.17950000000000002,190,642,sez_intrinsic
oink,0,SS47078: 0,3,0,0,0,0,0,0,0,0,0,0,0,0,0,0,0,0,NA,0,0,0,0,0,0,0,0,0,0,0,0,0,0,0,0,oink,720575940630679801,720575940630679801,720575940630679801,81844003842323755,1,NA,163704,83368,3257,6964169,163704,83368,3257,right,NA,gaba,brain_intrinsic,central,NA,NA,CB2516,NA,NA,NA,NA,NA,NA,midbrain,putative_primary,NA,NA,0.6274103,FALSE,"(163704, 83368, 3257)",720575940630679801,flywire,2.453,435,17736090,5344,225,NA,1700,503,1168,180,107,376,0,0,0,0,0.9971,0.29500000000000004,4.137,0.1968,0.379,0.4111,282.3,914.5,38.260000000000005,85.48,0.51,0.334,0.75,0.466,0.3207,27.13,1,3262,892,436,457,1705,1,2203,1,1,3.134,gaba,0.615,0.59,0.5503,0.09787,0.308,1.64e-4,0.016390000000000002,0.026560000000000004,862,503,sez_intrinsic
oink,0,SS47078: 0,3,0,0,0,0,0,0,0,0,0,0,0,0,0,0,0,0,NA,0,0,0,0,0,0,0,0,0,0,0,0,0,0,0,0,oink,720575940613222195,720575940613222195,720575940613222195,78888516385633667,1,incomplete,120313,83313,1804,3193090,111248,78336,1566,left,NA,gaba,brain_intrinsic,central,NA,NA,CB2054,NA,NA,TRdm__0,NA,NA,NA,sez,TRdm,NA,NA,0.8307750,FALSE,"(120313, 83313, 1804)",720575940613222195,flywire,0.8654,122,14097312,1108,193,NA,1314,460,1261,4,339,84,0,0,0,0,1.275,0.4464,2.9159999999999995,0.01677,0.7838999999999999,0.35219999999999996,432.4,238.5,66.99000000000001,95.2,0.362,0.302,0.422,0.404,0.1134,15.66,1,1943,496,243,254,1031,1,1774,1,1,1.075,gaba,0.733,0.758,0.7312,0.1261,0.01939,0,0.05606,0.06546,932,460,sez_intrinsic
oink,0,SS47078: 0,3,0,0,0,0,0,0,0,0,0,0,0,0,0,0,0,0,NA,0,0,0,0,0,0,0,0,0,0,0,0,0,0,0,0,oink,720575940626376600,720575940626376600,720575940626376600,80155291152461766,1,incomplete,138570,85272,1483,6505654,148760,82616,1384,right,NA,glutamate,brain_intrinsic,central,NA,NA,CB3438,NA,NA,TRdm__0,NA,NA,NA,sez,TRdm,NA,NA,0.5291052,FALSE,"(138570, 85272, 1483)",720575940626376600,flywire,2.997,483,16116938,3379,206,NA,733,385,176,518,58,303,0,0,0,0,0.5547000000000001,0.29140000000000005,1.673,0.689,0.5514,0.403,105.2,751.9,64.7,80.39,0.3,0.31,0.412,0.338,0.009119999999999998,19.72,1,2607,677,330,348,1321,1,1118,1,1,2.558,glutamate,0.378,0.5,0.14,0.1328,0.45980000000000004,0,0.06804,0.1978,165,385,sez_intrinsic
OinkT,0,SS32394: 0,3,0,0,0,0,0,0,0,0,0,0,0,0,0,0,0,0,NA,0,0,0,0,0,0,0,0,0,0,0,0,0,0,0,0,OinkT,720575940622853258,720575940656171425,720575940622853258,80155291152453570,1,incomplete,138189,85092,1483,6490164,149152,83032,1020,right,NA,gaba,brain_intrinsic,central,NA,NA,CB3153,NA,NA,TRdm__0,NA,NA,NA,sez,TRdm,NA,NA,0.5449057,FALSE,"(138189, 85092, 1483)",720575940656171425,flywire,1.234,52,4213073,1712,218,NA,685,285,521,158,210,70,0,0,0,0,0.5974999999999999,0.24860000000000002,0.8328000000000001,0.4656,0.33569999999999994,0.2063,625.6,339.4,73.84,92.85,0.314,0.29,0.384,0.314,2.8100000000000005e-4,66.34,1,2178,415,204,212,1147,1,970,1,1,1.493,unknown,NA,0.387,0.40190000000000003,0.2361,0.15840000000000004,0.0029029999999999998,0.0671,0.1306,NA,NA,NA
OinkT,0,SS32394: 0,3,0,0,0,0,0,0,0,0,0,0,0,0,0,0,0,0,NA,0,0,0,0,0,0,0,0,0,0,0,0,0,0,0,0,OinkT,720575940631983464,720575940631983464,720575940631983464,78888516385645322,1,adequate,120332,83132,1804,3195787,114920,78032,1194,left,NA,gaba,brain_intrinsic,central,NA,NA,CB2233,NA,NA,TRdm__0,NA,NA,NA,sez,TRdm,NA,NA,0.5286763,FALSE,"(120332, 83132, 1804)",720575940631983464,flywire,1.102,116,10524579,2200,203,NA,713,172,378,266,89,78,0,0,0,0,0.7152,0.17250000000000001,0.925,1.262,0.21780000000000002,0.3699,408.6,210.8,143.3,100.1,0.314,0.337,0.392,0.336,0.001911,75.58,1,1911,306,149,158,996.9,1,885,1,1,2.207,gaba,0.47600000000000003,0.462,0.4415,0.14770000000000003,0.1738,0,0.07808000000000001,0.15850000000000003,205,172,sez_intrinsic
OinkT,0,SS32394: 0,3,0,0,0,0,0,0,0,0,0,0,0,0,0,0,0,0,NA,0,0,0,0,0,0,0,0,0,0,0,0,0,0,0,0,OinkT,720575940604791217,720575940604791217,720575940604791217,80084922408236517,1,incomplete,138107,85036,1486,6465866,149208,82400,1024,right,NA,gaba,brain_intrinsic,central,NA,NA,CB1517,NA,NA,TRdm__0,NA,NA,NA,sez,TRdm,NA,NA,0.5085472,FALSE,"(138107, 85036, 1486)",720575940604791217,flywire,1.534,160,10433477,1716,208,NA,632,268,311,291,56,209,0,0,0,0,0.6354,0.2695,2.256,0.5052,0.40630000000000005,0.3628,137.8,576,60.379999999999995,96.05,0.466,0.318,0.408,0.336,0.06953999999999999,32.64,1,1889,352,173,180,994.6,1,900,1,1,1.725,gaba,0.48700000000000004,0.48000000000000004,0.4676,0.16240000000000002,0.14320000000000002,8e-4,0.0484,0.1768,165,268,sez_intrinsic
OinkT,0,SS32394: 0,3,0,0,0,0,0,0,0,0,0,0,0,0,0,0,0,0,NA,0,0,0,0,0,0,0,0,0,0,0,0,0,0,0,0,OinkT,720575940640348149,720575940640348149,720575940640348149,78888516385634976,1,incomplete,120389,83123,1804,3195488,114480,80344,1318,left,NA,gaba,brain_intrinsic,central,NA,NA,CB3153,NA,NA,TRdm__0,NA,NA,NA,sez,TRdm,NA,NA,0.5907920,FALSE,"(120389, 83123, 1804)",720575940640348149,flywire,2.209,281,12721055,1692,205,NA,813,281,370,443,75,199,0,0,0,0,0.6877,0.23770000000000002,1.525,0.7202,0.3091,0.3235,242.6,615.1,75.66,97.51,0.406,0.312,0.416,0.325,0.02352,57.8,1,2244,409,202,208,1182,1,1094,1,1,1.431,gaba,0.551,0.552,0.43620000000000003,0.19970000000000002,0.15480000000000002,0.005862000000000001,0.0869,0.11660000000000001,174,281,sez_intrinsic
OinkT,0,SS32394: 0,3,0,0,0,0,0,0,0,0,0,0,0,0,0,0,0,0,NA,0,0,0,0,0,0,0,0,0,0,0,0,0,0,0,0,OinkT,720575940613433519,720575940613433519,720575940613433519,78888516385634939,1,incomplete,120573,83013,1807,3195122,113880,79864,1399,left,NA,gaba,brain_intrinsic,central,NA,NA,CB2233,NA,NA,TRdm__0,NA,NA,NA,sez,TRdm,NA,NA,0.4426321,FALSE,"(120573, 83013, 1807)",720575940613433519,flywire,1.011,122,12072957,2160,211,NA,720,150,246,431,50,93,0,0,0,0,0.729,0.15190000000000003,0.7824999999999999,1.452,0.15910000000000002,0.3134,314.4,296.7,147.1,70.04,0.318,0.326,0.372,0.318,1.27e-4,86.04,1,1894,356,175,181,987.7,1,870,1,1,2.187,gaba,0.48100000000000004,0.457,0.3866,0.15170000000000003,0.2906,0,0.052000000000000005,0.1174,160,150,sez_intrinsic
OinkT,0,SS32394: 0,3,0,0,0,0,0,0,0,0,0,0,0,0,0,0,0,0,NA,0,0,0,0,0,0,0,0,0,0,0,0,0,0,0,0,OinkT,720575940639826339,720575940639826339,720575940639826339,80155291152459121,1,incomplete,138258,85142,1486,6487600,148248,83288,1022,right,NA,gaba,brain_intrinsic,central,NA,NA,CB2233,NA,NA,TRdm__0,NA,NA,NA,sez,TRdm,NA,NA,0.6101055,FALSE,"(138258, 85142, 1486)",720575940639826339,flywire,0.7094,33,4651756,1942,204,NA,970,226,590,380,102,123,0,0,0,0,0.811,0.1889,1.4089999999999998,0.7761,0.2436,0.2512,418.7,489.6,30.34,88.67,0.346,0.33,0.418,0.33,0.01537,78.99,1,2282,433,211,222,1196,1,1196,1,1,1.624,gaba,0.582,0.5670000000000001,0.5127,0.1607,0.24130000000000001,0.001333,0.033,0.05167000000000001,231,226,sez_intrinsic
oval,0,SS39916: 0,2,0,0,0,0,0,0,0,0,0,0,0,0,0,0,0,0,NA,0,0,0,0,0,0,0,0,0,0,0,0,0,0,0,0,oval,720575940621522352,720575940613019541,720575940613019541,81421654005606716,1,NA,157536,80728,3878,6917462,157536,80728,3878,right,CV,gaba,brain_vnc_transfer,descending,descending_neuron,NA,DNg93,NA,NA,NA,NA,NA,NA,midbrain,putative_primary,NA,descending_right,0.3940679,FALSE,"(157536, 80728, 3878)",720575940613019541,flywire,8.165,5128,62805143,15254,259,NA,NA,NA,NA,NA,NA,NA,NA,NA,NA,NA,NA,NA,NA,NA,NA,NA,NA,NA,NA,NA,NA,NA,NA,NA,NA,NA,NA,NA,NA,NA,NA,NA,NA,NA,NA,NA,NA,NA,0.3940679,NA,NA,NA,NA,NA,NA,NA,979,NA,sez_descending
oval,0,SS39916: 0,2,0,0,0,0,0,0,0,0,0,0,0,0,0,0,0,0,NA,0,0,0,0,0,0,0,0,0,0,0,0,0,0,0,0,oval,720575940626085562,720575940626085562,720575940626085562,77551029478192161,1,bad_nucleus,101168,76144,3725,2692838,101168,76144,3725,left,CV,gaba,brain_vnc_transfer,descending,descending_neuron,NA,DNg93,NA,NA,NA,NA,NA,NA,midbrain,putative_primary,NA,descending_left,0.4385200,FALSE,"(101800, 76848, 3610)",720575940626085562,flywire,7.908,5386,68111491,17229,261,NA,5693,4027,0,5693,0,4027,0,0,0,0,0.8694000000000001,0.615,0,0.8694000000000001,0,0.615,0,6548,0,0,0,0.346,0,0,NA,NA,1,12275,4075,1967,2109,6548,1,9720,1,1,2.631,unknown,NA,0.41000000000000003,0.3599,0.2033,0.349,0.001491,0.057890000000000004,0.027639999999999998,2220,NA,sez_descending
pSG1,0,"SS45940, SS45950, SS45937: 0",4,0,0,0,0,0,0,0,0,0,0,0,0,0,0,0,0,NA,0,0,0,0,0,0,0,0,0,0,0,0,0,0,0,0,pSG1,720575940610698931,720575940610698931,720575940610698931,79592684997700058,1,NA,130168,89760,2881,4705981,130168,89760,2881,center,NA,glutamate,brain_intrinsic,central,NA,NA,NA,NA,NA,NA,NA,NA,NA,sez,MX0__prim,NA,NA,0.4259956,FALSE,"(130168, 89760, 2881)",720575940610698931,flywire,1.095,212,19352555,2214,199,NA,492,107,350,62,24,63,0,0,0,0,0.4545,0.09884,1.6,0.13870000000000002,0.1097,0.14090000000000003,218.7,447.1,102.4,72.43,0.549,0.4,0.525,0.446,0.2388,76.05,1,1976,327,158,170,1083,1,599,1,1,2.044,glutamate,0.33499999999999996,0.444,0.08489000000000001,0.1278,0.3791,0.003111,0.1829,0.222,170,107,sez_intrinsic
pSG1,0,"SS45940, SS45950, SS45937: 0",4,0,0,0,0,0,0,0,0,0,0,0,0,0,0,0,0,NA,0,0,0,0,0,0,0,0,0,0,0,0,0,0,0,0,pSG1,720575940620224532,720575940620224532,720575940620224532,79803653992603331,1,NA,133904,88568,4165,5343291,133904,88568,4165,right,NA,glutamate,brain_intrinsic,central,NA,NA,NA,NA,NA,NA,NA,NA,NA,midbrain,NA,NA,NA,0.5261194,FALSE,"(133904, 88568, 4165)",720575940620224532,flywire,0.8207,183,22297450,1761,200,NA,613,170,222,375,14,131,0,0,0,0,0.4056,0.1125,2.292,0.5308,0.14450000000000002,0.1854,96.86,706.5,375,38.81,0.422,0.397,0.414,0.437,0.06557,39.72,1,2821,381,185,197,1512,1,783,1,1,1.165,glutamate,0.355,0.46900000000000003,0.12120000000000002,0.12020000000000002,0.4504,0.009184,0.1282,0.169,274,170,sez_intrinsic
pSG1,0,"SS45940, SS45950, SS45937: 0",4,0,0,0,0,0,0,0,0,0,0,0,0,0,0,0,0,NA,0,0,0,0,0,0,0,0,0,0,0,0,0,0,0,0,pSG1,720575940630757516,720575940630757516,720575940630757516,80014966182240625,1,NA,136552,90840,2798,5430928,136552,90840,2798,right,NA,glutamate,brain_intrinsic,central,NA,NA,CB0959,NA,NA,NA,NA,NA,NA,midbrain,NA,NA,NA,0.3662597,FALSE,"(136552, 90840, 2798)",720575940630757516,flywire,1.075,210,19531808,1712,206,NA,368,162,261,66,32,109,0,0,0,0,0.28250000000000003,0.12440000000000001,1.1460000000000001,0.10880000000000001,0.1405,0.17970000000000003,227.8,606.6,84.6,86.57,0.506,0.4,0.513,0.438,0.24230000000000002,86.24,1,2434,402,195,208,1303,1,530,1,1,1.314,unknown,NA,0.357,0.17950000000000002,0.125,0.3171,0.002857,0.11,0.2636,132,162,sez_intrinsic
pSG1,0,"SS45940, SS45950, SS45937: 0",4,0,0,0,0,0,0,0,0,0,0,0,0,0,0,0,0,NA,0,0,0,0,0,0,0,0,0,0,0,0,0,0,0,0,pSG1,720575940629997050,720575940637659790,720575940637659790,80576267137239635,1,NA,145200,66800,5111,5795476,145200,66800,5111,right,NA,glutamate,brain_intrinsic,central,NA,NA,CB0075,NA,NA,NA,NA,NA,NA,midbrain,NA,NA,NA,0.3319807,FALSE,"(145200, 66800, 5111)",720575940637659790,flywire,1.306,274,20979948,2732,209,NA,NA,NA,NA,NA,NA,NA,NA,NA,NA,NA,NA,NA,NA,NA,NA,NA,NA,NA,NA,NA,NA,NA,NA,NA,NA,NA,NA,NA,NA,NA,NA,NA,NA,NA,NA,NA,NA,NA,0.3319807,NA,NA,NA,NA,NA,NA,NA,204,119,sez_intrinsic
pSG1,0,"SS45940, SS45950, SS45937: 0",4,0,0,0,0,0,0,0,0,0,0,0,0,0,0,0,0,NA,0,0,0,0,0,0,0,0,0,0,0,0,0,0,0,0,pSG1,720575940620943365,720575940620943365,720575940620943365,79028086045861066,1,NA,122560,65688,5111,3725616,122560,65688,5111,left,NA,glutamate,brain_intrinsic,central,NA,NA,CB0075,NA,NA,NA,NA,NA,NA,midbrain,NA,NA,NA,0.4547075,FALSE,"(122560, 65688, 5111)",720575940620943365,flywire,0.981,277,28235311,3539,227,NA,665,194,516,49,61,68,0,0,0,0,0.3825,0.1116,1.6800000000000002,0.05861000000000001,0.1986,0.08133,307.2,836.1,168.3,57.33,0.522,0.384,0.586,0.436,0.17700000000000002,39.55,1,3225,546,261,286,1738,1,859,1,1,2.036,glutamate,0.326,0.43100000000000005,0.07769000000000002,0.09769000000000001,0.3872,0.004308,0.15420000000000003,0.2775,288,194,sez_intrinsic
pSG1,0,"SS45940, SS45950, SS45937: 0",4,0,0,0,0,0,0,0,0,0,0,0,0,0,0,0,0,NA,0,0,0,0,0,0,0,0,0,0,0,0,0,0,0,0,pSG1,720575940621517481,720575940635690391,720575940635690391,79451947509343718,1,NA,128800,89952,2899,4705696,128800,89952,2899,left,NA,glutamate,brain_intrinsic,central,NA,NA,NA,NA,NA,NA,NA,NA,NA,sez,MX0__prim,NA,NA,0.6531346,FALSE,"(128800, 89952, 2899)",720575940635690391,flywire,2.7,400,14812204,5130,222,NA,NA,NA,NA,NA,NA,NA,NA,NA,NA,NA,NA,NA,NA,NA,NA,NA,NA,NA,NA,NA,NA,NA,NA,NA,NA,NA,NA,NA,NA,NA,NA,NA,NA,NA,NA,NA,NA,NA,0.6531346,NA,NA,NA,NA,NA,NA,NA,168,404,sez_intrinsic
peacock,0,SS30409: 0,3,0,0,0,0,0,0.0666666666666666,0,0.0333333333333333,0,0.0333333333333333,0,0,0,0,0,0.0666666666666666,NA,0,0,0,0,0,0.249443825784929,0,0.17950549357115,0,0.17950549357115,0,0,0,0,0,0.249443825784929,peacock,720575940612030899,720575940612030899,720575940612030899,78817460379607776,1,NA,118768,73240,1312,3736001,118768,73240,1312,left,NA,acetylcholine,brain_intrinsic,central,NA,NA,CB0746,NA,NA,FLAa2__0,NA,NA,NA,sez,FLAa2,NA,NA,0.6083652,FALSE,"(118768, 73240, 1312)",720575940612030899,flywire,4.288,1228,28636999,5570,196,NA,3462,740,3236,7,410,326,0,0,0,0,1.554,0.33219999999999994,3.9259999999999997,0.01069,0.4974,0.498,824.3,654.6,278.9,55.61,0.366,0.36,0.801,0.432,0.3093,190.1,1,4308,1033,505,529,2228,1,4202,1,1,2.5,acetylcholine,0.6609999999999999,0.639,0.04286,0.5544,0.2832,0.011219999999999999,0.01721,0.09087999999999999,792,740,NA
peacock,0,SS30409: 0,3,0,0,0,0,0,0.0666666666666666,0,0.0333333333333333,0,0.0333333333333333,0,0,0,0,0,0.0666666666666666,NA,0,0,0,0,0,0.249443825784929,0,0.17950549357115,0,0.17950549357115,0,0,0,0,0,0.249443825784929,peacock,720575940623687757,720575940623687757,720575940623687757,80577091300727359,1,NA,144760,79224,1167,5820292,144760,79224,1167,right,NA,acetylcholine,brain_intrinsic,central,NA,NA,CB0746,NA,NA,FLAa2__0,NA,NA,NA,sez,FLAa2,NA,NA,0.6507711,FALSE,"(144760, 79224, 1167)",720575940623687757,flywire,4.111,1307,31792607,6647,199,NA,4004,826,3684,4,393,412,0,0,0,0,1.675,0.34559999999999996,4.738,0.005053,0.5054,0.5205,777.6,791.6,270.1,58.54,0.39,0.318,0.894,0.444,0.3773,187,1,4586,1139,556,584,2390,1,4830,1,1,2.781,acetylcholine,0.689,0.6759999999999999,0.05369000000000001,0.5631,0.20850000000000002,0.01189,0.04784,0.11370000000000001,933,826,NA
peacock,0,SS30409: 0,3,0,0,0,0,0,0.0666666666666666,0,0.0333333333333333,0,0.0333333333333333,0,0,0,0,0,0.0666666666666666,NA,0,0,0,0,0,0.249443825784929,0,0.17950549357115,0,0.17950549357115,0,0,0,0,0,0.249443825784929,peacock,720575940631237203,720575940627081534,720575940627081534,79169098009389295,1,adequate,123824,70069,1980,3770380,119800,74264,1417,left,NA,acetylcholine,brain_intrinsic,central,NA,NA,CB0746,NA,NA,FLAa2__0,NA,NA,NA,sez,FLAa2,NA,NA,0.6374578,FALSE,"(123824, 70069, 1980)",720575940627081534,flywire,2.456,709,28866371,5140,201,NA,NA,NA,NA,NA,NA,NA,NA,NA,NA,NA,NA,NA,NA,NA,NA,NA,NA,NA,NA,NA,NA,NA,NA,NA,NA,NA,NA,NA,NA,NA,NA,NA,NA,NA,NA,NA,NA,NA,0.6374578,NA,NA,NA,NA,NA,NA,NA,841,679,NA
peacock,0,SS30409: 0,3,0,0,0,0,0,0.0666666666666666,0,0.0333333333333333,0,0.0333333333333333,0,0,0,0,0,0.0666666666666666,NA,0,0,0,0,0,0.249443825784929,0,0.17950549357115,0,0.17950549357115,0,0,0,0,0,0.249443825784929,peacock,720575940618563664,720575940618563664,720575940618563664,80154672677388910,1,bad_nucleus,138272,75992,1255,5282317,138272,75992,1255,right,NA,acetylcholine,brain_intrinsic,central,NA,NA,CB0746,NA,NA,FLAa2__0,NA,NA,NA,sez,FLAa2,NA,NA,0.6035787,FALSE,"(138272, 75992, 1255)",720575940618563664,flywire,2.795,900,32201194,5649,199,NA,3931,745,3677,9,343,339,0,0,0,0,1.7109999999999999,0.32430000000000003,4.465,0.01255,0.41650000000000004,0.4727,823.5,717.1,267.5,49.97,0.382,0.34,0.814,0.438,0.3585,186.6,1,4409,1045,509,537,2297,1,4676,1,1,2.459,acetylcholine,0.75,0.743,0.02931,0.63,0.17650000000000002,0.0103,0.03782,0.1153,951,745,NA
peafowl,0,SS37792: 0,4,0,0,0,0,0,0,0,0,0,0,0,0,0,0,0,0,NA,0,0,0,0,0,0,0,0,0,0,0,0,0,0,0,0,peafowl,720575940619985243,720575940632998028,720575940632998028,81069810015978272,1,adequate,152304,81384,1654,6468222,152304,81384,1654,right,NA,glutamate,brain_intrinsic,central,NA,NA,CB0687,482071823,hb482071823,NA,NA,NA,NA,midbrain,putative_primary,NA,NA,0.6351373,FALSE,"(152304, 81384, 1654)",720575940632998028,flywire,1.219,552,45286424,3971,190,NA,NA,NA,NA,NA,NA,NA,NA,NA,NA,NA,NA,NA,NA,NA,NA,NA,NA,NA,NA,NA,NA,NA,NA,NA,NA,NA,NA,NA,NA,NA,NA,NA,NA,NA,NA,NA,NA,NA,0.6351372999999999,NA,NA,NA,NA,NA,NA,NA,1222,1903,NA
peafowl,0,SS37792: 0,4,0,0,0,0,0,0,0,0,0,0,0,0,0,0,0,0,NA,0,0,0,0,0,0,0,0,0,0,0,0,0,0,0,0,peafowl,720575940622284947,720575940622284947,720575940622284947,78043679138802792,1,NA,107784,76608,1899,3191512,107784,76608,1899,left,NA,glutamate,brain_intrinsic,central,NA,NA,CB0687,482071823,hb482071823,NA,NA,NA,"heavily truncated in hemibrain where it has instance (MBDLaxon1)

Equivalent to FAFB CATMAID SEZ>SLP.R-SIP.R-SLP.L 2832369 AJES D'un soir triste


",midbrain,putative_primary,NA,NA,0.5914272,FALSE,"(107784, 76608, 1899)",720575940622284947,flywire,1.969,1067,54185356,3843,200,NA,4777,1789,4756,17,1184,489,0,0,0,0,1.37,0.5131,2.695,0.01915,0.6709999999999999,0.5507000000000001,1765,887.9,306.2,68.94,0.446,0.418,0.878,0.61,0.17600000000000002,189.5,1,6510,1293,632,661,3487,1,6566,1,1,1.102,glutamate,0.43500000000000005,0.5760000000000001,0.2575,0.16570000000000001,0.5274,0.005176,0.012709999999999999,0.03018,1311,1789,NA
peahen,0,SS39038: 0,4,0,0,0,0,0,0.0666666666666666,0,0.1,0,0.0333333333333333,0,0.2,0,0.133333333333333,0,0.2,NA,0,0,0,0,0,0.3590109871423,0,0.3,0,0.17950549357115,0,0.4,0,0.339934634239519,0,0.4,peahen,720575940618118485,720575940618118485,720575940618118485,78743793234905296,1,complete,117847,23541,2465,3769773,117432,75192,1147,left,NA,acetylcholine,brain_intrinsic,central,NA,NA,CB0643,NA,"hb330998071,hb362024428",NA,NA,NA,NA,sez,FLAa2,NA,NA,0.9059358,FALSE,"(117847, 23541, 2465)",720575940618118485,flywire,1.854,510,27500815,4890,168,NA,4841,732,4753,11,167,246,0,0,0,0,2.024,0.3061,6.063,0.021900000000000003,0.21300000000000002,0.48980000000000007,783.9,502.3,279.5,41.48,0.46,0.344,0.698,0.462,0.46230000000000004,196.7,1,4635,1022,501,522,2391,1,5573,1,1,2.045,acetylcholine,0.916,0.929,0.02766,0.8381000000000001,0.04411,0.015739999999999997,0.00844,0.06482,1058,732,NA
peahen,0,SS39038: 0,4,0,0,0,0,0,0.0666666666666666,0,0.1,0,0.0333333333333333,0,0.2,0,0.133333333333333,0,0.2,NA,0,0,0,0,0,0.3590109871423,0,0.3,0,0.17950549357115,0,0.4,0,0.339934634239519,0,0.4,peahen,720575940613361010,720575940613361010,720575940613361010,79098729265096597,1,complete,123109,70075,1887,3735685,117448,73192,1125,left,NA,acetylcholine,brain_intrinsic,central,NA,NA,CB0643,NA,"hb330998071,hb362024428",NA,NA,NA,NA,sez,FLAa2,NA,NA,0.9118381,FALSE,"(123109, 70075, 1887)",720575940613361010,flywire,2.126,674,31699730,4580,170,NA,4348,655,4272,2,142,313,0,0,0,0,1.835,0.27640000000000003,5.7669999999999995,0.002862,0.1917,0.4479,740.8,698.8,272.1,46.68,0.454,0.322,0.67,0.501,0.5728000000000001,193.5,1,4597,1023,498,526,2370,1,5003,1,1,1.932,acetylcholine,0.932,0.9460000000000001,0.02378,0.8657000000000001,0.04324,0.009257,0.005203,0.05081000000000001,826,655,NA
peahen,0,SS39038: 0,4,0,0,0,0,0,0.0666666666666666,0,0.1,0,0.0333333333333333,0,0.2,0,0.133333333333333,0,0.2,NA,0,0,0,0,0,0.3590109871423,0,0.3,0,0.17950549357115,0,0.4,0,0.339934634239519,0,0.4,peahen,720575940626983684,720575940626983684,720575940626983684,80573449302868825,1,complete,144640,24588,2350,5820645,145784,78448,1165,right,NA,acetylcholine,brain_intrinsic,central,NA,NA,CB0643,NA,"hb330998071,hb362024428",NA,NA,NA,NA,sez,FLAa2,NA,NA,0.9339937,FALSE,"(144640, 24588, 2350)",720575940626983684,flywire,2.502,806,32209574,5469,166,NA,4630,596,4122,5,123,247,0,0,0,0,2.053,0.26430000000000003,6.876,0.008632,0.20520000000000002,0.42640000000000006,599.5,579.2,388.9,37.42,0.406,0.328,0.676,0.46,0.5453,192.5,1,4405,1066,522,545,2255,1,5226,1,1,2.425,acetylcholine,0.96,0.978,0.011909999999999999,0.9166000000000001,0.015960000000000002,0.005954999999999999,0.006966,0.040670000000000005,1006,596,NA
peahen,0,SS39038: 0,4,0,0,0,0,0,0.0666666666666666,0,0.1,0,0.0333333333333333,0,0.2,0,0.133333333333333,0,0.2,NA,0,0,0,0,0,0.3590109871423,0,0.3,0,0.17950549357115,0,0.4,0,0.339934634239519,0,0.4,peahen,720575940617854676,720575940617854676,720575940617854676,80714186791106563,1,complete,146521,24957,2274,5810972,139832,76152,980,right,NA,acetylcholine,brain_intrinsic,central,NA,NA,CB0643,NA,"hb330998071,hb362024428",NA,NA,NA,NA,sez,FLAa2,NA,NA,0.9247243,FALSE,"(146521, 24957, 2274)",720575940617854676,flywire,2.533,650,25659548,6337,176,NA,5016,515,4414,4,136,206,0,0,0,0,2.3049999999999997,0.2366,6.902,0.007446,0.21270000000000003,0.3835,639.5,537.2,400.8,37.33,0.398,0.354,0.702,0.482,0.48690000000000005,193.1,1,4171,844,414,431,2176,1,5531,1,1,2.912,acetylcholine,0.9510000000000001,0.968,0.0171,0.9019,0.01925,0.006989,0.005699,0.047630000000000006,1028,515,NA
phantom,0.6,"SS44877: 0.6; See also Shiu, Sterne et al., 2022",2,0,0,0,0,0,0,0,0,0,0,0,0,0,0,0,0,NA,0,0,0,0,0,0,0,0,0,0,0,0,0,0,0,0,phantom,720575940637763135,720575940637763135,720575940637763135,80788816075501246,1,bad_nucleus,147728,88056,1585,5871743,147728,88056,1585,right,NA,gaba,brain_intrinsic,central,NA,NA,CB0062,NA,NA,NA,NA,NA,NA,midbrain,putative_primary,NA,NA,0.7072447,FALSE,"(147728, 88056, 1585)",720575940637763135,flywire,1.021,226,22136504,2641,180,NA,3462,734,1925,1237,76,608,0,0,0,0,1.328,0.2816,3.8699999999999997,0.9564,0.15280000000000002,0.4701,497.4,1293,63.809999999999995,80.11,0.47,0.388,0.956,0.527,0.171,41.9,1,4964,1538,749,790,2606,1,4196,1,1,1.013,gaba,0.5740000000000001,0.5760000000000001,0.53,0.2308,0.14640000000000003,0.001818,0.058640000000000005,0.03106,1219,734,sez_intrinsic
phantom,0.6,"SS44877: 0.6; See also Shiu, Sterne et al., 2022",2,0,0,0,0,0,0,0,0,0,0,0,0,0,0,0,0,NA,0,0,0,0,0,0,0,0,0,0,0,0,0,0,0,0,phantom,720575940616103218,720575940616103218,720575940616103218,79169922777040155,1,incomplete,124732,81906,2774,3241981,110528,83192,1743,left,NA,gaba,brain_intrinsic,central,NA,NA,CB0062,NA,NA,NA,NA,NA,NA,midbrain,putative_primary,NA,NA,0.7516755,FALSE,"(124732, 81906, 2774)",720575940616103218,flywire,1.964,534,27192526,3089,179,NA,3103,1030,2785,227,613,346,0,0,0,0,1.185,0.3935,1.984,0.5559000000000001,0.43670000000000003,0.8473,1404,408.4,122.6,87.51,0.398,0.33,0.541,0.498,0.09412000000000001,17.75,1,5062,1507,731,777,2618,1,4133,1,1,1.18,gaba,0.642,0.652,0.5912,0.1848,0.1058,7.58e-4,0.04,0.07561000000000001,1097,1030,sez_intrinsic
planter,0,SS36658: 0,3,0,0,0,0,0,0,0,0,0,0,0,0,0,0,0,0,NA,0,0,0,0,0,0,0,0,0,0,0,0,0,0,0,0,planter,720575940617497437,720575940634236499,720575940617497437,81351628791713150,1,NA,156016,86344,3401,6514312,156016,86344,3401,right,NA,glutamate,brain_intrinsic,central,NA,NA,CB0213,NA,NA,NA,NA,NA,NA,midbrain,putative_primary,NA,NA,0.6793831,FALSE,"(156016, 86344, 3401)",720575940634236499,flywire,3.614,1280,35417839,3807,185,NA,4160,1697,3563,293,859,467,0,0,0,0,1.038,0.42340000000000005,2.191,0.38630000000000003,0.5283,0.6158,1626,758.4,97.22,72.02,0.394,0.366,1.08,0.51,0.08932999999999999,41.3,1,7699,2729,1312,1418,4008,1,5857,1,1,0.9498,glutamate,0.53,0.706,0.08531,0.23570000000000002,0.6294,0.0017540000000000001,0.035219999999999994,0.01088,1351,1697,sez_intrinsic
planter,0,SS36658: 0,3,0,0,0,0,0,0,0,0,0,0,0,0,0,0,0,0,NA,0,0,0,0,0,0,0,0,0,0,0,0,0,0,0,0,planter,720575940628129129,720575940628129129,720575940628129129,78396141670137661,1,NA,112566,86042,4193,2690147,99888,77376,3919,left,NA,glutamate,brain_intrinsic,central,NA,NA,CB0213,NA,NA,NA,NA,NA,NA,midbrain,putative_primary,NA,NA,0.6837732,FALSE,"(112566, 86042, 4193)",720575940628129129,flywire,3.107,1126,36237563,3615,195,NA,3545,878,2972,417,104,545,0,0,0,0,1.05,0.2601,6.196999999999999,0.301,0.21690000000000004,0.3934,479.6,1386,24.37,134.2,0.718,0.392,1.34,0.518,0.3749,28.16,1,6327,2076,1006,1071,3376,1,4423,1,1,1.071,glutamate,0.5690000000000001,0.758,0.058730000000000004,0.2461,0.6637,0.001019,0.01503,0.01414,930,878,sez_intrinsic
pleco,0,SS41967: 0,2,0,0,0,0,0,0,0,0,0,0,0,0,0,0,0,0,NA,0,0,0,0,0,0,0,0,0,0,0,0,0,0,0,0,pleco,720575940615583647,720575940615583647,720575940615583647,80296303787415725,1,incomplete,140771,89719,3377,6465331,149040,80488,1721,right,NA,glutamate,brain_intrinsic,central,NA,NA,CB0572,NA,NA,NA,NA,NA,NA,midbrain,putative_primary,NA,NA,0.5595832,FALSE,"(140771, 89719, 3377)",720575940615583647,flywire,0.8475,347,40946242,2598,147,NA,8485,1608,6351,896,923,340,0,0,0,0,1.744,0.33039999999999997,2.626,1.474,0.3817,0.5594,2418,607.8,52.06,208.8,0.388,0.364,0.874,0.542,0.022219999999999997,60.78,1,9288,2613,1262,1352,4866,1,10093,1,1,0.5339,glutamate,0.466,0.62,0.1698,0.2585,0.5331,0.0035710000000000004,0.008195,0.02493,2705,1608,sez_intrinsic
pleco,0,SS41967: 0,2,0,0,0,0,0,0,0,0,0,0,0,0,0,0,0,0,NA,0,0,0,0,0,0,0,0,0,0,0,0,0,0,0,0,pleco,720575940611502286,720575940611502286,720575940611502286,78114185389021134,1,NA,108752,78560,2396,3196789,108752,78560,2396,left,NA,glutamate,brain_intrinsic,central,NA,NA,CB0572,NA,NA,NA,NA,NA,NA,midbrain,putative_primary,NA,NA,0.4523014,FALSE,"(108752, 78560, 2396)",720575940611502286,flywire,0.6463,264,40847624,1955,139,NA,7191,1569,5144,917,823,430,0,0,0,0,1.4749999999999999,0.3219,2.3609999999999998,1.034,0.3777,0.4847,2179,887.1,109.7,148.5,0.38,0.364,0.845,0.51,0.03347,69.02,1,9453,2734,1337,1398,4874,1,8760,1,1,0.4011,glutamate,0.41200000000000003,0.548,0.20120000000000002,0.27240000000000003,0.48550000000000004,0.005282,0.018520000000000002,0.015809999999999998,2336,1569,sez_intrinsic
pringle,0,"SS43334, SS43335, SS43348: 0",2,0,0,0,0,0,0,0,0,0,0,0,0,0,0,0,0,NA,0,0,0,0,0,0,0,0,0,0,0,0,0,0,0,0,pringle,720575940621218694,720575940621218694,720575940621218694,80929553564348157,1,NA,149568,88136,1947,6506098,149568,88136,1947,right,NA,glutamate,brain_intrinsic,central,NA,NA,CB0571,NA,NA,NA,NA,NA,NA,midbrain,putative_primary,NA,NA,0.7530333,FALSE,"(149568, 88136, 1947)",720575940621218694,flywire,1.555,600,38577486,3769,174,NA,10209,1730,7149,2407,730,938,0,0,0,0,2.067,0.35019999999999996,4.407,1.269,0.45,0.4945,1622,1897,130.7,165.9,0.39,0.324,0.704,0.643,0.06379000000000001,24.54,1,9641,2670,1305,1365,4939,1,11939,1,1,0.7631,glutamate,0.528,0.703,0.11750000000000001,0.1942,0.6083999999999999,0.0037500000000000003,0.03234,0.0425,2765,1730,sez_intrinsic
pringle,0,"SS43334, SS43335, SS43348: 0",2,0,0,0,0,0,0,0,0,0,0,0,0,0,0,0,0,NA,0,0,0,0,0,0,0,0,0,0,0,0,0,0,0,0,pringle,720575940611715813,720575940611715813,720575940611715813,77973791564825896,1,NA,106934,83937,2967,NA,107273,83923,2924,left,NA,glutamate,brain_intrinsic,central,NA,NA,CB0571,NA,NA,NA,NA,NA,NA,midbrain,putative_primary,NA,NA,0.8436438,FALSE,"(106934, 83937, 2967)",720575940611715813,flywire,NA,NA,NA,4304,173,NA,9466,1638,5239,3913,267,1354,0,0,0,0,1.952,0.3379,6.191999999999999,1.3920000000000001,0.3155,0.48160000000000003,846.2,2812,90.61999999999999,161.9,0.46,0.338,0.702,0.64,0.10790000000000001,22.74,1,9358,2409,1182,1227,4848,1,11104,1,1,0.8878,glutamate,0.522,0.695,0.07805000000000001,0.1688,0.6435,0.012119999999999999,0.0267,0.06856000000000001,2485,1638,sez_intrinsic
puddle,0,"SS27600, SS46204, SS46205: 0",2,0,0,0,0,0,0,0,0,0,0,0,0,0,0,0,0,NA,0,0,0,0,0,0,0,0,0,0,0,0,0,0,0,0,puddle,720575940627739023,720575940627739023,720575940627739023,81281328766752884,1,NA,154673,87234,3248,NA,154579,87263,3241,right,NA,acetylcholine,brain_intrinsic,central,NA,NA,CB0923,NA,NA,NA,NA,NA,NA,midbrain,putative_primary,NA,NA,0.9554825,FALSE,"(154673, 87234, 3248)",720575940627739023,flywire,NA,NA,NA,1681,134,NA,8156,4178,5697,2148,594,3040,0,0,0,0,1.501,0.769,9.053,0.6738,0.9439000000000001,0.9537000000000001,629.3,3188,47.17,87.05,0.752,0.358,0.99,0.629,0.23450000000000001,49.6,1,10345,4119,1982,2138,5433,1,12334,1,1,0.3094,acetylcholine,0.907,0.921,0.04298,0.8708000000000001,0.0279,0.006372,0.02451,0.025750000000000002,3710,4178,sez_intrinsic
puddle,0,"SS27600, SS46204, SS46205: 0",2,0,0,0,0,0,0,0,0,0,0,0,0,0,0,0,0,NA,0,0,0,0,0,0,0,0,0,0,0,0,0,0,0,0,puddle,720575940616848214,720575940616848214,720575940616848214,78747916470502717,1,NA,118468,85344,2860,NA,104321,81451,3405,left,NA,acetylcholine,brain_intrinsic,central,NA,NA,CB0923,NA,NA,NA,NA,NA,NA,midbrain,putative_primary,NA,NA,0.9357220,FALSE,"(118468, 85344, 2860)",720575940616848214,flywire,NA,NA,NA,2366,134,NA,9727,4281,5296,2396,860,2619,0,0,0,0,1.752,0.7709,6.3229999999999995,0.8683000000000001,1.027,0.9491,837.6,2759,27.62,128.6,0.53,0.378,0.616,0.766,0.13970000000000002,47.05,1,10512,4056,1957,2100,5553,1,14008,1,1,0.4261,acetylcholine,0.909,0.924,0.05460000000000001,0.8604,0.03533,0.007079,0.008667,0.03241,4871,4281,sez_intrinsic
rocket,0,"SS29686, SS29687, SS29688: 0",3,0,0,0,0,0,0,0,0,0,0,0,0,0,0,0,0,NA,0,0,0,0,0,0,0,0,0,0,0,0,0,0,0,0,rocket,720575940620916360,720575940637546341,720575940637546341,80506860465597874,1,adequate,143564,81479,4997,5872978,141040,88064,4830,right,NA,glutamate,brain_intrinsic,central,NA,NA,CB2872,NA,NA,LB6__2,NA,NA,NA,sez,LB6,NA,NA,0.4476461,FALSE,"(143564, 81479, 4997)",720575940637546341,flywire,0.8347,121,14496021,892,150,NA,NA,NA,NA,NA,NA,NA,NA,NA,NA,NA,NA,NA,NA,NA,NA,NA,NA,NA,NA,NA,NA,NA,NA,NA,NA,NA,NA,NA,NA,NA,NA,NA,NA,NA,NA,NA,NA,NA,0.4476461,NA,NA,NA,NA,NA,NA,NA,612,827,sez_intrinsic
rocket,0,"SS29686, SS29687, SS29688: 0",3,0,0,0,0,0,0,0,0,0,0,0,0,0,0,0,0,NA,0,0,0,0,0,0,0,0,0,0,0,0,0,0,0,0,rocket,720575940611783410,720575940611783410,720575940611783410,80506860465599033,1,adequate,143481,81451,4994,6517047,153088,83928,4616,right,NA,gaba,brain_intrinsic,central,NA,NA,CB2872,NA,NA,LB6__2,NA,NA,NA,sez,LB6,NA,NA,0.4617713,FALSE,"(143481, 81451, 4994)",720575940611783410,flywire,0.8974,116,12926874,796,155,NA,1495,700,1203,230,0,699,0,0,0,0,1.121,0.5248,5.191999999999999,0.3247,0,0.987,231.7,708.2,96.27,107.1,0.673,0.35,0.634,0.394,0.6144999999999999,96.79,1,2399,691,337,354,1334,1,2195,1,1,0.5967,glutamate,0.453,0.6,0.24540000000000003,0.1283,0.506,0.004,0.018570000000000003,0.096,618,700,sez_intrinsic
rocket,0,"SS29686, SS29687, SS29688: 0",3,0,0,0,0,0,0,0,0,0,0,0,0,0,0,0,0,NA,0,0,0,0,0,0,0,0,0,0,0,0,0,0,0,0,rocket,720575940613735391,720575940624010339,720575940624010339,80506860465587555,1,incomplete,143600,81360,4997,6516865,152192,84520,4735,right,NA,glutamate,brain_intrinsic,central,NA,NA,CB2160,NA,NA,LB6__2,NA,NA,NA,sez,LB6,NA,NA,0.4692892,FALSE,"(143600, 81360, 4997)",720575940624010339,flywire,0.7555,111,14692972,824,149,NA,NA,NA,NA,NA,NA,NA,NA,NA,NA,NA,NA,NA,NA,NA,NA,NA,NA,NA,NA,NA,NA,NA,NA,NA,NA,NA,NA,NA,NA,NA,NA,NA,NA,NA,NA,NA,NA,NA,0.4692892,NA,NA,NA,NA,NA,NA,NA,557,715,sez_intrinsic
rocket,0,"SS29686, SS29687, SS29688: 0",3,0,0,0,0,0,0,0,0,0,0,0,0,0,0,0,0,NA,0,0,0,0,0,0,0,0,0,0,0,0,0,0,0,0,rocket,720575940639621760,720575940639621760,720575940639621760,78959091690727772,1,adequate,121258,86544,4743,3254774,111840,85336,4484,left,NA,gaba,brain_intrinsic,central,NA,NA,CB2160,NA,NA,LB6__2,NA,NA,NA,sez,LB6,NA,NA,0.4577723,FALSE,"(121258, 86544, 4743)",720575940639621760,flywire,0.9238,115,12449231,769,147,NA,1278,762,1164,114,15,746,0,0,0,0,0.7508,0.4477,3.4259999999999997,0.12940000000000002,0.04415,0.8471000000000001,339.7,880.7,96.08,120.2,0.602,0.318,0.632,0.388,0.6906,96.96,1,3140,764,371,394,1702,1,2040,1,1,0.4518,glutamate,0.367,0.48400000000000004,0.3584,0.10810000000000002,0.44680000000000003,0.0022580000000000005,0.026450000000000005,0.055479999999999995,578,762,sez_intrinsic
rocket,0,"SS29686, SS29687, SS29688: 0",3,0,0,0,0,0,0,0,0,0,0,0,0,0,0,0,0,NA,0,0,0,0,0,0,0,0,0,0,0,0,0,0,0,0,rocket,720575940619196848,720575940610499523,720575940610499523,78959091690726484,1,adequate,121401,86509,4743,3200678,108136,81576,4257,left,NA,gaba,brain_intrinsic,central,NA,NA,CB0981,NA,NA,LB6__2,NA,NA,NA,sez,LB6,NA,NA,0.5036167,FALSE,"(121401, 86509, 4743)",720575940610499523,flywire,0.4372,47,10749241,409,141,NA,NA,NA,NA,NA,NA,NA,NA,NA,NA,NA,NA,NA,NA,NA,NA,NA,NA,NA,NA,NA,NA,NA,NA,NA,NA,NA,NA,NA,NA,NA,NA,NA,NA,NA,NA,NA,NA,NA,0.5036166999999999,NA,NA,NA,NA,NA,NA,NA,545,210,sez_superior_projection
rocket,0,"SS29686, SS29687, SS29688: 0",3,0,0,0,0,0,0,0,0,0,0,0,0,0,0,0,0,NA,0,0,0,0,0,0,0,0,0,0,0,0,0,0,0,0,rocket,720575940629081175,720575940629081175,720575940629081175,78959160410189875,1,complete,121147,86894,4743,3253418,109880,83904,4479,left,NA,gaba,brain_intrinsic,central,NA,NA,CB2872,NA,NA,LB6__2,NA,NA,NA,sez,LB6,NA,NA,0.5155898,FALSE,"(121147, 86894, 4743)",720575940629081175,flywire,0.8543,126,14748620,776,153,NA,1561,521,1403,158,8,513,0,0,0,0,1.1620000000000001,0.38780000000000003,5.539000000000001,0.22890000000000002,0.03159,0.7432,253.3,690.3,95.58,131,0.676,0.36,0.645,0.396,0.6452,98.43,1,2438,613,300,314,1343,1,2082,1,1,0.5778,unknown,NA,0.41700000000000004,0.42380000000000007,0.07750000000000001,0.3929,0.0016669999999999999,0.02542,0.07750000000000001,640,521,sez_intrinsic
rocket,0,"SS29686, SS29687, SS29688: 0",3,0,0,0,0,0,0,0,0,0,0,0,0,0,0,0,0,NA,0,0,0,0,0,0,0,0,0,0,0,0,0,0,0,0,rocket,720575940639107573,720575940639107573,720575940639107573,78959091690713879,1,adequate,121301,86594,4740,3253428,109864,83720,4389,left,NA,gaba,brain_intrinsic,central,NA,NA,CB0981,NA,NA,LB6__2,NA,NA,NA,sez,LB6,NA,NA,0.4835575,FALSE,"(121301, 86594, 4740)",720575940639107573,flywire,0.7498,78,10402941,581,146,NA,1107,235,1037,70,19,214,0,0,0,0,0.7603,0.16140000000000002,3.0359999999999996,0.13240000000000002,0.055630000000000006,0.40490000000000004,341.6,528.6,92.24000000000001,129.3,0.435,0.336,0.488,0.346,0.5901,103.1,1,2702,483,235,249,1456,1,1342,1,1,0.399,unknown,NA,0.42400000000000004,0.38480000000000003,0.1182,0.3403,0.008485,0.056670000000000005,0.09,483,235,sez_superior_projection
rocket,0,"SS29686, SS29687, SS29688: 0",3,0,0,0,0,0,0,0,0,0,0,0,0,0,0,0,0,NA,0,0,0,0,0,0,0,0,0,0,0,0,0,0,0,0,rocket,720575940637761213,720575940637761213,720575940637761213,80506929185059401,1,incomplete,143471,81697,4994,6919567,156592,80904,4544,right,NA,glutamate,brain_intrinsic,central,NA,NA,CB0981,NA,NA,LB6__2,NA,NA,NA,sez,LB6,NA,NA,0.5392180,FALSE,"(143471, 81697, 4994)",720575940637761213,flywire,0.8207,93,11332191,720,146,NA,1314,295,1272,42,16,274,0,0,0,0,0.8147000000000001,0.1829,3.2,0.05658,0.04026,0.3691,397.4,742.2,86.55,122.7,0.454,0.31,0.44,0.386,0.723,105.1,1,3001,611,298,314,1613,1,1609,1,1,0.4464,glutamate,0.43100000000000005,0.5710000000000001,0.26480000000000004,0.07857000000000001,0.5026,0.0030949999999999997,0.06571,0.08357,573,295,sez_superior_projection
rocket,0,"SS29686, SS29687, SS29688: 0",3,0,0,0,0,0,0,0,0,0,0,0,0,0,0,0,0,NA,0,0,0,0,0,0,0,0,0,0,0,0,0,0,0,0,rocket,720575940610322040,720575940610322040,720575940610322040,78959091690717731,1,adequate,121515,86318,4740,3200714,108232,82080,4390,left,NA,glutamate,brain_intrinsic,central,NA,NA,CB2160,NA,NA,LB6__2,NA,NA,NA,sez,LB6,NA,NA,0.4775737,FALSE,"(121515, 86318, 4740)",720575940610322040,flywire,0.8607,115,13361178,661,145,NA,1323,512,1249,58,14,492,0,0,0,0,0.7715,0.29860000000000003,3.69,0.06819000000000001,0.04136,0.5784,338.5,850.6,108.7,136,0.424,0.318,0.568,0.37,0.7557,104,1,3162,708,347,361,1715,1,1835,1,1,0.3854,unknown,NA,0.41900000000000004,0.33059999999999995,0.09934999999999998,0.4552,9.68e-4,0.037419999999999995,0.07516000000000002,580,512,sez_intrinsic
rocket,0,"SS29686, SS29687, SS29688: 0",3,0,0,0,0,0,0,0,0,0,0,0,0,0,0,0,0,NA,0,0,0,0,0,0,0,0,0,0,0,0,0,0,0,0,rocket,720575940629977192,720575940637436814,720575940637436814,80506929185067683,1,complete,143540,81679,4997,5874575,146496,86552,4863,right,NA,gaba,brain_intrinsic,central,NA,NA,CB2160,NA,NA,LB6__2,NA,NA,NA,sez,LB6,NA,NA,0.4891697,FALSE,"(143540, 81679, 4997)",720575940637436814,flywire,1.16,154,13272501,734,142,NA,NA,NA,NA,NA,NA,NA,NA,NA,NA,NA,NA,NA,NA,NA,NA,NA,NA,NA,NA,NA,NA,NA,NA,NA,NA,NA,NA,NA,NA,NA,NA,NA,NA,NA,NA,NA,NA,NA,0.48916970000000004,NA,NA,NA,NA,NA,NA,NA,428,508,sez_intrinsic
rocket,0,"SS29686, SS29687, SS29688: 0",3,0,0,0,0,0,0,0,0,0,0,0,0,0,0,0,0,NA,0,0,0,0,0,0,0,0,0,0,0,0,0,0,0,0,rocket,720575940638604733,720575940638604733,720575940638604733,80506929185054425,1,adequate,143414,81751,4997,NA,153966,82972,4642,right,NA,gaba,brain_intrinsic,central,NA,NA,CB2872,NA,NA,LB6__2,NA,NA,NA,sez,LB6,NA,NA,0.4874447,FALSE,"(143414, 81751, 4997)",720575940638604733,flywire,NA,NA,NA,585,151,NA,1393,587,1093,300,9,577,0,0,0,0,1.135,0.47830000000000006,4.515,0.4595,0.03718,0.8838,242.1,652.9,104.3,117.3,0.676,0.336,0.61,0.368,0.48800000000000004,96.98,1,2177,503,247,256,1227,1,1980,1,1,0.4768,gaba,0.549,0.514,0.42540000000000006,0.07216000000000002,0.3897,0.002432,0.03162,0.07811000000000001,594,587,sez_intrinsic
rocket,0,"SS29686, SS29687, SS29688: 0",3,0,0,0,0,0,0,0,0,0,0,0,0,0,0,0,0,NA,0,0,0,0,0,0,0,0,0,0,0,0,0,0,0,0,rocket,720575940620950554,720575940619070721,720575940619070721,78959160410185988,1,complete,120954,86886,4743,3255145,112384,84544,4625,left,NA,gaba,brain_intrinsic,central,NA,NA,CB2872,NA,NA,LB6__2,NA,NA,NA,sez,LB6,NA,NA,0.4779398,FALSE,"(120954, 86886, 4743)",720575940619070721,flywire,0.9765,132,13518276,692,153,NA,NA,NA,NA,NA,NA,NA,NA,NA,NA,NA,NA,NA,NA,NA,NA,NA,NA,NA,NA,NA,NA,NA,NA,NA,NA,NA,NA,NA,NA,NA,NA,NA,NA,NA,NA,NA,NA,NA,0.4779398,NA,NA,NA,NA,NA,NA,NA,494,435,sez_intrinsic
rocket,0,"SS29686, SS29687, SS29688: 0",3,0,0,0,0,0,0,0,0,0,0,0,0,0,0,0,0,NA,0,0,0,0,0,0,0,0,0,0,0,0,0,0,0,0,rocket,720575940616455483,720575940616455483,720575940616455483,80506929185058223,1,adequate,143453,81830,4994,5873082,141392,86184,4962,right,NA,gaba,brain_intrinsic,central,NA,NA,CB0981,NA,NA,LB6__2,NA,NA,NA,sez,LB6,NA,NA,0.4258494,FALSE,"(143453, 81830, 4994)",720575940616455483,flywire,0.7702,90,11685982,467,156,NA,1009,252,934,73,20,231,0,0,0,0,0.86240000000000006,0.21540000000000004,2.8299999999999996,0.14830000000000002,0.06059,0.46930000000000005,330.1,492.2,85.61999999999999,73.15,0.436,0.307,0.428,0.312,0.5790000000000001,105.5,1,2175,478,231,248,1170,1,1261,1,1,0.3991,unknown,NA,0.47500000000000003,0.3962,0.07225000000000001,0.4012,0.001,0.01975,0.10700000000000001,436,252,sez_superior_projection
rocket,0,"SS29686, SS29687, SS29688: 0",3,0,0,0,0,0,0,0,0,0,0,0,0,0,0,0,0,NA,0,0,0,0,0,0,0,0,0,0,0,0,0,0,0,0,rocket,720575940635839845,720575940635839845,720575940635839845,80506929185059485,1,adequate,143349,81749,4994,6919619,156464,82080,4348,right,NA,gaba,brain_intrinsic,central,NA,NA,CB0981,NA,NA,LB6__2,NA,NA,NA,sez,LB6,NA,NA,0.5211325,FALSE,"(143349, 81749, 4994)",720575940635839845,flywire,0.5734,60,10463963,473,150,NA,1082,339,965,117,19,314,0,0,0,0,0.7208,0.2258,2.5719999999999996,0.18109999999999998,0.05065000000000001,0.48610000000000003,375.2,646,80.02,133.4,0.466,0.308,0.438,0.358,0.5521,107.5,1,2807,605,295,311,1501,1,1421,1,1,0.3151,unknown,NA,0.326,0.24770000000000003,0.21050000000000002,0.3195,0.0053490000000000005,0.0507,0.1663,442,339,sez_superior_projection
rocket,0,"SS29686, SS29687, SS29688: 0",3,0,0,0,0,0,0,0,0,0,0,0,0,0,0,0,0,NA,0,0,0,0,0,0,0,0,0,0,0,0,0,0,0,0,rocket,720575940643253271,720575940636025023,720575940643253271,78959160410181995,1,adequate,121101,86684,4740,3254164,111040,84896,4462,left,NA,gaba,brain_intrinsic,central,NA,NA,CB2872,NA,NA,LB6__2,NA,NA,NA,sez,LB6,NA,NA,0.5869463,FALSE,"(121101, 86684, 4740)",720575940636025023,flywire,0.8942,103,11518060,579,156,NA,1442,420,1247,195,5,414,0,0,0,0,1.222,0.356,6.252,0.33769999999999994,0.025070000000000002,0.7169,199.5,577.5,116.1,125.3,0.628,0.356,0.584,0.364,0.5823999999999999,102,1,2092,526,258,269,1180,1,1862,1,1,0.4907,unknown,NA,0.5,0.4527,0.11460000000000001,0.3877,0.001538,0.01269,0.029229999999999996,NA,NA,NA
rocket,0,"SS29686, SS29687, SS29688: 0",3,0,0,0,0,0,0,0,0,0,0,0,0,0,0,0,0,NA,0,0,0,0,0,0,0,0,0,0,0,0,0,0,0,0,rocket,720575940638874064,720575940638874064,720575940638874064,78959160410178858,1,complete,120964,86978,4740,3253181,109600,82648,4520,left,NA,glutamate,brain_intrinsic,central,NA,NA,CB2872,NA,NA,LB6__2,NA,NA,NA,sez,LB6,NA,NA,0.4612333,FALSE,"(120964, 86978, 4740)",720575940638874064,flywire,1.447,204,14094463,852,156,NA,1157,525,1057,100,5,520,0,0,0,0,0.8347000000000001,0.3788,4.02,0.14220000000000002,0.01902,0.7397,262.9,703,91.53,132,0.64,0.332,0.604,0.41,0.7071999999999999,95.95,1,2494,643,310,334,1386,1,1682,1,1,0.6147,glutamate,0.33099999999999996,0.43800000000000006,0.2416,0.1153,0.4012,0.022809999999999997,0.1106,0.10810000000000002,459,525,sez_intrinsic
rocket,0,"SS29686, SS29687, SS29688: 0",3,0,0,0,0,0,0,0,0,0,0,0,0,0,0,0,0,NA,0,0,0,0,0,0,0,0,0,0,0,0,0,0,0,0,rocket,720575940619462128,720575940627806616,720575940627806616,80506929185057666,1,adequate,143486,81548,4997,6517372,154416,83784,4434,right,NA,gaba,brain_intrinsic,central,NA,NA,CB2872,NA,NA,LB6__2,NA,NA,NA,sez,LB6,NA,NA,0.5759735,FALSE,"(143486, 81548, 4997)",720575940627806616,flywire,0.7634,102,13361803,643,144,NA,NA,NA,NA,NA,NA,NA,NA,NA,NA,NA,NA,NA,NA,NA,NA,NA,NA,NA,NA,NA,NA,NA,NA,NA,NA,NA,NA,NA,NA,NA,NA,NA,NA,NA,NA,NA,NA,NA,0.5759735,NA,NA,NA,NA,NA,NA,NA,528,538,sez_intrinsic
rocket,0,"SS29686, SS29687, SS29688: 0",3,0,0,0,0,0,0,0,0,0,0,0,0,0,0,0,0,NA,0,0,0,0,0,0,0,0,0,0,0,0,0,0,0,0,rocket,720575940619862720,720575940619862720,720575940619862720,78959091690725078,1,adequate,121346,86389,4740,3200887,108608,81304,4139,left,NA,gaba,brain_intrinsic,central,NA,NA,CB0981,NA,NA,LB6__2,NA,NA,NA,sez,LB6,NA,NA,0.5186490,FALSE,"(121346, 86389, 4740)",720575940619862720,flywire,0.7867,65,8262574,779,225,NA,1203,188,1081,122,24,163,0,0,0,0,0.9358000000000001,0.14620000000000002,2.8749999999999996,0.2589,0.06383,0.3459,376,471.2,86.82,143.4,0.436,0.338,0.474,0.318,0.4348000000000001,98.45,1,2398,432,214,219,1286,1,1391,1,1,0.6058,unknown,NA,0.308,0.2817,0.06442,0.27190000000000003,0.16920000000000002,0.06865,0.1431,542,188,sez_superior_projection
rose,0,SS46955: 0,2,0,0,0,0,0,0,0,0,0,0,0,0,0,0,0,0,NA,0,0,0,0,0,0,0,0,0,0,0,0,0,0,0,0,rose,720575940624101524,720575940624101524,720575940624101524,79592685266625243,1,NA,130880,90656,5081,4796282,130880,90656,5081,center,NA,gaba,brain_intrinsic,central,NA,NA,CB3886,NA,NA,NA,NA,NA,NA,sez,LB0_anterior,NA,NA,0.6554162,FALSE,"(130880, 90656, 5081)",720575940624101524,flywire,2.395,572,23885581,10663,167,NA,10171,2085,6596,2612,1039,773,0,0,0,0,1.7249999999999999,0.35369999999999996,2.5559999999999996,1.829,0.4027,0.5414,2580,1428,88.43,58.28,0.372,0.354,0.772,0.499,0.0141,131.8,1,11401,3490,1681,1810,5895,1,12256,1,1,1.809,gaba,0.706,0.712,0.6183,0.1313,0.17980000000000002,9.620000000000001e-4,0.02217,0.0464,NA,2085,sez_intrinsic
ruby,0,"SS43355, SS43359: 0",5,0,0,0,0,0,0,0,0,0,0,0,0,0,0,0,0,NA,0,0,0,0,0,0,0,0,0,0,0,0,0,0,0,0,ruby,720575940622168052,720575940622168052,720575940622168052,81421241822790200,1,NA,156782,74603,4829,6918024,160072,78864,3648,right,AN,acetylcholine,brain_efferent,motor,eye_motor_neuron,eye_motor_neuron,CB0901,NA,NA,NA,NA,NA,NA,midbrain,putative_primary,eye_motor_neuron,eye_motor_neuron_right,0.3731335,FALSE,"(156782, 74603, 4829)",720575940622168052,flywire,2.068,784,37910945,2584,168,NA,138,5147,18,115,368,4692,0,0,0,0,0.02193,0.8177000000000001,0.03864,0.02125,0.7900999999999999,0.8670000000000001,465.8,5412,220.3,39.21,0.287,0.29,1.008,1.062,0.004915999999999999,45.52,1,12092,5433,2586,2848,6294,1,5285,1,1,0.4106,acetylcholine,0.497,0.464,0.1421,0.36869999999999997,0.3114,0.034640000000000004,0.08589000000000001,0.05696,NA,NA,sez_motor
ruby,0,"SS43355, SS43359: 0",5,0,0,0,0,0,0,0,0,0,0,0,0,0,0,0,0,NA,0,0,0,0,0,0,0,0,0,0,0,0,0,0,0,0,ruby,720575940608901897,720575940622361270,720575940622361270,77410223203413504,1,NA,98920,74456,3323,2686557,98920,74456,3323,left,AN,acetylcholine,brain_efferent,motor,eye_motor_neuron,eye_motor_neuron,CB0901,NA,NA,NA,NA,NA,NA,midbrain,putative_primary,eye_motor_neuron,eye_motor_neuron_left,0.4337215,FALSE,"(98920, 74456, 3323)",720575940622361270,flywire,1.267,545,43028958,2259,170,NA,NA,NA,NA,NA,NA,NA,NA,NA,NA,NA,NA,NA,NA,NA,NA,NA,NA,NA,NA,NA,NA,NA,NA,NA,NA,NA,NA,NA,NA,NA,NA,NA,NA,NA,NA,NA,NA,NA,0.43372150000000004,NA,NA,NA,NA,NA,NA,NA,NA,NA,sez_motor
Salivary_MN13,0,SS35823: 0,No path,0,0,0,0,0,0,0,0,0,0,0,0,0,0,0,0,NA,0,0,0,0,0,0,0,0,0,0,0,0,0,0,0,0,Salivary_MN13,720575940619455879,720575940623137818,720575940623137818,81351697577934611,1,NA,155664,86704,3739,6514085,155664,86704,3739,right,MxLbN,serotonin,brain_efferent,motor,ingestion_motor_neuron,salivary_motor_neuron,CB0836,NA,NA,NA,NA,NA,cell_type==MN13,sez,putative_primary,ingestion_motor_neuron,salivary_motor_neuron_right,0.2894974,FALSE,"(155664, 86704, 3739)",720575940623137818,flywire,1.298,488,37597109,1820,167,NA,NA,NA,NA,NA,NA,NA,NA,NA,NA,NA,NA,NA,NA,NA,NA,NA,NA,NA,NA,NA,NA,NA,NA,NA,NA,NA,NA,NA,NA,NA,NA,NA,NA,NA,NA,NA,NA,NA,0.2894974,NA,NA,NA,NA,NA,NA,NA,NA,NA,sez_motor
Salivary_MN13,0,SS35823: 0,No path,0,0,0,0,0,0,0,0,0,0,0,0,0,0,0,0,NA,0,0,0,0,0,0,0,0,0,0,0,0,0,0,0,0,Salivary_MN13,720575940618864725,720575940633195148,720575940633195148,77692041911410169,1,NA,103224,79656,4206,2698464,103224,79656,4206,left,MxLbN,acetylcholine,brain_efferent,motor,ingestion_motor_neuron,salivary_motor_neuron,CB0836,NA,NA,NA,NA,NA,cell_type==MN13,sez,putative_primary,ingestion_motor_neuron,salivary_motor_neuron_left,0.2871523,FALSE,"(103224, 79656, 4206)",720575940633195148,flywire,1.054,389,36910801,1563,162,NA,NA,NA,NA,NA,NA,NA,NA,NA,NA,NA,NA,NA,NA,NA,NA,NA,NA,NA,NA,NA,NA,NA,NA,NA,NA,NA,NA,NA,NA,NA,NA,NA,NA,NA,NA,NA,NA,NA,0.2871523,NA,NA,NA,NA,NA,NA,NA,NA,NA,sez_motor
shark,0,SS45729: 0,No path,0,0,0,0,0,0,0,0,0,0,0,0,0,0,0,0,NA,0,0,0,0,0,0,0,0,0,0,0,0,0,0,0,0,shark,720575940635776760,720575940635776760,720575940635776760,78536260817476184,1,incomplete,115308,76865,5269,4751836,124680,91368,3580,left,ON,acetylcholine,brain_efferent,motor,neck_motor_neuron,neck_motor_neuron,CB0918,NA,NA,MX12__prim__1,NA,NA,cell_type==VCNMN,sez,MX12__prim,neck_motor_neuron,neck_motor_neuron_left,0.4450036,FALSE,"(115308, 76865, 5269)",720575940635776760,flywire,1.412,685,48506336,2407,161,NA,75,1430,0,75,0,1430,0,0,0,0,0.01976,0.3768,0,0.01976,0,0.3768,0,3796,0,0,0,0.328,0,0,NA,NA,1,7021,3422,1600,1823,3796,1,1505,1,1,0.6341,acetylcholine,0.5730000000000001,0.56,0.15920000000000004,0.43360000000000004,0.1328,0.0076,0.2268,0.0392,NA,NA,sez_motor
shark,0,SS45729: 0,No path,0,0,0,0,0,0,0,0,0,0,0,0,0,0,0,0,NA,0,0,0,0,0,0,0,0,0,0,0,0,0,0,0,0,shark,720575940626770057,720575940628372613,720575940628372613,79100103855784644,1,NA,123128,90552,3297,4095661,123128,90552,3297,left,ON,acetylcholine,brain_efferent,motor,neck_motor_neuron,neck_motor_neuron,CB0004,NA,NA,MX12__prim__1,NA,NA,NA,sez,MX12__prim,neck_motor_neuron,neck_motor_neuron_left,0.4432271,FALSE,"(123128, 90552, 3297)",720575940628372613,flywire,2.996,1181,39416873,2654,240,NA,NA,NA,NA,NA,NA,NA,NA,NA,NA,NA,NA,NA,NA,NA,NA,NA,NA,NA,NA,NA,NA,NA,NA,NA,NA,NA,NA,NA,NA,NA,NA,NA,NA,NA,NA,NA,NA,NA,0.4432271,NA,NA,NA,NA,NA,NA,NA,NA,NA,sez_motor
shark,0,SS45729: 0,No path,0,0,0,0,0,0,0,0,0,0,0,0,0,0,0,0,NA,0,0,0,0,0,0,0,0,0,0,0,0,0,0,0,0,shark,720575940620182181,720575940620182181,720575940620182181,80155703737786067,1,NA,138464,91504,3204,5443936,138464,91504,3204,right,ON,acetylcholine,brain_efferent,motor,neck_motor_neuron,neck_motor_neuron,CB0004,NA,NA,MX12__prim__1,NA,NA,NA,sez,MX12__prim,neck_motor_neuron,neck_motor_neuron_right,0.6139109,FALSE,"(138464, 91504, 3204)",720575940620182181,flywire,3.694,1465,39659812,2470,240,NA,31,1631,4,18,133,1493,0,0,0,0,0.01011,0.532,0.01406,0.007085,0.46740000000000004,0.5876,284.5,2541,44.96,112.1,0.248,0.288,1.24,0.784,0.009413999999999999,33.83,1,5825,2764,1291,1474,3066,1,1662,1,1,0.8056,acetylcholine,0.604,0.583,0.03,0.5183,0.1858,0.08333,0.10420000000000001,0.07833000000000001,NA,NA,sez_motor
shark,0,SS45729: 0,No path,0,0,0,0,0,0,0,0,0,0,0,0,0,0,0,0,NA,0,0,0,0,0,0,0,0,0,0,0,0,0,0,0,0,shark,720575940607641010,720575940626149671,720575940607641010,80296303787258656,1,incomplete,140760,88842,3257,6004328,143192,91488,2605,right,ON,acetylcholine,brain_efferent,motor,neck_motor_neuron,neck_motor_neuron,CB0918,NA,NA,MX12__prim__1,NA,NA,cell_type==VCNMN,sez,MX12__prim,neck_motor_neuron,neck_motor_neuron_right,0.4533897,FALSE,"(140760, 88842, 3257)",720575940626149671,flywire,1.93,941,48755059,2463,160,NA,76,2296,22,52,231,2005,0,0,0,0,0.01777,0.5369,0.05038,0.01461,0.529,0.5631,436.7,3560,62.06,121.7,0.286,0.312,0.91,0.66,0.03086,41.05,1,7929,4208,1958,2251,4276,1,2372,1,1,0.576,acetylcholine,0.5700000000000001,0.548,0.062259999999999996,0.4552,0.251,0.04064,0.15940000000000004,0.029679999999999998,NA,NA,NA
snake,0,"SS31705, SS31708: 0",3,0,0,0,0,0,0,0,0,0,0,0,0,0,0,0,0,NA,0,0,0,0,0,0,0,0,0,0,0,0,0,0,0,0,snake,720575940631643532,720575940631643532,720575940631643532,79591654407209025,1,incomplete,130821,74657,4422,6917802,159416,82000,3164,right,CV,acetylcholine,brain_vnc_transfer,descending,descending_neuron,NA,DNg77,NA,NA,NA,NA,NA,NA,midbrain,putative_primary,NA,descending_right,0.8371182,FALSE,"(130821, 74657, 4422)",720575940631643532,flywire,1.665,422,25343836,3510,154,NA,1667,834,0,1667,0,834,0,0,0,0,0.7504,0.3754,0,0.7504,0,0.3754,0,2222,0,0,0,0.346,0,0,NA,NA,1,4197,991,483,509,2222,1,2501,1,1,1.58,acetylcholine,0.8280000000000001,0.8330000000000001,0.06347,0.726,0.07833000000000001,0.0016669999999999999,0.061939999999999995,0.06889,NA,NA,sez_descending
snake,0,"SS31705, SS31708: 0",3,0,0,0,0,0,0,0,0,0,0,0,0,0,0,0,0,NA,0,0,0,0,0,0,0,0,0,0,0,0,0,0,0,0,snake,720575940625815562,720575940625815562,720575940625815562,77551098130843917,1,NA,100664,77216,3396,2691924,100664,77216,3396,left,CV,acetylcholine,brain_vnc_transfer,descending,descending_neuron,NA,DNg77,NA,NA,NA,NA,NA,NA,midbrain,putative_primary,NA,descending_left,0.8393636,FALSE,"(100664, 77216, 3396)",720575940625815562,flywire,1.786,441,24698001,3877,158,NA,1341,731,0,1341,0,731,0,0,0,0,0.6346,0.3459,0,0.6346,0,0.3459,0,2113,0,0,0,0.35,0,0,NA,NA,1,3960,918,450,469,2113,1,2072,1,1,1.835,acetylcholine,0.8580000000000001,0.8680000000000001,0.03382,0.7931999999999999,0.021910000000000002,7.35e-4,0.08324000000000001,0.06544,288,NA,sez_descending
spirit,0,SS49430: 0,3,0,0,0,0,0,0,0,0,0,0,0,0,0,0,0,0,NA,0,0,0,0,0,0,0,0,0,0,0,0,0,0,0,0,spirit,720575940621468404,720575940621468404,720575940621468404,81491816658672262,1,adequate,158296,78096,4582,6920436,158296,78096,4582,right,NA,acetylcholine,brain_intrinsic,central,NA,NA,CB0045,NA,NA,NA,NA,NA,NA,midbrain,putative_primary,NA,NA,0.9255021,FALSE,"(158296, 78096, 4582)",720575940621468404,flywire,0.4802,97,20198948,1300,140,NA,4537,1401,3094,1034,242,806,0,0,0,0,1.4209999999999998,0.43870000000000003,6.811,0.7117,0.5327000000000001,0.5548000000000001,454.3,1453,167.5,92.03,0.58,0.374,0.661,0.438,0.1835,136,1,6138,1947,943,1005,3194,1,5938,1,1,0.407,acetylcholine,0.962,0.981,0.016390000000000002,0.9066000000000001,0.015419999999999998,0.0035480000000000004,0.014580000000000001,0.041030000000000004,1573,1401,sez_intrinsic
spirit,0,SS49430: 0,3,0,0,0,0,0,0,0,0,0,0,0,0,0,0,0,0,NA,0,0,0,0,0,0,0,0,0,0,0,0,0,0,0,0,spirit,720575940613461043,720575940613461043,720575940613461043,77973104638890403,1,adequate,106672,74184,5024,2576317,106672,74184,5024,left,NA,acetylcholine,brain_intrinsic,central,NA,NA,CB0045,NA,NA,NA,NA,NA,NA,midbrain,putative_primary,NA,NA,0.9485212,FALSE,"(106672, 74184, 5024)",720575940613461043,flywire,0.4534,119,26245962,1204,138,NA,4917,1048,2089,1110,148,754,0,0,0,0,1.687,0.3596,5.659999999999999,0.7928,0.401,0.5385,369,1400,199.1,107.1,0.419,0.358,0.669,0.508,0.1656,94.47,1,5647,1641,799,843,2915,1,5965,1,1,0.413,acetylcholine,0.9440000000000001,0.96,0.02182,0.8935,0.03733,0.002386,0.0075,0.03591,1932,1048,sez_intrinsic
spray,0,SS39867: 0,2,0,0,0,0,0,0,0,0,0,0,0,0,0,0,0,0,NA,0,0,0,0,0,0,0,0,0,0,0,0,0,0,0,0,spray,720575940608402012,720575940608402012,720575940608402012,80085335128364065,1,NA,137160,91152,4599,5460030,137160,91152,4599,right,NA,glutamate,brain_intrinsic,central,NA,NA,CB0456,NA,NA,NA,NA,NA,NA,midbrain,putative_primary,NA,NA,0.6143667,FALSE,"(137160, 91152, 4599)",720575940608402012,flywire,3.498,918,26242547,5047,221,NA,4457,1146,3143,1177,572,489,0,0,0,0,0.997,0.2564,1.798,0.7612,0.3272,0.3162,1748,1546,70.06,76,0.386,0.38,0.668,0.52,0.02521,17.81,1,8695,2104,1031,1074,4470,1,5603,1,1,1.129,glutamate,0.503,0.6689999999999999,0.17820000000000003,0.15820000000000004,0.5718000000000001,0.01154,0.019350000000000003,0.06,1496,1146,sez_intrinsic
spray,0,SS39867: 0,2,0,0,0,0,0,0,0,0,0,0,0,0,0,0,0,0,NA,0,0,0,0,0,0,0,0,0,0,0,0,0,0,0,0,spray,720575940629210490,720575940621668079,720575940621668079,78185035370766363,1,NA,110032,86040,4001,3251262,110032,86040,4001,left,NA,glutamate,brain_intrinsic,central,NA,NA,CB0456,NA,NA,NA,NA,NA,NA,midbrain,putative_primary,NA,NA,0.5551055,FALSE,"(110032, 86040, 4001)",720575940621668079,flywire,4.509,972,21556060,4481,213,NA,NA,NA,NA,NA,NA,NA,NA,NA,NA,NA,NA,NA,NA,NA,NA,NA,NA,NA,NA,NA,NA,NA,NA,NA,NA,NA,NA,NA,NA,NA,NA,NA,NA,NA,NA,NA,NA,NA,0.5551055,NA,NA,NA,NA,NA,NA,NA,1426,1110,sez_intrinsic
sullivan,0,"SS42638, SS42639: 0",4,0,0,0,0,0,0,0,0,0,0,0,0.0666666666666666,0,0.233333333333333,0,0.0666666666666666,NA,0,0,0,0,0,0,0,0,0,0,0,0.249443825784929,0,0.42295258468165,0,0.249443825784929,sullivan,720575940628590697,720575940628590697,720575940628590697,79169441740587031,1,NA,124724,75081,2698,6507815,151632,82976,1888,right,NA,acetylcholine,brain_intrinsic,central,NA,NA,CB0631,NA,"hb546771021,hb637487760",NA,NA,NA,NA,midbrain,putative_primary,NA,NA,0.9680031,FALSE,"(124724, 75081, 2698)",720575940628590697,flywire,0.6904,276,39978185,7529,163,NA,10181,2128,5484,4278,580,1517,0,0,0,0,1.9529999999999998,0.4082,6.4350000000000005,1.6340000000000001,0.6806,0.5794,852.2,2618,858.7,124.1,0.37,0.322,0.679,0.644,0.052160000000000005,221,1,10150,2379,1161,1219,5213,1,12309,1,1,1.444,acetylcholine,0.9420000000000001,0.9580000000000001,0.01626,0.9217000000000001,0.025920000000000002,0.009538,0.006974999999999999,0.01824,1711,2128,NA
sullivan,0,"SS42638, SS42639: 0",4,0,0,0,0,0,0,0,0,0,0,0,0.0666666666666666,0,0.233333333333333,0,0.0666666666666666,NA,0,0,0,0,0,0,0,0,0,0,0,0.249443825784929,0,0.42295258468165,0,0.249443825784929,sullivan,720575940638663221,720575940638663221,720575940638663221,79169647899017976,1,adequate,124635,77748,2705,3196765,108688,81472,2701,left,NA,acetylcholine,brain_intrinsic,central,NA,NA,CB0631,NA,"hb546771021,hb637487760",NA,NA,NA,NA,midbrain,putative_primary,NA,NA,0.9648781,FALSE,"(124635, 77748, 2705)",720575940638663221,flywire,0.7411,260,35083060,6558,149,NA,10262,1937,4629,5236,730,1066,0,0,0,0,1.9909999999999999,0.3757,3.673,2.671,0.5792,0.5438000000000001,1260,1960,862.2,111.8,0.336,0.338,0.68,0.606,0.002422,214.2,1,9889,2018,989,1030,5155,1,12199,1,1,1.272,acetylcholine,0.905,0.918,0.02277,0.8805,0.03068,0.016460000000000002,0.01382,0.03432,1662,1937,NA
sundrop,0,"SS51985, SS51987, SS51988, SS51989: 0",2,0,0,0,0,0,0,0,0,0,0,0,0,0,0,0,0,NA,0,0,0,0,0,0,0,0,0,0,0,0,0,0,0,0,sundrop,720575940626086842,720575940622759152,720575940626086842,79733628846046023,1,adequate,133008,93048,4362,5451777,133008,93048,4362,right,NA,glutamate,brain_intrinsic,central,NA,NA,CB0175,NA,NA,NA,NA,NA,NA,midbrain,putative_primary,NA,NA,0.5658399,FALSE,"(133008, 93048, 4362)",720575940622759152,flywire,0.4069,85,20890235,1051,148,NA,4456,443,4168,5,69,357,0,0,0,0,1.7429999999999999,0.1733,5.059,0.00426,0.08375,0.30419999999999997,823.9,1174,68.55,65.76,0.45,0.314,0.58,0.442,0.733,66.27,1,4975,792,392,401,2556,1,4899,1,1,0.4112,glutamate,0.369,0.491,0.15190000000000003,0.3204,0.4581,0.008302,0.016980000000000002,0.04132,NA,NA,NA
sundrop,0,"SS51985, SS51987, SS51988, SS51989: 0",2,0,0,0,0,0,0,0,0,0,0,0,0,0,0,0,0,NA,0,0,0,0,0,0,0,0,0,0,0,0,0,0,0,0,sundrop,720575940607014530,720575940607014530,720575940607014530,79662985223685105,1,adequate,131584,89112,4127,5342607,131584,89112,4127,left,NA,glutamate,brain_intrinsic,central,NA,NA,CB0175,NA,NA,NA,NA,NA,NA,midbrain,putative_primary,NA,NA,0.5787413,FALSE,"(131584, 89112, 4127)",720575940607014530,flywire,0.5905,104,17612223,1119,154,NA,4127,435,4121,5,96,339,0,0,0,0,1.768,0.1864,4.64,0.003811,0.10810000000000002,0.2584,888.2,1312,58.61,71.09,0.432,0.294,0.588,0.424,0.6628,70.11,1,4542,848,419,430,2334,1,4562,1,1,0.4794,glutamate,0.49,0.652,0.1388,0.20650000000000002,0.6073,0.009696999999999999,0.01409,0.022269999999999998,NA,435,sez_intrinsic
tentacular,0.5,SS51930: .5,2,0,0,0,0,0,0,0,0,0,0,0,0,0,0,0,0,NA,0,0,0,0,0,0,0,0,0,0,0,0,0,0,0,0,tentacular,720575940620673985,720575940620673985,720575940620673985,80929553698602769,1,NA,150270,88096,2989,NA,153044,88697,2832,right,NA,gaba,brain_intrinsic,central,NA,NA,CB0821,NA,NA,NA,NA,NA,NA,midbrain,putative_primary,NA,NA,0.7755640,FALSE,"(150270, 88096, 2989)",720575940620673985,flywire,NA,NA,NA,6256,191,NA,9280,2423,3148,1652,237,699,0,0,0,0,1.7189999999999999,0.44880000000000003,4.693999999999999,1.034,0.3534,0.43740000000000007,670.7,1598,45.39,13.55,0.708,0.494,1.085,0.79,0.1029,56.72,1,10185,3377,1629,1748,5399,1,11703,1,1,1.159,gaba,0.6809999999999999,0.689,0.6301,0.1886,0.1501,0.0027870000000000004,0.010709999999999999,0.016450000000000003,3867,2423,sez_intrinsic
tentacular,0.5,SS51930: .5,2,0,0,0,0,0,0,0,0,0,0,0,0,0,0,0,0,NA,0,0,0,0,0,0,0,0,0,0,0,0,0,0,0,0,tentacular,720575940621399899,720575940621399899,720575940621399899,78185103955859269,1,NA,109928,86968,3067,3248359,109928,86968,3067,left,NA,gaba,brain_intrinsic,central,NA,NA,CB0821,NA,NA,NA,NA,NA,NA,midbrain,putative_primary,NA,NA,0.8167352,FALSE,"(109928, 86968, 3067)",720575940621399899,flywire,1.322,268,20275370,5547,189,NA,9478,2862,3013,714,330,422,0,0,0,0,1.689,0.5099,4.787,0.6338,0.5243,0.3746,629.4,1126,68.83,11.76,0.706,0.52,1.442,0.974,0.09875,47.46,1,10585,3654,1756,1898,5612,1,12340,1,1,0.9884,gaba,0.748,0.77,0.6979,0.187,0.09415,0.002765,0.004931,0.0124,4337,2862,sez_intrinsic
tinctoria,0,"SS39007, SS39020: 0",2,0,0,0,0,0,0,0,0,0,0,0,0,0,0,0,0,NA,0,0,0,0,0,0,0,0,0,0,0,0,0,0,0,0,tinctoria,720575940619048827,720575940628743752,720575940628743752,80717828721935005,1,NA,146480,78512,756,5816098,146480,78512,756,right,PhN,acetylcholine,brain_efferent,motor,ingestion_motor_neuron,ingestion_motor_neuron,ingestion_motor_neuron,NA,NA,NA,NA,NA,NA,midbrain,putative_primary,ingestion_motor_neuron,ingestion_motor_neuron_right,0.7305210,FALSE,"(146480, 78512, 756)",720575940628743752,flywire,5.195,3003,57806811,4985,215,NA,NA,NA,NA,NA,NA,NA,NA,NA,NA,NA,NA,NA,NA,NA,NA,NA,NA,NA,NA,NA,NA,NA,NA,NA,NA,NA,NA,NA,NA,NA,NA,NA,NA,NA,NA,NA,NA,NA,0.730521,NA,NA,NA,NA,NA,NA,NA,NA,NA,sez_motor
tinctoria,0,"SS39007, SS39020: 0",2,0,0,0,0,0,0,0,0,0,0,0,0,0,0,0,0,NA,0,0,0,0,0,0,0,0,0,0,0,0,0,0,0,0,tinctoria,720575940625875504,720575940625875504,720575940625875504,80577228672723123,1,NA,144616,80776,900,5814067,144616,80776,900,right,NA,glutamate,brain_intrinsic,central,NA,NA,NA,NA,NA,NA,NA,NA,NA,midbrain,putative_primary,NA,NA,0.5939214,FALSE,"(144616, 80776, 900)",720575940625875504,flywire,0.7852,416,52979036,4607,151,NA,6455,2473,3910,1332,1283,600,0,0,0,0,1.263,0.48380000000000006,1.708,1.4769999999999999,0.5606000000000001,0.6654999999999999,2289,901.6,158.7,42.07,0.344,0.338,0.526,0.657,0.0034750000000000002,64.34,1,9677,3055,1468,1588,5112,1,8928,1,1,0.9012,glutamate,0.41600000000000004,0.553,0.193,0.2667,0.4943,0.002073,0.0165,0.02561,3119,2473,sez_intrinsic
tinctoria,0,"SS39007, SS39020: 0",2,0,0,0,0,0,0,0,0,0,0,0,0,0,0,0,0,NA,0,0,0,0,0,0,0,0,0,0,0,0,0,0,0,0,tinctoria,720575940630868793,720575940630868793,720575940630868793,80365847562216701,1,NA,141368,77392,842,5812237,141368,77392,842,right,PhN,glutamate,brain_efferent,motor,ingestion_motor_neuron,ingestion_motor_neuron,CB0700,NA,NA,NA,NA,NA,cell_type==MN12,midbrain,putative_primary,ingestion_motor_neuron,ingestion_motor_neuron_right,0.5260183,FALSE,"(141368, 77392, 842)",720575940630868793,flywire,4.569,5503,120436081,8844,212,NA,621,8720,0,621,0,8720,0,0,0,0,0.07511000000000001,1.055,0,0.07511000000000001,0,1.055,0,8268,0,0,0,0.308,0,0,NA,NA,1,14575,7024,3268,3757,8268,1,9341,1,1,1.07,acetylcholine,0.467,0.43800000000000006,0.2206,0.3947,0.267,0.0031249999999999997,0.06516000000000001,0.04656,NA,NA,sez_motor
tinctoria,0,"SS39007, SS39020: 0",2,0,0,0,0,0,0,0,0,0,0,0,0,0,0,0,0,NA,0,0,0,0,0,0,0,0,0,0,0,0,0,0,0,0,tinctoria,720575940618165019,720575940618165019,720575940618165019,78887966562464992,1,NA,120640,75328,1101,3765747,120640,75328,1101,left,PhN,acetylcholine,brain_efferent,motor,ingestion_motor_neuron,ingestion_motor_neuron,CB0700,NA,NA,NA,NA,NA,cell_type==MN12,midbrain,putative_primary,ingestion_motor_neuron,ingestion_motor_neuron_left,0.4990281,FALSE,"(120640, 75328, 1101)",720575940618165019,flywire,4.64,4838,104263990,7420,206,NA,155,9561,0,155,0,9561,0,0,0,0,0.01823,1.124,0,0.01823,0,1.124,0,8504,0,0,0,0.31,0,0,NA,NA,1,15529,7548,3552,3997,8504,1,9716,1,1,0.8725,acetylcholine,0.6,0.583,0.13040000000000002,0.5078,0.1701,0.006806,0.1251,0.05931000000000001,30,NA,sez_motor
tophat,0,"SS39932, SS39993:0",3,0,0,0,0,0,0,0,0,0,0,0,0,0,0,0,0,NA,0,0,0,0,0,0,0,0,0,0,0,0,0,0,0,0,tophat,720575940622541005,720575940622541005,720575940622541005,78324398268347214,1,complete,112359,65732,2412,2664412,106976,74552,1860,left,NA,gaba,brain_intrinsic,antennal_lobe,ALPN,NA,Z_vPNml1,792364888,Z_vPNml1,NA,gaba,"Tanaka et al., 2012 (immuno)",NA,midbrain,ALv1,NA,NA,0.8662919,FALSE,"(112359, 65732, 2412)",720575940622541005,flywire,1.958,738,37693303,5473,177,NA,5747,971,5238,442,423,543,0,0,0,0,2.3299999999999996,0.3937,6.4750000000000005,0.46230000000000004,0.5229,0.5680000000000001,809,956,218.9,80.4,0.429,0.34,0.764,0.462,0.20820000000000002,185.4,1,4740,1291,624,668,2466,1,6718,1,1,2.219,gaba,0.76,0.771,0.7291,0.06459000000000001,0.15190000000000003,0.001193,0.01486,0.03651,1467,971,NA
tophat,0,"SS39932, SS39993:0",3,0,0,0,0,0,0,0,0,0,0,0,0,0,0,0,0,NA,0,0,0,0,0,0,0,0,0,0,0,0,0,0,0,0,tophat,720575940638865011,720575940638865011,720575940638865011,81069054102199533,1,adequate,151512,69319,2005,6467323,150808,77816,1150,right,NA,gaba,brain_intrinsic,central,NA,NA,AVLP447,NA,AVLP447,NA,gaba,"Dolan et al., 2019 (immuno)","AVLP-PN


",midbrain,ALv1,NA,NA,0.9391910,FALSE,"(151512, 69319, 2005)",720575940638865011,flywire,2.508,1004,40026765,5607,189,NA,6185,720,5628,381,497,222,0,0,0,0,2.9979999999999998,0.349,6.512,0.706,0.5751000000000001,0.41130000000000005,864.3,539.7,246.6,57.58,0.424,0.349,0.814,0.521,0.07245,154.9,1,3932,1152,557,596,2063,1,6905,1,1,2.718,gaba,0.8510000000000001,0.882,0.8587000000000001,0.06974,0.029599999999999998,0.0064470000000000005,0.007895000000000001,0.026320000000000003,1286,720,NA
tophat,0,"SS39932, SS39993:0",3,0,0,0,0,0,0,0,0,0,0,0,0,0,0,0,0,NA,0,0,0,0,0,0,0,0,0,0,0,0,0,0,0,0,tophat,720575940620441024,720575940628832584,720575940620441024,80998616638618391,1,adequate,150584,68834,2058,6469450,153992,78272,1232,right,NA,gaba,brain_intrinsic,antennal_lobe,ALPN,NA,Z_vPNml1,NA,Z_vPNml1,NA,gaba,"Tanaka et al., 2012 (immuno)",NA,midbrain,ALv1,NA,NA,0.8921336,FALSE,"(150584, 68834, 2058)",720575940628832584,flywire,1.611,587,36433875,5740,171,NA,6013,964,5156,742,411,552,0,0,0,0,2.3649999999999998,0.3792,6.669,0.6967,0.5316000000000001,0.5183,773.1,1065,234.5,84.14,0.446,0.338,0.75,0.478,0.15580000000000002,187,1,4976,1270,616,655,2542,1,6977,1,1,2.258,gaba,0.74,0.75,0.6847,0.1023,0.1496,9.78e-4,0.01685,0.045,1485,964,NA
tophat,0,"SS39932, SS39993:0",3,0,0,0,0,0,0,0,0,0,0,0,0,0,0,0,0,NA,0,0,0,0,0,0,0,0,0,0,0,0,0,0,0,0,tophat,720575940660281217,720575940660281217,720575940660281217,78324398268319423,1,adequate,111824,65362,2388,2570905,105616,73168,1386,left,NA,gaba,brain_intrinsic,central,NA,NA,AVLP447,NA,AVLP447,NA,gaba,"Dolan et al., 2019 (immuno)","AVLP-PN


",midbrain,ALv1,NA,NA,0.9112722,FALSE,"(111824, 65362, 2388)",720575940660281217,flywire,1.943,485,24957033,5446,183,NA,5948,834,5301,444,501,329,0,0,0,0,2.5519999999999996,0.3578,6.497,0.6028,0.614,0.4467,816,736.6,245,81.92,0.419,0.33,0.855,0.456,0.1043,164.6,1,4495,1338,645,694,2331,1,6782,1,1,2.336,gaba,0.8360000000000001,0.8670000000000001,0.807,0.10360000000000001,0.06952,0.0021899999999999997,0.008476000000000001,0.006762000000000001,996,834,NA
TPN4,0,SS44856: 0; SS44866: 0,4,0,0,0,0,0,0,0,0,0,0,0,0.0333333333333333,0,0.0333333333333333,0,0.1,NA,0,0,0,0,0,0,0,0,0,0,0,0.17950549357115,0,0.17950549357115,0,0.3,TPN4,720575940634147936,720575940661114753,720575940661114753,79663122595686375,1,adequate,131254,91120,3740,4765992,131208,91088,3746,right,NA,acetylcholine,brain_intrinsic,antennal_lobe,ALPN,multiglomerular,M_imPNl92,NA,M_imPNl92,NA,NA,NA,NA,midbrain,putative_primary,NA,NA,0.9281897,FALSE,"(131254, 91120, 3740)",720575940661114753,flywire,0.5518,134,24284015,2821,138,NA,NA,NA,NA,NA,NA,NA,NA,NA,NA,NA,NA,NA,NA,NA,NA,NA,NA,NA,NA,NA,NA,NA,NA,NA,NA,NA,NA,NA,NA,NA,NA,NA,NA,NA,NA,NA,NA,NA,0.9281897,NA,NA,NA,NA,NA,NA,NA,2540,2934,NA
TPN4,0,SS44856: 0; SS44866: 0,4,0,0,0,0,0,0,0,0,0,0,0,0.0333333333333333,0,0.0333333333333333,0,0.1,NA,0,0,0,0,0,0,0,0,0,0,0,0.17950549357115,0,0.17950549357115,0,0.3,TPN4,720575940614238114,720575940628922385,720575940614238114,79733422620534846,1,adequate,132320,90360,3853,5342636,132320,90360,3853,left,NA,acetylcholine,brain_intrinsic,antennal_lobe,ALPN,multiglomerular,M_imPNl92,NA,M_imPNl92,NA,NA,NA,NA,midbrain,putative_primary,NA,NA,0.9236011,FALSE,"(132320, 90360, 3853)",720575940628922385,flywire,0.5242,127,24228486,2675,141,NA,11056,2643,5441,5530,1235,1396,0,0,0,0,1.6840000000000002,0.4026,2.22,2.238,0.504,0.5648000000000001,2451,2471,650.7,58.21,0.395,0.382,0.526,0.681,4.48e-4,153.8,1,12376,2821,1383,1439,6565,1,13699,1,1,0.4075,acetylcholine,0.905,0.918,0.02234,0.8515,0.03693,0.017580000000000002,0.04582,0.02418,NA,NA,NA
trident,0,"SS46209, SS46211, SS46214: 0",2,0,0,0,0,0,0,0,0,0,0,0,0,0,0,0,0,NA,0,0,0,0,0,0,0,0,0,0,0,0,0,0,0,0,trident,720575940624163303,720575940624163303,720575940624163303,79732460548091091,1,incomplete,132372,76409,4027,5287062,132760,80424,5336,center,NA,gaba,brain_intrinsic,central,NA,NA,NA,NA,NA,NA,NA,NA,NA,sez,LB0_anterior,NA,NA,0.6810620,FALSE,"(132372, 76409, 4027)",720575940624163303,flywire,2.028,1293,63746952,9828,161,NA,14698,5245,7391,5309,306,3982,0,0,0,0,1.4009999999999998,0.4999,5.371,0.8985,0.22240000000000001,0.6738999999999999,1376,5909,59.839999999999996,61.02,0.706,0.412,1.254,0.58,0.20490000000000003,55.41,1,19736,5740,2792,2949,10490,1,19943,1,1,0.9369,gaba,0.598,0.581,0.5292,0.15150000000000002,0.27,0.003542,0.01919,0.02513,5562,5245,sez_intrinsic
trogon,0,SS45730: 0,3,0,0,0,0,0,0,0,0,0,0,0,0,0,0,0,0,NA,0,0,0,0,0,0,0,0,0,0,0,0,0,0,0,0,trogon,720575940631595603,720575940631595603,720575940631595603,80155635152967494,1,NA,138464,90328,4574,5344207,138464,90328,4574,right,NA,acetylcholine,brain_intrinsic,central,NA,NA,CB0066,NA,NA,LB5__0,NA,NA,NA,sez,LB5,NA,NA,0.5513050,FALSE,"(138464, 90328, 4574)",720575940631595603,flywire,5.591,1370,24503847,4070,218,NA,1113,650,1050,63,159,482,0,0,0,0,0.3926,0.2293,2.103,0.04825,0.3185,0.3691,499.2,1306,234.5,164.5,0.409,0.332,0.858,0.668,0.42180000000000006,180,1,5417,1318,645,674,2835,1,1763,1,1,1.436,acetylcholine,0.5730000000000001,0.562,0.012119999999999999,0.5418000000000001,0.01314,9.49e-4,0.4162,0.01402,211,650,NA
trumpet,0,SS42603: 0,3,0,0,0,0,0,0,0,0,0,0,0,0,0,0,0,0,NA,0,0,0,0,0,0,0,0,0,0,0,0,0,0,0,0,trumpet,720575940645056791,720575940645056791,720575940645056791,81069672442812681,1,adequate,152336,78648,972,6459619,152336,78648,972,right,NA,acetylcholine,brain_intrinsic,central,NA,NA,CB0153,NA,NA,NA,"CCAP, bursicon-negative","Dolan et al., 2017 (transgenics)",NA,midbrain,putative_primary,NA,NA,0.7329075,FALSE,"(152336, 78648, 972)",720575940645056791,flywire,12.76,7259,56908500,28200,250,CCAP,7973,1377,4237,3388,490,785,0,0,0,0,1.801,0.3111,3.9859999999999998,1.645,0.46090000000000003,0.3812,1063,2060,70.34,160,0.454,0.406,0.457,0.753,0.017650000000000002,30.95,1,8315,1967,957,1011,4426,1,9350,1,1,6.371,acetylcholine,0.768,0.77,0.024970000000000003,0.6767,0.04521,0.0058790000000000005,0.1438,0.1014,2104,1377,sez_intrinsic
trumpet,0,SS42603: 0,3,0,0,0,0,0,0,0,0,0,0,0,0,0,0,0,0,NA,0,0,0,0,0,0,0,0,0,0,0,0,0,0,0,0,trumpet,720575940628386295,720575940628386295,720575940628386295,78395522859324366,1,adequate,113434,77178,1649,3191633,108304,76944,1492,left,NA,acetylcholine,brain_intrinsic,central,NA,NA,CB0153,NA,NA,NA,"CCAP, bursicon-negative","Dolan et al., 2017 (transgenics)",NA,midbrain,putative_primary,NA,NA,0.7506173,FALSE,"(113434, 77178, 1649)",720575940628386295,flywire,13.72,7340,53496297,29077,252,CCAP,7983,1423,3652,3248,514,796,0,0,0,0,1.9149999999999998,0.3414,3.724,1.651,0.5242,0.4046,980.6,1967,230.4,41,0.438,0.446,0.712,0.736,0.011519999999999999,24.72,1,7806,1809,884,926,4169,1,9406,1,1,6.975,acetylcholine,0.8200000000000001,0.8260000000000001,0.018950000000000005,0.7128,0.03704,0.001977,0.112,0.11620000000000001,2030,1423,sez_intrinsic
tulip,0,SS45941: 0,2,0,0,0,0,0,0,0,0,0,0,0,0,0,0,0,0,NA,0,0,0,0,0,0,0,0,0,0,0,0,0,0,0,0,tulip,720575940617755220,720575940617755220,720575940617755220,81210960022833887,1,NA,154376,87440,3413,6513608,154376,87440,3413,right,NA,acetylcholine,brain_intrinsic,central,NA,NA,CB0579,NA,NA,NA,NA,NA,NA,midbrain,putative_primary,NA,NA,0.7318291,FALSE,"(154376, 87440, 3413)",720575940617755220,flywire,7.806,3262,41786177,17652,204,NA,2914,2861,2244,456,1545,1075,0,0,0,0,0.5502,0.5402,0.9779,0.3287,0.6732999999999999,0.7748,2295,1387,190,127,0.328,0.322,0.502,0.626,0.052360000000000004,25.43,1,10219,2902,1407,1496,5296,1,5775,1,1,3.333,acetylcholine,0.589,0.5750000000000001,0.03801,0.5267000000000001,0.058820000000000004,0.008656,0.24220000000000003,0.12470000000000002,926,2861,sez_intrinsic
tulip,0,SS45941: 0,2,0,0,0,0,0,0,0,0,0,0,0,0,0,0,0,0,NA,0,0,0,0,0,0,0,0,0,0,0,0,0,0,0,0,tulip,720575940620061793,720575940620061793,720575940620061793,78114529187582588,1,NA,108880,84360,3863,3250997,108880,84360,3863,left,NA,acetylcholine,brain_intrinsic,central,NA,NA,CB0579,NA,NA,NA,NA,NA,NA,midbrain,putative_primary,NA,NA,0.7656546,FALSE,"(108880, 84360, 3863)",720575940620061793,flywire,8.102,3508,43296708,18755,216,NA,2832,2463,2014,645,890,1349,0,0,0,0,0.5807,0.505,1.33,0.3399,0.5878,0.711,1514,1897,59.849999999999994,193.1,0.382,0.347,0.772,0.73,0.09839,33.13,1,9139,2311,1118,1194,4877,1,5295,1,1,3.846,acetylcholine,0.607,0.594,0.035339999999999996,0.5441,0.04947,0.007593999999999999,0.21560000000000001,0.14740000000000003,818,2463,sez_intrinsic
tundra,0,SS41386: 0,2,0,0,0,0,0,0,0,0,0,0,0,0,0,0,0,0,NA,0,0,0,0,0,0,0,0,0,0,0,0,0,0,0,0,tundra,720575940621573542,720575940621573542,720575940621573542,81211028809108125,1,NA,154440,87752,3770,6513634,154440,87752,3770,right,NA,gaba,brain_intrinsic,central,NA,NA,CB0833,NA,NA,NA,NA,NA,NA,midbrain,putative_primary,NA,NA,0.7387868,FALSE,"(154440, 87752, 3770)",720575940621573542,flywire,0.4502,53,11772154,1107,138,NA,3642,1159,2093,1105,74,1033,0,0,0,0,1.4469999999999998,0.46030000000000004,7.601,0.6984999999999999,0.26880000000000004,0.6529,275.3,1582,71.05,94.84,0.642,0.382,0.556,0.43,0.2652,86.95,1,4749,1483,719,765,2518,1,4801,1,1,0.4396,gaba,0.6809999999999999,0.691,0.6221,0.16570000000000001,0.1653,0.0022680000000000005,0.01959,0.02392,1513,1159,sez_intrinsic
tundra,0,SS41386: 0,2,0,0,0,0,0,0,0,0,0,0,0,0,0,0,0,0,NA,0,0,0,0,0,0,0,0,0,0,0,0,0,0,0,0,tundra,720575940621538142,720575940621538142,720575940621538142,79170472734314624,1,NA,124456,90616,4463,4768596,124456,90616,4463,left,NA,gaba,brain_intrinsic,central,NA,NA,CB0833,NA,NA,NA,NA,NA,NA,midbrain,putative_primary,NA,NA,0.5953134,FALSE,"(124456, 90616, 4463)",720575940621538142,flywire,0.8087,139,17188887,1181,144,NA,4364,1806,2452,1551,64,888,0,0,0,0,1.538,0.6366,7.374,1.1580000000000001,0.1925,0.6627,332.5,1340,80.01,49.53,0.703,0.376,0.584,0.452,0.21740000000000004,86.11,1,5470,1618,790,829,2837,1,6170,1,1,0.4163,gaba,0.5700000000000001,0.548,0.47290000000000004,0.20450000000000002,0.29090000000000005,0.004808000000000001,0.009614999999999999,0.01567,1823,1806,sez_intrinsic
turner,0,"SS45676, SS49422: 0",3,0,0,0,0,0,0,0,0,0,0,0,0,0,0,0,0,NA,0,0,0,0,0,0,0,0,0,0,0,0,0,0,0,0,turner,720575940629437378,720575940623380556,720575940623380556,81139972534802225,1,NA,152552,78112,1297,6468393,152552,78112,1297,right,NA,gaba,brain_intrinsic,central,NA,NA,CL114,NA,CL114,NA,gaba,"Ito et al., 2013 (immuno)",NA,midbrain,ALv1,NA,NA,0.8880011,FALSE,"(152552, 78112, 1297)",720575940623380556,flywire,2.111,1341,63511967,5798,193,NA,NA,NA,NA,NA,NA,NA,NA,NA,NA,NA,NA,NA,NA,NA,NA,NA,NA,NA,NA,NA,NA,NA,NA,NA,NA,NA,NA,NA,NA,NA,NA,NA,NA,NA,NA,NA,NA,NA,0.8880011,NA,NA,NA,NA,NA,NA,NA,2248,1395,NA
turner,0,"SS45676, SS49422: 0",3,0,0,0,0,0,0,0,0,0,0,0,0,0,0,0,0,NA,0,0,0,0,0,0,0,0,0,0,0,0,0,0,0,0,turner,720575940610956334,720575940610956334,720575940610956334,78324329548911886,1,bad_nucleus,111740,64223,2446,2565748,102152,67616,1292,left,NA,gaba,brain_intrinsic,central,NA,NA,CL114,481371769,CL114,NA,gaba,ASB (educated guess),NA,midbrain,ALv1,NA,NA,0.8579919,FALSE,"(111740, 64223, 2446)",720575940610956334,flywire,1.06,336,31685673,4109,173,NA,7730,1380,7669,8,455,914,0,0,0,0,2.194,0.3916,8.474,0.004753,0.5028,0.543,905,1683,219.7,110.4,0.569,0.322,1.012,0.545,0.532,169.1,1,6827,1882,914,969,3524,1,9110,1,1,1.166,gaba,0.743,0.752,0.6907,0.09504,0.17890000000000003,0.01099,0.01372,0.009587,2135,1380,NA
twirl,0,SS51958: 0,2,0,0,0,0,0,0,0,0,0,0,0,0,0,0,0,0,NA,0,0,0,0,0,0,0,0,0,0,0,0,0,0,0,0,twirl,720575940636034661,720575940636034661,720575940636034661,79733559992306872,1,NA,132936,91920,3481,5435161,132936,91920,3481,center,NA,gaba,brain_intrinsic,central,NA,NA,NA,NA,NA,NA,NA,NA,NA,sez,MX0__prim,NA,NA,0.6019094,FALSE,"(132936, 91920, 3481)",720575940636034661,flywire,2.261,991,43831755,7248,194,NA,5406,2623,3472,1226,1340,968,0,0,0,0,0.7598,0.36869999999999997,1.2109999999999999,0.7293999999999999,0.46730000000000005,0.5759000000000001,2867,1681,278.1,63.98,0.384,0.372,0.828,0.556,0.0199,20.18,1,13895,4135,2013,2123,7115,1,8029,1,1,1.019,gaba,0.525,0.529,0.4877,0.3216,0.12050000000000001,0.001897,0.02218,0.045919999999999996,1922,2623,sez_intrinsic
usnea,1,"SS37122: 1; SS31022:1; See also Shiu, Sterne et al., 2022",3,0,0,0,0,0,0,0,0,0,0,0,0,0,0,0,0,NA,0,0,0,0,0,0,0,0,0,0,0,0,0,0,0,0,usnea,720575940641366517,720575940636437611,720575940641366517,80929484844498691,1,NA,150376,87392,1661,6506659,150376,87392,1661,right,NA,gaba,brain_intrinsic,central,NA,NA,CB0008,NA,NA,NA,NA,NA,NA,midbrain,putative_primary,NA,NA,0.4947092,FALSE,"(150376, 87392, 1661)",720575940636437611,flywire,3.075,970,31543109,8966,236,NA,3786,1117,2759,897,649,448,0,0,0,0,1.047,0.309,1.651,0.8958,0.38830000000000003,0.4474,1672,1001,109.4,93.16,0.38,0.348,0.63,0.658,0.02052,30.38,1,6893,1865,899,967,3615,1,4903,1,1,2.48,unknown,NA,0.445,0.3816,0.36069999999999997,0.059590000000000004,0.02493,0.07685,0.09411,2090,1117,sez_intrinsic
usnea,1,"SS37122: 1; SS31022:1; See also Shiu, Sterne et al., 2022",3,0,0,0,0,0,0,0,0,0,0,0,0,0,0,0,0,NA,0,0,0,0,0,0,0,0,0,0,0,0,0,0,0,0,usnea,720575940632648612,720575940632648612,720575940632648612,79169854057523133,1,incomplete,124317,80533,2762,3191450,107664,81816,1984,left,NA,gaba,brain_intrinsic,central,NA,NA,CB0008,NA,NA,NA,NA,NA,NA,midbrain,putative_primary,NA,NA,0.4994585,FALSE,"(124317, 80533, 2762)",720575940632648612,flywire,3.067,1025,33414851,8176,235,NA,4002,1209,1876,1999,308,849,0,0,0,0,1.087,0.32830000000000004,1.79,1.2029999999999998,0.29380000000000006,0.5111,1048,1661,92.59,119.8,0.382,0.366,0.646,0.634,0.033010000000000005,65.14,1,7034,2005,973,1032,3683,1,5211,1,1,2.22,unknown,NA,0.43500000000000005,0.40650000000000003,0.3374,0.09174,0.002422,0.0482,0.1126,2274,1209,sez_intrinsic
wafflecone,0,SS50698: 0,3,0,0,0,0,0,0,0,0,0,0,0,0,0,0,0,0,NA,0,0,0,0,0,0,0,0,0,0,0,0,0,0,0,0,wafflecone,720575940624913959,720575940624913959,720575940624913959,81210960023049270,1,NA,154488,87336,3578,6513639,154488,87336,3578,right,NA,glutamate,brain_intrinsic,central,NA,NA,CB0696,NA,NA,NA,NA,NA,NA,midbrain,putative_primary,NA,NA,0.5274419,FALSE,"(154488, 87336, 3578)",720575940624913959,flywire,1.619,384,23713551,3933,169,NA,3069,607,2717,199,499,89,0,0,0,0,1.344,0.26580000000000004,2.4379999999999997,0.8395,0.44780000000000003,0.3755,1114,237,101.9,139.9,0.347,0.353,0.519,0.726,0.012119999999999999,10.87,1,4441,1390,682,709,2284,1,3676,1,1,1.722,glutamate,0.48400000000000004,0.642,0.32830000000000004,0.07698,0.5387000000000001,5.660000000000001e-4,0.0234,0.03038,718,607,sez_intrinsic
wafflecone,0,SS50698: 0,3,0,0,0,0,0,0,0,0,0,0,0,0,0,0,0,0,NA,0,0,0,0,0,0,0,0,0,0,0,0,0,0,0,0,wafflecone,720575940626075517,720575940626075517,720575940626075517,77973654260467316,1,NA,107040,82304,3982,3199059,107040,82304,3982,left,NA,gaba,brain_intrinsic,central,NA,NA,CB0696,NA,NA,NA,NA,NA,NA,midbrain,putative_primary,NA,NA,0.5560115,FALSE,"(107040, 82304, 3982)",720575940626075517,flywire,0.9862,226,22916755,2978,161,NA,2986,1061,469,1908,23,824,0,0,0,0,1.1260000000000001,0.4,6.425,1.359,0.3151,0.5871,73,1404,111,138.6,0.394,0.33,0.664,0.657,0.04909,10.04,1,5159,1550,755,796,2653,1,4047,1,1,1.123,unknown,NA,0.367,0.34619999999999995,0.2535,0.3297,0.0048330000000000005,0.02583,0.038,915,1061,sez_intrinsic
weaver,0,SS39883: 0,3,0,0,0,0,0,0,0,0,0,0,0,0,0,0,0,0,NA,0,0,0,0,0,0,0,0,0,0,0,0,0,0,0,0,weaver,720575940616605441,720575940616605441,720575940616605441,80155085464056834,1,adequate,138494,82357,4916,6920482,158360,80384,4696,right,NA,acetylcholine,brain_intrinsic,central,NA,NA,CB1825,NA,NA,LB19__1,NA,NA,NA,sez,LB19,NA,NA,0.7589061,FALSE,"(138494, 82357, 4916)",720575940616605441,flywire,3.795,376,9907721,899,187,NA,551,98,486,50,26,69,0,0,0,0,0.5315,0.09453,1.2329999999999999,0.1873,0.06594,0.2585,394.3,267,153.2,106.6,0.308,0.375,0.371,0.308,0.3126,146.8,1,1901,240,116,124,1037,1,649,1,1,0.8669,acetylcholine,0.906,0.919,0.04216,0.7449,0.07378000000000001,0.0064860000000000004,0.04757,0.08378000000000001,66,98,sez_centrifugal
weaver,0,SS39883: 0,3,0,0,0,0,0,0,0,0,0,0,0,0,0,0,0,0,NA,0,0,0,0,0,0,0,0,0,0,0,0,0,0,0,0,weaver,720575940629460524,720575940629460524,720575940629460524,80155085464059485,1,adequate,138746,82439,4919,6919453,156184,77704,4780,right,NA,acetylcholine,brain_intrinsic,central,NA,NA,CB2821,NA,NA,LB19__1,NA,NA,NA,sez,LB19,NA,NA,0.9201690,FALSE,"(138746, 82439, 4919)",720575940629460524,flywire,1.731,172,9934982,933,144,NA,985,87,844,22,20,62,0,0,0,0,1.037,0.09156,3.8729999999999998,0.09036999999999999,0.09179000000000001,0.2547,217.9,243.4,259.8,103.2,0.348,0.37,0.364,0.34,0.4862,144.6,1,1740,248,121,128,950.2,1,1072,1,1,0.9819,acetylcholine,0.8770000000000001,0.889,0.0663,0.8367000000000001,0.039630000000000006,0.015179999999999999,0.0062959999999999995,0.0337,407,87,NA
weaver,0,SS39883: 0,3,0,0,0,0,0,0,0,0,0,0,0,0,0,0,0,0,NA,0,0,0,0,0,0,0,0,0,0,0,0,0,0,0,0,weaver,720575940628469508,720575940622229825,720575940622229825,80155085464065608,1,incomplete,138718,82525,4919,6431377,153720,72792,5097,right,NA,acetylcholine,brain_intrinsic,central,NA,NA,CB1825,NA,NA,LB19__1,NA,NA,NA,sez,LB19,NA,NA,0.8288383,FALSE,"(138718, 82525, 4919)",720575940622229825,flywire,4.596,394,8572324,867,181,NA,NA,NA,NA,NA,NA,NA,NA,NA,NA,NA,NA,NA,NA,NA,NA,NA,NA,NA,NA,NA,NA,NA,NA,NA,NA,NA,NA,NA,NA,NA,NA,NA,NA,NA,NA,NA,NA,NA,0.8288383,NA,NA,NA,NA,NA,NA,NA,28,109,sez_centrifugal
weaver,0,SS39883: 0,3,0,0,0,0,0,0,0,0,0,0,0,0,0,0,0,0,NA,0,0,0,0,0,0,0,0,0,0,0,0,0,0,0,0,weaver,720575940636887130,720575940636887130,720575940636887130,80155085464061835,1,adequate,138500,82284,4916,6431382,153800,73488,5117,right,NA,acetylcholine,brain_intrinsic,central,NA,NA,CB3792,NA,NA,LB19__1,NA,NA,"was already proofread but added a soma plus some more


",sez,LB19,NA,NA,0.7645533,FALSE,"(138500, 82284, 4916)",720575940636887130,flywire,2.577,203,7878875,769,159,NA,514,143,373,69,15,121,0,0,0,0,0.5141,0.14300000000000002,1.9989999999999999,0.2026,0.08039,0.3554,186.6,340.5,264.5,105.7,0.34,0.328,0.35,0.298,0.40390000000000004,131.8,1,1829,295,144,152,999.7,1,657,1,1,0.7692,acetylcholine,0.808,0.812,0.05688,0.7322,0.08,0.0125,0.01469,0.1028,102,143,NA
weaver,0,SS39883: 0,3,0,0,0,0,0,0,0,0,0,0,0,0,0,0,0,0,NA,0,0,0,0,0,0,0,0,0,0,0,0,0,0,0,0,weaver,720575940633050524,720575940633050524,720575940633050524,80155085464056856,1,adequate,138605,82408,4916,6920517,158448,78640,4824,right,NA,acetylcholine,brain_intrinsic,central,NA,NA,CB3792,NA,NA,LB19__1,NA,NA,NA,sez,LB19,NA,NA,0.8184953,FALSE,"(138605, 82408, 4916)",720575940633050524,flywire,1.349,145,10746404,615,146,NA,741,118,630,42,24,84,0,0,0,0,0.6974999999999999,0.1111,2.989,0.12060000000000001,0.1138,0.24130000000000001,210.8,348.1,299.5,105.4,0.342,0.376,0.366,0.32,0.41640000000000005,128.9,1,1918,227,112,116,1062,1,859,1,1,0.5791,acetylcholine,0.767,0.769,0.06769000000000001,0.6515,0.06115,0.013850000000000001,0.055,0.14730000000000001,254,118,NA
weaver,0,SS39883: 0,3,0,0,0,0,0,0,0,0,0,0,0,0,0,0,0,0,NA,0,0,0,0,0,0,0,0,0,0,0,0,0,0,0,0,weaver,720575940614728607,720575940614728607,720575940614728607,79451398022400759,1,adequate,128001,81888,5018,3781163,118240,76288,5447,left,NA,acetylcholine,brain_intrinsic,central,NA,NA,CB2821,NA,NA,LB19__1,NA,NA,NA,sez,LB19,NA,NA,0.8979460,FALSE,"(128001, 81888, 5018)",720575940614728607,flywire,0.6037,34,5631963,474,137,NA,705,57,539,79,16,29,0,0,0,0,0.7873999999999999,0.06366000000000001,3.8519999999999994,0.41640000000000005,0.1144,0.15280000000000002,139.9,189.7,297.9,90.02,0.336,0.368,0.342,0.315,0.17720000000000002,113.9,1,1693,350,172,178,895.4,1,762,1,1,0.5294,acetylcholine,0.8560000000000001,0.8640000000000001,0.03068,0.7761,0.05432000000000001,0.02454,0.06204,0.051140000000000005,143,57,NA
weaver,0,SS39883: 0,3,0,0,0,0,0,0,0,0,0,0,0,0,0,0,0,0,NA,0,0,0,0,0,0,0,0,0,0,0,0,0,0,0,0,weaver,720575940612023922,720575940612023922,720575940612023922,80155085464061807,1,adequate,138438,82301,4916,6920210,157632,80640,4729,right,NA,acetylcholine,brain_intrinsic,central,NA,NA,CB3792,NA,NA,LB19__1,NA,NA,NA,sez,LB19,NA,NA,0.8358927,FALSE,"(138438, 82301, 4916)",720575940612023922,flywire,0.9675,121,12506132,740,148,NA,859,168,734,57,21,140,0,0,0,0,0.7468,0.1461,3.0719999999999996,0.13540000000000002,0.08789000000000001,0.3324,238.9,421.1,276.9,104.9,0.37,0.334,0.366,0.318,0.5044,124.8,1,2096,305,150,156,1150,1,1027,1,1,0.6435,acetylcholine,0.883,0.897,0.06276000000000001,0.7266,0.08586,0.037239999999999995,0.024139999999999998,0.0631,223,168,NA
weaver,0,SS39883: 0,3,0,0,0,0,0,0,0,0,0,0,0,0,0,0,0,0,NA,0,0,0,0,0,0,0,0,0,0,0,0,0,0,0,0,weaver,720575940612938961,720575940612938961,720575940612938961,79451398022391790,1,adequate,128070,81837,5021,3202858,111792,79088,5192,left,NA,acetylcholine,brain_intrinsic,central,NA,NA,CB1825,NA,NA,LB19__1,NA,NA,"could not find soma but marked proofread since found no new merges. GJ added soma.


",sez,LB19,NA,NA,0.8026707,FALSE,"(128070, 81837, 5021)",720575940612938961,flywire,5.393,413,7657868,976,173,NA,552,86,374,38,24,55,0,0,0,0,0.6678999999999999,0.10410000000000001,2.07,0.16590000000000002,0.13290000000000002,0.24020000000000002,180.6,229,210,84.21,0.344,0.386,0.352,0.29,0.29100000000000004,133,1,1523,199,98,101,826.4,1,638,1,1,1.181,acetylcholine,0.804,0.806,0.06,0.7044999999999999,0.1403,0.0012900000000000001,0.03129,0.058710000000000005,64,86,NA
weaver,0,SS39883: 0,3,0,0,0,0,0,0,0,0,0,0,0,0,0,0,0,0,NA,0,0,0,0,0,0,0,0,0,0,0,0,0,0,0,0,weaver,720575940625384323,720575940625384323,720575940625384323,79451398022401979,1,adequate,128145,81909,5021,2597352,105840,73296,5298,left,NA,acetylcholine,brain_intrinsic,central,NA,NA,CB2821,NA,NA,LB19__1,NA,NA,NA,sez,LB19,NA,NA,0.8906371,FALSE,"(128145, 81909, 5021)",720575940625384323,flywire,0.6564,82,12491985,574,143,NA,777,88,617,40,21,64,0,0,0,0,0.8029000000000001,0.09093,3.666,0.1348,0.12480000000000001,0.21570000000000003,168.3,296.6,295,129.1,0.328,0.35,0.36,0.287,0.388,115.7,1,1807,240,117,124,967.8,1,865,1,1,0.5931,acetylcholine,0.98,1,0.02611,0.8839,0.03806,0.009721999999999998,0.006389000000000001,0.03667,139,88,NA
weaver,0,SS39883: 0,3,0,0,0,0,0,0,0,0,0,0,0,0,0,0,0,0,NA,0,0,0,0,0,0,0,0,0,0,0,0,0,0,0,0,weaver,720575940628330651,720575940628330651,720575940628330651,79451398022401985,1,incomplete,128228,81883,5018,3202072,107880,74912,5180,left,NA,acetylcholine,brain_intrinsic,central,NA,NA,CB2821,NA,NA,LB19__1,NA,NA,NA,sez,LB19,NA,NA,0.9125650,FALSE,"(128228, 81883, 5018)",720575940628330651,flywire,1.387,141,10168450,1042,147,NA,1027,72,831,153,13,55,0,0,0,0,1.07,0.07504000000000001,4.430000000000001,0.5824999999999999,0.06929,0.20940000000000003,187.6,262.6,256.5,118.8,0.35,0.348,0.364,0.32,0.25680000000000003,126.7,1,1777,272,135,138,959.5,1,1099,1,1,1.086,acetylcholine,0.9420000000000001,0.96,0.0464,0.8584,0.018400000000000003,0.0076,0.0036,0.0624,374,72,NA
weaver,0,SS39883: 0,3,0,0,0,0,0,0,0,0,0,0,0,0,0,0,0,0,NA,0,0,0,0,0,0,0,0,0,0,0,0,0,0,0,0,weaver,720575940619409135,720575940619409135,720575940619409135,79451398022401991,1,incomplete,127948,81887,5018,2584873,104736,73192,5183,left,NA,acetylcholine,brain_intrinsic,central,NA,NA,CB3792,NA,NA,LB19__1,NA,NA,NA,sez,LB19,NA,NA,0.7966919,FALSE,"(127948, 81887, 5018)",720575940619409135,flywire,3.374,336,9957043,760,163,NA,613,105,424,43,28,65,0,0,0,0,0.6107,0.10460000000000001,1.9369999999999998,0.15870000000000004,0.1279,0.24000000000000002,218.9,270.9,257.4,129.1,0.309,0.382,0.352,0.268,0.29460000000000003,142.3,1,1854,312,152,161,1004,1,718,1,1,0.757,acetylcholine,0.8610000000000001,0.8710000000000001,0.06,0.7503,0.060969999999999996,0.015809999999999998,0.02613,0.08452000000000001,117,105,NA
weaver,0,SS39883: 0,3,0,0,0,0,0,0,0,0,0,0,0,0,0,0,0,0,NA,0,0,0,0,0,0,0,0,0,0,0,0,0,0,0,0,weaver,720575940628546807,720575940622111073,720575940622111073,80155154183543065,1,incomplete,138987,82646,4919,6474750,152824,76088,5093,right,NA,acetylcholine,brain_intrinsic,central,NA,NA,CB3792,NA,NA,LB19__1,NA,NA,NA,sez,LB19,NA,NA,0.8847151,FALSE,"(138987, 82646, 4919)",720575940622111073,flywire,1.352,139,10281679,861,136,NA,NA,NA,NA,NA,NA,NA,NA,NA,NA,NA,NA,NA,NA,NA,NA,NA,NA,NA,NA,NA,NA,NA,NA,NA,NA,NA,NA,NA,NA,NA,NA,NA,NA,NA,NA,NA,NA,NA,0.8847151,NA,NA,NA,NA,NA,NA,NA,201,170,NA
weaver,0,SS39883: 0,3,0,0,0,0,0,0,0,0,0,0,0,0,0,0,0,0,NA,0,0,0,0,0,0,0,0,0,0,0,0,0,0,0,0,weaver,720575940613412002,720575940629588742,720575940613412002,79451398022402000,1,adequate,128259,81924,5021,2705415,104952,74208,5324,left,NA,acetylcholine,brain_intrinsic,central,NA,NA,CB3792,NA,NA,LB19__1,NA,NA,NA,sez,LB19,NA,NA,0.8737886,FALSE,"(128259, 81924, 5021)",720575940629588742,flywire,1.085,149,13728142,559,140,NA,655,104,561,54,13,86,0,0,0,0,0.6686,0.10620000000000002,2.013,0.19340000000000002,0.04664,0.3081,278.8,279.2,179.2,132.5,0.338,0.366,0.352,0.272,0.4591,153.5,1,1802,222,107,115,979.7,1,759,1,1,0.5706,acetylcholine,0.912,0.926,0.04482,0.7847999999999999,0.07111,0.008519,0.015179999999999999,0.07222000000000002,186,104,NA
web,0,"SS41434, SS41448: 0",1,0,0,0,0,0,0,0,0,0,0,0,0,0,0,0,0,NA,0,0,0,0,0,0,0,0,0,0,0,0,0,0,0,0,web,720575940624038663,720575940636656632,720575940636656632,79029735044427650,1,NA,122472,90584,2976,3823583,122472,90584,2976,left,CV,gaba,brain_vnc_transfer,descending,descending_neuron,NA,DNg74_b,NA,NA,MX3__2,NA,NA,NA,sez,MX3,NA,descending_left,0.6683242,FALSE,"(122472, 90584, 2976)",720575940636656632,flywire,1.318,603,45759039,5433,139,NA,NA,NA,NA,NA,NA,NA,NA,NA,NA,NA,NA,NA,NA,NA,NA,NA,NA,NA,NA,NA,NA,NA,NA,NA,NA,NA,NA,NA,NA,NA,NA,NA,NA,NA,NA,NA,NA,NA,0.6683241999999999,NA,NA,NA,NA,NA,NA,NA,2484,NA,sez_descending
web,0,"SS41434, SS41448: 0",1,0,0,0,0,0,0,0,0,0,0,0,0,0,0,0,0,NA,0,0,0,0,0,0,0,0,0,0,0,0,0,0,0,0,web,720575940627286088,720575940627286088,720575940627286088,80225935043084334,1,incomplete,139223,88939,3257,5443490,137944,92320,3649,right,NA,gaba,brain_intrinsic,central,NA,NA,CB0076,NA,NA,MX3__2,NA,NA,NA,sez,MX3,NA,NA,0.5094504,FALSE,"(139223, 88939, 3257)",720575940627286088,flywire,1.711,468,27360034,4291,144,NA,6682,2734,3912,1319,1268,835,0,0,0,0,1.236,0.5056,2.04,1.2469999999999999,0.6611999999999999,0.7891999999999999,1918,1058,139.6,119.4,0.374,0.36,0.93,0.586,0.016739999999999998,99.69,1,10432,3448,1679,1770,5408,1,9416,1,1,0.7935,gaba,0.513,0.5,0.4499,0.2722,0.23240000000000002,0.0027570000000000003,0.012759999999999999,0.028739999999999998,2499,2734,sez_intrinsic
web,0,"SS41434, SS41448: 0",1,0,0,0,0,0,0,0,0,0,0,0,0,0,0,0,0,NA,0,0,0,0,0,0,0,0,0,0,0,0,0,0,0,0,web,720575940622500172,720575940622500172,720575940622500172,79732460547988725,1,incomplete,132250,76001,3933,5430956,136872,91704,3114,right,CV,gaba,brain_vnc_transfer,descending,descending_neuron,NA,DNg74_a,NA,NA,MX3__2,NA,NA,NA,sez,MX3,NA,descending_right,0.5105326,FALSE,"(132250, 76001, 3933)",720575940622500172,flywire,1.997,1258,62994407,7687,163,NA,10970,10530,0,10970,0,10530,0,0,0,0,1.035,0.9931,0,1.035,0,0.9931,0,10600,0,0,0,0.32,0,0,NA,NA,1,20622,8841,4238,4604,10600,1,21500,1,1,0.7252,gaba,0.47700000000000004,0.457,0.4157,0.27040000000000003,0.24450000000000002,0.007148000000000001,0.03505,0.02602,3888,NA,sez_descending
web,0,"SS41434, SS41448: 0",1,0,0,0,0,0,0,0,0,0,0,0,0,0,0,0,0,NA,0,0,0,0,0,0,0,0,0,0,0,0,0,0,0,0,web,720575940632722636,720575940633529548,720575940633529548,79240910063478126,1,complete,125035,90778,3394,4760855,129656,91856,3816,left,CV,gaba,brain_vnc_transfer,descending,descending_neuron,NA,DNg74_a,NA,NA,MX3__2,NA,NA,NA,sez,MX3,NA,descending_left,0.5842866,FALSE,"(125035, 90778, 3394)",720575940633529548,flywire,2.143,1236,57670870,8785,165,NA,NA,NA,NA,NA,NA,NA,NA,NA,NA,NA,NA,NA,NA,NA,NA,NA,NA,NA,NA,NA,NA,NA,NA,NA,NA,NA,NA,NA,NA,NA,NA,NA,NA,NA,NA,NA,NA,NA,0.5842865999999999,NA,NA,NA,NA,NA,NA,NA,4359,NA,sez_descending
web,0,"SS41434, SS41448: 0",1,0,0,0,0,0,0,0,0,0,0,0,0,0,0,0,0,NA,0,0,0,0,0,0,0,0,0,0,0,0,0,0,0,0,web,720575940627087646,720575940627087646,720575940627087646,79802966730743887,1,incomplete,133497,78058,3656,5342535,139488,90264,2389,right,CV,gaba,brain_vnc_transfer,descending,descending_neuron,NA,DNg74_b,NA,NA,MX3__2,NA,NA,NA,sez,MX3,NA,descending_right,0.6181255,FALSE,"(133497, 78058, 3656)",720575940627087646,flywire,1.028,419,40763614,5255,139,NA,7390,8057,0,7390,0,8057,0,0,0,0,0.8373,0.9129,0,0.8373,0,0.9129,0,8826,0,0,0,0.308,0,0,NA,NA,1,17443,7022,3376,3646,8826,1,15447,1,1,0.5954,gaba,0.507,0.497,0.46780000000000005,0.2681,0.1847,0.007177,0.03564,0.035539999999999995,2212,NA,sez_descending
web,0,"SS41434, SS41448: 0",1,0,0,0,0,0,0,0,0,0,0,0,0,0,0,0,0,NA,0,0,0,0,0,0,0,0,0,0,0,0,0,0,0,0,web,720575940624897516,720575940624897516,720575940624897516,79029735111756818,1,incomplete,122413,89987,3391,4755342,126768,91736,4059,left,CV,acetylcholine,brain_vnc_transfer,descending,descending_neuron,NA,DNg105,NA,NA,MX3__2,NA,NA,NA,sez,MX3,NA,descending_left,0.4288550,FALSE,"(122413, 89987, 3391)",720575940624897516,flywire,3.84,2118,55154511,7309,190,NA,256,9612,0,256,0,9612,0,0,0,0,0.028839999999999998,1.083,0,0.028839999999999998,0,1.083,0,8878,0,0,0,0.304,0,0,NA,NA,1,17156,6589,3187,3403,8878,1,9868,1,1,0.8233,acetylcholine,0.636,0.627,0.15750000000000003,0.5218,0.1363,0.00549,0.09118,0.0849,56,NA,sez_descending
whisker,0,"SS39947, SS42349: 0",2,0,0,0,0,0,0,0,0,0,0,0,0,0,0,0,0,NA,0,0,0,0,0,0,0,0,0,0,0,0,0,0,0,0,whisker,720575940627429907,720575940627429907,720575940627429907,79803997590280652,1,NA,133840,92968,4396,5454093,133840,92968,4396,right,NA,glutamate,brain_intrinsic,central,NA,NA,CB0618,NA,NA,NA,NA,NA,NA,midbrain,putative_primary,NA,NA,0.6330984,FALSE,"(133840, 92968, 4396)",720575940627429907,flywire,1.389,334,24054406,3435,164,NA,6308,1754,3392,2112,362,1098,0,0,0,0,1.823,0.507,5.213,1.277,0.5563,0.6640999999999999,650.7,1653,47.39,135.3,0.4,0.31,0.654,0.44,0.09039,50.08,1,6800,2134,1031,1104,3460,1,8062,1,1,0.9928,glutamate,0.534,0.71,0.1296,0.19990000000000002,0.5943999999999999,0.0024140000000000003,0.01883,0.05317000000000001,1783,1754,sez_intrinsic
whisker,0,"SS39947, SS42349: 0",2,0,0,0,0,0,0,0,0,0,0,0,0,0,0,0,0,NA,0,0,0,0,0,0,0,0,0,0,0,0,0,0,0,0,whisker,720575940627418387,720575940627418387,720575940627418387,79452085150170176,1,NA,128384,92368,4565,4788997,128384,92368,4565,left,NA,glutamate,brain_intrinsic,central,NA,NA,CB0618,NA,NA,NA,NA,NA,NA,midbrain,putative_primary,NA,NA,0.7155249,FALSE,"(128384, 92368, 4565)",720575940627418387,flywire,1.201,239,19892771,3597,157,NA,6439,1310,1198,1249,374,605,0,0,0,0,1.9069999999999998,0.3879,1.57,1.2389999999999999,0.49,0.6002,763.3,1008,64.04,123.2,0.33,0.342,0.616,0.423,0.008012,53.91,1,6566,2165,1050,1116,3377,1,7749,1,1,1.065,glutamate,0.585,0.779,0.1138,0.14500000000000002,0.6839999999999999,0.004351,0.01435,0.03695,1681,1310,sez_intrinsic
