UMAP1,UMAP2,id,top_nt,nerve,region,super_class,side,super_cluster,hemilineage,cell_function,cell_function_detailed,body_part_effector,composite_cell_type,cell_class,cell_sub_class,cell_type,label,nerve_side,unordered_cluster,cluster,colours,body_part_effector2
-2.6233491058118927,-2.68428027241632,720575941350444592,octopamine,right_mesothoracic_leg_nerve,ventral_nerve_cord,motor,right,middle-hind leg,24B.25B,leg_motor,leg_motor_flex_coxa_trochanter_joint,middle leg,trochanter_flexor_MesoALN_posterior_soma,leg_motor_neuron,middle_leg_motor_neuron,trochanter_flexor_MesoALN_posterior_soma,middle leg,right,2,EFF_10,#695B52,middle leg
7.220990264915646,0.8432973662097787,720575941352743472,acetylcholine,abdominal_nerve_trunk,ventral_nerve_cord,visceral_circulatory,right,abdomen-ovulation,TBD,unknown,NA,abdomen,ENXXX286,ventral_nerve_cord_neurosecretory_cell,abdomen_neurosecretory_cell,ENXXX286,abdomen,right,3,EFF_05,#9C9286,abdomen
-6.367688571906863,2.08551896006659,720575941353008688,unknown,left_antennal_nerve,central_brain,motor,left,antenna,putative_primary,antenna_motor,NA,antenna,CB0810,antenna_motor_neuron,NA,CB0810,antenna,left,1,EFF_13,#CF603E,antenna
-4.572307979560672,-4.951389428071227,720575941353301552,octopamine,right_prothoracic_accessory_nerve,ventral_nerve_cord,motor,right,front leg,21A,leg_motor,leg_motor_move_coxa_posterior,front leg,sternal_posterior_rotator_miller_32,leg_motor_neuron,front_leg_motor_neuron,sternal_posterior_rotator_miller_32,front leg,right,7,EFF_11,#E92F2F,front leg
-6.65030614087659,-3.2890456876079703,720575941390352388,octopamine,left_dorsal_prothoracic_nerve,ventral_nerve_cord,motor,left,head-eye-antenna,16B,neck_motor,NA,neck,DProN9,neck_motor_neuron,NA,DProN9,neck,left,9,EFF_12,#F35438,neck
-3.934129154182254,-5.444598074845519,720575941391252886,gaba,right_prothoracic_accessory_nerve,ventral_nerve_cord,motor,right,front leg,20B.21B.22B,leg_motor,leg_motor_flex_coxa_trochanter_joint,front leg,trochanter_flexor_posterior_soma_ProAN,leg_motor_neuron,front_leg_motor_neuron,trochanter_flexor_posterior_soma_ProAN,front leg,right,7,EFF_11,#E92F2F,front leg
8.141363227867306,-1.7383049389640952,720575941391802372,octopamine,abdominal_nerve_trunk,ventral_nerve_cord,motor,right,thoracic-abdominal,TBD,unknown,NA,unknown thoracic abdominal,ENXXX226,unknown_thoracic_abdominal_motor_neuron,NA,ENXXX226,unknown thoracic abdominal,right,14,EFF_02,#EF9334,NA
6.651534164451779,0.3231445589740609,720575941392605590,acetylcholine,abdominal_nerve_trunk,ventral_nerve_cord,visceral_circulatory,left,abdomen-ovulation,TBD,diuresis_stress_tolerance_pain_threshold,"diuresis_stress_tolerance_pain_threshold_Dh44,Lk",abdomen,MNad13,ventral_nerve_cord_neurosecretory_cell,abdomen_neurosecretory_cell,MNad13,abdomen,left,3,EFF_05,#9C9286,abdomen
-0.705108081794559,1.966424588270936,720575941394653590,acetylcholine,NA,ventral_nerve_cord,visceral_circulatory,right,flight-energy-power,27X,myomodulation_energy_metabolism,myomodulation_energy_metabolism_FMRFa,neurohemal complex,EN27X010,ventral_nerve_cord_neurosecretory_cell,neurohemal_complex_neurosecretory_cell,EN27X010,neurohemal complex,right,13,EFF_09,#FAC240,neurohemal complex
4.880417669319333,2.3938804903705453,720575941399300387,gaba,abdominal_nerve_trunk,ventral_nerve_cord,motor,right,abdomen-egg-laying,TBD,unknown,NA,abdomen,MNad02,abdomen_motor_neuron,NA,MNad02,abdomen,right,10,EFF_03,#9FB555,abdomen
-4.320926582313358,-5.356839056901183,720575941399414563,gaba,right_prothoracic_accessory_nerve,ventral_nerve_cord,motor,right,front leg,21A,leg_motor,leg_motor_flex_coxa_trochanter_joint,front leg,trochanter_flexor_ProAN,leg_motor_neuron,front_leg_motor_neuron,trochanter_flexor_ProAN,front leg,right,7,EFF_11,#E92F2F,front leg
4.505133235954465,-0.4282548388759757,720575941400501795,gaba,"left_prothoracic_accessory_nerve, left_dorsal_prothoracic_nerve, right_dorsal_prothoracic_nerve, right_ventral_prothoracic_nerve",ventral_nerve_cord,visceral_circulatory,right,feeding-endocrine,00B,unknown,NA,front leg,EN00B015_T1,ventral_nerve_cord_neurosecretory_cell,front_leg_neurosecretory_cell,EN00B015_T1,front leg,right,11,EFF_06,#55B151,front leg
-0.9899613017805209,2.8528887072284554,720575941400967459,peptide,"left_anterior_dorsal_mesothoracic_nerve, right_anterior_dorsal_mesothoracic_nerve, left_dorsal_metathoracic_nerve, right_dorsal_metathoracic_nerve",ventral_nerve_cord,ascending_visceral_circulatory,left,NA,TBD,unknown,NA,wing,EAXXX079,ventral_nerve_cord_neurosecretory_cell,wing_neurosecretory_cell,EAXXX079,wing,right,4,EFF_08,#3D9D98,wing
-7.880182659126102,-0.30599474518701086,720575941402088304,gaba,left_prothoracic_accessory_nerve,ventral_nerve_cord,motor,left,front leg,08A,leg_motor,leg_motor_move_coxa_posterior,front leg,sternal_posterior_rotator,leg_motor_neuron,front_leg_motor_neuron,sternal_posterior_rotator,front leg,left,8,EFF_14,#41A4D5,front leg
8.26432665636462,-0.2395474871914054,720575941402302320,peptide,right_corpus_cardiacum_nerve,central_brain,visceral_circulatory,left,energy homeostasis,DILP__prim,diuresis_food_intake_energy_metabolism_post_mating_responses,diuresis_food_intake_energy_metabolism_post_mating_responses_Dh44,digestive tract,m_NSC_DH44,pars_intercerebralis_neurosecretory_cell,digestive_tract_neurosecretory_cell,m_NSC_DH44,digestive tract,right,6,EFF_04,#79B2E0,digestive tract
-4.908841526008426,-4.532127018861022,720575941402749552,octopamine,left_antennal_nerve,central_brain,motor,left,antenna,putative_primary,antenna_motor,NA,antenna,CB0873,antenna_motor_neuron,NA,CB0873,antenna,left,7,EFF_11,#E92F2F,antenna
9.161944473289669,-3.2869518956463004,720575941402863216,acetylcholine,right_maxillary-labial_nerve,central_brain,motor,right,proboscis-antenna,putative_primary,proboscis_motor,proboscis_motor_proboscis_positioning,proboscis,MN4a,proboscis_motor_neuron,NA,MN4a,proboscis,right,12,EFF_01,#7E378C,proboscis
5.046722019218625,2.2640708723743295,720575941403875952,acetylcholine,abdominal_nerve_trunk,ventral_nerve_cord,motor,left,abdomen-egg-laying,TBD,unknown,NA,abdomen,MNad53,abdomen_motor_neuron,NA,MNad53,abdomen,left,10,EFF_03,#9FB555,abdomen
-2.8178276176221955,-2.8360700568477775,720575941404729712,acetylcholine,right_mesothoracic_leg_nerve,ventral_nerve_cord,motor,right,middle-hind leg,24B.25B,leg_motor,leg_motor_flex_coxa_trochanter_joint,middle leg,trochanter_flexor_MesoAN,leg_motor_neuron,middle_leg_motor_neuron,trochanter_flexor_MesoAN,middle leg,right,2,EFF_10,#695B52,middle leg
0.2319221143953214,1.3059500494678353,720575941405886511,acetylcholine,right_fourth_abdominal_nerve,ventral_nerve_cord,motor,right,abdomen motor 2,19B,unknown,NA,abdomen,MNad43,abdomen_motor_neuron,NA,MNad43,abdomen,right,13,EFF_09,#FAC240,abdomen
8.240644538902462,-0.1321629246990348,720575941405981487,peptide,right_corpus_cardiacum_nerve,central_brain,visceral_circulatory,left,energy homeostasis,DILP__prim,diuresis_food_intake_energy_metabolism_post_mating_responses,diuresis_food_intake_energy_metabolism_post_mating_responses_Dh44,digestive tract,m_NSC_DH44,pars_intercerebralis_neurosecretory_cell,digestive_tract_neurosecretory_cell,m_NSC_DH44,digestive tract,right,6,EFF_04,#79B2E0,digestive tract
7.365992630027951,0.47136760146215906,720575941406487726,octopamine,left_second_abdominal_nerve,ventral_nerve_cord,motor,left,abdomen-ovulation,27X,unknown,NA,abdomen,MNad54,abdomen_motor_neuron,NA,MNad54,abdomen,left,6,EFF_04,#79B2E0,abdomen
-7.777200138068973,0.3404233494479989,720575941406488494,gaba,left_prothoracic_leg_nerve,ventral_nerve_cord,motor,left,front leg,15B,leg_motor,leg_motor_flex_femur_tibia_joint,front leg,accessory_tibia_flexor_A,leg_motor_neuron,front_leg_motor_neuron,accessory_tibia_flexor_A,front leg,left,8,EFF_14,#41A4D5,front leg
7.495456779503049,0.5484063664157723,720575941407469359,octopamine,right_dorsal_metathoracic_nerve,ventral_nerve_cord,motor,right,abdomen-ovulation,TBD,haltere_motor,NA,haltere,MNxm03,haltere_motor_neuron,NA,MNxm03,haltere,right,6,EFF_04,#79B2E0,haltere
-7.941680347419559,0.15410709769323816,720575941408338862,gaba,left_ventral_prothoracic_nerve,ventral_nerve_cord,motor,left,front leg,17X,leg_motor,leg_motor_extend_coxa_trochanter_joint,front leg,tergotrochanter_extensor,leg_motor_neuron,front_leg_motor_neuron,tergotrochanter_extensor,front leg,left,8,EFF_14,#41A4D5,front leg
1.7285443191759,1.526405934401307,720575941408576171,gaba,right_fourth_abdominal_nerve,ventral_nerve_cord,motor,right,abdomen motor 1,12A,unknown,NA,abdomen,MNad44,abdomen_motor_neuron,NA,MNad44,abdomen,right,5,EFF_07,#B56FCC,abdomen
-6.413388645149051,3.203567151137147,720575941409035691,gaba,left_metathoracic_leg_nerve,ventral_nerve_cord,motor,left,middle-hind leg,15B,leg_motor,leg_motor_flex_femur_tibia_joint,hind leg,accessory_tibia_flexor_A,leg_motor_neuron,hind_leg_motor_neuron,accessory_tibia_flexor_A,hind leg,left,1,EFF_13,#CF603E,hind leg
-5.533542072273074,3.9271527567584847,720575941409042603,gaba,left_mesothoracic_leg_nerve,ventral_nerve_cord,motor,left,middle-hind leg,08A,leg_motor,leg_motor_extend_tibia_tarsus_joint,middle leg,tarsus_depressor_dipalpha_ventralU,leg_motor_neuron,middle_leg_motor_neuron,tarsus_depressor_dipalpha_ventralU,middle leg,left,1,EFF_13,#CF603E,middle leg
5.228336418174924,2.1676873007495736,720575941409044907,octopamine,abdominal_nerve_trunk,ventral_nerve_cord,motor,left,abdomen-egg-laying,TBD,unknown,NA,abdomen,CV1030,abdomen_motor_neuron,NA,CV1030,abdomen,left,10,EFF_03,#9FB555,abdomen
5.433568084739865,1.9763375559528207,720575941409048235,acetylcholine,abdominal_nerve_trunk,ventral_nerve_cord,motor,right,abdomen-egg-laying,TBD,unknown,NA,abdomen,MNad53,abdomen_motor_neuron,NA,MNad53,abdomen,right,10,EFF_03,#9FB555,abdomen
5.088557804130734,2.0446397104938363,720575941409050795,octopamine,abdominal_nerve_trunk,ventral_nerve_cord,motor,left,abdomen-egg-laying,19A,unknown,NA,abdomen,MNad06,abdomen_motor_neuron,NA,MNad06,abdomen,left,10,EFF_03,#9FB555,abdomen
-1.9149293060072055,-2.550613041810241,720575941410034859,acetylcholine,right_metathoracic_leg_nerve,ventral_nerve_cord,motor,right,middle-hind leg,15B,leg_motor,leg_motor_flex_femur_tibia_joint,hind leg,accessory_tibia_flexor_A,leg_motor_neuron,hind_leg_motor_neuron,accessory_tibia_flexor_A,hind leg,right,2,EFF_10,#695B52,hind leg
9.11431797792834,-3.1446950396816398,720575941410682479,acetylcholine,left_pharyngeal_nerve_or_accessory_pharyngeal_nerve,central_brain,motor,left,proboscis-antenna,putative_primary,proboscis_motor,proboscis_motor_proboscis_positioning,proboscis,MN9,proboscis_motor_neuron,NA,MN9,proboscis,left,12,EFF_01,#7E378C,proboscis
5.162511194252194,2.4063016215045785,720575941411332719,gaba,abdominal_nerve_trunk,ventral_nerve_cord,motor,right,abdomen-egg-laying,TBD,unknown,NA,abdomen,MNad53,abdomen_motor_neuron,NA,MNad53,abdomen,right,10,EFF_03,#9FB555,abdomen
4.760523403190793,-0.27862846463128577,720575941411519855,octopamine,"left_posterior_dorsal_mesothoracic_nerve, right_posterior_dorsal_mesothoracic_nerve",ventral_nerve_cord,visceral_circulatory,right,feeding-endocrine,00B,unknown,NA,wing,EN00B001,ventral_nerve_cord_neurosecretory_cell,wing_neurosecretory_cell,EN00B001,wing,right,11,EFF_06,#55B151,wing
1.7704279368154416,0.9062358179767465,720575941411588719,gaba,abdominal_nerve_trunk,ventral_nerve_cord,motor,left,abdomen motor 1,TBD,unknown,NA,abdomen,MNad16,abdomen_motor_neuron,NA,MNad16,abdomen,left,5,EFF_07,#B56FCC,abdomen
-4.2430104369886505,-5.319189425400939,720575941411709073,acetylcholine,right_prothoracic_leg_nerve,ventral_nerve_cord,motor,right,front leg,19A,leg_motor,leg_motor_extend_coxa_trochanter_joint,front leg,trochanter_extensor_LinJ,leg_motor_neuron,front_leg_motor_neuron,trochanter_extensor_LinJ,front leg,right,7,EFF_11,#E92F2F,front leg
-7.483732616401492,0.5682562628467416,720575941411838612,octopamine,left_prothoracic_leg_nerve,ventral_nerve_cord,motor,left,front leg,15B,leg_motor,leg_motor_pull_long_tendon,front leg,long_tendon_muscle_B,leg_motor_neuron,front_leg_motor_neuron,long_tendon_muscle_B,front leg,left,8,EFF_14,#41A4D5,front leg
5.93988260080737,0.775579575606141,720575941411866027,gaba,abdominal_nerve_trunk,ventral_nerve_cord,motor,left,abdomen-ovulation,TBD,unknown,NA,abdomen,MNad49,abdomen_motor_neuron,NA,MNad49,abdomen,left,3,EFF_05,#9C9286,abdomen
8.411168182396114,-1.4533301031510497,720575941412001940,acetylcholine,left_pharyngeal_nerve,central_brain,motor,left,ingestion-digestion,putative_primary,pharynx_motor,NA,pharynx,MNx03,pharynx_motor_neuron,NA,MNx03,pharynx,left,14,EFF_02,#EF9334,pharynx
6.097186649345578,-0.09061860649987707,720575941412074155,serotonin,left_fourth_abdominal_nerve,ventral_nerve_cord,visceral_circulatory,left,abdomen-ovulation,TBD,diuresis_stress_tolerance_pain_threshold,"diuresis_stress_tolerance_pain_threshold_Dh44,Lk",abdomen,MNad25,ventral_nerve_cord_neurosecretory_cell,abdomen_neurosecretory_cell,MNad25,abdomen,left,3,EFF_05,#9C9286,abdomen
0.31716045191210607,1.2950271406848763,720575941412439956,glutamate,left_fourth_abdominal_nerve,ventral_nerve_cord,motor,right,abdomen motor 2,TBD,unknown,NA,abdomen,MNad43,abdomen_motor_neuron,NA,MNad43,abdomen,left,13,EFF_09,#FAC240,abdomen
7.4128266220323455,0.44644368083075037,720575941413600401,glutamate,right_fourth_abdominal_nerve,ventral_nerve_cord,visceral_circulatory,right,abdomen-ovulation,TBD,unknown,NA,abdomen,ENXXX128,ventral_nerve_cord_neurosecretory_cell,abdomen_neurosecretory_cell,ENXXX128,abdomen,right,6,EFF_04,#79B2E0,abdomen
-6.691391384101688,3.5913459101398324,720575941414478484,gaba,left_metathoracic_leg_nerve,ventral_nerve_cord,motor,left,middle-hind leg,21A,leg_motor,leg_motor_unknown_leg_movement,hind leg,femur_reductor_dorsomedial_ribbon,leg_motor_neuron,hind_leg_motor_neuron,femur_reductor_dorsomedial_ribbon,hind leg,left,1,EFF_13,#CF603E,hind leg
-5.9891628379591095,3.248815182753358,720575941415020572,gaba,left_metathoracic_leg_nerve,ventral_nerve_cord,motor,left,middle-hind leg,21A,leg_motor,leg_motor_pull_long_tendon,hind leg,long_tendon_muscle_ltm_B,leg_motor_neuron,hind_leg_motor_neuron,long_tendon_muscle_ltm_B,hind leg,left,1,EFF_13,#CF603E,hind leg
-2.9791530723341095,-3.016331191949096,720575941415175196,gaba,right_mesothoracic_leg_nerve,ventral_nerve_cord,motor,right,middle-hind leg,24B.25B,leg_motor,leg_motor_unknown_leg_movement,middle leg,femur_reductor_tiny,leg_motor_neuron,middle_leg_motor_neuron,femur_reductor_tiny,middle leg,right,2,EFF_10,#695B52,middle leg
4.8931733017198455,2.2616339960773324,720575941415606556,acetylcholine,abdominal_nerve_trunk,ventral_nerve_cord,motor,left,abdomen-egg-laying,06A,unknown,NA,abdomen,MNad53,abdomen_motor_neuron,NA,MNad53,abdomen,left,10,EFF_03,#9FB555,abdomen
7.707827175163449,0.1702638903339242,720575941415815708,peptide,right_corpus_cardiacum_nerve,central_brain,visceral_circulatory,right,energy homeostasis,putative_primary,cardiostimulation_energy_metabolism_stress_tolerance_hormone_regulation,"cardiostimulation_energy_metabolism_stress_tolerance_hormone_regulation_Crz,sNPF",retrocerebral complex,l_NSC_CRZ,pars_lateralis_neurosecretory_cell,retrocerebral_complex_neurosecretory_cell,l_NSC_CRZ,retrocerebral complex,right,6,EFF_04,#79B2E0,retrocerebral complex
-2.8239640350111115,-3.221395965508666,720575941425056084,acetylcholine,right_mesothoracic_leg_nerve,ventral_nerve_cord,motor,right,middle-hind leg,15B,leg_motor,leg_motor_extend_tibia_tarsus_joint,middle leg,tarsus_depressor_B,leg_motor_neuron,middle_leg_motor_neuron,tarsus_depressor_B,middle leg,right,2,EFF_10,#695B52,middle leg
-1.7515317554243197,-2.9603925904552604,720575941428327160,acetylcholine,right_metathoracic_leg_nerve,ventral_nerve_cord,motor,right,middle-hind leg,15B,leg_motor,leg_motor_pull_long_tendon,hind leg,long_tendon_muscle_B,leg_motor_neuron,hind_leg_motor_neuron,long_tendon_muscle_B,hind leg,right,2,EFF_10,#695B52,hind leg
-4.40626374433118,-4.982614632539001,720575941428654255,gaba,right_dorsal_prothoracic_nerve,ventral_nerve_cord,motor,right,front leg,19A,leg_motor,leg_motor_move_coxa_anterior,front leg,tergopleural_promotor_pleural_promotor_miller_28_30,leg_motor_neuron,front_leg_motor_neuron,tergopleural_promotor_pleural_promotor_miller_28_30,front leg,right,7,EFF_11,#E92F2F,front leg
-6.151610767341434,-3.558587904862609,720575941428762249,octopamine,right_cervical_nerve,central_brain,motor,right,head-eye-antenna,putative_primary,neck_motor,neck_motor_neck_pitch,neck motor neck pitch,CvN4,neck_motor_neuron,neck_pitch_motor_neuron,CvN4,neck motor neck pitch,right,9,EFF_12,#F35438,NA
8.454561317466915,-1.7327953240196372,720575941428991224,serotonin,right_pharyngeal_nerve,central_brain,motor,right,ingestion-digestion,putative_primary,pharynx_motor,NA,pharynx,MNx03,pharynx_motor_neuron,NA,MNx03,pharynx,right,14,EFF_02,#EF9334,pharynx
-3.7570690269239533,-5.2055054864208365,720575941430029449,octopamine,right_prothoracic_leg_nerve,ventral_nerve_cord,motor,right,front leg,15B,leg_motor,leg_motor_flex_femur_tibia_joint,front leg,accessory_tibia_flexor_B,leg_motor_neuron,front_leg_motor_neuron,accessory_tibia_flexor_B,front leg,right,7,EFF_11,#E92F2F,front leg
8.913412654899776,-3.0460175236980582,720575941430258647,acetylcholine,left_maxillary-labial_nerve,central_brain,motor,left,proboscis-antenna,putative_primary,proboscis_motor,proboscis_motor_proboscis_positioning,proboscis,MN6,proboscis_motor_neuron,NA,MN6,proboscis,left,12,EFF_01,#7E378C,proboscis
4.520684087776364,-0.3843860587398673,720575941430391544,serotonin,left_ventral_cervical_nerve,central_brain,visceral_circulatory,right,feeding-endocrine,MX0__prim,feeding_suppression,feeding_suppression_Hug,pharynx,CB2748,subesophageal_zone_neurosecretory_cell,NA,CB2748,pharynx,left,11,EFF_06,#55B151,pharynx
8.331957901024044,-1.7553067168514396,720575941430401199,acetylcholine,right_pharyngeal_nerve,central_brain,motor,right,ingestion-digestion,putative_primary,pharynx_motor,pharynx_motor_pharyngeal_pumping,pharynx,MN11V,pharynx_motor_neuron,NA,MN11V,pharynx,right,14,EFF_02,#EF9334,pharynx
1.6651924793950925,1.2849050799091195,720575941430524686,gaba,abdominal_nerve_trunk,ventral_nerve_cord,motor,right,abdomen motor 1,TBD,unknown,NA,abdomen,MNad16,abdomen_motor_neuron,NA,MNad16,abdomen,right,5,EFF_07,#B56FCC,abdomen
-1.8875314349897494,-2.6474809607784415,720575941431154647,gaba,right_metathoracic_leg_nerve,ventral_nerve_cord,motor,right,middle-hind leg,15B,leg_motor,leg_motor_flex_femur_tibia_joint,hind leg,accessory_tibia_flexor_A,leg_motor_neuron,hind_leg_motor_neuron,accessory_tibia_flexor_A,hind leg,right,2,EFF_10,#695B52,hind leg
-6.565075313545047,3.3723589220722054,720575941431160824,gaba,left_metathoracic_leg_nerve,ventral_nerve_cord,motor,left,middle-hind leg,19A,leg_motor,leg_motor_flex_femur_tibia_joint,hind leg,tibia_flexor,leg_motor_neuron,hind_leg_motor_neuron,tibia_flexor,hind leg,left,1,EFF_13,#CF603E,hind leg
7.450064266227902,0.4530816117008065,720575941431539849,dopamine,right_second_abdominal_nerve,ventral_nerve_cord,motor,right,abdomen-ovulation,TBD,unknown,NA,abdomen,MNad54,abdomen_motor_neuron,NA,MNad54,abdomen,right,6,EFF_04,#79B2E0,abdomen
6.754580581688107,1.5791672507007455,720575941431865592,gaba,abdominal_nerve_trunk,ventral_nerve_cord,motor,left,abdomen-ureter,TBD,unknown,NA,abdomen,MNad53,abdomen_motor_neuron,NA,MNad53,abdomen,left,3,EFF_05,#9C9286,abdomen
-2.075687801338016,-2.2386037668506766,720575941431976718,acetylcholine,right_metathoracic_leg_nerve,ventral_nerve_cord,motor,right,middle-hind leg,21A,leg_motor,leg_motor_unknown_leg_movement,hind leg,femur_reductor,leg_motor_neuron,hind_leg_motor_neuron,femur_reductor,hind leg,right,2,EFF_10,#695B52,hind leg
-1.2771832103498568,3.0009390154559945,720575941432491145,gaba,left_posterior_dorsal_mesothoracic_nerve,ventral_nerve_cord,motor,left,flight-energy-power,03B,wing_power,NA,wing power,DLM1-4,wing_motor_neuron,wing_power_motor_neuron,DLM1-4,wing power,left,4,EFF_08,#3D9D98,wing power
8.185409629844845,0.33895063788488855,720575941432825815,dopamine,right_corpus_cardiacum_nerve,central_brain,visceral_circulatory,right,energy homeostasis,DILP__prim,unknown,NA,retrocerebral complex,m_NSC_unknown,pars_intercerebralis_neurosecretory_cell,retrocerebral_complex_neurosecretory_cell,m_NSC_unknown,retrocerebral complex,right,6,EFF_04,#79B2E0,retrocerebral complex
-2.986847316718875,-2.8995392283718253,720575941432965902,gaba,right_mesothoracic_leg_nerve,ventral_nerve_cord,motor,right,middle-hind leg,TBD,leg_motor,leg_motor_extend_femur_tibia_joint,middle leg,tibia_extensor_FETi,leg_motor_neuron,middle_leg_motor_neuron,tibia_extensor_FETi,middle leg,right,2,EFF_10,#695B52,middle leg
7.770453060173215,0.15856635958746423,720575941433374990,serotonin,left_corpus_cardiacum_nerve,central_brain,visceral_circulatory,left,energy homeostasis,NA,unknown,NA,retrocerebral complex,l_NSC_unknown,pars_lateralis_neurosecretory_cell,retrocerebral_complex_neurosecretory_cell,l_NSC_unknown,retrocerebral complex,left,6,EFF_04,#79B2E0,retrocerebral complex
1.7369116192094693,0.9159594813068246,720575941433954446,gaba,abdominal_nerve_trunk,ventral_nerve_cord,motor,left,abdomen motor 1,TBD,unknown,NA,abdomen,MNad05,abdomen_motor_neuron,NA,MNad05,abdomen,left,5,EFF_07,#B56FCC,abdomen
8.819676006340206,-0.06231748669549475,720575941434301472,octopamine,left_corpus_cardiacum_nerve,central_brain,visceral_circulatory,right,energy homeostasis,DILP__prim,unknown,NA,retrocerebral complex,m_NSC_unknown,pars_intercerebralis_neurosecretory_cell,retrocerebral_complex_neurosecretory_cell,m_NSC_unknown,retrocerebral complex,left,6,EFF_04,#79B2E0,retrocerebral complex
-0.9973239059217562,1.976497773237977,720575941434381710,gaba,left_first_abdominal_nerve,ventral_nerve_cord,motor,left,flight-energy-power,16B,haltere_steering,NA,haltere steering,hiii2 MN,haltere_motor_neuron,haltere_steering_neuron,hiii2 MN,haltere steering,left,4,EFF_08,#3D9D98,haltere steering
-2.8696984405286896,-2.9744313916484977,720575941434753568,gaba,right_mesothoracic_leg_nerve,ventral_nerve_cord,motor,right,middle-hind leg,15B,leg_motor,leg_motor_flex_femur_tibia_joint,middle leg,tibia_flexor,leg_motor_neuron,middle_leg_motor_neuron,tibia_flexor,middle leg,right,2,EFF_10,#695B52,middle leg
-6.338779842353641,-3.5748592576305533,720575941435429676,gaba,right_dorsal_prothoracic_nerve,ventral_nerve_cord,motor,right,head-eye-antenna,16B,neck_motor,NA,neck,DProN7,neck_motor_neuron,NA,DProN7,neck,right,9,EFF_12,#F35438,neck
7.104917610191525,0.5473309794147347,720575941435729964,peptide,right_mesothoracic_leg_nerve,ventral_nerve_cord,visceral_circulatory,left,abdomen-ureter,TBD,diuresis_stress_tolerance_pain_threshold,"diuresis_stress_tolerance_pain_threshold_Dh44,Lk",abdomen,MNad25,ventral_nerve_cord_neurosecretory_cell,abdomen_neurosecretory_cell,MNad25,abdomen,right,3,EFF_05,#9C9286,abdomen
-0.2418715114362826,1.3651942053516244,720575941435766060,acetylcholine,right_second_abdominal_nerve,ventral_nerve_cord,motor,right,abdomen motor 2,03B,unknown,NA,abdomen,MNad33,abdomen_motor_neuron,NA,MNad33,abdomen,right,13,EFF_09,#FAC240,abdomen
-7.576082622505008,0.8926788607318734,720575941435830546,gaba,left_prothoracic_leg_nerve,ventral_nerve_cord,motor,left,front leg,19A,leg_motor,leg_motor_pull_long_tendon,front leg,long_tendon_muscle_B,leg_motor_neuron,front_leg_motor_neuron,long_tendon_muscle_B,front leg,left,8,EFF_14,#41A4D5,front leg
-6.300165569282352,3.282746438093934,720575941435859232,glutamate,left_metathoracic_leg_nerve,ventral_nerve_cord,motor,left,middle-hind leg,15B,leg_motor,leg_motor_extend_tibia_tarsus_joint,hind leg,tarsus_depressor_B,leg_motor_neuron,hind_leg_motor_neuron,tarsus_depressor_B,hind leg,left,1,EFF_13,#CF603E,hind leg
5.054860675834836,2.2993160525043344,720575941435950734,acetylcholine,abdominal_nerve_trunk,ventral_nerve_cord,motor,right,abdomen-egg-laying,TBD,unknown,NA,abdomen,MNad53,abdomen_motor_neuron,NA,MNad53,abdomen,right,10,EFF_03,#9FB555,abdomen
8.216378295921505,-1.3982328491578961,720575941436428818,serotonin,right_maxillary-labial_nerve,central_brain,motor,right,ingestion-digestion,putative_primary,salivary_motor,NA,salivary gland,MN13,salivary_motor_neuron,NA,MN13,salivary gland,right,14,EFF_02,#EF9334,salivary gland
-2.8375190849073517,-3.1042991837780143,720575941436891103,gaba,right_mesothoracic_leg_nerve,ventral_nerve_cord,motor,right,middle-hind leg,15B,leg_motor,leg_motor_flex_tibia_tarsus_joint,middle leg,tarsus_levator_D,leg_motor_neuron,middle_leg_motor_neuron,tarsus_levator_D,middle leg,right,2,EFF_10,#695B52,middle leg
6.094618404411496,-0.812376078061309,720575941436910303,octopamine,left_fourth_abdominal_nerve,ventral_nerve_cord,motor,left,thoracic-abdominal,TBD,unknown,NA,unknown thoracic abdominal,ENXXX226,unknown_thoracic_abdominal_motor_neuron,NA,ENXXX226,unknown thoracic abdominal,left,11,EFF_06,#55B151,NA
-0.9764854068525424,2.05843270213202,720575941436955103,gaba,right_first_abdominal_nerve,ventral_nerve_cord,motor,right,flight-energy-power,TBD,haltere_motor,NA,abdomen,MNad26,abdomen_motor_neuron,NA,MNad26,abdomen,right,4,EFF_08,#3D9D98,abdomen
-2.8415159339674103,-3.0996506175319816,720575941436960735,gaba,right_mesothoracic_leg_nerve,ventral_nerve_cord,motor,right,middle-hind leg,15B,leg_motor,leg_motor_flex_femur_tibia_joint,middle leg,accessory_tibia_flexor_B,leg_motor_neuron,middle_leg_motor_neuron,accessory_tibia_flexor_B,middle leg,right,2,EFF_10,#695B52,middle leg
2.0651535486213577,1.6402274409015511,720575941437487148,octopamine,abdominal_nerve_trunk,ventral_nerve_cord,visceral_circulatory,left,abdomen motor 1,00B,unknown,NA,abdomen,EN00B026,ventral_nerve_cord_neurosecretory_cell,abdomen_neurosecretory_cell,EN00B026,abdomen,left,5,EFF_07,#B56FCC,abdomen
-6.158659374213992,-3.5937622746746207,720575941437588268,octopamine,left_antennal_nerve,central_brain,motor,left,head-eye-antenna,putative_primary,antenna_motor,NA,antenna,CB0723,antenna_motor_neuron,NA,CB0723,antenna,left,9,EFF_12,#F35438,antenna
1.6506383662454496,1.0563525000293588,720575941437614933,gaba,abdominal_nerve_trunk,ventral_nerve_cord,motor,left,abdomen motor 1,TBD,unknown,NA,abdomen,MNad16,abdomen_motor_neuron,NA,MNad16,abdomen,left,5,EFF_07,#B56FCC,abdomen
-2.4765495414503205,-2.218641158036437,720575941438181205,acetylcholine,right_metathoracic_leg_nerve,ventral_nerve_cord,motor,right,middle-hind leg,21A,leg_motor,leg_motor_move_coxa_anterior,hind leg,sternal_anterior_rotator_ventrolateral_ribbon,leg_motor_neuron,hind_leg_motor_neuron,sternal_anterior_rotator_ventrolateral_ribbon,hind leg,right,2,EFF_10,#695B52,hind leg
-0.3859476203687777,1.3747302332599496,720575941438845919,acetylcholine,right_second_abdominal_nerve,ventral_nerve_cord,motor,right,abdomen motor 2,03B,unknown,NA,abdomen,MNad41,abdomen_motor_neuron,NA,MNad41,abdomen,right,13,EFF_09,#FAC240,abdomen
0.5241268520585904,0.999022368498597,720575941438919724,gaba,left_second_abdominal_nerve,ventral_nerve_cord,motor,left,abdomen motor 2,03B,unknown,NA,abdomen,MNad36,abdomen_motor_neuron,NA,MNad36,abdomen,left,13,EFF_09,#FAC240,abdomen
5.936556900047482,0.7531219759662484,720575941439169042,octopamine,abdominal_nerve_trunk,ventral_nerve_cord,motor,left,NA,TBD,unknown,NA,abdomen,MNad48,abdomen_motor_neuron,NA,MNad48,abdomen,left,3,EFF_05,#9C9286,abdomen
7.332935894035519,0.5926342049320077,720575941439209935,octopamine,right_second_abdominal_nerve,ventral_nerve_cord,motor,right,abdomen-ovulation,TBD,unknown,NA,abdomen,MNad25,abdomen_motor_neuron,NA,MNad25,abdomen,right,6,EFF_04,#79B2E0,abdomen
5.9481049423448455,0.60617542655066,720575941439301183,gaba,abdominal_nerve_trunk,ventral_nerve_cord,visceral_circulatory,right,abdomen-ovulation,TBD,diuresis_stress_tolerance_pain_threshold,"diuresis_stress_tolerance_pain_threshold_Dh44,Lk",abdomen,MNad03,ventral_nerve_cord_neurosecretory_cell,abdomen_neurosecretory_cell,MNad03,abdomen,right,3,EFF_05,#9C9286,abdomen
6.335617626213254,1.8524774351795052,720575941439445823,octopamine,abdominal_nerve_trunk,ventral_nerve_cord,visceral_circulatory,left,abdomen-ureter,00B,unknown,NA,abdomen,EN00B010,ventral_nerve_cord_neurosecretory_cell,abdomen_neurosecretory_cell,EN00B010,abdomen,left,3,EFF_05,#9C9286,abdomen
8.242464149498165,0.2943648138721322,720575941439626028,serotonin,right_corpus_cardiacum_nerve,central_brain,visceral_circulatory,right,energy homeostasis,DILP__prim,energy_metabolism_food_intake,"energy_metabolism_food_intake_dARC1,Ilp2,Ilp3,Ilp5",retrocerebral complex,m_NSC_DILP,pars_intercerebralis_neurosecretory_cell,retrocerebral_complex_neurosecretory_cell,m_NSC_DILP,retrocerebral complex,right,6,EFF_04,#79B2E0,retrocerebral complex
-3.634031211829959,-4.708379145554748,720575941439667986,gaba,right_prothoracic_leg_nerve,ventral_nerve_cord,motor,right,front leg,15B,leg_motor,leg_motor_pull_long_tendon,front leg,long_tendon_muscle_B_femur,leg_motor_neuron,front_leg_motor_neuron,long_tendon_muscle_B_femur,front leg,right,7,EFF_11,#E92F2F,front leg
-6.605823909736453,-3.255547519616332,720575941439741119,gaba,right_dorsal_prothoracic_nerve,ventral_nerve_cord,motor,right,head-eye-antenna,16B,neck_motor,neck_motor_neck_roll,neck motor neck roll,DProN1,neck_motor_neuron,neck_roll_motor_neuron,DProN1,neck motor neck roll,right,9,EFF_12,#F35438,NA
6.120539272331418,-0.04922043888970862,720575941439876319,peptide,right_fourth_abdominal_nerve,ventral_nerve_cord,visceral_circulatory,right,abdomen-ovulation,TBD,diuresis_stress_tolerance_pain_threshold,"diuresis_stress_tolerance_pain_threshold_Dh44,Lk",abdomen,MNad38,ventral_nerve_cord_neurosecretory_cell,abdomen_neurosecretory_cell,MNad38,abdomen,right,3,EFF_05,#9C9286,abdomen
7.222312057518185,0.44008815676764,720575941440963925,acetylcholine,right_fourth_abdominal_nerve,ventral_nerve_cord,visceral_circulatory,right,NA,TBD,unknown,NA,abdomen,MNad54,ventral_nerve_cord_neurosecretory_cell,abdomen_neurosecretory_cell,MNad54,abdomen,right,6,EFF_04,#79B2E0,abdomen
-5.957795059181033,4.5140262881000375,720575941442381738,gaba,left_mesothoracic_leg_nerve,ventral_nerve_cord,motor,left,middle-hind leg,24B.25B,leg_motor,leg_motor_extend_coxa_trochanter_joint,middle leg,sternotrochanter_extensor_MesoLN_dorsal_3,leg_motor_neuron,middle_leg_motor_neuron,sternotrochanter_extensor_MesoLN_dorsal_3,middle leg,left,1,EFF_13,#CF603E,middle leg
8.231291378044308,-0.9404253324787284,720575941442683050,serotonin,NA,central_brain,visceral_circulatory,right,ingestion-digestion,putative_primary,feeding,NA,digestive tract,DNg28,subesophageal_zone_neurosecretory_cell,digestive_tract_neurosecretory_cell,DNg28,digestive tract,right,6,EFF_04,#79B2E0,digestive tract
-5.652344619727908,4.139438275404725,720575941443907754,acetylcholine,left_mesothoracic_leg_nerve,ventral_nerve_cord,motor,left,middle-hind leg,19A,leg_motor,leg_motor_extend_coxa_trochanter_joint,middle leg,trochanter_extensor_LinJ,leg_motor_neuron,middle_leg_motor_neuron,trochanter_extensor_LinJ,middle leg,left,1,EFF_13,#CF603E,middle leg
8.731117809318722,0.006872181006226441,720575941445271722,dopamine,right_corpus_cardiacum_nerve,central_brain,visceral_circulatory,right,energy homeostasis,NA,unknown,NA,retrocerebral complex,l_NSC_unknown,pars_lateralis_neurosecretory_cell,retrocerebral_complex_neurosecretory_cell,l_NSC_unknown,retrocerebral complex,right,6,EFF_04,#79B2E0,retrocerebral complex
-0.8726951236494174,2.5761321821887826,720575941445316266,octopamine,"left_anterior_dorsal_mesothoracic_nerve, left_mesothoracic_accessory_nerve, right_anterior_dorsal_mesothoracic_nerve, right_mesothoracic_accessory_nerve, right_mesothoracic_leg_nerve, left_mesothoracic_leg_nerve",ventral_nerve_cord,visceral_circulatory,left,flight-energy-power,00B,unknown,NA,wing,EN00B011,ventral_nerve_cord_neurosecretory_cell,wing_neurosecretory_cell,EN00B011,wing,right,4,EFF_08,#3D9D98,wing
-1.7244240398176303,-2.6819777449886466,720575941445324564,acetylcholine,right_metathoracic_leg_nerve,ventral_nerve_cord,motor,right,middle-hind leg,15B,leg_motor,leg_motor_flex_coxa_trochanter_joint,hind leg,accessory_trochanter_flexor_MetaLN,leg_motor_neuron,hind_leg_motor_neuron,accessory_trochanter_flexor_MetaLN,hind leg,right,2,EFF_10,#695B52,hind leg
-2.1335009689100373,-2.9060676059047843,720575941447103669,gaba,right_metathoracic_leg_nerve,ventral_nerve_cord,motor,right,middle-hind leg,15B,leg_motor,leg_motor_pull_long_tendon,hind leg,long_tendon_muscle_B_femur,leg_motor_neuron,hind_leg_motor_neuron,long_tendon_muscle_B_femur,hind leg,right,2,EFF_10,#695B52,hind leg
-5.41680422971326,3.851660374708924,720575941447844430,gaba,left_mesothoracic_leg_nerve,ventral_nerve_cord,motor,left,middle-hind leg,15B,leg_motor,leg_motor_flex_femur_tibia_joint,middle leg,accessory_tibia_flexor_B,leg_motor_neuron,middle_leg_motor_neuron,accessory_tibia_flexor_B,middle leg,left,1,EFF_13,#CF603E,middle leg
-4.061307823158084,-5.117254372529235,720575941447846990,gaba,right_prothoracic_leg_nerve,ventral_nerve_cord,motor,right,front leg,15B,leg_motor,leg_motor_flex_femur_tibia_joint,front leg,accessory_tibia_flexor_A,leg_motor_neuron,front_leg_motor_neuron,accessory_tibia_flexor_A,front leg,right,7,EFF_11,#E92F2F,front leg
-4.518920814491092,-4.949255820206847,720575941448798133,gaba,right_prothoracic_leg_nerve,ventral_nerve_cord,motor,right,front leg,24B.25B,leg_motor,leg_motor_unknown_leg_movement,front leg,femur_reductor,leg_motor_neuron,front_leg_motor_neuron,femur_reductor,front leg,right,7,EFF_11,#E92F2F,front leg
-6.644821559882938,-3.320117231301513,720575941448945757,gaba,left_dorsal_prothoracic_nerve,ventral_nerve_cord,motor,left,head-eye-antenna,16B,neck_motor,neck_motor_neck_roll,neck motor neck roll,DProN3a,neck_motor_neuron,neck_roll_motor_neuron,DProN3a,neck motor neck roll,left,9,EFF_12,#F35438,NA
-6.349729930854617,-3.5642539223949576,720575941448982862,acetylcholine,right_antennal_nerve,central_brain,motor,right,head-eye-antenna,putative_primary,antenna_motor,NA,antenna,CB0723,antenna_motor_neuron,NA,CB0723,antenna,right,9,EFF_12,#F35438,antenna
9.042021358513058,-3.3087825736324454,720575941449780405,gaba,left_maxillary-labial_nerve,central_brain,motor,left,proboscis-antenna,putative_primary,proboscis_motor,proboscis_motor_proboscis_positioning,proboscis,MN1,proboscis_motor_neuron,NA,MN1,proboscis,left,12,EFF_01,#7E378C,proboscis
8.551451290153683,0.1515103617389535,720575941450146638,unknown,left_corpus_cardiacum_nerve,central_brain,visceral_circulatory,left,energy homeostasis,putative_primary,diuresis_gut_motility_hormone_regulation,diuresis_gut_motility_hormone_regulation_Dh31,corpus allatum,l_NSC_DH31,pars_lateralis_neurosecretory_cell,corpus_allatum_neurosecretory_cell,l_NSC_DH31,corpus allatum,left,6,EFF_04,#79B2E0,corpus allatum
8.104643905662716,0.06595349700048914,720575941450416053,peptide,right_corpus_cardiacum_nerve,central_brain,visceral_circulatory,left,NA,DILP__prim,food_intake,food_intake_Ms,digestive tract,m_NSC_DMS,pars_intercerebralis_neurosecretory_cell,digestive_tract_neurosecretory_cell,m_NSC_DMS,digestive tract,right,6,EFF_04,#79B2E0,digestive tract
-7.598864948249637,0.2882387676914071,720575941450546857,gaba,left_prothoracic_leg_nerve,ventral_nerve_cord,motor,left,front leg,15B,leg_motor,leg_motor_flex_femur_tibia_joint,front leg,accessory_tibia_flexor_A,leg_motor_neuron,front_leg_motor_neuron,accessory_tibia_flexor_A,front leg,left,8,EFF_14,#41A4D5,front leg
-4.402782356239139,-5.444537039689269,720575941450561358,gaba,right_prothoracic_accessory_nerve,ventral_nerve_cord,motor,right,front leg,24B.25B,leg_motor,leg_motor_flex_coxa_trochanter_joint,front leg,trochanter_flexor_ProAN,leg_motor_neuron,front_leg_motor_neuron,trochanter_flexor_ProAN,front leg,right,7,EFF_11,#E92F2F,front leg
7.906360710167111,0.1968832054813241,720575941450979150,dopamine,left_corpus_cardiacum_nerve,central_brain,visceral_circulatory,left,energy homeostasis,NA,unknown,NA,retrocerebral complex,l_NSC_unknown,pars_lateralis_neurosecretory_cell,retrocerebral_complex_neurosecretory_cell,l_NSC_unknown,retrocerebral complex,left,6,EFF_04,#79B2E0,retrocerebral complex
-6.478536045051395,3.291176442213807,720575941451737978,gaba,left_metathoracic_leg_nerve,ventral_nerve_cord,motor,left,middle-hind leg,15B,leg_motor,leg_motor_flex_femur_tibia_joint,hind leg,accessory_tibia_flexor_A_out_of_bundle,leg_motor_neuron,hind_leg_motor_neuron,accessory_tibia_flexor_A_out_of_bundle,hind leg,left,1,EFF_13,#CF603E,hind leg
-2.0583724136121857,-2.3432003220836783,720575941451840425,gaba,right_metathoracic_leg_nerve,ventral_nerve_cord,motor,right,middle-hind leg,24B.25B,leg_motor,leg_motor_flex_coxa_trochanter_joint,hind leg,trochanter_flexor_ventrolateral_ribbon,leg_motor_neuron,hind_leg_motor_neuron,trochanter_flexor_ventrolateral_ribbon,hind leg,right,2,EFF_10,#695B52,hind leg
6.967790687584103,1.4583684244830941,720575941452291753,octopamine,abdominal_nerve_trunk,ventral_nerve_cord,visceral_circulatory,right,abdomen-ureter,TBD,unknown,NA,ureter,ab-PDF,ventral_nerve_cord_neurosecretory_cell,ureter_neurosecretory_cell,ab-PDF,ureter,right,3,EFF_05,#9C9286,ureter
2.0877300148240936,1.1320072451312875,720575941452313651,gaba,abdominal_nerve_trunk,ventral_nerve_cord,motor,right,abdomen motor 1,TBD,unknown,NA,abdomen,MNad02,abdomen_motor_neuron,NA,MNad02,abdomen,right,5,EFF_07,#B56FCC,abdomen
-3.962520038581668,-4.9890159329692985,720575941452885043,gaba,right_prothoracic_leg_nerve,ventral_nerve_cord,motor,right,front leg,15B,leg_motor,leg_motor_flex_femur_tibia_joint,front leg,accessory_tibia_flexor_B,leg_motor_neuron,front_leg_motor_neuron,accessory_tibia_flexor_B,front leg,right,7,EFF_11,#E92F2F,front leg
-1.0576013679273715,2.0028499403674935,720575941453512499,acetylcholine,left_first_abdominal_nerve,ventral_nerve_cord,motor,left,flight-energy-power,16B,haltere_motor,NA,haltere,hiii2 MN,haltere_motor_neuron,NA,hiii2 MN,haltere,left,4,EFF_08,#3D9D98,haltere
8.462772930168331,0.16408229262426843,720575941453789511,peptide,right_corpus_cardiacum_nerve,central_brain,visceral_circulatory,right,energy homeostasis,DILP__prim,energy_metabolism_food_intake,"energy_metabolism_food_intake_dARC1,Ilp2,Ilp3,Ilp5",retrocerebral complex,m_NSC_DILP,pars_intercerebralis_neurosecretory_cell,retrocerebral_complex_neurosecretory_cell,m_NSC_DILP,retrocerebral complex,right,6,EFF_04,#79B2E0,retrocerebral complex
8.905278766655147,-3.234492298058715,720575941454079539,glutamate,right_pharyngeal_nerve_or_accessory_pharyngeal_nerve,central_brain,motor,right,proboscis-antenna,putative_primary,proboscis_motor,proboscis_motor_proboscis_positioning,proboscis,MN3L,proboscis_motor_neuron,NA,MN3L,proboscis,right,12,EFF_01,#7E378C,proboscis
-2.6344360465772736,-3.136851902894225,720575941454080237,gaba,right_mesothoracic_leg_nerve,ventral_nerve_cord,motor,right,middle-hind leg,19A,leg_motor,leg_motor_pull_long_tendon,middle leg,long_tendon_muscle_A_dipalpha,leg_motor_neuron,middle_leg_motor_neuron,long_tendon_muscle_A_dipalpha,middle leg,right,2,EFF_10,#695B52,middle leg
9.049982631706417,-3.2940069398204948,720575941454240169,acetylcholine,right_maxillary-labial_nerve,central_brain,motor,right,proboscis-antenna,putative_primary,proboscis_motor,proboscis_motor_proboscis_positioning,proboscis,MN4b,proboscis_motor_neuron,NA,MN4b,proboscis,right,12,EFF_01,#7E378C,proboscis
8.966032588981808,-3.100843664101806,720575941454380013,octopamine,right_maxillary-labial_nerve,central_brain,motor,right,proboscis-antenna,putative_primary,proboscis_motor,proboscis_motor_proboscis_positioning,proboscis,MN6,proboscis_motor_neuron,NA,MN6,proboscis,right,12,EFF_01,#7E378C,proboscis
-6.615005886054813,3.430791977949891,720575941454495145,acetylcholine,left_metathoracic_leg_nerve,ventral_nerve_cord,motor,left,middle-hind leg,TBD,leg_motor,leg_motor_unknown_leg_movement,hind leg,femur_reductor_dorsomedial_ribbon,leg_motor_neuron,hind_leg_motor_neuron,femur_reductor_dorsomedial_ribbon,hind leg,left,1,EFF_13,#CF603E,hind leg
-6.539682781196414,3.5035115519245004,720575941454830131,acetylcholine,left_metathoracic_leg_nerve,ventral_nerve_cord,motor,left,middle-hind leg,19A,leg_motor,leg_motor_flex_femur_tibia_joint,hind leg,accessory_tibia_flexor_A,leg_motor_neuron,hind_leg_motor_neuron,accessory_tibia_flexor_A,hind leg,left,1,EFF_13,#CF603E,hind leg
-5.960400497413455,-3.557069416932311,720575941455715053,glutamate,right_ventral_cervical_nerve,central_brain,motor,right,head-eye-antenna,MX12__prim,neck_motor,neck_motor_neck_yaw,neck motor neck yaw,VCvN3,neck_motor_neuron,neck_yaw_motor_neuron,VCvN3,neck motor neck yaw,right,9,EFF_12,#F35438,NA
-7.806838428474246,-0.018274899415221313,720575941455787245,gaba,left_ventral_prothoracic_nerve,ventral_nerve_cord,motor,left,front leg,TBD,leg_motor,leg_motor_move_coxa_anterior,front leg,sternal_anterior_rotator,leg_motor_neuron,front_leg_motor_neuron,sternal_anterior_rotator,front leg,left,8,EFF_14,#41A4D5,front leg
-2.196542655921756,2.4877907076557015,720575941456201887,gaba,left_anterior_dorsal_mesothoracic_nerve,ventral_nerve_cord,motor,left,flight-steering,16B,wing_steering,wing_steering_phasic_wing_steering,wing steering,iv1,wing_motor_neuron,wing_steering_motor_neuron,iv1,wing steering,left,4,EFF_08,#3D9D98,wing steering
-0.5909589881666293,1.3246973791797494,720575941456279021,gaba,left_second_abdominal_nerve,ventral_nerve_cord,motor,right,abdomen motor 2,03B,unknown,NA,abdomen,MNad42,abdomen_motor_neuron,NA,MNad42,abdomen,left,13,EFF_09,#FAC240,abdomen
4.821904027961911,-0.32049011795922766,720575941457290733,octopamine,"left_prothoracic_accessory_nerve, left_prothoracic_leg_nerve, left_ventral_prothoracic_nerve, right_prothoracic_leg_nerve, right_prothoracic_accessory_nerve, right_ventral_prothoracic_nerve, right_prosternal_nerve",ventral_nerve_cord,visceral_circulatory,left,NA,00B,unknown,NA,front leg,EN00B008_T1,ventral_nerve_cord_neurosecretory_cell,front_leg_neurosecretory_cell,EN00B008_T1,front leg,right,11,EFF_06,#55B151,front leg
-6.554713642097293,-3.5788317879955436,720575941457562694,gaba,right_cervical_nerve,central_brain,motor,right,head-eye-antenna,putative_primary,neck_motor,neck_motor_neck_roll,neck motor neck roll,CvN3,neck_motor_neuron,neck_roll_motor_neuron,CvN3,neck motor neck roll,right,9,EFF_12,#F35438,NA
6.411320293449582,-0.5029703339855338,720575941458041247,gaba,abdominal_nerve_trunk,ventral_nerve_cord,motor,right,thoracic-abdominal,TBD,unknown,NA,unknown thoracic abdominal,ENXXX226,thoracic_abdominal_segmental_motor_neuron,NA,ENXXX226,unknown thoracic abdominal,right,11,EFF_06,#55B151,NA
-0.84563819120007655,2.69428360850409,720575941458177747,octopamine,"left_posterior_dorsal_mesothoracic_nerve, right_posterior_dorsal_mesothoracic_nerve",ventral_nerve_cord,visceral_circulatory,right,flight-energy-power,00B,flight,NA,wing,mesVUM-MJ,ventral_nerve_cord_neurosecretory_cell,wing_neurosecretory_cell,mesVUM-MJ,wing,right,4,EFF_08,#3D9D98,wing
5.238969648384274,1.837960127898011,720575941458608083,octopamine,abdominal_nerve_trunk,ventral_nerve_cord,visceral_circulatory,right,abdomen-ovulation,00B,unknown,NA,abdomen,EN00B026,ventral_nerve_cord_neurosecretory_cell,abdomen_neurosecretory_cell,EN00B026,abdomen,right,10,EFF_03,#9FB555,abdomen
-0.7122024650343051,1.8612362185199594,720575941458778182,peptide,NA,ventral_nerve_cord,visceral_circulatory,left,flight-energy-power,27X,myomodulation_energy_metabolism,myomodulation_energy_metabolism_FMRFa,neurohemal complex,EN27X010,ventral_nerve_cord_neurosecretory_cell,neurohemal_complex_neurosecretory_cell,EN27X010,neurohemal complex,left,13,EFF_09,#FAC240,neurohemal complex
4.694386804603757,-0.26715874283715735,720575941458846278,octopamine,"left_posterior_dorsal_mesothoracic_nerve, left_mesothoracic_accessory_nerve, right_anterior_dorsal_mesothoracic_nerve, right_posterior_dorsal_mesothoracic_nerve",ventral_nerve_cord,visceral_circulatory,right,feeding-endocrine,00B,unknown,NA,wing,EN00B015,ventral_nerve_cord_neurosecretory_cell,wing_neurosecretory_cell,EN00B015,wing,right,11,EFF_06,#55B151,wing
-2.2713379020460236,2.4460405150134896,720575941458961604,gaba,right_mesothoracic_accessory_nerve,ventral_nerve_cord,motor,right,flight-steering,19A,wing_steering,wing_steering_tonic_wing_steering,wing steering,iii3,wing_motor_neuron,wing_steering_motor_neuron,iii3,wing steering,right,4,EFF_08,#3D9D98,wing steering
8.270285690330685,-0.04593836872979651,720575941458970067,peptide,left_corpus_cardiacum_nerve,central_brain,visceral_circulatory,right,energy homeostasis,DILP__prim,food_intake,food_intake_Ms,digestive tract,m_NSC_DMS,pars_intercerebralis_neurosecretory_cell,digestive_tract_neurosecretory_cell,m_NSC_DMS,digestive tract,left,6,EFF_04,#79B2E0,digestive tract
-6.669571315742313,3.874372128554139,720575941458992031,gaba,left_metathoracic_leg_nerve,ventral_nerve_cord,motor,left,middle-hind leg,17X,leg_motor,leg_motor_extend_coxa_trochanter_joint,hind leg,trochanter_extensor,leg_motor_neuron,hind_leg_motor_neuron,trochanter_extensor,hind leg,left,1,EFF_13,#CF603E,hind leg
-1.9727160091169467,2.5952600279529427,720575941459347411,gaba,left_mesothoracic_accessory_nerve,ventral_nerve_cord,motor,left,flight-steering,17A,wing_steering,wing_steering_phasic_wing_steering,wing steering,iii4,wing_motor_neuron,wing_steering_motor_neuron,iii4,wing steering,left,4,EFF_08,#3D9D98,wing steering
-5.640674507118045,4.255308751173768,720575941459422623,gaba,left_mesothoracic_leg_nerve,ventral_nerve_cord,motor,left,middle-hind leg,15B,leg_motor,leg_motor_flex_femur_tibia_joint,middle leg,tibia_flexor_Fast,leg_motor_neuron,middle_leg_motor_neuron,tibia_flexor_Fast,middle leg,left,1,EFF_13,#CF603E,middle leg
-2.6986850852735627,-2.822751756600585,720575941459438224,glutamate,right_mesothoracic_leg_nerve,ventral_nerve_cord,motor,right,middle-hind leg,TBD,leg_motor,leg_motor_flex_coxa_trochanter_joint,middle leg,accessory_trochanter_flexor,leg_motor_neuron,middle_leg_motor_neuron,accessory_trochanter_flexor,middle leg,right,2,EFF_10,#695B52,middle leg
-6.514962589240848,-3.29872381298944,720575941459454704,acetylcholine,left_cervical_nerve,central_brain,motor,left,head-eye-antenna,putative_primary,neck_motor,neck_motor_neck_pitch,neck motor neck pitch,CvN7,neck_motor_neuron,neck_pitch_motor_neuron,CvN7,neck motor neck pitch,left,9,EFF_12,#F35438,NA
2.0583828856579673,1.113190774031434,720575941460086995,octopamine,right_fourth_abdominal_nerve,ventral_nerve_cord,visceral_circulatory,left,feeding-endocrine,00B,unknown,NA,abdomen,EN00B026,ventral_nerve_cord_neurosecretory_cell,abdomen_neurosecretory_cell,EN00B026,abdomen,right,5,EFF_07,#B56FCC,abdomen
6.132670009636105,0.535533074446473,720575941460652870,octopamine,abdominal_nerve_trunk,ventral_nerve_cord,motor,right,NA,TBD,unknown,NA,abdomen,CV1007,abdomen_motor_neuron,NA,CV1007,abdomen,right,3,EFF_05,#9C9286,abdomen
6.860868061088742,0.37168801219061365,720575941460694598,peptide,right_second_abdominal_nerve,ventral_nerve_cord,visceral_circulatory,right,abdomen-ovulation,TBD,diuresis_stress_tolerance_pain_threshold,"diuresis_stress_tolerance_pain_threshold_Dh44,Lk",abdomen,MNad13,ventral_nerve_cord_neurosecretory_cell,abdomen_neurosecretory_cell,MNad13,abdomen,right,3,EFF_05,#9C9286,abdomen
-7.636221324897586,-0.17734503357812414,720575941460703245,acetylcholine,left_prothoracic_leg_nerve,ventral_nerve_cord,motor,left,front leg,13A,leg_motor,leg_motor_unknown_leg_movement,front leg,femur_reductor,leg_motor_neuron,front_leg_motor_neuron,femur_reductor,front leg,left,8,EFF_14,#41A4D5,front leg
2.159085819625081,1.4770756998737191,720575941461139981,acetylcholine,abdominal_nerve_trunk,ventral_nerve_cord,motor,left,abdomen motor 1,06A,unknown,NA,abdomen,MNad08,abdomen_motor_neuron,NA,MNad08,abdomen,left,5,EFF_07,#B56FCC,abdomen
-6.58274022290784,3.6683188715656136,720575941461179859,gaba,left_metathoracic_leg_nerve,ventral_nerve_cord,motor,left,middle-hind leg,17X,leg_motor,leg_motor_extend_coxa_trochanter_joint,hind leg,sternotrochanter_extensor_ventrolateral_ribbon,leg_motor_neuron,hind_leg_motor_neuron,sternotrochanter_extensor_ventrolateral_ribbon,hind leg,left,1,EFF_13,#CF603E,hind leg
-7.905044948554813,0.1854187288959359,720575941461333648,gaba,left_ventral_prothoracic_nerve,ventral_nerve_cord,motor,left,front leg,17X,leg_motor,leg_motor_extend_coxa_trochanter_joint,front leg,tergotrochanter_extensor,leg_motor_neuron,front_leg_motor_neuron,tergotrochanter_extensor,front leg,left,8,EFF_14,#41A4D5,front leg
-5.976128971076785,3.1608816424091195,720575941461624845,gaba,left_metathoracic_leg_nerve,ventral_nerve_cord,motor,left,middle-hind leg,19A,leg_motor,leg_motor_pull_long_tendon,hind leg,long_tendon_muscle_ltm_B,leg_motor_neuron,hind_leg_motor_neuron,long_tendon_muscle_ltm_B,hind leg,left,1,EFF_13,#CF603E,hind leg
6.424158657097043,1.8044968882282113,720575941461654980,octopamine,abdominal_nerve_trunk,ventral_nerve_cord,visceral_circulatory,right,abdomen-ureter,TBD,ovulation,NA,abdomen,abd_Dsx_OA,ventral_nerve_cord_neurosecretory_cell,reproductive_tract_neurosecretory_cell,abd_Dsx_OA,abdomen,right,3,EFF_05,#9C9286,abdomen
-5.584491168952762,3.6866999903400277,720575941462096528,gaba,left_mesothoracic_leg_nerve,ventral_nerve_cord,motor,left,middle-hind leg,15B,leg_motor,leg_motor_flex_femur_tibia_joint,middle leg,accessory_tibia_flexor_B,leg_motor_neuron,middle_leg_motor_neuron,accessory_tibia_flexor_B,middle leg,left,1,EFF_13,#CF603E,middle leg
9.018620098137081,-3.2527570685665275,720575941462808077,glutamate,right_maxillary-labial_nerve,central_brain,motor,right,proboscis-antenna,putative_primary,proboscis_motor,proboscis_motor_proboscis_positioning,proboscis,MN2Db,proboscis_motor_neuron,NA,MN2Db,proboscis,right,12,EFF_01,#7E378C,proboscis
-1.283772861457645,2.945405129500184,720575941463144336,gaba,right_posterior_dorsal_mesothoracic_nerve,ventral_nerve_cord,motor,right,flight-energy-power,03B,wing_power,NA,wing power,DLM1-4,wing_motor_neuron,wing_power_motor_neuron,DLM1-4,wing power,right,4,EFF_08,#3D9D98,wing power
5.98775013735217,0.8289274016101693,720575941463652877,octopamine,abdominal_nerve_trunk,ventral_nerve_cord,motor,left,abdomen-ovulation,TBD,unknown,NA,abdomen,MNad49,abdomen_motor_neuron,NA,MNad49,abdomen,left,3,EFF_05,#9C9286,abdomen
-1.6039666290052523,-2.691338058404174,720575941463793552,gaba,right_metathoracic_leg_nerve,ventral_nerve_cord,motor,right,middle-hind leg,TBD,leg_motor,leg_motor_flex_femur_tibia_joint,hind leg,accessory_tibia_flexor_C,leg_motor_neuron,hind_leg_motor_neuron,accessory_tibia_flexor_C,hind leg,right,2,EFF_10,#695B52,hind leg
-1.3783496970899691,2.3195019999225472,720575941463979533,gaba,left_first_abdominal_nerve,ventral_nerve_cord,motor,left,flight-steering,16B,haltere_steering,NA,haltere steering,hi2 MN,haltere_motor_neuron,haltere_steering_neuron,hi2 MN,haltere steering,left,4,EFF_08,#3D9D98,haltere steering
-7.42993203351575,0.30049217135504236,720575941464194902,gaba,left_prothoracic_leg_nerve,ventral_nerve_cord,motor,left,front leg,15B,leg_motor,leg_motor_flex_femur_tibia_joint,front leg,accessory_tibia_flexor_B,leg_motor_neuron,front_leg_motor_neuron,accessory_tibia_flexor_B,front leg,left,8,EFF_14,#41A4D5,front leg
-7.493672763801395,0.5832855740268563,720575941464925462,gaba,left_prothoracic_leg_nerve,ventral_nerve_cord,motor,left,front leg,12B,leg_motor,leg_motor_pull_long_tendon,front leg,long_tendon_muscle_B,leg_motor_neuron,front_leg_motor_neuron,long_tendon_muscle_B,front leg,left,8,EFF_14,#41A4D5,front leg
6.155745590233029,-0.8808592817108298,720575941465021206,gaba,right_second_abdominal_nerve,ventral_nerve_cord,motor,right,thoracic-abdominal,TBD,unknown,NA,unknown thoracic abdominal,ENXXX226,thoracic_abdominal_segmental_motor_neuron,NA,ENXXX226,unknown thoracic abdominal,right,11,EFF_06,#55B151,NA
6.071218097709836,0.820280913420472,720575941466399830,acetylcholine,abdominal_nerve_trunk,ventral_nerve_cord,motor,right,abdomen-ovulation,TBD,unknown,NA,abdomen,MNad49,abdomen_motor_neuron,NA,MNad49,abdomen,right,3,EFF_05,#9C9286,abdomen
2.391078466676892,0.791338328429017,720575941466521622,acetylcholine,abdominal_nerve_trunk,ventral_nerve_cord,motor,right,abdomen motor 1,19A,unknown,NA,abdomen,MNad11,abdomen_motor_neuron,NA,MNad11,abdomen,right,5,EFF_07,#B56FCC,abdomen
6.852784717582883,0.36024678141668787,720575941467281373,acetylcholine,abdominal_nerve_trunk,ventral_nerve_cord,motor,right,abdomen-ovulation,TBD,unknown,NA,abdomen,MNad13,abdomen_motor_neuron,NA,MNad13,abdomen,right,3,EFF_05,#9C9286,abdomen
-1.9032153243787875,2.6145893374164437,720575941468288375,gaba,right_anterior_dorsal_mesothoracic_nerve,ventral_nerve_cord,motor,right,flight-steering,16B,wing_steering,wing_steering_phasic_wing_steering,wing steering,iv3,wing_motor_neuron,wing_steering_motor_neuron,iv3,wing steering,right,4,EFF_08,#3D9D98,wing steering
-5.786566650367557,4.31781351954535,720575941468687581,gaba,left_mesothoracic_leg_nerve,ventral_nerve_cord,motor,left,middle-hind leg,TBD,leg_motor,leg_motor_extend_femur_tibia_joint,middle leg,tibia_extensor_FETi,leg_motor_neuron,middle_leg_motor_neuron,tibia_extensor_FETi,middle leg,left,1,EFF_13,#CF603E,middle leg
-6.505255138374149,3.662322167464051,720575941468774667,gaba,left_metathoracic_leg_nerve,ventral_nerve_cord,motor,left,middle-hind leg,16B,leg_motor,leg_motor_flex_coxa_trochanter_joint,hind leg,trochanter_flexor_ventrolateral_ribbon,leg_motor_neuron,hind_leg_motor_neuron,trochanter_flexor_ventrolateral_ribbon,hind leg,left,1,EFF_13,#CF603E,hind leg
2.551105583213986,1.5299521723468636,720575941468776971,gaba,abdominal_nerve_trunk,ventral_nerve_cord,motor,left,abdomen motor 1,TBD,unknown,NA,abdomen,MNad20,abdomen_motor_neuron,NA,MNad20,abdomen,left,5,EFF_07,#B56FCC,abdomen
6.368443573021115,0.6188565531452035,720575941468851211,gaba,abdominal_nerve_trunk,ventral_nerve_cord,visceral_circulatory,right,abdomen-ovulation,TBD,ovulation,NA,reproductive tract,abd_Dsx_OA,ventral_nerve_cord_neurosecretory_cell,reproductive_tract_neurosecretory_cell,abd_Dsx_OA,reproductive tract,right,3,EFF_05,#9C9286,NA
-2.0285731906660187,2.622019890852723,720575941468897856,gaba,right_anterior_dorsal_mesothoracic_nerve,ventral_nerve_cord,motor,right,flight-steering,16B,wing_steering,wing_steering_phasic_wing_steering,wing steering,i1,wing_motor_neuron,wing_steering_motor_neuron,i1,wing steering,right,4,EFF_08,#3D9D98,wing steering
-3.7006830329664337,-5.174153443268981,720575941469045111,gaba,right_prothoracic_leg_nerve,ventral_nerve_cord,motor,right,front leg,15B,leg_motor,leg_motor_flex_femur_tibia_joint,front leg,accessory_tibia_flexor_B,leg_motor_neuron,front_leg_motor_neuron,accessory_tibia_flexor_B,front leg,right,7,EFF_11,#E92F2F,front leg
-7.522968685127078,0.06834614665106287,720575941469052535,gaba,left_prothoracic_leg_nerve,ventral_nerve_cord,motor,left,front leg,24B.25B,leg_motor,leg_motor_unknown_leg_movement,front leg,femur_reductor,leg_motor_neuron,front_leg_motor_neuron,femur_reductor,front leg,left,8,EFF_14,#41A4D5,front leg
-2.69843903729993,-2.660381790093627,720575941470082423,gaba,right_mesothoracic_leg_nerve,ventral_nerve_cord,motor,right,middle-hind leg,17X,leg_motor,leg_motor_extend_coxa_trochanter_joint,middle leg,sternotrochanter_extensor_MesoLN_dorsal_3,leg_motor_neuron,middle_leg_motor_neuron,sternotrochanter_extensor_MesoLN_dorsal_3,middle leg,right,2,EFF_10,#695B52,middle leg
-2.000624334312259,-2.029903467587676,720575941470212471,gaba,right_metathoracic_leg_nerve,ventral_nerve_cord,motor,right,middle-hind leg,TBD,leg_motor,leg_motor_extend_femur_tibia_joint,hind leg,tibia_extensor_FETi,leg_motor_neuron,hind_leg_motor_neuron,tibia_extensor_FETi,hind leg,right,2,EFF_10,#695B52,hind leg
5.97600754549426,-0.09848677723809729,720575941470291319,octopamine,abdominal_nerve_trunk,ventral_nerve_cord,visceral_circulatory,right,abdomen-ovulation,00B,unknown,NA,abdomen,EN00B026,ventral_nerve_cord_neurosecretory_cell,abdomen_neurosecretory_cell,EN00B026,abdomen,right,3,EFF_05,#9C9286,abdomen
-6.1885246391065705,4.297519330092225,720575941470371851,gaba,left_mesothoracic_leg_nerve,ventral_nerve_cord,motor,left,middle-hind leg,TBD,leg_motor,leg_motor_unknown_leg_movement,middle leg,femur_reductor,leg_motor_neuron,middle_leg_motor_neuron,femur_reductor,middle leg,left,1,EFF_13,#CF603E,middle leg
8.482052886985958,-0.5990263184826041,720575941470698507,serotonin,left_pharyngeal_nerve_or_accessory_pharyngeal_nerve,central_brain,motor,left,ingestion-digestion,putative_primary,crop_motor,crop_motor_crop_entry,crop,CEM,crop_motor_neuron,NA,CEM,crop,left,6,EFF_04,#79B2E0,crop
8.295038784050167,-0.05661415665551672,720575941470714891,peptide,right_corpus_cardiacum_nerve,central_brain,visceral_circulatory,left,energy homeostasis,DILP__prim,food_intake,food_intake_Ms,digestive tract,m_NSC_DMS,pars_intercerebralis_neurosecretory_cell,digestive_tract_neurosecretory_cell,m_NSC_DMS,digestive tract,right,6,EFF_04,#79B2E0,digestive tract
-6.031707202888309,4.3722134867389535,720575941471300448,gaba,left_mesothoracic_leg_nerve,ventral_nerve_cord,motor,left,middle-hind leg,13B,leg_motor,leg_motor_unknown_leg_movement,middle leg,femur_reductor,leg_motor_neuron,middle_leg_motor_neuron,femur_reductor,middle leg,left,1,EFF_13,#CF603E,middle leg
-5.873648559547244,4.245852593489442,720575941471300960,gaba,left_mesothoracic_leg_nerve,ventral_nerve_cord,motor,left,middle-hind leg,24B.25B,leg_motor,leg_motor_flex_coxa_trochanter_joint,middle leg,trochanter_flexor_MesoLN_ventral_3,leg_motor_neuron,middle_leg_motor_neuron,trochanter_flexor_MesoLN_ventral_3,middle leg,left,1,EFF_13,#CF603E,middle leg
-5.64721194455701,4.304601792403016,720575941471301728,acetylcholine,left_posterior_dorsal_mesothoracic_nerve,ventral_nerve_cord,motor,left,middle-hind leg,21A,leg_motor,leg_motor_extend_coxa_trochanter_joint,middle leg,tergotrochanter_extensor_PDMN,leg_motor_neuron,middle_leg_motor_neuron,tergotrochanter_extensor_PDMN,middle leg,left,1,EFF_13,#CF603E,middle leg
5.896404588722409,0.7657066622455453,720575941471347808,octopamine,abdominal_nerve_trunk,ventral_nerve_cord,visceral_circulatory,right,abdomen-ovulation,TBD,ovulation,NA,reproductive tract,abd_Dsx_OA,ventral_nerve_cord_neurosecretory_cell,reproductive_tract_neurosecretory_cell,abd_Dsx_OA,reproductive tract,right,3,EFF_05,#9C9286,NA
-6.538463985420047,3.581088666029725,720575941471839296,gaba,left_metathoracic_leg_nerve,ventral_nerve_cord,motor,left,middle-hind leg,19A,leg_motor,leg_motor_extend_femur_tibia_joint,hind leg,tibia_extensor_FETi,leg_motor_neuron,hind_leg_motor_neuron,tibia_extensor_FETi,hind leg,left,1,EFF_13,#CF603E,hind leg
8.388112152122677,-1.7780232688705588,720575941472369783,serotonin,left_pharyngeal_nerve,central_brain,motor,left,ingestion-digestion,putative_primary,pharynx_motor,pharynx_motor_pharyngeal_pumping,pharynx,MN10,pharynx_motor_neuron,NA,MN10,pharynx,left,14,EFF_02,#EF9334,pharynx
2.5991757159463775,0.948722247191224,720575941472471099,gaba,abdominal_nerve_trunk,ventral_nerve_cord,motor,right,abdomen motor 1,TBD,unknown,NA,abdomen,MNad11,abdomen_motor_neuron,NA,MNad11,abdomen,right,5,EFF_07,#B56FCC,abdomen
-0.9406739825971713,2.9841328898151254,720575941472734048,octopamine,right_anterior_dorsal_mesothoracic_nerve,ventral_nerve_cord,motor,right,flight-energy-power,16B,wing_power,NA,wing power,DVM1a-c,wing_motor_neuron,wing_power_motor_neuron,DVM1a-c,wing power,right,4,EFF_08,#3D9D98,wing power
4.654045188926877,-0.39794283717080603,720575941473952810,serotonin,left_corpus_cardiacum_nerve,central_brain,visceral_circulatory,right,feeding-endocrine,putative_primary,unknown,unknown_Hug,retrocerebral complex,SEZ_NSC_Hugin,subesophageal_zone_neurosecretory_cell,retrocerebral_complex_neurosecretory_cell,SEZ_NSC_Hugin,retrocerebral complex,left,11,EFF_06,#55B151,retrocerebral complex
-1.320577299094974,2.475072983809266,720575941474483249,acetylcholine,left_first_abdominal_nerve,ventral_nerve_cord,motor,left,flight-steering,16B,haltere_motor,NA,haltere,haltere_motor_neuron_unknown,haltere_motor_neuron,NA,haltere_motor_neuron_unknown,haltere,left,4,EFF_08,#3D9D98,haltere
-2.95289460370618,-3.0107754430095817,720575941474499377,acetylcholine,right_mesothoracic_leg_nerve,ventral_nerve_cord,motor,right,middle-hind leg,15B,leg_motor,leg_motor_flex_femur_tibia_joint,middle leg,tibia_flexor,leg_motor_neuron,middle_leg_motor_neuron,tibia_flexor,middle leg,right,2,EFF_10,#695B52,middle leg
-1.3542508239515414,2.2903584280689095,720575941474504478,gaba,right_first_abdominal_nerve,ventral_nerve_cord,motor,right,flight-steering,16B,haltere_steering,NA,haltere steering,hi2 MN,haltere_motor_neuron,haltere_steering_neuron,hi2 MN,haltere steering,right,4,EFF_08,#3D9D98,haltere steering
8.570949638389767,-2.0905904135028983,720575941474569521,glutamate,left_pharyngeal_nerve,central_brain,motor,left,ingestion-digestion,putative_primary,pharynx_motor,pharynx_motor_pharyngeal_pumping,pharynx,MN12D,pharynx_motor_neuron,NA,MN12D,pharynx,left,14,EFF_02,#EF9334,pharynx
-2.2528084869154084,2.4048577585895394,720575941474574132,gaba,right_anterior_dorsal_mesothoracic_nerve,ventral_nerve_cord,motor,right,flight-steering,16B,wing_steering,wing_steering_tonic_wing_steering,wing steering,b3,wing_motor_neuron,wing_steering_motor_neuron,b3,wing steering,right,4,EFF_08,#3D9D98,wing steering
-1.6663960571058383,2.479584817000184,720575941474595370,gaba,left_anterior_dorsal_mesothoracic_nerve,ventral_nerve_cord,motor,left,flight-energy-power,16B,wing_tension,NA,wing tension,tpn,wing_motor_neuron,wing_tension_motor_neuron,tpn,wing tension,left,4,EFF_08,#3D9D98,wing tension
-5.672480976081668,4.295756463118348,720575941474769204,gaba,left_posterior_dorsal_mesothoracic_nerve,ventral_nerve_cord,motor,left,middle-hind leg,21A,leg_motor,leg_motor_extend_coxa_trochanter_joint,middle leg,tergotrochanter_extensor_PDMN,leg_motor_neuron,middle_leg_motor_neuron,tergotrochanter_extensor_PDMN,middle leg,left,1,EFF_13,#CF603E,middle leg
1.9959944525144706,1.4420713225086068,720575941475008577,acetylcholine,abdominal_nerve_trunk,ventral_nerve_cord,motor,left,abdomen motor 1,06A,unknown,NA,abdomen,MNad08,abdomen_motor_neuron,NA,MNad08,abdomen,left,5,EFF_07,#B56FCC,abdomen
-0.7340375537641635,1.4071303644855355,720575941475275818,gaba,left_second_abdominal_nerve,ventral_nerve_cord,motor,left,abdomen motor 2,03B,unknown,NA,abdomen,MNad40,abdomen_motor_neuron,NA,MNad40,abdomen,left,13,EFF_09,#FAC240,abdomen
6.519526088737668,1.7719115057666635,720575941475362346,octopamine,abdominal_nerve_trunk,ventral_nerve_cord,motor,right,NA,TBD,unknown,NA,abdomen,MNad53,abdomen_motor_neuron,NA,MNad53,abdomen,right,3,EFF_05,#9C9286,abdomen
1.7751833145849119,1.3838125506122445,720575941475389243,acetylcholine,left_fourth_abdominal_nerve,ventral_nerve_cord,motor,left,abdomen motor 1,TBD,unknown,NA,abdomen,MNad08,abdomen_motor_neuron,NA,MNad08,abdomen,left,5,EFF_07,#B56FCC,abdomen
-1.8947190398939242,2.607721213408265,720575941475745898,gaba,right_anterior_dorsal_mesothoracic_nerve,ventral_nerve_cord,motor,right,flight-steering,16B,wing_steering,wing_steering_tonic_wing_steering,wing steering,i2,wing_motor_neuron,wing_steering_motor_neuron,i2,wing steering,right,4,EFF_08,#3D9D98,wing steering
-1.5907603854902377,-2.761148687295165,720575941475791722,gaba,right_metathoracic_leg_nerve,ventral_nerve_cord,motor,right,middle-hind leg,TBD,leg_motor,leg_motor_pull_long_tendon,hind leg,long_tendon_muscle_A,leg_motor_neuron,hind_leg_motor_neuron,long_tendon_muscle_A,hind leg,right,2,EFF_10,#695B52,hind leg
5.127374971412839,2.3555408755023812,720575941475795306,gaba,abdominal_nerve_trunk,ventral_nerve_cord,motor,right,abdomen-egg-laying,TBD,unknown,NA,abdomen,CV1027,abdomen_motor_neuron,NA,CV1027,abdomen,right,10,EFF_03,#9FB555,abdomen
-1.0323087329633822,2.922361973830018,720575941476080948,gaba,left_anterior_dorsal_mesothoracic_nerve,ventral_nerve_cord,motor,left,flight-energy-power,16B,wing_tension,NA,wing tension,tp2,wing_motor_neuron,wing_tension_motor_neuron,tp2,wing tension,left,4,EFF_08,#3D9D98,wing tension
-5.590184127784549,4.424431923933778,720575941476434996,octopamine,left_posterior_dorsal_mesothoracic_nerve,ventral_nerve_cord,motor,left,middle-hind leg,08A,jump_escape,jump_escape_extend_coxa_trochanter_joint,middle leg,tergotrochanter_extensor_TT_PDMN,leg_motor_neuron,middle_leg_motor_neuron,tergotrochanter_extensor_TT_PDMN,middle leg,left,1,EFF_13,#CF603E,middle leg
-5.596031581855594,3.732690457411561,720575941478122659,gaba,left_mesothoracic_leg_nerve,ventral_nerve_cord,motor,left,middle-hind leg,15B,leg_motor,leg_motor_extend_tibia_tarsus_joint,middle leg,tarsus_depressor_B,leg_motor_neuron,middle_leg_motor_neuron,tarsus_depressor_B,middle leg,left,1,EFF_13,#CF603E,middle leg
8.43142756273669,0.27254534155920496,720575941478184478,peptide,left_corpus_cardiacum_nerve,central_brain,visceral_circulatory,right,energy homeostasis,DILP__prim,energy_metabolism_food_intake,"energy_metabolism_food_intake_dARC1,Ilp2,Ilp3,Ilp5",retrocerebral complex,m_NSC_DILP,pars_intercerebralis_neurosecretory_cell,retrocerebral_complex_neurosecretory_cell,m_NSC_DILP,retrocerebral complex,left,6,EFF_04,#79B2E0,retrocerebral complex
-2.956010257697879,-2.985504980973449,720575941478187841,glutamate,right_mesothoracic_leg_nerve,ventral_nerve_cord,motor,right,middle-hind leg,TBD,leg_motor,leg_motor_extend_femur_tibia_joint,middle leg,tibia_extensor_SETi,leg_motor_neuron,middle_leg_motor_neuron,tibia_extensor_SETi,middle leg,right,2,EFF_10,#695B52,middle leg
-4.291100418067752,-5.235408183030334,720575941478281440,gaba,right_ventral_prothoracic_nerve,ventral_nerve_cord,motor,right,front leg,24B.25B,leg_motor,leg_motor_extend_coxa_trochanter_joint,front leg,tergotrochanter_extensor,leg_motor_neuron,front_leg_motor_neuron,tergotrochanter_extensor,front leg,right,7,EFF_11,#E92F2F,front leg
-2.7336205596693146,-2.4941654166500236,720575941478307380,octopamine,right_mesothoracic_leg_nerve,ventral_nerve_cord,motor,right,middle-hind leg,TBD,leg_motor,leg_motor_unknown_leg_movement,middle leg,femur_reductor,leg_motor_neuron,middle_leg_motor_neuron,femur_reductor,middle leg,right,2,EFF_10,#695B52,middle leg
-7.725471889472781,0.2321864405353402,720575941478577231,gaba,left_prothoracic_leg_nerve,ventral_nerve_cord,motor,left,front leg,TBD,leg_motor,leg_motor_extend_femur_tibia_joint,front leg,tibia_extensor_SETi,leg_motor_neuron,front_leg_motor_neuron,tibia_extensor_SETi,front leg,left,8,EFF_14,#41A4D5,front leg
-6.336895381904422,-3.4544674119274283,720575941478578511,gaba,left_dorsal_prothoracic_nerve,ventral_nerve_cord,motor,left,head-eye-antenna,16B,neck_motor,NA,neck,DProN6,neck_motor_neuron,NA,DProN6,neck,left,9,EFF_12,#F35438,neck
7.906867111229123,0.11224103362158289,720575941478745921,gaba,left_second_abdominal_nerve,ventral_nerve_cord,visceral_circulatory,left,energy homeostasis,TBD,diuresis_stress_tolerance_pain_threshold,"diuresis_stress_tolerance_pain_threshold_Dh44,Lk",abdomen,MNad21,ventral_nerve_cord_neurosecretory_cell,abdomen_neurosecretory_cell,MNad21,abdomen,left,6,EFF_04,#79B2E0,abdomen
-1.248321210838138,2.8715072909076547,720575941479034563,gaba,right_posterior_dorsal_mesothoracic_nerve,ventral_nerve_cord,motor,right,flight-energy-power,03B,wing_power,NA,wing power,DLM1-4,wing_motor_neuron,wing_power_motor_neuron,DLM1-4,wing power,right,4,EFF_08,#3D9D98,wing power
8.247078979515255,0.329600457258973,720575941479077738,serotonin,right_corpus_cardiacum_nerve,central_brain,visceral_circulatory,right,NA,DILP__prim,energy_metabolism_food_intake,"energy_metabolism_food_intake_dARC1,Ilp2,Ilp3,Ilp5",retrocerebral complex,m_NSC_DILP,pars_intercerebralis_neurosecretory_cell,retrocerebral_complex_neurosecretory_cell,m_NSC_DILP,retrocerebral complex,right,6,EFF_04,#79B2E0,retrocerebral complex
6.2527547722093475,-0.8300721606533195,720575941479099969,gaba,abdominal_nerve_trunk,ventral_nerve_cord,motor,right,thoracic-abdominal,TBD,unknown,NA,unknown thoracic abdominal,ENXXX226,thoracic_abdominal_segmental_motor_neuron,NA,ENXXX226,unknown thoracic abdominal,right,11,EFF_06,#55B151,NA
5.475351655983151,2.272130612440858,720575941479258563,gaba,abdominal_nerve_trunk,ventral_nerve_cord,motor,right,abdomen-egg-laying,TBD,unknown,NA,abdomen,720575941479258563,abdomen_motor_neuron,NA,NA,abdomen,right,10,EFF_03,#9FB555,abdomen
1.647071832918347,1.2408040800769662,720575941479276227,gaba,left_fourth_abdominal_nerve,ventral_nerve_cord,motor,left,abdomen motor 1,TBD,unknown,NA,abdomen,MNad16,abdomen_motor_neuron,NA,MNad16,abdomen,left,5,EFF_07,#B56FCC,abdomen
-7.443730747199832,0.4385364094455575,720575941479472258,gaba,left_prothoracic_leg_nerve,ventral_nerve_cord,motor,left,front leg,15B,leg_motor,leg_motor_flex_femur_tibia_joint,front leg,accessory_tibia_flexor_B,leg_motor_neuron,front_leg_motor_neuron,accessory_tibia_flexor_B,front leg,left,8,EFF_14,#41A4D5,front leg
-2.007944261527835,2.4761382380206918,720575941479658831,gaba,right_anterior_dorsal_mesothoracic_nerve,ventral_nerve_cord,motor,right,flight-steering,16B,wing_steering,wing_steering_phasic_wing_steering,wing steering,iv2,wing_motor_neuron,wing_steering_motor_neuron,iv2,wing steering,right,4,EFF_08,#3D9D98,wing steering
-6.3221305961378205,3.161011818953309,720575941479728291,gaba,left_metathoracic_leg_nerve,ventral_nerve_cord,motor,left,middle-hind leg,TBD,leg_motor,leg_motor_extend_tibia_tarsus_joint,hind leg,tarsus_depressor_A,leg_motor_neuron,hind_leg_motor_neuron,tarsus_depressor_A,hind leg,left,1,EFF_13,#CF603E,hind leg
-2.656872188545047,-3.2204296550075675,720575941479987619,gaba,right_mesothoracic_leg_nerve,ventral_nerve_cord,motor,right,middle-hind leg,15B,leg_motor,leg_motor_pull_long_tendon,middle leg,long_tendon_muscle_B_femur,leg_motor_neuron,middle_leg_motor_neuron,long_tendon_muscle_B_femur,middle leg,right,2,EFF_10,#695B52,middle leg
-2.9140915031202423,-2.5467307528774406,720575941480138976,gaba,right_mesothoracic_leg_nerve,ventral_nerve_cord,motor,right,middle-hind leg,19A,leg_motor,leg_motor_move_coxa_anterior,middle leg,sternal_anterior_rotator_MesoLN_ventral_2,leg_motor_neuron,middle_leg_motor_neuron,sternal_anterior_rotator_MesoLN_ventral_2,middle leg,right,2,EFF_10,#695B52,middle leg
6.196115100883664,0.028951887198243043,720575941480476358,octopamine,abdominal_nerve_trunk,ventral_nerve_cord,visceral_circulatory,left,abdomen-ovulation,00B,unknown,NA,abdomen,EN00B026,ventral_nerve_cord_neurosecretory_cell,abdomen_neurosecretory_cell,EN00B026,abdomen,left,3,EFF_05,#9C9286,abdomen
-6.4116081352003205,3.8919140139301156,720575941480482755,glutamate,left_metathoracic_leg_nerve,ventral_nerve_cord,motor,left,middle-hind leg,15B,leg_motor,leg_motor_extend_tibia_tarsus_joint,hind leg,tarsus_depressor_B,leg_motor_neuron,hind_leg_motor_neuron,tarsus_depressor_B,hind leg,left,1,EFF_13,#CF603E,hind leg
8.638869846367061,-2.306088860921111,720575941480581856,serotonin,left_pharyngeal_nerve_or_accessory_pharyngeal_nerve,central_brain,motor,left,proboscis-antenna,putative_primary,proboscis_motor,proboscis_motor_pharyngeal_pumping,proboscis,MN5,proboscis_motor_neuron,NA,MN5,proboscis,left,14,EFF_02,#EF9334,proboscis
-2.8819803352125275,-2.8100316485683585,720575941481071802,acetylcholine,right_mesothoracic_leg_nerve,ventral_nerve_cord,motor,right,middle-hind leg,TBD,leg_motor,leg_motor_flex_tibia_tarsus_joint,middle leg,tarsus_levator_D,leg_motor_neuron,middle_leg_motor_neuron,tarsus_levator_D,middle leg,right,2,EFF_10,#695B52,middle leg
-7.851304447151004,0.360576871939454,720575941481179066,gaba,left_prothoracic_leg_nerve,ventral_nerve_cord,motor,left,front leg,15B,leg_motor,leg_motor_flex_femur_tibia_joint,front leg,tibia_flexor_Fast,leg_motor_neuron,front_leg_motor_neuron,tibia_flexor_Fast,front leg,left,8,EFF_14,#41A4D5,front leg
2.6143487935296905,1.3631376066882943,720575941481381795,dopamine,"left_fourth_abdominal_nerve, right_fourth_abdominal_nerve",ventral_nerve_cord,visceral_circulatory,right,abdomen motor 1,00B,unknown,NA,abdomen,EN00B026,ventral_nerve_cord_neurosecretory_cell,abdomen_neurosecretory_cell,EN00B026,abdomen,right,5,EFF_07,#B56FCC,abdomen
1.8060457651845823,1.2205063143451547,720575941481425026,octopamine,abdominal_nerve_trunk,ventral_nerve_cord,motor,right,abdomen motor 1,TBD,unknown,NA,abdomen,MNad02,abdomen_motor_neuron,NA,MNad02,abdomen,right,5,EFF_07,#B56FCC,abdomen
7.83881624987048,0.16791105658606043,720575941481549903,dopamine,right_corpus_cardiacum_nerve,central_brain,visceral_circulatory,right,energy homeostasis,NA,unknown,NA,retrocerebral complex,l_NSC_unknown,pars_lateralis_neurosecretory_cell,retrocerebral_complex_neurosecretory_cell,l_NSC_unknown,retrocerebral complex,right,6,EFF_04,#79B2E0,retrocerebral complex
-5.553413307166873,4.212089661665711,720575941481583814,gaba,left_mesothoracic_leg_nerve,ventral_nerve_cord,motor,left,middle-hind leg,24B.25B,leg_motor,leg_motor_flex_coxa_trochanter_joint,middle leg,accessory_trochanter_flexor,leg_motor_neuron,middle_leg_motor_neuron,accessory_trochanter_flexor,middle leg,left,1,EFF_13,#CF603E,middle leg
-1.7329694385297885,-2.8146597108165885,720575941481621501,acetylcholine,right_metathoracic_leg_nerve,ventral_nerve_cord,motor,right,middle-hind leg,20B.21B.22B,leg_motor,leg_motor_move_coxa_posterior,hind leg,sternal_posterior_rotator_dorsomedial_ribbon,leg_motor_neuron,hind_leg_motor_neuron,sternal_posterior_rotator_dorsomedial_ribbon,hind leg,right,2,EFF_10,#695B52,hind leg
-6.677426731086551,3.85273087412909,720575941481634383,acetylcholine,left_metathoracic_leg_nerve,ventral_nerve_cord,motor,left,middle-hind leg,19A,leg_motor,leg_motor_extend_coxa_trochanter_joint,hind leg,sternotrochanter_extensor_ventrolateral_ribbon,leg_motor_neuron,hind_leg_motor_neuron,sternotrochanter_extensor_ventrolateral_ribbon,hind leg,left,1,EFF_13,#CF603E,hind leg
8.123702133201778,0.034444097586426636,720575941481804879,gaba,right_corpus_cardiacum_nerve,central_brain,visceral_circulatory,left,NA,DILP__prim,diuresis_food_intake_energy_metabolism_post_mating_responses,diuresis_food_intake_energy_metabolism_post_mating_responses_Dh44,digestive tract,m_NSC_DH44,pars_intercerebralis_neurosecretory_cell,digestive_tract_neurosecretory_cell,m_NSC_DH44,digestive tract,right,6,EFF_04,#79B2E0,digestive tract
6.8288303261033905,0.38136160761908044,720575941482782659,peptide,abdominal_nerve_trunk,ventral_nerve_cord,visceral_circulatory,right,abdomen-ovulation,TBD,diuresis_stress_tolerance_pain_threshold,"diuresis_stress_tolerance_pain_threshold_Dh44,Lk",abdomen,MNad13,ventral_nerve_cord_neurosecretory_cell,abdomen_neurosecretory_cell,MNad13,abdomen,right,3,EFF_05,#9C9286,abdomen
-6.361520206428348,3.8813716211994027,720575941482859718,gaba,left_metathoracic_leg_nerve,ventral_nerve_cord,motor,left,middle-hind leg,15B,leg_motor,leg_motor_extend_tibia_tarsus_joint,hind leg,tarsus_depressor_B,leg_motor_neuron,hind_leg_motor_neuron,tarsus_depressor_B,hind leg,left,1,EFF_13,#CF603E,hind leg
7.25065764238757,0.9446271696765756,720575941483327485,gaba,abdominal_nerve_trunk,ventral_nerve_cord,motor,left,abdomen-ureter,TBD,unknown,NA,abdomen,MNad09,abdomen_motor_neuron,NA,MNad09,abdomen,left,3,EFF_05,#9C9286,abdomen
2.1041409169666183,1.5278476515491342,720575941483452346,acetylcholine,abdominal_nerve_trunk,ventral_nerve_cord,motor,right,abdomen motor 1,TBD,unknown,NA,abdomen,MNad16,abdomen_motor_neuron,NA,MNad16,abdomen,right,5,EFF_07,#B56FCC,abdomen
-7.837433254218875,0.14128315836981287,720575941483515389,gaba,left_prothoracic_leg_nerve,ventral_nerve_cord,motor,left,front leg,19A,leg_motor,leg_motor_extend_coxa_trochanter_joint,front leg,trochanter_extensor_LinJ,leg_motor_neuron,front_leg_motor_neuron,trochanter_extensor_LinJ,front leg,left,8,EFF_14,#41A4D5,front leg
-6.1460231895216095,4.141038540907655,720575941483728326,gaba,left_mesothoracic_leg_nerve,ventral_nerve_cord,motor,left,flight-energy-power,24B.25B,leg_motor,leg_motor_unknown_leg_movement,middle leg,femur_reductor,leg_motor_neuron,middle_leg_motor_neuron,femur_reductor,middle leg,left,1,EFF_13,#CF603E,middle leg
-6.201977169013797,3.203884247847352,720575941483752077,gaba,NA,ventral_nerve_cord,motor,left,NA,08A,unknown,NA,NA,long_tendon_muscle_A,NA,NA,long_tendon_muscle_A,NA,left,1,EFF_13,#CF603E,NA
-1.8038658256300082,2.6170023718555306,720575941483845954,gaba,left_anterior_dorsal_mesothoracic_nerve,ventral_nerve_cord,motor,left,flight-steering,16B,wing_steering,wing_steering_phasic_wing_steering,wing steering,iv3,wing_motor_neuron,wing_steering_motor_neuron,iv3,wing steering,left,4,EFF_08,#3D9D98,wing steering
-1.2839192504652133,2.3745304384906625,720575941483849869,gaba,right_first_abdominal_nerve,ventral_nerve_cord,motor,right,flight-steering,08A,haltere_motor,NA,haltere,haltere_motor_neuron_unknown,haltere_motor_neuron,NA,haltere_motor_neuron_unknown,haltere,right,4,EFF_08,#3D9D98,haltere
8.492620552086056,-0.5008304676334525,720575941483932045,acetylcholine,right_pharyngeal_nerve_or_accessory_pharyngeal_nerve,central_brain,motor,right,ingestion-digestion,putative_primary,crop_motor,crop_motor_crop_entry,crop,CEM,crop_motor_neuron,NA,CEM,crop,right,6,EFF_04,#79B2E0,crop
8.3621154670946,-1.150397624663558,720575941484004550,serotonin,right_pharyngeal_nerve,central_brain,motor,right,NA,putative_primary,pharynx_motor,NA,pharynx,MNx05,pharynx_motor_neuron,NA,MNx05,pharynx,right,6,EFF_04,#79B2E0,pharynx
8.481369579338253,0.314158562727723,720575941484353277,peptide,right_corpus_cardiacum_nerve,central_brain,visceral_circulatory,left,energy homeostasis,DILP__prim,energy_metabolism_food_intake,"energy_metabolism_food_intake_dARC1,Ilp2,Ilp3,Ilp5",retrocerebral complex,m_NSC_DILP,pars_intercerebralis_neurosecretory_cell,retrocerebral_complex_neurosecretory_cell,m_NSC_DILP,retrocerebral complex,right,6,EFF_04,#79B2E0,retrocerebral complex
8.53418978502673,0.21178627402380457,720575941484554237,peptide,left_corpus_cardiacum_nerve,central_brain,visceral_circulatory,right,energy homeostasis,DILP__prim,energy_metabolism_food_intake,"energy_metabolism_food_intake_dARC1,Ilp2,Ilp3,Ilp5",retrocerebral complex,m_NSC_DILP,pars_intercerebralis_neurosecretory_cell,retrocerebral_complex_neurosecretory_cell,m_NSC_DILP,retrocerebral complex,left,6,EFF_04,#79B2E0,retrocerebral complex
-6.392036830879031,3.416420106001649,720575941484865346,gaba,left_metathoracic_leg_nerve,ventral_nerve_cord,motor,left,middle-hind leg,15B,leg_motor,leg_motor_flex_femur_tibia_joint,hind leg,accessory_tibia_flexor_B,leg_motor_neuron,hind_leg_motor_neuron,accessory_tibia_flexor_B,hind leg,left,1,EFF_13,#CF603E,hind leg
9.060437763237179,-3.2814419230739738,720575941484914498,gaba,left_maxillary-labial_nerve,central_brain,motor,left,proboscis-antenna,putative_primary,proboscis_motor,proboscis_motor_proboscis_positioning,proboscis,MN2Da,proboscis_motor_neuron,NA,MN2Da,proboscis,left,12,EFF_01,#7E378C,proboscis
-2.71740761945325,-3.1975094041149283,720575941485233616,gaba,right_mesothoracic_leg_nerve,ventral_nerve_cord,motor,right,middle-hind leg,15B,leg_motor,leg_motor_extend_tibia_tarsus_joint,middle leg,tarsus_depressor_B,leg_motor_neuron,middle_leg_motor_neuron,tarsus_depressor_B,middle leg,right,2,EFF_10,#695B52,middle leg
2.1781555210582626,1.4646278658588265,720575941485371458,gaba,left_fourth_abdominal_nerve,ventral_nerve_cord,motor,right,abdomen motor 1,TBD,unknown,NA,abdomen,MNad06,abdomen_motor_neuron,NA,MNad06,abdomen,left,5,EFF_07,#B56FCC,abdomen
-7.478381549812137,-0.06373524277612219,720575941486064962,acetylcholine,left_prothoracic_leg_nerve,ventral_nerve_cord,motor,left,front leg,24B.25B,leg_motor,leg_motor_unknown_leg_movement,front leg,femur_reductor,leg_motor_neuron,front_leg_motor_neuron,femur_reductor,front leg,left,8,EFF_14,#41A4D5,front leg
-2.5260023231275666,2.2271255293567513,720575941486464066,glutamate,left_first_abdominal_nerve,ventral_nerve_cord,motor,left,flight-steering,16B,haltere_steering,NA,haltere steering,MNhm03,haltere_motor_neuron,haltere_steering_neuron,MNhm03,haltere steering,left,4,EFF_08,#3D9D98,haltere steering
-1.9589592571027865,-3.114036436967101,720575941486583046,acetylcholine,right_metathoracic_leg_nerve,ventral_nerve_cord,motor,right,middle-hind leg,15B,leg_motor,leg_motor_pull_long_tendon,hind leg,long_tendon_muscle_B,leg_motor_neuron,hind_leg_motor_neuron,long_tendon_muscle_B,hind leg,right,2,EFF_10,#695B52,hind leg
-0.9043912048109164,2.9652425089557504,720575941487139138,gaba,right_posterior_dorsal_mesothoracic_nerve,ventral_nerve_cord,motor,right,flight-energy-power,03B,wing_power,NA,wing power,DVM3a-b,wing_motor_neuron,wing_power_motor_neuron,DVM3a-b,wing power,right,4,EFF_08,#3D9D98,wing power
-6.34937897870618,3.1672407427509164,720575941487732432,gaba,left_metathoracic_leg_nerve,ventral_nerve_cord,motor,left,middle-hind leg,19A,leg_motor,leg_motor_flex_femur_tibia_joint,hind leg,accessory_tibia_flexor_B,leg_motor_neuron,hind_leg_motor_neuron,accessory_tibia_flexor_B,hind leg,left,1,EFF_13,#CF603E,hind leg
-6.538590824104129,3.3470503130634164,720575941487752144,gaba,left_metathoracic_leg_nerve,ventral_nerve_cord,motor,left,middle-hind leg,19A,leg_motor,leg_motor_flex_femur_tibia_joint,hind leg,tibia_flexor,leg_motor_neuron,hind_leg_motor_neuron,tibia_flexor,hind leg,left,1,EFF_13,#CF603E,hind leg
-1.6411224956281771,-1.8323018512050773,720575941487818293,octopamine,left_second_abdominal_nerve,ventral_nerve_cord,motor,right,middle-hind leg,19A,unknown,NA,abdomen,MNad02,abdomen_motor_neuron,NA,MNad02,abdomen,left,2,EFF_10,#695B52,abdomen
1.397210443519772,1.342718009062562,720575941487929909,glutamate,right_fourth_abdominal_nerve,ventral_nerve_cord,motor,right,abdomen motor 1,TBD,unknown,NA,abdomen,MNad02,abdomen_motor_neuron,NA,MNad02,abdomen,right,5,EFF_07,#B56FCC,abdomen
-3.618931209541141,-4.669061060837951,720575941488203209,gaba,right_prothoracic_leg_nerve,ventral_nerve_cord,motor,right,front leg,15B,leg_motor,leg_motor_pull_long_tendon,front leg,long_tendon_muscle_B,leg_motor_neuron,front_leg_motor_neuron,long_tendon_muscle_B,front leg,right,7,EFF_11,#E92F2F,front leg
-7.819004451728641,0.30823779494360437,720575941488205769,acetylcholine,left_prothoracic_leg_nerve,ventral_nerve_cord,motor,left,front leg,15B,leg_motor,leg_motor_flex_femur_tibia_joint,front leg,tibia_flexor,leg_motor_neuron,front_leg_motor_neuron,tibia_flexor,front leg,left,8,EFF_14,#41A4D5,front leg
4.932207191490353,2.305707100935731,720575941488244169,gaba,abdominal_nerve_trunk,ventral_nerve_cord,motor,left,abdomen-egg-laying,TBD,unknown,NA,abdomen,MNad09,abdomen_motor_neuron,NA,MNad09,abdomen,left,10,EFF_03,#9FB555,abdomen
1.5309281294576536,1.0423373022754525,720575941488266441,gaba,left_fourth_abdominal_nerve,ventral_nerve_cord,motor,left,abdomen motor 1,TBD,unknown,NA,abdomen,MNad01,abdomen_motor_neuron,NA,MNad01,abdomen,left,5,EFF_07,#B56FCC,abdomen
-4.407610809303104,-5.232881422929015,720575941488287797,gaba,right_prothoracic_leg_nerve,ventral_nerve_cord,motor,right,front leg,13A,leg_motor,leg_motor_extend_femur_tibia_joint,front leg,tibia_extensor_FETi,leg_motor_neuron,front_leg_motor_neuron,tibia_extensor_FETi,front leg,right,7,EFF_11,#E92F2F,front leg
6.602500522636594,1.7061010637958383,720575941488585168,octopamine,abdominal_nerve_trunk,ventral_nerve_cord,visceral_circulatory,right,NA,TBD,unknown,NA,ureter,ab-PDF,ventral_nerve_cord_neurosecretory_cell,ureter_neurosecretory_cell,ab-PDF,ureter,right,3,EFF_05,#9C9286,ureter
-2.0715226287611115,-2.1220881900112296,720575941488644300,acetylcholine,right_metathoracic_leg_nerve,ventral_nerve_cord,motor,right,middle-hind leg,08A,leg_motor,leg_motor_extend_coxa_trochanter_joint,hind leg,sternotrochanter_extensor_dorsomedial_ribbon,leg_motor_neuron,hind_leg_motor_neuron,sternotrochanter_extensor_dorsomedial_ribbon,hind leg,right,2,EFF_10,#695B52,hind leg
5.097362840675534,2.457827929564271,720575941488656332,octopamine,abdominal_nerve_trunk,ventral_nerve_cord,motor,left,abdomen-egg-laying,00B,unknown,NA,abdomen,720575941488656332,abdomen_motor_neuron,NA,NA,abdomen,left,10,EFF_03,#9FB555,abdomen
-1.4275149459608187,2.4819129744251107,720575941488989129,acetylcholine,left_first_abdominal_nerve,ventral_nerve_cord,motor,left,flight-steering,08A,haltere_steering,NA,haltere steering,hi1 MN,haltere_motor_neuron,haltere_steering_neuron,hi1 MN,haltere steering,left,4,EFF_08,#3D9D98,haltere steering
-7.460494434333621,0.5551180878360604,720575941489123047,gaba,left_prothoracic_leg_nerve,ventral_nerve_cord,motor,left,front leg,15B,leg_motor,leg_motor_pull_long_tendon,front leg,long_tendon_muscle_B,leg_motor_neuron,front_leg_motor_neuron,long_tendon_muscle_B,front leg,left,8,EFF_14,#41A4D5,front leg
-6.657965099311649,-3.3222060164730216,720575941489125351,gaba,left_dorsal_prothoracic_nerve,ventral_nerve_cord,motor,left,head-eye-antenna,16B,neck_motor,neck_motor_neck_roll,neck motor neck roll,DProN2,neck_motor_neuron,neck_roll_motor_neuron,DProN2,neck motor neck roll,left,9,EFF_12,#F35438,NA
1.9365311080001006,0.8645392695148324,720575941489144039,octopamine,abdominal_nerve_trunk,ventral_nerve_cord,motor,left,abdomen motor 1,06A,unknown,NA,abdomen,MNad58,abdomen_motor_neuron,NA,MNad58,abdomen,left,5,EFF_07,#B56FCC,abdomen
-6.741794979072391,-3.4224849900524283,720575941489332169,gaba,right_dorsal_prothoracic_nerve,ventral_nerve_cord,motor,right,head-eye-antenna,16B,neck_motor,neck_motor_neck_roll,neck motor neck roll,DProN4,neck_motor_neuron,neck_roll_motor_neuron,DProN4,neck motor neck roll,right,9,EFF_12,#F35438,NA
2.2135546748868835,1.5094293394763802,720575941489671625,octopamine,right_fourth_abdominal_nerve,ventral_nerve_cord,motor,left,abdomen motor 1,TBD,unknown,NA,abdomen,MNad06,abdomen_motor_neuron,NA,MNad06,abdomen,right,5,EFF_07,#B56FCC,abdomen
-0.971564208961307,2.4121028223712777,720575941489673420,gaba,left_mesothoracic_accessory_nerve,ventral_nerve_cord,motor,left,flight-energy-power,17A,wing_steering,wing_steering_phasic_wing_steering,wing steering,iii1,wing_motor_neuron,wing_steering_motor_neuron,iii1,wing steering,left,4,EFF_08,#3D9D98,wing steering
-1.8685654754407992,-2.9236315449993278,720575941489684937,gaba,right_metathoracic_leg_nerve,ventral_nerve_cord,motor,right,middle-hind leg,15B,leg_motor,leg_motor_pull_long_tendon,hind leg,long_tendon_muscle_A,leg_motor_neuron,hind_leg_motor_neuron,long_tendon_muscle_A,hind leg,right,2,EFF_10,#695B52,hind leg
1.6675101166002164,1.216797951765809,720575941490091470,histamine,right_fourth_abdominal_nerve,ventral_nerve_cord,motor,right,abdomen motor 1,TBD,unknown,NA,abdomen,MNad56,abdomen_motor_neuron,NA,MNad56,abdomen,right,5,EFF_07,#B56FCC,abdomen
5.089129293464841,2.4376434126575326,720575941490096334,octopamine,abdominal_nerve_trunk,ventral_nerve_cord,visceral_circulatory,right,abdomen-egg-laying,00B,unknown,NA,abdomen,EN00B003,ventral_nerve_cord_neurosecretory_cell,abdomen_neurosecretory_cell,EN00B003,abdomen,right,10,EFF_03,#9FB555,abdomen
8.747418487571895,0.0457296410281991,720575941490203081,serotonin,left_corpus_cardiacum_nerve,central_brain,visceral_circulatory,left,energy homeostasis,putative_primary,diuresis_gut_motility_hormone_regulation,diuresis_gut_motility_hormone_regulation_Dh31,corpus allatum,l_NSC_DH31,pars_lateralis_neurosecretory_cell,corpus_allatum_neurosecretory_cell,l_NSC_DH31,corpus allatum,left,6,EFF_04,#79B2E0,corpus allatum
5.154677713417233,1.7499600687702035,720575941490687689,acetylcholine,abdominal_nerve_trunk,ventral_nerve_cord,motor,left,abdomen-egg-laying,06A,unknown,NA,abdomen,MNad11,abdomen_motor_neuron,NA,MNad11,abdomen,left,10,EFF_03,#9FB555,abdomen
8.838010395073116,-0.03997432797357092,720575941491151310,peptide,right_corpus_cardiacum_nerve,central_brain,visceral_circulatory,right,energy homeostasis,putative_primary,diuresis_gut_motility_hormone_regulation,diuresis_gut_motility_hormone_regulation_Dh31,corpus allatum,l_NSC_DH31,pars_lateralis_neurosecretory_cell,corpus_allatum_neurosecretory_cell,l_NSC_DH31,corpus allatum,right,6,EFF_04,#79B2E0,corpus allatum
-6.385821735359012,3.6250158587177133,720575941491272393,gaba,left_metathoracic_leg_nerve,ventral_nerve_cord,motor,left,middle-hind leg,TBD,leg_motor,leg_motor_flex_coxa_trochanter_joint,hind leg,trochanter_flexor_ventrolateral_ribbon,leg_motor_neuron,hind_leg_motor_neuron,trochanter_flexor_ventrolateral_ribbon,hind leg,left,1,EFF_13,#CF603E,hind leg
-2.729804908729373,-2.4364190062801505,720575941491293415,gaba,right_mesothoracic_leg_nerve,ventral_nerve_cord,motor,right,middle-hind leg,20B.21B.22B,leg_motor,leg_motor_move_coxa_posterior,middle leg,sternal_posterior_rotator_MesoLN_dorsal_5,leg_motor_neuron,middle_leg_motor_neuron,sternal_posterior_rotator_MesoLN_dorsal_5,middle leg,right,2,EFF_10,#695B52,middle leg
-5.589409267402469,3.692707661696229,720575941491494606,acetylcholine,left_mesothoracic_leg_nerve,ventral_nerve_cord,motor,left,middle-hind leg,15B,leg_motor,leg_motor_pull_long_tendon,middle leg,long_tendon_muscle_A_dipalpha,leg_motor_neuron,middle_leg_motor_neuron,long_tendon_muscle_A_dipalpha,middle leg,left,1,EFF_13,#CF603E,middle leg
6.969099128746213,1.3740559855182504,720575941491553333,octopamine,abdominal_nerve_trunk,ventral_nerve_cord,motor,right,abdomen-ureter,TBD,unknown,NA,abdomen,MNad09,abdomen_motor_neuron,NA,MNad09,abdomen,right,3,EFF_05,#9C9286,abdomen
7.924325550102414,-0.09430336563989172,720575941491728078,peptide,right_corpus_cardiacum_nerve,central_brain,visceral_circulatory,left,energy homeostasis,primary,anti_diuresis_stress_tolerance,"anti_diuresis_stress_tolerance_Capa,Ms",retrocerebral complex,SEZ_NSC_CAPA,subesophageal_zone_neurosecretory_cell,retrocerebral_complex_neurosecretory_cell,SEZ_NSC_CAPA,retrocerebral complex,right,6,EFF_04,#79B2E0,retrocerebral complex
7.164849365257443,1.230152968474183,720575941491765454,octopamine,abdominal_nerve_trunk,ventral_nerve_cord,motor,left,NA,TBD,unknown,NA,abdomen,MNad09,abdomen_motor_neuron,NA,MNad09,abdomen,left,3,EFF_05,#9C9286,abdomen
-6.421520626045047,-3.20119762032434,720575941492017790,acetylcholine,left_cervical_nerve,central_brain,motor,left,head-eye-antenna,putative_primary,neck_motor,neck_motor_neck_yaw,neck motor neck yaw,"CvN1,CvN2",neck_motor_neuron,neck_yaw_motor_neuron,"CvN1,CvN2",neck motor neck yaw,left,9,EFF_12,#F35438,NA
8.321148479484737,-0.4078490695278312,720575941492158414,serotonin,left_pharyngeal_nerve,central_brain,motor,left,NA,putative_primary,pharynx_motor,NA,pharynx,MNx05,pharynx_motor_neuron,NA,MNx05,pharynx,left,6,EFF_04,#79B2E0,pharynx
-6.084592258430301,3.9724618235309457,720575941492266110,glutamate,left_dorsal_metathoracic_nerve,ventral_nerve_cord,motor,left,middle-hind leg,21A,unknown,NA,unknown,MNxm02,unknown_motor_neuron,NA,MNxm02,unknown,left,1,EFF_13,#CF603E,NA
-6.60778847882825,-3.324190374306884,720575941492452222,acetylcholine,left_dorsal_prothoracic_nerve,ventral_nerve_cord,motor,left,head-eye-antenna,16B,neck_motor,neck_motor_neck_roll,neck motor neck roll,DProN4,neck_motor_neuron,neck_roll_motor_neuron,DProN4,neck motor neck roll,left,9,EFF_12,#F35438,NA
1.95155127266121,0.9805854597766732,720575941492529278,gaba,left_second_abdominal_nerve,ventral_nerve_cord,motor,left,abdomen motor 1,TBD,unknown,NA,abdomen,MNad30,abdomen_motor_neuron,NA,MNad30,abdomen,left,5,EFF_07,#B56FCC,abdomen
-6.518808757758914,3.304312829085145,720575941493231536,acetylcholine,left_metathoracic_leg_nerve,ventral_nerve_cord,motor,left,middle-hind leg,TBD,leg_motor,leg_motor_extend_femur_tibia_joint,hind leg,tibia_extensor_SETi,leg_motor_neuron,hind_leg_motor_neuron,tibia_extensor_SETi,hind leg,left,1,EFF_13,#CF603E,hind leg
-6.429744159675418,-3.2942933997432853,720575941493508551,gaba,left_dorsal_prothoracic_nerve,ventral_nerve_cord,motor,left,head-eye-antenna,16B,neck_motor,NA,neck,DProN8,neck_motor_neuron,NA,DProN8,neck,left,9,EFF_12,#F35438,neck
6.665536487602414,0.3614901343067025,720575941493956734,peptide,abdominal_nerve_trunk,ventral_nerve_cord,visceral_circulatory,right,abdomen-ovulation,TBD,diuresis_stress_tolerance_pain_threshold,"diuresis_stress_tolerance_pain_threshold_Dh44,Lk",abdomen,MNad13,ventral_nerve_cord_neurosecretory_cell,abdomen_neurosecretory_cell,MNad13,abdomen,right,3,EFF_05,#9C9286,abdomen
6.201369369529904,0.9306594172199105,720575941494055038,octopamine,abdominal_nerve_trunk,ventral_nerve_cord,motor,right,abdomen-ovulation,TBD,unknown,NA,abdomen,MNad17,abdomen_motor_neuron,NA,MNad17,abdomen,right,3,EFF_05,#9C9286,abdomen
-3.76380768964368,-5.095408316544738,720575941494146176,gaba,right_prothoracic_leg_nerve,ventral_nerve_cord,motor,right,front leg,15B,leg_motor,leg_motor_flex_femur_tibia_joint,front leg,accessory_tibia_flexor_B,leg_motor_neuron,front_leg_motor_neuron,accessory_tibia_flexor_B,front leg,right,7,EFF_11,#E92F2F,front leg
-7.694809352851688,-0.2085442504207755,720575941494164864,acetylcholine,left_prothoracic_accessory_nerve,ventral_nerve_cord,motor,left,front leg,21A,leg_motor,leg_motor_move_coxa_posterior_lateral,front leg,pleural_remotor_and_abductor,leg_motor_neuron,front_leg_motor_neuron,pleural_remotor_and_abductor,front leg,left,8,EFF_14,#41A4D5,front leg
9.014352405571163,-3.2034568747799064,720575941494208128,acetylcholine,right_maxillary-labial_nerve,central_brain,motor,right,proboscis-antenna,putative_primary,proboscis_motor,proboscis_motor_proboscis_positioning,proboscis,MN4a,proboscis_motor_neuron,NA,MN4a,proboscis,right,12,EFF_01,#7E378C,proboscis
-6.45628873059827,4.036155823775086,720575941494740094,acetylcholine,left_metathoracic_leg_nerve,ventral_nerve_cord,motor,left,middle-hind leg,TBD,leg_motor,leg_motor_move_coxa_anterior,hind leg,sternal_anterior_rotator_ventrolateral_ribbon,leg_motor_neuron,hind_leg_motor_neuron,sternal_anterior_rotator_ventrolateral_ribbon,hind leg,left,1,EFF_13,#CF603E,hind leg
-6.14855996320325,4.327567223616395,720575941494963582,acetylcholine,left_mesothoracic_leg_nerve,ventral_nerve_cord,motor,left,middle-hind leg,19A,leg_motor,leg_motor_unknown_leg_movement,middle leg,femur_reductor,leg_motor_neuron,middle_leg_motor_neuron,femur_reductor,middle leg,left,1,EFF_13,#CF603E,middle leg
5.079103553795041,2.3076149264057015,720575941495589499,octopamine,abdominal_nerve_trunk,ventral_nerve_cord,motor,left,abdomen-egg-laying,TBD,unknown,NA,abdomen,CMU-like,abdomen_motor_neuron,NA,CMU-like,abdomen,left,10,EFF_03,#9FB555,abdomen
6.145883167289914,-0.8694269022266532,720575941495645819,serotonin,left_dorsal_metathoracic_nerve,ventral_nerve_cord,motor,left,thoracic-abdominal,putative_primary,unknown,NA,unknown thoracic abdominal,ENXXX226,unknown_thoracic_abdominal_motor_neuron,NA,ENXXX226,unknown thoracic abdominal,left,11,EFF_06,#55B151,NA
-0.6438659782178988,2.0113107004840707,720575941495677383,acetylcholine,NA,ventral_nerve_cord,visceral_circulatory,left,flight-energy-power,27X,unknown,NA,wing,EN27X010,ventral_nerve_cord_neurosecretory_cell,wing_neurosecretory_cell,EN27X010,wing,left,13,EFF_09,#FAC240,wing
-6.533442890144168,-3.398198958329406,720575941495864905,gaba,right_cervical_nerve,central_brain,motor,left,head-eye-antenna,putative_primary,neck_motor,neck_motor_neck_pitch,neck motor neck pitch,CvN7,neck_motor_neuron,neck_pitch_motor_neuron,CvN7,neck motor neck pitch,right,9,EFF_12,#F35438,NA
5.875872934364499,0.7841247358997201,720575941495969479,octopamine,abdominal_nerve_trunk,ventral_nerve_cord,motor,right,abdomen-ovulation,TBD,unknown,NA,abdomen,MNad55,abdomen_motor_neuron,NA,MNad55,abdomen,right,3,EFF_05,#9C9286,abdomen
-3.894017135597049,-5.108915921143737,720575941496126793,gaba,right_prothoracic_leg_nerve,ventral_nerve_cord,motor,right,front leg,15B,leg_motor,leg_motor_extend_tibia_tarsus_joint,front leg,tarsus_depressor_B,leg_motor_neuron,front_leg_motor_neuron,tarsus_depressor_B,front leg,right,7,EFF_11,#E92F2F,front leg
-1.684722339607059,-2.6653828582088614,720575941496149473,acetylcholine,right_metathoracic_leg_nerve,ventral_nerve_cord,motor,right,middle-hind leg,15B,leg_motor,leg_motor_flex_femur_tibia_joint,hind leg,accessory_tibia_flexor_B,leg_motor_neuron,hind_leg_motor_neuron,accessory_tibia_flexor_B,hind leg,right,2,EFF_10,#695B52,hind leg
-5.949901973701297,3.1980563440997933,720575941496173947,gaba,left_metathoracic_leg_nerve,ventral_nerve_cord,motor,left,middle-hind leg,19A,leg_motor,leg_motor_pull_long_tendon,hind leg,long_tendon_muscle_ltm_B,leg_motor_neuron,hind_leg_motor_neuron,long_tendon_muscle_ltm_B,hind leg,left,1,EFF_13,#CF603E,hind leg
1.9540686869404922,1.2149995604236459,720575941496963657,gaba,abdominal_nerve_trunk,ventral_nerve_cord,motor,left,abdomen motor 1,06A,unknown,NA,abdomen,MNad01,abdomen_motor_neuron,NA,MNad01,abdomen,left,5,EFF_07,#B56FCC,abdomen
-6.390400325752078,3.5377289095599984,720575941497037218,gaba,left_metathoracic_leg_nerve,ventral_nerve_cord,motor,left,middle-hind leg,08A,leg_motor,leg_motor_flex_coxa_trochanter_joint,hind leg,accessory_trochanter_flexor,leg_motor_neuron,hind_leg_motor_neuron,accessory_trochanter_flexor,hind leg,left,1,EFF_13,#CF603E,hind leg
7.5258332138292205,0.09149551779821863,720575941497427072,glutamate,left_corpus_cardiacum_nerve,central_brain,visceral_circulatory,left,energy homeostasis,putative_primary,cardiostimulation_energy_metabolism_stress_tolerance_hormone_regulation,"cardiostimulation_energy_metabolism_stress_tolerance_hormone_regulation_Crz,sNPF",retrocerebral complex,l_NSC_CRZ,pars_lateralis_neurosecretory_cell,retrocerebral_complex_neurosecretory_cell,l_NSC_CRZ,retrocerebral complex,left,6,EFF_04,#79B2E0,retrocerebral complex
-7.849710857368289,0.17536092192724695,720575941497568199,gaba,left_prothoracic_leg_nerve,ventral_nerve_cord,motor,left,front leg,15B,leg_motor,leg_motor_flex_femur_tibia_joint,front leg,tibia_flexor,leg_motor_neuron,front_leg_motor_neuron,tibia_flexor,front leg,left,8,EFF_14,#41A4D5,front leg
8.461011493705929,-1.8955522140781547,720575941497657799,unknown,right_pharyngeal_nerve,central_brain,motor,right,ingestion-digestion,putative_primary,pharynx_motor,NA,pharynx,MNx01,pharynx_motor_neuron,NA,MNx01,pharynx,right,14,EFF_02,#EF9334,pharynx
-5.691672241187869,4.129076603956971,720575941497863497,gaba,left_mesothoracic_leg_nerve,ventral_nerve_cord,motor,left,middle-hind leg,TBD,leg_motor,leg_motor_extend_femur_tibia_joint,middle leg,tibia_extensor_SETi,leg_motor_neuron,middle_leg_motor_neuron,tibia_extensor_SETi,middle leg,left,1,EFF_13,#CF603E,middle leg
-5.726943408942996,3.934787396498475,720575941497881417,acetylcholine,left_mesothoracic_leg_nerve,ventral_nerve_cord,motor,left,middle-hind leg,15B,leg_motor,leg_motor_flex_femur_tibia_joint,middle leg,tibia_flexor,leg_motor_neuron,middle_leg_motor_neuron,tibia_flexor,middle leg,left,1,EFF_13,#CF603E,middle leg
-1.0939275378950228,2.1235357561786508,720575941498727035,gaba,left_metathoracic_leg_nerve,ventral_nerve_cord,motor,left,flight-energy-power,06A,haltere_motor,NA,haltere,MNhl88,haltere_motor_neuron,NA,MNhl88,haltere,left,4,EFF_08,#3D9D98,haltere
-2.12343207547742,-2.1998103818218375,720575941498748489,acetylcholine,right_metathoracic_leg_nerve,ventral_nerve_cord,motor,right,middle-hind leg,21A,leg_motor,leg_motor_move_coxa_posterior,hind leg,sternal_posterior_rotator_dorsomedial_ribbon,leg_motor_neuron,hind_leg_motor_neuron,sternal_posterior_rotator_dorsomedial_ribbon,hind leg,right,2,EFF_10,#695B52,hind leg
-2.4356068725355255,2.281868104048524,720575941498915401,gaba,left_first_abdominal_nerve,ventral_nerve_cord,motor,left,flight-steering,16B,haltere_steering,NA,haltere steering,MNhm43,haltere_motor_neuron,haltere_steering_neuron,MNhm43,haltere steering,left,4,EFF_08,#3D9D98,haltere steering
6.971330726646603,0.49101436526373377,720575941498946529,octopamine,abdominal_nerve_trunk,ventral_nerve_cord,motor,right,abdomen-ovulation,TBD,unknown,NA,abdomen,MNad17,abdomen_motor_neuron,NA,MNad17,abdomen,right,3,EFF_05,#9C9286,abdomen
-7.751254474616824,0.04820681006506433,720575941498960546,acetylcholine,left_dorsal_prothoracic_nerve,ventral_nerve_cord,motor,left,front leg,08A,leg_motor,leg_motor_move_coxa_anterior,front leg,tergopleural_promotor_pleural_promotor,leg_motor_neuron,front_leg_motor_neuron,tergopleural_promotor_pleural_promotor,front leg,left,8,EFF_14,#41A4D5,front leg
6.767825210594357,1.4516125956256722,720575941499333003,octopamine,abdominal_nerve_trunk,ventral_nerve_cord,motor,right,abdomen-ureter,13B,unknown,NA,abdomen,MNad07,abdomen_motor_neuron,NA,MNad07,abdomen,right,3,EFF_05,#9C9286,abdomen
2.066385114692868,1.5620256701190804,720575941499505803,gaba,abdominal_nerve_trunk,ventral_nerve_cord,motor,left,abdomen motor 1,TBD,unknown,NA,abdomen,MNad08,abdomen_motor_neuron,NA,MNad08,abdomen,left,5,EFF_07,#B56FCC,abdomen
-0.9504140968092074,2.9249779024799203,720575941499558369,octopamine,right_posterior_dorsal_mesothoracic_nerve,ventral_nerve_cord,motor,right,flight-energy-power,03B,wing_power,NA,wing power,DVM3a-b,wing_motor_neuron,wing_power_motor_neuron,DVM3a-b,wing power,right,4,EFF_08,#3D9D98,wing power
-6.288028156257449,3.1612879076679086,720575941499865211,gaba,left_metathoracic_leg_nerve,ventral_nerve_cord,motor,left,middle-hind leg,19A,leg_motor,leg_motor_flex_femur_tibia_joint,hind leg,accessory_tibia_flexor_C,leg_motor_neuron,hind_leg_motor_neuron,accessory_tibia_flexor_C,hind leg,left,1,EFF_13,#CF603E,hind leg
-4.319128906226932,-4.941865321091857,720575941499964555,octopamine,right_prothoracic_accessory_nerve,ventral_nerve_cord,motor,right,front leg,08A,leg_motor,leg_motor_move_coxa_medial,front leg,sternal_adductor_ProAN,leg_motor_neuron,front_leg_motor_neuron,sternal_adductor_ProAN,front leg,right,7,EFF_11,#E92F2F,front leg
-3.035616790748416,-2.7952288350383903,720575941500579913,gaba,right_posterior_dorsal_mesothoracic_nerve,ventral_nerve_cord,motor,right,middle-hind leg,08A,jump_escape,jump_escape_extend_coxa_trochanter_joint,middle leg,tergotrochanter_extensor_TT,leg_motor_neuron,middle_leg_motor_neuron,tergotrochanter_extensor_TT,middle leg,right,2,EFF_10,#695B52,middle leg
-0.9227158183820834,2.4491242209155892,720575941501027819,gaba,left_mesothoracic_accessory_nerve,ventral_nerve_cord,motor,left,flight-energy-power,08A,wing_tension,NA,wing tension,PS2,wing_motor_neuron,wing_tension_motor_neuron,PS2,wing tension,left,4,EFF_08,#3D9D98,wing tension
8.021412456535518,0.37096548468664636,720575941501345163,dopamine,left_corpus_cardiacum_nerve,central_brain,visceral_circulatory,right,energy homeostasis,DILP__prim,unknown,NA,retrocerebral complex,m_NSC_unknown,pars_intercerebralis_neurosecretory_cell,retrocerebral_complex_neurosecretory_cell,m_NSC_unknown,retrocerebral complex,left,6,EFF_04,#79B2E0,retrocerebral complex
8.599978054069698,-2.1639352998058463,720575941501585899,acetylcholine,right_pharyngeal_nerve,central_brain,motor,right,ingestion-digestion,putative_primary,pharynx_motor,pharynx_motor_pharyngeal_pumping,pharynx,MN12D,pharynx_motor_neuron,NA,MN12D,pharynx,right,14,EFF_02,#EF9334,pharynx
1.7924953644506345,1.5809868612964486,720575941501684418,gaba,left_fourth_abdominal_nerve,ventral_nerve_cord,motor,left,abdomen motor 1,TBD,unknown,NA,abdomen,MNad56,abdomen_motor_neuron,NA,MNad56,abdomen,left,5,EFF_07,#B56FCC,abdomen
2.42261626770419,0.9879790583331918,720575941501694402,acetylcholine,abdominal_nerve_trunk,ventral_nerve_cord,motor,left,abdomen motor 1,TBD,unknown,NA,abdomen,MNad14,abdomen_motor_neuron,NA,MNad14,abdomen,left,5,EFF_07,#B56FCC,abdomen
-5.633445655799686,4.132653836317811,720575941501921419,gaba,left_mesothoracic_leg_nerve,ventral_nerve_cord,motor,left,middle-hind leg,15B,leg_motor,leg_motor_flex_femur_tibia_joint,middle leg,tibia_flexor,leg_motor_neuron,middle_leg_motor_neuron,tibia_flexor,middle leg,left,1,EFF_13,#CF603E,middle leg
-3.6967181319959748,-4.775110598496642,720575941501926706,gaba,right_prothoracic_leg_nerve,ventral_nerve_cord,motor,right,front leg,15B,leg_motor,leg_motor_pull_long_tendon,front leg,long_tendon_muscle_B,leg_motor_neuron,front_leg_motor_neuron,long_tendon_muscle_B,front leg,right,7,EFF_11,#E92F2F,front leg
-7.353389179206668,0.3515423575122689,720575941501929010,gaba,left_prothoracic_leg_nerve,ventral_nerve_cord,motor,left,front leg,19A,leg_motor,leg_motor_pull_long_tendon,front leg,long_tendon_muscle_A,leg_motor_neuron,front_leg_motor_neuron,long_tendon_muscle_A,front leg,left,8,EFF_14,#41A4D5,front leg
-2.3698267097242462,-2.2183620890895988,720575941501934423,gaba,right_metathoracic_leg_nerve,ventral_nerve_cord,motor,right,middle-hind leg,19A,leg_motor,leg_motor_unknown_leg_movement,hind leg,femur_reductor,leg_motor_neuron,hind_leg_motor_neuron,femur_reductor,hind leg,right,2,EFF_10,#695B52,hind leg
-6.618997966743289,-3.311111565522399,720575941502691819,gaba,left_dorsal_prothoracic_nerve,ventral_nerve_cord,motor,left,head-eye-antenna,16B,neck_motor,neck_motor_neck_roll,neck motor neck roll,DProN1,neck_motor_neuron,neck_roll_motor_neuron,DProN1,neck motor neck roll,left,9,EFF_12,#F35438,NA
1.4409152512781034,1.3149229326923226,720575941502737899,gaba,left_fourth_abdominal_nerve,ventral_nerve_cord,motor,left,abdomen motor 1,TBD,unknown,NA,abdomen,MNad16,abdomen_motor_neuron,NA,MNad16,abdomen,left,5,EFF_07,#B56FCC,abdomen
-6.194286739326297,3.481958035536561,720575941502759767,gaba,left_metathoracic_leg_nerve,ventral_nerve_cord,motor,left,middle-hind leg,24B.25B,leg_motor,leg_motor_unknown_leg_movement,hind leg,femur_reductor_tiny,leg_motor_neuron,hind_leg_motor_neuron,femur_reductor_tiny,hind leg,left,1,EFF_13,#CF603E,hind leg
-6.559181606269656,3.728711728163514,720575941502849623,gaba,left_metathoracic_leg_nerve,ventral_nerve_cord,motor,left,middle-hind leg,19A,leg_motor,leg_motor_extend_coxa_trochanter_joint,hind leg,trochanter_extensor_LinJ,leg_motor_neuron,hind_leg_motor_neuron,trochanter_extensor_LinJ,hind leg,left,1,EFF_13,#CF603E,hind leg
-1.592925703025638,-2.800168510369506,720575941503128626,gaba,right_metathoracic_leg_nerve,ventral_nerve_cord,motor,right,middle-hind leg,TBD,leg_motor,leg_motor_extend_tibia_tarsus_joint,hind leg,tarsus_depressor_dipalpha_ventralU,leg_motor_neuron,hind_leg_motor_neuron,tarsus_depressor_dipalpha_ventralU,hind leg,right,2,EFF_10,#695B52,hind leg
-1.9463857764967074,-2.131165023736205,720575941503422187,gaba,right_first_abdominal_nerve,ventral_nerve_cord,motor,right,middle-hind leg,19A,leg_motor,leg_motor_move_coxa_medial,hind leg,sternal_adductor_MetaAN,leg_motor_neuron,hind_leg_motor_neuron,sternal_adductor_MetaAN,hind leg,right,2,EFF_10,#695B52,hind leg
5.207830274604977,2.0887447634418344,720575941503444162,gaba,abdominal_nerve_trunk,ventral_nerve_cord,motor,right,abdomen-egg-laying,TBD,unknown,NA,abdomen,CV1030,abdomen_motor_neuron,NA,CV1030,abdomen,right,10,EFF_03,#9FB555,abdomen
7.320786560081662,1.0268296042163705,720575941503503410,octopamine,abdominal_nerve_trunk,ventral_nerve_cord,motor,right,abdomen-ureter,13B,unknown,NA,abdomen,MNad07,abdomen_motor_neuron,NA,MNad07,abdomen,right,3,EFF_05,#9C9286,abdomen
4.945137107872189,2.363502863951478,720575941503531058,acetylcholine,abdominal_nerve_trunk,ventral_nerve_cord,motor,right,abdomen-egg-laying,TBD,unknown,NA,abdomen,MNad53,abdomen_motor_neuron,NA,MNad53,abdomen,right,10,EFF_03,#9FB555,abdomen
8.57205542375964,-2.0353885254184867,720575941503713003,glutamate,right_pharyngeal_nerve,central_brain,motor,left,NA,putative_primary,pharynx_motor,NA,pharynx,MNx01,pharynx_motor_neuron,NA,MNx01,pharynx,right,14,EFF_02,#EF9334,pharynx
-6.703554546333133,-3.4322320184032584,720575941504200613,gaba,left_dorsal_prothoracic_nerve,ventral_nerve_cord,motor,left,head-eye-antenna,16B,neck_motor,neck_motor_neck_roll_pitch,neck motor neck roll pitch,DProN5,neck_motor_neuron,neck_roll_pitch_motor_neuron,DProN5,neck motor neck roll pitch,left,9,EFF_12,#F35438,NA
-4.534840023017703,-5.26420986264154,720575941504396567,gaba,right_ventral_prothoracic_nerve,ventral_nerve_cord,motor,right,front leg,19A,leg_motor,leg_motor_flex_coxa_trochanter_joint,front leg,trochanter_flexor_VProN,leg_motor_neuron,front_leg_motor_neuron,trochanter_flexor_VProN,front leg,right,7,EFF_11,#E92F2F,front leg
8.328013504051388,-1.7282017430584098,720575941504654274,serotonin,right_pharyngeal_nerve,central_brain,motor,right,ingestion-digestion,putative_primary,pharynx_motor,pharynx_motor_pharyngeal_pumping,pharynx,MN10,pharynx_motor_neuron,NA,MN10,pharynx,right,14,EFF_02,#EF9334,pharynx
2.272386605047406,1.2893692293842172,720575941504763842,acetylcholine,left_second_abdominal_nerve,ventral_nerve_cord,motor,left,abdomen motor 1,TBD,unknown,NA,abdomen,MNad30,abdomen_motor_neuron,NA,MNad30,abdomen,left,5,EFF_07,#B56FCC,abdomen
1.940744236239017,0.810411814757142,720575941505101125,acetylcholine,abdominal_nerve_trunk,ventral_nerve_cord,motor,right,abdomen motor 1,TBD,unknown,NA,abdomen,MNad58,abdomen_motor_neuron,NA,MNad58,abdomen,right,5,EFF_07,#B56FCC,abdomen
2.2169651036493194,1.5762332716663217,720575941505102917,octopamine,abdominal_nerve_trunk,ventral_nerve_cord,motor,left,abdomen motor 1,TBD,unknown,NA,abdomen,CV1030,abdomen_motor_neuron,NA,CV1030,abdomen,left,5,EFF_07,#B56FCC,abdomen
-5.63025752255994,3.724554184981141,720575941505496610,gaba,left_mesothoracic_leg_nerve,ventral_nerve_cord,motor,left,middle-hind leg,15B,leg_motor,leg_motor_flex_femur_tibia_joint,middle leg,accessory_tibia_flexor_B,leg_motor_neuron,middle_leg_motor_neuron,accessory_tibia_flexor_B,middle leg,left,1,EFF_13,#CF603E,middle leg
-4.383581077552615,-5.3260358533184196,720575941505568069,acetylcholine,right_prothoracic_accessory_nerve,ventral_nerve_cord,motor,right,front leg,24B.25B,leg_motor,leg_motor_flex_coxa_trochanter_joint,front leg,trochanter_flexor_ProAN,leg_motor_neuron,front_leg_motor_neuron,trochanter_flexor_ProAN,front leg,right,7,EFF_11,#E92F2F,front leg
-2.864571964240848,-2.455330487183776,720575941505580066,gaba,right_mesothoracic_leg_nerve,ventral_nerve_cord,motor,right,middle-hind leg,TBD,leg_motor,leg_motor_unknown_leg_movement,middle leg,femur_reductor,leg_motor_neuron,middle_leg_motor_neuron,femur_reductor,middle leg,right,2,EFF_10,#695B52,middle leg
5.915135705970944,0.6890145579059457,720575941505592354,octopamine,abdominal_nerve_trunk,ventral_nerve_cord,visceral_circulatory,left,abdomen-ovulation,TBD,ovulation,NA,reproductive tract,abd_Dsx_OA,ventral_nerve_cord_neurosecretory_cell,reproductive_tract_neurosecretory_cell,abd_Dsx_OA,reproductive tract,left,3,EFF_05,#9C9286,NA
-7.483821308112918,0.5923587122638558,720575941505660801,gaba,left_prothoracic_leg_nerve,ventral_nerve_cord,motor,left,front leg,19A,leg_motor,leg_motor_pull_long_tendon,front leg,long_tendon_muscle_B,leg_motor_neuron,front_leg_motor_neuron,long_tendon_muscle_B,front leg,left,8,EFF_14,#41A4D5,front leg
-2.5299128646619904,-3.0144678315441276,720575941505891422,gaba,right_mesothoracic_leg_nerve,ventral_nerve_cord,motor,right,middle-hind leg,15B,leg_motor,leg_motor_flex_femur_tibia_joint,middle leg,accessory_tibia_flexor_A,leg_motor_neuron,middle_leg_motor_neuron,accessory_tibia_flexor_A,middle leg,right,2,EFF_10,#695B52,middle leg
-2.6754068488844025,-2.438151713303771,720575941506034049,acetylcholine,right_mesothoracic_leg_nerve,ventral_nerve_cord,motor,right,middle-hind leg,17X,leg_motor,leg_motor_extend_coxa_trochanter_joint,middle leg,sternotrochanter_extensor_MesoLN_dorsal_3,leg_motor_neuron,middle_leg_motor_neuron,sternotrochanter_extensor_MesoLN_dorsal_3,middle leg,right,2,EFF_10,#695B52,middle leg
-7.791024600959598,-0.011337634019103149,720575941506261538,gaba,left_dorsal_prothoracic_nerve,ventral_nerve_cord,motor,left,front leg,24B.25B,leg_motor,leg_motor_move_coxa_anterior,front leg,tergopleural_promotor_pleural_promotor,leg_motor_neuron,front_leg_motor_neuron,tergopleural_promotor_pleural_promotor,front leg,left,8,EFF_14,#41A4D5,front leg
8.741924369835079,0.0352318325717782,720575941506618428,peptide,left_corpus_cardiacum_nerve,central_brain,visceral_circulatory,left,energy homeostasis,putative_primary,diuresis_gut_motility_hormone_regulation,diuresis_gut_motility_hormone_regulation_Dh31,corpus allatum,l_NSC_DH31,pars_lateralis_neurosecretory_cell,corpus_allatum_neurosecretory_cell,l_NSC_DH31,corpus allatum,left,6,EFF_04,#79B2E0,corpus allatum
-7.835796749091922,0.11969232947424402,720575941507031612,gaba,left_ventral_prothoracic_nerve,ventral_nerve_cord,motor,left,front leg,17X,leg_motor,leg_motor_extend_coxa_trochanter_joint,front leg,sternotrochanter_extensor,leg_motor_neuron,front_leg_motor_neuron,sternotrochanter_extensor,front leg,left,8,EFF_14,#41A4D5,front leg
6.004044616722287,-0.8143014869014884,720575941507184478,octopamine,abdominal_nerve_trunk,ventral_nerve_cord,motor,right,thoracic-abdominal,TBD,unknown,NA,unknown thoracic abdominal,ENXXX226,unknown_thoracic_abdominal_motor_neuron,NA,ENXXX226,unknown thoracic abdominal,right,11,EFF_06,#55B151,NA
-2.031784927345096,-3.1108059844295646,720575941507209029,acetylcholine,right_metathoracic_leg_nerve,ventral_nerve_cord,motor,right,middle-hind leg,03B,leg_motor,leg_motor_pull_long_tendon,hind leg,long_tendon_muscle_B,leg_motor_neuron,hind_leg_motor_neuron,long_tendon_muscle_B,hind leg,right,2,EFF_10,#695B52,hind leg
-1.5861069316633334,2.4401990214069222,720575941507526213,peptide,"left_anterior_dorsal_mesothoracic_nerve, right_anterior_dorsal_mesothoracic_nerve, left_dorsal_metathoracic_nerve, right_dorsal_metathoracic_nerve",ventral_nerve_cord,ascending_visceral_circulatory,right,flight-energy-power,07B,unknown,NA,wing,EAXXX079,ventral_nerve_cord_neurosecretory_cell,wing_neurosecretory_cell,EAXXX079,wing,right,4,EFF_08,#3D9D98,wing
6.296192729973019,0.13936806113317957,720575941507700247,glutamate,abdominal_nerve_trunk,ventral_nerve_cord,visceral_circulatory,left,abdomen-ovulation,TBD,diuresis_stress_tolerance_pain_threshold,"diuresis_stress_tolerance_pain_threshold_Dh44,Lk",abdomen,MNad03,ventral_nerve_cord_neurosecretory_cell,abdomen_neurosecretory_cell,MNad03,abdomen,left,3,EFF_05,#9C9286,abdomen
8.50404604723376,-1.9920815190593864,720575941507791745,unknown,right_pharyngeal_nerve,central_brain,motor,right,ingestion-digestion,putative_primary,pharynx_motor,NA,pharynx,MNx01,pharynx_motor_neuron,NA,MNx01,pharynx,right,14,EFF_02,#EF9334,pharynx
-3.777172481513797,-5.0363606175701285,720575941507883649,gaba,right_mesothoracic_leg_nerve,ventral_nerve_cord,motor,right,front leg,24B.25B,leg_motor,leg_motor_unknown_leg_movement,middle leg,femur_reductor_tiny,leg_motor_neuron,middle_leg_motor_neuron,femur_reductor_tiny,middle leg,right,7,EFF_11,#E92F2F,middle leg
0.13020440390032628,1.243399743147645,720575941507894032,histamine,right_second_abdominal_nerve,ventral_nerve_cord,motor,right,abdomen motor 2,03B,unknown,NA,abdomen,MNad36,abdomen_motor_neuron,NA,MNad36,abdomen,right,13,EFF_09,#FAC240,abdomen
8.837254608177364,-3.5045496186535026,720575941508146978,acetylcholine,right_antennal_nerve,central_brain,motor,right,proboscis-antenna,putative_primary,antenna_motor,NA,antenna,CB0750,antenna_motor_neuron,NA,CB0750,antenna,right,12,EFF_01,#7E378C,antenna
-6.424268161750613,-3.1148292979519034,720575941508147234,acetylcholine,right_ventral_cervical_nerve,central_brain,motor,right,head-eye-antenna,MX12__prim,neck_motor,neck_motor_neck_yaw,neck motor neck yaw,"VCvN1,VCvN2",neck_motor_neuron,neck_yaw_motor_neuron,"VCvN1,VCvN2",neck motor neck yaw,right,9,EFF_12,#F35438,NA
-6.273890888191043,-3.4517773350994254,720575941508147746,gaba,right_cervical_nerve,central_brain,motor,right,head-eye-antenna,putative_primary,neck_motor,neck_motor_neck_pitch,neck motor neck pitch,CvN5,neck_motor_neuron,neck_pitch_motor_neuron,CvN5,neck motor neck pitch,right,9,EFF_12,#F35438,NA
-7.6527628059156525,-0.35240745156213293,720575941508205185,gaba,left_prothoracic_leg_nerve,ventral_nerve_cord,motor,left,front leg,24B.25B,leg_motor,leg_motor_unknown_leg_movement,front leg,femur_reductor_tiny,leg_motor_neuron,front_leg_motor_neuron,femur_reductor_tiny,front leg,left,8,EFF_14,#41A4D5,front leg
2.0266244617633236,1.3811394015033578,720575941508227874,gaba,abdominal_nerve_trunk,ventral_nerve_cord,motor,right,abdomen motor 1,06A,unknown,NA,abdomen,MNad10,abdomen_motor_neuron,NA,MNad10,abdomen,right,5,EFF_07,#B56FCC,abdomen
-6.460803424812137,3.445862893172059,720575941508440193,acetylcholine,left_metathoracic_leg_nerve,ventral_nerve_cord,motor,left,middle-hind leg,19A,leg_motor,leg_motor_flex_femur_tibia_joint,hind leg,tibia_flexor_Fast,leg_motor_neuron,hind_leg_motor_neuron,tibia_flexor_Fast,hind leg,left,1,EFF_13,#CF603E,hind leg
-4.376545345283328,-5.1974486073772574,720575941508453761,gaba,right_prothoracic_leg_nerve,ventral_nerve_cord,motor,right,front leg,19A,leg_motor,leg_motor_extend_coxa_trochanter_joint,front leg,trochanter_extensor,leg_motor_neuron,front_leg_motor_neuron,trochanter_extensor,front leg,right,7,EFF_11,#E92F2F,front leg
6.230475032829465,-0.892633464030471,720575941508475717,octopamine,right_fourth_abdominal_nerve,ventral_nerve_cord,motor,right,thoracic-abdominal,TBD,unknown,NA,unknown thoracic abdominal,ENXXX226,thoracic_abdominal_segmental_motor_neuron,NA,ENXXX226,unknown thoracic abdominal,right,11,EFF_06,#55B151,NA
-6.345405017829715,3.518236283369813,720575941509003792,gaba,left_metathoracic_leg_nerve,ventral_nerve_cord,motor,left,middle-hind leg,08A,leg_motor,leg_motor_flex_coxa_trochanter_joint,hind leg,accessory_trochanter_flexor,leg_motor_neuron,hind_leg_motor_neuron,accessory_trochanter_flexor,hind leg,left,1,EFF_13,#CF603E,hind leg
-3.671513950324832,-4.695836182526794,720575941511197516,gaba,right_prothoracic_leg_nerve,ventral_nerve_cord,motor,right,front leg,15B,leg_motor,leg_motor_pull_long_tendon,front leg,long_tendon_muscle_B_femur,leg_motor_neuron,front_leg_motor_neuron,long_tendon_muscle_B_femur,front leg,right,7,EFF_11,#E92F2F,front leg
6.05472430040759,0.9051758089740609,720575941511228370,octopamine,abdominal_nerve_trunk,ventral_nerve_cord,visceral_circulatory,left,abdomen-ovulation,TBD,ovulation,NA,reproductive tract,abd_Dsx_OA,ventral_nerve_cord_neurosecretory_cell,reproductive_tract_neurosecretory_cell,abd_Dsx_OA,reproductive tract,left,3,EFF_05,#9C9286,NA
6.420750701927365,0.718899134703431,720575941511256140,peptide,right_second_abdominal_nerve,ventral_nerve_cord,visceral_circulatory,right,abdomen-ovulation,putative_primary,diuresis_stress_tolerance_pain_threshold,"diuresis_stress_tolerance_pain_threshold_Dh44,Lk",abdomen,MNad25,ventral_nerve_cord_neurosecretory_cell,abdomen_neurosecretory_cell,MNad25,abdomen,right,3,EFF_05,#9C9286,abdomen
8.5886197929613,0.2471088209827279,720575941511277840,gaba,left_corpus_cardiacum_nerve,central_brain,visceral_circulatory,right,NA,DILP__prim,energy_metabolism_food_intake,"energy_metabolism_food_intake_dARC1,Ilp2,Ilp3,Ilp5",retrocerebral complex,m_NSC_DILP,pars_intercerebralis_neurosecretory_cell,retrocerebral_complex_neurosecretory_cell,m_NSC_DILP,retrocerebral complex,left,6,EFF_04,#79B2E0,retrocerebral complex
8.739998901390255,-0.0032364091198111566,720575941511608273,dopamine,left_corpus_cardiacum_nerve,central_brain,visceral_circulatory,right,energy homeostasis,DILP__prim,unknown,NA,retrocerebral complex,m_NSC_unknown,pars_intercerebralis_neurosecretory_cell,retrocerebral_complex_neurosecretory_cell,m_NSC_unknown,retrocerebral complex,left,6,EFF_04,#79B2E0,retrocerebral complex
9.109616840385616,-3.2684438189785148,720575941511829520,glutamate,right_maxillary-labial_nerve,central_brain,motor,right,proboscis-antenna,putative_primary,proboscis_motor,proboscis_motor_proboscis_positioning,proboscis,MN2Da,proboscis_motor_neuron,NA,MN2Da,proboscis,right,12,EFF_01,#7E378C,proboscis
-7.643153583503543,0.36548233420446863,720575941511883985,octopamine,left_prothoracic_accessory_nerve,ventral_nerve_cord,motor,left,front leg,24B.25B,leg_motor,leg_motor_flex_coxa_trochanter_joint,front leg,trochanter_flexor_posterior_soma,leg_motor_neuron,front_leg_motor_neuron,trochanter_flexor_posterior_soma,front leg,left,8,EFF_14,#41A4D5,front leg
-6.737289821601688,-3.3990484437267448,720575941512880643,gaba,right_dorsal_prothoracic_nerve,ventral_nerve_cord,motor,right,head-eye-antenna,16B,neck_motor,neck_motor_neck_roll,neck motor neck roll,DProN2,neck_motor_neuron,neck_roll_motor_neuron,DProN2,neck motor neck roll,right,9,EFF_12,#F35438,NA
-5.5316642875440705,3.6135464945514535,720575941512935779,gaba,left_mesothoracic_leg_nerve,ventral_nerve_cord,motor,left,middle-hind leg,12B,leg_motor,leg_motor_pull_long_tendon,middle leg,long_tendon_muscle_B,leg_motor_neuron,middle_leg_motor_neuron,long_tendon_muscle_B,middle leg,left,1,EFF_13,#CF603E,middle leg
-2.136871730781375,2.493416432448182,720575941513173763,gaba,right_mesothoracic_accessory_nerve,ventral_nerve_cord,motor,right,flight-steering,03B,wing_steering,wing_steering_tonic_wing_steering,wing steering,iv4,wing_motor_neuron,wing_steering_motor_neuron,iv4,wing steering,right,4,EFF_08,#3D9D98,wing steering
2.1969723944894683,1.5015240946491097,720575941513203459,acetylcholine,abdominal_nerve_trunk,ventral_nerve_cord,motor,left,abdomen motor 1,TBD,unknown,NA,abdomen,MNad06,abdomen_motor_neuron,NA,MNad06,abdomen,left,5,EFF_07,#B56FCC,abdomen
2.577730799221219,0.9295448103626107,720575941513210371,gaba,abdominal_nerve_trunk,ventral_nerve_cord,motor,right,abdomen motor 1,TBD,unknown,NA,abdomen,MNad11,abdomen_motor_neuron,NA,MNad11,abdomen,right,5,EFF_07,#B56FCC,abdomen
-2.82819977948743,-2.5185834130565787,720575941513362252,octopamine,right_mesothoracic_leg_nerve,ventral_nerve_cord,motor,right,middle-hind leg,24B.25B,leg_motor,leg_motor_unknown_leg_movement,middle leg,femur_reductor,leg_motor_neuron,middle_leg_motor_neuron,femur_reductor,middle leg,right,2,EFF_10,#695B52,middle leg
-2.1552981490858185,-2.8048943242351676,720575941513385306,gaba,right_metathoracic_leg_nerve,ventral_nerve_cord,motor,right,middle-hind leg,24B.25B,leg_motor,leg_motor_unknown_leg_movement,hind leg,femur_reductor_tiny,leg_motor_neuron,hind_leg_motor_neuron,femur_reductor_tiny,hind leg,right,2,EFF_10,#695B52,hind leg
8.100186431907833,0.43404674918249597,720575941513405786,peptide,right_second_abdominal_nerve,ventral_nerve_cord,visceral_circulatory,right,energy homeostasis,TBD,diuresis_stress_tolerance_pain_threshold,"diuresis_stress_tolerance_pain_threshold_Dh44,Lk",abdomen,MNad18,ventral_nerve_cord_neurosecretory_cell,abdomen_neurosecretory_cell,MNad18,abdomen,right,6,EFF_04,#79B2E0,abdomen
9.040927970909298,-3.279844041756835,720575941513444089,acetylcholine,left_maxillary-labial_nerve,central_brain,motor,left,proboscis-antenna,putative_primary,proboscis_motor,proboscis_motor_proboscis_positioning,proboscis,MN4a,proboscis_motor_neuron,NA,MN4a,proboscis,left,12,EFF_01,#7E378C,proboscis
0.7444311027757535,1.309925917692933,720575941513459290,acetylcholine,right_fourth_abdominal_nerve,ventral_nerve_cord,motor,right,abdomen motor 2,TBD,unknown,NA,abdomen,MNad16,abdomen_motor_neuron,NA,MNad16,abdomen,right,13,EFF_09,#FAC240,abdomen
6.327506626152219,1.0636192599017953,720575941513645891,serotonin,abdominal_nerve_trunk,ventral_nerve_cord,visceral_circulatory,left,abdomen-ovulation,TBD,ovulation,NA,reproductive tract,abd_Dsx_OA,ventral_nerve_cord_neurosecretory_cell,reproductive_tract_neurosecretory_cell,abd_Dsx_OA,reproductive tract,left,3,EFF_05,#9C9286,NA
-6.655009662605106,-3.2985461911480094,720575941513990988,gaba,left_cervical_nerve,central_brain,motor,left,head-eye-antenna,putative_primary,neck_motor,neck_motor_neck_pitch,neck motor neck pitch,CvN5,neck_motor_neuron,neck_pitch_motor_neuron,CvN5,neck motor neck pitch,left,9,EFF_12,#F35438,NA
-0.42572990605908534,1.6855698862750863,720575941514162385,gaba,left_second_abdominal_nerve,ventral_nerve_cord,motor,left,abdomen motor 2,03B,unknown,NA,abdomen,MNad29,abdomen_motor_neuron,NA,MNad29,abdomen,left,13,EFF_09,#FAC240,abdomen
7.961936557792844,0.40547144801214685,720575941514500684,peptide,left_second_abdominal_nerve,ventral_nerve_cord,motor,left,energy homeostasis,TBD,unknown,NA,abdomen,MNad18,abdomen_motor_neuron,NA,MNad18,abdomen,left,6,EFF_04,#79B2E0,abdomen
6.690737808250607,-0.05035161583825598,720575941514506572,peptide,right_corpus_cardiacum_nerve,central_brain,visceral_circulatory,right,abdomen-ovulation,putative_primary,cardiostimulation_energy_metabolism_stress_tolerance_hormone_regulation,"cardiostimulation_energy_metabolism_stress_tolerance_hormone_regulation_Crz,sNPF",retrocerebral complex,l_NSC_CRZ,pars_lateralis_neurosecretory_cell,retrocerebral_complex_neurosecretory_cell,l_NSC_CRZ,retrocerebral complex,right,3,EFF_05,#9C9286,retrocerebral complex
8.801513755821407,-0.020908828667845825,720575941514693708,serotonin,right_corpus_cardiacum_nerve,central_brain,visceral_circulatory,right,energy homeostasis,putative_primary,cardiostimulation_energy_metabolism_stress_tolerance_hormone_regulation,"cardiostimulation_energy_metabolism_stress_tolerance_hormone_regulation_Crz,sNPF",retrocerebral complex,l_NSC_CRZ,pars_lateralis_neurosecretory_cell,retrocerebral_complex_neurosecretory_cell,l_NSC_CRZ,retrocerebral complex,right,6,EFF_04,#79B2E0,retrocerebral complex
-6.063670551276981,-3.532361861161437,720575941514963811,acetylcholine,left_ventral_cervical_nerve,central_brain,motor,left,head-eye-antenna,MX12__prim,neck_motor,neck_motor_neck_yaw,neck motor neck yaw,VCvN3,neck_motor_neuron,neck_yaw_motor_neuron,VCvN3,neck motor neck yaw,left,9,EFF_12,#F35438,NA
-7.744113361335574,0.4313007631976937,720575941515355795,gaba,left_prothoracic_leg_nerve,ventral_nerve_cord,motor,left,front leg,15B,leg_motor,leg_motor_flex_femur_tibia_joint,front leg,accessory_tibia_flexor_A_out_of_bundle,leg_motor_neuron,front_leg_motor_neuron,accessory_tibia_flexor_A_out_of_bundle,front leg,left,8,EFF_14,#41A4D5,front leg
-6.417160427070438,3.4339715281207894,720575941515898873,gaba,left_metathoracic_leg_nerve,ventral_nerve_cord,motor,left,middle-hind leg,15B,leg_motor,leg_motor_flex_femur_tibia_joint,hind leg,tibia_flexor,leg_motor_neuron,hind_leg_motor_neuron,tibia_flexor,hind leg,left,1,EFF_13,#CF603E,hind leg
1.6925811116926084,1.0588802138049935,720575941516697560,gaba,left_fourth_abdominal_nerve,ventral_nerve_cord,motor,left,abdomen motor 1,TBD,unknown,NA,abdomen,MNad01,abdomen_motor_neuron,NA,MNad01,abdomen,left,5,EFF_07,#B56FCC,abdomen
-2.050494586921512,2.5053292551715707,720575941516770670,gaba,right_mesothoracic_accessory_nerve,ventral_nerve_cord,motor,right,flight-steering,17A,wing_steering,wing_steering_phasic_wing_steering,wing steering,iii4,wing_motor_neuron,wing_steering_motor_neuron,iii4,wing steering,right,4,EFF_08,#3D9D98,wing steering
-7.818273937202274,0.05162346751287927,720575941516874094,gaba,left_ventral_prothoracic_nerve,ventral_nerve_cord,motor,left,front leg,TBD,leg_motor,leg_motor_extend_coxa_trochanter_joint,front leg,sternotrochanter_extensor,leg_motor_neuron,front_leg_motor_neuron,sternotrochanter_extensor,front leg,left,8,EFF_14,#41A4D5,front leg
7.887548053764523,0.3658701220233773,720575941517150810,peptide,right_second_abdominal_nerve,ventral_nerve_cord,visceral_circulatory,right,energy homeostasis,TBD,diuresis_stress_tolerance_pain_threshold,"diuresis_stress_tolerance_pain_threshold_Dh44,Lk",abdomen,MNad18,ventral_nerve_cord_neurosecretory_cell,abdomen_neurosecretory_cell,MNad18,abdomen,right,6,EFF_04,#79B2E0,abdomen
-6.183256542182742,-3.493209715775695,720575941517213177,gaba,right_cervical_nerve,central_brain,motor,right,head-eye-antenna,putative_primary,neck_motor,NA,neck,CvN11,neck_motor_neuron,NA,CvN11,neck,right,9,EFF_12,#F35438,neck
5.175476635002316,2.504381302901063,720575941517350649,gaba,abdominal_nerve_trunk,ventral_nerve_cord,motor,left,abdomen-egg-laying,06A,ovulation,NA,uterus,CMU-like,abdomen_motor_neuron,NA,CMU-like,uterus,left,10,EFF_03,#9FB555,uterus
-5.649073516822635,3.408525590010438,720575941517661356,gaba,left_mesothoracic_leg_nerve,ventral_nerve_cord,motor,left,middle-hind leg,15B,leg_motor,leg_motor_pull_long_tendon,middle leg,long_tendon_muscle_B_femur,leg_motor_neuron,middle_leg_motor_neuron,long_tendon_muscle_B_femur,middle leg,left,1,EFF_13,#CF603E,middle leg
-6.43354645917493,4.050153378554139,720575941517726936,gaba,left_metathoracic_leg_nerve,ventral_nerve_cord,motor,left,middle-hind leg,13B,leg_motor,leg_motor_move_coxa_posterior,hind leg,sternal_posterior_rotator_dorsomedial_ribbon,leg_motor_neuron,hind_leg_motor_neuron,sternal_posterior_rotator_dorsomedial_ribbon,hind leg,left,1,EFF_13,#CF603E,hind leg
-1.796059762931644,-2.7371638974468375,720575941517889708,glutamate,right_metathoracic_leg_nerve,ventral_nerve_cord,motor,right,middle-hind leg,15B,leg_motor,leg_motor_flex_femur_tibia_joint,hind leg,accessory_tibia_flexor_B,leg_motor_neuron,hind_leg_motor_neuron,accessory_tibia_flexor_B,hind leg,right,2,EFF_10,#695B52,hind leg
-7.655002986884891,-0.06821333973809729,720575941518133464,acetylcholine,left_prothoracic_accessory_nerve,ventral_nerve_cord,motor,left,front leg,20B.21B.22B,leg_motor,leg_motor_move_coxa_posterior,front leg,sternal_posterior_rotator,leg_motor_neuron,front_leg_motor_neuron,sternal_posterior_rotator,front leg,left,8,EFF_14,#41A4D5,front leg
5.208810890220822,2.45284188181952,720575941518199955,acetylcholine,abdominal_nerve_trunk,ventral_nerve_cord,motor,left,abdomen-egg-laying,TBD,ovulation,NA,uterus,CMU,uterus_motor_neuron,NA,CMU,uterus,left,10,EFF_03,#9FB555,uterus
-4.4026383514173615,-4.990758534363952,720575941518204888,gaba,right_dorsal_prothoracic_nerve,ventral_nerve_cord,motor,right,front leg,08A,leg_motor,leg_motor_move_coxa_anterior,front leg,tergopleural_promotor_pleural_promotor_miller_28_30,leg_motor_neuron,front_leg_motor_neuron,tergopleural_promotor_pleural_promotor_miller_28_30,front leg,right,7,EFF_11,#E92F2F,front leg
1.7566546445123563,1.1793080607135629,720575941518500019,gaba,abdominal_nerve_trunk,ventral_nerve_cord,motor,right,abdomen motor 1,06A,unknown,NA,abdomen,MNad16,abdomen_motor_neuron,NA,MNad16,abdomen,right,5,EFF_07,#B56FCC,abdomen
6.129030788444699,0.6760386267383431,720575941518535347,serotonin,abdominal_nerve_trunk,ventral_nerve_cord,visceral_circulatory,left,abdomen-ovulation,TBD,ovulation,NA,reproductive tract,abd_Dsx_OA,ventral_nerve_cord_neurosecretory_cell,reproductive_tract_neurosecretory_cell,abd_Dsx_OA,reproductive tract,left,3,EFF_05,#9C9286,NA
5.952998722099484,0.6882692614276742,720575941518535603,octopamine,abdominal_nerve_trunk,ventral_nerve_cord,visceral_circulatory,left,abdomen-ovulation,TBD,ovulation,NA,reproductive tract,abd_Dsx_OA,ventral_nerve_cord_neurosecretory_cell,reproductive_tract_neurosecretory_cell,abd_Dsx_OA,reproductive tract,left,3,EFF_05,#9C9286,NA
4.972292507194699,-0.4085200986187125,720575941518544055,serotonin,right_ventral_cervical_nerve,central_brain,visceral_circulatory,left,feeding-endocrine,MX0__prim,feeding_suppression,feeding_suppression_Hug,pharynx,CB2748,subesophageal_zone_neurosecretory_cell,NA,CB2748,pharynx,right,11,EFF_06,#55B151,pharynx
0.4625596647493253,1.2743421831806039,720575941518564531,glutamate,right_second_abdominal_nerve,ventral_nerve_cord,motor,right,abdomen motor 2,03B,unknown,NA,abdomen,MNad31,abdomen_motor_neuron,NA,MNad31,abdomen,right,13,EFF_09,#FAC240,abdomen
-8.05377522656995,0.2557920256336068,720575941518851694,gaba,left_prothoracic_accessory_nerve,ventral_nerve_cord,motor,left,front leg,24B.25B,leg_motor,leg_motor_flex_coxa_trochanter_joint,front leg,trochanter_flexor_ProAN,leg_motor_neuron,front_leg_motor_neuron,trochanter_flexor_ProAN,front leg,left,8,EFF_14,#41A4D5,front leg
-6.27940884778577,3.201642636366639,720575941519179480,gaba,left_metathoracic_leg_nerve,ventral_nerve_cord,motor,left,middle-hind leg,16B,leg_motor,leg_motor_flex_tibia_tarsus_joint,hind leg,tarsus_levator_D,leg_motor_neuron,hind_leg_motor_neuron,tarsus_levator_D,hind leg,left,1,EFF_13,#CF603E,hind leg
9.028159225486935,-3.2282203397075797,720575941519595447,glutamate,right_pharyngeal_nerve_or_accessory_pharyngeal_nerve,central_brain,motor,right,proboscis-antenna,putative_primary,proboscis_motor,proboscis_motor_proboscis_positioning,proboscis,MN3L,proboscis_motor_neuron,NA,MN3L,proboscis,right,12,EFF_01,#7E378C,proboscis
-6.148506557441531,4.384328011580262,720575941519664856,gaba,left_mesothoracic_leg_nerve,ventral_nerve_cord,motor,left,middle-hind leg,TBD,leg_motor,leg_motor_move_coxa_anterior,middle leg,sternal_anterior_rotator_MesoLN_ventral_2,leg_motor_neuron,middle_leg_motor_neuron,sternal_anterior_rotator_MesoLN_ventral_2,middle leg,left,1,EFF_13,#CF603E,middle leg
-1.2178296203382601,2.8597761431415414,720575941519783640,gaba,left_posterior_dorsal_mesothoracic_nerve,ventral_nerve_cord,motor,left,flight-energy-power,03B,wing_power,NA,wing power,DLM1-4,wing_motor_neuron,wing_power_motor_neuron,DLM1-4,wing power,left,4,EFF_08,#3D9D98,wing power
6.912911975883664,1.2519480028827523,720575941519896174,octopamine,abdominal_nerve_trunk,ventral_nerve_cord,motor,right,abdomen-ureter,13B,unknown,NA,abdomen,MNad07,abdomen_motor_neuron,NA,MNad07,abdomen,right,3,EFF_05,#9C9286,abdomen
-2.6629957313306916,-2.902638789109435,720575941519971511,gaba,right_mesothoracic_leg_nerve,ventral_nerve_cord,motor,right,middle-hind leg,15B,leg_motor,leg_motor_flex_femur_tibia_joint,middle leg,accessory_tibia_flexor_B,leg_motor_neuron,middle_leg_motor_neuron,accessory_tibia_flexor_B,middle leg,right,2,EFF_10,#695B52,middle leg
8.41459807207507,-0.9324576517860557,720575941520109934,serotonin,left_pharyngeal_nerve_or_accessory_pharyngeal_nerve,central_brain,motor,left,ingestion-digestion,putative_primary,crop_motor,crop_motor_crop_entry,crop,CEM,crop_motor_neuron,NA,CEM,crop,left,6,EFF_04,#79B2E0,crop
4.538698280357541,-0.40289514868661414,720575941520193719,peptide,right_ventral_cervical_nerve,central_brain,visceral_circulatory,left,feeding-endocrine,MX0__prim,feeding_suppression,feeding_suppression_Hug,pharynx,CB2748,subesophageal_zone_neurosecretory_cell,NA,CB2748,pharynx,right,11,EFF_06,#55B151,pharynx
6.241255367302121,-0.897350396804061,720575941520237559,octopamine,left_second_abdominal_nerve,ventral_nerve_cord,motor,left,thoracic-abdominal,TBD,unknown,NA,unknown thoracic abdominal,ENXXX226,thoracic_abdominal_segmental_motor_neuron,NA,ENXXX226,unknown thoracic abdominal,left,11,EFF_06,#55B151,NA
4.998333538078488,2.3289703169544076,720575941520388855,gaba,abdominal_nerve_trunk,ventral_nerve_cord,motor,right,abdomen-egg-laying,19A,unknown,NA,abdomen,MNad53,abdomen_motor_neuron,NA,MNad53,abdomen,right,10,EFF_03,#9FB555,abdomen
-6.455356990791141,3.468511227675233,720575941521190835,acetylcholine,left_metathoracic_leg_nerve,ventral_nerve_cord,motor,left,middle-hind leg,15B,leg_motor,leg_motor_flex_femur_tibia_joint,hind leg,tibia_flexor,leg_motor_neuron,hind_leg_motor_neuron,tibia_flexor,hind leg,left,1,EFF_13,#CF603E,hind leg
-2.1802448386915314,2.4450706282337045,720575941521196211,gaba,left_anterior_dorsal_mesothoracic_nerve,ventral_nerve_cord,motor,left,flight-steering,16B,wing_steering,wing_steering_tonic_wing_steering,wing steering,b1,wing_motor_neuron,wing_steering_motor_neuron,b1,wing steering,left,4,EFF_08,#3D9D98,wing steering
-1.9334327335126986,-2.6350222787182,720575941521271475,acetylcholine,right_metathoracic_leg_nerve,ventral_nerve_cord,motor,right,middle-hind leg,15B,leg_motor,leg_motor_flex_femur_tibia_joint,hind leg,tibia_flexor,leg_motor_neuron,hind_leg_motor_neuron,tibia_flexor,hind leg,right,2,EFF_10,#695B52,hind leg
1.8414366861216436,0.8313292303760385,720575941521612363,octopamine,abdominal_nerve_trunk,ventral_nerve_cord,motor,left,abdomen motor 1,TBD,unknown,NA,abdomen,MNad58,abdomen_motor_neuron,NA,MNad58,abdomen,left,5,EFF_07,#B56FCC,abdomen
5.24899920275134,2.1629513540943,720575941522117707,octopamine,abdominal_nerve_trunk,ventral_nerve_cord,motor,left,abdomen-egg-laying,TBD,unknown,NA,abdomen,CV1030,abdomen_motor_neuron,NA,CV1030,abdomen,left,10,EFF_03,#9FB555,abdomen
2.0162534249357593,1.5235389509876107,720575941522130763,gaba,abdominal_nerve_trunk,ventral_nerve_cord,motor,left,abdomen motor 1,00A,unknown,NA,abdomen,MNad10,abdomen_motor_neuron,NA,MNad10,abdomen,left,5,EFF_07,#B56FCC,abdomen
2.1840049867860687,1.5215436258991097,720575941523082487,acetylcholine,abdominal_nerve_trunk,ventral_nerve_cord,motor,right,abdomen motor 1,TBD,unknown,NA,abdomen,MNad06,abdomen_motor_neuron,NA,MNad06,abdomen,right,5,EFF_07,#B56FCC,abdomen
-5.838565265632449,4.02557719142035,720575941523135223,gaba,left_mesothoracic_leg_nerve,ventral_nerve_cord,motor,left,middle-hind leg,15B,leg_motor,leg_motor_flex_femur_tibia_joint,middle leg,accessory_tibia_flexor_A,leg_motor_neuron,middle_leg_motor_neuron,accessory_tibia_flexor_A,middle leg,left,1,EFF_13,#CF603E,middle leg
-4.446238910651981,-5.340725537232604,720575941523368779,gaba,right_ventral_prothoracic_nerve,ventral_nerve_cord,motor,right,front leg,19A,leg_motor,leg_motor_extend_coxa_trochanter_joint,front leg,tergotrochanter_extensor,leg_motor_neuron,front_leg_motor_neuron,tergotrochanter_extensor,front leg,right,7,EFF_11,#E92F2F,front leg
2.049583474301518,1.4325684347827767,720575941524155467,acetylcholine,abdominal_nerve_trunk,ventral_nerve_cord,motor,right,abdomen motor 1,19A,unknown,NA,abdomen,MNad19,abdomen_motor_neuron,NA,MNad19,abdomen,right,5,EFF_07,#B56FCC,abdomen
-6.336007511115848,3.5063458719928597,720575941524172875,gaba,left_metathoracic_leg_nerve,ventral_nerve_cord,motor,left,middle-hind leg,15B,leg_motor,leg_motor_flex_femur_tibia_joint,hind leg,accessory_tibia_flexor_B,leg_motor_neuron,hind_leg_motor_neuron,accessory_tibia_flexor_B,hind leg,left,1,EFF_13,#CF603E,hind leg
-7.381290828681766,0.36779213339880457,720575941524365337,gaba,left_prothoracic_leg_nerve,ventral_nerve_cord,motor,left,front leg,15B,leg_motor,leg_motor_pull_long_tendon,front leg,long_tendon_muscle_A,leg_motor_neuron,front_leg_motor_neuron,long_tendon_muscle_A,front leg,left,8,EFF_14,#41A4D5,front leg
-6.476573383308231,-3.2199801167766715,720575941524522340,acetylcholine,right_cervical_nerve,central_brain,motor,right,head-eye-antenna,LB12__prim,neck_motor,neck_motor_neck_yaw,neck motor neck yaw,"CvN1,CvN2",neck_motor_neuron,neck_yaw_motor_neuron,"CvN1,CvN2",neck motor neck yaw,right,9,EFF_12,#F35438,NA
-7.930685436225711,0.013588193960938355,720575941524746573,gaba,left_ventral_prothoracic_nerve,ventral_nerve_cord,motor,left,front leg,24B.25B,leg_motor,leg_motor_flex_coxa_trochanter_joint,front leg,trochanter_flexor_VProN,leg_motor_neuron,front_leg_motor_neuron,trochanter_flexor_VProN,front leg,left,8,EFF_14,#41A4D5,front leg
-7.539986049629031,0.5968735256870126,720575941524748877,gaba,left_prothoracic_leg_nerve,ventral_nerve_cord,motor,left,front leg,15B,leg_motor,leg_motor_pull_long_tendon,front leg,long_tendon_muscle_B,leg_motor_neuron,front_leg_motor_neuron,long_tendon_muscle_B,front leg,left,8,EFF_14,#41A4D5,front leg
-2.130718624091922,-2.170963164262023,720575941524856164,acetylcholine,right_metathoracic_leg_nerve,ventral_nerve_cord,motor,right,middle-hind leg,24B.25B,leg_motor,leg_motor_unknown_leg_movement,hind leg,femur_reductor,leg_motor_neuron,hind_leg_motor_neuron,femur_reductor,hind leg,right,2,EFF_10,#695B52,hind leg
-3.714210426307498,-5.178859826020446,720575941524966169,acetylcholine,right_prothoracic_leg_nerve,ventral_nerve_cord,motor,right,front leg,15B,leg_motor,leg_motor_pull_long_tendon,front leg,long_tendon_muscle_A,leg_motor_neuron,front_leg_motor_neuron,long_tendon_muscle_A,front leg,right,7,EFF_11,#E92F2F,front leg
8.408078277610958,0.2052609959323739,720575941525217867,serotonin,right_corpus_cardiacum_nerve,central_brain,visceral_circulatory,left,energy homeostasis,DILP__prim,energy_metabolism_food_intake,"energy_metabolism_food_intake_dARC1,Ilp2,Ilp3,Ilp5",retrocerebral complex,m_NSC_DILP,pars_intercerebralis_neurosecretory_cell,retrocerebral_complex_neurosecretory_cell,m_NSC_DILP,retrocerebral complex,right,6,EFF_04,#79B2E0,retrocerebral complex
2.141780668996991,0.789976958342347,720575941525304486,gaba,abdominal_nerve_trunk,ventral_nerve_cord,motor,right,abdomen motor 1,TBD,unknown,NA,abdomen,MNad08,abdomen_motor_neuron,NA,MNad08,abdomen,right,5,EFF_07,#B56FCC,abdomen
-1.783418809867679,-2.5869027337352897,720575941525308582,acetylcholine,right_metathoracic_leg_nerve,ventral_nerve_cord,motor,right,middle-hind leg,16B,leg_motor,leg_motor_extend_femur_tibia_joint,hind leg,tibia_extensor_SETi,leg_motor_neuron,hind_leg_motor_neuron,tibia_extensor_SETi,hind leg,right,2,EFF_10,#695B52,hind leg
2.587232852482022,0.9208875933368539,720575941525327270,acetylcholine,abdominal_nerve_trunk,ventral_nerve_cord,motor,right,abdomen motor 1,TBD,unknown,NA,abdomen,MNad14,abdomen_motor_neuron,NA,MNad14,abdomen,right,5,EFF_07,#B56FCC,abdomen
-6.50664273450452,4.0078288355548715,720575941525586507,acetylcholine,left_metathoracic_leg_nerve,ventral_nerve_cord,motor,left,middle-hind leg,21A,leg_motor,leg_motor_move_coxa_posterior,hind leg,sternal_posterior_rotator_dorsomedial_ribbon,leg_motor_neuron,hind_leg_motor_neuron,sternal_posterior_rotator_dorsomedial_ribbon,hind leg,left,1,EFF_13,#CF603E,hind leg
-6.066505825019656,-3.578659411362853,720575941525655833,octopamine,right_antennal_nerve,central_brain,motor,right,head-eye-antenna,putative_primary,retina_motor,NA,eye,CB0901,eye_motor_neuron,NA,CB0901,eye,right,9,EFF_12,#F35438,eye
-6.680266773200809,-3.2967798671047355,720575941525682253,gaba,left_dorsal_prothoracic_nerve,ventral_nerve_cord,motor,left,head-eye-antenna,16B,neck_motor,neck_motor_neck_roll,neck motor neck roll,DProN3b,neck_motor_neuron,neck_roll_motor_neuron,DProN3b,neck motor neck roll,left,9,EFF_12,#F35438,NA
-0.8885404224165072,2.644438866682801,720575941525907202,octopamine,"left_posterior_dorsal_mesothoracic_nerve, left_mesothoracic_accessory_nerve, left_mesothoracic_leg_nerve, right_anterior_dorsal_mesothoracic_nerve, right_mesothoracic_accessory_nerve, right_mesothoracic_leg_nerve",ventral_nerve_cord,visceral_circulatory,right,flight-energy-power,00B,unknown,NA,wing,EN00B011,ventral_nerve_cord_neurosecretory_cell,wing_neurosecretory_cell,EN00B011,wing,right,4,EFF_08,#3D9D98,wing
-6.380582248664676,-3.216484781197753,720575941526075673,gaba,left_ventral_cervical_nerve,central_brain,motor,left,head-eye-antenna,MX12__prim,neck_motor,neck_motor_neck_yaw,neck motor neck yaw,"VCvN1,VCvN2",neck_motor_neuron,neck_yaw_motor_neuron,"VCvN1,VCvN2",neck motor neck yaw,left,9,EFF_12,#F35438,NA
-4.097850715614139,-5.263455506257262,720575941526437988,octopamine,right_prothoracic_leg_nerve,ventral_nerve_cord,motor,right,front leg,15B,leg_motor,leg_motor_flex_femur_tibia_joint,front leg,accessory_tibia_flexor_A_slow,leg_motor_neuron,front_leg_motor_neuron,accessory_tibia_flexor_A_slow,front leg,right,7,EFF_11,#E92F2F,front leg
8.043448055290401,-0.037273879937377075,720575941526582093,peptide,"left_corpus_cardiacum_nerve, right_corpus_cardiacum_nerve",central_brain,visceral_circulatory,right,energy homeostasis,DILP__prim,diuresis_food_intake_energy_metabolism_post_mating_responses,diuresis_food_intake_energy_metabolism_post_mating_responses_Dh44,digestive tract,m_NSC_DH44,pars_intercerebralis_neurosecretory_cell,digestive_tract_neurosecretory_cell,m_NSC_DH44,digestive tract,right,6,EFF_04,#79B2E0,digestive tract
-6.448309337592899,3.4554778376300668,720575941526615554,acetylcholine,left_metathoracic_leg_nerve,ventral_nerve_cord,motor,left,middle-hind leg,17X,leg_motor,leg_motor_flex_femur_tibia_joint,hind leg,accessory_tibia_flexor_B,leg_motor_neuron,hind_leg_motor_neuron,accessory_tibia_flexor_B,hind leg,left,1,EFF_13,#CF603E,hind leg
-5.903007423377811,-3.7398277482311393,720575941526643202,gaba,left_antennal_nerve,central_brain,motor,left,head-eye-antenna,putative_primary,antenna_motor,NA,antenna,CB0886,antenna_motor_neuron,NA,CB0886,antenna,left,9,EFF_12,#F35438,antenna
-6.493800556159793,-3.1339969596187736,720575941526853030,gaba,right_cervical_nerve,ventral_nerve_cord,motor,left,head-eye-antenna,TBD,neck_motor,neck_motor_neck_yaw,neck motor neck yaw,CvNA1,neck_motor_neuron,neck_yaw_motor_neuron,CvNA1,neck motor neck yaw,right,9,EFF_12,#F35438,NA
-5.934048568702518,-3.6021918019573356,720575941526954424,octopamine,right_cervical_nerve,central_brain,motor,right,head-eye-antenna,putative_primary,neck_motor,NA,neck,CvN10,neck_motor_neuron,NA,CvN10,neck,right,9,EFF_12,#F35438,neck
1.374255145096005,1.0518182554920052,720575941526999684,gaba,left_fourth_abdominal_nerve,ventral_nerve_cord,motor,right,abdomen motor 1,TBD,unknown,NA,abdomen,MNad01,abdomen_motor_neuron,NA,MNad01,abdomen,left,5,EFF_07,#B56FCC,abdomen
-4.152963077522098,-5.4048837384502555,720575941527171000,gaba,right_prothoracic_leg_nerve,ventral_nerve_cord,motor,right,front leg,24B.25B,leg_motor,leg_motor_flex_coxa_trochanter_joint,front leg,accessory_trochanter_flexor,leg_motor_neuron,front_leg_motor_neuron,accessory_trochanter_flexor,front leg,right,7,EFF_11,#E92F2F,front leg
-2.7226685638197052,-3.2648332080166007,720575941527245496,gaba,right_mesothoracic_leg_nerve,ventral_nerve_cord,motor,right,middle-hind leg,15B,leg_motor,leg_motor_pull_long_tendon,middle leg,long_tendon_muscle_B,leg_motor_neuron,middle_leg_motor_neuron,long_tendon_muscle_B,middle leg,right,2,EFF_10,#695B52,middle leg
6.017811382316769,0.7771836558063363,720575941527250532,glutamate,abdominal_nerve_trunk,ventral_nerve_cord,motor,right,abdomen-ovulation,TBD,unknown,NA,abdomen,MNad49,abdomen_motor_neuron,NA,MNad49,abdomen,right,3,EFF_05,#9C9286,abdomen
-7.929685031867801,0.22997618109777918,720575941527458562,gaba,left_prothoracic_accessory_nerve,ventral_nerve_cord,motor,left,front leg,19B,leg_motor,leg_motor_flex_coxa_trochanter_joint,front leg,trochanter_flexor_ProAN,leg_motor_neuron,front_leg_motor_neuron,trochanter_flexor_ProAN,front leg,left,8,EFF_14,#41A4D5,front leg
-7.607006465888797,0.011561636038575074,720575941527847608,octopamine,left_prothoracic_leg_nerve,ventral_nerve_cord,motor,left,front leg,01A,leg_motor,leg_motor_move_coxa_medial,front leg,sternal_adductor,leg_motor_neuron,front_leg_motor_neuron,sternal_adductor,front leg,left,8,EFF_14,#41A4D5,front leg
-1.9986530895002474,-2.404720421723571,720575941527948932,acetylcholine,right_metathoracic_leg_nerve,ventral_nerve_cord,motor,right,middle-hind leg,21A,leg_motor,leg_motor_flex_coxa_trochanter_joint,hind leg,trochanter_flexor_dorsomedial_ribbon,leg_motor_neuron,hind_leg_motor_neuron,trochanter_flexor_dorsomedial_ribbon,hind leg,right,2,EFF_10,#695B52,hind leg
4.891618335746945,2.3242307940204476,720575941528213158,gaba,abdominal_nerve_trunk,ventral_nerve_cord,motor,right,abdomen-egg-laying,TBD,unknown,NA,abdomen,MNad01,abdomen_motor_neuron,NA,MNad01,abdomen,right,10,EFF_03,#9FB555,abdomen
6.386236751579465,1.0805822649677133,720575941528600523,acetylcholine,abdominal_nerve_trunk,ventral_nerve_cord,motor,right,abdomen-ovulation,TBD,unknown,NA,abdomen,MNad09,abdomen_motor_neuron,NA,MNad09,abdomen,right,3,EFF_05,#9C9286,abdomen
-6.321039592719852,3.2295767107684945,720575941528662438,acetylcholine,left_metathoracic_leg_nerve,ventral_nerve_cord,motor,left,middle-hind leg,19A,leg_motor,leg_motor_flex_femur_tibia_joint,hind leg,accessory_tibia_flexor_B,leg_motor_neuron,hind_leg_motor_neuron,accessory_tibia_flexor_B,hind leg,left,1,EFF_13,#CF603E,hind leg
4.826724851631345,-0.3038829526226188,720575941529322884,acetylcholine,"left_mesothoracic_leg_nerve, right_mesothoracic_leg_nerve",ventral_nerve_cord,visceral_circulatory,right,feeding-endocrine,00B,unknown,NA,middle leg,EN00B008_T2,ventral_nerve_cord_neurosecretory_cell,middle_leg_neurosecretory_cell,EN00B008_T2,middle leg,right,11,EFF_06,#55B151,middle leg
6.242037380241574,0.03822720439032068,720575941529404036,gaba,abdominal_nerve_trunk,ventral_nerve_cord,motor,right,abdomen-ovulation,TBD,unknown,NA,abdomen,MNad03,abdomen_motor_neuron,NA,MNad03,abdomen,right,3,EFF_05,#9C9286,abdomen
5.350825155281247,2.3374120035846566,720575941529911525,octopamine,abdominal_nerve_trunk,ventral_nerve_cord,motor,left,abdomen-egg-laying,00B,unknown,NA,abdomen,MNad50,abdomen_motor_neuron,NA,MNad50,abdomen,left,10,EFF_03,#9FB555,abdomen
-0.9516612643964877,2.9608417788226937,720575941530190027,gaba,right_mesothoracic_accessory_nerve,ventral_nerve_cord,motor,right,flight-energy-power,03B,wing_power,NA,wing power,DVM2a-b,wing_motor_neuron,wing_power_motor_neuron,DVM2a-b,wing power,right,4,EFF_08,#3D9D98,wing power
-1.855571424461185,-2.435847516946044,720575941530206155,acetylcholine,right_first_abdominal_nerve,ventral_nerve_cord,motor,right,middle-hind leg,16B,leg_motor,leg_motor_extend_coxa_trochanter_joint,hind leg,tergotrochanter_extensor_MetaAN,leg_motor_neuron,hind_leg_motor_neuron,tergotrochanter_extensor_MetaAN,hind leg,right,2,EFF_10,#695B52,hind leg
-6.678703700996219,-3.4573522767345573,720575941530511747,octopamine,right_dorsal_prothoracic_nerve,ventral_nerve_cord,motor,right,head-eye-antenna,16B,neck_motor,neck_motor_neck_roll_pitch,neck motor neck roll pitch,DProN5,neck_motor_neuron,neck_roll_pitch_motor_neuron,DProN5,neck motor neck roll pitch,right,9,EFF_12,#F35438,NA
2.3433697765104187,1.0648349562366342,720575941530911619,acetylcholine,right_second_abdominal_nerve,ventral_nerve_cord,motor,right,abdomen motor 1,TBD,unknown,NA,abdomen,MNad30,abdomen_motor_neuron,NA,MNad30,abdomen,right,5,EFF_07,#B56FCC,abdomen
-4.584673797584354,-5.064743634156432,720575941531180261,gaba,right_ventral_prothoracic_nerve,ventral_nerve_cord,motor,right,front leg,21A,leg_motor,leg_motor_move_coxa_anterior,front leg,sternal_anterior_rotator_miller_31,leg_motor_neuron,front_leg_motor_neuron,sternal_anterior_rotator_miller_31,front leg,right,7,EFF_11,#E92F2F,front leg
-6.334399616218387,3.7009311953266,720575941531195595,acetylcholine,left_metathoracic_leg_nerve,ventral_nerve_cord,motor,left,middle-hind leg,08A,leg_motor,leg_motor_flex_coxa_trochanter_joint,hind leg,trochanter_flexor_ventrolateral_ribbon,leg_motor_neuron,hind_leg_motor_neuron,trochanter_flexor_ventrolateral_ribbon,hind leg,left,1,EFF_13,#CF603E,hind leg
-2.4985436553724396,-2.5660842618267203,720575941531434371,octopamine,right_dorsal_metathoracic_nerve,ventral_nerve_cord,motor,right,middle-hind leg,TBD,unknown,NA,unknown,MNxm02,unknown_motor_neuron,NA,MNxm02,unknown,right,2,EFF_10,#695B52,NA
-1.9880611057050814,-2.375958200387206,720575941531470821,gaba,right_metathoracic_leg_nerve,ventral_nerve_cord,motor,right,middle-hind leg,TBD,leg_motor,leg_motor_flex_coxa_trochanter_joint,hind leg,accessory_trochanter_flexor_MetaLN,leg_motor_neuron,hind_leg_motor_neuron,accessory_trochanter_flexor_MetaLN,hind leg,right,2,EFF_10,#695B52,hind leg
-7.8209404105909455,0.35465526969030847,720575941531504357,gaba,left_prothoracic_leg_nerve,ventral_nerve_cord,motor,left,front leg,21A,leg_motor,leg_motor_flex_coxa_trochanter_joint,front leg,accessory_trochanter_flexor_posterior_soma_ProLN,leg_motor_neuron,front_leg_motor_neuron,accessory_trochanter_flexor_posterior_soma_ProLN,front leg,left,8,EFF_14,#41A4D5,front leg
2.5688152556650055,1.0258687773425912,720575941531565285,octopamine,left_fourth_abdominal_nerve,ventral_nerve_cord,motor,right,abdomen motor 1,TBD,unknown,NA,abdomen,MNad11,abdomen_motor_neuron,NA,MNad11,abdomen,left,5,EFF_07,#B56FCC,abdomen
-7.677038585639774,-0.18792664616509924,720575941531923147,gaba,left_ventral_prothoracic_nerve,ventral_nerve_cord,motor,left,NA,TBD,leg_motor,leg_motor_move_coxa_anterior,front leg,sternal_anterior_rotator,leg_motor_neuron,front_leg_motor_neuron,sternal_anterior_rotator,front leg,left,8,EFF_14,#41A4D5,front leg
-7.806723033881961,0.1492300072391366,720575941532427754,gaba,left_prothoracic_accessory_nerve,ventral_nerve_cord,motor,left,front leg,13A,leg_motor,leg_motor_flex_coxa_trochanter_joint,front leg,trochanter_flexor_posterior_soma,leg_motor_neuron,front_leg_motor_neuron,trochanter_flexor_posterior_soma,front leg,left,8,EFF_14,#41A4D5,front leg
-1.6236654872663607,-2.9031403025905753,720575941532464562,acetylcholine,right_metathoracic_leg_nerve,ventral_nerve_cord,motor,right,middle-hind leg,15B,leg_motor,leg_motor_flex_femur_tibia_joint,hind leg,accessory_tibia_flexor_B,leg_motor_neuron,hind_leg_motor_neuron,accessory_tibia_flexor_B,hind leg,right,2,EFF_10,#695B52,hind leg
6.440105045341672,1.807531241484437,720575941532477874,acetylcholine,abdominal_nerve_trunk,ventral_nerve_cord,visceral_circulatory,left,abdomen-ureter,06A,ovulation,NA,abdomen,abd_Dsx_OA,ventral_nerve_cord_neurosecretory_cell,reproductive_tract_neurosecretory_cell,abd_Dsx_OA,abdomen,left,3,EFF_05,#9C9286,abdomen
-1.2378639335401644,2.9078975954730844,720575941533190337,gaba,right_posterior_dorsal_mesothoracic_nerve,ventral_nerve_cord,motor,right,flight-energy-power,03B,wing_power,NA,wing power,DLM1-4,wing_motor_neuron,wing_power_motor_neuron,DLM1-4,wing power,right,4,EFF_08,#3D9D98,wing power
6.2816549186937225,-0.8050692042629386,720575941533309194,octopamine,abdominal_nerve_trunk,ventral_nerve_cord,motor,left,thoracic-abdominal,TBD,unknown,NA,unknown thoracic abdominal,ENXXX226,thoracic_abdominal_segmental_motor_neuron,NA,ENXXX226,unknown thoracic abdominal,left,11,EFF_06,#55B151,NA
8.429273689293087,0.18216383845404138,720575941533961091,peptide,right_corpus_cardiacum_nerve,central_brain,visceral_circulatory,left,energy homeostasis,DILP__prim,energy_metabolism_food_intake,"energy_metabolism_food_intake_dARC1,Ilp2,Ilp3,Ilp5",retrocerebral complex,m_NSC_DILP,pars_intercerebralis_neurosecretory_cell,retrocerebral_complex_neurosecretory_cell,m_NSC_DILP,retrocerebral complex,right,6,EFF_04,#79B2E0,retrocerebral complex
6.132507885002316,0.41650259883001794,720575941534082648,gaba,abdominal_nerve_trunk,ventral_nerve_cord,visceral_circulatory,right,abdomen-ovulation,TBD,ovulation,NA,reproductive tract,abd_Dsx_OA,ventral_nerve_cord_neurosecretory_cell,reproductive_tract_neurosecretory_cell,abd_Dsx_OA,reproductive tract,right,3,EFF_05,#9C9286,NA
-2.7803162688978302,-2.626183505944457,720575941534943937,gaba,right_mesothoracic_leg_nerve,ventral_nerve_cord,motor,right,middle-hind leg,21A,leg_motor,leg_motor_extend_coxa_trochanter_joint,middle leg,trochanter_extensor,leg_motor_neuron,middle_leg_motor_neuron,trochanter_extensor,middle leg,right,2,EFF_10,#695B52,middle leg
-6.398666774726688,-3.1031941136638785,720575941534975425,gaba,left_cervical_nerve,ventral_nerve_cord,motor,left,head-eye-antenna,TBD,neck_motor,neck_motor_neck_yaw,neck motor neck yaw,CvNA1,neck_motor_neuron,neck_yaw_motor_neuron,CvNA1,neck motor neck yaw,left,9,EFF_12,#F35438,NA
8.136444175743282,-0.7335795125286246,720575941535103978,serotonin,left_maxillary-labial_nerve,central_brain,visceral_circulatory,left,ingestion-digestion,putative_primary,feeding,NA,digestive tract,DNg28,subesophageal_zone_neurosecretory_cell,digestive_tract_neurosecretory_cell,DNg28,digestive tract,left,6,EFF_04,#79B2E0,digestive tract
6.394954288505734,-0.004498001031127075,720575941535119809,octopamine,left_dorsal_metathoracic_nerve,ventral_nerve_cord,motor,left,abdomen-ovulation,TBD,haltere_motor,NA,unknown,MNxm03,unknown_motor_neuron,NA,MNxm03,unknown,left,3,EFF_05,#9C9286,NA
5.085375869774045,-0.278556223801818,720575941535262179,octopamine,"left_second_abdominal_nerve, right_second_abdominal_nerve",ventral_nerve_cord,visceral_circulatory,right,feeding-endocrine,00B,unknown,NA,abdomen,EN00B025,ventral_nerve_cord_neurosecretory_cell,abdomen_neurosecretory_cell,EN00B025,abdomen,right,11,EFF_06,#55B151,abdomen
8.49925621797961,-1.9793705305378104,720575941535342563,octopamine,left_pharyngeal_nerve,central_brain,motor,left,ingestion-digestion,putative_primary,pharynx_motor,NA,pharynx,MNx02,pharynx_motor_neuron,NA,MNx02,pharynx,left,14,EFF_02,#EF9334,pharynx
-2.4875330085523712,2.1830865183551644,720575941535409178,gaba,left_first_abdominal_nerve,ventral_nerve_cord,motor,left,flight-steering,16B,haltere_steering,NA,haltere steering,MNhm42,haltere_motor_neuron,haltere_steering_neuron,MNhm42,haltere steering,left,4,EFF_08,#3D9D98,haltere steering
-0.48966923902112147,2.3589621821124886,720575941535457256,octopamine,right_posterior_dorsal_mesothoracic_nerve,ventral_nerve_cord,visceral_circulatory,right,flight-energy-power,03B,unknown,NA,wing,efferent_pdmn_neuron,ventral_nerve_cord_neurosecretory_cell,wing_neurosecretory_cell,efferent_pdmn_neuron,wing,right,4,EFF_08,#3D9D98,wing
7.646459186577023,0.2894251385410165,720575941535790314,peptide,left_fourth_abdominal_nerve,ventral_nerve_cord,visceral_circulatory,left,energy homeostasis,TBD,diuresis_stress_tolerance_pain_threshold,"diuresis_stress_tolerance_pain_threshold_Dh44,Lk",abdomen,MNad38,ventral_nerve_cord_neurosecretory_cell,abdomen_neurosecretory_cell,MNad38,abdomen,left,6,EFF_04,#79B2E0,abdomen
6.1635142212144745,-0.8356833419124747,720575941535835736,octopamine,abdominal_nerve_trunk,ventral_nerve_cord,motor,left,thoracic-abdominal,TBD,unknown,NA,unknown thoracic abdominal,ENXXX226,unknown_thoracic_abdominal_motor_neuron,NA,ENXXX226,unknown thoracic abdominal,left,11,EFF_06,#55B151,NA
-2.778463756538211,-3.1261932811062003,720575941535897098,acetylcholine,right_mesothoracic_leg_nerve,ventral_nerve_cord,motor,right,middle-hind leg,15B,leg_motor,leg_motor_flex_femur_tibia_joint,middle leg,accessory_tibia_flexor_B,leg_motor_neuron,middle_leg_motor_neuron,accessory_tibia_flexor_B,middle leg,right,2,EFF_10,#695B52,middle leg
6.483697498344601,0.5223419705112313,720575941535900353,octopamine,abdominal_nerve_trunk,ventral_nerve_cord,visceral_circulatory,left,abdomen-ovulation,TBD,ovulation,NA,reproductive tract,abd_Dsx_OA,ventral_nerve_cord_neurosecretory_cell,reproductive_tract_neurosecretory_cell,abd_Dsx_OA,reproductive tract,left,3,EFF_05,#9C9286,NA
6.58349045565051,0.21721876055792322,720575941536359602,glutamate,abdominal_nerve_trunk,ventral_nerve_cord,visceral_circulatory,left,abdomen-ovulation,TBD,ovulation,NA,reproductive tract,abd_Dsx_OA,ventral_nerve_cord_neurosecretory_cell,reproductive_tract_neurosecretory_cell,abd_Dsx_OA,reproductive tract,left,3,EFF_05,#9C9286,NA
1.686652595304669,1.3524142542560433,720575941536453106,gaba,left_fourth_abdominal_nerve,ventral_nerve_cord,motor,left,abdomen motor 1,06A,unknown,NA,abdomen,MNad10,abdomen_motor_neuron,NA,MNad10,abdomen,left,5,EFF_07,#B56FCC,abdomen
-2.799705898261844,-2.4507185181896354,720575941536577880,gaba,right_mesothoracic_leg_nerve,ventral_nerve_cord,motor,right,middle-hind leg,20B.21B.22B,leg_motor,leg_motor_move_coxa_posterior,middle leg,sternal_posterior_rotator_MesoLN_dorsal_5,leg_motor_neuron,middle_leg_motor_neuron,sternal_posterior_rotator_MesoLN_dorsal_5,middle leg,right,2,EFF_10,#695B52,middle leg
7.073768699669064,1.3288461008746957,720575941536777187,gaba,abdominal_nerve_trunk,ventral_nerve_cord,motor,right,abdomen-ureter,TBD,unknown,NA,abdomen,MNad53,abdomen_motor_neuron,NA,MNad53,abdomen,right,3,EFF_05,#9C9286,abdomen
9.047663772606075,-3.3809319695751334,720575941536822514,gaba,left_maxillary-labial_nerve,central_brain,motor,left,NA,putative_primary,proboscis_motor,proboscis_motor_proboscis_positioning,proboscis,MN1,proboscis_motor_neuron,NA,MN1,proboscis,left,12,EFF_01,#7E378C,proboscis
-8.043575679755985,0.27273035437658777,720575941536923624,gaba,left_prothoracic_accessory_nerve,ventral_nerve_cord,motor,left,front leg,24B.25B,leg_motor,leg_motor_flex_coxa_trochanter_joint,front leg,trochanter_flexor_ProAN,leg_motor_neuron,front_leg_motor_neuron,trochanter_flexor_ProAN,front leg,left,8,EFF_14,#41A4D5,front leg
2.0889731814495933,1.2443887034137582,720575941536986866,gaba,abdominal_nerve_trunk,ventral_nerve_cord,motor,right,abdomen motor 1,TBD,unknown,NA,abdomen,MNad05,abdomen_motor_neuron,NA,MNad05,abdomen,right,5,EFF_07,#B56FCC,abdomen
-5.873677646613895,4.242179993696961,720575941537008370,gaba,left_mesothoracic_leg_nerve,ventral_nerve_cord,motor,left,middle-hind leg,24B.25B,leg_motor,leg_motor_flex_coxa_trochanter_joint,middle leg,accessory_trochanter_flexor,leg_motor_neuron,middle_leg_motor_neuron,accessory_trochanter_flexor,middle leg,left,1,EFF_13,#CF603E,middle leg
-6.364306842780887,4.061342362471375,720575941537495489,glutamate,left_metathoracic_leg_nerve,ventral_nerve_cord,motor,left,middle-hind leg,24B.25B,leg_motor,leg_motor_move_coxa_posterior_lateral,hind leg,pleural_remotor_and_abductor_dorsomedial_ribbon,leg_motor_neuron,hind_leg_motor_neuron,pleural_remotor_and_abductor_dorsomedial_ribbon,hind leg,left,1,EFF_13,#CF603E,hind leg
4.617657745384396,-0.42786764710351477,720575941538026109,serotonin,right_corpus_cardiacum_nerve,central_brain,visceral_circulatory,left,feeding-endocrine,putative_primary,unknown,unknown_Hug,retrocerebral complex,SEZ_NSC_Hugin,subesophageal_zone_neurosecretory_cell,retrocerebral_complex_neurosecretory_cell,SEZ_NSC_Hugin,retrocerebral complex,right,11,EFF_06,#55B151,retrocerebral complex
-1.881689941383182,-2.564804788521972,720575941538082453,gaba,right_metathoracic_leg_nerve,ventral_nerve_cord,motor,right,middle-hind leg,19A,leg_motor,leg_motor_flex_femur_tibia_joint,hind leg,tibia_flexor,leg_motor_neuron,hind_leg_motor_neuron,tibia_flexor,hind leg,right,2,EFF_10,#695B52,hind leg
-3.765500461555301,-5.120078679017272,720575941538128626,octopamine,right_prothoracic_leg_nerve,ventral_nerve_cord,motor,right,front leg,15B,leg_motor,leg_motor_pull_long_tendon,front leg,long_tendon_muscle_B,leg_motor_neuron,front_leg_motor_neuron,long_tendon_muscle_B,front leg,right,7,EFF_11,#E92F2F,front leg
-6.3712991828687775,3.3611117640216683,720575941538762701,gaba,left_metathoracic_leg_nerve,ventral_nerve_cord,motor,left,middle-hind leg,20B.21B.22B,leg_motor,leg_motor_flex_coxa_trochanter_joint,hind leg,trochanter_flexor_posterior_soma,leg_motor_neuron,hind_leg_motor_neuron,trochanter_flexor_posterior_soma,hind leg,left,1,EFF_13,#CF603E,hind leg
-6.530003940559207,3.7446690836627816,720575941538992021,gaba,left_metathoracic_leg_nerve,ventral_nerve_cord,motor,left,middle-hind leg,TBD,leg_motor,leg_motor_move_coxa_anterior,hind leg,sternal_anterior_rotator_ventrolateral_ribbon,leg_motor_neuron,hind_leg_motor_neuron,sternal_anterior_rotator_ventrolateral_ribbon,hind leg,left,1,EFF_13,#CF603E,hind leg
-1.7334064597852816,-2.662720795563903,720575941539565916,gaba,right_metathoracic_leg_nerve,ventral_nerve_cord,motor,right,middle-hind leg,08A,leg_motor,leg_motor_extend_tibia_tarsus_joint,hind leg,tarsus_depressor_B,leg_motor_neuron,hind_leg_motor_neuron,tarsus_depressor_B,hind leg,right,2,EFF_10,#695B52,hind leg
-6.596054470039188,-3.221376653603759,720575941539792220,gaba,right_cervical_nerve,central_brain,motor,left,head-eye-antenna,putative_primary,neck_motor,neck_motor_neck_pitch,neck motor neck pitch,CvN6,neck_motor_neuron,neck_pitch_motor_neuron,CvN6,neck motor neck pitch,right,9,EFF_12,#F35438,NA
5.382201993965329,-0.27734458058282385,720575941539828828,octopamine,"left_second_abdominal_nerve, right_second_abdominal_nerve",ventral_nerve_cord,visceral_circulatory,left,abdomen-ovulation,00B,unknown,NA,abdomen,EN00B024,ventral_nerve_cord_neurosecretory_cell,abdomen_neurosecretory_cell,EN00B024,abdomen,right,11,EFF_06,#55B151,abdomen
6.594832027458371,1.4589165487964486,720575941539999693,octopamine,abdominal_nerve_trunk,ventral_nerve_cord,visceral_circulatory,left,energy homeostasis,00B,unknown,NA,abdomen,EN00B026,ventral_nerve_cord_neurosecretory_cell,abdomen_neurosecretory_cell,EN00B026,abdomen,left,3,EFF_05,#9C9286,abdomen
6.724456871055783,1.2853697577197885,720575941540066333,octopamine,abdominal_nerve_trunk,ventral_nerve_cord,visceral_circulatory,left,abdomen-ovulation,00B,unknown,NA,abdomen,EN00B026,ventral_nerve_cord_neurosecretory_cell,abdomen_neurosecretory_cell,EN00B026,abdomen,left,3,EFF_05,#9C9286,abdomen
1.7018025164834867,1.44171488673285,720575941540889037,acetylcholine,left_fourth_abdominal_nerve,ventral_nerve_cord,motor,left,abdomen motor 1,06A,unknown,NA,abdomen,MNad01,abdomen_motor_neuron,NA,MNad01,abdomen,left,5,EFF_07,#B56FCC,abdomen
-0.680276309943973,1.987517241545472,720575941541136077,glutamate,NA,ventral_nerve_cord,visceral_circulatory,left,flight-energy-power,27X,myomodulation_energy_metabolism,myomodulation_energy_metabolism_FMRFa,neurohemal complex,EN27X010,ventral_nerve_cord_neurosecretory_cell,neurohemal_complex_neurosecretory_cell,EN27X010,neurohemal complex,left,13,EFF_09,#FAC240,neurohemal complex
2.2212914769880188,1.001862887450013,720575941542184477,gaba,right_fourth_abdominal_nerve,ventral_nerve_cord,motor,right,abdomen motor 1,TBD,unknown,NA,abdomen,MNad14,abdomen_motor_neuron,NA,MNad14,abdomen,right,5,EFF_07,#B56FCC,abdomen
-0.9330667609937777,3.009367589064393,720575941542328837,acetylcholine,left_mesothoracic_accessory_nerve,ventral_nerve_cord,motor,left,flight-energy-power,03B,wing_power,NA,wing power,DVM2a-b,wing_motor_neuron,wing_power_motor_neuron,DVM2a-b,wing power,left,4,EFF_08,#3D9D98,wing power
1.5762033705942045,1.1602224150379037,720575941542351621,gaba,abdominal_nerve_trunk,ventral_nerve_cord,motor,right,abdomen motor 1,TBD,unknown,NA,abdomen,MNad16,abdomen_motor_neuron,NA,MNad16,abdomen,right,5,EFF_07,#B56FCC,abdomen
-2.255753433204471,2.426242236204896,720575941542412805,gaba,left_anterior_dorsal_mesothoracic_nerve,ventral_nerve_cord,motor,left,flight-steering,16B,wing_steering,wing_steering_tonic_wing_steering,wing steering,b3,wing_motor_neuron,wing_steering_motor_neuron,b3,wing steering,left,4,EFF_08,#3D9D98,wing steering
-5.693622028327762,3.696074132033143,720575941542417500,gaba,left_mesothoracic_leg_nerve,ventral_nerve_cord,motor,left,middle-hind leg,15B,leg_motor,leg_motor_flex_femur_tibia_joint,middle leg,accessory_tibia_flexor_B,leg_motor_neuron,middle_leg_motor_neuron,accessory_tibia_flexor_B,middle leg,left,1,EFF_13,#CF603E,middle leg
-7.840361988044559,0.16260600478247156,720575941542454876,gaba,left_prothoracic_leg_nerve,ventral_nerve_cord,motor,left,front leg,15B,leg_motor,leg_motor_flex_femur_tibia_joint,front leg,tibia_flexor,leg_motor_neuron,front_leg_motor_neuron,tibia_flexor,front leg,left,8,EFF_14,#41A4D5,front leg
-2.443767940498172,-3.2980079612056876,720575941542738524,gaba,right_mesothoracic_leg_nerve,ventral_nerve_cord,motor,right,middle-hind leg,15B,leg_motor,leg_motor_pull_long_tendon,middle leg,long_tendon_muscle_B,leg_motor_neuron,middle_leg_motor_neuron,long_tendon_muscle_B,middle leg,right,2,EFF_10,#695B52,middle leg
-2.119576847053348,-2.1927409133236075,720575941543372649,gaba,right_metathoracic_leg_nerve,ventral_nerve_cord,motor,right,middle-hind leg,17X,leg_motor,leg_motor_extend_coxa_trochanter_joint,hind leg,trochanter_extensor_MetaLN,leg_motor_neuron,hind_leg_motor_neuron,trochanter_extensor_MetaLN,hind leg,right,2,EFF_10,#695B52,hind leg
6.1395674591295135,-0.8828672727863456,720575941543617724,octopamine,right_anterior_dorsal_mesothoracic_nerve,ventral_nerve_cord,motor,right,thoracic-abdominal,LB7__prim,unknown,NA,unknown thoracic abdominal,ENXXX226,unknown_thoracic_abdominal_motor_neuron,NA,ENXXX226,unknown thoracic abdominal,right,11,EFF_06,#55B151,NA
-2.853275691963016,-3.2043808659832145,720575941543648105,gaba,right_mesothoracic_leg_nerve,ventral_nerve_cord,motor,right,middle-hind leg,15B,leg_motor,leg_motor_flex_femur_tibia_joint,middle leg,accessory_tibia_flexor_B,leg_motor_neuron,middle_leg_motor_neuron,accessory_tibia_flexor_B,middle leg,right,2,EFF_10,#695B52,middle leg
-6.639925395942508,-3.309739585808959,720575941544264041,gaba,right_dorsal_prothoracic_nerve,ventral_nerve_cord,motor,right,head-eye-antenna,16B,neck_motor,neck_motor_neck_roll,neck motor neck roll,DProN3b,neck_motor_neuron,neck_roll_motor_neuron,DProN3b,neck motor neck roll,right,9,EFF_12,#F35438,NA
-1.2212981338270297,2.8907238283832406,720575941544439325,gaba,left_mesothoracic_accessory_nerve,ventral_nerve_cord,motor,left,flight-energy-power,08A,wing_tension,NA,wing tension,PS1,wing_motor_neuron,wing_tension_motor_neuron,PS1,wing tension,left,4,EFF_08,#3D9D98,wing tension
-6.484157001472293,-3.1955625972072745,720575941544483252,gaba,right_cervical_nerve,central_brain,motor,right,head-eye-antenna,putative_primary,neck_motor,neck_motor_neck_yaw,neck motor neck yaw,"CvN1,CvN2",neck_motor_neuron,neck_yaw_motor_neuron,"CvN1,CvN2",neck motor neck yaw,right,9,EFF_12,#F35438,NA
1.6766005997888456,1.3498750963886117,720575941544904116,octopamine,right_fourth_abdominal_nerve,ventral_nerve_cord,motor,right,abdomen motor 1,06A,unknown,NA,abdomen,MNad10,abdomen_motor_neuron,NA,MNad10,abdomen,right,5,EFF_07,#B56FCC,abdomen
-7.704312717414676,0.2763059178073739,720575941545479868,gaba,left_prothoracic_leg_nerve,ventral_nerve_cord,motor,left,front leg,24B.25B,leg_motor,leg_motor_flex_coxa_trochanter_joint,front leg,accessory_trochanter_flexor,leg_motor_neuron,front_leg_motor_neuron,accessory_trochanter_flexor,front leg,left,8,EFF_14,#41A4D5,front leg
8.496239746116817,-1.967203672818389,720575941545525128,acetylcholine,right_pharyngeal_nerve,central_brain,motor,right,ingestion-digestion,putative_primary,pharynx_motor,NA,pharynx,MNx02,pharynx_motor_neuron,NA,MNx02,pharynx,right,14,EFF_02,#EF9334,pharynx
9.07306917955798,-3.294786806992736,720575941545764232,acetylcholine,right_maxillary-labial_nerve,central_brain,motor,right,proboscis-antenna,putative_primary,proboscis_motor,proboscis_motor_proboscis_positioning,proboscis,MN2V,proboscis_motor_neuron,NA,MN2V,proboscis,right,12,EFF_01,#7E378C,proboscis
6.863043869041623,0.46034229189947595,720575941545785276,dopamine,abdominal_nerve_trunk,ventral_nerve_cord,motor,right,abdomen-ovulation,TBD,unknown,NA,abdomen,MNad17,abdomen_motor_neuron,NA,MNad17,abdomen,right,3,EFF_05,#9C9286,abdomen
-2.4567622298963654,2.2273131647785043,720575941546693225,octopamine,"left_dorsal_metathoracic_nerve, right_dorsal_metathoracic_nerve",neck_connective,ascending_visceral_circulatory,right,flight-energy-power,00B,unknown,NA,NA,EA00B006,ventral_nerve_cord_neurosecretory_cell,NA,EA00B006,NA,right,4,EFF_08,#3D9D98,NA
2.0861219336621177,0.8409534731586312,720575941546791969,gaba,abdominal_nerve_trunk,ventral_nerve_cord,motor,left,abdomen motor 1,06B,unknown,NA,abdomen,MNad08,abdomen_motor_neuron,NA,MNad08,abdomen,left,5,EFF_07,#B56FCC,abdomen
-1.4024180526502719,2.371841076918397,720575941546998972,gaba,left_first_abdominal_nerve,ventral_nerve_cord,motor,left,flight-steering,08A,haltere_power,NA,haltere power,hDVM MN,haltere_motor_neuron,haltere_power_neuron,hDVM MN,haltere power,left,4,EFF_08,#3D9D98,haltere power
8.903037155174435,-3.0013961753170157,720575941547120161,glutamate,right_maxillary-labial_nerve,central_brain,motor,right,proboscis-antenna,putative_primary,proboscis_motor,proboscis_motor_labellar_spreading,proboscis,MN8,proboscis_motor_neuron,NA,MN8,proboscis,right,12,EFF_01,#7E378C,proboscis
-5.610303318000613,3.408692483015809,720575941547132040,gaba,left_mesothoracic_leg_nerve,ventral_nerve_cord,motor,left,middle-hind leg,15B,leg_motor,leg_motor_pull_long_tendon,middle leg,long_tendon_muscle_B_tibia,leg_motor_neuron,middle_leg_motor_neuron,long_tendon_muscle_B_tibia,middle leg,left,1,EFF_13,#CF603E,middle leg
8.2114807014696,-1.2660952618639136,720575941547204488,acetylcholine,left_maxillary-labial_nerve,central_brain,motor,left,ingestion-digestion,putative_primary,salivary_motor,NA,salivary gland,MN13,salivary_motor_neuron,NA,MN13,salivary gland,left,14,EFF_02,#EF9334,salivary gland
8.509555900596798,0.1049180069644784,720575941547282620,serotonin,left_corpus_cardiacum_nerve,central_brain,visceral_circulatory,right,energy homeostasis,DILP__prim,energy_metabolism_food_intake,"energy_metabolism_food_intake_dARC1,Ilp2,Ilp3,Ilp5",retrocerebral complex,m_NSC_DILP,pars_intercerebralis_neurosecretory_cell,retrocerebral_complex_neurosecretory_cell,m_NSC_DILP,retrocerebral complex,left,6,EFF_04,#79B2E0,retrocerebral complex
-2.1585773582227814,2.5334783831317758,720575941547315060,gaba,left_anterior_dorsal_mesothoracic_nerve,ventral_nerve_cord,motor,left,flight-steering,16B,wing_steering,wing_steering_phasic_wing_steering,wing steering,i1,wing_motor_neuron,wing_steering_motor_neuron,i1,wing steering,left,4,EFF_08,#3D9D98,wing steering
6.477254474662961,0.11840689570501794,720575941547348029,octopamine,abdominal_nerve_trunk,ventral_nerve_cord,visceral_circulatory,left,abdomen-ovulation,TBD,ovulation,NA,reproductive tract,abd_Dsx_OA,ventral_nerve_cord_neurosecretory_cell,reproductive_tract_neurosecretory_cell,abd_Dsx_OA,reproductive tract,left,3,EFF_05,#9C9286,NA
6.2977729683153045,-0.656307037762847,720575941547371325,glutamate,abdominal_nerve_trunk,ventral_nerve_cord,motor,left,thoracic-abdominal,putative_primary,unknown,NA,unknown thoracic abdominal,ENXXX226,unknown_thoracic_abdominal_motor_neuron,NA,ENXXX226,unknown thoracic abdominal,left,11,EFF_06,#55B151,NA
-4.21296540448743,-5.171612854890075,720575941547393825,acetylcholine,right_prothoracic_leg_nerve,ventral_nerve_cord,motor,right,front leg,15B,leg_motor,leg_motor_flex_femur_tibia_joint,front leg,tibia_flexor,leg_motor_neuron,front_leg_motor_neuron,tibia_flexor,front leg,right,7,EFF_11,#E92F2F,front leg
-1.8995837325819125,2.6035043039996957,720575941547394081,gaba,left_anterior_dorsal_mesothoracic_nerve,ventral_nerve_cord,motor,left,flight-steering,16B,wing_steering,wing_steering_tonic_wing_steering,wing steering,i2,wing_motor_neuron,wing_steering_motor_neuron,i2,wing steering,left,4,EFF_08,#3D9D98,wing steering
7.996255958580197,0.27055228144720544,720575941548341053,octopamine,right_corpus_cardiacum_nerve,central_brain,visceral_circulatory,left,energy homeostasis,DILP__prim,unknown,NA,retrocerebral complex,m_NSC_unknown,pars_intercerebralis_neurosecretory_cell,retrocerebral_complex_neurosecretory_cell,m_NSC_unknown,retrocerebral complex,right,6,EFF_04,#79B2E0,retrocerebral complex
-6.282500659919559,-3.2338088712017203,720575941548493857,gaba,left_cervical_nerve,central_brain,motor,left,head-eye-antenna,LB12__prim,neck_motor,neck_motor_neck_yaw,neck motor neck yaw,"CvN1,CvN2",neck_motor_neuron,neck_yaw_motor_neuron,"CvN1,CvN2",neck motor neck yaw,left,9,EFF_12,#F35438,NA
-7.734959995246707,-0.37272220461770544,720575941548546696,gaba,left_prothoracic_accessory_nerve,ventral_nerve_cord,motor,left,front leg,21A,leg_motor,leg_motor_move_coxa_posterior_lateral,front leg,pleural_remotor_and_abductor,leg_motor_neuron,front_leg_motor_neuron,pleural_remotor_and_abductor,front leg,left,8,EFF_14,#41A4D5,front leg
1.769959518813313,1.4178255835254525,720575941548856381,gaba,left_fourth_abdominal_nerve,ventral_nerve_cord,motor,right,abdomen motor 1,TBD,unknown,NA,abdomen,MNad02,abdomen_motor_neuron,NA,MNad02,abdomen,left,5,EFF_07,#B56FCC,abdomen
-7.725229656196414,-0.1802360972683097,720575941549009663,gaba,left_prothoracic_accessory_nerve,ventral_nerve_cord,motor,left,front leg,03A,leg_motor,leg_motor_move_coxa_posterior,front leg,sternal_posterior_rotator,leg_motor_neuron,front_leg_motor_neuron,sternal_posterior_rotator,front leg,left,8,EFF_14,#41A4D5,front leg
-5.699841892219363,3.2965155878742074,720575941549397247,acetylcholine,right_posterior_dorsal_mesothoracic_nerve,ventral_nerve_cord,visceral_circulatory,left,middle-hind leg,18B,unknown,NA,wing,PSI,peripheral_intrinsic_neuron,wing_peripheral_intrinsic_neuron,PSI,wing,right,1,EFF_13,#CF603E,wing
-5.934868251777469,3.2002235689838265,720575941549456673,acetylcholine,left_metathoracic_leg_nerve,ventral_nerve_cord,motor,left,middle-hind leg,15B,leg_motor,leg_motor_pull_long_tendon,hind leg,long_tendon_muscle_ltm_B,leg_motor_neuron,hind_leg_motor_neuron,long_tendon_muscle_ltm_B,hind leg,left,1,EFF_13,#CF603E,hind leg
-3.928300296760379,-4.9346054753582145,720575941549819710,gaba,right_prothoracic_leg_nerve,ventral_nerve_cord,motor,right,front leg,15B,leg_motor,leg_motor_flex_femur_tibia_joint,front leg,accessory_tibia_flexor_B,leg_motor_neuron,front_leg_motor_neuron,accessory_tibia_flexor_B,front leg,right,7,EFF_11,#E92F2F,front leg
-2.0986551399000275,2.5445672312457894,720575941549822781,gaba,right_anterior_dorsal_mesothoracic_nerve,ventral_nerve_cord,motor,right,flight-steering,16B,wing_steering,wing_steering_tonic_wing_steering,wing steering,b1,wing_motor_neuron,wing_steering_motor_neuron,b1,wing steering,right,4,EFF_08,#3D9D98,wing steering
6.332792842888058,1.097267750807557,720575941549868093,serotonin,abdominal_nerve_trunk,ventral_nerve_cord,motor,left,NA,TBD,unknown,NA,abdomen,MNad17,abdomen_motor_neuron,NA,MNad17,abdomen,left,3,EFF_05,#9C9286,abdomen
-6.380949413276492,3.5277611056049203,720575941549899892,glutamate,left_first_abdominal_nerve,ventral_nerve_cord,motor,left,middle-hind leg,TBD,leg_motor,leg_motor_extend_coxa_trochanter_joint,hind leg,tergotrochanter_extensor_MetaAN,leg_motor_neuron,hind_leg_motor_neuron,tergotrochanter_extensor_MetaAN,hind leg,left,1,EFF_13,#CF603E,hind leg
-2.831037914253055,-2.9975181779186393,720575941549915252,gaba,right_posterior_dorsal_mesothoracic_nerve,ventral_nerve_cord,motor,right,middle-hind leg,TBD,leg_motor,leg_motor_extend_coxa_trochanter_joint,middle leg,tergotrochanter_extensor,leg_motor_neuron,middle_leg_motor_neuron,tergotrochanter_extensor,middle leg,right,2,EFF_10,#695B52,middle leg
-7.121637737251102,0.38520515353277673,720575941549984289,gaba,left_second_abdominal_nerve,ventral_nerve_cord,motor,left,front leg,03B,unknown,NA,abdomen,MNad33,abdomen_motor_neuron,NA,MNad33,abdomen,left,8,EFF_14,#41A4D5,abdomen
8.536179149650753,-0.318819518975463,720575941549998369,acetylcholine,right_pharyngeal_nerve_or_accessory_pharyngeal_nerve,central_brain,motor,right,ingestion-digestion,putative_primary,crop_motor,crop_motor_crop_entry,crop,CEM,crop_motor_neuron,NA,CEM,crop,right,6,EFF_04,#79B2E0,crop
8.506842220329464,0.1152787247379159,720575941550006817,serotonin,right_corpus_cardiacum_nerve,central_brain,visceral_circulatory,right,energy homeostasis,DILP__prim,energy_metabolism_food_intake,"energy_metabolism_food_intake_dARC1,Ilp2,Ilp3,Ilp5",retrocerebral complex,m_NSC_DILP,pars_intercerebralis_neurosecretory_cell,retrocerebral_complex_neurosecretory_cell,m_NSC_DILP,retrocerebral complex,right,6,EFF_04,#79B2E0,retrocerebral complex
5.91163667490405,0.6558085718829965,720575941550035828,octopamine,abdominal_nerve_trunk,ventral_nerve_cord,motor,right,abdomen-ovulation,TBD,unknown,NA,abdomen,CV1007,abdomen_motor_neuron,NA,CV1007,abdomen,right,3,EFF_05,#9C9286,abdomen
6.916988933586301,1.4036606589038705,720575941550051873,peptide,abdominal_nerve_trunk,ventral_nerve_cord,motor,left,abdomen-ureter,13B,unknown,NA,abdomen,MNad52,abdomen_motor_neuron,NA,MNad52,abdomen,left,3,EFF_05,#9C9286,abdomen
5.865888917946042,-0.2096484860698844,720575941550577780,serotonin,left_second_abdominal_nerve,ventral_nerve_cord,visceral_circulatory,left,abdomen-ovulation,TBD,unknown,NA,abdomen,ENXXX012,ventral_nerve_cord_neurosecretory_cell,abdomen_neurosecretory_cell,ENXXX012,abdomen,left,3,EFF_05,#9C9286,abdomen
-4.101291095710574,-5.107031222275939,720575941551010695,gaba,right_prothoracic_leg_nerve,ventral_nerve_cord,motor,right,front leg,19A,leg_motor,leg_motor_flex_femur_tibia_joint,front leg,tibia_flexor,leg_motor_neuron,front_leg_motor_neuron,tibia_flexor,front leg,right,7,EFF_11,#E92F2F,front leg
6.726318443321408,1.6029318609912728,720575941551253309,octopamine,abdominal_nerve_trunk,ventral_nerve_cord,visceral_circulatory,left,abdomen-ureter,00B,unknown,NA,abdomen,EN00B013,ventral_nerve_cord_neurosecretory_cell,abdomen_neurosecretory_cell,EN00B013,abdomen,left,3,EFF_05,#9C9286,abdomen
-7.874033367133914,0.12590039164618005,720575941551356570,gaba,left_ventral_prothoracic_nerve,ventral_nerve_cord,motor,left,front leg,24B.25B,leg_motor,leg_motor_flex_coxa_trochanter_joint,front leg,trochanter_flexor_VProN,leg_motor_neuron,front_leg_motor_neuron,trochanter_flexor_VProN,front leg,left,8,EFF_14,#41A4D5,front leg
5.92653449823779,0.8266094961841439,720575941551439643,gaba,abdominal_nerve_trunk,ventral_nerve_cord,motor,right,abdomen-ovulation,TBD,unknown,NA,abdomen,MNad49,abdomen_motor_neuron,NA,MNad49,abdomen,right,3,EFF_05,#9C9286,abdomen
6.206924045585812,-0.8835759422104026,720575941551611015,octopamine,left_fourth_abdominal_nerve,ventral_nerve_cord,motor,left,thoracic-abdominal,TBD,unknown,NA,unknown thoracic abdominal,ENXXX226,thoracic_abdominal_segmental_motor_neuron,NA,ENXXX226,unknown thoracic abdominal,left,11,EFF_06,#55B151,NA
-1.0845665092237582,2.028220538206849,720575941551713415,acetylcholine,left_first_abdominal_nerve,ventral_nerve_cord,motor,left,flight-energy-power,03B,haltere_motor,NA,haltere,CV1037,haltere_motor_neuron,haltere_power_neuron,CV1037,haltere,left,4,EFF_08,#3D9D98,haltere
2.2215473001233947,1.5322855749805306,720575941551967487,serotonin,abdominal_nerve_trunk,ventral_nerve_cord,motor,left,abdomen motor 1,TBD,unknown,NA,abdomen,MNad06,abdomen_motor_neuron,NA,MNad06,abdomen,left,5,EFF_07,#B56FCC,abdomen
8.517256820701778,0.11924839407995691,720575941552141191,glutamate,left_corpus_cardiacum_nerve,central_brain,visceral_circulatory,right,energy homeostasis,DILP__prim,energy_metabolism_food_intake,"energy_metabolism_food_intake_dARC1,Ilp2,Ilp3,Ilp5",retrocerebral complex,m_NSC_DILP,pars_intercerebralis_neurosecretory_cell,retrocerebral_complex_neurosecretory_cell,m_NSC_DILP,retrocerebral complex,left,6,EFF_04,#79B2E0,retrocerebral complex
-1.8885654563673129,-2.2837119063655997,720575941552926747,gaba,right_metathoracic_leg_nerve,ventral_nerve_cord,motor,right,middle-hind leg,15B,leg_motor,leg_motor_extend_tibia_tarsus_joint,hind leg,tarsus_depressor_B,leg_motor_neuron,hind_leg_motor_neuron,tarsus_depressor_B,hind leg,right,2,EFF_10,#695B52,hind leg
-0.11334053227978846,1.6463135519702767,720575941553011713,acetylcholine,right_metathoracic_leg_nerve,ventral_nerve_cord,motor,right,abdomen motor 2,TBD,haltere_motor,NA,haltere,MNhl59,haltere_motor_neuron,NA,MNhl59,haltere,right,13,EFF_09,#FAC240,haltere
-6.479365741706668,-3.463650341920104,720575941553264211,acetylcholine,left_cervical_nerve,central_brain,motor,left,head-eye-antenna,putative_primary,neck_motor,neck_motor_neck_roll,neck motor neck roll,CvN3,neck_motor_neuron,neck_roll_motor_neuron,CvN3,neck motor neck roll,left,9,EFF_12,#F35438,NA
-1.0891338939436068,2.6558247843463754,720575941553268798,octopamine,"left_anterior_dorsal_mesothoracic_nerve, right_anterior_dorsal_mesothoracic_nerve",ventral_nerve_cord,visceral_circulatory,right,flight-energy-power,00B,unknown,NA,wing,EN00B015,ventral_nerve_cord_neurosecretory_cell,wing_neurosecretory_cell,EN00B015,wing,right,4,EFF_08,#3D9D98,wing
5.793722475074948,-0.22272157280847082,720575941553286628,peptide,NA,ventral_nerve_cord,visceral_circulatory,NA,NA,TBD,anti_diuresis_stress_tolerance_energy_metabolism,anti_diuresis_stress_tolerance_energy_metabolism_Capa,neurohemal complex,ENXXX012,ventral_nerve_cord_neurosecretory_cell,neurohemal_complex_neurosecretory_cell,ENXXX012,neurohemal complex,NA,3,EFF_05,#9C9286,neurohemal complex
-6.04689923474866,4.232981328078065,720575941553503460,gaba,left_mesothoracic_leg_nerve,ventral_nerve_cord,motor,left,middle-hind leg,24B.25B,leg_motor,leg_motor_move_coxa_posterior_lateral,middle leg,pleural_remotor_and_abductor_MesoLN_dorsal_5,leg_motor_neuron,middle_leg_motor_neuron,pleural_remotor_and_abductor_MesoLN_dorsal_5,middle leg,left,1,EFF_13,#CF603E,middle leg
-4.0967349166639435,-5.1916807851116324,720575941553597502,serotonin,right_ventral_prothoracic_nerve,ventral_nerve_cord,motor,right,front leg,24B.25B,leg_motor,leg_motor_unknown_leg_movement,front leg,femur_reductor_tiny,leg_motor_neuron,front_leg_motor_neuron,femur_reductor_tiny,front leg,right,7,EFF_11,#E92F2F,front leg
0.725395167373837,1.3403836527545785,720575941553640676,dopamine,right_second_abdominal_nerve,ventral_nerve_cord,motor,right,abdomen motor 2,03B,unknown,NA,abdomen,MNad45,abdomen_motor_neuron,NA,MNad45,abdomen,right,13,EFF_09,#FAC240,abdomen
-0.11108008573132655,1.406934145994935,720575941553641188,gaba,right_second_abdominal_nerve,ventral_nerve_cord,motor,right,abdomen motor 2,03B,unknown,NA,abdomen,MNad47,abdomen_motor_neuron,NA,MNad47,abdomen,right,13,EFF_09,#FAC240,abdomen
-2.8251489753492462,-2.7513484916011954,720575941553691876,gaba,right_mesothoracic_leg_nerve,ventral_nerve_cord,motor,right,middle-hind leg,24B.25B,leg_motor,leg_motor_flex_coxa_trochanter_joint,middle leg,trochanter_flexor_MesoAN,leg_motor_neuron,middle_leg_motor_neuron,trochanter_flexor_MesoAN,middle leg,right,2,EFF_10,#695B52,middle leg
8.908629978202999,-2.9625238141338492,720575941553702042,acetylcholine,left_maxillary-labial_nerve,central_brain,motor,left,proboscis-antenna,putative_primary,proboscis_motor,proboscis_motor_labellar_spreading,proboscis,MN8,proboscis_motor_neuron,NA,MN8,proboscis,left,12,EFF_01,#7E378C,proboscis
-6.388718997932254,3.7015920916278695,720575941554483354,gaba,left_metathoracic_leg_nerve,ventral_nerve_cord,motor,left,middle-hind leg,19B,leg_motor,leg_motor_flex_coxa_trochanter_joint,hind leg,trochanter_flexor_dorsomedial_ribbon,leg_motor_neuron,hind_leg_motor_neuron,trochanter_flexor_dorsomedial_ribbon,hind leg,left,1,EFF_13,#CF603E,hind leg
-5.697281753516971,4.0259023943622445,720575941554765722,gaba,left_mesothoracic_leg_nerve,ventral_nerve_cord,motor,left,middle-hind leg,24B.25B,leg_motor,leg_motor_flex_coxa_trochanter_joint,middle leg,trochanter_flexor_MesoAN_posterior_soma,leg_motor_neuron,middle_leg_motor_neuron,trochanter_flexor_MesoAN_posterior_soma,middle leg,left,1,EFF_13,#CF603E,middle leg
1.7986173128120313,1.47260129839972,720575941554833572,gaba,abdominal_nerve_trunk,ventral_nerve_cord,motor,right,abdomen motor 1,19B,unknown,NA,abdomen,MNad10,abdomen_motor_neuron,NA,MNad10,abdomen,right,5,EFF_07,#B56FCC,abdomen
-0.7149764652021517,1.455114726134095,720575941554888612,gaba,right_second_abdominal_nerve,ventral_nerve_cord,motor,right,abdomen motor 2,03B,unknown,NA,abdomen,MNad40,abdomen_motor_neuron,NA,MNad40,abdomen,right,13,EFF_09,#FAC240,abdomen
-1.0883142108686557,2.785107735701356,720575941555120612,gaba,right_mesothoracic_accessory_nerve,ventral_nerve_cord,motor,right,flight-energy-power,08A,wing_tension,NA,wing tension,PSn_u,wing_motor_neuron,wing_tension_motor_neuron,PSn_u,wing tension,right,4,EFF_08,#3D9D98,wing tension
-0.9866181964643588,2.032631520338807,720575941555256833,acetylcholine,right_first_abdominal_nerve,ventral_nerve_cord,motor,right,flight-energy-power,16B,haltere_steering,NA,haltere steering,hiii2 MN,haltere_motor_neuron,haltere_steering_neuron,hiii2 MN,haltere steering,right,4,EFF_08,#3D9D98,haltere steering
-2.7611750716932404,-3.167558427743163,720575941555493156,dopamine,right_mesothoracic_leg_nerve,ventral_nerve_cord,motor,right,middle-hind leg,15B,leg_motor,leg_motor_flex_femur_tibia_joint,middle leg,accessory_tibia_flexor_B,leg_motor_neuron,middle_leg_motor_neuron,accessory_tibia_flexor_B,middle leg,right,2,EFF_10,#695B52,middle leg
-6.09179726789075,4.42618000895575,720575941556144100,gaba,left_mesothoracic_leg_nerve,ventral_nerve_cord,motor,left,middle-hind leg,20B.21B.22B,leg_motor,leg_motor_move_coxa_posterior,middle leg,sternal_posterior_rotator_MesoLN_dorsal_5,leg_motor_neuron,middle_leg_motor_neuron,sternal_posterior_rotator_MesoLN_dorsal_5,middle leg,left,1,EFF_13,#CF603E,middle leg
-1.2764610404737582,2.0814462938983773,720575941556189924,glutamate,NA,ventral_nerve_cord,ascending_visceral_circulatory,right,flight-energy-power,06B,unknown,NA,wing,EA06B010,ventral_nerve_cord_neurosecretory_cell,wing_neurosecretory_cell,EA06B010,wing,right,4,EFF_08,#3D9D98,wing
-5.669207488990604,3.9643746653278207,720575941556245156,gaba,left_mesothoracic_leg_nerve,ventral_nerve_cord,motor,left,middle-hind leg,15B,leg_motor,leg_motor_flex_femur_tibia_joint,middle leg,accessory_tibia_flexor_A,leg_motor_neuron,middle_leg_motor_neuron,accessory_tibia_flexor_A,middle leg,left,1,EFF_13,#CF603E,middle leg
-4.434311305976688,-4.991015072755065,720575941556297811,gaba,right_dorsal_prothoracic_nerve,ventral_nerve_cord,motor,right,NA,08A,leg_motor,leg_motor_move_coxa_anterior,front leg,tergopleural_promotor_pleural_promotor_miller_28_30,leg_motor_neuron,front_leg_motor_neuron,tergopleural_promotor_pleural_promotor_miller_28_30,front leg,right,7,EFF_11,#E92F2F,front leg
8.450010860466183,-1.8752942046444083,720575941556390116,glutamate,right_pharyngeal_nerve,central_brain,motor,right,ingestion-digestion,putative_primary,pharynx_motor,NA,pharynx,MNx01,pharynx_motor_neuron,NA,MNx01,pharynx,right,14,EFF_02,#EF9334,pharynx
-2.7111705894239533,-3.0569101533214713,720575941556850771,gaba,right_mesothoracic_leg_nerve,ventral_nerve_cord,motor,right,middle-hind leg,15B,leg_motor,leg_motor_flex_femur_tibia_joint,middle leg,accessory_tibia_flexor_B,leg_motor_neuron,middle_leg_motor_neuron,accessory_tibia_flexor_B,middle leg,right,2,EFF_10,#695B52,middle leg
-6.00280801007825,-3.6819883546154166,720575941557406756,glutamate,right_antennal_nerve,central_brain,motor,right,head-eye-antenna,putative_primary,retina_motor,NA,eye,CB0804,eye_motor_neuron,NA,CB0804,eye,right,9,EFF_12,#F35438,eye
-4.0975541229017365,-5.199198122910705,720575941557543918,gaba,right_prothoracic_leg_nerve,ventral_nerve_cord,motor,right,front leg,19A,leg_motor,leg_motor_flex_femur_tibia_joint,front leg,tibia_flexor,leg_motor_neuron,front_leg_motor_neuron,tibia_flexor,front leg,right,7,EFF_11,#E92F2F,front leg
-6.151004230476199,-3.5872665604869987,720575941557562862,glutamate,right_dorsal_prothoracic_nerve,ventral_nerve_cord,visceral_circulatory,right,head-eye-antenna,21X,unknown,NA,prothorax,EN21X001,ventral_nerve_cord_neurosecretory_cell,prothorax_neurosecretory_cell,EN21X001,prothorax,right,9,EFF_12,#F35438,NA
8.923303211235226,-3.0153545102398063,720575941558268943,octopamine,right_maxillary-labial_nerve,central_brain,motor,right,proboscis-antenna,putative_primary,proboscis_motor,proboscis_motor_labellar_spreading,proboscis,MN7,proboscis_motor_neuron,NA,MN7,proboscis,right,12,EFF_01,#7E378C,proboscis
-2.453158294654666,-3.0092902144710685,720575941558562093,acetylcholine,right_mesothoracic_leg_nerve,ventral_nerve_cord,motor,right,middle-hind leg,15B,leg_motor,leg_motor_flex_femur_tibia_joint,middle leg,accessory_tibia_flexor_A,leg_motor_neuron,middle_leg_motor_neuron,accessory_tibia_flexor_A,middle leg,right,2,EFF_10,#695B52,middle leg
-5.974438583350955,4.397470120497498,720575941558861839,acetylcholine,left_mesothoracic_leg_nerve,ventral_nerve_cord,motor,left,middle-hind leg,19A,leg_motor,leg_motor_move_coxa_anterior,middle leg,sternal_anterior_rotator_MesoLN_ventral_2,leg_motor_neuron,middle_leg_motor_neuron,sternal_anterior_rotator_MesoLN_ventral_2,middle leg,left,1,EFF_13,#CF603E,middle leg
5.1574858074418914,2.486005667753968,720575941558882163,acetylcholine,abdominal_nerve_trunk,ventral_nerve_cord,motor,left,abdomen-egg-laying,TBD,unknown,NA,abdomen,CV1027,abdomen_motor_neuron,NA,CV1027,abdomen,left,10,EFF_03,#9FB555,abdomen
2.213727438949765,0.7312885561664437,720575941558884979,octopamine,abdominal_nerve_trunk,ventral_nerve_cord,motor,right,abdomen motor 1,TBD,unknown,NA,abdomen,720575941558884979,abdomen_motor_neuron,NA,NA,abdomen,right,5,EFF_07,#B56FCC,abdomen
-6.0023674125440705,3.8737980166156625,720575941558995950,gaba,left_mesothoracic_leg_nerve,ventral_nerve_cord,motor,left,middle-hind leg,16B,leg_motor,leg_motor_flex_femur_tibia_joint,middle leg,accessory_tibia_flexor_B,leg_motor_neuron,middle_leg_motor_neuron,accessory_tibia_flexor_B,middle leg,left,1,EFF_13,#CF603E,middle leg
-4.113302623725711,-5.151744481019225,720575941559281679,gaba,right_prothoracic_leg_nerve,ventral_nerve_cord,motor,right,front leg,15B,leg_motor,leg_motor_flex_femur_tibia_joint,front leg,accessory_tibia_flexor_A,leg_motor_neuron,front_leg_motor_neuron,accessory_tibia_flexor_A,front leg,right,7,EFF_11,#E92F2F,front leg
-1.6391252631910433,-2.743699785165038,720575941559306355,gaba,right_metathoracic_leg_nerve,ventral_nerve_cord,motor,right,middle-hind leg,24B.25B,leg_motor,leg_motor_flex_coxa_trochanter_joint,hind leg,trochanter_flexor_posterior_soma,leg_motor_neuron,hind_leg_motor_neuron,trochanter_flexor_posterior_soma,hind leg,right,2,EFF_10,#695B52,hind leg
-2.2431205863721955,-2.6785082778255607,720575941559314989,acetylcholine,right_metathoracic_leg_nerve,ventral_nerve_cord,motor,right,middle-hind leg,17A,leg_motor,leg_motor_unknown_leg_movement,hind leg,femur_reductor,leg_motor_neuron,hind_leg_motor_neuron,femur_reductor,hind leg,right,2,EFF_10,#695B52,hind leg
1.767502123617352,1.2767432966907357,720575941559964175,gaba,left_fourth_abdominal_nerve,ventral_nerve_cord,motor,left,abdomen motor 1,TBD,unknown,NA,abdomen,MNad01,abdomen_motor_neuron,NA,MNad01,abdomen,left,5,EFF_07,#B56FCC,abdomen
-4.294067298866092,-5.000149365357604,720575941559978797,acetylcholine,right_prothoracic_accessory_nerve,ventral_nerve_cord,motor,right,front leg,21A,leg_motor,leg_motor_move_coxa_posterior,front leg,sternal_posterior_rotator_miller_32,leg_motor_neuron,front_leg_motor_neuron,sternal_posterior_rotator_miller_32,front leg,right,7,EFF_11,#E92F2F,front leg
6.346990192436398,-0.6437345704357291,720575941560345359,acetylcholine,abdominal_nerve_trunk,ventral_nerve_cord,motor,right,thoracic-abdominal,TBD,unknown,NA,unknown thoracic abdominal,ENXXX226,thoracic_abdominal_segmental_motor_neuron,NA,ENXXX226,unknown thoracic abdominal,right,11,EFF_06,#55B151,NA
-1.008804952598392,3.031227711745057,720575941560383347,gaba,left_anterior_dorsal_mesothoracic_nerve,ventral_nerve_cord,motor,left,flight-energy-power,16B,wing_power,NA,wing power,DVM1a-c,wing_motor_neuron,wing_power_motor_neuron,DVM1a-c,wing power,left,4,EFF_08,#3D9D98,wing power
-4.606472885108768,-4.996529456071105,720575941560573608,gaba,right_prothoracic_leg_nerve,ventral_nerve_cord,motor,right,front leg,15B,leg_motor,leg_motor_extend_tibia_tarsus_joint,front leg,tarsus_depressor_retro_tarsus_depressor,leg_motor_neuron,front_leg_motor_neuron,tarsus_depressor_retro_tarsus_depressor,front leg,right,7,EFF_11,#E92F2F,front leg
-7.685774242378055,-0.17025351136132727,720575941561204626,gaba,left_prothoracic_leg_nerve,ventral_nerve_cord,motor,left,front leg,16B,leg_motor,leg_motor_unknown_leg_movement,front leg,femur_reductor,leg_motor_neuron,front_leg_motor_neuron,femur_reductor,front leg,left,8,EFF_14,#41A4D5,front leg
-4.0969413871534455,-5.170622225693908,720575941561433746,gaba,right_prothoracic_leg_nerve,ventral_nerve_cord,motor,right,front leg,15B,leg_motor,leg_motor_flex_tibia_tarsus_joint,front leg,tarsus_levator_D,leg_motor_neuron,front_leg_motor_neuron,tarsus_levator_D,front leg,right,7,EFF_11,#E92F2F,front leg
-1.4154080505140414,2.518675450392518,720575941561531181,gaba,right_first_abdominal_nerve,ventral_nerve_cord,motor,right,flight-steering,08A,haltere_steering,NA,haltere steering,hi1 MN,haltere_motor_neuron,haltere_steering_neuron,hi1 MN,haltere steering,right,4,EFF_08,#3D9D98,haltere steering
-7.459576999641238,0.2745004931171273,720575941561977088,octopamine,left_prothoracic_leg_nerve,ventral_nerve_cord,motor,left,front leg,15B,leg_motor,leg_motor_extend_tibia_tarsus_joint,front leg,tarsus_depressor_B,leg_motor_neuron,front_leg_motor_neuron,tarsus_depressor_B,front leg,left,8,EFF_14,#41A4D5,front leg
-0.9321874732740512,2.08026469142035,720575941562029224,gaba,right_metathoracic_leg_nerve,ventral_nerve_cord,motor,right,flight-energy-power,06A,haltere_motor,NA,haltere,MNhl87,haltere_motor_neuron,NA,MNhl87,haltere,right,4,EFF_08,#3D9D98,haltere
4.641064012550534,2.2592259684284066,720575941562061568,octopamine,abdominal_nerve_trunk,ventral_nerve_cord,motor,right,abdomen motor 1,TBD,unknown,NA,abdomen,MNad06,abdomen_motor_neuron,NA,MNad06,abdomen,right,10,EFF_03,#9FB555,abdomen
-2.185929214454471,-2.231268342427459,720575941562065920,gaba,right_metathoracic_leg_nerve,ventral_nerve_cord,motor,right,middle-hind leg,24B.25B,leg_motor,leg_motor_move_coxa_posterior_lateral,hind leg,pleural_remotor_and_abductor_dorsomedial_ribbon,leg_motor_neuron,hind_leg_motor_neuron,pleural_remotor_and_abductor_dorsomedial_ribbon,hind leg,right,2,EFF_10,#695B52,hind leg
4.891917074226559,2.2879968920429086,720575941562109440,octopamine,abdominal_nerve_trunk,ventral_nerve_cord,motor,left,abdomen-egg-laying,TBD,unknown,NA,abdomen,MNad02,abdomen_motor_neuron,NA,MNad02,abdomen,left,10,EFF_03,#9FB555,abdomen
-2.2860607261427033,-2.1339768132488395,720575941562150568,gaba,right_metathoracic_leg_nerve,ventral_nerve_cord,motor,right,middle-hind leg,21A,leg_motor,leg_motor_move_coxa_posterior,hind leg,sternal_posterior_rotator_dorsomedial_ribbon,leg_motor_neuron,hind_leg_motor_neuron,sternal_posterior_rotator_dorsomedial_ribbon,hind leg,right,2,EFF_10,#695B52,hind leg
4.6836067085496795,-0.37195193379327307,720575941562301440,serotonin,right_corpus_cardiacum_nerve,central_brain,visceral_circulatory,left,feeding-endocrine,putative_primary,unknown,unknown_Hug,retrocerebral complex,SEZ_NSC_Hugin,subesophageal_zone_neurosecretory_cell,retrocerebral_complex_neurosecretory_cell,SEZ_NSC_Hugin,retrocerebral complex,right,11,EFF_06,#55B151,retrocerebral complex
-5.780427371955692,4.315503720351014,720575941562367239,gaba,left_mesothoracic_leg_nerve,ventral_nerve_cord,motor,left,middle-hind leg,24B.25B,leg_motor,leg_motor_flex_coxa_trochanter_joint,middle leg,trochanter_flexor_MesoLN_ventral_3,leg_motor_neuron,middle_leg_motor_neuron,trochanter_flexor_MesoLN_ventral_3,middle leg,left,1,EFF_13,#CF603E,middle leg
-0.9788548106916537,2.060045365401063,720575941562430983,acetylcholine,right_first_abdominal_nerve,ventral_nerve_cord,motor,right,flight-energy-power,TBD,haltere_motor,NA,haltere,CV1037,haltere_motor_neuron,haltere_power_neuron,CV1037,haltere,right,4,EFF_08,#3D9D98,haltere
0.47830876161974767,1.366794232435975,720575941562471943,acetylcholine,right_second_abdominal_nerve,ventral_nerve_cord,motor,right,abdomen motor 2,00A,unknown,NA,abdomen,MNad63,abdomen_motor_neuron,NA,MNad63,abdomen,right,13,EFF_09,#FAC240,abdomen
6.368373954796017,1.8520554342944955,720575941562537314,octopamine,abdominal_nerve_trunk,ventral_nerve_cord,visceral_circulatory,right,abdomen-ureter,TBD,unknown,NA,ureter,ab-PDF,ventral_nerve_cord_neurosecretory_cell,ureter_neurosecretory_cell,ab-PDF,ureter,right,3,EFF_05,#9C9286,ureter
8.396285617851436,0.19712281615332117,720575941562564397,peptide,right_corpus_cardiacum_nerve,central_brain,visceral_circulatory,right,NA,DILP__prim,energy_metabolism_food_intake,"energy_metabolism_food_intake_dARC1,Ilp2,Ilp3,Ilp5",retrocerebral complex,m_NSC_DILP,pars_intercerebralis_neurosecretory_cell,retrocerebral_complex_neurosecretory_cell,m_NSC_DILP,retrocerebral complex,right,6,EFF_04,#79B2E0,retrocerebral complex
6.288006389640988,-0.8798914810936118,720575941562994839,octopamine,abdominal_nerve_trunk,ventral_nerve_cord,motor,left,thoracic-abdominal,TBD,unknown,NA,unknown thoracic abdominal,ENXXX226,thoracic_abdominal_segmental_motor_neuron,NA,ENXXX226,unknown thoracic abdominal,left,11,EFF_06,#55B151,NA
-2.7359518165357697,-2.7638508042614127,720575941563271058,gaba,right_mesothoracic_leg_nerve,ventral_nerve_cord,motor,right,middle-hind leg,19A,leg_motor,leg_motor_extend_coxa_trochanter_joint,middle leg,trochanter_extensor_LinJ,leg_motor_neuron,middle_leg_motor_neuron,trochanter_extensor_LinJ,middle leg,right,2,EFF_10,#695B52,middle leg
6.560021484398068,0.2556849756915902,720575941563946038,acetylcholine,abdominal_nerve_trunk,ventral_nerve_cord,visceral_circulatory,left,abdomen-ovulation,TBD,diuresis_stress_tolerance_pain_threshold,"diuresis_stress_tolerance_pain_threshold_Dh44,Lk",abdomen,MNad13,ventral_nerve_cord_neurosecretory_cell,abdomen_neurosecretory_cell,MNad13,abdomen,left,3,EFF_05,#9C9286,abdomen
-7.268526470161258,0.20685649306372156,720575941563973174,gaba,left_prothoracic_leg_nerve,ventral_nerve_cord,motor,left,front leg,08A,leg_motor,leg_motor_unknown_leg_movement,front leg,femur_reductor_tiny,leg_motor_neuron,front_leg_motor_neuron,femur_reductor_tiny,front leg,left,8,EFF_14,#41A4D5,front leg
-1.3362747783430209,2.326177243300233,720575941564037430,gaba,left_third_abdominal_nerve,ventral_nerve_cord,motor,left,flight-steering,16B,haltere_steering,NA,haltere steering,hi2 MN,haltere_motor_neuron,haltere_steering_neuron,hi2 MN,haltere steering,left,4,EFF_08,#3D9D98,haltere steering
-6.369338428474246,-3.2268733939449454,720575941564288263,gaba,left_ventral_cervical_nerve,central_brain,motor,left,head-eye-antenna,MX12__prim,neck_motor,neck_motor_neck_yaw,neck motor neck yaw,"VCvN1,VCvN2",neck_motor_neuron,neck_yaw_motor_neuron,"VCvN1,VCvN2",neck motor neck yaw,left,9,EFF_12,#F35438,NA
0.032008731865109,1.3843730726917123,720575941564336128,acetylcholine,right_second_abdominal_nerve,ventral_nerve_cord,motor,right,abdomen motor 2,03B,unknown,NA,abdomen,MNad47,abdomen_motor_neuron,NA,MNad47,abdomen,right,13,EFF_09,#FAC240,abdomen
1.9343653452925096,1.4599601069171761,720575941564557463,acetylcholine,abdominal_nerve_trunk,ventral_nerve_cord,motor,right,abdomen motor 1,TBD,unknown,NA,abdomen,MNad08,abdomen_motor_neuron,NA,MNad08,abdomen,right,5,EFF_07,#B56FCC,abdomen
-4.029002105689822,-5.285422440461364,720575941564818688,gaba,right_prothoracic_leg_nerve,ventral_nerve_cord,motor,right,front leg,TBD,leg_motor,leg_motor_flex_coxa_trochanter_joint,front leg,accessory_trochanter_flexor,leg_motor_neuron,front_leg_motor_neuron,accessory_trochanter_flexor,front leg,right,7,EFF_11,#E92F2F,front leg
-6.226320659614383,-3.332803960732665,720575941564833938,glutamate,left_cervical_nerve,central_brain,motor,left,head-eye-antenna,putative_primary,neck_motor,NA,neck,CvN11,neck_motor_neuron,NA,CvN11,neck,left,9,EFF_12,#F35438,neck
-1.078687822318851,2.9852758684833383,720575941565105206,acetylcholine,left_anterior_dorsal_mesothoracic_nerve,ventral_nerve_cord,motor,left,flight-energy-power,16B,wing_power,NA,wing power,DVM1a-c,wing_motor_neuron,wing_power_motor_neuron,DVM1a-c,wing power,left,4,EFF_08,#3D9D98,wing power
1.4643593673936735,0.9967650213916635,720575941565200438,gaba,abdominal_nerve_trunk,ventral_nerve_cord,motor,right,abdomen motor 1,TBD,unknown,NA,abdomen,MNad01,abdomen_motor_neuron,NA,MNad01,abdomen,right,5,EFF_07,#B56FCC,abdomen
5.1204961185686,2.417878750868592,720575941565211239,gaba,abdominal_nerve_trunk,ventral_nerve_cord,motor,right,abdomen-egg-laying,TBD,unknown,NA,abdomen,720575941565211239,abdomen_motor_neuron,NA,NA,abdomen,right,10,EFF_03,#9FB555,abdomen
-6.351869022346317,-3.5444565972606803,720575941565285730,acetylcholine,left_cervical_nerve,central_brain,motor,right,head-eye-antenna,putative_primary,neck_motor,NA,neck,CvN9,neck_motor_neuron,NA,CvN9,neck,left,9,EFF_12,#F35438,neck
6.071113670372189,-0.8813662490169669,720575941565296018,octopamine,left_anterior_dorsal_mesothoracic_nerve,ventral_nerve_cord,motor,left,thoracic-abdominal,TBD,unknown,NA,unknown thoracic abdominal,ENXXX226,thoracic_abdominal_segmental_motor_neuron,NA,ENXXX226,unknown thoracic abdominal,left,11,EFF_06,#55B151,NA
-2.791269695258914,-2.5364190301220084,720575941565315638,gaba,right_mesothoracic_leg_nerve,ventral_nerve_cord,motor,right,middle-hind leg,20B.21B.22B,leg_motor,leg_motor_move_coxa_posterior,middle leg,sternal_posterior_rotator_MesoLN_dorsal_5,leg_motor_neuron,middle_leg_motor_neuron,sternal_posterior_rotator_MesoLN_dorsal_5,middle leg,right,2,EFF_10,#695B52,middle leg
8.433134639763058,-1.5309837719719077,720575941565332736,serotonin,right_pharyngeal_nerve,central_brain,motor,right,ingestion-digestion,putative_primary,pharynx_motor,NA,pharynx,MNx03,pharynx_motor_neuron,NA,MNx03,pharynx,right,14,EFF_02,#EF9334,pharynx
8.383540714286983,-1.7888557276050712,720575941565332992,gaba,right_pharyngeal_nerve,central_brain,motor,right,ingestion-digestion,putative_primary,pharynx_motor,pharynx_motor_pharyngeal_pumping,pharynx,MN11D,pharynx_motor_neuron,NA,MN11D,pharynx,right,14,EFF_02,#EF9334,pharynx
-2.255359088874637,2.389457348891053,720575941565378919,gaba,left_mesothoracic_accessory_nerve,ventral_nerve_cord,motor,left,flight-steering,03B,wing_steering,wing_steering_tonic_wing_steering,wing steering,iii3,wing_motor_neuron,wing_steering_motor_neuron,iii3,wing steering,left,4,EFF_08,#3D9D98,wing steering
-2.5423478240736115,2.189750079222474,720575941565422999,gaba,right_first_abdominal_nerve,ventral_nerve_cord,motor,right,flight-steering,16B,haltere_steering,NA,haltere steering,MNhm42,haltere_motor_neuron,haltere_steering_neuron,MNhm42,haltere steering,right,4,EFF_08,#3D9D98,haltere steering
-4.162511264777957,-5.223986979417052,720575941565553920,acetylcholine,right_prothoracic_leg_nerve,ventral_nerve_cord,motor,right,front leg,24B.25B,leg_motor,leg_motor_flex_femur_tibia_joint,front leg,accessory_tibia_flexor_C,leg_motor_neuron,front_leg_motor_neuron,accessory_tibia_flexor_C,front leg,right,7,EFF_11,#E92F2F,front leg
5.010203922294797,2.35046470553473,720575941565555712,gaba,abdominal_nerve_trunk,ventral_nerve_cord,motor,left,abdomen-egg-laying,TBD,ovulation,NA,uterus,CMU-like,abdomen_motor_neuron,NA,CMU-like,uterus,left,10,EFF_03,#9FB555,uterus
8.356126869224727,-1.67221852748796,720575941566243938,acetylcholine,left_pharyngeal_nerve,central_brain,motor,left,NA,putative_primary,pharynx_motor,pharynx_motor_pharyngeal_pumping,pharynx,MN11V,pharynx_motor_neuron,NA,MN11V,pharynx,left,14,EFF_02,#EF9334,pharynx
-0.886631404853641,3.011625889845643,720575941566847847,acetylcholine,left_anterior_dorsal_mesothoracic_nerve,ventral_nerve_cord,motor,left,flight-energy-power,16B,wing_power,NA,wing power,DVM1a-c,wing_motor_neuron,wing_power_motor_neuron,DVM1a-c,wing power,left,4,EFF_08,#3D9D98,wing power
7.55286654283923,0.3956449070651864,720575941566876726,dopamine,left_second_abdominal_nerve,ventral_nerve_cord,motor,left,NA,TBD,unknown,NA,abdomen,MNad54,abdomen_motor_neuron,NA,MNad54,abdomen,left,6,EFF_04,#79B2E0,abdomen
1.7520479803316007,1.277985695906434,720575941566917370,acetylcholine,abdominal_nerve_trunk,ventral_nerve_cord,motor,left,abdomen motor 1,TBD,unknown,NA,abdomen,MNad02,abdomen_motor_neuron,NA,MNad02,abdomen,left,5,EFF_07,#B56FCC,abdomen
6.4146858101121795,1.8216553965289926,720575941567094830,glutamate,abdominal_nerve_trunk,ventral_nerve_cord,visceral_circulatory,right,abdomen-ureter,TBD,unknown,NA,ureter,ab-PDF,ventral_nerve_cord_neurosecretory_cell,ureter_neurosecretory_cell,ab-PDF,ureter,right,3,EFF_05,#9C9286,ureter
-2.7958692664869416,-2.485853429726806,720575941568355066,gaba,right_mesothoracic_leg_nerve,ventral_nerve_cord,motor,right,middle-hind leg,TBD,leg_motor,leg_motor_move_coxa_anterior,middle leg,sternal_anterior_rotator_MesoLN_ventral_1,leg_motor_neuron,middle_leg_motor_neuron,sternal_anterior_rotator_MesoLN_ventral_1,middle leg,right,2,EFF_10,#695B52,middle leg
-4.303333675361453,-5.2562349995891715,720575941568546418,acetylcholine,right_ventral_prothoracic_nerve,ventral_nerve_cord,motor,right,front leg,16B,leg_motor,leg_motor_extend_coxa_trochanter_joint,front leg,tergotrochanter_extensor,leg_motor_neuron,front_leg_motor_neuron,tergotrochanter_extensor,front leg,right,7,EFF_11,#E92F2F,front leg
-5.83375397870618,4.420153264113221,720575941568553330,gaba,left_mesothoracic_leg_nerve,ventral_nerve_cord,motor,left,middle-hind leg,17X,leg_motor,leg_motor_extend_coxa_trochanter_joint,middle leg,sternotrochanter_extensor_MesoLN_dorsal_3,leg_motor_neuron,middle_leg_motor_neuron,sternotrochanter_extensor_MesoLN_dorsal_3,middle leg,left,1,EFF_13,#CF603E,middle leg
1.7759415452710996,0.9958814421375131,720575941568712050,gaba,abdominal_nerve_trunk,ventral_nerve_cord,motor,left,abdomen motor 1,TBD,unknown,NA,abdomen,MNad01,abdomen_motor_neuron,NA,MNad01,abdomen,left,5,EFF_07,#B56FCC,abdomen
-7.950546657539188,0.24247169882849207,720575941568724980,acetylcholine,left_ventral_prothoracic_nerve,ventral_nerve_cord,motor,left,front leg,24B.25B,leg_motor,leg_motor_flex_coxa_trochanter_joint,front leg,trochanter_flexor_VProN,leg_motor_neuron,front_leg_motor_neuron,trochanter_flexor_VProN,front leg,left,8,EFF_14,#41A4D5,front leg
7.259919727348508,0.4129973688800668,720575941568802094,peptide,left_second_abdominal_nerve,ventral_nerve_cord,visceral_circulatory,left,NA,TBD,diuresis_stress_tolerance_pain_threshold,"diuresis_stress_tolerance_pain_threshold_Dh44,Lk",abdomen,MNad13,ventral_nerve_cord_neurosecretory_cell,abdomen_neurosecretory_cell,MNad13,abdomen,left,6,EFF_04,#79B2E0,abdomen
-1.3238703365095248,2.7796231547077035,720575941569529458,gaba,left_mesothoracic_accessory_nerve,ventral_nerve_cord,motor,left,flight-energy-power,06A,wing_tension,NA,wing tension,PSn_u,wing_motor_neuron,wing_tension_motor_neuron,PSn_u,wing tension,left,4,EFF_08,#3D9D98,wing tension
-1.1554931754835238,2.651342991896424,720575941569548402,acetylcholine,right_anterior_dorsal_mesothoracic_nerve,ventral_nerve_cord,motor,right,flight-energy-power,16B,wing_tension,NA,wing tension,tp1,wing_motor_neuron,wing_tension_motor_neuron,tp1,wing tension,right,4,EFF_08,#3D9D98,wing tension
5.3758297806016815,2.310081366606507,720575941569607282,gaba,abdominal_nerve_trunk,ventral_nerve_cord,motor,right,abdomen-egg-laying,TBD,unknown,NA,abdomen,MNad50,abdomen_motor_neuron,NA,MNad50,abdomen,right,10,EFF_03,#9FB555,abdomen
-6.093717014289676,-3.608395214966979,720575941569716338,gaba,left_antennal_nerve,central_brain,motor,left,head-eye-antenna,putative_primary,retina_motor,NA,eye,CB0804,eye_motor_neuron,NA,CB0804,eye,left,9,EFF_12,#F35438,eye
6.169847572349728,0.5805419722278451,720575941569762974,serotonin,abdominal_nerve_trunk,ventral_nerve_cord,visceral_circulatory,right,abdomen-ovulation,TBD,ovulation,NA,reproductive tract,abd_Dsx_OA,ventral_nerve_cord_neurosecretory_cell,reproductive_tract_neurosecretory_cell,abd_Dsx_OA,reproductive tract,right,3,EFF_05,#9C9286,NA
-2.655928527808963,-2.8302184304515983,720575941569766302,gaba,right_mesothoracic_leg_nerve,ventral_nerve_cord,motor,right,middle-hind leg,24B.25B,leg_motor,leg_motor_flex_coxa_trochanter_joint,middle leg,trochanter_flexor_MesoLN_ventral_5,leg_motor_neuron,middle_leg_motor_neuron,trochanter_flexor_MesoLN_ventral_5,middle leg,right,2,EFF_10,#695B52,middle leg
-7.54337254712659,0.4264650383670663,720575941570833736,gaba,left_prothoracic_leg_nerve,ventral_nerve_cord,motor,left,front leg,15B,leg_motor,leg_motor_flex_femur_tibia_joint,front leg,accessory_tibia_flexor_B,leg_motor_neuron,front_leg_motor_neuron,accessory_tibia_flexor_B,front leg,left,8,EFF_14,#41A4D5,front leg
5.218452060722531,1.871904734679017,720575941571565307,serotonin,"left_second_abdominal_nerve, right_second_abdominal_nerve",ventral_nerve_cord,visceral_circulatory,left,abdomen-egg-laying,00B,unknown,NA,abdomen,EN00B026,ventral_nerve_cord_neurosecretory_cell,abdomen_neurosecretory_cell,EN00B026,abdomen,right,10,EFF_03,#9FB555,abdomen
-3.776292240119754,-5.175984497956481,720575941571652616,gaba,right_prothoracic_leg_nerve,ventral_nerve_cord,motor,right,front leg,15B,leg_motor,leg_motor_extend_tibia_tarsus_joint,front leg,tarsus_depressor_B,leg_motor_neuron,front_leg_motor_neuron,tarsus_depressor_B,front leg,right,7,EFF_11,#E92F2F,front leg
2.5538772588006866,1.4949861803729867,720575941571702536,acetylcholine,abdominal_nerve_trunk,ventral_nerve_cord,motor,right,abdomen motor 1,TBD,unknown,NA,abdomen,MNad20,abdomen_motor_neuron,NA,MNad20,abdomen,right,5,EFF_07,#B56FCC,abdomen
1.971917254046322,0.7884153166492318,720575941571708424,gaba,abdominal_nerve_trunk,ventral_nerve_cord,motor,left,abdomen motor 1,TBD,unknown,NA,abdomen,MNad05,abdomen_motor_neuron,NA,MNad05,abdomen,left,5,EFF_07,#B56FCC,abdomen
-2.1570419425733673,-2.5314563473980094,720575941572050077,gaba,right_metathoracic_leg_nerve,ventral_nerve_cord,motor,right,middle-hind leg,19A,leg_motor,leg_motor_flex_coxa_trochanter_joint,hind leg,trochanter_flexor_ventrolateral_ribbon,leg_motor_neuron,hind_leg_motor_neuron,trochanter_flexor_ventrolateral_ribbon,hind leg,right,2,EFF_10,#695B52,hind leg
-1.4750093574293246,2.4402393141467904,720575941572052381,gaba,right_first_abdominal_nerve,ventral_nerve_cord,motor,right,flight-steering,08A,haltere_power,NA,haltere power,hDVM MN,haltere_motor_neuron,haltere_power_neuron,hDVM MN,haltere power,right,4,EFF_08,#3D9D98,haltere power
-1.8618625755079379,-2.835147972993102,720575941572076445,octopamine,right_metathoracic_leg_nerve,ventral_nerve_cord,motor,right,middle-hind leg,15B,leg_motor,leg_motor_flex_femur_tibia_joint,hind leg,accessory_tibia_flexor_B,leg_motor_neuron,hind_leg_motor_neuron,accessory_tibia_flexor_B,hind leg,right,2,EFF_10,#695B52,hind leg
6.356871212028683,0.7205082216937875,720575941572609864,octopamine,abdominal_nerve_trunk,ventral_nerve_cord,visceral_circulatory,left,abdomen-ovulation,TBD,unknown,NA,ureter,ab-PDF,ventral_nerve_cord_neurosecretory_cell,ureter_neurosecretory_cell,ab-PDF,ureter,left,3,EFF_05,#9C9286,ureter
1.6894075517885099,1.1931501665790414,720575941572856059,acetylcholine,abdominal_nerve_trunk,ventral_nerve_cord,motor,right,abdomen motor 1,TBD,unknown,NA,abdomen,MNad16,abdomen_motor_neuron,NA,MNad16,abdomen,right,5,EFF_07,#B56FCC,abdomen
4.88324722101611,-0.3138185700695182,720575941572940943,gaba,"left_first_abdominal_nerve, right_first_abdominal_nerve",ventral_nerve_cord,visceral_circulatory,right,feeding-endocrine,00B,unknown,NA,hind leg,EN00B008_T3,ventral_nerve_cord_neurosecretory_cell,hind_leg_neurosecretory_cell,EN00B008_T3,hind leg,right,11,EFF_06,#55B151,hind leg
8.435840213798702,-1.6391105613033439,720575941573025096,acetylcholine,right_pharyngeal_nerve,central_brain,motor,right,ingestion-digestion,putative_primary,pharynx_motor,pharynx_motor_pharyngeal_pumping,pharynx,MN10,pharynx_motor_neuron,NA,MN10,pharynx,right,14,EFF_02,#EF9334,pharynx
5.9181366806260955,-0.10587823002740393,720575941573201821,peptide,NA,ventral_nerve_cord,visceral_circulatory,right,NA,TBD,anti_diuresis_stress_tolerance_energy_metabolism,anti_diuresis_stress_tolerance_energy_metabolism_Capa,neurohemal complex,ENXXX012,ventral_nerve_cord_neurosecretory_cell,neurohemal_complex_neurosecretory_cell,ENXXX012,neurohemal complex,right,3,EFF_05,#9C9286,neurohemal complex
-1.8322860355146517,-2.9645450076381827,720575941573296822,acetylcholine,right_metathoracic_leg_nerve,ventral_nerve_cord,motor,right,middle-hind leg,15B,leg_motor,leg_motor_pull_long_tendon,hind leg,long_tendon_muscle_B,leg_motor_neuron,hind_leg_motor_neuron,long_tendon_muscle_B,hind leg,right,2,EFF_10,#695B52,hind leg
-2.918848907447635,-2.98674392311975,720575941573346120,gaba,right_posterior_dorsal_mesothoracic_nerve,ventral_nerve_cord,motor,right,middle-hind leg,16B,leg_motor,leg_motor_extend_coxa_trochanter_joint,middle leg,tergotrochanter_extensor,leg_motor_neuron,middle_leg_motor_neuron,tergotrochanter_extensor,middle leg,right,2,EFF_10,#695B52,middle leg
-6.195629512763797,-3.480021353654113,720575941573355592,gaba,right_cervical_nerve,ventral_nerve_cord,motor,left,head-eye-antenna,TBD,neck_motor,neck_motor_neck_yaw,neck motor neck yaw,CvNA2,neck_motor_neuron,neck_yaw_motor_neuron,CvNA2,neck motor neck yaw,right,9,EFF_12,#F35438,NA
-0.8148748035200228,2.980434540816102,720575941573368719,octopamine,left_mesothoracic_accessory_nerve,ventral_nerve_cord,motor,left,flight-energy-power,03B,wing_power,NA,wing power,DVM2a-b,wing_motor_neuron,wing_power_motor_neuron,DVM2a-b,wing power,left,4,EFF_08,#3D9D98,wing power
7.661714160942258,0.17045724780157556,720575941573474230,acetylcholine,right_fourth_abdominal_nerve,ventral_nerve_cord,visceral_circulatory,right,energy homeostasis,TBD,diuresis_stress_tolerance_pain_threshold,"diuresis_stress_tolerance_pain_threshold_Dh44,Lk",abdomen,MNad21,ventral_nerve_cord_neurosecretory_cell,abdomen_neurosecretory_cell,MNad21,abdomen,right,6,EFF_04,#79B2E0,abdomen
5.2753284816972625,2.3381422796924447,720575941573488392,gaba,abdominal_nerve_trunk,ventral_nerve_cord,motor,right,abdomen-egg-laying,TBD,ovulation,NA,uterus,CMU,uterus_motor_neuron,NA,CMU,uterus,right,10,EFF_03,#9FB555,uterus
-7.910497104621707,0.017642025061402222,720575941573516296,gaba,left_prothoracic_leg_nerve,ventral_nerve_cord,motor,left,front leg,21A,leg_motor,leg_motor_flex_coxa_trochanter_joint,front leg,accessory_trochanter_flexor_posterior_soma_ProLN,leg_motor_neuron,front_leg_motor_neuron,accessory_trochanter_flexor_posterior_soma_ProLN,front leg,left,8,EFF_14,#41A4D5,front leg
-2.7089318389661896,-2.9928070267955924,720575941573687049,gaba,right_mesothoracic_leg_nerve,ventral_nerve_cord,motor,right,middle-hind leg,15B,leg_motor,leg_motor_flex_femur_tibia_joint,middle leg,tibia_flexor,leg_motor_neuron,middle_leg_motor_neuron,tibia_flexor,middle leg,right,2,EFF_10,#695B52,middle leg
-6.2086099738844025,-3.4046460351268912,720575941573751305,octopamine,left_cervical_nerve,ventral_nerve_cord,motor,right,head-eye-antenna,TBD,neck_motor,neck_motor_neck_yaw,neck motor neck yaw,CvNA2,neck_motor_neuron,neck_yaw_motor_neuron,CvNA2,neck motor neck yaw,left,9,EFF_12,#F35438,NA
-2.1939286346204865,-2.134390171460357,720575941573784990,acetylcholine,right_metathoracic_leg_nerve,ventral_nerve_cord,motor,right,middle-hind leg,17X,leg_motor,leg_motor_extend_coxa_trochanter_joint,hind leg,sternotrochanter_extensor_dorsomedial_ribbon,leg_motor_neuron,hind_leg_motor_neuron,sternotrochanter_extensor_dorsomedial_ribbon,hind leg,right,2,EFF_10,#695B52,hind leg
8.443557346367061,-1.9111863335888053,720575941573843464,gaba,left_pharyngeal_nerve,central_brain,motor,left,ingestion-digestion,putative_primary,pharynx_motor,pharynx_motor_pharyngeal_pumping,pharynx,MN12D,pharynx_motor_neuron,NA,MN12D,pharynx,left,14,EFF_02,#EF9334,pharynx
2.205384755634488,1.6024168768604135,720575941573878537,octopamine,abdominal_nerve_trunk,ventral_nerve_cord,motor,right,abdomen motor 1,TBD,unknown,NA,abdomen,MNad06,abdomen_motor_neuron,NA,MNad06,abdomen,right,5,EFF_07,#B56FCC,abdomen
-2.893484031654178,-2.93452441304132,720575941574008502,gaba,right_mesothoracic_leg_nerve,ventral_nerve_cord,motor,right,middle-hind leg,13A,leg_motor,leg_motor_extend_coxa_trochanter_joint,middle leg,sternotrochanter_extensor_MesoLN_dorsal_3,leg_motor_neuron,middle_leg_motor_neuron,sternotrochanter_extensor_MesoLN_dorsal_3,middle leg,right,2,EFF_10,#695B52,middle leg
-4.139551555610477,-5.40049588292047,720575941574013085,gaba,right_prothoracic_accessory_nerve,ventral_nerve_cord,motor,right,front leg,20B.21B.22B,leg_motor,leg_motor_flex_coxa_trochanter_joint,front leg,trochanter_flexor_posterior_soma_ProAN,leg_motor_neuron,front_leg_motor_neuron,trochanter_flexor_posterior_soma_ProAN,front leg,right,7,EFF_11,#E92F2F,front leg
5.240400875114621,2.3069955149371957,720575941574046056,gaba,abdominal_nerve_trunk,ventral_nerve_cord,motor,left,abdomen-egg-laying,TBD,unknown,NA,abdomen,MNad53,abdomen_motor_neuron,NA,MNad53,abdomen,left,10,EFF_03,#9FB555,abdomen
7.875685298942746,0.20019901187017908,720575941574222152,glutamate,left_fourth_abdominal_nerve,ventral_nerve_cord,visceral_circulatory,left,energy homeostasis,TBD,diuresis_stress_tolerance_pain_threshold,"diuresis_stress_tolerance_pain_threshold_Dh44,Lk",abdomen,MNad21,ventral_nerve_cord_neurosecretory_cell,abdomen_neurosecretory_cell,MNad21,abdomen,left,6,EFF_04,#79B2E0,abdomen
-2.180464660621463,-2.187852199963775,720575941574355016,gaba,right_metathoracic_leg_nerve,ventral_nerve_cord,motor,right,middle-hind leg,TBD,leg_motor,leg_motor_move_coxa_anterior,hind leg,sternal_anterior_rotator_ventrolateral_ribbon,leg_motor_neuron,hind_leg_motor_neuron,sternal_anterior_rotator_ventrolateral_ribbon,hind leg,right,2,EFF_10,#695B52,hind leg
-5.707039272285281,4.020723942824159,720575941574383247,gaba,left_mesothoracic_leg_nerve,ventral_nerve_cord,motor,left,middle-hind leg,15B,leg_motor,leg_motor_flex_femur_tibia_joint,middle leg,accessory_tibia_flexor_A,leg_motor_neuron,middle_leg_motor_neuron,accessory_tibia_flexor_A,middle leg,left,1,EFF_13,#CF603E,middle leg
-6.727287685371219,-3.4622617921154166,720575941574538504,gaba,right_dorsal_prothoracic_nerve,ventral_nerve_cord,motor,right,head-eye-antenna,16B,neck_motor,NA,neck,DProN9,neck_motor_neuron,NA,DProN9,neck,right,9,EFF_12,#F35438,neck
-5.562593852973758,4.132501725264344,720575941574626973,gaba,left_mesothoracic_leg_nerve,ventral_nerve_cord,motor,left,middle-hind leg,15B,leg_motor,leg_motor_flex_femur_tibia_joint,middle leg,tibia_flexor,leg_motor_neuron,middle_leg_motor_neuron,tibia_flexor,middle leg,left,1,EFF_13,#CF603E,middle leg
8.775144184135616,-0.032743450097289184,720575941575047016,dopamine,left_corpus_cardiacum_nerve,central_brain,visceral_circulatory,right,energy homeostasis,DILP__prim,unknown,NA,retrocerebral complex,m_NSC_unknown,pars_intercerebralis_neurosecretory_cell,retrocerebral_complex_neurosecretory_cell,m_NSC_unknown,retrocerebral complex,left,6,EFF_04,#79B2E0,retrocerebral complex
-2.4999612922437775,2.21601212412909,720575941575048040,gaba,right_first_abdominal_nerve,ventral_nerve_cord,motor,right,flight-steering,16B,haltere_steering,NA,haltere steering,MNhm03,haltere_motor_neuron,haltere_steering_neuron,MNhm03,haltere steering,right,4,EFF_08,#3D9D98,haltere steering
8.226080024742306,-0.1724085768978263,720575941575210761,peptide,left_corpus_cardiacum_nerve,central_brain,visceral_circulatory,left,energy homeostasis,DILP__prim,diuresis_food_intake_energy_metabolism_post_mating_responses,diuresis_food_intake_energy_metabolism_post_mating_responses_Dh44,digestive tract,m_NSC_DH44,pars_intercerebralis_neurosecretory_cell,digestive_tract_neurosecretory_cell,m_NSC_DH44,digestive tract,left,6,EFF_04,#79B2E0,digestive tract
6.862879837059201,0.35423195750311365,720575941575458056,serotonin,abdominal_nerve_trunk,ventral_nerve_cord,visceral_circulatory,left,abdomen-ovulation,TBD,diuresis_stress_tolerance_pain_threshold,"diuresis_stress_tolerance_pain_threshold_Dh44,Lk",abdomen,MNad13,ventral_nerve_cord_neurosecretory_cell,abdomen_neurosecretory_cell,MNad13,abdomen,left,3,EFF_05,#9C9286,abdomen
-0.47057834813672206,1.336171034880433,720575941575596648,gaba,right_second_abdominal_nerve,ventral_nerve_cord,motor,right,abdomen motor 2,03B,unknown,NA,abdomen,MNad34,abdomen_motor_neuron,NA,MNad34,abdomen,right,13,EFF_09,#FAC240,abdomen
5.880795801185788,0.10280788333014002,720575941575958361,octopamine,abdominal_nerve_trunk,ventral_nerve_cord,visceral_circulatory,right,abdomen-ovulation,00B,unknown,NA,abdomen,EN00B026,ventral_nerve_cord_neurosecretory_cell,abdomen_neurosecretory_cell,EN00B026,abdomen,right,3,EFF_05,#9C9286,abdomen
-6.60396710584241,-3.331674571923461,720575941575975350,gaba,right_dorsal_prothoracic_nerve,ventral_nerve_cord,motor,right,head-eye-antenna,16B,neck_motor,neck_motor_neck_roll,neck motor neck roll,DProN3a,neck_motor_neuron,neck_roll_motor_neuron,DProN3a,neck motor neck roll,right,9,EFF_12,#F35438,NA
-5.830930149055301,4.259736184187684,720575941577004881,gaba,left_mesothoracic_leg_nerve,ventral_nerve_cord,motor,left,middle-hind leg,19A,leg_motor,leg_motor_flex_tibia_tarsus_joint,middle leg,tarsus_levator_D,leg_motor_neuron,middle_leg_motor_neuron,tarsus_levator_D,middle leg,left,1,EFF_13,#CF603E,middle leg
8.215635383629024,-0.03506040184899817,720575941577071286,serotonin,left_corpus_cardiacum_nerve,central_brain,visceral_circulatory,left,energy homeostasis,DILP__prim,food_intake,food_intake_Ms,digestive tract,m_NSC_DMS,pars_intercerebralis_neurosecretory_cell,digestive_tract_neurosecretory_cell,m_NSC_DMS,digestive tract,left,6,EFF_04,#79B2E0,digestive tract
-6.447179233527957,-3.1969419678966666,720575941577100277,gaba,right_ventral_cervical_nerve,central_brain,motor,right,head-eye-antenna,MX12__prim,neck_motor,neck_motor_neck_yaw,neck motor neck yaw,"VCvN1,VCvN2",neck_motor_neuron,neck_yaw_motor_neuron,"VCvN1,VCvN2",neck motor neck yaw,right,9,EFF_12,#F35438,NA
6.022060955070676,0.7412287035663461,720575941577100625,gaba,abdominal_nerve_trunk,ventral_nerve_cord,visceral_circulatory,right,abdomen-ovulation,TBD,ovulation,NA,reproductive tract,abd_Dsx_OA,ventral_nerve_cord_neurosecretory_cell,reproductive_tract_neurosecretory_cell,abd_Dsx_OA,reproductive tract,right,3,EFF_05,#9C9286,NA
-6.353065883613406,3.654081944533143,720575941577119825,gaba,left_first_abdominal_nerve,ventral_nerve_cord,motor,left,middle-hind leg,12B,leg_motor,leg_motor_extend_coxa_trochanter_joint,hind leg,tergotrochanter_extensor_MetaAN,leg_motor_neuron,hind_leg_motor_neuron,tergotrochanter_extensor_MetaAN,hind leg,left,1,EFF_13,#CF603E,hind leg
6.767780864738644,0.2805471459110116,720575941577258088,peptide,abdominal_nerve_trunk,ventral_nerve_cord,visceral_circulatory,left,abdomen-ovulation,TBD,diuresis_stress_tolerance_pain_threshold,"diuresis_stress_tolerance_pain_threshold_Dh44,Lk",abdomen,MNad13,ventral_nerve_cord_neurosecretory_cell,abdomen_neurosecretory_cell,MNad13,abdomen,left,3,EFF_05,#9C9286,abdomen
5.197815263771237,2.296404246397767,720575941577595125,octopamine,abdominal_nerve_trunk,ventral_nerve_cord,motor,right,abdomen-egg-laying,TBD,unknown,NA,abdomen,MNad65,abdomen_motor_neuron,NA,MNad65,abdomen,right,10,EFF_03,#9FB555,abdomen
4.554171646141232,-0.4167203864376212,720575941577649909,peptide,left_corpus_cardiacum_nerve,central_brain,visceral_circulatory,right,feeding-endocrine,putative_primary,unknown,unknown_Hug,retrocerebral complex,SEZ_NSC_Hugin,subesophageal_zone_neurosecretory_cell,retrocerebral_complex_neurosecretory_cell,SEZ_NSC_Hugin,retrocerebral complex,left,11,EFF_06,#55B151,retrocerebral complex
-6.723617946601688,-3.4021555146495963,720575941577663825,octopamine,right_dorsal_prothoracic_nerve,ventral_nerve_cord,motor,right,head-eye-antenna,16B,neck_motor,NA,neck,DProN8,neck_motor_neuron,NA,DProN8,neck,right,9,EFF_12,#F35438,neck
-1.8890911693342318,-2.4125479420940543,720575941578439513,gaba,right_metathoracic_leg_nerve,ventral_nerve_cord,motor,right,middle-hind leg,24B.25B,leg_motor,leg_motor_flex_coxa_trochanter_joint,hind leg,trochanter_flexor_ventrolateral_ribbon,leg_motor_neuron,hind_leg_motor_neuron,trochanter_flexor_ventrolateral_ribbon,hind leg,right,2,EFF_10,#695B52,hind leg
-6.633761798835574,3.9359065333087777,720575941578679121,gaba,left_metathoracic_leg_nerve,ventral_nerve_cord,motor,left,middle-hind leg,19A,leg_motor,leg_motor_extend_coxa_trochanter_joint,hind leg,sternotrochanter_extensor_ventrolateral_ribbon,leg_motor_neuron,hind_leg_motor_neuron,sternotrochanter_extensor_ventrolateral_ribbon,hind leg,left,1,EFF_13,#CF603E,hind leg
-4.430458938575565,-5.154431696824279,720575941579753849,gaba,right_ventral_prothoracic_nerve,ventral_nerve_cord,motor,right,front leg,21A,leg_motor,leg_motor_flex_coxa_trochanter_joint,front leg,trochanter_flexor_VProN,leg_motor_neuron,front_leg_motor_neuron,trochanter_flexor_VProN,front leg,right,7,EFF_11,#E92F2F,front leg
-2.074709331489383,2.5260664263446664,720575941580669817,gaba,right_anterior_dorsal_mesothoracic_nerve,ventral_nerve_cord,motor,right,flight-steering,16B,wing_steering,wing_steering_phasic_wing_steering,wing steering,iv1,wing_motor_neuron,wing_steering_motor_neuron,iv1,wing steering,right,4,EFF_08,#3D9D98,wing steering
-5.575982486701785,3.4208980837543344,720575941580680825,gaba,left_mesothoracic_leg_nerve,ventral_nerve_cord,motor,left,middle-hind leg,12B,leg_motor,leg_motor_pull_long_tendon,middle leg,long_tendon_muscle_B,leg_motor_neuron,middle_leg_motor_neuron,long_tendon_muscle_B,middle leg,left,1,EFF_13,#CF603E,middle leg
-4.0046538467176545,-5.110739823273864,720575941580731001,acetylcholine,right_prothoracic_leg_nerve,ventral_nerve_cord,motor,right,front leg,15B,leg_motor,leg_motor_flex_femur_tibia_joint,front leg,tibia_flexor,leg_motor_neuron,front_leg_motor_neuron,tibia_flexor,front leg,right,7,EFF_11,#E92F2F,front leg
5.035298908256711,2.347502354689393,720575941580906485,acetylcholine,abdominal_nerve_trunk,ventral_nerve_cord,motor,right,abdomen-egg-laying,06B,unknown,NA,abdomen,720575941580906485,abdomen_motor_neuron,NA,NA,abdomen,right,10,EFF_03,#9FB555,abdomen
8.483414257072628,-1.989195462159362,720575941581804383,acetylcholine,right_pharyngeal_nerve,central_brain,motor,right,ingestion-digestion,putative_primary,pharynx_motor,pharynx_motor_pharyngeal_pumping,pharynx,MN12D,pharynx_motor_neuron,NA,MN12D,pharynx,right,14,EFF_02,#EF9334,pharynx
6.191558921837033,0.1613079348285531,720575941582278265,acetylcholine,abdominal_nerve_trunk,ventral_nerve_cord,visceral_circulatory,left,abdomen-ovulation,TBD,diuresis_stress_tolerance_pain_threshold,"diuresis_stress_tolerance_pain_threshold_Dh44,Lk",abdomen,MNad03,ventral_nerve_cord_neurosecretory_cell,abdomen_neurosecretory_cell,MNad03,abdomen,left,3,EFF_05,#9C9286,abdomen
-7.7320732230909455,0.10863089949682703,720575941582911865,gaba,left_dorsal_prothoracic_nerve,ventral_nerve_cord,motor,left,front leg,08A,leg_motor,leg_motor_move_coxa_anterior,front leg,tergopleural_promotor_pleural_promotor,leg_motor_neuron,front_leg_motor_neuron,tergopleural_promotor_pleural_promotor,front leg,left,8,EFF_14,#41A4D5,front leg
-7.796054279304324,0.33282924086645593,720575941583323358,gaba,left_prothoracic_leg_nerve,ventral_nerve_cord,motor,left,front leg,15B,leg_motor,leg_motor_flex_femur_tibia_joint,front leg,accessory_tibia_flexor_C,leg_motor_neuron,front_leg_motor_neuron,accessory_tibia_flexor_C,front leg,left,8,EFF_14,#41A4D5,front leg
-5.936987316108524,-3.701318617753234,720575941583384671,gaba,right_antennal_nerve,central_brain,motor,right,head-eye-antenna,putative_primary,antenna_motor,NA,antenna,CB0886,antenna_motor_neuron,NA,CB0886,antenna,right,9,EFF_12,#F35438,antenna
-1.286916410423099,2.9254943171222543,720575941583644382,gaba,right_posterior_dorsal_mesothoracic_nerve,ventral_nerve_cord,motor,right,flight-energy-power,03B,wing_power,NA,wing power,DLM1-4,wing_motor_neuron,wing_power_motor_neuron,DLM1-4,wing power,right,4,EFF_08,#3D9D98,wing power
-1.9578577632673373,-2.5922504624645377,720575941584932486,gaba,right_metathoracic_leg_nerve,ventral_nerve_cord,motor,right,middle-hind leg,15B,leg_motor,leg_motor_flex_femur_tibia_joint,hind leg,accessory_tibia_flexor_A,leg_motor_neuron,hind_leg_motor_neuron,accessory_tibia_flexor_A,hind leg,right,2,EFF_10,#695B52,hind leg
-2.787994777656375,-2.5448567828457023,720575941585484766,acetylcholine,right_mesothoracic_leg_nerve,ventral_nerve_cord,motor,right,middle-hind leg,TBD,leg_motor,leg_motor_unknown_leg_movement,middle leg,femur_reductor,leg_motor_neuron,middle_leg_motor_neuron,femur_reductor,middle leg,right,2,EFF_10,#695B52,middle leg
8.796116436027706,-3.500437375001159,720575941585908446,acetylcholine,left_antennal_nerve,central_brain,motor,left,proboscis-antenna,putative_primary,antenna_motor,NA,antenna,CB0750,antenna_motor_neuron,NA,CB0750,antenna,left,12,EFF_01,#7E378C,antenna
6.7079292183153045,1.603587035246644,720575941586627462,gaba,abdominal_nerve_trunk,ventral_nerve_cord,visceral_circulatory,right,abdomen-ureter,TBD,diuresis_stress_tolerance_pain_threshold,"diuresis_stress_tolerance_pain_threshold_Dh44,Lk",abdomen,MNad52,ventral_nerve_cord_neurosecretory_cell,abdomen_neurosecretory_cell,MNad52,abdomen,right,3,EFF_05,#9C9286,abdomen
-0.4732362384565463,1.712398890562806,720575941586951390,gaba,left_second_abdominal_nerve,ventral_nerve_cord,motor,left,abdomen motor 2,03B,unknown,NA,abdomen,MNad33,abdomen_motor_neuron,NA,MNad33,abdomen,left,13,EFF_09,#FAC240,abdomen
2.5408746843568695,1.037807826109681,720575941587267895,octopamine,abdominal_nerve_trunk,ventral_nerve_cord,motor,left,abdomen motor 1,19A,unknown,NA,abdomen,MNad02,abdomen_motor_neuron,NA,MNad02,abdomen,left,5,EFF_07,#B56FCC,abdomen
-5.515621101356326,3.8191176691730355,720575941587334199,glutamate,left_mesothoracic_leg_nerve,ventral_nerve_cord,motor,left,middle-hind leg,21A,leg_motor,leg_motor_pull_long_tendon,middle leg,long_tendon_muscle_A_dipalpha,leg_motor_neuron,middle_leg_motor_neuron,long_tendon_muscle_A_dipalpha,middle leg,left,1,EFF_13,#CF603E,middle leg
-2.8115696067579377,-3.0961811503688956,720575941587428151,acetylcholine,right_mesothoracic_leg_nerve,ventral_nerve_cord,motor,right,middle-hind leg,13A,leg_motor,leg_motor_flex_femur_tibia_joint,middle leg,accessory_tibia_flexor_C,leg_motor_neuron,middle_leg_motor_neuron,accessory_tibia_flexor_C,middle leg,right,2,EFF_10,#695B52,middle leg
9.081748092674435,-3.3584847411434318,720575941588099140,gaba,right_maxillary-labial_nerve,central_brain,motor,right,proboscis-antenna,putative_primary,proboscis_motor,proboscis_motor_proboscis_positioning,proboscis,MN1,proboscis_motor_neuron,NA,MN1,proboscis,right,12,EFF_01,#7E378C,proboscis
9.072508419059933,-3.3142491540233756,720575941588254206,glutamate,right_maxillary-labial_nerve,central_brain,motor,right,proboscis-antenna,putative_primary,proboscis_motor,proboscis_motor_proboscis_positioning,proboscis,MN1,proboscis_motor_neuron,NA,MN1,proboscis,right,12,EFF_01,#7E378C,proboscis
1.784922430419148,1.5749684611041879,720575941588920631,gaba,abdominal_nerve_trunk,ventral_nerve_cord,motor,right,abdomen motor 1,06A,unknown,NA,abdomen,MNad10,abdomen_motor_neuron,NA,MNad10,abdomen,right,5,EFF_07,#B56FCC,abdomen
8.897556388878048,-2.975549336365905,720575941589105292,acetylcholine,left_maxillary-labial_nerve,central_brain,motor,left,proboscis-antenna,putative_primary,proboscis_motor,proboscis_motor_labellar_spreading,proboscis,MN7,proboscis_motor_neuron,NA,MN7,proboscis,left,12,EFF_01,#7E378C,proboscis
-2.7484144325025666,-2.9885610303203727,720575941589587710,acetylcholine,right_mesothoracic_leg_nerve,ventral_nerve_cord,motor,right,middle-hind leg,15B,leg_motor,leg_motor_flex_femur_tibia_joint,middle leg,accessory_tibia_flexor_A,leg_motor_neuron,middle_leg_motor_neuron,accessory_tibia_flexor_A,middle leg,right,2,EFF_10,#695B52,middle leg
-6.171210681892215,4.329031590529237,720575941589657598,acetylcholine,left_mesothoracic_leg_nerve,ventral_nerve_cord,motor,left,middle-hind leg,20B.21B.22B,leg_motor,leg_motor_move_coxa_posterior,middle leg,sternal_posterior_rotator_MesoLN_dorsal_5,leg_motor_neuron,middle_leg_motor_neuron,sternal_posterior_rotator_MesoLN_dorsal_5,middle leg,left,1,EFF_13,#CF603E,middle leg
-3.9326700324781525,-5.254132862977233,720575941590014007,acetylcholine,right_prothoracic_leg_nerve,ventral_nerve_cord,motor,right,front leg,15B,leg_motor,leg_motor_flex_femur_tibia_joint,front leg,accessory_tibia_flexor_A_out_of_bundle,leg_motor_neuron,front_leg_motor_neuron,accessory_tibia_flexor_A_out_of_bundle,front leg,right,7,EFF_11,#E92F2F,front leg
-0.9385966415174594,2.984782342024598,720575941590220684,octopamine,left_posterior_dorsal_mesothoracic_nerve,ventral_nerve_cord,motor,left,flight-energy-power,03B,wing_power,NA,wing power,DVM3a-b,wing_motor_neuron,wing_power_motor_neuron,DVM3a-b,wing power,left,4,EFF_08,#3D9D98,wing power
-7.674133693672,0.34407973677710046,720575941590872171,gaba,left_prothoracic_leg_nerve,ventral_nerve_cord,motor,left,front leg,15B,leg_motor,leg_motor_flex_femur_tibia_joint,front leg,accessory_tibia_flexor_A,leg_motor_neuron,front_leg_motor_neuron,accessory_tibia_flexor_A,front leg,left,8,EFF_14,#41A4D5,front leg
-2.5124973411329377,-3.2645052632610465,720575941591037547,acetylcholine,right_mesothoracic_leg_nerve,ventral_nerve_cord,motor,right,middle-hind leg,15B,leg_motor,leg_motor_pull_long_tendon,middle leg,long_tendon_muscle_B,leg_motor_neuron,middle_leg_motor_neuron,long_tendon_muscle_B,middle leg,right,2,EFF_10,#695B52,middle leg
-2.757721340156375,-2.464040990761962,720575941591121463,gaba,right_mesothoracic_leg_nerve,ventral_nerve_cord,motor,right,middle-hind leg,20B.21B.22B,leg_motor,leg_motor_move_coxa_posterior,middle leg,sternal_posterior_rotator_MesoLN_dorsal_5,leg_motor_neuron,middle_leg_motor_neuron,sternal_posterior_rotator_MesoLN_dorsal_5,middle leg,right,2,EFF_10,#695B52,middle leg
5.215349281334103,2.332708005018983,720575941591284364,gaba,abdominal_nerve_trunk,ventral_nerve_cord,motor,left,abdomen-egg-laying,TBD,unknown,NA,abdomen,MNad65,abdomen_motor_neuron,NA,MNad65,abdomen,left,10,EFF_03,#9FB555,abdomen
6.705313289665402,0.3047475853641366,720575941591629310,gaba,abdominal_nerve_trunk,ventral_nerve_cord,visceral_circulatory,left,abdomen-ovulation,TBD,diuresis_stress_tolerance_pain_threshold,"diuresis_stress_tolerance_pain_threshold_Dh44,Lk",abdomen,MNad13,ventral_nerve_cord_neurosecretory_cell,abdomen_neurosecretory_cell,MNad13,abdomen,left,3,EFF_05,#9C9286,abdomen
8.431693637870968,0.18236911685064783,720575941591629566,peptide,left_corpus_cardiacum_nerve,central_brain,visceral_circulatory,right,energy homeostasis,DILP__prim,energy_metabolism_food_intake,"energy_metabolism_food_intake_dARC1,Ilp2,Ilp3,Ilp5",retrocerebral complex,m_NSC_DILP,pars_intercerebralis_neurosecretory_cell,retrocerebral_complex_neurosecretory_cell,m_NSC_DILP,retrocerebral complex,left,6,EFF_04,#79B2E0,retrocerebral complex
1.9035066274337182,0.9160555639942025,720575941592106859,acetylcholine,abdominal_nerve_trunk,ventral_nerve_cord,motor,right,abdomen motor 1,TBD,unknown,NA,abdomen,MNad16,abdomen_motor_neuron,NA,MNad16,abdomen,right,5,EFF_07,#B56FCC,abdomen
-4.536625778175174,-5.181140776566711,720575941592225831,gaba,right_dorsal_prothoracic_nerve,ventral_nerve_cord,motor,right,front leg,17A,leg_motor,leg_motor_move_coxa_anterior,front leg,tergopleural_promotor_pleural_promotor_miller_28_30,leg_motor_neuron,front_leg_motor_neuron,tergopleural_promotor_pleural_promotor_miller_28_30,front leg,right,7,EFF_11,#E92F2F,front leg
-3.737649356818973,-5.164633866242614,720575941592581671,gaba,right_prothoracic_leg_nerve,ventral_nerve_cord,motor,right,front leg,15B,leg_motor,leg_motor_pull_long_tendon,front leg,long_tendon_muscle_A,leg_motor_neuron,front_leg_motor_neuron,long_tendon_muscle_A,front leg,right,7,EFF_11,#E92F2F,front leg
6.0588131790391815,0.8682621756275033,720575941593148011,gaba,abdominal_nerve_trunk,ventral_nerve_cord,motor,left,abdomen-ovulation,TBD,unknown,NA,abdomen,MNad49,abdomen_motor_neuron,NA,MNad49,abdomen,left,3,EFF_05,#9C9286,abdomen
6.711472118400754,0.9692436495502328,720575941593292401,octopamine,abdominal_nerve_trunk,ventral_nerve_cord,visceral_circulatory,right,abdomen-ovulation,00B,unknown,NA,abdomen,EN00B026,ventral_nerve_cord_neurosecretory_cell,abdomen_neurosecretory_cell,EN00B026,abdomen,right,3,EFF_05,#9C9286,abdomen
7.109353149437131,1.2706106939990853,720575941593631013,octopamine,abdominal_nerve_trunk,ventral_nerve_cord,motor,right,abdomen-ureter,TBD,unknown,NA,abdomen,MNad09,abdomen_motor_neuron,NA,MNad09,abdomen,right,3,EFF_05,#9C9286,abdomen
-4.642173683143436,-4.9197059830944205,720575941593715569,gaba,right_prothoracic_accessory_nerve,ventral_nerve_cord,motor,right,front leg,21A,leg_motor,leg_motor_move_coxa_posterior_lateral,front leg,pleural_remotor_and_abductor_miller_29,leg_motor_neuron,front_leg_motor_neuron,pleural_remotor_and_abductor_miller_29,front leg,right,7,EFF_11,#E92F2F,front leg
-4.360083019233524,-5.313907023362365,720575941593802373,gaba,right_ventral_prothoracic_nerve,ventral_nerve_cord,motor,right,front leg,19A,leg_motor,leg_motor_extend_coxa_trochanter_joint,front leg,tergotrochanter_extensor,leg_motor_neuron,front_leg_motor_neuron,tergotrochanter_extensor,front leg,right,7,EFF_11,#E92F2F,front leg
-4.4422148818739045,-5.255414124421325,720575941593843589,acetylcholine,right_ventral_prothoracic_nerve,ventral_nerve_cord,motor,right,front leg,24B.25B,leg_motor,leg_motor_extend_coxa_trochanter_joint,front leg,sternotrochanter_extensor,leg_motor_neuron,front_leg_motor_neuron,sternotrochanter_extensor,front leg,right,7,EFF_11,#E92F2F,front leg
-0.7407223338850131,1.8923410216052865,720575941593921576,serotonin,NA,ventral_nerve_cord,visceral_circulatory,right,flight-energy-power,27X,myomodulation_energy_metabolism,myomodulation_energy_metabolism_FMRFa,neurohemal complex,EN27X010,ventral_nerve_cord_neurosecretory_cell,neurohemal_complex_neurosecretory_cell,EN27X010,neurohemal complex,right,13,EFF_09,#FAC240,neurohemal complex
1.971916237973393,1.2042139807422494,720575941593984645,gaba,abdominal_nerve_trunk,ventral_nerve_cord,motor,right,abdomen motor 1,TBD,unknown,NA,abdomen,MNad02,abdomen_motor_neuron,NA,MNad02,abdomen,right,5,EFF_07,#B56FCC,abdomen
-2.811612998939334,-2.8020330628673698,720575941594091397,gaba,right_mesothoracic_leg_nerve,ventral_nerve_cord,motor,right,middle-hind leg,24B.25B,leg_motor,leg_motor_flex_coxa_trochanter_joint,middle leg,trochanter_flexor_MesoAN,leg_motor_neuron,middle_leg_motor_neuron,trochanter_flexor_MesoAN,middle leg,right,2,EFF_10,#695B52,middle leg
6.26608904650134,0.06206894309118738,720575941594396267,acetylcholine,abdominal_nerve_trunk,ventral_nerve_cord,visceral_circulatory,right,abdomen-ureter,TBD,diuresis_stress_tolerance_pain_threshold,"diuresis_stress_tolerance_pain_threshold_Dh44,Lk",abdomen,MNad03,ventral_nerve_cord_neurosecretory_cell,abdomen_neurosecretory_cell,MNad03,abdomen,right,3,EFF_05,#9C9286,abdomen
-0.7207829112775912,2.4636036196430062,720575941594743921,acetylcholine,left_posterior_dorsal_mesothoracic_nerve,ventral_nerve_cord,visceral_circulatory,left,flight-energy-power,03B,unknown,NA,wing,efferent_pdmn_neuron,ventral_nerve_cord_neurosecretory_cell,wing_neurosecretory_cell,efferent_pdmn_neuron,wing,left,4,EFF_08,#3D9D98,wing
-5.737033283210574,4.328437451430116,720575941595151237,gaba,left_mesothoracic_leg_nerve,ventral_nerve_cord,motor,left,middle-hind leg,13A,leg_motor,leg_motor_extend_coxa_trochanter_joint,middle leg,sternotrochanter_extensor_MesoLN_dorsal_3,leg_motor_neuron,middle_leg_motor_neuron,sternotrochanter_extensor_MesoLN_dorsal_3,middle leg,left,1,EFF_13,#CF603E,middle leg
5.2574780826799286,2.4300519266803597,720575941595182629,acetylcholine,abdominal_nerve_trunk,ventral_nerve_cord,motor,right,abdomen-egg-laying,TBD,ovulation,NA,uterus,CMU-like,abdomen_motor_neuron,NA,CMU-like,uterus,right,10,EFF_03,#9FB555,uterus
-6.375587856269656,4.023630742140565,720575941595299111,gaba,left_metathoracic_leg_nerve,ventral_nerve_cord,motor,left,middle-hind leg,24B.25B,leg_motor,leg_motor_unknown_leg_movement,hind leg,femur_reductor_dorsomedial_ribbon,leg_motor_neuron,hind_leg_motor_neuron,femur_reductor_dorsomedial_ribbon,hind leg,left,1,EFF_13,#CF603E,hind leg
2.299460018181027,1.01259792239264,720575941595536005,gaba,left_fourth_abdominal_nerve,ventral_nerve_cord,motor,left,abdomen motor 1,TBD,unknown,NA,abdomen,MNad11,abdomen_motor_neuron,NA,MNad11,abdomen,left,5,EFF_07,#B56FCC,abdomen
-4.520807659126102,-4.96720206349298,720575941595712448,gaba,right_prothoracic_accessory_nerve,ventral_nerve_cord,motor,right,front leg,20B.21B.22B,leg_motor,leg_motor_move_coxa_posterior,front leg,sternal_posterior_rotator_miller_32,leg_motor_neuron,front_leg_motor_neuron,sternal_posterior_rotator_miller_32,front leg,right,7,EFF_11,#E92F2F,front leg
7.640675151848019,0.26224303633764734,720575941595761445,peptide,right_second_abdominal_nerve,ventral_nerve_cord,visceral_circulatory,right,energy homeostasis,27X,diuresis_stress_tolerance_pain_threshold,"diuresis_stress_tolerance_pain_threshold_Dh44,Lk",abdomen,MNad21,ventral_nerve_cord_neurosecretory_cell,abdomen_neurosecretory_cell,MNad21,abdomen,right,6,EFF_04,#79B2E0,abdomen
6.84025725176257,0.405426029272828,720575941595769381,peptide,abdominal_nerve_trunk,ventral_nerve_cord,visceral_circulatory,right,abdomen-ovulation,TBD,diuresis_stress_tolerance_pain_threshold,"diuresis_stress_tolerance_pain_threshold_Dh44,Lk",abdomen,MNad13,ventral_nerve_cord_neurosecretory_cell,abdomen_neurosecretory_cell,MNad13,abdomen,right,3,EFF_05,#9C9286,abdomen
-7.468699848151981,0.3091456928928231,720575941595856540,octopamine,left_prothoracic_leg_nerve,ventral_nerve_cord,motor,left,front leg,15B,leg_motor,leg_motor_flex_femur_tibia_joint,front leg,accessory_tibia_flexor_B,leg_motor_neuron,front_leg_motor_neuron,accessory_tibia_flexor_B,front leg,left,8,EFF_14,#41A4D5,front leg
-1.1677657718427767,2.8310195246417855,720575941596050112,gaba,right_posterior_dorsal_mesothoracic_nerve,ventral_nerve_cord,motor,left,flight-energy-power,18X,wing_power,NA,wing power,DLM5,wing_motor_neuron,wing_power_motor_neuron,DLM5,wing power,right,4,EFF_08,#3D9D98,wing power
-5.488524829841434,4.003508214064393,720575941596095877,gaba,left_mesothoracic_leg_nerve,ventral_nerve_cord,motor,left,middle-hind leg,13A,leg_motor,leg_motor_flex_femur_tibia_joint,middle leg,accessory_tibia_flexor_C,leg_motor_neuron,middle_leg_motor_neuron,accessory_tibia_flexor_C,middle leg,left,1,EFF_13,#CF603E,middle leg
7.580837333702267,0.2530585566242074,720575941596267121,peptide,right_fourth_abdominal_nerve,ventral_nerve_cord,visceral_circulatory,right,energy homeostasis,TBD,diuresis_stress_tolerance_pain_threshold,"diuresis_stress_tolerance_pain_threshold_Dh44,Lk",abdomen,MNad18,ventral_nerve_cord_neurosecretory_cell,abdomen_neurosecretory_cell,MNad18,abdomen,right,6,EFF_04,#79B2E0,abdomen
6.102187240623654,-0.8269774874965812,720575941596506919,octopamine,right_dorsal_metathoracic_nerve,ventral_nerve_cord,motor,right,thoracic-abdominal,TBD,unknown,NA,unknown thoracic abdominal,ENXXX226,unknown_thoracic_abdominal_motor_neuron,NA,ENXXX226,unknown thoracic abdominal,right,11,EFF_06,#55B151,NA
-1.6126503104932894,2.491012219496522,720575941597267356,acetylcholine,right_anterior_dorsal_mesothoracic_nerve,ventral_nerve_cord,motor,right,flight-energy-power,16B,wing_tension,NA,wing tension,tpn,wing_motor_neuron,wing_tension_motor_neuron,tpn,wing tension,right,4,EFF_08,#3D9D98,wing tension
-6.288074886298953,-3.431484576157775,720575941597457564,gaba,left_cervical_nerve,central_brain,motor,left,head-eye-antenna,putative_primary,neck_motor,neck_motor_neck_pitch,neck motor neck pitch,CvN4,neck_motor_neuron,neck_pitch_motor_neuron,CvN4,neck motor neck pitch,left,9,EFF_12,#F35438,NA
-0.8707970733411898,2.9899121561725472,720575941597489344,acetylcholine,right_anterior_dorsal_mesothoracic_nerve,ventral_nerve_cord,motor,right,flight-energy-power,16B,wing_power,NA,wing power,DVM1a-c,wing_motor_neuron,wing_power_motor_neuron,DVM1a-c,wing power,right,4,EFF_08,#3D9D98,wing power
0.6971901302568326,1.2392627039630746,720575941597995305,gaba,right_fourth_abdominal_nerve,ventral_nerve_cord,motor,right,abdomen motor 2,TBD,unknown,NA,abdomen,MNad43,abdomen_motor_neuron,NA,MNad43,abdomen,right,13,EFF_09,#FAC240,abdomen
-6.289341365791141,-3.4792970380108024,720575941598584768,acetylcholine,right_cervical_nerve,central_brain,motor,left,head-eye-antenna,putative_primary,neck_motor,NA,neck,CvN9,neck_motor_neuron,NA,CvN9,neck,right,9,EFF_12,#F35438,neck
1.9544547983787666,0.8266457358081674,720575941598642729,octopamine,abdominal_nerve_trunk,ventral_nerve_cord,motor,left,abdomen motor 1,TBD,unknown,NA,abdomen,MNad05,abdomen_motor_neuron,NA,MNad05,abdomen,left,5,EFF_07,#B56FCC,abdomen
5.940451467537106,-0.14154791443749914,720575941598676416,serotonin,NA,ventral_nerve_cord,visceral_circulatory,right,NA,TBD,unknown,NA,abdomen,ENXXX012,ventral_nerve_cord_neurosecretory_cell,abdomen_neurosecretory_cell,ENXXX012,abdomen,right,3,EFF_05,#9C9286,abdomen
8.914918029808224,-2.997911568574157,720575941599758121,acetylcholine,right_maxillary-labial_nerve,central_brain,motor,right,proboscis-antenna,putative_primary,proboscis_motor,proboscis_motor_labellar_spreading,proboscis,MN7,proboscis_motor_neuron,NA,MN7,proboscis,right,12,EFF_01,#7E378C,proboscis
-1.987679635978519,-2.646002169541564,720575941602293177,gaba,right_metathoracic_leg_nerve,ventral_nerve_cord,motor,right,middle-hind leg,15B,leg_motor,leg_motor_flex_femur_tibia_joint,hind leg,accessory_tibia_flexor_A,leg_motor_neuron,hind_leg_motor_neuron,accessory_tibia_flexor_A,hind leg,right,2,EFF_10,#695B52,hind leg
2.481995845340909,1.0460494795520638,720575941602996158,acetylcholine,abdominal_nerve_trunk,ventral_nerve_cord,motor,left,abdomen motor 1,06B,unknown,NA,abdomen,MNad11,abdomen_motor_neuron,NA,MNad11,abdomen,left,5,EFF_07,#B56FCC,abdomen
9.022616470359981,-3.3438347539226676,720575941603103990,histamine,right_pharyngeal_nerve_or_accessory_pharyngeal_nerve,central_brain,motor,right,proboscis-antenna,putative_primary,proboscis_motor,NA,proboscis,MNx04,proboscis_motor_neuron,NA,MNx04,proboscis,right,12,EFF_01,#7E378C,proboscis
9.089334095024288,-3.329429026536193,720575941603110134,octopamine,left_maxillary-labial_nerve,central_brain,motor,left,proboscis-antenna,putative_primary,proboscis_motor,proboscis_motor_proboscis_positioning,proboscis,MN2V,proboscis_motor_neuron,NA,MN2V,proboscis,left,12,EFF_01,#7E378C,proboscis
-1.064297592140018,2.8568893709857797,720575941603635190,gaba,right_anterior_dorsal_mesothoracic_nerve,ventral_nerve_cord,motor,right,flight-energy-power,16B,wing_power,NA,wing power,DVM1a-c,wing_motor_neuron,wing_power_motor_neuron,DVM1a-c,wing power,right,4,EFF_08,#3D9D98,wing power
9.11989077379626,-3.1668046674053336,720575941604209142,acetylcholine,left_pharyngeal_nerve_or_accessory_pharyngeal_nerve,central_brain,motor,left,proboscis-antenna,putative_primary,proboscis_motor,proboscis_motor_proboscis_positioning,proboscis,MN3M,proboscis_motor_neuron,NA,MN3M,proboscis,left,12,EFF_01,#7E378C,proboscis
-1.9354340190656771,-2.2755171021740104,720575941604612086,gaba,right_metathoracic_leg_nerve,ventral_nerve_cord,motor,right,middle-hind leg,19A,leg_motor,leg_motor_extend_coxa_trochanter_joint,hind leg,trochanter_extensor_LinJ,leg_motor_neuron,hind_leg_motor_neuron,trochanter_extensor_LinJ,hind leg,right,2,EFF_10,#695B52,hind leg
1.8578652610413442,1.105967406340394,720575941604983742,gaba,abdominal_nerve_trunk,ventral_nerve_cord,motor,left,abdomen motor 1,19B,unknown,NA,abdomen,MNad02,abdomen_motor_neuron,NA,MNad02,abdomen,left,5,EFF_07,#B56FCC,abdomen
-4.104189311958133,-5.175635453156676,720575941605019582,acetylcholine,right_prothoracic_leg_nerve,ventral_nerve_cord,motor,right,front leg,TBD,leg_motor,leg_motor_extend_femur_tibia_joint,front leg,tibia_extensor_SETi,leg_motor_neuron,front_leg_motor_neuron,tibia_extensor_SETi,front leg,right,7,EFF_11,#E92F2F,front leg
6.565974319481076,1.7155412474353646,720575941605127670,octopamine,abdominal_nerve_trunk,ventral_nerve_cord,visceral_circulatory,left,abdomen-ureter,TBD,unknown,NA,ureter,ab-PDF,ventral_nerve_cord_neurosecretory_cell,ureter_neurosecretory_cell,ab-PDF,ureter,left,3,EFF_05,#9C9286,ureter
-2.008702671027957,-2.410915728501525,720575941606209726,gaba,right_metathoracic_leg_nerve,ventral_nerve_cord,motor,right,middle-hind leg,24B.25B,leg_motor,leg_motor_flex_coxa_trochanter_joint,hind leg,trochanter_flexor_dorsomedial_ribbon,leg_motor_neuron,hind_leg_motor_neuron,trochanter_flexor_dorsomedial_ribbon,hind leg,right,2,EFF_10,#695B52,hind leg
-4.2125538940199005,-5.040969010285583,720575941608273226,gaba,right_prothoracic_leg_nerve,ventral_nerve_cord,motor,right,front leg,24B.25B,leg_motor,leg_motor_unknown_leg_movement,front leg,femur_reductor,leg_motor_neuron,front_leg_motor_neuron,femur_reductor,front leg,right,7,EFF_11,#E92F2F,front leg
7.273880565666379,1.0476371088703011,720575941608330605,octopamine,abdominal_nerve_trunk,ventral_nerve_cord,motor,left,NA,TBD,unknown,NA,abdomen,MNad09,abdomen_motor_neuron,NA,MNad09,abdomen,left,3,EFF_05,#9C9286,abdomen
-6.259979640937625,-3.4468387326519156,720575941608884969,gaba,right_dorsal_prothoracic_nerve,ventral_nerve_cord,visceral_circulatory,right,head-eye-antenna,21X,unknown,NA,prothorax,EN21X001,ventral_nerve_cord_neurosecretory_cell,prothorax_neurosecretory_cell,EN21X001,prothorax,right,9,EFF_12,#F35438,NA
4.877401912712277,1.957581643172059,720575941608946921,gaba,abdominal_nerve_trunk,ventral_nerve_cord,motor,right,abdomen-egg-laying,TBD,unknown,NA,abdomen,MNad11,abdomen_motor_neuron,NA,MNad11,abdomen,right,10,EFF_03,#9FB555,abdomen
-2.5779661292799103,-3.174908991746154,720575941609393766,gaba,right_mesothoracic_leg_nerve,ventral_nerve_cord,motor,right,middle-hind leg,19A,leg_motor,leg_motor_pull_long_tendon,middle leg,long_tendon_muscle_A_dipalpha,leg_motor_neuron,middle_leg_motor_neuron,long_tendon_muscle_A_dipalpha,middle leg,right,2,EFF_10,#695B52,middle leg
8.06430109789294,0.13206828028753748,720575941609395786,peptide,right_corpus_cardiacum_nerve,central_brain,visceral_circulatory,left,energy homeostasis,DILP__prim,food_intake,food_intake_Ms,digestive tract,m_NSC_DMS,pars_intercerebralis_neurosecretory_cell,digestive_tract_neurosecretory_cell,m_NSC_DMS,digestive tract,right,6,EFF_04,#79B2E0,digestive tract
6.871622169517697,1.5329333582599496,720575941609423021,glutamate,abdominal_nerve_trunk,ventral_nerve_cord,motor,left,abdomen-ureter,06A,unknown,NA,abdomen,MNad02,abdomen_motor_neuron,NA,MNad02,abdomen,left,3,EFF_05,#9C9286,abdomen
-6.575516139961063,-3.411919947556701,720575941609437613,gaba,left_cervical_nerve,central_brain,motor,right,head-eye-antenna,putative_primary,neck_motor,neck_motor_neck_pitch,neck motor neck pitch,CvN6,neck_motor_neuron,neck_pitch_motor_neuron,CvN6,neck motor neck pitch,left,9,EFF_12,#F35438,NA
-7.684360897041141,0.1843658724506234,720575941610029642,dopamine,left_prothoracic_leg_nerve,ventral_nerve_cord,motor,left,front leg,15B,leg_motor,leg_motor_flex_femur_tibia_joint,front leg,accessory_tibia_flexor_B,leg_motor_neuron,front_leg_motor_neuron,accessory_tibia_flexor_B,front leg,left,8,EFF_14,#41A4D5,front leg
-1.7102028484113803,-2.8880069217006827,720575941610064102,acetylcholine,right_metathoracic_leg_nerve,ventral_nerve_cord,motor,right,middle-hind leg,19A,leg_motor,leg_motor_extend_tibia_tarsus_joint,hind leg,tarsus_depressor_B,leg_motor_neuron,hind_leg_motor_neuron,tarsus_depressor_B,hind leg,right,2,EFF_10,#695B52,hind leg
-0.06549802968579432,1.2945901194293832,720575941610073958,gaba,right_second_abdominal_nerve,ventral_nerve_cord,motor,right,abdomen motor 2,03B,unknown,NA,abdomen,MNad02,abdomen_motor_neuron,NA,MNad02,abdomen,right,13,EFF_09,#FAC240,abdomen
-1.118900453544437,2.755101803847108,720575941610087498,gaba,left_anterior_dorsal_mesothoracic_nerve,ventral_nerve_cord,motor,left,flight-energy-power,16B,wing_tension,NA,wing tension,tp1,wing_motor_neuron,wing_tension_motor_neuron,tp1,wing tension,left,4,EFF_08,#3D9D98,wing tension
-2.7758616561658966,-2.7326730450908805,720575941610358761,gaba,right_mesothoracic_leg_nerve,ventral_nerve_cord,motor,right,middle-hind leg,TBD,leg_motor,leg_motor_flex_coxa_trochanter_joint,middle leg,accessory_trochanter_flexor,leg_motor_neuron,middle_leg_motor_neuron,accessory_trochanter_flexor,middle leg,right,2,EFF_10,#695B52,middle leg
-6.086428081489383,3.2461386957843636,720575941610567597,gaba,left_metathoracic_leg_nerve,ventral_nerve_cord,motor,left,middle-hind leg,15B,leg_motor,leg_motor_pull_long_tendon,hind leg,long_tendon_muscle_ltm_B,leg_motor_neuron,hind_leg_motor_neuron,long_tendon_muscle_ltm_B,hind leg,left,1,EFF_13,#CF603E,hind leg
-1.8787445182569613,-2.357490833691802,720575941610608604,gaba,right_metathoracic_leg_nerve,ventral_nerve_cord,motor,right,middle-hind leg,24B.25B,leg_motor,leg_motor_flex_coxa_trochanter_joint,hind leg,trochanter_flexor_dorsomedial_ribbon,leg_motor_neuron,hind_leg_motor_neuron,trochanter_flexor_dorsomedial_ribbon,hind leg,right,2,EFF_10,#695B52,hind leg
5.2455502395860565,2.3974770346362924,720575941610949962,gaba,abdominal_nerve_trunk,ventral_nerve_cord,motor,right,abdomen-egg-laying,TBD,ovulation,NA,uterus,CMU-like,abdomen_motor_neuron,NA,CMU-like,uterus,right,10,EFF_03,#9FB555,uterus
-5.756846820808231,4.029795769758973,720575941611054154,glutamate,left_mesothoracic_leg_nerve,ventral_nerve_cord,motor,left,middle-hind leg,15B,leg_motor,leg_motor_flex_femur_tibia_joint,middle leg,accessory_tibia_flexor_A,leg_motor_neuron,middle_leg_motor_neuron,accessory_tibia_flexor_A,middle leg,left,1,EFF_13,#CF603E,middle leg
-6.142433559394656,-3.534464951447692,720575941611096028,octopamine,left_antennal_nerve,central_brain,motor,left,head-eye-antenna,putative_primary,retina_motor,NA,eye,CB0901,eye_motor_neuron,NA,CB0901,eye,left,9,EFF_12,#F35438,eye
5.030435884498776,2.277596358366761,720575941611258076,gaba,abdominal_nerve_trunk,ventral_nerve_cord,motor,left,abdomen-egg-laying,06A,unknown,NA,abdomen,MNad02,abdomen_motor_neuron,NA,MNad02,abdomen,left,10,EFF_03,#9FB555,abdomen
-6.485591327644168,3.5680285731036996,720575941611319017,acetylcholine,left_metathoracic_leg_nerve,ventral_nerve_cord,motor,left,middle-hind leg,08A,leg_motor,leg_motor_flex_coxa_trochanter_joint,hind leg,trochanter_flexor_dorsomedial_ribbon,leg_motor_neuron,hind_leg_motor_neuron,trochanter_flexor_dorsomedial_ribbon,hind leg,left,1,EFF_13,#CF603E,hind leg
-7.524045383430301,0.5360816755969857,720575941611361811,gaba,left_prothoracic_leg_nerve,ventral_nerve_cord,motor,left,front leg,15B,leg_motor,leg_motor_flex_tibia_tarsus_joint,front leg,tarsus_levator_D,leg_motor_neuron,front_leg_motor_neuron,tarsus_levator_D,front leg,left,8,EFF_14,#41A4D5,front leg
-5.709638988471805,3.8063193598468636,720575941611369705,gaba,left_mesothoracic_leg_nerve,ventral_nerve_cord,motor,left,middle-hind leg,15B,leg_motor,leg_motor_flex_femur_tibia_joint,middle leg,accessory_tibia_flexor_A,leg_motor_neuron,middle_leg_motor_neuron,accessory_tibia_flexor_A,middle leg,left,1,EFF_13,#CF603E,middle leg
-5.624071037269412,3.4114919939716195,720575941611652627,gaba,left_mesothoracic_leg_nerve,ventral_nerve_cord,motor,left,middle-hind leg,12B,leg_motor,leg_motor_pull_long_tendon,middle leg,long_tendon_muscle_B_tibia,leg_motor_neuron,middle_leg_motor_neuron,long_tendon_muscle_B_tibia,middle leg,left,1,EFF_13,#CF603E,middle leg
-5.636832153297244,3.788511876173768,720575941611707923,gaba,left_mesothoracic_leg_nerve,ventral_nerve_cord,motor,left,middle-hind leg,15B,leg_motor,leg_motor_extend_tibia_tarsus_joint,middle leg,tarsus_depressor_B,leg_motor_neuron,middle_leg_motor_neuron,tarsus_depressor_B,middle leg,left,1,EFF_13,#CF603E,middle leg
-2.702439701057254,-3.24820267765924,720575941611750419,gaba,right_mesothoracic_leg_nerve,ventral_nerve_cord,motor,right,middle-hind leg,15B,leg_motor,leg_motor_pull_long_tendon,middle leg,long_tendon_muscle_B,leg_motor_neuron,middle_leg_motor_neuron,long_tendon_muscle_B,middle leg,right,2,EFF_10,#695B52,middle leg
5.946956003212155,2.0316518583972787,720575941611754470,gaba,abdominal_nerve_trunk,ventral_nerve_cord,visceral_circulatory,right,abdomen-ureter,00B,unknown,NA,ureter,ab-PDF,ventral_nerve_cord_neurosecretory_cell,ureter_neurosecretory_cell,ab-PDF,ureter,right,10,EFF_03,#9FB555,ureter
7.95516260912341,0.2769538202960824,720575941611801674,octopamine,right_corpus_cardiacum_nerve,central_brain,visceral_circulatory,right,NA,NA,hormone_regulation_stress_tolerance_energy_metabolism_osmotic_balance,"hormone_regulation_stress_tolerance_energy_metabolism_osmotic_balance_ITP,Lk,sNPF,Tk",retrocerebral complex,l_NSC_ITP,pars_lateralis_neurosecretory_cell,retrocerebral_complex_neurosecretory_cell,l_NSC_ITP,retrocerebral complex,right,6,EFF_04,#79B2E0,retrocerebral complex
-6.4669365043409455,3.7581440249164437,720575941611945389,glutamate,left_first_abdominal_nerve,ventral_nerve_cord,motor,left,middle-hind leg,19A,leg_motor,leg_motor_move_coxa_medial,hind leg,sternal_adductor_MetaAN,leg_motor_neuron,hind_leg_motor_neuron,sternal_adductor_MetaAN,hind leg,left,1,EFF_13,#CF603E,hind leg
-6.244220172859012,3.239415768690858,720575941612158026,acetylcholine,left_metathoracic_leg_nerve,ventral_nerve_cord,motor,left,middle-hind leg,16B,leg_motor,leg_motor_flex_femur_tibia_joint,hind leg,accessory_tibia_flexor_B,leg_motor_neuron,hind_leg_motor_neuron,accessory_tibia_flexor_B,hind leg,left,1,EFF_13,#CF603E,hind leg
-6.528271114326297,3.56142342478827,720575941612256476,gaba,left_metathoracic_leg_nerve,ventral_nerve_cord,motor,left,middle-hind leg,19A,leg_motor,leg_motor_flex_femur_tibia_joint,hind leg,accessory_tibia_flexor_A,leg_motor_neuron,hind_leg_motor_neuron,accessory_tibia_flexor_A,hind leg,left,1,EFF_13,#CF603E,hind leg
8.380360687278927,-0.5345391592304374,720575941612364774,octopamine,right_pharyngeal_nerve_or_accessory_pharyngeal_nerve,central_brain,motor,right,NA,putative_primary,crop_motor,crop_motor_crop_entry,crop,CEM,crop_motor_neuron,NA,CEM,crop,right,6,EFF_04,#79B2E0,crop
2.6256278996698272,0.8614853659351205,720575941612641433,acetylcholine,abdominal_nerve_trunk,ventral_nerve_cord,motor,right,abdomen motor 1,TBD,unknown,NA,abdomen,MNad11,abdomen_motor_neuron,NA,MNad11,abdomen,right,5,EFF_07,#B56FCC,abdomen
7.135655487083615,1.2522553244312142,720575941612779740,octopamine,abdominal_nerve_trunk,ventral_nerve_cord,motor,right,abdomen-ureter,13B,unknown,NA,abdomen,MNad07,abdomen_motor_neuron,NA,MNad07,abdomen,right,3,EFF_05,#9C9286,abdomen
-5.822728073097049,4.420717839308534,720575941613374172,gaba,left_mesothoracic_leg_nerve,ventral_nerve_cord,motor,left,middle-hind leg,24B.25B,leg_motor,leg_motor_flex_coxa_trochanter_joint,middle leg,trochanter_flexor_MesoAN,leg_motor_neuron,middle_leg_motor_neuron,trochanter_flexor_MesoAN,middle leg,left,1,EFF_13,#CF603E,middle leg
-0.9195474738844027,2.9676095286090707,720575941614289683,octopamine,left_posterior_dorsal_mesothoracic_nerve,ventral_nerve_cord,motor,left,flight-energy-power,03B,wing_power,NA,wing power,DVM3a-b,wing_motor_neuron,wing_power_motor_neuron,DVM3a-b,wing power,left,4,EFF_08,#3D9D98,wing power
6.831543529533566,1.4883102217395638,720575941615134483,peptide,abdominal_nerve_trunk,ventral_nerve_cord,visceral_circulatory,left,abdomen-ureter,13B,diuresis_stress_tolerance_pain_threshold,"diuresis_stress_tolerance_pain_threshold_Dh44,Lk",abdomen,MNad07,ventral_nerve_cord_neurosecretory_cell,abdomen_neurosecretory_cell,MNad07,abdomen,left,3,EFF_05,#9C9286,abdomen
-6.174703990913211,3.295786980696473,720575941615611923,histamine,abdominal_nerve_trunk,ventral_nerve_cord,visceral_circulatory,left,middle-hind leg,TBD,unknown,NA,abdomen,ENXXX,ventral_nerve_cord_neurosecretory_cell,abdomen_neurosecretory_cell,ENXXX,abdomen,left,1,EFF_13,#CF603E,abdomen
-6.310314571357547,3.337469224043641,720575941618260607,gaba,left_metathoracic_leg_nerve,ventral_nerve_cord,motor,left,middle-hind leg,08A,leg_motor,leg_motor_move_coxa_posterior,hind leg,sternal_posterior_rotator_dorsomedial_ribbon,leg_motor_neuron,hind_leg_motor_neuron,sternal_posterior_rotator_dorsomedial_ribbon,hind leg,left,1,EFF_13,#CF603E,hind leg
4.9381490593187225,-0.31846940129205237,720575941619965567,octopamine,"left_dorsal_metathoracic_nerve, right_dorsal_metathoracic_nerve",ventral_nerve_cord,visceral_circulatory,left,feeding-endocrine,00B,unknown,NA,wing,EN00B007,ventral_nerve_cord_neurosecretory_cell,wing_neurosecretory_cell,EN00B007,wing,right,11,EFF_06,#55B151,wing
-7.387354289985477,0.2179250755985116,720575941621725948,gaba,left_prothoracic_leg_nerve,ventral_nerve_cord,motor,left,front leg,15B,leg_motor,leg_motor_extend_tibia_tarsus_joint,front leg,tarsus_depressor_dipalpha_ventralU,leg_motor_neuron,front_leg_motor_neuron,tarsus_depressor_dipalpha_ventralU,front leg,left,8,EFF_14,#41A4D5,front leg
-6.2673915977247345,3.659394864149842,720575941622252796,gaba,left_first_abdominal_nerve,ventral_nerve_cord,motor,left,middle-hind leg,03A,leg_motor,leg_motor_extend_coxa_trochanter_joint,hind leg,tergotrochanter_extensor_MetaAN,leg_motor_neuron,hind_leg_motor_neuron,tergotrochanter_extensor_MetaAN,hind leg,left,1,EFF_13,#CF603E,hind leg
4.772365177177609,-0.3433194121639396,720575941623015788,acetylcholine,"left_cervical_nerve, right_cervical_nerve",ventral_nerve_cord,visceral_circulatory,left,feeding-endocrine,00B,unknown,NA,neck,EA00B022,ventral_nerve_cord_neurosecretory_cell,neck_neurosecretory_cell,EA00B022,neck,right,11,EFF_06,#55B151,neck
-5.7331227416761505,4.3578420916278695,720575941623130108,gaba,left_mesothoracic_leg_nerve,ventral_nerve_cord,motor,left,middle-hind leg,24B.25B,leg_motor,leg_motor_flex_coxa_trochanter_joint,middle leg,trochanter_flexor_MesoAN,leg_motor_neuron,middle_leg_motor_neuron,trochanter_flexor_MesoAN,middle leg,left,1,EFF_13,#CF603E,middle leg
-4.097036754585086,-5.390871878556457,720575941623147978,acetylcholine,right_prothoracic_leg_nerve,ventral_nerve_cord,motor,right,front leg,TBD,leg_motor,leg_motor_flex_coxa_trochanter_joint,front leg,accessory_trochanter_flexor,leg_motor_neuron,front_leg_motor_neuron,accessory_trochanter_flexor,front leg,right,7,EFF_11,#E92F2F,front leg
2.5211640839807403,0.9906731882770394,720575941623183612,gaba,abdominal_nerve_trunk,ventral_nerve_cord,motor,left,abdomen motor 1,TBD,unknown,NA,abdomen,MNad11,abdomen_motor_neuron,NA,MNad11,abdomen,left,5,EFF_07,#B56FCC,abdomen
-4.137155448890506,-5.239089365891662,720575941623218172,gaba,right_prothoracic_leg_nerve,ventral_nerve_cord,motor,right,front leg,15B,leg_motor,leg_motor_flex_femur_tibia_joint,front leg,tibia_flexor_Fast,leg_motor_neuron,front_leg_motor_neuron,tibia_flexor_Fast,front leg,right,7,EFF_11,#E92F2F,front leg
9.091019714378536,-3.2096587380687858,720575941623285450,acetylcholine,right_pharyngeal_nerve_or_accessory_pharyngeal_nerve,central_brain,motor,right,proboscis-antenna,putative_primary,proboscis_motor,proboscis_motor_proboscis_positioning,proboscis,MN9,proboscis_motor_neuron,NA,MN9,proboscis,right,12,EFF_01,#7E378C,proboscis
-5.554788505531131,3.862341050215516,720575941623403116,acetylcholine,left_mesothoracic_leg_nerve,ventral_nerve_cord,motor,left,middle-hind leg,15B,leg_motor,leg_motor_extend_tibia_tarsus_joint,middle leg,tarsus_depressor_B,leg_motor_neuron,middle_leg_motor_neuron,tarsus_depressor_B,middle leg,left,1,EFF_13,#CF603E,middle leg
9.121070468925655,-3.3558425864498282,720575941623743434,octopamine,left_pharyngeal_nerve_or_accessory_pharyngeal_nerve,central_brain,motor,left,proboscis-antenna,putative_primary,proboscis_motor,NA,proboscis,MNx04,proboscis_motor_neuron,NA,MNx04,proboscis,left,12,EFF_01,#7E378C,proboscis
-2.132574951148807,-2.2718385419170524,720575941623920586,acetylcholine,right_metathoracic_leg_nerve,ventral_nerve_cord,motor,right,middle-hind leg,17A,leg_motor,leg_motor_extend_coxa_trochanter_joint,hind leg,sternotrochanter_extensor_dorsomedial_ribbon,leg_motor_neuron,hind_leg_motor_neuron,sternotrochanter_extensor_dorsomedial_ribbon,hind leg,right,2,EFF_10,#695B52,hind leg
-2.1037000770338166,2.4211872854907845,720575941624155644,gaba,left_anterior_dorsal_mesothoracic_nerve,ventral_nerve_cord,motor,left,flight-steering,16B,wing_steering,wing_steering_phasic_wing_steering,wing steering,b2,wing_motor_neuron,wing_steering_motor_neuron,b2,wing steering,left,4,EFF_08,#3D9D98,wing steering
-6.263701831794559,3.248588208266053,720575941624174844,acetylcholine,left_metathoracic_leg_nerve,ventral_nerve_cord,motor,left,middle-hind leg,16B,leg_motor,leg_motor_extend_tibia_tarsus_joint,hind leg,tarsus_depressor_dipalpha_ventralU,leg_motor_neuron,hind_leg_motor_neuron,tarsus_depressor_dipalpha_ventralU,hind leg,left,1,EFF_13,#CF603E,hind leg
-0.9411760921247592,2.882702950545106,720575941624985226,acetylcholine,right_mesothoracic_accessory_nerve,ventral_nerve_cord,motor,right,flight-energy-power,03B,wing_power,NA,wing power,DVM2a-b,wing_motor_neuron,wing_power_motor_neuron,DVM2a-b,wing power,right,4,EFF_08,#3D9D98,wing power
2.512056375049771,0.9984442034442758,720575941625178506,gaba,abdominal_nerve_trunk,ventral_nerve_cord,motor,right,abdomen motor 1,TBD,unknown,NA,abdomen,MNad14,abdomen_motor_neuron,NA,MNad14,abdomen,right,5,EFF_07,#B56FCC,abdomen
-1.8805126304395785,-2.806510563782897,720575941625549211,gaba,right_metathoracic_leg_nerve,ventral_nerve_cord,motor,right,middle-hind leg,15B,leg_motor,leg_motor_flex_femur_tibia_joint,hind leg,accessory_tibia_flexor_A_out_of_bundle,leg_motor_neuron,hind_leg_motor_neuron,accessory_tibia_flexor_A_out_of_bundle,hind leg,right,2,EFF_10,#695B52,hind leg
-7.76122037122327,-0.14385735600396643,720575941625808330,gaba,left_prothoracic_accessory_nerve,ventral_nerve_cord,motor,left,front leg,20B.21B.22B,leg_motor,leg_motor_move_coxa_posterior,front leg,sternal_posterior_rotator,leg_motor_neuron,front_leg_motor_neuron,sternal_posterior_rotator,front leg,left,8,EFF_14,#41A4D5,front leg
7.829150283836545,-0.05027103035851965,720575941626194331,peptide,left_corpus_cardiacum_nerve,central_brain,visceral_circulatory,right,energy homeostasis,primary,anti_diuresis_stress_tolerance,"anti_diuresis_stress_tolerance_Capa,Ms",retrocerebral complex,SEZ_NSC_CAPA,subesophageal_zone_neurosecretory_cell,retrocerebral_complex_neurosecretory_cell,SEZ_NSC_CAPA,retrocerebral complex,left,6,EFF_04,#79B2E0,retrocerebral complex
8.689911926292599,0.07621241004065027,720575941626362826,dopamine,right_corpus_cardiacum_nerve,central_brain,visceral_circulatory,right,energy homeostasis,NA,unknown,NA,retrocerebral complex,l_NSC_unknown,pars_lateralis_neurosecretory_cell,retrocerebral_complex_neurosecretory_cell,l_NSC_unknown,retrocerebral complex,right,6,EFF_04,#79B2E0,retrocerebral complex
6.646937454246701,-0.10913502781793127,720575941626483001,gaba,left_corpus_cardiacum_nerve,central_brain,visceral_circulatory,left,abdomen-ovulation,putative_primary,cardiostimulation_energy_metabolism_stress_tolerance_hormone_regulation,"cardiostimulation_energy_metabolism_stress_tolerance_hormone_regulation_Crz,sNPF",retrocerebral complex,l_NSC_CRZ,pars_lateralis_neurosecretory_cell,retrocerebral_complex_neurosecretory_cell,l_NSC_CRZ,retrocerebral complex,left,3,EFF_05,#9C9286,retrocerebral complex
-3.693868553138553,-5.117240544251647,720575941626654410,gaba,right_prothoracic_leg_nerve,ventral_nerve_cord,motor,right,front leg,15B,leg_motor,leg_motor_extend_tibia_tarsus_joint,front leg,tarsus_depressor_A,leg_motor_neuron,front_leg_motor_neuron,tarsus_depressor_A,front leg,right,7,EFF_11,#E92F2F,front leg
8.996838176750362,-3.121746774605956,720575941626721900,gaba,left_pharyngeal_nerve_or_accessory_pharyngeal_nerve,central_brain,motor,left,proboscis-antenna,putative_primary,proboscis_motor,proboscis_motor_proboscis_positioning,proboscis,MN3L,proboscis_motor_neuron,NA,MN3L,proboscis,left,12,EFF_01,#7E378C,proboscis
-7.402050411201297,0.29603541285589685,720575941627155238,gaba,left_prothoracic_leg_nerve,ventral_nerve_cord,motor,left,front leg,15B,leg_motor,leg_motor_flex_femur_tibia_joint,front leg,accessory_tibia_flexor_B,leg_motor_neuron,front_leg_motor_neuron,accessory_tibia_flexor_B,front leg,left,8,EFF_14,#41A4D5,front leg
-2.631767665839969,-3.151171918801513,720575941627243372,gaba,right_mesothoracic_leg_nerve,ventral_nerve_cord,motor,right,middle-hind leg,15B,leg_motor,leg_motor_extend_tibia_tarsus_joint,middle leg,tarsus_depressor_dipalpha_ventralU,leg_motor_neuron,middle_leg_motor_neuron,tarsus_depressor_dipalpha_ventralU,middle leg,right,2,EFF_10,#695B52,middle leg
8.961018646263302,-3.065515633515563,720575941627279515,acetylcholine,left_maxillary-labial_nerve,central_brain,motor,left,proboscis-antenna,putative_primary,proboscis_motor,proboscis_motor_labellar_spreading,proboscis,MN7,proboscis_motor_neuron,NA,MN7,proboscis,left,12,EFF_01,#7E378C,proboscis
-1.9729878062971224,-2.5570350846569205,720575941627566474,gaba,right_metathoracic_leg_nerve,ventral_nerve_cord,motor,right,middle-hind leg,15B,leg_motor,leg_motor_flex_femur_tibia_joint,hind leg,tibia_flexor,leg_motor_neuron,hind_leg_motor_neuron,tibia_flexor,hind leg,right,2,EFF_10,#695B52,hind leg
5.803387964271725,2.1102782526691293,720575941628067385,octopamine,abdominal_nerve_trunk,ventral_nerve_cord,visceral_circulatory,right,abdomen-ureter,00B,unknown,NA,abdomen,EN00B010,ventral_nerve_cord_neurosecretory_cell,abdomen_neurosecretory_cell,EN00B010,abdomen,right,10,EFF_03,#9FB555,abdomen
2.481619203590573,1.009569529600892,720575941628601126,gaba,abdominal_nerve_trunk,ventral_nerve_cord,motor,left,abdomen motor 1,TBD,unknown,NA,abdomen,MNad11,abdomen_motor_neuron,NA,MNad11,abdomen,left,5,EFF_07,#B56FCC,abdomen
7.831568325065793,0.2574807444293832,720575941628672825,peptide,abdominal_nerve_trunk,ventral_nerve_cord,visceral_circulatory,left,energy homeostasis,TBD,diuresis_stress_tolerance_pain_threshold,"diuresis_stress_tolerance_pain_threshold_Dh44,Lk",abdomen,MNad18,ventral_nerve_cord_neurosecretory_cell,abdomen_neurosecretory_cell,MNad18,abdomen,left,6,EFF_04,#79B2E0,abdomen
9.061783397697628,-3.2134714087764884,720575941628933433,serotonin,left_maxillary-labial_nerve,central_brain,motor,left,proboscis-antenna,putative_primary,proboscis_motor,proboscis_motor_proboscis_positioning,proboscis,MN4b,proboscis_motor_neuron,NA,MN4b,proboscis,left,12,EFF_01,#7E378C,proboscis
2.0013456737033737,0.7900270262439584,720575941629134050,glutamate,abdominal_nerve_trunk,ventral_nerve_cord,motor,right,abdomen motor 1,06A,unknown,NA,abdomen,MNad05,abdomen_motor_neuron,NA,MNad05,abdomen,right,5,EFF_07,#B56FCC,abdomen
-1.0709640140302767,2.327025298186097,720575941629172716,gaba,right_mesothoracic_accessory_nerve,ventral_nerve_cord,motor,right,flight-energy-power,17A,wing_steering,wing_steering_phasic_wing_steering,wing steering,iii1,wing_motor_neuron,wing_steering_motor_neuron,iii1,wing steering,right,4,EFF_08,#3D9D98,wing steering
-1.7574133033521762,-2.826376434258666,720575941630145989,gaba,right_metathoracic_leg_nerve,ventral_nerve_cord,motor,right,middle-hind leg,13A,leg_motor,leg_motor_flex_femur_tibia_joint,hind leg,accessory_tibia_flexor_B,leg_motor_neuron,hind_leg_motor_neuron,accessory_tibia_flexor_B,hind leg,right,2,EFF_10,#695B52,hind leg
5.96797474672717,0.6653791704852914,720575941630741730,octopamine,abdominal_nerve_trunk,ventral_nerve_cord,motor,right,abdomen-ovulation,TBD,unknown,NA,abdomen,MNad48,abdomen_motor_neuron,NA,MNad48,abdomen,right,3,EFF_05,#9C9286,abdomen
-2.211405193305789,2.435224417753968,720575941630940642,gaba,left_mesothoracic_accessory_nerve,ventral_nerve_cord,motor,left,flight-steering,03B,wing_steering,wing_steering_tonic_wing_steering,wing steering,iv4,wing_motor_neuron,wing_steering_motor_neuron,iv4,wing steering,left,4,EFF_08,#3D9D98,wing steering
-3.9748481864698517,-5.289612408570495,720575941630970604,gaba,right_prothoracic_leg_nerve,ventral_nerve_cord,motor,right,front leg,15B,leg_motor,leg_motor_flex_femur_tibia_joint,front leg,accessory_tibia_flexor_A,leg_motor_neuron,front_leg_motor_neuron,accessory_tibia_flexor_A,front leg,right,7,EFF_11,#E92F2F,front leg
-2.651782428718387,-2.811756964616027,720575941631437292,gaba,right_mesothoracic_leg_nerve,ventral_nerve_cord,motor,right,middle-hind leg,24B.25B,leg_motor,leg_motor_flex_coxa_trochanter_joint,middle leg,trochanter_flexor_MesoLN_ventral_5,leg_motor_neuron,middle_leg_motor_neuron,trochanter_flexor_MesoLN_ventral_5,middle leg,right,2,EFF_10,#695B52,middle leg
-5.643308555579959,3.707497719832215,720575941631437548,gaba,left_mesothoracic_leg_nerve,ventral_nerve_cord,motor,left,middle-hind leg,04B,leg_motor,leg_motor_pull_long_tendon,middle leg,long_tendon_muscle_A_dipalpha,leg_motor_neuron,middle_leg_motor_neuron,long_tendon_muscle_A_dipalpha,middle leg,left,1,EFF_13,#CF603E,middle leg
5.642878377937497,1.914403800078187,720575941631691680,octopamine,abdominal_nerve_trunk,ventral_nerve_cord,visceral_circulatory,right,abdomen-ureter,00B,unknown,NA,abdomen,EN00B026,ventral_nerve_cord_neurosecretory_cell,abdomen_neurosecretory_cell,EN00B026,abdomen,right,10,EFF_03,#9FB555,abdomen
-4.446657096839725,-4.946886893204894,720575941631837856,gaba,right_prothoracic_leg_nerve,ventral_nerve_cord,motor,right,front leg,24B.25B,leg_motor,leg_motor_unknown_leg_movement,front leg,femur_reductor,leg_motor_neuron,front_leg_motor_neuron,femur_reductor,front leg,right,7,EFF_11,#E92F2F,front leg
-6.457030689216434,3.701837662764344,720575941631840453,gaba,left_metathoracic_leg_nerve,ventral_nerve_cord,motor,left,middle-hind leg,08A,leg_motor,leg_motor_flex_coxa_trochanter_joint,hind leg,trochanter_flexor_dorsomedial_ribbon,leg_motor_neuron,hind_leg_motor_neuron,trochanter_flexor_dorsomedial_ribbon,hind leg,left,1,EFF_13,#CF603E,hind leg
-6.105023776984988,3.579274300642762,720575941632094880,acetylcholine,left_metathoracic_leg_nerve,ventral_nerve_cord,motor,left,middle-hind leg,24B.25B,leg_motor,leg_motor_unknown_leg_movement,hind leg,femur_reductor_tiny,leg_motor_neuron,hind_leg_motor_neuron,femur_reductor_tiny,hind leg,left,1,EFF_13,#CF603E,hind leg
1.9842834399424205,1.0058032313068246,720575941632276384,gaba,abdominal_nerve_trunk,ventral_nerve_cord,motor,right,abdomen motor 1,TBD,unknown,NA,abdomen,MNad02,abdomen_motor_neuron,NA,MNad02,abdomen,right,5,EFF_07,#B56FCC,abdomen
-6.579522525764285,3.706121090956483,720575941632311739,acetylcholine,left_metathoracic_leg_nerve,ventral_nerve_cord,motor,left,middle-hind leg,21A,leg_motor,leg_motor_flex_coxa_trochanter_joint,hind leg,accessory_trochanter_flexor,leg_motor_neuron,hind_leg_motor_neuron,accessory_trochanter_flexor,hind leg,left,1,EFF_13,#CF603E,hind leg
7.674973571800412,0.27840793521002283,720575941632513004,peptide,right_fourth_abdominal_nerve,ventral_nerve_cord,visceral_circulatory,right,energy homeostasis,TBD,diuresis_stress_tolerance_pain_threshold,"diuresis_stress_tolerance_pain_threshold_Dh44,Lk",abdomen,MNad18,ventral_nerve_cord_neurosecretory_cell,abdomen_neurosecretory_cell,MNad18,abdomen,right,6,EFF_04,#79B2E0,abdomen
1.9071721268228898,1.2515560427387094,720575941632580037,octopamine,abdominal_nerve_trunk,ventral_nerve_cord,motor,right,abdomen motor 1,TBD,unknown,NA,abdomen,MNad02,abdomen_motor_neuron,NA,MNad02,abdomen,right,5,EFF_07,#B56FCC,abdomen
-1.8270267600782504,-2.672003980569091,720575941633013484,gaba,right_metathoracic_leg_nerve,ventral_nerve_cord,motor,right,middle-hind leg,15B,leg_motor,leg_motor_flex_femur_tibia_joint,hind leg,tibia_flexor_Fast,leg_motor_neuron,hind_leg_motor_neuron,tibia_flexor_Fast,hind leg,right,2,EFF_10,#695B52,hind leg
2.2283321862451446,1.573590878554139,720575941633078944,octopamine,abdominal_nerve_trunk,ventral_nerve_cord,motor,left,abdomen motor 1,TBD,unknown,NA,abdomen,MNad06,abdomen_motor_neuron,NA,MNad06,abdomen,left,5,EFF_07,#B56FCC,abdomen
-2.2345456237562287,-2.1467785200397635,720575941633243067,gaba,right_metathoracic_leg_nerve,ventral_nerve_cord,motor,right,middle-hind leg,20B.21B.22B,leg_motor,leg_motor_move_coxa_posterior,hind leg,sternal_posterior_rotator_dorsomedial_ribbon,leg_motor_neuron,hind_leg_motor_neuron,sternal_posterior_rotator_dorsomedial_ribbon,hind leg,right,2,EFF_10,#695B52,hind leg
-1.2413131351240267,2.183212641783509,720575941633520059,glutamate,right_posterior_dorsal_mesothoracic_nerve,ventral_nerve_cord,ascending_visceral_circulatory,left,flight-energy-power,06B,unknown,NA,wing,EA06B010,ventral_nerve_cord_neurosecretory_cell,wing_neurosecretory_cell,EA06B010,wing,right,4,EFF_08,#3D9D98,wing
1.9718259779147516,1.5233532229144906,720575941633538235,glutamate,abdominal_nerve_trunk,ventral_nerve_cord,motor,right,abdomen motor 1,06A,unknown,NA,abdomen,MNad19,abdomen_motor_neuron,NA,MNad19,abdomen,right,5,EFF_07,#B56FCC,abdomen
-1.8521832580335726,-2.5357366761486198,720575941633843141,gaba,right_metathoracic_leg_nerve,ventral_nerve_cord,motor,right,middle-hind leg,15B,leg_motor,leg_motor_flex_femur_tibia_joint,hind leg,tibia_flexor,leg_motor_neuron,hind_leg_motor_neuron,tibia_flexor,hind leg,right,2,EFF_10,#695B52,hind leg
-0.899716293311893,2.361428383894715,720575941634053829,gaba,right_mesothoracic_accessory_nerve,ventral_nerve_cord,motor,right,flight-energy-power,08A,wing_tension,NA,wing tension,PS2,wing_motor_neuron,wing_tension_motor_neuron,PS2,wing tension,right,4,EFF_08,#3D9D98,wing tension
8.1288076286546591,-0.014157410554137329,720575941634353851,serotonin,left_corpus_cardiacum_nerve,central_brain,visceral_circulatory,right,NA,DILP__prim,food_intake,food_intake_Ms,digestive tract,m_NSC_DMS,pars_intercerebralis_neurosecretory_cell,digestive_tract_neurosecretory_cell,m_NSC_DMS,digestive tract,left,6,EFF_04,#79B2E0,digestive tract
-4.546941196418582,-4.959029551438537,720575941636735861,gaba,right_prothoracic_accessory_nerve,ventral_nerve_cord,motor,right,front leg,20B.21B.22B,leg_motor,leg_motor_move_coxa_posterior,front leg,sternal_posterior_rotator_miller_32,leg_motor_neuron,front_leg_motor_neuron,sternal_posterior_rotator_miller_32,front leg,right,7,EFF_11,#E92F2F,front leg
-5.95474950025159,3.712068203993592,720575941637140597,glutamate,left_mesothoracic_leg_nerve,ventral_nerve_cord,motor,left,middle-hind leg,24B.25B,leg_motor,leg_motor_unknown_leg_movement,middle leg,femur_reductor_tiny,leg_motor_neuron,middle_leg_motor_neuron,femur_reductor_tiny,middle leg,left,1,EFF_13,#CF603E,middle leg
-5.9376796836622345,3.6238852778156136,720575941637141109,acetylcholine,left_mesothoracic_leg_nerve,ventral_nerve_cord,motor,left,middle-hind leg,24B.25B,leg_motor,leg_motor_unknown_leg_movement,middle leg,femur_reductor_tiny,leg_motor_neuron,middle_leg_motor_neuron,femur_reductor_tiny,middle leg,left,1,EFF_13,#CF603E,middle leg
-1.1545487994917025,2.159988764830384,720575941638038559,gaba,right_metathoracic_leg_nerve,ventral_nerve_cord,motor,right,flight-energy-power,06A,haltere_motor,NA,haltere,MNhl87,haltere_motor_neuron,NA,MNhl87,haltere,right,4,EFF_08,#3D9D98,haltere
-2.412397777534305,-3.2263797482769156,720575941638063391,gaba,right_mesothoracic_leg_nerve,ventral_nerve_cord,motor,right,middle-hind leg,20A.22A,leg_motor,leg_motor_pull_long_tendon,middle leg,long_tendon_muscle_B_femur,leg_motor_neuron,middle_leg_motor_neuron,long_tendon_muscle_B_femur,middle leg,right,2,EFF_10,#695B52,middle leg
-7.97147313306409,0.17728150279119959,720575941639281525,gaba,left_prothoracic_leg_nerve,ventral_nerve_cord,motor,left,front leg,TBD,leg_motor,leg_motor_extend_femur_tibia_joint,front leg,tibia_extensor_FETi,leg_motor_neuron,front_leg_motor_neuron,tibia_extensor_FETi,front leg,left,8,EFF_14,#41A4D5,front leg
-7.9769157523878205,0.06548083216742029,720575941639506207,gaba,left_ventral_prothoracic_nerve,ventral_nerve_cord,motor,left,front leg,17X,leg_motor,leg_motor_extend_coxa_trochanter_joint,front leg,tergotrochanter_extensor,leg_motor_neuron,front_leg_motor_neuron,tergotrochanter_extensor,front leg,left,8,EFF_14,#41A4D5,front leg
-1.208962833381473,2.87699902445868,720575941640465439,gaba,left_posterior_dorsal_mesothoracic_nerve,ventral_nerve_cord,motor,left,flight-energy-power,03B,wing_power,NA,wing power,DLM1-4,wing_motor_neuron,wing_power_motor_neuron,DLM1-4,wing power,left,4,EFF_08,#3D9D98,wing power
-3.8261117095716584,-5.036694880418029,720575941640958053,gaba,right_prothoracic_leg_nerve,ventral_nerve_cord,motor,right,front leg,15B,leg_motor,leg_motor_pull_long_tendon,front leg,long_tendon_muscle_B,leg_motor_neuron,front_leg_motor_neuron,long_tendon_muscle_B,front leg,right,7,EFF_11,#E92F2F,front leg
-2.6347874755628693,-2.9586273392955924,720575941641008741,gaba,right_mesothoracic_leg_nerve,ventral_nerve_cord,motor,right,middle-hind leg,15B,leg_motor,leg_motor_flex_femur_tibia_joint,middle leg,tibia_flexor,leg_motor_neuron,middle_leg_motor_neuron,tibia_flexor,middle leg,right,2,EFF_10,#695B52,middle leg
-2.5735367889173615,-3.002827759675231,720575941641621330,gaba,right_mesothoracic_leg_nerve,ventral_nerve_cord,motor,right,middle-hind leg,15B,leg_motor,leg_motor_flex_femur_tibia_joint,middle leg,accessory_tibia_flexor_A,leg_motor_neuron,middle_leg_motor_neuron,accessory_tibia_flexor_A,middle leg,right,2,EFF_10,#695B52,middle leg
-2.677401458717166,-3.1277010402004386,720575941641623327,glutamate,right_mesothoracic_leg_nerve,ventral_nerve_cord,motor,right,middle-hind leg,15B,leg_motor,leg_motor_flex_femur_tibia_joint,middle leg,accessory_tibia_flexor_A,leg_motor_neuron,middle_leg_motor_neuron,accessory_tibia_flexor_A,middle leg,right,2,EFF_10,#695B52,middle leg
-6.031885539985477,-3.522001858643737,720575941642129528,gaba,left_cervical_nerve,central_brain,motor,left,head-eye-antenna,putative_primary,neck_motor,NA,neck,CvN10,neck_motor_neuron,NA,CvN10,neck,left,9,EFF_12,#F35438,neck
-7.895535861945926,0.1735062638004159,720575941642303944,gaba,left_ventral_prothoracic_nerve,ventral_nerve_cord,motor,left,front leg,17X,leg_motor,leg_motor_extend_coxa_trochanter_joint,front leg,tergotrochanter_extensor,leg_motor_neuron,front_leg_motor_neuron,tergotrochanter_extensor,front leg,left,8,EFF_14,#41A4D5,front leg
-1.8413414115675082,-2.4218549689571525,720575941642444449,gaba,right_metathoracic_leg_nerve,ventral_nerve_cord,motor,right,middle-hind leg,15B,leg_motor,leg_motor_flex_femur_tibia_joint,hind leg,accessory_tibia_flexor_B,leg_motor_neuron,hind_leg_motor_neuron,accessory_tibia_flexor_B,hind leg,right,2,EFF_10,#695B52,hind leg
-2.6619748229749787,-2.7768235167781974,720575941642450021,gaba,right_mesothoracic_leg_nerve,ventral_nerve_cord,motor,right,middle-hind leg,TBD,leg_motor,leg_motor_flex_coxa_trochanter_joint,middle leg,accessory_trochanter_flexor,leg_motor_neuron,middle_leg_motor_neuron,accessory_trochanter_flexor,middle leg,right,2,EFF_10,#695B52,middle leg
-1.2608939761884799,2.9314833918292855,720575941643100754,gaba,right_mesothoracic_accessory_nerve,ventral_nerve_cord,motor,right,flight-energy-power,08A,wing_tension,NA,wing tension,PS1,wing_motor_neuron,wing_tension_motor_neuron,PS1,wing tension,right,4,EFF_08,#3D9D98,wing tension
-7.655532276130496,0.40750646979406824,720575941643180901,gaba,left_prothoracic_leg_nerve,ventral_nerve_cord,motor,left,front leg,15B,leg_motor,leg_motor_flex_femur_tibia_joint,front leg,accessory_tibia_flexor_A,leg_motor_neuron,front_leg_motor_neuron,accessory_tibia_flexor_A,front leg,left,8,EFF_14,#41A4D5,front leg
6.6233321075670135,0.6287434139926766,720575941643195553,dopamine,abdominal_nerve_trunk,ventral_nerve_cord,motor,right,abdomen-ovulation,TBD,unknown,NA,abdomen,MNad17,abdomen_motor_neuron,NA,MNad17,abdomen,right,3,EFF_05,#9C9286,abdomen
-6.518335735297977,3.4067846575458383,720575941643248328,gaba,left_metathoracic_leg_nerve,ventral_nerve_cord,motor,left,middle-hind leg,15B,leg_motor,leg_motor_flex_femur_tibia_joint,hind leg,accessory_tibia_flexor_A,leg_motor_neuron,hind_leg_motor_neuron,accessory_tibia_flexor_A,hind leg,left,1,EFF_13,#CF603E,hind leg
5.116185033821286,-0.29695939629479895,720575941643502200,octopamine,"left_fourth_abdominal_nerve, right_fourth_abdominal_nerve",ventral_nerve_cord,visceral_circulatory,right,feeding-endocrine,00B,unknown,NA,abdomen,EN00B026,ventral_nerve_cord_neurosecretory_cell,abdomen_neurosecretory_cell,EN00B026,abdomen,right,11,EFF_06,#55B151,abdomen
-5.510050212837039,3.179944638319764,720575941643797624,glutamate,left_posterior_dorsal_mesothoracic_nerve,ventral_nerve_cord,visceral_circulatory,right,middle-hind leg,18B,unknown,NA,wing,PSI,peripheral_intrinsic_neuron,wing_peripheral_intrinsic_neuron,PSI,wing,left,1,EFF_13,#CF603E,wing
4.846761310600461,-0.2985023221294547,720575941644108961,acetylcholine,"left_metathoracic_leg_nerve, right_metathoracic_leg_nerve",ventral_nerve_cord,visceral_circulatory,left,feeding-endocrine,00B,unknown,NA,hind leg,EN00B008_T3,ventral_nerve_cord_neurosecretory_cell,hind_leg_neurosecretory_cell,EN00B008_T3,hind leg,right,11,EFF_06,#55B151,hind leg
-5.900247966743289,4.406411294050965,720575941644192200,gaba,left_mesothoracic_leg_nerve,ventral_nerve_cord,motor,left,middle-hind leg,19B,leg_motor,leg_motor_flex_coxa_trochanter_joint,middle leg,trochanter_flexor_MesoAN,leg_motor_neuron,middle_leg_motor_neuron,trochanter_flexor_MesoAN,middle leg,left,1,EFF_13,#CF603E,middle leg
-2.698429977393924,-2.703494902543273,720575941644474312,acetylcholine,right_mesothoracic_leg_nerve,ventral_nerve_cord,motor,right,middle-hind leg,24B.25B,leg_motor,leg_motor_move_coxa_medial,middle leg,sternal_adductor_MesoLN_dorsal_5,leg_motor_neuron,middle_leg_motor_neuron,sternal_adductor_MesoLN_dorsal_5,middle leg,right,2,EFF_10,#695B52,middle leg
1.481858903669537,1.2214893141467904,720575941645148616,acetylcholine,left_second_abdominal_nerve,ventral_nerve_cord,motor,left,abdomen motor 1,03B,unknown,NA,abdomen,MNad44,abdomen_motor_neuron,NA,MNad44,abdomen,left,5,EFF_07,#B56FCC,abdomen
8.734710777305782,-0.025630112580504516,720575941645177720,peptide,right_corpus_cardiacum_nerve,central_brain,visceral_circulatory,right,energy homeostasis,putative_primary,diuresis_gut_motility_hormone_regulation,diuresis_gut_motility_hormone_regulation_Dh31,corpus allatum,l_NSC_DH31,pars_lateralis_neurosecretory_cell,corpus_allatum_neurosecretory_cell,l_NSC_DH31,corpus allatum,right,6,EFF_04,#79B2E0,corpus allatum
-6.196863567329227,4.432140950270448,720575941645259128,acetylcholine,left_mesothoracic_leg_nerve,ventral_nerve_cord,motor,left,middle-hind leg,21A,leg_motor,leg_motor_move_coxa_posterior,middle leg,sternal_posterior_rotator_MesoLN_dorsal_5,leg_motor_neuron,middle_leg_motor_neuron,sternal_posterior_rotator_MesoLN_dorsal_5,middle leg,left,1,EFF_13,#CF603E,middle leg
-1.303421651817142,2.9423681536395883,720575941645403000,gaba,left_posterior_dorsal_mesothoracic_nerve,ventral_nerve_cord,motor,left,flight-energy-power,03B,wing_power,NA,wing power,DLM1-4,wing_motor_neuron,wing_power_motor_neuron,DLM1-4,wing power,left,4,EFF_08,#3D9D98,wing power
8.574898326896847,-0.2861316165249015,720575941645978785,gaba,left_corpus_cardiacum_nerve,central_brain,visceral_circulatory,left,NA,putative_primary,cardiostimulation_energy_metabolism_stress_tolerance_hormone_regulation,"cardiostimulation_energy_metabolism_stress_tolerance_hormone_regulation_Crz,sNPF",retrocerebral complex,l_NSC_CRZ,pars_lateralis_neurosecretory_cell,retrocerebral_complex_neurosecretory_cell,l_NSC_CRZ,retrocerebral complex,left,6,EFF_04,#79B2E0,retrocerebral complex
-4.206764137244998,-5.0745755395214225,720575941649909489,acetylcholine,right_prothoracic_leg_nerve,ventral_nerve_cord,motor,right,front leg,13A,leg_motor,leg_motor_unknown_leg_movement,front leg,femur_reductor,leg_motor_neuron,front_leg_motor_neuron,femur_reductor,front leg,right,7,EFF_11,#E92F2F,front leg
-1.9572641010053744,-2.335433300427642,720575941649945329,gaba,right_first_abdominal_nerve,ventral_nerve_cord,motor,right,middle-hind leg,20A.22A,leg_motor,leg_motor_extend_coxa_trochanter_joint,hind leg,tergotrochanter_extensor_MetaAN,leg_motor_neuron,hind_leg_motor_neuron,tergotrochanter_extensor_MetaAN,hind leg,right,2,EFF_10,#695B52,hind leg
6.875117385887326,0.3862341681201791,720575941650150129,gaba,right_fourth_abdominal_nerve,ventral_nerve_cord,visceral_circulatory,right,abdomen-ovulation,00B,diuresis_stress_tolerance_pain_threshold,"diuresis_stress_tolerance_pain_threshold_Dh44,Lk",abdomen,MNad13,ventral_nerve_cord_neurosecretory_cell,abdomen_neurosecretory_cell,MNad13,abdomen,right,3,EFF_05,#9C9286,abdomen
-6.199831401801883,3.6374951639850472,720575941650258709,gaba,left_metathoracic_leg_nerve,ventral_nerve_cord,motor,left,middle-hind leg,TBD,haltere_motor,NA,haltere,MNhl59,haltere_motor_neuron,NA,MNhl59,haltere,left,1,EFF_13,#CF603E,haltere
5.8224099521867645,0.9181257525165414,720575941650859281,octopamine,abdominal_nerve_trunk,ventral_nerve_cord,motor,right,abdomen-ovulation,TBD,unknown,NA,abdomen,720575941650859281,abdomen_motor_neuron,NA,NA,abdomen,right,3,EFF_05,#9C9286,abdomen
-1.888568078971683,-2.5118454655925895,720575941651528177,gaba,right_metathoracic_leg_nerve,ventral_nerve_cord,motor,right,middle-hind leg,15B,leg_motor,leg_motor_flex_femur_tibia_joint,hind leg,accessory_tibia_flexor_B,leg_motor_neuron,hind_leg_motor_neuron,accessory_tibia_flexor_B,hind leg,right,2,EFF_10,#695B52,hind leg
9.044699752830685,-3.2462605199138785,720575941652113685,acetylcholine,right_pharyngeal_nerve_or_accessory_pharyngeal_nerve,central_brain,motor,right,proboscis-antenna,putative_primary,proboscis_motor,proboscis_motor_proboscis_positioning,proboscis,MN3M,proboscis_motor_neuron,NA,MN3M,proboscis,right,12,EFF_01,#7E378C,proboscis
-6.110112583137332,-3.6418346127788688,720575941652157657,octopamine,left_dorsal_prothoracic_nerve,ventral_nerve_cord,visceral_circulatory,left,head-eye-antenna,21X,unknown,NA,prothorax,EN21X001,ventral_nerve_cord_neurosecretory_cell,prothorax_neurosecretory_cell,EN21X001,prothorax,left,9,EFF_12,#F35438,NA
8.402129257225216,-1.7981765231411124,720575941652694769,acetylcholine,left_pharyngeal_nerve,central_brain,motor,left,ingestion-digestion,putative_primary,pharynx_motor,pharynx_motor_pharyngeal_pumping,pharynx,MN11D,pharynx_motor_neuron,NA,MN11D,pharynx,left,14,EFF_02,#EF9334,pharynx
2.057377571367444,0.891929034300599,720575941652739796,octopamine,abdominal_nerve_trunk,ventral_nerve_cord,motor,left,abdomen motor 1,TBD,unknown,NA,abdomen,MNad58,abdomen_motor_neuron,NA,MNad58,abdomen,left,5,EFF_07,#B56FCC,abdomen
5.987250888847531,0.7730072775562142,720575941652774421,peptide,abdominal_nerve_trunk,ventral_nerve_cord,visceral_circulatory,left,abdomen-ureter,TBD,diuresis_stress_tolerance_pain_threshold,"diuresis_stress_tolerance_pain_threshold_Dh44,Lk",abdomen,MNad03,ventral_nerve_cord_neurosecretory_cell,abdomen_neurosecretory_cell,MNad03,abdomen,left,3,EFF_05,#9C9286,abdomen
2.4863798861734283,1.006991986342225,720575941652910804,octopamine,abdominal_nerve_trunk,ventral_nerve_cord,motor,left,abdomen motor 1,TBD,unknown,NA,abdomen,MNad11,abdomen_motor_neuron,NA,MNad11,abdomen,left,5,EFF_07,#B56FCC,abdomen
7.055961215995969,1.3359798231799935,720575941652917972,acetylcholine,abdominal_nerve_trunk,ventral_nerve_cord,motor,left,abdomen-ureter,TBD,unknown,NA,abdomen,MNad09,abdomen_motor_neuron,NA,MNad09,abdomen,left,3,EFF_05,#9C9286,abdomen
0.12556752016466954,1.39961922556952,720575941653451993,gaba,left_second_abdominal_nerve,ventral_nerve_cord,motor,right,abdomen motor 2,TBD,unknown,NA,abdomen,MNad51,abdomen_motor_neuron,NA,MNad51,abdomen,left,13,EFF_09,#FAC240,abdomen
-0.5403377170332064,1.3365846911151742,720575941653452249,gaba,right_second_abdominal_nerve,ventral_nerve_cord,motor,right,abdomen motor 2,TBD,unknown,NA,abdomen,MNad42,abdomen_motor_neuron,NA,MNad42,abdomen,right,13,EFF_09,#FAC240,abdomen
8.2300673370592,-0.13301312535211096,720575941654072537,peptide,left_corpus_cardiacum_nerve,central_brain,visceral_circulatory,left,energy homeostasis,DILP__prim,diuresis_food_intake_energy_metabolism_post_mating_responses,diuresis_food_intake_energy_metabolism_post_mating_responses_Dh44,digestive tract,m_NSC_DH44,pars_intercerebralis_neurosecretory_cell,digestive_tract_neurosecretory_cell,m_NSC_DH44,digestive tract,left,6,EFF_04,#79B2E0,digestive tract
4.972899759315671,2.3750041762073373,720575941654220561,gaba,abdominal_nerve_trunk,ventral_nerve_cord,motor,left,abdomen-egg-laying,06A,unknown,NA,abdomen,MNad53,abdomen_motor_neuron,NA,MNad53,abdomen,left,10,EFF_03,#9FB555,abdomen
6.453244770073117,1.7696505823810433,720575941654223377,gaba,abdominal_nerve_trunk,ventral_nerve_cord,visceral_circulatory,right,abdomen-ureter,TBD,unknown,NA,ureter,ab-PDF,ventral_nerve_cord_neurosecretory_cell,ureter_neurosecretory_cell,ab-PDF,ureter,right,3,EFF_05,#9C9286,ureter
-2.107152378059207,2.483306054182801,720575941655597785,gaba,right_anterior_dorsal_mesothoracic_nerve,ventral_nerve_cord,motor,right,flight-steering,16B,wing_steering,wing_steering_phasic_wing_steering,wing steering,b2,wing_motor_neuron,wing_steering_motor_neuron,b2,wing steering,right,4,EFF_08,#3D9D98,wing steering
8.71931704332751,0.004317287512574097,720575941655645652,peptide,right_corpus_cardiacum_nerve,central_brain,visceral_circulatory,right,energy homeostasis,putative_primary,diuresis_gut_motility_hormone_regulation,diuresis_gut_motility_hormone_regulation_Dh31,corpus allatum,l_NSC_DH31,pars_lateralis_neurosecretory_cell,corpus_allatum_neurosecretory_cell,l_NSC_DH31,corpus allatum,right,6,EFF_04,#79B2E0,corpus allatum
-2.080320274329959,-2.809316869668212,720575941655736344,gaba,right_metathoracic_leg_nerve,ventral_nerve_cord,motor,right,middle-hind leg,21A,leg_motor,leg_motor_pull_long_tendon,hind leg,long_tendon_muscle_B_femur,leg_motor_neuron,hind_leg_motor_neuron,long_tendon_muscle_B_femur,hind leg,right,2,EFF_10,#695B52,hind leg
9.0317932014696,-3.270153518609252,720575941656201177,gaba,left_maxillary-labial_nerve,central_brain,motor,left,proboscis-antenna,putative_primary,proboscis_motor,proboscis_motor_proboscis_positioning,proboscis,MN4a,proboscis_motor_neuron,NA,MN4a,proboscis,left,12,EFF_01,#7E378C,proboscis
-4.405041610694705,-5.350238915375915,720575941656372304,gaba,right_ventral_prothoracic_nerve,ventral_nerve_cord,motor,right,front leg,24B.25B,leg_motor,leg_motor_flex_coxa_trochanter_joint,front leg,trochanter_flexor_VProN,leg_motor_neuron,front_leg_motor_neuron,trochanter_flexor_VProN,front leg,right,7,EFF_11,#E92F2F,front leg
1.8600769956938634,0.8382746020038461,720575941656564504,acetylcholine,abdominal_nerve_trunk,ventral_nerve_cord,motor,right,abdomen motor 1,TBD,unknown,NA,abdomen,MNad05,abdomen_motor_neuron,NA,MNad05,abdomen,right,5,EFF_07,#B56FCC,abdomen
-5.798489486671268,4.092694882460389,720575941658392344,gaba,left_mesothoracic_leg_nerve,ventral_nerve_cord,motor,left,middle-hind leg,15B,leg_motor,leg_motor_flex_femur_tibia_joint,middle leg,tibia_flexor,leg_motor_neuron,middle_leg_motor_neuron,tibia_flexor,middle leg,left,1,EFF_13,#CF603E,middle leg
5.518324935936154,2.258936051436219,720575941659397456,octopamine,abdominal_nerve_trunk,ventral_nerve_cord,visceral_circulatory,right,abdomen-egg-laying,00B,unknown,NA,abdomen,EN00B016,ventral_nerve_cord_neurosecretory_cell,abdomen_neurosecretory_cell,EN00B016,abdomen,right,10,EFF_03,#9FB555,abdomen
6.294883335136594,1.0043772497852181,720575941661415804,serotonin,abdominal_nerve_trunk,ventral_nerve_cord,motor,right,abdomen-ovulation,TBD,unknown,NA,abdomen,MNad17,abdomen_motor_neuron,NA,MNad17,abdomen,right,3,EFF_05,#9C9286,abdomen
9.091459835075558,-3.231201167992797,720575941662402360,acetylcholine,left_maxillary-labial_nerve,central_brain,motor,left,proboscis-antenna,putative_primary,proboscis_motor,proboscis_motor_proboscis_positioning,proboscis,MN2Db,proboscis_motor_neuron,NA,MN2Db,proboscis,left,12,EFF_01,#7E378C,proboscis
2.2983583455316436,1.1225923338611459,720575941662638460,acetylcholine,left_fourth_abdominal_nerve,ventral_nerve_cord,motor,right,abdomen motor 1,TBD,unknown,NA,abdomen,MNad46,abdomen_motor_neuron,NA,MNad46,abdomen,left,5,EFF_07,#B56FCC,abdomen
2.048013420902909,0.8453112879474496,720575941663433340,octopamine,abdominal_nerve_trunk,ventral_nerve_cord,motor,right,abdomen motor 1,TBD,unknown,NA,abdomen,MNad16,abdomen_motor_neuron,NA,MNad16,abdomen,right,5,EFF_07,#B56FCC,abdomen
8.041794860862911,0.15760362536505212,720575941663719804,dopamine,left_corpus_cardiacum_nerve,central_brain,visceral_circulatory,left,energy homeostasis,NA,unknown,NA,retrocerebral complex,l_NSC_unknown,pars_lateralis_neurosecretory_cell,retrocerebral_complex_neurosecretory_cell,l_NSC_unknown,retrocerebral complex,left,6,EFF_04,#79B2E0,retrocerebral complex
-1.7592546100385775,-2.6819781026165153,720575941665281011,gaba,right_metathoracic_leg_nerve,ventral_nerve_cord,motor,right,middle-hind leg,TBD,leg_motor,leg_motor_flex_coxa_trochanter_joint,hind leg,accessory_trochanter_flexor_MetaLN,leg_motor_neuron,hind_leg_motor_neuron,accessory_trochanter_flexor_MetaLN,hind leg,right,2,EFF_10,#695B52,hind leg
-1.2431267852552523,2.240311030455384,720575941665539827,acetylcholine,left_metathoracic_leg_nerve,ventral_nerve_cord,motor,left,flight-energy-power,08A,haltere_motor,NA,haltere,MNhl88,haltere_motor_neuron,haltere_power_neuron,MNhl88,haltere,left,4,EFF_08,#3D9D98,haltere
-7.783920680976688,0.24324095637396326,720575941667370739,gaba,left_prothoracic_leg_nerve,ventral_nerve_cord,motor,left,front leg,15B,leg_motor,leg_motor_flex_femur_tibia_joint,front leg,tibia_flexor,leg_motor_neuron,front_leg_motor_neuron,tibia_flexor,front leg,left,8,EFF_14,#41A4D5,front leg
-4.350742732978641,-5.215709563187804,720575941667380979,acetylcholine,right_ventral_prothoracic_nerve,ventral_nerve_cord,motor,right,front leg,21A,leg_motor,leg_motor_extend_coxa_trochanter_joint,front leg,sternotrochanter_extensor,leg_motor_neuron,front_leg_motor_neuron,sternotrochanter_extensor,front leg,right,7,EFF_11,#E92F2F,front leg
5.328332269691647,2.242009762831483,720575941667542515,gaba,abdominal_nerve_trunk,ventral_nerve_cord,motor,left,abdomen-egg-laying,TBD,unknown,NA,abdomen,720575941667542515,abdomen_motor_neuron,NA,NA,abdomen,left,10,EFF_03,#9FB555,abdomen
-5.642259036994754,4.187005166121278,720575941668553639,gaba,left_mesothoracic_leg_nerve,ventral_nerve_cord,motor,left,middle-hind leg,24B.25B,leg_motor,leg_motor_flex_coxa_trochanter_joint,middle leg,accessory_trochanter_flexor,leg_motor_neuron,middle_leg_motor_neuron,accessory_trochanter_flexor,middle leg,left,1,EFF_13,#CF603E,middle leg
-7.69128457257825,-0.19091689198419104,720575941668683687,gaba,left_dorsal_prothoracic_nerve,ventral_nerve_cord,motor,left,front leg,08A,leg_motor,leg_motor_move_coxa_anterior,front leg,tergopleural_promotor_pleural_promotor,leg_motor_neuron,front_leg_motor_neuron,tergopleural_promotor_pleural_promotor,front leg,left,8,EFF_14,#41A4D5,front leg
-1.1140557880170932,2.877745751448426,720575941669019635,octopamine,right_anterior_dorsal_mesothoracic_nerve,ventral_nerve_cord,motor,right,flight-energy-power,16B,wing_tension,NA,wing tension,tp2,wing_motor_neuron,wing_tension_motor_neuron,tp2,wing tension,right,4,EFF_08,#3D9D98,wing tension
8.51678141405505,0.18988395125463953,720575941669036531,peptide,right_corpus_cardiacum_nerve,central_brain,visceral_circulatory,right,energy homeostasis,DILP__prim,energy_metabolism_food_intake,"energy_metabolism_food_intake_dARC1,Ilp2,Ilp3,Ilp5",retrocerebral complex,m_NSC_DILP,pars_intercerebralis_neurosecretory_cell,retrocerebral_complex_neurosecretory_cell,m_NSC_DILP,retrocerebral complex,right,6,EFF_04,#79B2E0,retrocerebral complex
-4.9113482589491,-4.484749670914855,720575941669313447,octopamine,right_antennal_nerve,central_brain,motor,right,antenna,putative_primary,antenna_motor,NA,antenna,CB0873,antenna_motor_neuron,NA,CB0873,antenna,right,7,EFF_11,#E92F2F,antenna
-4.748760139442264,-4.120927449158874,720575941671982759,acetylcholine,right_antennal_nerve,central_brain,motor,right,antenna,putative_primary,antenna_motor,NA,antenna,CB0810,antenna_motor_neuron,NA,CB0810,antenna,right,7,EFF_11,#E92F2F,antenna
-6.4426187629469025,4.02356827647284,720575941679001021,acetylcholine,left_metathoracic_leg_nerve,ventral_nerve_cord,motor,left,middle-hind leg,03B,leg_motor,leg_motor_move_coxa_posterior,hind leg,sternal_posterior_rotator_dorsomedial_ribbon,leg_motor_neuron,hind_leg_motor_neuron,sternal_posterior_rotator_dorsomedial_ribbon,hind leg,left,1,EFF_13,#CF603E,hind leg
2.614604735874356,0.8547858038623666,720575941679645373,octopamine,abdominal_nerve_trunk,ventral_nerve_cord,motor,right,abdomen motor 1,06A,unknown,NA,abdomen,MNad11,abdomen_motor_neuron,NA,MNad11,abdomen,right,5,EFF_07,#B56FCC,abdomen
5.5007618313066375,2.2305156031329965,720575941680133053,acetylcholine,abdominal_nerve_trunk,ventral_nerve_cord,motor,left,abdomen-egg-laying,06A,unknown,NA,abdomen,720575941680133053,abdomen_motor_neuron,NA,NA,abdomen,left,10,EFF_03,#9FB555,abdomen
-5.619584953285037,3.31385147959784,720575941680979133,gaba,left_mesothoracic_leg_nerve,ventral_nerve_cord,motor,left,middle-hind leg,15B,leg_motor,leg_motor_pull_long_tendon,middle leg,long_tendon_muscle_B_femur,leg_motor_neuron,middle_leg_motor_neuron,long_tendon_muscle_B_femur,middle leg,left,1,EFF_13,#CF603E,middle leg
8.766182029747188,-0.07819676011010657,720575941681667773,octopamine,left_corpus_cardiacum_nerve,central_brain,visceral_circulatory,left,energy homeostasis,DILP__prim,unknown,NA,retrocerebral complex,m_NSC_unknown,pars_intercerebralis_neurosecretory_cell,retrocerebral_complex_neurosecretory_cell,m_NSC_unknown,retrocerebral complex,left,6,EFF_04,#79B2E0,retrocerebral complex
-6.1345085258253205,4.334344510145936,720575941684824815,gaba,left_mesothoracic_leg_nerve,ventral_nerve_cord,motor,left,middle-hind leg,20B.21B.22B,leg_motor,leg_motor_move_coxa_posterior,middle leg,sternal_posterior_rotator_MesoLN_dorsal_5,leg_motor_neuron,middle_leg_motor_neuron,sternal_posterior_rotator_MesoLN_dorsal_5,middle leg,left,1,EFF_13,#CF603E,middle leg
1.3298960571519742,1.1086207667072152,720575941685793804,octopamine,abdominal_nerve_trunk,ventral_nerve_cord,motor,right,abdomen motor 1,TBD,unknown,NA,abdomen,MNad01,abdomen_motor_neuron,NA,MNad01,abdomen,right,5,EFF_07,#B56FCC,abdomen
-2.7891415710218537,-2.9786959847728873,720575941685804044,gaba,right_mesothoracic_leg_nerve,ventral_nerve_cord,motor,right,middle-hind leg,15B,leg_motor,leg_motor_flex_femur_tibia_joint,middle leg,tibia_flexor,leg_motor_neuron,middle_leg_motor_neuron,tibia_flexor,middle leg,right,2,EFF_10,#695B52,middle leg
5.852163398765744,0.8441141882617806,720575941686473228,gaba,abdominal_nerve_trunk,ventral_nerve_cord,motor,right,abdomen-ovulation,TBD,unknown,NA,abdomen,720575941686473228,abdomen_motor_neuron,NA,NA,abdomen,right,3,EFF_05,#9C9286,abdomen
6.0662241821519745,0.8670884409625863,720575941686846447,octopamine,abdominal_nerve_trunk,ventral_nerve_cord,motor,right,abdomen-ovulation,00B,unknown,NA,abdomen,MNad17,abdomen_motor_neuron,NA,MNad17,abdomen,right,3,EFF_05,#9C9286,abdomen
8.475236022972286,-1.5524261704008246,720575941687084527,glutamate,right_pharyngeal_nerve_or_accessory_pharyngeal_nerve,central_brain,motor,right,ingestion-digestion,putative_primary,proboscis_motor,proboscis_motor_pharyngeal_pumping,proboscis,MN5,proboscis_motor_neuron,NA,MN5,proboscis,right,14,EFF_02,#EF9334,proboscis
1.1462759022943387,1.079224709578309,720575941687102220,gaba,abdominal_nerve_trunk,ventral_nerve_cord,motor,right,abdomen motor 2,TBD,unknown,NA,abdomen,MNad01,abdomen_motor_neuron,NA,MNad01,abdomen,right,5,EFF_07,#B56FCC,abdomen
2.231885934375943,1.0697211065967416,720575941687545356,acetylcholine,right_second_abdominal_nerve,ventral_nerve_cord,motor,right,abdomen motor 1,TBD,unknown,NA,abdomen,MNad24,abdomen_motor_neuron,NA,MNad24,abdomen,right,5,EFF_07,#B56FCC,abdomen
-5.898669158912479,4.361897591658387,720575941687653238,gaba,left_mesothoracic_leg_nerve,ventral_nerve_cord,motor,left,middle-hind leg,17X,leg_motor,leg_motor_extend_coxa_trochanter_joint,middle leg,trochanter_extensor,leg_motor_neuron,middle_leg_motor_neuron,trochanter_extensor,middle leg,left,1,EFF_13,#CF603E,middle leg
-2.0686377639539826,-2.452994938782897,720575941688270744,gaba,right_first_abdominal_nerve,ventral_nerve_cord,motor,right,middle-hind leg,19A,leg_motor,leg_motor_extend_coxa_trochanter_joint,hind leg,tergotrochanter_extensor_MetaAN,leg_motor_neuron,hind_leg_motor_neuron,tergotrochanter_extensor_MetaAN,hind leg,right,2,EFF_10,#695B52,hind leg
6.188259685539426,0.2641960421283578,720575941688507148,octopamine,abdominal_nerve_trunk,ventral_nerve_cord,visceral_circulatory,left,abdomen-ovulation,TBD,ovulation,NA,reproductive tract,abd_Dsx_OA,ventral_nerve_cord_neurosecretory_cell,reproductive_tract_neurosecretory_cell,abd_Dsx_OA,reproductive tract,left,3,EFF_05,#9C9286,NA
-0.11038247296887538,1.4360250273425912,720575941688509403,gaba,right_second_abdominal_nerve,ventral_nerve_cord,motor,right,abdomen motor 2,03B,unknown,NA,abdomen,MNad32,abdomen_motor_neuron,NA,MNad32,abdomen,right,13,EFF_09,#FAC240,abdomen
8.507226074241817,0.1748579779346322,720575941688529903,peptide,left_corpus_cardiacum_nerve,central_brain,visceral_circulatory,left,energy homeostasis,DILP__prim,energy_metabolism_food_intake,"energy_metabolism_food_intake_dARC1,Ilp2,Ilp3,Ilp5",retrocerebral complex,m_NSC_DILP,pars_intercerebralis_neurosecretory_cell,retrocerebral_complex_neurosecretory_cell,m_NSC_DILP,retrocerebral complex,left,6,EFF_04,#79B2E0,retrocerebral complex
-6.0838493461378205,-3.540169592789855,720575941689371288,octopamine,left_dorsal_prothoracic_nerve,ventral_nerve_cord,visceral_circulatory,left,head-eye-antenna,21X,unknown,NA,prothorax,EN21X001,ventral_nerve_cord_neurosecretory_cell,prothorax_neurosecretory_cell,EN21X001,prothorax,left,9,EFF_12,#F35438,NA
-5.94024172971326,3.2243744173724984,720575941689495515,gaba,left_metathoracic_leg_nerve,ventral_nerve_cord,motor,left,middle-hind leg,15B,leg_motor,leg_motor_pull_long_tendon,hind leg,long_tendon_muscle_ltm_B,leg_motor_neuron,hind_leg_motor_neuron,long_tendon_muscle_ltm_B,hind leg,left,1,EFF_13,#CF603E,hind leg
2.4332353418104065,1.019919756956849,720575941690760923,acetylcholine,right_fourth_abdominal_nerve,ventral_nerve_cord,motor,right,abdomen motor 1,06A,unknown,NA,abdomen,MNad11,abdomen_motor_neuron,NA,MNad11,abdomen,right,5,EFF_07,#B56FCC,abdomen
-4.496538078285037,-4.914394732407775,720575941691007896,acetylcholine,right_prothoracic_accessory_nerve,ventral_nerve_cord,motor,right,front leg,01A,leg_motor,leg_motor_move_coxa_posterior_lateral,front leg,pleural_remotor_and_abductor_miller_29,leg_motor_neuron,front_leg_motor_neuron,pleural_remotor_and_abductor_miller_29,front leg,right,7,EFF_11,#E92F2F,front leg
-5.882060443855106,4.270335797377381,720575941691080155,gaba,left_mesothoracic_leg_nerve,ventral_nerve_cord,motor,left,middle-hind leg,24B.25B,leg_motor,leg_motor_flex_coxa_trochanter_joint,middle leg,trochanter_flexor_MesoLN_ventral_3,leg_motor_neuron,middle_leg_motor_neuron,trochanter_flexor_MesoLN_ventral_3,middle leg,left,1,EFF_13,#CF603E,middle leg
-4.50186864087659,-4.933245774201598,720575941692129243,gaba,right_ventral_prothoracic_nerve,ventral_nerve_cord,motor,right,front leg,TBD,leg_motor,leg_motor_move_coxa_anterior,front leg,sternal_anterior_rotator_miller_31,leg_motor_neuron,front_leg_motor_neuron,sternal_anterior_rotator_miller_31,front leg,right,7,EFF_11,#E92F2F,front leg
-1.1580983752973666,2.855445984907899,720575941692400603,gaba,left_posterior_dorsal_mesothoracic_nerve,ventral_nerve_cord,motor,right,flight-energy-power,18X,wing_power,NA,wing power,DLM5,wing_motor_neuron,wing_power_motor_neuron,DLM5,wing power,left,4,EFF_08,#3D9D98,wing power
6.2853804474107635,1.0287524500568246,720575941701080794,serotonin,abdominal_nerve_trunk,ventral_nerve_cord,motor,right,abdomen-ovulation,TBD,unknown,NA,abdomen,MNad17,abdomen_motor_neuron,NA,MNad17,abdomen,right,3,EFF_05,#9C9286,abdomen
-7.838714038825809,0.12436879069403162,720575941720479034,gaba,left_prothoracic_leg_nerve,ventral_nerve_cord,motor,left,front leg,03A,leg_motor,leg_motor_extend_coxa_trochanter_joint,front leg,trochanter_extensor,leg_motor_neuron,front_leg_motor_neuron,trochanter_extensor,front leg,left,8,EFF_14,#41A4D5,front leg
-7.735272800422488,-0.12561618893548498,720575941720492346,glutamate,left_prothoracic_leg_nerve,ventral_nerve_cord,motor,left,front leg,15B,leg_motor,leg_motor_extend_tibia_tarsus_joint,front leg,tarsus_depressor_B,leg_motor_neuron,front_leg_motor_neuron,tarsus_depressor_B,front leg,left,8,EFF_14,#41A4D5,front leg
2.2620408778421295,1.1357978621204232,720575941720592698,gaba,right_second_abdominal_nerve,ventral_nerve_cord,motor,right,abdomen motor 1,TBD,unknown,NA,abdomen,MNad30,abdomen_motor_neuron,NA,MNad30,abdomen,right,5,EFF_07,#B56FCC,abdomen
-3.8826374168165314,-5.028421755723205,720575941722047290,gaba,right_prothoracic_leg_nerve,ventral_nerve_cord,motor,right,front leg,15B,leg_motor,leg_motor_extend_tibia_tarsus_joint,front leg,tarsus_depressor_dipalpha_ventralU,leg_motor_neuron,front_leg_motor_neuron,tarsus_depressor_dipalpha_ventralU,front leg,right,7,EFF_11,#E92F2F,front leg
-2.461604511237918,2.2356292048175668,720575941730020395,gaba,right_first_abdominal_nerve,ventral_nerve_cord,motor,right,flight-steering,PSp2,haltere_steering,NA,haltere steering,MNhm43,haltere_motor_neuron,haltere_steering_neuron,MNhm43,haltere steering,right,4,EFF_08,#3D9D98,haltere steering
5.5046468620530975,2.3236118593891,720575941731588395,octopamine,abdominal_nerve_trunk,ventral_nerve_cord,motor,left,abdomen-egg-laying,TBD,uterine_contraction,NA,abdomen,CMU,abdomen_motor_neuron,NA,CMU,abdomen,left,10,EFF_03,#9FB555,abdomen
-6.415294086433231,-3.4664910992900992,720575941731588651,glutamate,left_dorsal_prothoracic_nerve,ventral_nerve_cord,motor,left,head-eye-antenna,16B,neck_motor,NA,neck,DProN7,neck_motor_neuron,NA,DProN7,neck,left,9,EFF_12,#F35438,neck
-1.96862045476514,2.5277479925830697,720575941732789547,gaba,left_anterior_dorsal_mesothoracic_nerve,ventral_nerve_cord,motor,left,flight-steering,16B,wing_steering,wing_steering_phasic_wing_steering,wing steering,iv2,wing_motor_neuron,wing_steering_motor_neuron,iv2,wing steering,left,4,EFF_08,#3D9D98,wing steering
-2.680367862678348,-2.8442330321590568,720575941733197355,gaba,right_mesothoracic_leg_nerve,ventral_nerve_cord,motor,right,middle-hind leg,24B.25B,leg_motor,leg_motor_flex_coxa_trochanter_joint,middle leg,trochanter_flexor_MesoLN_ventral_5,leg_motor_neuron,middle_leg_motor_neuron,trochanter_flexor_MesoLN_ventral_5,middle leg,right,2,EFF_10,#695B52,middle leg
